model,policy,tau,L,H,q_liq,k,group,n_series,fill_rate,csl,stockout_rate_demand_weeks,inventory_weeks,excess_weeks_of_demand,liquidated_share,liq_series_share,fill_rate_lo,fill_rate_hi,inventory_weeks_lo,inventory_weeks_hi
empirical,none,0.5,2,13,0.95,26,all,909,0.8947888716283011,0.91004100410041,0.19010884497516645,1.4477386668549639,0.1535976556983477,0.0,0.0,0.8672917769937287,0.917210307849456,1.2958364834574636,1.6625845100824632
empirical,none,0.5,2,13,0.95,26,smooth,187,0.952431011826544,0.9020418084589208,0.1126327557294578,1.299412130852756,0.04643751296770178,0.0,0.0,0.9321319470990499,0.9691179812476013,1.1329225298491301,1.5165606765078037
empirical,none,0.5,2,13,0.95,26,erratic,285,0.8353439667503306,0.8660287081339713,0.18045112781954886,1.6300974280085285,0.22793835856745745,0.0,0.0,0.7919124854022463,0.8727332217903679,1.37131481927401,1.9856444267843756
empirical,none,0.5,2,13,0.95,26,intermittent,272,0.2956521739130435,0.9690842245989305,0.4613466334164589,2.44901185770751,1.2973913043478262,0.0,0.0,0.17249667265073665,0.5235957761551051,1.3881750688837795,4.946009176450841
empirical,none,0.5,2,13,0.95,26,lumpy,165,0.4450242266120015,0.8977961432506887,0.44752714113389624,2.4539694371971676,1.4751397689153933,0.0,0.0,0.3548995837275769,0.562953054936562,1.660437335102075,4.09928237273418
empirical,quantile,0.5,2,13,0.95,26,all,909,0.8947888716283011,0.91004100410041,0.19010884497516645,1.4477386668549639,0.1535976556983477,0.0,0.0,0.8672917769937287,0.917210307849456,1.2958364834574636,1.6625845100824632
empirical,quantile,0.5,2,13,0.95,26,smooth,187,0.952431011826544,0.9020418084589208,0.1126327557294578,1.299412130852756,0.04643751296770178,0.0,0.0,0.9321319470990499,0.9691179812476013,1.1329225298491301,1.5165606765078037
empirical,quantile,0.5,2,13,0.95,26,erratic,285,0.8353439667503306,0.8660287081339713,0.18045112781954886,1.6300974280085285,0.22793835856745745,0.0,0.0,0.7919124854022463,0.8727332217903679,1.37131481927401,1.9856444267843756
empirical,quantile,0.5,2,13,0.95,26,intermittent,272,0.2956521739130435,0.9690842245989305,0.4613466334164589,2.44901185770751,1.2973913043478262,0.0,0.0,0.17249667265073665,0.5235957761551051,1.3881750688837795,4.946009176450841
empirical,quantile,0.5,2,13,0.95,26,lumpy,165,0.4450242266120015,0.8977961432506887,0.44752714113389624,2.4539694371971676,1.4751397689153933,0.0,0.0,0.3548995837275769,0.562953054936562,1.660437335102075,4.09928237273418
empirical,fixed,0.5,2,13,0.95,26,all,909,0.8944358141505437,0.9092409240924092,0.19179964070590722,1.42780857223556,0.1463935178647084,0.0038306736336675613,0.14411441144114412,0.8669512826000718,0.916848389010137,1.2832374769715615,1.6368887229186244
empirical,fixed,0.5,2,13,0.95,26,smooth,187,0.952431011826544,0.9020418084589208,0.1126327557294578,1.299301473130922,0.04643751296770178,9.682550660488277e-05,0.0213903743315508,0.9321319470990499,0.9691179812476013,1.1327642499215818,1.516474481596493
empirical,fixed,0.5,2,13,0.95,26,erratic,285,0.834885164494103,0.8658692185007975,0.18066595059076263,1.6156856394893802,0.22568213100153836,0.0031036623215394167,0.07017543859649122,0.790944379616879,0.8727332217903679,1.3567402371643948,1.9629896767573123
empirical,fixed,0.5,2,13,0.95,26,intermittent,272,0.2901185770750988,0.9682486631016043,0.47381546134663344,2.1011857707509884,1.212173913043478,0.06640316205533597,0.1323529411764706,0.16620341711031322,0.512882835314977,1.1593366549576447,4.175274448635662
empirical,fixed,0.5,2,13,0.95,26,lumpy,165,0.43906075288855756,0.8950413223140496,0.45958986731001206,1.9783824077525158,1.2422661200149088,0.08497950055907566,0.4303030303030303,0.34885899374710816,0.5525521345860912,1.3267978497995843,3.239053498941818
empirical,dead13,0.5,2,13,0.95,26,all,909,0.8940121451772348,0.9064906490649065,0.19761175103032866,1.4171285835333993,0.13528632961446124,0.0028156333851150966,0.1331133113311331,0.8661194364612921,0.9164891807485893,1.2707726133058592,1.6242545204065546
empirical,dead13,0.5,2,13,0.95,26,smooth,187,0.952431011826544,0.9020418084589208,0.1126327557294578,1.299412130852756,0.04643751296770178,0.0,0.0,0.9321319470990499,0.9691179812476013,1.1329225298491301,1.5165606765078037
empirical,dead13,0.5,2,13,0.95,26,erratic,285,0.8351550481742369,0.8650717703349282,0.18174006444683136,1.6222977896526598,0.22651337273635064,0.001889185760937036,0.028070175438596492,0.7917444754082315,0.8725192597150114,1.36590255994193,1.9738791799711346
empirical,dead13,0.5,2,13,0.95,26,intermittent,272,0.27035573122529644,0.964572192513369,0.5286783042394015,1.6063241106719368,0.7982608695652175,0.07193675889328063,0.1801470588235294,0.1559695740992943,0.46898458810692856,0.8689004460701023,3.2293988311136443
empirical,dead13,0.5,2,13,0.95,26,lumpy,165,0.42676108833395454,0.88732782369146,0.49336550060313633,1.6664181885948566,0.9569139023481178,0.05888930301900857,0.3878787878787879,0.3360768500948767,0.5390618133776044,1.1675352880707819,2.6383647648683715
empirical,dead26,0.5,2,13,0.95,26,all,909,0.894665301511086,0.9094409440944095,0.191376941773222,1.4396713034882078,0.15183060302217202,0.0010238666854963988,0.07700770077007701,0.8671123981173455,0.9170967998719424,1.288618918380747,1.6516570476910775
empirical,dead26,0.5,2,13,0.95,26,smooth,187,0.952431011826544,0.9020418084589208,0.1126327557294578,1.299412130852756,0.04643751296770178,0.0,0.0,0.9321319470990499,0.9691179812476013,1.1329225298491301,1.5165606765078037
empirical,dead26,0.5,2,13,0.95,26,erratic,285,0.8353439667503306,0.8660287081339713,0.18045112781954886,1.6300974280085285,0.22793835856745745,0.0,0.0,0.7919124854022463,0.8727332217903679,1.37131481927401,1.9856444267843756
empirical,dead26,0.5,2,13,0.95,26,intermittent,272,0.2901185770750988,0.9682486631016043,0.47381546134663344,2.2047430830039527,1.2539130434782608,0.0308300395256917,0.09926470588235294,0.16620341711031322,0.512882835314977,1.2012509702309098,4.401905431777034
empirical,dead26,0.5,2,13,0.95,26,lumpy,165,0.4424152068579948,0.8958677685950414,0.4559710494571773,2.2284755870294446,1.4210212448751398,0.0286992172940738,0.2606060606060606,0.35274521954733434,0.5575426258763412,1.5161685661123352,3.6939217410181264
empirical,none,0.8,2,13,0.95,26,all,909,0.9739531845784494,0.9796979697969797,0.04290394166754729,3.760627030080497,0.6746645953961306,0.0,0.0,0.9634880527239701,0.9827881827276974,3.2600257919274784,4.383349417980867
empirical,none,0.8,2,13,0.95,26,smooth,187,0.9895566775019019,0.9807972775887215,0.022079373951928452,2.779168683864721,0.1498111902621205,0.0,0.0,0.9818403157493125,0.9956577992694015,2.4391702998107263,3.3202334398186206
empirical,none,0.8,2,13,0.95,26,erratic,285,0.9699619464011011,0.9746411483253589,0.034156820622986035,5.081315952824332,1.069154994197501,0.0,0.0,0.9530845809949042,0.9829951678211828,4.393822923090248,5.844227727383054
empirical,none,0.8,2,13,0.95,26,intermittent,272,0.4592885375494071,0.9852941176470589,0.2194513715710723,8.241897233201582,5.700869565217391,0.0,0.0,0.30900458423487254,0.786781131887806,4.677636093791798,15.59333301007387
empirical,none,0.8,2,13,0.95,26,lumpy,165,0.8512858740216176,0.977961432506887,0.09650180940892641,9.854640327991055,6.999329109206112,0.0,0.0,0.7527598701467163,0.9234037164242224,6.685748189768517,14.942793671720505
empirical,quantile,0.8,2,13,0.95,26,all,909,0.9739531845784494,0.9796979697969797,0.04290394166754729,3.760627030080497,0.6746645953961306,0.0,0.0,0.9634880527239701,0.9827881827276974,3.2600257919274784,4.383349417980867
empirical,quantile,0.8,2,13,0.95,26,smooth,187,0.9895566775019019,0.9807972775887215,0.022079373951928452,2.779168683864721,0.1498111902621205,0.0,0.0,0.9818403157493125,0.9956577992694015,2.4391702998107263,3.3202334398186206
empirical,quantile,0.8,2,13,0.95,26,erratic,285,0.9699619464011011,0.9746411483253589,0.034156820622986035,5.081315952824332,1.069154994197501,0.0,0.0,0.9530845809949042,0.9829951678211828,4.393822923090248,5.844227727383054
empirical,quantile,0.8,2,13,0.95,26,intermittent,272,0.4592885375494071,0.9852941176470589,0.2194513715710723,8.241897233201582,5.700869565217391,0.0,0.0,0.30900458423487254,0.786781131887806,4.677636093791798,15.59333301007387
empirical,quantile,0.8,2,13,0.95,26,lumpy,165,0.8512858740216176,0.977961432506887,0.09650180940892641,9.854640327991055,6.999329109206112,0.0,0.0,0.7527598701467163,0.9234037164242224,6.685748189768517,14.942793671720505
empirical,fixed,0.8,2,13,0.95,26,all,909,0.9728587063974015,0.9762476247624763,0.050195498256366905,3.54874841124135,0.5338246716565457,0.054176669961869796,0.36853685368536854,0.9622829988423217,0.9815503755217069,3.094748138631594,4.12435555978365
empirical,fixed,0.8,2,13,0.95,26,smooth,187,0.9895566775019019,0.9807972775887215,0.022079373951928452,2.7734836434054913,0.1497503285151117,0.00254512760218549,0.11229946524064172,0.9818403157493125,0.9956577992694015,2.4343498013194407,3.3047744232863443
empirical,fixed,0.8,2,13,0.95,26,erratic,285,0.9691253069926862,0.9735247208931419,0.03566058002148228,4.898361806061588,0.9894745364747793,0.04739157423150622,0.23859649122807017,0.9513415121138623,0.982137370088032,4.2324592551462725,5.604958990910688
empirical,fixed,0.8,2,13,0.95,26,intermittent,272,0.4324110671936759,0.9811163101604278,0.2817955112219451,5.253754940711462,3.784347826086957,0.8031620553359684,0.4632352941176471,0.2857306887396216,0.750595718901454,2.970113089191813,9.903904328039467
empirical,fixed,0.8,2,13,0.95,26,lumpy,165,0.8292955646664182,0.9677685950413223,0.1411338962605549,4.996272828922848,3.0576966082743193,1.1859858367499068,0.7272727272727273,0.7339645256493884,0.9022647679927299,3.7020523795948486,7.066884871710917
empirical,dead13,0.8,2,13,0.95,26,all,909,0.9726910040954667,0.9745474547454746,0.05378843918419106,3.6484341900861463,0.5913412653580004,0.008393941533681684,0.16831683168316833,0.9620695813510352,0.9810676012084003,3.1753884969607555,4.255423437542004
empirical,dead13,0.8,2,13,0.95,26,smooth,187,0.9895566775019019,0.9807972775887215,0.022079373951928452,2.779168683864721,0.1498111902621205,0.0,0.0,0.9818403157493125,0.9956577992694015,2.4391702998107263,3.3202334398186206
empirical,dead13,0.8,2,13,0.95,26,erratic,285,0.9697730278250074,0.9736842105263158,0.03544575725026853,5.066742234097104,1.0658300272582517,0.0043721156181685695,0.028070175438596492,0.952992752216568,0.9827751393031341,4.378702315970605,5.825261203264434
empirical,dead13,0.8,2,13,0.95,26,intermittent,272,0.40553359683794465,0.9767713903743316,0.34663341645885287,4.904347826086957,3.2069565217391305,0.19604743083003953,0.28308823529411764,0.25865657709189854,0.700588071348941,2.683437657042452,9.009301653117367
empirical,dead13,0.8,2,13,0.95,26,lumpy,165,0.825941110696981,0.9652892561983472,0.1519903498190591,6.891912038762579,4.702571748043235,0.20163995527394707,0.4121212121212121,0.7292460177733064,0.8981856347431506,4.763013354087793,10.269412514924564
empirical,dead26,0.8,2,13,0.95,26,all,909,0.9736177799745799,0.9781978197819782,0.04607418366268625,3.722143765004943,0.658333921762463,0.0036364920209010026,0.12981298129812982,0.9630878775096494,0.9824643598338307,3.22895110681384,4.339047653503513
empirical,dead26,0.8,2,13,0.95,26,smooth,187,0.9895566775019019,0.9807972775887215,0.022079373951928452,2.779168683864721,0.1498111902621205,0.0,0.0,0.9818403157493125,0.9956577992694015,2.4391702998107263,3.3202334398186206
empirical,dead26,0.8,2,13,0.95,26,erratic,285,0.9699619464011011,0.9746411483253589,0.034156820622986035,5.081315952824332,1.069154994197501,0.0,0.0,0.9530845809949042,0.9829951678211828,4.393822923090248,5.844227727383054
empirical,dead26,0.8,2,13,0.95,26,intermittent,272,0.4379446640316206,0.9821189839572193,0.26683291770573564,6.767588932806325,4.845217391304347,0.10909090909090909,0.25,0.291146916666339,0.7617797452080411,3.675281889841586,12.622683596925386
empirical,dead26,0.8,2,13,0.95,26,lumpy,165,0.8471859858367499,0.974931129476584,0.1097708082026538,8.92471114424152,6.713156913902348,0.10212448751397689,0.30303030303030304,0.7493464542595166,0.9179176259085853,6.20015188146553,13.408597313172207
empirical,none,0.9,2,13,0.95,26,all,909,0.9877665583957068,0.9916491649164917,0.01764768043960689,5.714350021183448,1.2987642988278494,0.0,0.0,0.9810481875724835,0.9931370612363788,5.101731915876411,6.483825494809671
empirical,none,0.9,2,13,0.95,26,smooth,187,0.9952002213154437,0.9895478852698104,0.012017887087758524,3.966871844525901,0.22165848260598933,0.0,0.0,0.990536330075352,0.9983650000663963,3.5738465871371226,4.534719545179509
empirical,none,0.9,2,13,0.95,26,erratic,285,0.9899873154670337,0.9925039872408293,0.010096670247046188,7.991066850187569,2.26798369902572,0.0,0.0,0.9817128813937478,0.997008720333014,7.098850748070735,9.101396823194364
empirical,none,0.9,2,13,0.95,26,intermittent,272,0.5762845849802372,0.9901403743315508,0.14713216957605985,11.729644268774702,8.54782608695652,0.0,0.0,0.41878246377306083,0.8230932306940373,6.835243353687996,21.795721621352147
empirical,none,0.9,2,13,0.95,26,lumpy,165,0.9508013417815878,0.9950413223140496,0.021712907117008445,18.522922102124486,13.518971300782706,0.0,0.0,0.9015584886128365,0.9820998363463368,12.904343265831368,27.42222678069598
empirical,quantile,0.9,2,13,0.95,26,all,909,0.9877665583957068,0.9916491649164917,0.01764768043960689,5.714350021183448,1.2987642988278494,0.0,0.0,0.9810481875724835,0.9931370612363788,5.101731915876411,6.483825494809671
empirical,quantile,0.9,2,13,0.95,26,smooth,187,0.9952002213154437,0.9895478852698104,0.012017887087758524,3.966871844525901,0.22165848260598933,0.0,0.0,0.990536330075352,0.9983650000663963,3.5738465871371226,4.534719545179509
empirical,quantile,0.9,2,13,0.95,26,erratic,285,0.9899873154670337,0.9925039872408293,0.010096670247046188,7.991066850187569,2.26798369902572,0.0,0.0,0.9817128813937478,0.997008720333014,7.098850748070735,9.101396823194364
empirical,quantile,0.9,2,13,0.95,26,intermittent,272,0.5762845849802372,0.9901403743315508,0.14713216957605985,11.729644268774702,8.54782608695652,0.0,0.0,0.41878246377306083,0.8230932306940373,6.835243353687996,21.795721621352147
empirical,quantile,0.9,2,13,0.95,26,lumpy,165,0.9508013417815878,0.9950413223140496,0.021712907117008445,18.522922102124486,13.518971300782706,0.0,0.0,0.9015584886128365,0.9820998363463368,12.904343265831368,27.42222678069598
empirical,fixed,0.9,2,13,0.95,26,all,909,0.9860012710069199,0.9864486448644865,0.02863785268942196,5.226724685778845,0.9558201525208305,0.12029550910888293,0.4730473047304731,0.9789924287178748,0.9911281451318766,4.703647506444321,5.896343315788018
empirical,fixed,0.9,2,13,0.95,26,smooth,187,0.9952002213154437,0.9895478852698104,0.012017887087758524,3.952984300435715,0.22138460474444982,0.005159416280517325,0.1443850267379679,0.990536330075352,0.9983650000663963,3.563254369906559,4.495013913616567
empirical,fixed,0.9,2,13,0.95,26,erratic,285,0.9878552343939762,0.988676236044657,0.015252416756176154,7.4448222815966325,1.9986613769465362,0.1295441664642539,0.3543859649122807,0.9779221604166244,0.9948159524418442,6.647512287473028,8.37993588531541
empirical,fixed,0.9,2,13,0.95,26,intermittent,272,0.5351778656126482,0.9842914438502673,0.2344139650872818,6.48300395256917,4.853913043478261,1.5264822134387352,0.6470588235294118,0.38219357283536737,0.7741858661330592,3.7867230808078385,12.061301582564743
empirical,fixed,0.9,2,13,0.95,26,lumpy,165,0.9250838613492359,0.9826446280991735,0.07599517490952955,8.323518449496833,4.505777115169586,2.431979127841968,0.7636363636363637,0.8670784497694114,0.9622822587064677,6.035952345891064,11.351476154433286
empirical,dead13,0.9,2,13,0.95,26,all,909,0.9863808077955091,0.9861986198619862,0.029166226355278452,5.5271942522242625,1.1548368874452761,0.012992515181471544,0.1716171617161716,0.9794138397459766,0.9917546851878246,4.9428463625275985,6.268159860131783
empirical,dead13,0.9,2,13,0.95,26,smooth,187,0.9952002213154437,0.9895478852698104,0.012017887087758524,3.966871844525901,0.22165848260598933,0.0,0.0,0.990536330075352,0.9983650000663963,3.5738465871371226,4.534719545179509
empirical,dead13,0.9,2,13,0.95,26,erratic,285,0.98979839689094,0.9915470494417863,0.011385606874328678,7.969179283728714,2.262996248616846,0.006423231587185923,0.028070175438596492,0.9814775397826038,0.9967072943509429,7.069448034816459,9.075027558672803
empirical,dead13,0.9,2,13,0.95,26,intermittent,272,0.5154150197628459,0.9807820855614974,0.286783042394015,6.746245059288537,4.624347826086956,0.25691699604743085,0.29411764705882354,0.37272660121945816,0.7277921354008312,3.7518757901446964,12.406730035088442
empirical,dead13,0.9,2,13,0.95,26,lumpy,165,0.9235929929183749,0.9820936639118457,0.07840772014475271,13.271710771524413,9.360044726052926,0.3387998509131569,0.4121212121212121,0.8582519894539625,0.9627195689943797,9.515594653675997,19.506579061632678
empirical,dead26,0.9,2,13,0.95,26,all,909,0.9873693687332298,0.98999899989999,0.021134946634259747,5.647304406157323,1.2661806242056208,0.005869580567716424,0.14301430143014301,0.9805795205714792,0.9927134740347578,5.050770621737689,6.399378316157796
empirical,dead26,0.9,2,13,0.95,26,smooth,187,0.9952002213154437,0.9895478852698104,0.012017887087758524,3.966871844525901,0.22165848260598933,0.0,0.0,0.990536330075352,0.9983650000663963,3.5738465871371226,4.534719545179509
empirical,dead26,0.9,2,13,0.95,26,erratic,285,0.9899873154670337,0.9925039872408293,0.010096670247046188,7.991066850187569,2.26798369902572,0.0,0.0,0.9817128813937478,0.997008720333014,7.098850748070735,9.101396823194364
empirical,dead26,0.9,2,13,0.95,26,intermittent,272,0.549407114624506,0.9864639037433155,0.20199501246882792,9.235573122529644,6.8591304347826085,0.15019762845849802,0.29411764705882354,0.394498699452703,0.7884379382889201,5.175609678440972,17.338762386425607
empirical,dead26,0.9,2,13,0.95,26,lumpy,165,0.9467014535967201,0.9920110192837466,0.03498190591073583,16.86768542676109,12.939247111442416,0.17704062616474095,0.30303030303030304,0.8980061876529268,0.9790708658420553,12.065154784811027,24.831112064733965
empirical,none,0.95,2,13,0.95,26,all,909,0.9925151814715436,0.9954495449544954,0.009616400718588186,8.256743397825165,2.354432636633244,0.0,0.0,0.9877859328150844,0.9961771643703881,7.492467884361818,9.27268214161795
empirical,none,0.95,2,13,0.95,26,smooth,187,0.997122899232312,0.9944093339815265,0.006428172163219676,5.527118057956982,0.35801922677916864,0.0,0.0,0.9940072924667473,0.999220685995023,5.099414403441744,6.121375849178215
empirical,none,0.95,2,13,0.95,26,erratic,285,0.9963565703181929,0.9974481658692185,0.0034371643394199786,11.692872372007667,4.372925269208971,0.0,0.0,0.9909310507461386,0.9994906961403104,10.428318852172016,13.134470550838099
empirical,none,0.95,2,13,0.95,26,intermittent,272,0.6505928853754941,0.9924799465240641,0.11221945137157108,15.856916996047431,12.116521739130436,0.0,0.0,0.4994502837961578,0.8422644794721408,9.375066011369949,28.953610424527398
empirical,none,0.95,2,13,0.95,26,lumpy,165,0.9765188222139396,0.9980716253443526,0.008443908323281062,30.770778978755125,23.670294446515097,0.0,0.0,0.9285358785548379,1.0,21.14990221770439,44.53530994555503
empirical,quantile,0.95,2,13,0.95,26,all,909,0.9925151814715436,0.9954495449544954,0.009616400718588186,8.256072588617426,2.354354963988137,7.061149555147578e-05,0.0088008800880088,0.9877859328150844,0.9961771643703881,7.4920206336771145,9.270972021998674
empirical,quantile,0.95,2,13,0.95,26,smooth,187,0.997122899232312,0.9944093339815265,0.006428172163219676,5.527118057956982,0.35801922677916864,0.0,0.0,0.9940072924667473,0.999220685995023,5.099414403441744,6.121375849178215
empirical,quantile,0.95,2,13,0.95,26,erratic,285,0.9963565703181929,0.9974481658692185,0.0034371643394199786,11.692872372007667,4.372925269208971,0.0,0.0,0.9909310507461386,0.9994906961403104,10.428318852172016,13.134470550838099
empirical,quantile,0.95,2,13,0.95,26,intermittent,272,0.6505928853754941,0.9924799465240641,0.11221945137157108,15.798418972332016,12.109565217391305,0.005533596837944664,0.025735294117647058,0.4994502837961578,0.8422644794721408,9.347697844704218,28.854979350010762
empirical,quantile,0.95,2,13,0.95,26,lumpy,165,0.9765188222139396,0.9980716253443526,0.008443908323281062,30.770033544539693,23.670294446515097,0.0003727171077152441,0.006060606060606061,0.9285358785548379,1.0,21.14943312941957,44.53416422992062
empirical,fixed,0.95,2,13,0.95,26,all,909,0.9898142917666997,0.987948794879488,0.025467610694282997,7.289198206468012,1.6260962434684367,0.2344301652308996,0.5720572057205721,0.9847581170875481,0.9937491042628579,6.681531156708325,8.108417144027767
empirical,fixed,0.95,2,13,0.95,26,smooth,187,0.9971090670170828,0.9941662615459407,0.006707657909446618,5.504834359222629,0.3572888858150633,0.007607718376097932,0.1657754010695187,0.9939907829742973,0.999220040537911,5.077573183420791,6.0837055221278
empirical,fixed,0.95,2,13,0.95,26,erratic,285,0.9920114430680377,0.9885167464114832,0.015467239527389903,10.39524464955604,3.5894799341483825,0.2845923407011578,0.47017543859649125,0.9861347497269483,0.9958710852647714,9.21450985691637,11.573339547186265
empirical,fixed,0.95,2,13,0.95,26,intermittent,272,0.6055335968379446,0.9862967914438503,0.20448877805486285,7.64901185770751,5.873043478260869,2.424505928853755,0.8014705882352942,0.44753682005585405,0.7811244501466277,4.434978921561017,13.623566501962028
empirical,fixed,0.95,2,13,0.95,26,lumpy,165,0.9440924338427134,0.9826446280991735,0.07599517490952955,12.30488259411107,6.697577338799851,4.6209467014535965,0.8303030303030303,0.8794120165642333,0.9795074612740227,9.046685486325748,16.86176498599456
empirical,dead13,0.95,2,13,0.95,26,all,909,0.9910323400649625,0.98994899489949,0.02124062136743105,7.95457032904957,2.1146571811890977,0.020115449795226663,0.17271727172717272,0.9862597246668389,0.9949660753002469,7.219166827299605,8.925048904812785
empirical,dead13,0.95,2,13,0.95,26,smooth,187,0.997122899232312,0.9944093339815265,0.006428172163219676,5.527118057956982,0.35801922677916864,0.0,0.0,0.9940072924667473,0.999220685995023,5.099414403441744,6.121375849178215
empirical,dead13,0.95,2,13,0.95,26,erratic,285,0.9961676517420992,0.9964912280701754,0.00472610096670247,11.658543167894637,4.367344074703803,0.010363533317140312,0.028070175438596492,0.9907868835929127,0.9991923727586585,10.388352282567599,13.106902664535495
empirical,dead13,0.95,2,13,0.95,26,intermittent,272,0.5849802371541502,0.9829545454545454,0.2543640897755611,8.804743083003952,6.2730434782608695,0.3241106719367589,0.2977941176470588,0.42830918635452725,0.7472888555722139,4.99492259185756,16.13384604303222
empirical,dead13,0.95,2,13,0.95,26,lumpy,165,0.9474468878121506,0.9851239669421488,0.06513872135102533,21.809914275065225,16.37741334327246,0.5534849049571375,0.4121212121212121,0.8741592432950192,0.982385403122192,15.87325954572537,30.926999619438618
empirical,dead26,0.95,2,13,0.95,26,all,909,0.9920650331874029,0.9937493749374937,0.013209341646412343,8.142838229063692,2.2934596102245446,0.009417808219178082,0.1496149614961496,0.9872541576090057,0.9958233369897976,7.3841759639091675,9.127380228321503
empirical,dead26,0.95,2,13,0.95,26,smooth,187,0.997122899232312,0.9944093339815265,0.006428172163219676,5.527118057956982,0.35801922677916864,0.0,0.0,0.9940072924667473,0.999220685995023,5.099414403441744,6.121375849178215
empirical,dead26,0.95,2,13,0.95,26,erratic,285,0.9963565703181929,0.9974481658692185,0.0034371643394199786,11.692872372007667,4.372925269208971,0.0,0.0,0.9909310507461386,0.9994906961403104,10.428318852172016,13.134470550838099
empirical,dead26,0.95,2,13,0.95,26,intermittent,272,0.6189723320158103,0.9886363636363636,0.16957605985037408,12.039525691699604,9.314782608695653,0.2,0.3161764705882353,0.4596426457636194,0.7940743338008416,6.891817422324998,22.212446158278713
empirical,dead26,0.95,2,13,0.95,26,lumpy,165,0.972418934029072,0.9950413223140496,0.021712907117008445,27.760715616846813,22.416548639582558,0.3033917256802087,0.30303030303030304,0.923079026673506,0.9962789882440072,19.72348733203775,40.768717520435565
empirical,none,0.99,2,13,0.95,26,all,909,0.9951631125547239,0.9970997099709971,0.006129134523935327,11.629563267900014,3.9401391046462364,0.0,0.0,0.9913151239359881,0.9978038139692582,10.564998024642609,13.10488437632929
empirical,none,0.99,2,13,0.95,26,smooth,187,0.9986721073379902,0.997569275644142,0.002794857462269424,7.654568089079466,0.6571547133273394,0.0,0.0,0.9969885518029552,0.9999245762483323,7.007923159039053,8.365527769309697
empirical,none,0.99,2,13,0.95,26,erratic,285,0.9989744420154913,0.9992025518341308,0.0010741138560687433,16.70995600896014,7.661911316222708,0.0,0.0,0.9969560302389564,1.0,14.592476689173981,19.049190346237143
empirical,none,0.99,2,13,0.95,26,intermittent,272,0.7138339920948616,0.9936497326203209,0.09476309226932668,21.649802371541504,16.932173913043478,0.0,0.0,0.549848602211112,0.8652947719688543,13.144420625321736,38.95985361335454
empirical,none,0.99,2,13,0.95,26,lumpy,165,0.9806187103988073,0.9986225895316805,0.006031363088057901,43.85203130823705,34.8777487886694,0.0,0.0,0.94013729533099,1.0,29.8327113730794,63.76546845037811
empirical,quantile,0.99,2,13,0.95,26,all,909,0.9941127665583958,0.9965996599659966,0.007185881855648314,11.450536647366192,3.7732594266346564,0.048236477898601894,0.10891089108910891,0.9898809431357738,0.9972592909084583,10.416627072211412,12.82952573061114
empirical,quantile,0.99,2,13,0.95,26,smooth,187,0.9986721073379902,0.997569275644142,0.002794857462269424,7.654568089079466,0.6571547133273394,0.0,0.0,0.9969885518029552,0.9999245762483323,7.007923159039053,8.365527769309697
empirical,quantile,0.99,2,13,0.95,26,erratic,285,0.9966534423663401,0.9980861244019139,0.0025778732545649837,16.282892073516315,7.22592502631366,0.11043640191077646,0.014035087719298246,0.9910954096494039,1.0,14.345251203106619,18.506196649481847
empirical,quantile,0.99,2,13,0.95,26,intermittent,272,0.6877470355731226,0.9931483957219251,0.10224438902743142,20.357312252964427,15.808695652173913,0.43952569169960476,0.23161764705882354,0.5341088112175627,0.8594550342130989,12.381721251203187,36.4715424606111
empirical,quantile,0.99,2,13,0.95,26,lumpy,165,0.9806187103988073,0.9986225895316805,0.006031363088057901,42.7994781960492,34.381662318300414,0.30450987700335447,0.19393939393939394,0.94013729533099,1.0,29.38114604309688,62.23007543688268
empirical,fixed,0.99,2,13,0.95,26,all,909,0.9908116791413643,0.9864486448644865,0.02863785268942196,9.792181542155063,2.536011862731253,0.46854257873181754,0.6688668866886689,0.9858769178713519,0.9939618905250017,8.998983658377842,10.649676913351916
empirical,fixed,0.99,2,13,0.95,26,smooth,187,0.998658275122761,0.9973262032085561,0.0030743432084963667,7.61419185282523,0.6545072273324574,0.01218618161698596,0.18716577540106952,0.9969769069614682,0.9999171747989865,6.973103532659167,8.328284591939068
empirical,fixed,0.99,2,13,0.95,26,erratic,285,0.9907969665074353,0.9842105263157894,0.021267454350161117,13.65678892397377,5.614562923380024,0.6947345694005883,0.6105263157894737,0.9854818071586028,0.9948175115270752,12.208499241922944,15.230632613347348
empirical,fixed,0.99,2,13,0.95,26,intermittent,272,0.6569169960474308,0.986129679144385,0.20698254364089774,8.768379446640315,6.690434782608696,3.9944664031620554,0.9338235294117647,0.4978697917782888,0.7979556989247313,5.325409295576906,15.308040983232752
empirical,fixed,0.99,2,13,0.95,26,lumpy,165,0.9370108087961238,0.9785123966942149,0.09408926417370325,15.590756615728662,8.759821095788297,7.979127841967946,0.8787878787878788,0.8732956265927148,0.9734131883971625,11.674777336529418,21.138458301269726
empirical,dead13,0.99,2,13,0.95,26,all,909,0.9935831803417596,0.9916491649164917,0.01764768043960689,11.206035517582263,3.594301652308996,0.027591441886739163,0.17271727172717272,0.9895166476942678,0.9963903965556534,10.185209485527972,12.528341536015695
empirical,dead13,0.99,2,13,0.95,26,smooth,187,0.9986721073379902,0.997569275644142,0.002794857462269424,7.654568089079466,0.6571547133273394,0.0,0.0,0.9969885518029552,0.9999245762483323,7.007923159039053,8.365527769309697
empirical,dead13,0.99,2,13,0.95,26,erratic,285,0.9987855234393976,0.9982456140350877,0.002363050483351235,16.664588562329637,7.65526138234421,0.013791056054840364,0.028070175438596492,0.9968120208646242,0.9998817506393326,14.539833753556378,18.975914155837863
empirical,dead13,0.99,2,13,0.95,26,intermittent,272,0.6434782608695652,0.9842914438502673,0.2344139650872818,11.642687747035573,8.306086956521739,0.4150197628458498,0.2977941176470588,0.4867485673958513,0.7886583114687795,6.799630947494905,20.83020193861067
empirical,dead13,0.99,2,13,0.95,26,lumpy,165,0.9496831904584421,0.9856749311294766,0.06272617611580217,31.31233693626537,24.432873648900486,0.7789787551248603,0.4121212121212121,0.8767389504652435,0.9835295644176926,22.68858118029596,43.54967426002926
empirical,dead26,0.99,2,13,0.95,26,all,909,0.9946600056489197,0.9954495449544954,0.009616400718588186,11.462258155627735,3.844640587487643,0.013266134726733513,0.15071507150715072,0.9907316147463234,0.9973781190652755,10.427733355791242,12.854012096834118
empirical,dead26,0.99,2,13,0.95,26,smooth,187,0.9986721073379902,0.997569275644142,0.002794857462269424,7.654568089079466,0.6571547133273394,0.0,0.0,0.9969885518029552,0.9999245762483323,7.007923159039053,8.365527769309697
empirical,dead26,0.99,2,13,0.95,26,erratic,285,0.9989744420154913,0.9992025518341308,0.0010741138560687433,16.70995600896014,7.661911316222708,0.0,0.0,0.9969560302389564,1.0,14.592476689173981,19.049190346237143
empirical,dead26,0.99,2,13,0.95,26,intermittent,272,0.6774703557312253,0.9899732620320856,0.14962593516209477,15.781818181818183,12.309565217391304,0.258498023715415,0.31985294117647056,0.5143388336312594,0.8307190968784199,9.2497644615527,28.717838173843198
empirical,dead26,0.99,2,13,0.95,26,lumpy,165,0.9765188222139396,0.9955922865013774,0.019300361881785282,39.553857622064854,33.02459932910921,0.4383153186731271,0.30303030303030304,0.9348140869453706,0.9971655141531596,27.745396470334384,57.53442733774812
tsb,none,0.5,2,13,0.95,26,all,909,0.8745498517158593,0.8850885088508851,0.2428405368276445,0.7607329473238243,0.04112766558395707,0.0,0.0,0.8560726413312707,0.8897708899045591,0.6680014944572662,0.8915493900329935
tsb,none,0.5,2,13,0.95,26,smooth,187,0.8983055536344146,0.7902284880894507,0.2411961989938513,0.5516287433432464,0.014028632685524586,0.0,0.0,0.8785641712600307,0.9123834482973725,0.4766263682069426,0.6662708210757791
tsb,none,0.5,2,13,0.95,26,erratic,285,0.847245837044234,0.828548644338118,0.23093447905477982,1.0124416376541712,0.03414028553693358,0.0,0.0,0.821955355358475,0.8686675894097248,0.87529779254868,1.177213035166884
tsb,none,0.5,2,13,0.95,26,intermittent,272,0.5035573122529644,0.973596256684492,0.3940149625935162,1.7841897233201582,0.5565217391304348,0.0,0.0,0.36703117482264547,0.6373928308684826,1.1275947540963471,3.0938650519978683
tsb,none,0.5,2,13,0.95,26,lumpy,165,0.7864330972791651,0.9443526170798898,0.2436670687575392,2.4364517331345508,0.6248229593738353,0.0,0.0,0.7144123479196074,0.8315941783417641,1.608178161566157,3.602116365498984
tsb,quantile,0.5,2,13,0.95,26,all,909,0.8743468436661489,0.8843384338433844,0.244425657825214,0.7531686908628725,0.040545120745657394,0.0011827425504872193,0.06930693069306931,0.855768248549073,0.8895310467672046,0.6615198077224657,0.8824049316026578
tsb,quantile,0.5,2,13,0.95,26,smooth,187,0.8982087281278097,0.7899854156538648,0.24147568474007824,0.5478387163704268,0.014028632685524586,0.0006086174700878345,0.0481283422459893,0.8785641712600307,0.9123011236772819,0.47385541182636576,0.6604892273367949
tsb,quantile,0.5,2,13,0.95,26,erratic,285,0.847110895204167,0.8280701754385965,0.23157894736842105,1.0101746147410466,0.03414028553693358,0.0005127789922543383,0.03508771929824561,0.8217690465799664,0.8684942773287347,0.874075760106402,1.1739092575595726
tsb,quantile,0.5,2,13,0.95,26,intermittent,272,0.5019762845849802,0.9732620320855615,0.39900249376558605,1.6664031620553361,0.5478260869565218,0.018972332015810278,0.051470588235294115,0.3647654893075409,0.6366103429412209,1.07901296942056,2.810416647788541
tsb,quantile,0.5,2,13,0.95,26,lumpy,165,0.7830786433097279,0.9418732782369146,0.2545235223160434,2.3060007454342153,0.6043235184494968,0.017517704062616473,0.18181818181818182,0.7090420615715534,0.828932562745667,1.5466996699669968,3.393091988410387
tsb,fixed,0.5,2,13,0.95,26,all,909,0.8745410252789154,0.8850385038503851,0.2429462115608158,0.7593207174127948,0.04081697500353058,0.000317751729981641,0.030803080308030802,0.8560506920060719,0.8897631742488727,0.6668244306110442,0.890059492593849
tsb,fixed,0.5,2,13,0.95,26,smooth,187,0.8983055536344146,0.7902284880894507,0.2411961989938513,0.5516287433432464,0.014028632685524586,0.0,0.0,0.8785641712600307,0.9123834482973725,0.4766263682069426,0.6662708210757791
tsb,fixed,0.5,2,13,0.95,26,erratic,285,0.847245837044234,0.828548644338118,0.23093447905477982,1.0124146492861577,0.03414028553693358,2.698836801338623e-05,0.0035087719298245615,0.821955355358475,0.8686675894097248,0.8752753303706682,1.1772114438237902
tsb,fixed,0.5,2,13,0.95,26,intermittent,272,0.5035573122529644,0.973596256684492,0.3940149625935162,1.7446640316205535,0.5478260869565218,0.006324110671936759,0.029411764705882353,0.36703117482264547,0.6373928308684826,1.1012193855044219,3.019311778670447
tsb,fixed,0.5,2,13,0.95,26,lumpy,165,0.7860603801714499,0.9440771349862259,0.2448733413751508,2.3958255683935894,0.6158032053671263,0.01006336190831159,0.11515151515151516,0.7139052732405726,0.8304713934511594,1.5873308628672609,3.542065087189112
tsb,dead13,0.5,2,13,0.95,26,all,909,0.8741438356164384,0.8831383138313831,0.24696185142132515,0.7519329896907216,0.03883632255331168,0.0012533540460386951,0.11221122112211221,0.855448468916436,0.8893881639642213,0.6609604269027155,0.8806501550816599
tsb,dead13,0.5,2,13,0.95,26,smooth,187,0.8983055536344146,0.7902284880894507,0.2411961989938513,0.5516287433432464,0.014028632685524586,0.0,0.0,0.8785641712600307,0.9123834482973725,0.4766263682069426,0.6662708210757791
tsb,dead13,0.5,2,13,0.95,26,erratic,285,0.8470569184681402,0.827591706539075,0.2322234156820623,1.0106604053652877,0.03402153671767468,0.0005397673602677246,0.028070175438596492,0.821687664445099,0.8684709239777412,0.8745069598492656,1.1761618868581893
tsb,dead13,0.5,2,13,0.95,26,intermittent,272,0.4901185770750988,0.9712566844919787,0.428927680798005,1.5090909090909093,0.48869565217391303,0.04189723320158103,0.15808823529411764,0.35686078134970334,0.6216003005811629,0.9761258555533655,2.5789488636363633
tsb,dead13,0.5,2,13,0.95,26,lumpy,165,0.7782333209094298,0.9391184573002754,0.26658624849215923,2.2191576593365636,0.5616846813268729,0.025717480432351846,0.3090909090909091,0.7021505511863951,0.8236292970719278,1.4763393798659428,3.2573586232461045
tsb,dead26,0.5,2,13,0.95,26,all,909,0.8745498517158593,0.8850885088508851,0.2428405368276445,0.7599032622510946,0.04112766558395707,0.00023831379748623076,0.022002200220022004,0.8560726413312707,0.8897708899045591,0.6672256234279562,0.8907138064553657
tsb,dead26,0.5,2,13,0.95,26,smooth,187,0.8983055536344146,0.7902284880894507,0.2411961989938513,0.5516287433432464,0.014028632685524586,0.0,0.0,0.8785641712600307,0.9123834482973725,0.4766263682069426,0.6662708210757791
tsb,dead26,0.5,2,13,0.95,26,erratic,285,0.847245837044234,0.828548644338118,0.23093447905477982,1.0124416376541712,0.03414028553693358,0.0,0.0,0.821955355358475,0.8686675894097248,0.87529779254868,1.177213035166884
tsb,dead26,0.5,2,13,0.95,26,intermittent,272,0.5035573122529644,0.973596256684492,0.3940149625935162,1.7581027667984188,0.5565217391304348,0.005533596837944664,0.025735294117647058,0.36703117482264547,0.6373928308684826,1.1086923341067665,3.042761795627418
tsb,dead26,0.5,2,13,0.95,26,lumpy,165,0.7864330972791651,0.9443526170798898,0.2436670687575392,2.4137159895639213,0.6248229593738353,0.007454342154304882,0.07878787878787878,0.7144123479196074,0.8315941783417641,1.5949526983948397,3.5792319585594323
tsb,none,0.8,2,13,0.95,26,all,909,0.9146660076260416,0.9317931793179318,0.1441403360456515,1.1089535376359272,0.0967801158028527,0.0,0.0,0.9022350276165007,0.9234789665929398,0.963729785108416,1.3117256986927646
tsb,none,0.8,2,13,0.95,26,smooth,187,0.9305899439795283,0.8753038405444823,0.14337618781442146,0.7623487101459299,0.024679438412061692,0.0,0.0,0.9180128177076896,0.939316161757237,0.6459905906468812,0.9261094929280218
tsb,none,0.8,2,13,0.95,26,erratic,285,0.8978490270693331,0.894896331738437,0.14156820622986035,1.4661970690632338,0.08627101719159042,0.0,0.0,0.8792290103325219,0.9133267335367895,1.271422065766743,1.6981445782767108
tsb,none,0.8,2,13,0.95,26,intermittent,272,0.5944664031620553,0.9849598930481284,0.22443890274314215,4.166798418972332,1.871304347826087,0.0,0.0,0.4364476891444527,0.7491026171243943,2.5642555668169438,7.386422110863012
tsb,none,0.8,2,13,0.95,26,lumpy,165,0.868803578084234,0.971900826446281,0.12303980699638119,4.073052553112188,1.3480432351844949,0.0,0.0,0.8103345690615428,0.9066688505997744,2.804441496718385,5.921673447717574
tsb,quantile,0.8,2,13,0.95,26,all,909,0.9142864708374523,0.9306930693069306,0.14646518017542007,1.0878936590876995,0.09345961022454455,0.002948029939274114,0.12981298129812982,0.9019337834418469,0.923138178126471,0.9456175883304919,1.286584943746629
tsb,quantile,0.8,2,13,0.95,26,smooth,187,0.9303962929663185,0.8750607681088964,0.1436556735606484,0.7555294280379002,0.024618576665052908,0.0010512483574244415,0.06951871657754011,0.9180085712428068,0.9391608127541485,0.6413502756455347,0.91806322011915
tsb,quantile,0.8,2,13,0.95,26,erratic,285,0.8976601084932394,0.8944178628389154,0.14221267454350162,1.4547540010255582,0.08508352899900144,0.0018082206568968775,0.08771929824561403,0.8791961608825004,0.9132005137385232,1.264559456982454,1.6826713322869498
tsb,quantile,0.8,2,13,0.95,26,intermittent,272,0.591304347826087,0.9844585561497327,0.23192019950124687,3.7636363636363637,1.7895652173913044,0.05217391304347826,0.11397058823529412,0.4336175477100948,0.7458210662358644,2.3823493836306957,6.480150888035093
tsb,quantile,0.8,2,13,0.95,26,lumpy,165,0.8620946701453597,0.9677685950413223,0.1411338962605549,3.715616846813269,1.2644055162131942,0.04658963846440552,0.296969696969697,0.8006647521581732,0.9015818132427843,2.603975972540046,5.4138954842023415
tsb,fixed,0.8,2,13,0.95,26,all,909,0.9145159581979946,0.9311431143114312,0.14551410757687838,1.0983971190509816,0.09311008332156474,0.001606411523796074,0.1419141914191419,0.9020205295602142,0.9233389249199776,0.9548864809947587,1.29922795050121
tsb,fixed,0.8,2,13,0.95,26,smooth,187,0.9305899439795283,0.8753038405444823,0.14337618781442146,0.7623487101459299,0.024679438412061692,0.0,0.0,0.9180128177076896,0.939316161757237,0.6459905906468812,0.9261094929280218
tsb,fixed,0.8,2,13,0.95,26,erratic,285,0.8978490270693331,0.894896331738437,0.14156820622986035,1.4659811621191268,0.08627101719159042,0.00016193020808031737,0.010526315789473684,0.8792290103325219,0.9133267335367895,1.2714160264563223,1.6975444555947237
tsb,fixed,0.8,2,13,0.95,26,intermittent,272,0.5857707509881422,0.9837901069518716,0.24189526184538654,3.660079051383399,1.6678260869565218,0.05928853754940711,0.23897058823529413,0.42834153268009734,0.7425799030694669,2.294924007895131,6.452354248227702
tsb,fixed,0.8,2,13,0.95,26,lumpy,165,0.8665672754379427,0.9702479338842975,0.13027744270205066,3.869176295191949,1.2890048453224003,0.037644427879239654,0.3696969696969697,0.8085082149818992,0.905631660871528,2.6583234842960244,5.665425359357095
tsb,dead13,0.8,2,13,0.95,26,all,909,0.913924586922751,0.9283428342834283,0.1514318926344711,1.0834804406157323,0.08516805535941252,0.0026126253354046038,0.1628162816281628,0.9013199296425307,0.9228533965452105,0.9426241442277455,1.2819934110438438
tsb,dead13,0.8,2,13,0.95,26,smooth,187,0.9305899439795283,0.8753038405444823,0.14337618781442146,0.7623487101459299,0.024679438412061692,0.0,0.0,0.9180128177076896,0.939316161757237,0.6459905906468812,0.9261094929280218
tsb,dead13,0.8,2,13,0.95,26,erratic,285,0.8976601084932394,0.8939393939393939,0.14285714285714285,1.4630394300056677,0.08603351955307263,0.0008906161444417456,0.028070175438596492,0.8791146419251679,0.9131782424001587,1.2686176734787467,1.69236074101293
tsb,dead13,0.8,2,13,0.95,26,intermittent,272,0.5612648221343873,0.9794451871657754,0.30673316708229426,2.9691699604743085,1.2504347826086957,0.10513833992094862,0.28308823529411764,0.4099334378954155,0.7101809420068288,1.885102476487392,5.201979553923998
tsb,dead13,0.8,2,13,0.95,26,lumpy,165,0.8557584793142006,0.9636363636363636,0.15922798552472858,3.6056653000372716,1.1537085352217669,0.048453224002981736,0.38181818181818183,0.7906710874408243,0.8992064306022228,2.492628309905198,5.262264228379368
tsb,dead26,0.8,2,13,0.95,26,all,909,0.9145336110718825,0.9312431243124313,0.14530275811053578,1.1030839570682107,0.09501306312667702,0.0008649908205055784,0.0847084708470847,0.9020421464651109,0.9233517415777781,0.9598606965621502,1.3054974638331678
tsb,dead26,0.8,2,13,0.95,26,smooth,187,0.9305899439795283,0.8753038405444823,0.14337618781442146,0.7623487101459299,0.024679438412061692,0.0,0.0,0.9180128177076896,0.939316161757237,0.6459905906468812,0.9261094929280218
tsb,dead26,0.8,2,13,0.95,26,erratic,285,0.8978490270693331,0.894896331738437,0.14156820622986035,1.4661970690632338,0.08627101719159042,0.0,0.0,0.8792290103325219,0.9133267335367895,1.271422065766743,1.6981445782767108
tsb,dead26,0.8,2,13,0.95,26,intermittent,272,0.5857707509881422,0.9837901069518716,0.24189526184538654,3.811857707509881,1.742608695652174,0.04189723320158103,0.18382352941176472,0.42834153268009734,0.7425799030694669,2.3811081989378002,6.791992249497408
tsb,dead26,0.8,2,13,0.95,26,lumpy,165,0.867312709653373,0.9707988980716253,0.1278648974668275,3.9925456578456955,1.334103615355945,0.016772269847185987,0.16363636363636364,0.8095894075466443,0.9059690134667104,2.7395239771669977,5.8091702411741215
tsb,none,0.9,2,13,0.95,26,all,909,0.9300946194040389,0.9474447444744475,0.11106414456303498,1.320982205903121,0.1383349809348962,0.0,0.0,0.9197056188099143,0.9376225411032176,1.1407380362605337,1.5676569059043808
tsb,none,0.9,2,13,0.95,26,smooth,187,0.9428591188878899,0.9027710257656781,0.11179429849077697,0.8904903520298776,0.03253060377619476,0.0,0.0,0.9323742365367187,0.9502742029482717,0.751511328469803,1.0881730059664836
tsb,none,0.9,2,13,0.95,26,erratic,285,0.9181172914473862,0.919457735247209,0.10848549946294307,1.7419102366879875,0.12789247834183468,0.0,0.0,0.9022379299492936,0.931595452966905,1.5153203227966088,2.024664702830979
tsb,none,0.9,2,13,0.95,26,intermittent,272,0.6221343873517786,0.9879679144385026,0.17955112219451372,5.618181818181818,2.8521739130434782,0.0,0.0,0.46233386809869487,0.7765260752688173,3.4676205497972057,9.853702982139783
tsb,none,0.9,2,13,0.95,26,lumpy,165,0.8967573611628774,0.9796143250688705,0.08926417370325694,5.081625046589639,1.8539694371971673,0.0,0.0,0.8412749457268618,0.9336550314447966,3.524841099142086,7.576013057465464
tsb,quantile,0.9,2,13,0.95,26,all,909,0.9296621239937862,0.9461446144614462,0.11381168762548874,1.287450571953114,0.130897825165937,0.004545615026126253,0.18261826182618263,0.9193884276053367,0.9373107911479157,1.1132886026834194,1.5290584145008945
tsb,quantile,0.9,2,13,0.95,26,smooth,187,0.9426654678746801,0.9022848808945065,0.11235326998323085,0.8809184590912235,0.031921986306106924,0.0014385503838439727,0.09090909090909091,0.9318923471065133,0.9502628321744093,0.7453895524919422,1.0694951250536275
tsb,quantile,0.9,2,13,0.95,26,erratic,285,0.9179283728712925,0.9189792663476875,0.10912996777658432,1.7210752165816534,0.12433001376406769,0.0032116157935929614,0.12631578947368421,0.9021104456396702,0.9314617065849772,1.4984057542793472,1.9919007036648368
tsb,quantile,0.9,2,13,0.95,26,intermittent,272,0.6173913043478261,0.9872994652406417,0.18952618453865336,5.007905138339921,2.692173913043478,0.08063241106719368,0.18382352941176472,0.4577036828392367,0.7724092084006463,3.1715107580580613,8.584186320375453
tsb,quantile,0.9,2,13,0.95,26,lumpy,165,0.888557584793142,0.974931129476584,0.1097708082026538,4.499068207230712,1.680954155795751,0.07081625046589639,0.38181818181818183,0.8262880794295172,0.9258163395585739,3.2014840603633985,6.52880811202927
tsb,fixed,0.9,2,13,0.95,26,all,909,0.9298474791696089,0.9463946394639464,0.11328331395963225,1.3013522101398107,0.13062597090806383,0.003336393164807231,0.20132013201320131,0.9194362126032594,0.937385771972213,1.1240343899368,1.5456769035731233
tsb,fixed,0.9,2,13,0.95,26,smooth,187,0.9428591188878899,0.9027710257656781,0.11179429849077697,0.8904488553841897,0.03253060377619476,1.3832215229268968e-05,0.0053475935828877,0.9323742365367187,0.9502742029482717,0.7514796187465719,1.088116425223796
tsb,fixed,0.9,2,13,0.95,26,erratic,285,0.9181172914473862,0.919457735247209,0.10848549946294307,1.7414244460637465,0.12789247834183468,0.00029687204814724856,0.017543859649122806,0.9022379299492936,0.931595452966905,1.514739910099928,2.0233028240122524
tsb,fixed,0.9,2,13,0.95,26,intermittent,272,0.6086956521739131,0.9859625668449198,0.20947630922693267,4.721739130434782,2.4556521739130437,0.14703557312252966,0.3602941176470588,0.44844331232032036,0.768226494345719,2.987792658191094,8.261345003802154
tsb,fixed,0.9,2,13,0.95,26,lumpy,165,0.8926574729780097,0.9771349862258953,0.10012062726176116,4.683190458442042,1.7153932165486396,0.06708907938874395,0.47878787878787876,0.8351992407369381,0.9303931570285595,3.281890573790245,6.874699601868538
tsb,dead13,0.9,2,13,0.95,26,all,909,0.9292208021465894,0.9434943494349435,0.11941244848356758,1.2841759638469143,0.11940227369015675,0.003415831097302641,0.1694169416941694,0.9187440673466939,0.9367981871785861,1.1105113106897364,1.5261612064757448
tsb,dead13,0.9,2,13,0.95,26,smooth,187,0.9428591188878899,0.9027710257656781,0.11179429849077697,0.8904903520298776,0.03253060377619476,0.0,0.0,0.9323742365367187,0.9502742029482717,0.751511328469803,1.0881730059664836
tsb,dead13,0.9,2,13,0.95,26,erratic,285,0.9179283728712925,0.9185007974481658,0.10977443609022557,1.737888969853993,0.12747685747442852,0.0010795347205354493,0.028070175438596492,0.9020566067227745,0.9314811210387577,1.5128549017978,2.014686945089543
tsb,dead13,0.9,2,13,0.95,26,intermittent,272,0.5826086956521739,0.9814505347593583,0.27680798004987534,3.8284584980237155,1.813913043478261,0.1359683794466403,0.29411764705882354,0.4298943386455595,0.7394014676654945,2.4620415054210265,6.562281107819278
tsb,dead13,0.9,2,13,0.95,26,lumpy,165,0.8811032426388371,0.9702479338842975,0.13027744270205066,4.426761088333954,1.549757733879985,0.06522549385016772,0.4,0.8160858988737423,0.9211710540191264,3.128856526768426,6.428377865510006
tsb,dead26,0.9,2,13,0.95,26,all,909,0.9299004377912724,0.9465946594659466,0.11286061502694705,1.3110789436520265,0.13462611213105494,0.0012445276090947606,0.10451045104510451,0.9195011328029548,0.9374082881762088,1.1331908126347827,1.5570897940531405
tsb,dead26,0.9,2,13,0.95,26,smooth,187,0.9428591188878899,0.9027710257656781,0.11179429849077697,0.8904903520298776,0.03253060377619476,0.0,0.0,0.9323742365367187,0.9502742029482717,0.751511328469803,1.0881730059664836
tsb,dead26,0.9,2,13,0.95,26,erratic,285,0.9181172914473862,0.919457735247209,0.10848549946294307,1.7419102366879875,0.12789247834183468,0.0,0.0,0.9022379299492936,0.931595452966905,1.5153203227966088,2.024664702830979
tsb,dead26,0.9,2,13,0.95,26,intermittent,272,0.6094861660079052,0.986129679144385,0.20698254364089774,5.000790513833992,2.577391304347826,0.06086956521739131,0.22794117647058823,0.45075134679081735,0.768226494345719,3.152588637981966,8.825427136631061
tsb,dead26,0.9,2,13,0.95,26,lumpy,165,0.8945210585165859,0.977961432506887,0.09650180940892641,4.95452851285874,1.8269101751770407,0.023853894893775623,0.2,0.8379798626480268,0.9313987696868663,3.4617345647773283,7.383560472255515
tsb,none,0.95,2,13,0.95,26,all,909,0.9407128230475922,0.9576457645764577,0.08950649899609003,1.5145989267052675,0.18326860612907783,0.0,0.0,0.9301228719615356,0.9473445162571363,1.3063432175378382,1.8088247324372337
tsb,none,0.95,2,13,0.95,26,smooth,187,0.9515595822671,0.9227029654837141,0.0888764673001677,1.0057956981810638,0.04026004564631026,0.0,0.0,0.9420871906646601,0.9589687473932325,0.84037963827995,1.2356814354858698
tsb,none,0.95,2,13,0.95,26,erratic,285,0.9316384638220927,0.9347687400318979,0.0878625134264232,1.985318327800718,0.1710576741424446,0.0,0.0,0.9165812370674352,0.9442572367702047,1.7244212878120873,2.299755762378752
tsb,none,0.95,2,13,0.95,26,intermittent,272,0.6442687747035574,0.9901403743315508,0.14713216957605985,7.18498023715415,3.9356521739130437,0.0,0.0,0.48396022106745173,0.8013603580151446,4.40827269592758,12.669117826727136
tsb,none,0.95,2,13,0.95,26,lumpy,165,0.9135296310100633,0.9831955922865013,0.0735826296743064,6.050316809541558,2.4361535594483787,0.0,0.0,0.858562868684278,0.9469151225204201,4.260724059309731,8.887939068665588
tsb,quantile,0.95,2,13,0.95,26,all,909,0.9402097161417878,0.9562956295629563,0.0923597167917151,1.4659740855811325,0.16992832933201527,0.006381513910464624,0.23102310231023102,0.9296329012002429,0.9469154933501526,1.2648480620642617,1.7473445581583102
tsb,quantile,0.95,2,13,0.95,26,smooth,187,0.9513659312538904,0.9222168206125425,0.08943543879262157,0.9935541877031606,0.03898194895912581,0.0018120201950342348,0.10160427807486631,0.9419608614595808,0.9586165106821142,0.8332445838642079,1.2117253370540786
tsb,quantile,0.95,2,13,0.95,26,erratic,285,0.9314225568779856,0.9344497607655502,0.0882921589688507,1.9527973443445876,0.16476398672172296,0.004857906242409522,0.17894736842105263,0.9164228364189293,0.9437332339424361,1.6999377912027442,2.2491091848441545
tsb,quantile,0.95,2,13,0.95,26,intermittent,272,0.6371541501976284,0.9893048128342246,0.1596009975062344,6.248221343873517,3.657391304347826,0.11541501976284585,0.23161764705882354,0.47629500546939,0.7917955500769472,3.923060173100412,10.906988629302848
tsb,quantile,0.95,2,13,0.95,26,lumpy,165,0.903838986209467,0.978236914600551,0.09529553679131483,5.217666790905702,2.125382035035408,0.09914275065225493,0.4666666666666667,0.841470342478315,0.9402309128790131,3.776906478294465,7.59110163165752
tsb,fixed,0.95,2,13,0.95,26,all,909,0.9403774184437227,0.9563456345634563,0.0922540420585438,1.4812526479310835,0.16808360401073297,0.006019629995763311,0.25962596259625964,0.9297105250776623,0.9470092606256411,1.2765565873419382,1.7642487411225665
tsb,fixed,0.95,2,13,0.95,26,smooth,187,0.9515595822671,0.9227029654837141,0.0888764673001677,1.0056435438135418,0.04026004564631026,6.916107614634484e-05,0.016042780748663103,0.9420871906646601,0.9589687473932325,0.8402547013934227,1.2354561188348077
tsb,fixed,0.95,2,13,0.95,26,erratic,285,0.9316384638220927,0.9347687400318979,0.0878625134264232,1.984481688392303,0.1710576741424446,0.0004318138882141797,0.02456140350877193,0.9165812370674352,0.9442572367702047,1.7237413840256066,2.2971980088520723
tsb,fixed,0.95,2,13,0.95,26,intermittent,272,0.6268774703557313,0.9876336898395722,0.18453865336658354,5.5288537549407115,3.045217391304348,0.2885375494071146,0.5,0.4676769329077954,0.7881303715670437,3.4734390846330694,9.75157765801078
tsb,fixed,0.95,2,13,0.95,26,lumpy,165,0.9075661572866195,0.9801652892561984,0.08685162846803378,5.438688035780843,2.2147595974655236,0.11032426388371226,0.5454545454545454,0.8482043360455394,0.9432953752122242,3.8635952862926546,7.943387318909145
tsb,dead13,0.95,2,13,0.95,26,all,909,0.9397242621098715,0.9533453345334534,0.09859452604882173,1.4647736901567576,0.15517052676175683,0.004174904674481006,0.17271727172717272,0.9292313268421697,0.9465376070284108,1.263225124217493,1.7470455628517938
tsb,dead13,0.95,2,13,0.95,26,smooth,187,0.9515595822671,0.9227029654837141,0.0888764673001677,1.0057956981810638,0.04026004564631026,0.0,0.0,0.9420871906646601,0.9589687473932325,0.84037963827995,1.2356814354858698
tsb,dead13,0.95,2,13,0.95,26,erratic,285,0.931449545245999,0.9338118022328549,0.08915145005370569,1.9808112703424825,0.1704639300461501,0.0012414649286157666,0.028070175438596492,0.9163963745610008,0.9440601601687215,1.7219678495149413,2.288025237451081
tsb,dead13,0.95,2,13,0.95,26,intermittent,272,0.5976284584980237,0.982620320855615,0.2593516209476309,4.657707509881423,2.351304347826087,0.16758893280632411,0.2977941176470588,0.4460505799390385,0.7540677075370739,2.9598045196201954,8.15642911210047
tsb,dead13,0.95,2,13,0.95,26,lumpy,165,0.8963846440551622,0.9735537190082645,0.1158021712907117,5.200149086843086,2.0048453224002984,0.08013417815877749,0.4121212121212121,0.8312167382662221,0.935172286156177,3.743580740015973,7.534687192728267
tsb,dead26,0.95,2,13,0.95,26,all,909,0.940456856376218,0.9565956595659566,0.09172566839268731,1.4986230758367465,0.17577319587628867,0.001606411523796074,0.11991199119911991,0.9297865168047119,0.9471144365713035,1.2917411119243862,1.7865932824479145
tsb,dead26,0.95,2,13,0.95,26,smooth,187,0.9515595822671,0.9227029654837141,0.0888764673001677,1.0057956981810638,0.04026004564631026,0.0,0.0,0.9420871906646601,0.9589687473932325,0.84037963827995,1.2356814354858698
tsb,dead26,0.95,2,13,0.95,26,erratic,285,0.9316384638220927,0.9347687400318979,0.0878625134264232,1.985318327800718,0.1710576741424446,0.0,0.0,0.9165812370674352,0.9442572367702047,1.7244212878120873,2.299755762378752
tsb,dead26,0.95,2,13,0.95,26,intermittent,272,0.6268774703557313,0.9878008021390374,0.18204488778054864,6.125691699604743,3.3339130434782613,0.0774703557312253,0.25735294117647056,0.4684462777312944,0.7873452688172043,3.8061306650058495,10.931637871367368
tsb,dead26,0.95,2,13,0.95,26,lumpy,165,0.9109206112560566,0.981267217630854,0.08202653799758745,5.8751397689153935,2.4033544539694374,0.03130823704808051,0.23636363636363636,0.8547590535765811,0.9454530105017502,4.170564933969539,8.69344242589906
tsb,none,0.99,2,13,0.95,26,all,909,0.956362095749188,0.9718971897189719,0.05938920004226989,1.9055306453890695,0.2861654427340771,0.0,0.0,0.9478130392004814,0.9623416189337545,1.6344222877729102,2.286047393352735
tsb,none,0.99,2,13,0.95,26,smooth,187,0.9647831800262812,0.9501701507049101,0.057294577976523195,1.2357147797219725,0.059887959056642924,0.0,0.0,0.9569260933859015,0.9720392006215958,1.0177828602782542,1.533852434826682
tsb,none,0.99,2,13,0.95,26,erratic,285,0.9510431004237174,0.9569377990430622,0.05800214822771214,2.4867891938574473,0.27395352603028095,0.0,0.0,0.9384377387499041,0.9616371049902251,2.160536689913955,2.8954196781464643
tsb,none,0.99,2,13,0.95,26,intermittent,272,0.6703557312252965,0.991644385026738,0.12468827930174564,10.422924901185771,6.453913043478261,0.0,0.0,0.5071817289570631,0.8354809673964149,6.300026718583843,18.52378519260219
tsb,none,0.99,2,13,0.95,26,lumpy,165,0.9377562430115542,0.9898071625344352,0.04463208685162847,7.910920611256057,3.643980618710399,0.0,0.0,0.8803386876178599,0.9683220768573868,5.684150144586495,11.646620057893005
tsb,quantile,0.99,2,13,0.95,26,all,909,0.955691286541449,0.9698469846984699,0.06372186410229314,1.8161717977686769,0.2519312244033329,0.011183095607964978,0.3465346534653465,0.947132563632958,0.961786632031614,1.558949028125989,2.171760148569969
tsb,quantile,0.99,2,13,0.95,26,smooth,187,0.96461719344353,0.9494409333981526,0.05813303521520403,1.2160868663116398,0.055810222007054426,0.0028079396915416,0.1443850267379679,0.956610077470193,0.9720041297784684,1.0061677753948068,1.497426776262852
tsb,quantile,0.99,2,13,0.95,26,erratic,285,0.9506922516395434,0.9564593301435407,0.058646616541353384,2.423393517394003,0.2575068145629234,0.009149056756537932,0.22105263157894736,0.9381945417423194,0.9614820417134154,2.113476144892175,2.810272045386489
tsb,quantile,0.99,2,13,0.95,26,intermittent,272,0.6561264822134387,0.9898061497326203,0.15211970074812967,8.364426877470356,5.558260869565218,0.2426877470355731,0.4742647058823529,0.4910678366189766,0.8130777382875606,5.196694068571281,14.486388396797345
tsb,quantile,0.99,2,13,0.95,26,lumpy,165,0.9254565784569512,0.9831955922865013,0.0735826296743064,6.512486023108461,2.957659336563548,0.15579575102497203,0.5818181818181818,0.8599317773788151,0.9592682309752232,4.8147631883956175,9.417579672967612
tsb,fixed,0.99,2,13,0.95,26,all,909,0.9558325095325519,0.96994699469947,0.06351051463595055,1.8388557407145885,0.2497175540177941,0.013345572659228923,0.3355335533553355,0.9471658266704079,0.9618909570932831,1.5752840045305496,2.1998091951244207
tsb,fixed,0.99,2,13,0.95,26,smooth,187,0.9647831800262812,0.9501701507049101,0.057294577976523195,1.235285981049865,0.059887959056642924,0.0002074832284390345,0.0213903743315508,0.9569260933859015,0.9720392006215958,1.0174171221579071,1.5331973577604343
tsb,fixed,0.99,2,13,0.95,26,erratic,285,0.9510431004237174,0.9569377990430622,0.05800214822771214,2.4840633686880955,0.27395352603028095,0.0010255579845086767,0.042105263157894736,0.9384377387499041,0.9616371049902251,2.1596211180798175,2.8904904854380122
tsb,fixed,0.99,2,13,0.95,26,intermittent,272,0.641897233201581,0.9876336898395722,0.18453865336658354,6.957312252964427,4.3130434782608695,0.7185770750988142,0.6801470588235294,0.48159572132309814,0.8032140860215055,4.384390216935677,12.150697677494446
tsb,fixed,0.99,2,13,0.95,26,lumpy,165,0.9288110324263884,0.9856749311294766,0.06272617611580217,6.778606038017145,3.1142750652254936,0.20499440924338427,0.6303030303030303,0.8666541741472172,0.9626643241667984,4.9148538413341045,9.935724169856186
tsb,dead13,0.99,2,13,0.95,26,all,909,0.9552058325095325,0.966996699669967,0.06974532389305717,1.8291466600762603,0.23791131196158735,0.005648919644118062,0.17271727172717272,0.9464707671528765,0.9612914800659271,1.5698225120406866,2.1932546091970635
tsb,dead13,0.99,2,13,0.95,26,smooth,187,0.9647831800262812,0.9501701507049101,0.057294577976523195,1.2357147797219725,0.059887959056642924,0.0,0.0,0.9569260933859015,0.9720392006215958,1.0177828602782542,1.533852434826682
tsb,dead13,0.99,2,13,0.95,26,erratic,285,0.9508541818476237,0.9559808612440192,0.05929108485499463,2.480446927374302,0.27300353547620976,0.00164629044881656,0.028070175438596492,0.9382528762434696,0.9614103486286978,2.1589979283214293,2.8837592720843186
tsb,dead13,0.99,2,13,0.95,26,intermittent,272,0.6150197628458498,0.9829545454545454,0.2543640897755611,6.343083003952569,3.631304347826087,0.23241106719367588,0.2977941176470588,0.45928472144162713,0.7715942813022254,4.076989360090643,11.099213707544175
tsb,dead13,0.99,2,13,0.95,26,lumpy,165,0.9176295191949311,0.9787878787878788,0.09288299155609167,6.696608274319791,2.9502795378307867,0.10622437569884458,0.4121212121212121,0.8482050686073352,0.9536005343719548,4.919085541071361,9.673286691420937
tsb,dead26,0.99,2,13,0.95,26,all,909,0.9560266911453185,0.9704970497049705,0.06234809257106626,1.8776832368309562,0.27164065809913857,0.002489055218189521,0.1408140814081408,0.9474092344615586,0.962048322492253,1.6116466703892665,2.246049921173632
tsb,dead26,0.99,2,13,0.95,26,smooth,187,0.9647831800262812,0.9501701507049101,0.057294577976523195,1.2357147797219725,0.059887959056642924,0.0,0.0,0.9569260933859015,0.9720392006215958,1.0177828602782542,1.533852434826682
tsb,dead26,0.99,2,13,0.95,26,erratic,285,0.9510431004237174,0.9569377990430622,0.05800214822771214,2.4867891938574473,0.27395352603028095,0.0,0.0,0.9384377387499041,0.9616371049902251,2.160536689913955,2.8954196781464643
tsb,dead26,0.99,2,13,0.95,26,intermittent,272,0.6466403162055336,0.9883021390374331,0.1745635910224439,8.531225296442688,5.316521739130434,0.12806324110671938,0.3014705882352941,0.4854989107144497,0.8088420967741935,5.301156558432653,15.206520825593302
tsb,dead26,0.99,2,13,0.95,26,lumpy,165,0.9347745061498323,0.987603305785124,0.054282267792521106,7.626910175177041,3.5669027208348862,0.0447260529258293,0.2787878787878788,0.8766982274021886,0.9654476726926736,5.525711213128976,11.279150038198171
tsb_nb,none,0.5,2,13,0.95,26,all,909,0.8002930377065386,0.7957795779577957,0.4315756102715841,0.5434525490749894,0.024350374240926422,0.0,0.0,0.7712258130063973,0.8221736514435013,0.47191175326890106,0.6452711941396617
tsb_nb,none,0.5,2,13,0.95,26,smooth,187,0.8526730755930563,0.7066115702479339,0.3373392956959195,0.4367660280793969,0.011715886299190814,0.0,0.0,0.8341878571543199,0.865818551318864,0.3675081892243932,0.5381367929300844
tsb_nb,none,0.5,2,13,0.95,26,erratic,285,0.7193209726607832,0.6334928229665071,0.49366272824919444,0.6535503198121609,0.01822794375624106,0.0,0.0,0.6829450493040062,0.7514299019705268,0.5539503227625155,0.7842553015935805
tsb_nb,none,0.5,2,13,0.95,26,intermittent,272,0.47114624505928854,0.9682486631016043,0.47381546134663344,1.4150197628458498,0.40695652173913044,0.0,0.0,0.3329176884182201,0.5969179930226346,0.8858802041699889,2.4635833939319602
tsb_nb,none,0.5,2,13,0.95,26,lumpy,165,0.6623183004099888,0.8928374655647383,0.4692400482509047,1.4867685426761088,0.2689526649273202,0.0,0.0,0.5598040920182669,0.7266225150631681,0.9221492775119026,2.299048147889048
tsb_nb,quantile,0.5,2,13,0.95,26,all,909,0.8002577319587629,0.7956295629562956,0.43189263447109794,0.5416607823753707,0.0242727015958198,0.0003883632255331168,0.027502750275027504,0.7711945611467336,0.8221442772920075,0.4698612827758804,0.6427121324084737
tsb_nb,quantile,0.5,2,13,0.95,26,smooth,187,0.8526730755930563,0.7066115702479339,0.3373392956959195,0.4363233971920603,0.011715886299190814,0.0001244899370634207,0.0106951871657754,0.8341878571543199,0.865818551318864,0.3674181503640794,0.5369588502812825
tsb_nb,quantile,0.5,2,13,0.95,26,erratic,285,0.7193209726607832,0.6334928229665071,0.49366272824919444,0.6529025989798397,0.01822794375624106,0.00016193020808031737,0.010526315789473684,0.6829450493040062,0.7514299019705268,0.5535086601275446,0.7832941296604737
tsb_nb,quantile,0.5,2,13,0.95,26,intermittent,272,0.46956521739130436,0.9679144385026738,0.47880299251870323,1.3430830039525692,0.4052173913043478,0.014229249011857707,0.04044117647058824,0.3295041340248692,0.5950326069066744,0.8658788775638779,2.301365394861622
tsb_nb,quantile,0.5,2,13,0.95,26,lumpy,165,0.6615728661945584,0.8925619834710744,0.4704463208685163,1.4658963846440551,0.26649273201639956,0.004099888184867686,0.05454545454545454,0.5564558388350587,0.7262986744412051,0.9099932702211848,2.291331631046906
tsb_nb,fixed,0.5,2,13,0.95,26,all,909,0.8002930377065386,0.7957795779577957,0.4315756102715841,0.5432230617144471,0.024350374240926422,7.061149555147578e-05,0.007700770077007701,0.7712258130063973,0.8221736514435013,0.4717417011423419,0.6452059152193363
tsb_nb,fixed,0.5,2,13,0.95,26,smooth,187,0.8526730755930563,0.7066115702479339,0.3373392956959195,0.4367660280793969,0.011715886299190814,0.0,0.0,0.8341878571543199,0.865818551318864,0.3675081892243932,0.5381367929300844
tsb_nb,fixed,0.5,2,13,0.95,26,erratic,285,0.7193209726607832,0.6334928229665071,0.49366272824919444,0.6535503198121609,0.01822794375624106,0.0,0.0,0.6829450493040062,0.7514299019705268,0.5539503227625155,0.7842553015935805
tsb_nb,fixed,0.5,2,13,0.95,26,intermittent,272,0.47114624505928854,0.9682486631016043,0.47381546134663344,1.4047430830039525,0.40695652173913044,0.0023715415019762848,0.011029411764705883,0.3329176884182201,0.5969179930226346,0.8785401456865661,2.4577211557837377
tsb_nb,fixed,0.5,2,13,0.95,26,lumpy,165,0.6623183004099888,0.8928374655647383,0.4692400482509047,1.4819232202758106,0.2689526649273202,0.0018635855385762206,0.024242424242424242,0.5598040920182669,0.7266225150631681,0.9179843032934135,2.2947897792857392
tsb_nb,dead13,0.5,2,13,0.95,26,all,909,0.80011650896766,0.7949794979497949,0.43326640600232486,0.5402044202796216,0.023709574918796782,0.0005207597796921339,0.052805280528052806,0.7710796344574662,0.8220838573942442,0.46869116578183057,0.6416777865786324
tsb_nb,dead13,0.5,2,13,0.95,26,smooth,187,0.8526730755930563,0.7066115702479339,0.3373392956959195,0.4367660280793969,0.011715886299190814,0.0,0.0,0.8341878571543199,0.865818551318864,0.3675081892243932,0.5381367929300844
tsb_nb,dead13,0.5,2,13,0.95,26,erratic,285,0.7192669959247564,0.6331738437001595,0.4940923737916219,0.6527946455077862,0.01822794375624106,0.00016193020808031737,0.010526315789473684,0.6829433806349366,0.7514260984357752,0.5531913668756923,0.7820941308734521
tsb_nb,dead13,0.5,2,13,0.95,26,intermittent,272,0.4592885375494071,0.9662433155080213,0.5037406483790524,1.2316205533596838,0.38086956521739135,0.03162055335968379,0.125,0.31739436249513736,0.5821787133695063,0.7931397537984639,2.127857790388585
tsb_nb,dead13,0.5,2,13,0.95,26,lumpy,165,0.6612001490868431,0.8922865013774105,0.47165259348612787,1.4465150950428625,0.2541930674617965,0.004845322400298174,0.06666666666666667,0.5564296058864753,0.7256589931972789,0.892113693161735,2.275858896778481
tsb_nb,dead26,0.5,2,13,0.95,26,all,909,0.8002930377065386,0.7957795779577957,0.4315756102715841,0.5432230617144471,0.024350374240926422,7.061149555147578e-05,0.007700770077007701,0.7712258130063973,0.8221736514435013,0.4717417011423419,0.6452059152193363
tsb_nb,dead26,0.5,2,13,0.95,26,smooth,187,0.8526730755930563,0.7066115702479339,0.3373392956959195,0.4367660280793969,0.011715886299190814,0.0,0.0,0.8341878571543199,0.865818551318864,0.3675081892243932,0.5381367929300844
tsb_nb,dead26,0.5,2,13,0.95,26,erratic,285,0.7193209726607832,0.6334928229665071,0.49366272824919444,0.6535503198121609,0.01822794375624106,0.0,0.0,0.6829450493040062,0.7514299019705268,0.5539503227625155,0.7842553015935805
tsb_nb,dead26,0.5,2,13,0.95,26,intermittent,272,0.47114624505928854,0.9682486631016043,0.47381546134663344,1.4047430830039525,0.40695652173913044,0.0023715415019762848,0.011029411764705883,0.3329176884182201,0.5969179930226346,0.8785401456865661,2.4577211557837377
tsb_nb,dead26,0.5,2,13,0.95,26,lumpy,165,0.6623183004099888,0.8928374655647383,0.4692400482509047,1.4819232202758106,0.2689526649273202,0.0018635855385762206,0.024242424242424242,0.5598040920182669,0.7266225150631681,0.9179843032934135,2.2947897792857392
tsb_nb,none,0.8,2,13,0.95,26,all,909,0.9549233865273267,0.9503950395039504,0.10482933530592835,1.8931206750458978,0.13685920067787036,0.0,0.0,0.9377832849957631,0.9663040198252882,1.743803650960801,2.1123166629422845
tsb_nb,none,0.8,2,13,0.95,26,smooth,187,0.9766373884777647,0.946524064171123,0.06148686416992733,1.4793830832007746,0.034782488415519744,0.0,0.0,0.9649095030402705,0.9848045600005026,1.3801944226292753,1.627246754179015
tsb_nb,none,0.8,2,13,0.95,26,erratic,285,0.929560359485062,0.9116427432216906,0.11901181525241676,2.4222869943054546,0.18756376001943165,0.0,0.0,0.9066144785949305,0.9492726946115712,2.193121121255287,2.7393803544080035
tsb_nb,none,0.8,2,13,0.95,26,intermittent,272,0.6055335968379446,0.9852941176470589,0.2194513715710723,4.2150197628458494,1.7860869565217392,0.0,0.0,0.44717898879485785,0.7611020678513732,2.659112699676646,7.359193522226271
tsb_nb,none,0.8,2,13,0.95,26,lumpy,165,0.8848304137159896,0.9641873278236914,0.15681544028950542,4.638837122623928,1.4095415579575101,0.0,0.0,0.8089613662039215,0.9292170461217593,3.2192788662361034,6.673755592588949
tsb_nb,quantile,0.8,2,13,0.95,26,all,909,0.9547115520406723,0.9495449544954495,0.10662580576984043,1.881046109306595,0.13483971190509816,0.001959469001553453,0.09020902090209021,0.9376110422734134,0.9660805366963245,1.7302551444086187,2.098313089791801
tsb_nb,quantile,0.8,2,13,0.95,26,smooth,187,0.9766373884777647,0.946524064171123,0.06148686416992733,1.4770177743965696,0.034782488415519744,0.0004702953177951449,0.0427807486631016,0.9649095030402705,0.9848045600005026,1.3781792598772207,1.6264371621840883
tsb_nb,quantile,0.8,2,13,0.95,26,erratic,285,0.9293984292769816,0.9111642743221691,0.11965628356605801,2.4168893207027775,0.18756376001943165,0.0010795347205354493,0.03859649122807018,0.9064288100962905,0.9491695477510039,2.1892967577599136,2.7280213293848554
tsb_nb,quantile,0.8,2,13,0.95,26,intermittent,272,0.6023715415019762,0.9846256684491979,0.22942643391521197,3.898814229249012,1.7443478260869567,0.048221343873517786,0.10661764705882353,0.44379831094039834,0.7569413504823151,2.4966054109621605,6.751218323120895
tsb_nb,quantile,0.8,2,13,0.95,26,lumpy,165,0.8796123742079761,0.9614325068870524,0.16887816646562123,4.416325009317927,1.3439433469996271,0.03242638837122624,0.20606060606060606,0.7968446754820094,0.9266207212445333,3.1072561712775526,6.3713324410466345
tsb_nb,fixed,0.8,2,13,0.95,26,all,909,0.9548262957209434,0.95004500450045,0.10556905843812744,1.8851945346702443,0.1341600762604152,0.001156263239655416,0.1034103410341034,0.9376968478690463,0.9662128472942415,1.7367877194750274,2.1036050326816924
tsb_nb,fixed,0.8,2,13,0.95,26,smooth,187,0.9766373884777647,0.946524064171123,0.06148686416992733,1.4793415865550867,0.034782488415519744,1.3832215229268968e-05,0.0053475935828877,0.9649095030402705,0.9848045600005026,1.3801618935741822,1.627246754179015
tsb_nb,fixed,0.8,2,13,0.95,26,erratic,285,0.929560359485062,0.9116427432216906,0.11901181525241676,2.4219631338892937,0.18756376001943165,0.00021590694410708985,0.014035087719298246,0.9066144785949305,0.9492726946115712,2.1929251731073007,2.7384409040018984
tsb_nb,fixed,0.8,2,13,0.95,26,intermittent,272,0.5992094861660079,0.9844585561497327,0.23192019950124687,3.797628458498024,1.6278260869565218,0.04980237154150197,0.20955882352941177,0.4407216314484021,0.756296704361874,2.4172113311242964,6.5659586287165395
tsb_nb,fixed,0.8,2,13,0.95,26,lumpy,165,0.8837122623928438,0.9636363636363636,0.15922798552472858,4.506522549385016,1.3701826313827805,0.021990309355199404,0.19393939393939394,0.806851339254006,0.9288777421602986,3.153834305314568,6.493858076318152
tsb_nb,dead13,0.8,2,13,0.95,26,all,909,0.9543673209998588,0.9478947894789479,0.11011307196449328,1.8734641999717556,0.12870357294167492,0.0021359977404321424,0.1331133113311331,0.9372673988701594,0.965834482178762,1.7252593036985575,2.0890244690338493
tsb_nb,dead13,0.8,2,13,0.95,26,smooth,187,0.9766373884777647,0.946524064171123,0.06148686416992733,1.4793830832007746,0.034782488415519744,0.0,0.0,0.9649095030402705,0.9848045600005026,1.3801944226292753,1.627246754179015
tsb_nb,dead13,0.8,2,13,0.95,26,erratic,285,0.9294524060130084,0.9111642743221691,0.11965628356605801,2.4197770760802095,0.18720751356165494,0.0005667557282811108,0.017543859649122806,0.9065539857044171,0.9491222292777451,2.190344421447746,2.7298817825735266
tsb_nb,dead13,0.8,2,13,0.95,26,intermittent,272,0.574703557312253,0.9801136363636364,0.2967581047381546,3.150197628458498,1.2713043478260868,0.10434782608695652,0.2757352941176471,0.42214442513671285,0.7332049752791896,2.017515536898086,5.361723627129405
tsb_nb,dead13,0.8,2,13,0.95,26,lumpy,165,0.8773760715616847,0.9597796143250689,0.17611580217129072,4.345508758852031,1.312784196794633,0.03317182258665673,0.24848484848484848,0.7906263443129782,0.9256341138612765,3.060246774889006,6.343651890723639
tsb_nb,dead26,0.8,2,13,0.95,26,all,909,0.9548351221578874,0.95004500450045,0.10556905843812744,1.8892282163536223,0.13581061996893096,0.0006443298969072165,0.0627062706270627,0.9376968478690463,0.9662198605658605,1.7408641220544192,2.1077269138211996
tsb_nb,dead26,0.8,2,13,0.95,26,smooth,187,0.9766373884777647,0.946524064171123,0.06148686416992733,1.4793830832007746,0.034782488415519744,0.0,0.0,0.9649095030402705,0.9848045600005026,1.3801944226292753,1.627246754179015
tsb_nb,dead26,0.8,2,13,0.95,26,erratic,285,0.929560359485062,0.9116427432216906,0.11901181525241676,2.4222869943054546,0.18756376001943165,0.0,0.0,0.9066144785949305,0.9492726946115712,2.193121121255287,2.7393803544080035
tsb_nb,dead26,0.8,2,13,0.95,26,intermittent,272,0.5992094861660079,0.9844585561497327,0.23192019950124687,3.9486166007905137,1.702608695652174,0.034782608695652174,0.15441176470588236,0.4407216314484021,0.756296704361874,2.4692769738666924,6.904154322293937
tsb_nb,dead26,0.8,2,13,0.95,26,lumpy,165,0.8840849795005591,0.9636363636363636,0.15922798552472858,4.600074543421543,1.404621692135669,0.01080879612374208,0.09090909090909091,0.8084326195254637,0.9289336280918087,3.1948612516869095,6.6332720487445345
tsb_nb,none,0.9,2,13,0.95,26,all,909,0.9806259709080638,0.9831983198319832,0.03550671034555638,3.142008543990962,0.33902167772913433,0.0,0.0,0.9713975090818502,0.9866204828276375,2.8923771987133287,3.492089572202719
tsb_nb,none,0.9,2,13,0.95,26,smooth,187,0.9912718721903313,0.9805542051531356,0.022358859698155393,2.3367867764022408,0.0688042049934297,0.0,0.0,0.9855073349785152,0.9948671135557278,2.1850320610580583,2.5504254263502206
tsb_nb,none,0.9,2,13,0.95,26,erratic,285,0.9748198526435107,0.9787878787878788,0.02857142857142857,4.250667962108332,0.5679162281056864,0.0,0.0,0.962207717046111,0.9846098650899419,3.87695334452643,4.728066323539999
tsb_nb,none,0.9,2,13,0.95,26,intermittent,272,0.641897233201581,0.9889705882352942,0.16458852867830423,6.533596837944664,3.24,0.0,0.0,0.4808828417734557,0.8056884946236559,4.141613020577421,11.23581757285699
tsb_nb,none,0.9,2,13,0.95,26,lumpy,165,0.9336563548266865,0.984297520661157,0.06875753920386007,7.929183749534103,3.0913156913902347,0.0,0.0,0.8666898884329315,0.9716032701160654,5.734363664731857,11.163411166780941
tsb_nb,quantile,0.9,2,13,0.95,26,all,909,0.9802552605564185,0.9817481748174818,0.03857127760752404,3.1107894365202657,0.3320117215082615,0.004572094336958057,0.13861386138613863,0.9708858967406166,0.9863557462314139,2.8665655183289367,3.44701487711438
tsb_nb,quantile,0.9,2,13,0.95,26,smooth,187,0.9912718721903313,0.9805542051531356,0.022358859698155393,2.3317933467044747,0.0688042049934297,0.0009820872812780967,0.06417112299465241,0.9855073349785152,0.9948671135557278,2.180266147756066,2.54162169725299
tsb_nb,quantile,0.9,2,13,0.95,26,erratic,285,0.9744959922273501,0.9776714513556619,0.03007518796992481,4.2291852211696765,0.5658974981782852,0.0034545111057134375,0.07368421052631578,0.9620452591594281,0.9843725052425738,3.8530702724477557,4.700958704518072
tsb_nb,quantile,0.9,2,13,0.95,26,intermittent,272,0.6363636363636364,0.9881350267379679,0.1770573566084788,5.893280632411067,3.1078260869565217,0.08695652173913043,0.15073529411764705,0.4765415593499752,0.8010883870967741,3.8506703570707925,10.087574066236378
tsb_nb,quantile,0.9,2,13,0.95,26,lumpy,165,0.9250838613492359,0.9796143250688705,0.08926417370325694,7.344017890421171,2.885501304509877,0.07789787551248602,0.3151515151515151,0.8505162060784817,0.9661583149278554,5.361896892814282,10.407384997961417
tsb_nb,fixed,0.9,2,13,0.95,26,all,909,0.9803611777997459,0.9821482148214822,0.03772587974215365,3.11589111707386,0.3289630701878266,0.004254342606976416,0.21342134213421343,0.9710250546554836,0.9864046073957949,2.869732140159902,3.4553525773047924
tsb_nb,fixed,0.9,2,13,0.95,26,smooth,187,0.9912718721903313,0.9805542051531356,0.022358859698155393,2.336482467667197,0.0688042049934297,0.0001659865827512276,0.0213903743315508,0.9855073349785152,0.9948671135557278,2.1846720761655236,2.5503626078482426
tsb_nb,fixed,0.9,2,13,0.95,26,erratic,285,0.9748198526435107,0.9787878787878788,0.02857142857142857,4.247294416106658,0.5679162281056864,0.0014573718727228565,0.05964912280701754,0.962207717046111,0.9846098650899419,3.8744404111428556,4.723578753824113
tsb_nb,fixed,0.9,2,13,0.95,26,intermittent,272,0.6276679841897234,0.9869652406417112,0.19451371571072318,5.475889328063241,2.7686956521739132,0.1541501976284585,0.375,0.46697816967661715,0.7899923133044974,3.5526255311739012,9.298629338464547
tsb_nb,fixed,0.9,2,13,0.95,26,lumpy,165,0.9291837495341037,0.9818181818181818,0.07961399276236429,7.3797987327618335,2.8887812150577714,0.08237048080506895,0.4303030303030303,0.8592577904590921,0.9698480181958005,5.380225444419442,10.343259647680869
tsb_nb,dead13,0.9,2,13,0.95,26,all,909,0.9798404180200536,0.9797479747974798,0.04279826693437599,3.1023072306171446,0.32003071600056493,0.0038571529444993645,0.1551155115511551,0.9704449845231068,0.9859225241503609,2.8549810183843793,3.438562403820194
tsb_nb,dead13,0.9,2,13,0.95,26,smooth,187,0.9912718721903313,0.9805542051531356,0.022358859698155393,2.3367867764022408,0.0688042049934297,0.0,0.0,0.9855073349785152,0.9948671135557278,2.1850320610580583,2.5504254263502206
tsb_nb,dead13,0.9,2,13,0.95,26,erratic,285,0.974630934067417,0.9778309409888357,0.029860365198711065,4.245216311769627,0.5668474887323564,0.0011604998245756078,0.02456140350877193,0.9620508106028034,0.9844196731724096,3.869872045913793,4.723607650358563
tsb_nb,dead13,0.9,2,13,0.95,26,intermittent,272,0.6015810276679842,0.9824532085561497,0.26184538653366585,4.651383399209486,2.1617391304347824,0.15177865612648223,0.29411764705882354,0.44703955342231677,0.7640133493851053,2.9889597698737704,7.873090200961073
tsb_nb,dead13,0.9,2,13,0.95,26,lumpy,165,0.9221021244875139,0.9776859504132231,0.097708082026538,7.215430488259411,2.812523294819232,0.07528885575847931,0.32727272727272727,0.8446219383175173,0.9639586442549253,5.299496014930272,10.184184631934935
tsb_nb,dead26,0.9,2,13,0.95,26,all,909,0.9804317892952973,0.9823982398239824,0.037197506076297154,3.132679000141223,0.3356623358282729,0.0013063126677023019,0.0924092409240924,0.9711068638384183,0.9864344366984005,2.8834297436460363,3.4793854391794903
tsb_nb,dead26,0.9,2,13,0.95,26,smooth,187,0.9912718721903313,0.9805542051531356,0.022358859698155393,2.3367867764022408,0.0688042049934297,0.0,0.0,0.9855073349785152,0.9948671135557278,2.1850320610580583,2.5504254263502206
tsb_nb,dead26,0.9,2,13,0.95,26,erratic,285,0.9748198526435107,0.9787878787878788,0.02857142857142857,4.250667962108332,0.5679162281056864,0.0,0.0,0.962207717046111,0.9846098650899419,3.87695334452643,4.728066323539999
tsb_nb,dead26,0.9,2,13,0.95,26,intermittent,272,0.6284584980237155,0.9871323529411765,0.19201995012468828,5.918577075098814,2.9721739130434783,0.062450592885375494,0.22058823529411764,0.46928620414711414,0.7899923133044974,3.7124488500341344,10.208351599473364
tsb_nb,dead26,0.9,2,13,0.95,26,lumpy,165,0.9317927692881103,0.9829201101928374,0.07478890229191798,7.825195676481551,3.0757361162877377,0.025717480432351846,0.14545454545454545,0.8653443910152683,0.9710136866669802,5.6553489603768075,11.043628467683952
tsb_nb,none,0.95,2,13,0.95,26,all,909,0.9906792825872052,0.9918491849184918,0.017224981506921696,4.505904886315492,0.730161700324813,0.0,0.0,0.9850941193830812,0.9946757914536536,4.125502092577881,5.027204256434931
tsb_nb,none,0.95,2,13,0.95,26,smooth,187,0.9967770938515803,0.99246475449684,0.008664058133035215,3.1558060723424854,0.11314198768932845,0.0,0.0,0.9937454407253979,0.9986327481800787,2.938713255805874,3.467514454793923
tsb_nb,none,0.95,2,13,0.95,26,erratic,285,0.9925512104283054,0.9925039872408293,0.010096670247046188,6.433055353142795,1.410617223976466,0.0,0.0,0.9890964948965177,0.9952948182807295,5.731830456748084,7.234573041200598
tsb_nb,none,0.95,2,13,0.95,26,intermittent,272,0.6640316205533597,0.9913101604278075,0.12967581047381546,8.909090909090908,4.907826086956522,0.0,0.0,0.49866247062471764,0.8275213440860216,5.717293355129236,15.39469902787484
tsb_nb,none,0.95,2,13,0.95,26,lumpy,165,0.9545285128587402,0.990909090909091,0.039806996381182146,12.194558330227357,5.989116660454715,0.0,0.0,0.8958111066399775,0.9826980016788855,9.006296829798979,16.848447213839734
tsb_nb,quantile,0.95,2,13,0.95,26,all,909,0.9899466883208586,0.9901490149014901,0.020817922434745853,4.432769029798051,0.7055783081485666,0.010353410535235136,0.2079207920792079,0.9842317305968934,0.9940977006840919,4.060970750787603,4.946061054020148
tsb_nb,quantile,0.95,2,13,0.95,26,smooth,187,0.9967770938515803,0.99246475449684,0.008664058133035215,3.1471332733937336,0.11241164672522304,0.0017428591188878898,0.0855614973262032,0.9937454407253979,0.9986327481800787,2.9309289729903716,3.452666564269817
tsb_nb,quantile,0.95,2,13,0.95,26,erratic,285,0.9915256524437968,0.9915470494417863,0.011385606874328678,6.357730818017435,1.3914392896661538,0.011928858661916715,0.1649122807017544,0.9872766021617527,0.9948354650263269,5.66252414974181,7.152385267188789
tsb_nb,quantile,0.95,2,13,0.95,26,intermittent,272,0.6569169960474308,0.9903074866310161,0.14463840399002495,7.811857707509882,4.579130434782609,0.14150197628458497,0.22058823529411764,0.4924653630813332,0.8218597311827958,5.191028324325201,13.38329506868945
tsb_nb,quantile,0.95,2,13,0.95,26,lumpy,165,0.9411106969809915,0.9848484848484849,0.06634499396863691,10.897502795378308,5.390532985464033,0.158777487886694,0.4,0.8657961323120223,0.9772797661376327,8.001241019534646,14.89383734085216
tsb_nb,fixed,0.95,2,13,0.95,26,all,909,0.9900879113119616,0.9901990199019902,0.020712247701574555,4.418690862872476,0.6913836322553312,0.013857506001977122,0.34213421342134215,0.9845126143574175,0.9940980701322102,4.0523881419910985,4.928252945340036
tsb_nb,fixed,0.95,2,13,0.95,26,smooth,187,0.9967770938515803,0.99246475449684,0.008664058133035215,3.154796320630749,0.11314198768932845,0.0005532886091707587,0.058823529411764705,0.9937454407253979,0.9986327481800787,2.937577229915928,3.466731680359506
tsb_nb,fixed,0.95,2,13,0.95,26,erratic,285,0.9922003616441314,0.9923444976076555,0.010311493018259935,6.378376919547676,1.4047985318327803,0.011254149461582059,0.20350877192982456,0.9884617456239028,0.9951398431080001,5.670706704773113,7.163295916142797
tsb_nb,fixed,0.95,2,13,0.95,26,intermittent,272,0.6426877470355731,0.9883021390374331,0.1745635910224439,6.8,3.8260869565217392,0.3438735177865613,0.5294117647058824,0.4793018031710653,0.8110065228342627,4.428902879542988,11.713810632043115
tsb_nb,fixed,0.95,2,13,0.95,26,lumpy,165,0.9444651509504286,0.9870523415977961,0.05669481302774427,10.288483041371599,4.942005218039508,0.2527021990309355,0.593939393939394,0.8743076621473823,0.9773287894023573,7.675478172817282,14.339208802643725
tsb_nb,dead13,0.95,2,13,0.95,26,all,909,0.9896730687755967,0.9876487648764877,0.02610165909331079,4.437782445982206,0.6940050840276798,0.006284423104081344,0.16611661166116612,0.9838481806867428,0.9937456889554118,4.072954212826139,4.944789537277207
tsb_nb,dead13,0.95,2,13,0.95,26,smooth,187,0.9967770938515803,0.99246475449684,0.008664058133035215,3.1558060723424854,0.11314198768932845,0.0,0.0,0.9937454407253979,0.9986327481800787,2.938713255805874,3.467514454793923
tsb_nb,dead13,0.95,2,13,0.95,26,erratic,285,0.9923622918522117,0.9915470494417863,0.011385606874328678,6.422206029201414,1.408717242868324,0.002455941489218147,0.028070175438596492,0.9888968970544806,0.9950989075130829,5.7143901080864845,7.221410725554224
tsb_nb,dead13,0.95,2,13,0.95,26,intermittent,272,0.6150197628458498,0.9834558823529411,0.24688279301745636,6.090909090909091,3.1686956521739127,0.2,0.29411764705882354,0.4571722731121545,0.7765098825071243,3.9271692805433616,10.378734088090198
tsb_nb,dead13,0.95,2,13,0.95,26,lumpy,165,0.9377562430115542,0.9823691460055096,0.07720144752714113,10.796496459187477,5.30853522176668,0.13715989563920983,0.38181818181818183,0.859929276737625,0.9758734253698652,8.073186693669367,15.182675301115575
tsb_nb,dead26,0.95,2,13,0.95,26,all,909,0.9904233159158311,0.9907490749074908,0.019549825636690266,4.48815492162124,0.7221031633950008,0.002056559807936732,0.10451045104510451,0.9848273255532008,0.9944583496428401,4.113256295140885,5.005467184187667
tsb_nb,dead26,0.95,2,13,0.95,26,smooth,187,0.9967770938515803,0.99246475449684,0.008664058133035215,3.1558060723424854,0.11314198768932845,0.0,0.0,0.9937454407253979,0.9986327481800787,2.938713255805874,3.467514454793923
tsb_nb,dead26,0.95,2,13,0.95,26,erratic,285,0.9925512104283054,0.9925039872408293,0.010096670247046188,6.433055353142795,1.410617223976466,0.0,0.0,0.9890964948965177,0.9952948182807295,5.731830456748084,7.234573041200598
tsb_nb,dead26,0.95,2,13,0.95,26,intermittent,272,0.6450592885375495,0.9884692513368984,0.17206982543640897,7.781818181818181,4.2904347826086955,0.08616600790513834,0.25,0.4838755231566669,0.8092912903225806,4.904757752840499,13.48472055007723
tsb_nb,dead26,0.95,2,13,0.95,26,lumpy,165,0.952664927320164,0.9895316804407713,0.045838359469240045,11.97651882221394,5.939918002236303,0.04621692135669027,0.16363636363636364,0.8919857078492471,0.9817669402881859,8.873800925765654,16.536387417752657
tsb_nb,none,0.99,2,13,0.95,26,all,909,0.9954367320999858,0.9965996599659966,0.007185881855648314,8.103569411100127,2.4152114814291767,0.0,0.0,0.9920469934212623,0.9980376687253002,7.189640647793299,9.691510789655903
tsb_nb,none,0.99,2,13,0.95,26,smooth,187,0.9995020402517463,0.9985415653864852,0.0016769144773616546,4.974078428660349,0.2832201397053738,0.0,0.0,0.9987493076902726,0.9999456013835619,4.618110043569852,5.474007078236812
tsb_nb,none,0.99,2,13,0.95,26,erratic,285,0.9995142093757591,0.9995215311004785,0.0006444683136412459,12.638032008204464,5.221860578090843,0.0,0.0,0.9987408752152627,1.0,10.756568262268912,15.024078263899517
tsb_nb,none,0.99,2,13,0.95,26,intermittent,272,0.6909090909090909,0.9924799465240641,0.11221945137157108,14.344664031620553,9.189565217391305,0.0,0.0,0.528227158733859,0.8534381677002449,9.212501012402607,24.657056804518355
tsb_nb,none,0.99,2,13,0.95,26,lumpy,165,0.9731643682445025,0.9961432506887052,0.016887816646562123,26.864703689899365,17.90831159150205,0.0,0.0,0.9186689463716177,0.9967037296085952,19.404492749378672,37.35767944273007
tsb_nb,quantile,0.99,2,13,0.95,26,all,909,0.9945629148425363,0.9941494149414941,0.012363943781041952,7.471976062703008,1.9742444569975992,0.09438991667843524,0.45434543454345433,0.9908818914120227,0.9972020884634427,6.719680413422375,8.5624089797184
tsb_nb,quantile,0.99,2,13,0.95,26,smooth,187,0.9995020402517463,0.9985415653864852,0.0016769144773616546,4.942942112179266,0.2752776817207276,0.007317241856283283,0.1497326203208556,0.9987493076902726,0.9999456013835619,4.59248769107523,5.4372853593695645
tsb_nb,quantile,0.99,2,13,0.95,26,erratic,285,0.9987585350713842,0.9980861244019139,0.0025778732545649837,11.463660162469976,4.3553504439586535,0.20300650419669122,0.4421052631578947,0.9972756548488236,0.9996689253496935,10.00331548687811,13.14451214787166
tsb_nb,quantile,0.99,2,13,0.95,26,intermittent,272,0.6758893280632411,0.9908088235294118,0.1371571072319202,11.112252964426878,7.443478260869565,0.37470355731225297,0.5073529411764706,0.5111131509853432,0.8354831663974153,7.305658334595621,18.872832210751607
tsb_nb,quantile,0.99,2,13,0.95,26,lumpy,165,0.9537830786433097,0.9878787878787879,0.05307599517490953,18.77562430115542,12.291464778233319,0.8084234066343645,0.7333333333333333,0.8806472587119138,0.9840256684068976,13.837315716693498,25.301530916469265
tsb_nb,fixed,0.99,2,13,0.95,26,all,909,0.9924798757237678,0.98994899489949,0.02124062136743105,7.120613260838865,1.6976715859341902,0.17151532269453468,0.5401540154015402,0.9879431803393022,0.995452031023612,6.49129112774501,8.002168381370428
tsb_nb,fixed,0.99,2,13,0.95,26,smooth,187,0.9995020402517463,0.9985415653864852,0.0016769144773616546,4.9604536966595205,0.2830375544643475,0.004799778684556332,0.1497326203208556,0.9987493076902726,0.9999456013835619,4.604950226665491,5.456614631772788
tsb_nb,fixed,0.99,2,13,0.95,26,erratic,285,0.9936037567808275,0.9894736842105263,0.01417830290010741,10.69252152322349,3.8307181604728364,0.3396755998164791,0.49122807017543857,0.9892434289665227,0.9966685832447741,9.56984443969795,12.128366890430883
tsb_nb,fixed,0.99,2,13,0.95,26,intermittent,272,0.6529644268774704,0.9872994652406417,0.18952618453865336,8.865612648221344,5.829565217391305,1.1470355731225297,0.7058823529411765,0.4917665998501549,0.8142425592417062,5.746621664919693,14.985913168766494
tsb_nb,fixed,0.99,2,13,0.95,26,lumpy,165,0.9478196049198658,0.9853994490358127,0.06393244873341375,15.175549757733881,8.409690644800596,1.8814759597465525,0.793939393939394,0.8802990444261996,0.9811424223294606,11.337167290086168,20.77773678925066
tsb_nb,dead13,0.99,2,13,0.95,26,all,909,0.9941039401214518,0.9917491749174917,0.017436330973264292,7.936114249399803,2.3138875158875867,0.015640446264651886,0.1716171617161716,0.9904018345185349,0.9967485724234503,7.043845273589693,9.507800994215176
tsb_nb,dead13,0.99,2,13,0.95,26,smooth,187,0.9995020402517463,0.9985415653864852,0.0016769144773616546,4.974078428660349,0.2832201397053738,0.0,0.0,0.9987493076902726,0.9999456013835619,4.618110043569852,5.474007078236812
tsb_nb,dead13,0.99,2,13,0.95,26,erratic,285,0.9993252907996654,0.9985645933014354,0.001933404940923738,12.604269559819718,5.217585620597522,0.009014114916471002,0.028070175438596492,0.9986066709918863,0.9998528375740602,10.742675751341565,14.967666392058216
tsb_nb,dead13,0.99,2,13,0.95,26,intermittent,272,0.6324110671936759,0.983957219251337,0.23940149625935161,9.300395256916996,5.638260869565217,0.308300395256917,0.2977941176470588,0.47555389328281933,0.792542326389418,5.958250113353852,15.804235122444487
tsb_nb,dead13,0.99,2,13,0.95,26,lumpy,165,0.9470741707044353,0.9851239669421488,0.06513872135102533,22.6380916884085,15.36310100633619,0.39060752888557587,0.40606060606060607,0.8716420361247947,0.9809078211294255,16.710159165024034,30.6307309277241
tsb_nb,dead26,0.99,2,13,0.95,26,all,909,0.9951101539330603,0.9953995399539954,0.009722075451759484,8.059569622934614,2.395055430024008,0.004836887445276091,0.132013201320132,0.99168389263541,0.9977443268688724,7.149776626972697,9.645752565423587
tsb_nb,dead26,0.99,2,13,0.95,26,smooth,187,0.9995020402517463,0.9985415653864852,0.0016769144773616546,4.974078428660349,0.2832201397053738,0.0,0.0,0.9987493076902726,0.9999456013835619,4.618110043569852,5.474007078236812
tsb_nb,dead26,0.99,2,13,0.95,26,erratic,285,0.9995142093757591,0.9995215311004785,0.0006444683136412459,12.638032008204464,5.221860578090843,0.0,0.0,0.9987408752152627,1.0,10.756568262268912,15.024078263899517
tsb_nb,dead26,0.99,2,13,0.95,26,intermittent,272,0.666403162055336,0.9894719251336899,0.1571072319201995,12.079841897233202,7.798260869565217,0.15256916996047432,0.29411764705882354,0.5055583413992804,0.8312197311827958,7.571056399042404,21.043281572255264
tsb_nb,dead26,0.99,2,13,0.95,26,lumpy,165,0.970928065598211,0.9944903581267217,0.024125452352231604,26.074543421543048,17.71315691390235,0.13231457323891166,0.24242424242424243,0.9151037926391382,0.9951196023337829,18.954982521277007,36.33402610089747
ets,none,0.5,2,13,0.95,26,all,909,0.8736936873322977,0.8970897089708971,0.2174786008665328,0.8427570258438073,0.0812650049428047,0.0,0.0,0.8571880184704113,0.8880962893473491,0.7390816309458732,0.9973801268934926
ets,none,0.5,2,13,0.95,26,smooth,187,0.8937132581782973,0.7994652406417112,0.2305757406372275,0.6064596445120687,0.017132581782972545,0.0,0.0,0.8758794587262203,0.9076255700937258,0.5269489024146161,0.7302376982704251
ets,none,0.5,2,13,0.95,26,erratic,285,0.8488111623890103,0.8406698564593301,0.21460794844253492,0.99147167570777,0.031171565055461096,0.0,0.0,0.8278866334217517,0.8661190738057122,0.8599780130914344,1.141094581606148
ets,none,0.5,2,13,0.95,26,intermittent,272,0.5889328063241107,0.9846256684491979,0.22942643391521197,5.539920948616601,3.659130434782609,0.0,0.0,0.44912108066185213,0.7235012542964853,3.3857842324138727,10.101375034806743
ets,none,0.5,2,13,0.95,26,lumpy,165,0.812150577711517,0.9608815426997245,0.1712907117008444,2.9414834140887067,0.8142377935147224,0.0,0.0,0.7577362677527151,0.8478482027523053,2.150643837156995,4.202685190920569
ets,quantile,0.5,2,13,0.95,26,all,909,0.8736936873322977,0.8970897089708971,0.2174786008665328,0.8425981499788165,0.08114849597514476,8.826436943934473e-06,0.0011001100110011,0.8571880184704113,0.8880962893473491,0.7390783630194815,0.9973748571407026
ets,quantile,0.5,2,13,0.95,26,smooth,187,0.8937132581782973,0.7994652406417112,0.2305757406372275,0.6064596445120687,0.017132581782972545,0.0,0.0,0.8758794587262203,0.9076255700937258,0.5269489024146161,0.7302376982704251
ets,quantile,0.5,2,13,0.95,26,erratic,285,0.8488111623890103,0.8406698564593301,0.21460794844253492,0.99147167570777,0.031171565055461096,0.0,0.0,0.8278866334217517,0.8661190738057122,0.8599780130914344,1.141094581606148
ets,quantile,0.5,2,13,0.95,26,intermittent,272,0.5889328063241107,0.9846256684491979,0.22942643391521197,5.525691699604743,3.648695652173913,0.0007905138339920949,0.003676470588235294,0.44912108066185213,0.7235012542964853,3.3692482601400693,10.101375034806743
ets,quantile,0.5,2,13,0.95,26,lumpy,165,0.812150577711517,0.9608815426997245,0.1712907117008444,2.9414834140887067,0.8142377935147224,0.0,0.0,0.7577362677527151,0.8478482027523053,2.150643837156995,4.202685190920569
ets,fixed,0.5,2,13,0.95,26,all,909,0.873393588476204,0.8956395639563957,0.22054316812850047,0.8093930941957351,0.056312667702301936,0.011103657675469567,0.28822882288228824,0.856837960217688,0.8877929032843385,0.7123023044709039,0.9549567159582278
ets,fixed,0.5,2,13,0.95,26,smooth,187,0.8937132581782973,0.7994652406417112,0.2305757406372275,0.6063904834359223,0.017132581782972545,1.3832215229268968e-05,0.0053475935828877,0.8758794587262203,0.9076255700937258,0.5269028291886606,0.7301369113319126
ets,fixed,0.5,2,13,0.95,26,erratic,285,0.8488111623890103,0.8406698564593301,0.21460794844253492,0.9914446873397565,0.031171565055461096,2.698836801338623e-05,0.0035087719298245615,0.8278866334217517,0.8661190738057122,0.8599529025276386,1.14103348395347
ets,fixed,0.5,2,13,0.95,26,intermittent,272,0.5707509881422925,0.9816176470588235,0.2743142144638404,3.036363636363636,1.6017391304347828,0.825296442687747,0.7132352941176471,0.4348745500348784,0.7063918879587537,1.9486010149499382,5.457867338267575
ets,fixed,0.5,2,13,0.95,26,lumpy,165,0.8080506895266493,0.9578512396694215,0.18455971049457176,2.715244129705553,0.7306000745434216,0.07901602683563176,0.4,0.7528466304650515,0.8444878586118252,1.9855692416136494,3.860264566117876
ets,dead13,0.5,2,13,0.95,26,all,909,0.8727316057054089,0.8924892489248925,0.2272006763182923,0.7915372122581557,0.04231217342183308,0.0021624770512639457,0.17271727172717272,0.85584455665656,0.887301812539361,0.697608849275505,0.9302169071788442
ets,dead13,0.5,2,13,0.95,26,smooth,187,0.8937132581782973,0.7994652406417112,0.2305757406372275,0.6064596445120687,0.017132581782972545,0.0,0.0,0.8758794587262203,0.9076255700937258,0.5269489024146161,0.7302376982704251
ets,dead13,0.5,2,13,0.95,26,erratic,285,0.8486222438129166,0.8397129186602871,0.2158968850698174,0.989096699322592,0.0310528162362022,0.0006747092003346558,0.028070175438596492,0.8276240988905212,0.865922599458646,0.8584482632351835,1.1398495638751738
ets,dead13,0.5,2,13,0.95,26,intermittent,272,0.5430830039525691,0.9769385026737968,0.34413965087281795,2.160474308300395,0.8556521739130435,0.0932806324110672,0.2977941176470588,0.4077648265285721,0.6712927962085309,1.440603879264633,3.6728601193828143
ets,dead13,0.5,2,13,0.95,26,lumpy,165,0.7957510249720462,0.949862258953168,0.2195416164053076,2.4047707789787554,0.49280655982109584,0.0380171449869549,0.4121212121212121,0.7359688631300474,0.8345672002507051,1.7968564741179875,3.4493200242254556
ets,dead26,0.5,2,13,0.95,26,all,909,0.87338476203926,0.8956895689568957,0.22043749339532917,0.81088476203926,0.056934048863154924,0.0012974862307583675,0.15071507150715072,0.8567825820989399,0.8877785890861344,0.7137426442179879,0.9567350363953486
ets,dead26,0.5,2,13,0.95,26,smooth,187,0.8937132581782973,0.7994652406417112,0.2305757406372275,0.6064596445120687,0.017132581782972545,0.0,0.0,0.8758794587262203,0.9076255700937258,0.5269489024146161,0.7302376982704251
ets,dead26,0.5,2,13,0.95,26,erratic,285,0.8488111623890103,0.8406698564593301,0.21460794844253492,0.99147167570777,0.031171565055461096,0.0,0.0,0.8278866334217517,0.8661190738057122,0.8599780130914344,1.141094581606148
ets,dead26,0.5,2,13,0.95,26,intermittent,272,0.5691699604743083,0.9816176470588235,0.2743142144638404,3.092490118577075,1.631304347826087,0.07035573122529644,0.31985294117647056,0.43343050375684333,0.7033103735632185,1.9782638976713862,5.534535951874331
ets,dead26,0.5,2,13,0.95,26,lumpy,165,0.8084234066343645,0.9581267217630854,0.18335343787696018,2.749534103615356,0.7428997390980245,0.02161759224748416,0.30303030303030304,0.7533974519632414,0.8445039254498715,2.0071327658087528,3.902624827407362
ets,none,0.8,2,13,0.95,26,all,909,0.9736177799745799,0.9794979497949795,0.04332664060023248,2.3018464906086713,0.2469407569552323,0.0,0.0,0.9653798326734532,0.9795417604288494,2.0492082809198795,2.63977384923274
ets,none,0.8,2,13,0.95,26,smooth,187,0.9822671000760772,0.9669421487603306,0.03801006148686417,1.5804135832353552,0.043242271249740644,0.0,0.0,0.9727713511545203,0.9884426275907947,1.422100253923278,1.8398168506588246
ets,none,0.8,2,13,0.95,26,erratic,285,0.9700698998731546,0.971451355661882,0.03845327604726101,3.102555798450868,0.24159447278223084,0.0,0.0,0.960315374758105,0.9782841329568966,2.7922345538738806,3.434742273084666
ets,none,0.8,2,13,0.95,26,intermittent,272,0.6577075098814229,0.9908088235294118,0.1371571072319202,8.79604743083004,5.740869565217391,0.0,0.0,0.5084140957177014,0.8194533652092345,5.471814159032225,15.919385749743833
ets,none,0.8,2,13,0.95,26,lumpy,165,0.9385016772269847,0.9889807162534435,0.04825090470446321,7.6213194185613125,3.2192322027581066,0.0,0.0,0.8771061169530648,0.9720665489072172,5.778447297854786,10.616172482462197
ets,quantile,0.8,2,13,0.95,26,all,909,0.9736177799745799,0.9794979497949795,0.04332664060023248,2.30168761474368,0.24682424798757238,8.826436943934473e-06,0.0011001100110011,0.9653798326734532,0.9795417604288494,2.049204910209109,2.6395587767303987
ets,quantile,0.8,2,13,0.95,26,smooth,187,0.9822671000760772,0.9669421487603306,0.03801006148686417,1.5804135832353552,0.043242271249740644,0.0,0.0,0.9727713511545203,0.9884426275907947,1.422100253923278,1.8398168506588246
ets,quantile,0.8,2,13,0.95,26,erratic,285,0.9700698998731546,0.971451355661882,0.03845327604726101,3.102555798450868,0.24159447278223084,0.0,0.0,0.960315374758105,0.9782841329568966,2.7922345538738806,3.434742273084666
ets,quantile,0.8,2,13,0.95,26,intermittent,272,0.6577075098814229,0.9908088235294118,0.1371571072319202,8.781818181818181,5.730434782608696,0.0007905138339920949,0.003676470588235294,0.5084140957177014,0.8194533652092345,5.455278186758422,15.918696622638167
ets,quantile,0.8,2,13,0.95,26,lumpy,165,0.9385016772269847,0.9889807162534435,0.04825090470446321,7.6213194185613125,3.2192322027581066,0.0,0.0,0.8771061169530648,0.9720665489072172,5.778447297854786,10.616172482462197
ets,fixed,0.8,2,13,0.95,26,all,909,0.9730440615732241,0.9773977397739774,0.04776497939342703,2.2286488490326226,0.20101680553594128,0.02099809348962011,0.38833883388338836,0.9645874997551517,0.9792097681692304,1.9926884167580297,2.5451166372463807
ets,fixed,0.8,2,13,0.95,26,smooth,187,0.9822671000760772,0.9669421487603306,0.03801006148686417,1.5800539456393943,0.043242271249740644,0.00015215436752195863,0.0213903743315508,0.9727713511545203,0.9884426275907947,1.4215651896233261,1.8390490294832103
ets,fixed,0.8,2,13,0.95,26,erratic,285,0.9700159231371279,0.971451355661882,0.03845327604726101,3.096078590127655,0.24159447278223084,0.001970150864977195,0.056140350877192984,0.9602506661868273,0.9781539748507698,2.7850156532831103,3.4274337948554128
ets,fixed,0.8,2,13,0.95,26,intermittent,272,0.6324110671936759,0.9869652406417112,0.19451371571072318,5.330434782608696,3.149565217391304,1.032411067193676,0.8235294117647058,0.4819980418665294,0.7880462658614892,3.3943034315333196,9.436747682207795
ets,fixed,0.8,2,13,0.95,26,lumpy,165,0.9269474468878122,0.9837465564738292,0.07117008443908324,6.263510995154677,2.5017517704062615,0.36861721953037646,0.6606060606060606,0.8639232965553928,0.9636758088520913,4.80921068669367,8.60927237746799
ets,dead13,0.8,2,13,0.95,26,all,909,0.9724262109871487,0.9743974397439744,0.054105463383704956,2.2204843948594832,0.1868803841265358,0.004704490891117074,0.17271727172717272,0.9639137536308806,0.9786015927236172,1.9878322992685535,2.532078608247543
ets,dead13,0.8,2,13,0.95,26,smooth,187,0.9822671000760772,0.9669421487603306,0.03801006148686417,1.5804135832353552,0.043242271249740644,0.0,0.0,0.9727713511545203,0.9884426275907947,1.422100253923278,1.8398168506588246
ets,dead13,0.8,2,13,0.95,26,erratic,285,0.969880981297061,0.970494417862839,0.0397422126745435,3.097185113216204,0.24076323104741856,0.0016193020808031738,0.028070175438596492,0.9600624077497637,0.9779193317879888,2.7893428776825213,3.4282770189738865
ets,dead13,0.8,2,13,0.95,26,intermittent,272,0.6023715415019762,0.981951871657754,0.26932668329177056,4.406324110671937,2.2330434782608695,0.1707509881422925,0.2977941176470588,0.4543708831388764,0.7573565880840991,2.7789694062305217,7.7205508063204205
ets,dead13,0.8,2,13,0.95,26,lumpy,165,0.9168840849795006,0.9771349862258953,0.10012062726176116,6.329481923220276,2.34841595229221,0.09578829668281774,0.4121212121212121,0.8473485030873751,0.9561790964546012,4.853435260165441,8.788147417255228
ets,dead26,0.8,2,13,0.95,26,all,909,0.9732558960598785,0.9778977897789779,0.046708232061714046,2.261430235842395,0.21942522242621101,0.0022860471684790283,0.15071507150715072,0.964928101702216,0.9792971130597955,2.019381025233145,2.5823320018321065
ets,dead26,0.8,2,13,0.95,26,smooth,187,0.9822671000760772,0.9669421487603306,0.03801006148686417,1.5804135832353552,0.043242271249740644,0.0,0.0,0.9727713511545203,0.9884426275907947,1.422100253923278,1.8398168506588246
ets,dead26,0.8,2,13,0.95,26,erratic,285,0.9700698998731546,0.971451355661882,0.03845327604726101,3.102555798450868,0.24159447278223084,0.0,0.0,0.960315374758105,0.9782841329568966,2.7922345538738806,3.434742273084666
ets,dead26,0.8,2,13,0.95,26,intermittent,272,0.6339920948616601,0.9872994652406417,0.18952618453865336,6.037154150197628,3.5721739130434784,0.10434782608695652,0.31985294117647056,0.48510365379745374,0.7862984334445682,3.756190526396074,10.74449627439826
ets,dead26,0.8,2,13,0.95,26,lumpy,165,0.934401789042117,0.9859504132231405,0.061519903498190594,7.215430488259411,3.079836004472605,0.047335072679836006,0.30303030303030304,0.8703682924396569,0.9688455690443041,5.466685060640246,10.088292279063902
ets,none,0.9,2,13,0.95,26,all,909,0.9846773054653297,0.988998899889989,0.023248441297685725,3.191286541448948,0.4043055359412513,0.0,0.0,0.9782396124143489,0.9890567857938442,2.846014965762064,3.6419813341240332
ets,none,0.9,2,13,0.95,26,smooth,187,0.991258039975102,0.983957219251337,0.0184460592509782,2.1973718791064387,0.07224289369942596,0.0,0.0,0.9851148436857965,0.9949993360314987,1.9796794951635373,2.5387348884763394
ets,none,0.9,2,13,0.95,26,erratic,285,0.984346746552236,0.9861244019138756,0.018689581095596132,4.352764958302972,0.4897201306237012,0.0,0.0,0.9780523392308943,0.9901280408722775,3.932165624194683,4.792274885042247
ets,none,0.9,2,13,0.95,26,intermittent,272,0.6743083003952569,0.9923128342245989,0.11471321695760599,10.864031620553359,7.24695652173913,0.0,0.0,0.5170034826468923,0.8368591153470186,6.635041791868567,19.385107645981265
ets,none,0.9,2,13,0.95,26,lumpy,165,0.9582556839358927,0.9942148760330578,0.025331724969843185,10.31494595601938,4.946105106224376,0.0,0.0,0.8945201149425287,0.9875801064029353,7.88108577399482,14.46433542690581
ets,quantile,0.9,2,13,0.95,26,all,909,0.9846773054653297,0.988998899889989,0.023248441297685725,3.191127665583957,0.40418902697359127,8.826436943934473e-06,0.0011001100110011,0.9782396124143489,0.9890567857938442,2.846014965762064,3.6417662616216915
ets,quantile,0.9,2,13,0.95,26,smooth,187,0.991258039975102,0.983957219251337,0.0184460592509782,2.1973718791064387,0.07224289369942596,0.0,0.0,0.9851148436857965,0.9949993360314987,1.9796794951635373,2.5387348884763394
ets,quantile,0.9,2,13,0.95,26,erratic,285,0.984346746552236,0.9861244019138756,0.018689581095596132,4.352764958302972,0.4897201306237012,0.0,0.0,0.9780523392308943,0.9901280408722775,3.932165624194683,4.792274885042247
ets,quantile,0.9,2,13,0.95,26,intermittent,272,0.6743083003952569,0.9923128342245989,0.11471321695760599,10.849802371541502,7.236521739130435,0.0007905138339920949,0.003676470588235294,0.5170034826468923,0.8368591153470186,6.6185058195947635,19.358231688860286
ets,quantile,0.9,2,13,0.95,26,lumpy,165,0.9582556839358927,0.9942148760330578,0.025331724969843185,10.31494595601938,4.946105106224376,0.0,0.0,0.8945201149425287,0.9875801064029353,7.88108577399482,14.46433542690581
ets,fixed,0.9,2,13,0.95,26,all,909,0.9838299675187121,0.9858985898589859,0.029800274754306244,3.077451984183025,0.3323029939274114,0.03201348679565033,0.42684268426842686,0.9771193153111221,0.988280421897354,2.7549238249124626,3.493316973398821
ets,fixed,0.9,2,13,0.95,26,smooth,187,0.991258039975102,0.983957219251337,0.0184460592509782,2.1965557784079124,0.07224289369942596,0.0003319731655024552,0.026737967914438502,0.9851148436857965,0.9949993360314987,1.97856742082372,2.5356849748365082
ets,fixed,0.9,2,13,0.95,26,erratic,285,0.9841578279761423,0.9858054226475279,0.01911922663802363,4.329770868755567,0.487582651877041,0.006612150163279627,0.09824561403508772,0.9775941013021636,0.9901240114304894,3.9182182802936794,4.761616567427921
ets,fixed,0.9,2,13,0.95,26,intermittent,272,0.641897233201581,0.9872994652406417,0.18952618453865336,6.456126482213438,4.057391304347826,1.2948616600790515,0.8823529411764706,0.48310378279085714,0.8001938610662359,4.049581069007488,11.299269470998015
ets,fixed,0.9,2,13,0.95,26,lumpy,165,0.940365262765561,0.9859504132231405,0.061519903498190594,7.925829295564666,3.4389862094670147,0.6410734252702199,0.696969696969697,0.8703613011730885,0.9765515913874898,6.150764154545562,10.761827869944
ets,dead13,0.9,2,13,0.95,26,all,909,0.9833886456715153,0.9836483648364837,0.034555637747014686,3.0895265499223274,0.32822518005931367,0.00611672080214659,0.17271727172717272,0.9766799955945482,0.98782028204503,2.76908571905131,3.5123658562844478
ets,dead13,0.9,2,13,0.95,26,smooth,187,0.991258039975102,0.983957219251337,0.0184460592509782,2.1973718791064387,0.07224289369942596,0.0,0.0,0.9851148436857965,0.9949993360314987,1.9796794951635373,2.5387348884763394
ets,dead13,0.9,2,13,0.95,26,erratic,285,0.9841578279761423,0.9851674641148326,0.019978517722878626,4.3456130407794245,0.4885326424311122,0.002105092705044126,0.028070175438596492,0.9777490691920876,0.9899400939914329,3.9277637624445294,4.783052912886953
ets,dead13,0.9,2,13,0.95,26,intermittent,272,0.6150197628458498,0.9829545454545454,0.2543640897755611,5.694861660079051,3.1165217391304347,0.21185770750988142,0.2977941176470588,0.4562902362887637,0.7742384953151471,3.504423973085753,9.969573277287113
ets,dead13,0.9,2,13,0.95,26,lumpy,165,0.934401789042117,0.9818181818181818,0.07961399276236429,8.553857622064854,3.697279165113679,0.1293328363771897,0.4121212121212121,0.8572633279909019,0.9711823839018339,6.618806584810165,11.781379925833603
ets,dead26,0.9,2,13,0.95,26,all,909,0.9842889422397967,0.9872987298729873,0.026841382225509882,3.143473732523655,0.3731782234147719,0.002992162123993786,0.15071507150715072,0.9777762338787842,0.988732671303577,2.8106905606952157,3.574559222805295
ets,dead26,0.9,2,13,0.95,26,smooth,187,0.991258039975102,0.983957219251337,0.0184460592509782,2.1973718791064387,0.07224289369942596,0.0,0.0,0.9851148436857965,0.9949993360314987,1.9796794951635373,2.5387348884763394
ets,dead26,0.9,2,13,0.95,26,erratic,285,0.984346746552236,0.9861244019138756,0.018689581095596132,4.352764958302972,0.4897201306237012,0.0,0.0,0.9780523392308943,0.9901280408722775,3.932165624194683,4.792274885042247
ets,dead26,0.9,2,13,0.95,26,intermittent,272,0.6482213438735178,0.9884692513368984,0.17206982543640897,7.749407114624506,4.866086956521738,0.13043478260869565,0.31985294117647056,0.49318003720683834,0.8077206701576515,4.69967426715317,13.70982654269754
ets,dead26,0.9,2,13,0.95,26,lumpy,165,0.9541557957510249,0.9911845730027549,0.038600723763570564,9.764442787923965,4.754230339172568,0.06485277674245248,0.30303030303030304,0.8874229725415069,0.9835884225122652,7.483648412556699,13.547780406092086
ets,none,0.95,2,13,0.95,26,all,909,0.9892582262392318,0.9927492749274928,0.015322836309838318,3.9414101115661633,0.5670297274396272,0.0,0.0,0.9840697891376868,0.9931488566180021,3.518791515549802,4.487213375769339
ets,none,0.95,2,13,0.95,26,smooth,187,0.9952417179611315,0.9917355371900827,0.009502515371716043,2.7175461650183275,0.10428660349955045,0.0,0.0,0.991725282467951,0.9974418680775423,2.4537163079818076,3.145094667869864
ets,none,0.95,2,13,0.95,26,erratic,285,0.9897174317868999,0.9913875598086125,0.011600429645542427,5.4114916471001,0.7685423582435971,0.0,0.0,0.9846705614417993,0.9939453355445805,4.900788004859822,5.938130006737771
ets,none,0.95,2,13,0.95,26,intermittent,272,0.68300395256917,0.9928141711229946,0.10723192019950124,12.572332015810277,8.631304347826088,0.0,0.0,0.5279452853600515,0.8481738758553277,7.742899529235959,22.457971038051653
ets,none,0.95,2,13,0.95,26,lumpy,165,0.9660827431979128,0.9961432506887052,0.016887816646562123,12.547521431233694,6.450764070070816,0.0,0.0,0.9022166934934687,0.9933618684226981,9.619961981336411,17.545577928883333
ets,quantile,0.95,2,13,0.95,26,all,909,0.9892582262392318,0.9927492749274928,0.015322836309838318,3.9412512357011726,0.5669132184719673,8.826436943934473e-06,0.0011001100110011,0.9840697891376868,0.9931488566180021,3.518791515549802,4.486998303266997
ets,quantile,0.95,2,13,0.95,26,smooth,187,0.9952417179611315,0.9917355371900827,0.009502515371716043,2.7175461650183275,0.10428660349955045,0.0,0.0,0.991725282467951,0.9974418680775423,2.4537163079818076,3.145094667869864
ets,quantile,0.95,2,13,0.95,26,erratic,285,0.9897174317868999,0.9913875598086125,0.011600429645542427,5.4114916471001,0.7685423582435971,0.0,0.0,0.9846705614417993,0.9939453355445805,4.900788004859822,5.938130006737771
ets,quantile,0.95,2,13,0.95,26,intermittent,272,0.68300395256917,0.9928141711229946,0.10723192019950124,12.558102766798418,8.620869565217392,0.0007905138339920949,0.003676470588235294,0.5279452853600515,0.8481738758553277,7.726363556962156,22.431095080930675
ets,quantile,0.95,2,13,0.95,26,lumpy,165,0.9660827431979128,0.9961432506887052,0.016887816646562123,12.547521431233694,6.450764070070816,0.0,0.0,0.9022166934934687,0.9933618684226981,9.619961981336411,17.545577928883333
ets,fixed,0.95,2,13,0.95,26,all,909,0.988146095184296,0.9891489148914892,0.022931417098171827,3.7853675328343455,0.46687085157463637,0.04338193757943793,0.45874587458745875,0.9828169801555513,0.9920162494753677,3.390753023651934,4.281756191815604
ets,fixed,0.95,2,13,0.95,26,smooth,187,0.9952417179611315,0.9917355371900827,0.009502515371716043,2.7160937824192546,0.10428660349955045,0.0005809530396292966,0.0427807486631016,0.991725282467951,0.9974418680775423,2.451949399013142,3.139533580572711
ets,fixed,0.95,2,13,0.95,26,erratic,285,0.9891776644266321,0.990909090909091,0.012244897959183673,5.359269154994197,0.7609424338110276,0.014573718727228565,0.15087719298245614,0.9838229653459521,0.9937884803149951,4.856716777076035,5.869764519279144
ets,fixed,0.95,2,13,0.95,26,intermittent,272,0.6458498023715415,0.9876336898395722,0.18453865336658354,7.260869565217392,4.791304347826087,1.56600790513834,0.9117647058823529,0.491458312515449,0.8055460928809789,4.576987548797805,12.734193840486505
ets,fixed,0.95,2,13,0.95,26,lumpy,165,0.9440924338427134,0.9856749311294766,0.06272617611580217,9.222884830413717,4.1367871785314945,0.8766306373462542,0.7151515151515152,0.8770400989356918,0.9791743220214209,7.205522386171276,12.411655399959349
ets,dead13,0.95,2,13,0.95,26,all,909,0.9879077813868098,0.9872987298729873,0.026841382225509882,3.822359130066375,0.4759779692133879,0.007228851857082333,0.17271727172717272,0.9824580528946021,0.9918190439540391,3.4264786631259097,4.339112301284943
ets,dead13,0.95,2,13,0.95,26,smooth,187,0.9952417179611315,0.9917355371900827,0.009502515371716043,2.7175461650183275,0.10428660349955045,0.0,0.0,0.991725282467951,0.9974418680775423,2.4537163079818076,3.145094667869864
ets,dead13,0.95,2,13,0.95,26,erratic,285,0.9895285132108061,0.9904306220095693,0.01288936627282492,5.403125253015951,0.7668798747739726,0.0025099182252449194,0.028070175438596492,0.9843621966179,0.9938022068368265,4.893490431742988,5.92700298321948
ets,dead13,0.95,2,13,0.95,26,intermittent,272,0.6205533596837944,0.9832887700534759,0.24937655860349128,6.75098814229249,3.9443478260869567,0.24743083003952568,0.2977941176470588,0.4638615434192138,0.7792823943554655,4.150176568453956,11.855903351753021
ets,dead13,0.95,2,13,0.95,26,lumpy,165,0.9411106969809915,0.9834710743801653,0.07237635705669482,10.380544166977264,4.838688035780842,0.15393216548639582,0.4121212121212121,0.8642462598066046,0.9769697490688614,8.09324224838306,14.233292364861747
ets,dead26,0.95,2,13,0.95,26,all,909,0.9888433837028668,0.990999099909991,0.019021451970833773,3.8865008473379468,0.5317857647224968,0.0035482276514616578,0.15071507150715072,0.9835092096812338,0.9926952173734473,3.478077020524994,4.412987177758309
ets,dead26,0.95,2,13,0.95,26,smooth,187,0.9952417179611315,0.9917355371900827,0.009502515371716043,2.7175461650183275,0.10428660349955045,0.0,0.0,0.991725282467951,0.9974418680775423,2.4537163079818076,3.145094667869864
ets,dead26,0.95,2,13,0.95,26,erratic,285,0.9897174317868999,0.9913875598086125,0.011600429645542427,5.4114916471001,0.7685423582435971,0.0,0.0,0.9846705614417993,0.9939453355445805,4.900788004859822,5.938130006737771
ets,dead26,0.95,2,13,0.95,26,intermittent,272,0.6545454545454545,0.9888034759358288,0.16708229426433915,9.141501976284584,6.020869565217391,0.14940711462450593,0.31985294117647056,0.49989060126550444,0.81541811827957,5.570392432050998,16.251199373315554
ets,dead26,0.95,2,13,0.95,26,lumpy,165,0.9619828550130451,0.9931129476584022,0.030156815440289506,11.84644055162132,6.193291092061125,0.079388743943347,0.30303030303030304,0.8953138785586048,0.989551205567564,9.116473680839265,16.37979383502597
ets,none,0.99,2,13,0.95,26,all,909,0.9937067504589747,0.9957995799579958,0.008876677586389095,5.357347126112131,0.9578396412936027,0.0,0.0,0.9894784140174026,0.9968455422580071,4.79020970482105,6.083044002999275
ets,none,0.99,2,13,0.95,26,smooth,187,0.9992807248080781,0.9980554205153136,0.0022358859698155395,3.701694446365585,0.18121585171865276,0.0,0.0,0.998199731662188,0.9999237597009467,3.3525239894686245,4.255565233522097
ets,none,0.99,2,13,0.95,26,erratic,285,0.9946563031333495,0.9956937799043062,0.005800214822771214,7.406795671065771,1.5058537770221037,0.0,0.0,0.9913366456440055,0.9973950018354216,6.702794268672485,8.103598346172936
ets,none,0.99,2,13,0.95,26,intermittent,272,0.6924901185770751,0.9933155080213903,0.09975062344139651,15.83399209486166,11.309565217391304,0.0,0.0,0.538800357804347,0.8582798753665689,9.843241311561844,27.718516712874994
ets,none,0.99,2,13,0.95,26,lumpy,165,0.972418934029072,0.9975206611570248,0.010856453558504222,16.726798360044725,9.43548266865449,0.0,0.0,0.9146665795368822,0.9976398141851972,12.841241116874675,23.398591083752162
ets,quantile,0.99,2,13,0.95,26,all,909,0.9937067504589747,0.9957995799579958,0.008876677586389095,5.357161770936308,0.9577231323259427,1.7652873887868946e-05,0.0022002200220022,0.9894784140174026,0.9968455422580071,4.790168732838952,6.082758117954952
ets,quantile,0.99,2,13,0.95,26,smooth,187,0.9992807248080781,0.9980554205153136,0.0022358859698155395,3.701694446365585,0.18121585171865276,0.0,0.0,0.998199731662188,0.9999237597009467,3.3525239894686245,4.255565233522097
ets,quantile,0.99,2,13,0.95,26,erratic,285,0.9946563031333495,0.9956937799043062,0.005800214822771214,7.406795671065771,1.5058537770221037,0.0,0.0,0.9913366456440055,0.9973950018354216,6.702794268672485,8.103598346172936
ets,quantile,0.99,2,13,0.95,26,intermittent,272,0.6924901185770751,0.9933155080213903,0.09975062344139651,15.817391304347826,11.29913043478261,0.0015810276679841897,0.007352941176470588,0.538800357804347,0.8582798753665689,9.831626714879794,27.718406903211743
ets,quantile,0.99,2,13,0.95,26,lumpy,165,0.972418934029072,0.9975206611570248,0.010856453558504222,16.726798360044725,9.43548266865449,0.0,0.0,0.9146665795368822,0.9976398141851972,12.841241116874675,23.398591083752162
ets,fixed,0.99,2,13,0.95,26,all,909,0.9923474791696089,0.9915991599159916,0.01775335517277819,5.099844654709787,0.7906686908628725,0.06994951278068069,0.528052805280528,0.9878724275670839,0.995627054678086,4.576878608384847,5.741071467745243
ets,fixed,0.99,2,13,0.95,26,smooth,187,0.9992807248080781,0.9980554205153136,0.0022358859698155395,3.6979044193927653,0.18121585171865276,0.0014662148143025106,0.10160427807486631,0.998199731662188,0.9999237597009467,3.348301293536403,4.2502162509046935
ets,fixed,0.99,2,13,0.95,26,erratic,285,0.993711710252881,0.9945773524720893,0.007303974221267454,7.250020241276011,1.4620354627155698,0.04113027285240062,0.2631578947368421,0.9900848988875125,0.9969195290022371,6.596450874016127,7.904102120833626
ets,fixed,0.99,2,13,0.95,26,intermittent,272,0.6490118577075099,0.9872994652406417,0.18952618453865336,8.490118577075098,5.888695652173913,2.124901185770751,0.9485294117647058,0.4937640753144407,0.8088386206896552,5.3533442012368875,14.748270119259542
ets,fixed,0.99,2,13,0.95,26,lumpy,165,0.9485650391352963,0.9862258953168044,0.06031363088057901,11.582929556466642,5.537308982482296,1.3443906075288856,0.7757575757575758,0.8865730493928946,0.9820092609625249,9.103899004643845,15.182878161862108
ets,dead13,0.99,2,13,0.95,26,all,909,0.9922856941110013,0.9903490349034904,0.020395223502060657,5.205779550910888,0.8397966388928119,0.009285411665019064,0.17271727172717272,0.987848790464874,0.9956950268501742,4.668843446781313,5.889458314900263
ets,dead13,0.99,2,13,0.95,26,smooth,187,0.9992807248080781,0.9980554205153136,0.0022358859698155395,3.701694446365585,0.18121585171865276,0.0,0.0,0.998199731662188,0.9999237597009467,3.3525239894686245,4.255565233522097
ets,dead13,0.99,2,13,0.95,26,erratic,285,0.9944673845572558,0.9947368421052631,0.007089151450053705,7.395649475076243,1.5034788006369257,0.003265592529619734,0.028070175438596492,0.991134169767575,0.997269749277576,6.693874680417834,8.0884488483746
ets,dead13,0.99,2,13,0.95,26,intermittent,272,0.6268774703557313,0.9837901069518716,0.24189526184538654,8.716205533596838,5.50608695652174,0.3098814229249012,0.2977941176470588,0.46813056435152667,0.7852924497357431,5.376403310444214,15.301794869776499
ets,dead13,0.99,2,13,0.95,26,lumpy,165,0.9459560193812896,0.9848484848484849,0.06634499396863691,13.836377189713007,7.219903093551993,0.20089452105851657,0.4121212121212121,0.8713701879219121,0.9810833294717076,10.840873112319406,18.78424964224715
ets,dead26,0.99,2,13,0.95,26,all,909,0.993265428611778,0.9940994099409941,0.012469618514213252,5.289480652450219,0.91477015958198,0.004589747210845926,0.15071507150715072,0.9889269006920791,0.9964958201131379,4.737512134241833,5.998743469827832
ets,dead26,0.99,2,13,0.95,26,smooth,187,0.9992807248080781,0.9980554205153136,0.0022358859698155395,3.701694446365585,0.18121585171865276,0.0,0.0,0.998199731662188,0.9999237597009467,3.3525239894686245,4.255565233522097
ets,dead26,0.99,2,13,0.95,26,erratic,285,0.9946563031333495,0.9956937799043062,0.005800214822771214,7.406795671065771,1.5058537770221037,0.0,0.0,0.9913366456440055,0.9973950018354216,6.702794268672485,8.103598346172936
ets,dead26,0.99,2,13,0.95,26,intermittent,272,0.6616600790513834,0.9894719251336899,0.1571072319201995,11.739920948616602,8.189565217391305,0.18735177865612648,0.31985294117647056,0.50667150836867,0.8227260613644791,7.12575407738883,20.93633459540618
ets,dead26,0.99,2,13,0.95,26,lumpy,165,0.9683190458442043,0.9944903581267217,0.024125452352231604,15.791278419679463,9.087812150577712,0.1054789414834141,0.30303030303030304,0.9092719767889202,0.9943276502718779,12.17628103466847,21.632985239386876
lgb_tweedie,none,0.5,2,13,0.95,26,all,909,0.9029003671797768,0.9282928292829283,0.1515375673676424,1.1127224262109872,0.11670314927270159,0.0,0.0,0.8906259921836905,0.9111732307034163,0.9836833797783472,1.2806921343468363
lgb_tweedie,none,0.5,2,13,0.95,26,smooth,187,0.9163427622933813,0.8624210014584346,0.15818893236444942,0.7683380593402033,0.009342278165848261,0.0,0.0,0.9021254834076468,0.927537092868513,0.6804279714125681,0.8942646102213292
lgb_tweedie,none,0.5,2,13,0.95,26,erratic,285,0.8888349121528621,0.8915470494417863,0.1460794844253491,1.39116940598602,0.07576174668717783,0.0,0.0,0.8690293511104638,0.9063202014809089,1.2417615709848004,1.5702989702039882
lgb_tweedie,none,0.5,2,13,0.95,26,intermittent,272,0.6434782608695652,0.9864639037433155,0.20199501246882792,6.794466403162055,4.466086956521739,0.0,0.0,0.5290814835646506,0.7551692299745606,4.125071053797477,12.573872555814498
lgb_tweedie,none,0.5,2,13,0.95,26,lumpy,165,0.8572493477450615,0.9705234159779614,0.12907117008443908,3.8680581438688035,1.5243384271338054,0.0,0.0,0.8004843692970289,0.8854445997027656,2.921160800350275,5.404239997580469
lgb_tweedie,quantile,0.5,2,13,0.95,26,all,909,0.9029003671797768,0.9282928292829283,0.1515375673676424,1.1124664595396132,0.11670314927270159,3.530574777573789e-05,0.0011001100110011,0.8906259921836905,0.9111732307034163,0.9830500639103059,1.2806748002165314
lgb_tweedie,quantile,0.5,2,13,0.95,26,smooth,187,0.9163427622933813,0.8624210014584346,0.15818893236444942,0.7683380593402033,0.009342278165848261,0.0,0.0,0.9021254834076468,0.927537092868513,0.6804279714125681,0.8942646102213292
lgb_tweedie,quantile,0.5,2,13,0.95,26,erratic,285,0.8888349121528621,0.8915470494417863,0.1460794844253491,1.39116940598602,0.07576174668717783,0.0,0.0,0.8690293511104638,0.9063202014809089,1.2417615709848004,1.5702989702039882
lgb_tweedie,quantile,0.5,2,13,0.95,26,intermittent,272,0.6434782608695652,0.9864639037433155,0.20199501246882792,6.771541501976285,4.466086956521739,0.0031620553359683794,0.003676470588235294,0.5290814835646506,0.7551692299745606,4.1134901621599465,12.490003584516623
lgb_tweedie,quantile,0.5,2,13,0.95,26,lumpy,165,0.8572493477450615,0.9705234159779614,0.12907117008443908,3.8680581438688035,1.5243384271338054,0.0,0.0,0.8004843692970289,0.8854445997027656,2.921160800350275,5.404239997580469
lgb_tweedie,fixed,0.5,2,13,0.95,26,all,909,0.9024590453325801,0.9265926592659266,0.15513050829546654,1.0699406863437366,0.08808077955091088,0.01255119333427482,0.33003300330033003,0.8899716447208378,0.9108371805378154,0.9474603393060501,1.2220708181309907
lgb_tweedie,fixed,0.5,2,13,0.95,26,smooth,187,0.9163427622933813,0.8624210014584346,0.15818893236444942,0.7683380593402033,0.009342278165848261,0.0,0.0,0.9021254834076468,0.927537092868513,0.6804279714125681,0.8942646102213292
lgb_tweedie,fixed,0.5,2,13,0.95,26,erratic,285,0.8886459935767684,0.8915470494417863,0.1460794844253491,1.390521685153699,0.07576174668717783,0.0003778371521874072,0.021052631578947368,0.868896428518717,0.906249584080704,1.2414235281173842,1.5689881223376503
lgb_tweedie,fixed,0.5,2,13,0.95,26,intermittent,272,0.6237154150197628,0.9831216577540107,0.2518703241895262,3.9952569169960475,2.307826086956522,0.8782608695652174,0.7683823529411765,0.5082239614527786,0.7385150731543537,2.4513688334495516,7.257372961177271
lgb_tweedie,fixed,0.5,2,13,0.95,26,lumpy,165,0.8505404398061871,0.9666666666666667,0.14595898673100122,3.3902348117778605,1.3332836377189714,0.11069698099142751,0.5151515151515151,0.794619675754325,0.8793230647750545,2.549101222668071,4.770588733155482
lgb_tweedie,dead13,0.5,2,13,0.95,26,all,909,0.9018676740573366,0.9234423442344234,0.16178801648525837,1.0482806100833215,0.06961410817681118,0.0032746081061996893,0.17271727172717272,0.8891417573790678,0.9102613762407706,0.9299117649348674,1.1933834182512346
lgb_tweedie,dead13,0.5,2,13,0.95,26,smooth,187,0.9163427622933813,0.8624210014584346,0.15818893236444942,0.7683380593402033,0.009342278165848261,0.0,0.0,0.9021254834076468,0.927537092868513,0.6804279714125681,0.8942646102213292
lgb_tweedie,dead13,0.5,2,13,0.95,26,erratic,285,0.8886459935767684,0.8905901116427433,0.14736842105263157,1.3863924648476507,0.07540550022940114,0.0011874881925889942,0.028070175438596492,0.8688016605421333,0.9062130026895974,1.2355409241203534,1.5621657774460316
lgb_tweedie,dead13,0.5,2,13,0.95,26,intermittent,272,0.5952569169960474,0.9784425133689839,0.32169576059850374,3.091699604743083,1.4591304347826088,0.1233201581027668,0.2977941176470588,0.484891366987741,0.7061974825679577,1.9365203654908396,5.553479139120624
lgb_tweedie,dead13,0.5,2,13,0.95,26,lumpy,165,0.8389862094670145,0.9586776859504132,0.18094089264173704,2.958628401043608,0.9585538576220649,0.06373462541930675,0.4121212121212121,0.7752095792474528,0.869536083479297,2.2217531400538038,4.19920634329655
lgb_tweedie,dead26,0.5,2,13,0.95,26,all,909,0.9025737890128513,0.9267926792679267,0.15470780936278136,1.07757555430024,0.09157604858070895,0.0017035023301793532,0.15071507150715072,0.890208079834915,0.910951064286821,0.9551081570663039,1.2310361021034184
lgb_tweedie,dead26,0.5,2,13,0.95,26,smooth,187,0.9163427622933813,0.8624210014584346,0.15818893236444942,0.7683380593402033,0.009342278165848261,0.0,0.0,0.9021254834076468,0.927537092868513,0.6804279714125681,0.8942646102213292
lgb_tweedie,dead26,0.5,2,13,0.95,26,erratic,285,0.8888349121528621,0.8915470494417863,0.1460794844253491,1.39116940598602,0.07576174668717783,0.0,0.0,0.8690293511104638,0.9063202014809089,1.2417615709848004,1.5702989702039882
lgb_tweedie,dead26,0.5,2,13,0.95,26,intermittent,272,0.6229249011857707,0.9832887700534759,0.24937655860349128,4.260079051383399,2.40695652173913,0.08063241106719368,0.31985294117647056,0.5099010853771592,0.7352796233164168,2.602188247655527,7.80356361596507
lgb_tweedie,dead26,0.5,2,13,0.95,26,lumpy,165,0.8531494595601938,0.9674931129476584,0.14234016887816647,3.578829668281774,1.4341408870667165,0.033917256802087216,0.30303030303030304,0.795079083483161,0.8824821727916324,2.6937164829797218,5.040433760377976
lgb_tweedie,none,0.8,2,13,0.95,26,all,909,0.9793196582403615,0.9846984698469847,0.03233646835041742,2.926599350374241,0.27309702019488774,0.0,0.0,0.9709689720511125,0.9844812284243335,2.6694730903663113,3.255068853853635
lgb_tweedie,none,0.8,2,13,0.95,26,smooth,187,0.9867210733799018,0.9781234807972776,0.02515371716042482,2.1483781727643683,0.04175115844802545,0.0,0.0,0.9785092032991406,0.9925411780132467,2.0153340900580416,2.3567786653863396
lgb_tweedie,none,0.8,2,13,0.95,26,erratic,285,0.9758454106280193,0.977511961722488,0.03029001074113856,3.829325560683346,0.2975251666531725,0.0,0.0,0.9671311833433996,0.9826453911971352,3.409249443854898,4.310264078843077
lgb_tweedie,none,0.8,2,13,0.95,26,intermittent,272,0.7217391304347827,0.9926470588235294,0.10972568578553615,9.669565217391304,6.311304347826087,0.0,0.0,0.587128562074827,0.8533521809369952,6.044417828217653,17.657120531660386
lgb_tweedie,none,0.8,2,13,0.95,26,lumpy,165,0.9493104733507268,0.9914600550964188,0.03739445114595899,8.250093179276929,3.322549385016772,0.0,0.0,0.8865246777094888,0.9763925009962995,6.219790948860234,11.588750257714747
lgb_tweedie,quantile,0.8,2,13,0.95,26,all,909,0.9793196582403615,0.9846984698469847,0.03233646835041742,2.9261403756531568,0.27309702019488774,6.178505860754131e-05,0.0033003300330033004,0.9709689720511125,0.9844812284243335,2.6689297672266576,3.254446697307315
lgb_tweedie,quantile,0.8,2,13,0.95,26,smooth,187,0.9867210733799018,0.9781234807972776,0.02515371716042482,2.1483781727643683,0.04175115844802545,0.0,0.0,0.9785092032991406,0.9925411780132467,2.0153340900580416,2.3567786653863396
lgb_tweedie,quantile,0.8,2,13,0.95,26,erratic,285,0.9758454106280193,0.977511961722488,0.03029001074113856,3.829325560683346,0.2975251666531725,0.0,0.0,0.9671311833433996,0.9826453911971352,3.409249443854898,4.310264078843077
lgb_tweedie,quantile,0.8,2,13,0.95,26,intermittent,272,0.7217391304347827,0.9926470588235294,0.10972568578553615,9.628458498023717,6.311304347826087,0.005533596837944664,0.011029411764705883,0.587128562074827,0.8533521809369952,6.015702711271736,17.547173760479282
lgb_tweedie,quantile,0.8,2,13,0.95,26,lumpy,165,0.9493104733507268,0.9914600550964188,0.03739445114595899,8.250093179276929,3.322549385016772,0.0,0.0,0.8865246777094888,0.9763925009962995,6.219790948860234,11.588750257714747
lgb_tweedie,fixed,0.8,2,13,0.95,26,all,909,0.9786311961587346,0.9826482648264826,0.03666913241044066,2.8582385962434684,0.23029939274113828,0.016196511792119755,0.3927392739273927,0.9700369355269763,0.9839075752591394,2.6152231105986434,3.163979177790701
lgb_tweedie,fixed,0.8,2,13,0.95,26,smooth,187,0.9867210733799018,0.9781234807972776,0.02515371716042482,2.1480876962445534,0.04175115844802545,9.682550660488277e-05,0.0106951871657754,0.9785092032991406,0.9925411780132467,2.0148625738071813,2.355879287695184
lgb_tweedie,fixed,0.8,2,13,0.95,26,erratic,285,0.9753866083717918,0.977511961722488,0.03029001074113856,3.8238199336086147,0.2975251666531725,0.001538336976763015,0.05263157894736842,0.9661312492911412,0.9822007313903912,3.406165887507466,4.303378978832851
lgb_tweedie,fixed,0.8,2,13,0.95,26,intermittent,272,0.6940711462450593,0.9884692513368984,0.17206982543640897,6.131225296442688,3.7895652173913046,0.9660079051383399,0.8602941176470589,0.5597921460868782,0.8264185137318255,3.888303273975043,10.741850029811456
lgb_tweedie,fixed,0.8,2,13,0.95,26,lumpy,165,0.9396198285501305,0.9870523415977961,0.05669481302774427,7.1155423033917256,2.704286246738725,0.20462169213566903,0.6424242424242425,0.8724630302803178,0.9715737696521515,5.43516957183097,9.855313137366219
lgb_tweedie,dead13,0.8,2,13,0.95,26,all,909,0.9781457421268183,0.9796479647964796,0.04300961640071859,2.8387674763451494,0.20888116085298686,0.004995763310266911,0.17271727172717272,0.9695227349966145,0.9834523181419353,2.601197174027243,3.1427193091175716
lgb_tweedie,dead13,0.8,2,13,0.95,26,smooth,187,0.9867210733799018,0.9781234807972776,0.02515371716042482,2.1483781727643683,0.04175115844802545,0.0,0.0,0.9785092032991406,0.9925411780132467,2.0153340900580416,2.3567786653863396
lgb_tweedie,dead13,0.8,2,13,0.95,26,erratic,285,0.9756564920519256,0.976555023923445,0.031578947368421054,3.821606887431517,0.2966939249183602,0.0018352090249102637,0.028070175438596492,0.9669297153183617,0.9823906773621612,3.401639161992521,4.296867249292047
lgb_tweedie,dead13,0.8,2,13,0.95,26,intermittent,272,0.666403162055336,0.983957219251337,0.23940149625935161,5.094861660079052,2.6608695652173915,0.18498023715415018,0.2977941176470588,0.537522711651532,0.797069542118942,3.332538102334555,8.673597700291895
lgb_tweedie,dead13,0.8,2,13,0.95,26,lumpy,165,0.9284383153186732,0.9796143250688705,0.08926417370325694,6.804696235557212,2.343496086470369,0.09839731643682445,0.4121212121212121,0.8534956078481661,0.9633787000609673,5.164981027830409,9.344834862141544
lgb_tweedie,dead26,0.8,2,13,0.95,26,all,909,0.9789577743256602,0.9830983098309831,0.035718059811898975,2.884470766840842,0.24548439485948312,0.0024714023443016524,0.15071507150715072,0.9705139366891273,0.9841169698475382,2.6358715639165675,3.197957358474649
lgb_tweedie,dead26,0.8,2,13,0.95,26,smooth,187,0.9867210733799018,0.9781234807972776,0.02515371716042482,2.1483781727643683,0.04175115844802545,0.0,0.0,0.9785092032991406,0.9925411780132467,2.0153340900580416,2.3567786653863396
lgb_tweedie,dead26,0.8,2,13,0.95,26,erratic,285,0.9758454106280193,0.977511961722488,0.03029001074113856,3.829325560683346,0.2975251666531725,0.0,0.0,0.9671311833433996,0.9826453911971352,3.409249443854898,4.310264078843077
lgb_tweedie,dead26,0.8,2,13,0.95,26,intermittent,272,0.6980237154150197,0.9891377005347594,0.16209476309226933,6.874308300395256,4.1634782608695655,0.10909090909090909,0.31985294117647056,0.5643698979854189,0.828879676898223,4.268944313822219,12.192018306273372
lgb_tweedie,dead26,0.8,2,13,0.95,26,lumpy,165,0.9452105851658591,0.9884297520661157,0.05066344993968637,7.789042117033172,3.169213566902721,0.052925829295564664,0.30303030303030304,0.8823698377304752,0.9735275695986336,5.874634824584921,11.01733890185524
lgb_tweedie,none,0.9,2,13,0.95,26,all,909,0.9870427905663042,0.9906490649064906,0.019761175103032866,3.979090170879819,0.41556806948171165,0.0,0.0,0.9811552659719632,0.9910072717315223,3.630484039887929,4.401246107854667
lgb_tweedie,none,0.9,2,13,0.95,26,smooth,187,0.9931945501071997,0.9890617403986388,0.01257685858021241,2.961740092675842,0.07002143993360536,0.0,0.0,0.9873085417280092,0.9968633808797761,2.768508837908544,3.2238496635680494
lgb_tweedie,none,0.9,2,13,0.95,26,erratic,285,0.9857771300569454,0.9874003189792664,0.016970998925886143,5.232126953283135,0.5390602650257739,0.0,0.0,0.9790293794282809,0.9912713450478717,4.67925515108761,5.899106813421985
lgb_tweedie,none,0.9,2,13,0.95,26,intermittent,272,0.7280632411067194,0.9933155080213903,0.09975062344139651,11.110671936758893,7.231304347826087,0.0,0.0,0.5900547047130629,0.8601532819330981,7.029517585731168,20.08839705918623
lgb_tweedie,none,0.9,2,13,0.95,26,lumpy,165,0.9608647036898994,0.99366391184573,0.027744270205066344,10.724934774506151,4.807528885575848,0.0,0.0,0.8995275258581922,0.9894056611204207,8.135057154306379,14.9295957477379
lgb_tweedie,quantile,0.9,2,13,0.95,26,all,909,0.9870427905663042,0.9906490649064906,0.019761175103032866,3.977501412229911,0.4145777432566022,0.00010591724332721367,0.0044004400440044,0.9811552659719632,0.9910072717315223,3.6290130551581554,4.400155150728278
lgb_tweedie,quantile,0.9,2,13,0.95,26,smooth,187,0.9931945501071997,0.9890617403986388,0.01257685858021241,2.961740092675842,0.07002143993360536,0.0,0.0,0.9873085417280092,0.9968633808797761,2.768508837908544,3.2238496635680494
lgb_tweedie,quantile,0.9,2,13,0.95,26,erratic,285,0.9857771300569454,0.9874003189792664,0.016970998925886143,5.228672442177421,0.536032170134672,0.00013494184006693116,0.0035087719298245615,0.9790293794282809,0.9912713450478717,4.678106545014349,5.898983805314632
lgb_tweedie,quantile,0.9,2,13,0.95,26,intermittent,272,0.7280632411067194,0.9933155080213903,0.09975062344139651,11.069565217391304,7.231304347826087,0.005533596837944664,0.011029411764705883,0.5900547047130629,0.8601532819330981,7.020123248557807,19.978450288005128
lgb_tweedie,quantile,0.9,2,13,0.95,26,lumpy,165,0.9608647036898994,0.99366391184573,0.027744270205066344,10.724934774506151,4.807528885575848,0.0,0.0,0.8995275258581922,0.9894056611204207,8.135057154306379,14.9295957477379
lgb_tweedie,fixed,0.9,2,13,0.95,26,all,909,0.9862748905521819,0.9884988498849885,0.024305188629398712,3.8947270865696932,0.36319728851857086,0.018923880807795508,0.41804180418041803,0.9801230474228643,0.9903192220763815,3.5546484482764877,4.296173285612848
lgb_tweedie,fixed,0.9,2,13,0.95,26,smooth,187,0.9931945501071997,0.9890617403986388,0.01257685858021241,2.961076146344837,0.07002143993360536,0.00026281208935611036,0.03208556149732621,0.9873085417280092,0.9968633808797761,2.767386040079961,3.222953390694968
lgb_tweedie,fixed,0.9,2,13,0.95,26,erratic,285,0.9852643510646911,0.9874003189792664,0.016970998925886143,5.220306048093272,0.5386446441583678,0.002806790273392168,0.0912280701754386,0.9782653238337385,0.9908201176994883,4.66965552506981,5.881080901222482
lgb_tweedie,fixed,0.9,2,13,0.95,26,intermittent,272,0.700395256916996,0.9891377005347594,0.16209476309226933,7.17707509881423,4.457391304347826,1.0300395256916997,0.8786764705882353,0.5627182887251141,0.8360208400646203,4.708421434857966,12.303312906505825
lgb_tweedie,fixed,0.9,2,13,0.95,26,lumpy,165,0.9485650391352963,0.9887052341597796,0.04945717732207479,9.19828550130451,3.909653373089825,0.2676108833395453,0.6606060606060606,0.8798876915708812,0.9814176601661134,6.916626125802765,12.42654189816814
lgb_tweedie,dead13,0.9,2,13,0.95,26,all,909,0.9858247422680413,0.9854985498549855,0.030645672619676635,3.8797044908911174,0.3429441463070188,0.005825448382996752,0.17271727172717272,0.9796322700645411,0.9897796318893223,3.5420169917683815,4.280994980486836
lgb_tweedie,dead13,0.9,2,13,0.95,26,smooth,187,0.9931945501071997,0.9890617403986388,0.01257685858021241,2.961740092675842,0.07002143993360536,0.0,0.0,0.9873085417280092,0.9968633808797761,2.768508837908544,3.2238496635680494
lgb_tweedie,dead13,0.9,2,13,0.95,26,erratic,285,0.9855882114808517,0.9864433811802232,0.018259935553168637,5.222384152430303,0.5378727768331849,0.0021860578090842847,0.028070175438596492,0.9788278674133216,0.9909968977052657,4.6653354577826995,5.878537882017992
lgb_tweedie,dead13,0.9,2,13,0.95,26,intermittent,272,0.6711462450592885,0.9842914438502673,0.2344139650872818,6.116205533596838,3.236521739130435,0.2126482213438735,0.2977941176470588,0.5376311244876117,0.8049492540497707,4.087457698815566,10.168617424065804
lgb_tweedie,dead13,0.9,2,13,0.95,26,lumpy,165,0.9388743943347,0.9818181818181818,0.07961399276236429,9.017517704062618,3.640700708162505,0.11554230339172568,0.4121212121212121,0.8613919594767889,0.9743346184118411,6.819886687032711,12.186182960058222
lgb_tweedie,dead26,0.9,2,13,0.95,26,all,909,0.9866809066516029,0.989048904890489,0.023142766564514423,3.93373111142494,0.3863825730828979,0.0028068069481711625,0.15071507150715072,0.980700230609978,0.9906467234181899,3.5881449568348476,4.343695237591713
lgb_tweedie,dead26,0.9,2,13,0.95,26,smooth,187,0.9931945501071997,0.9890617403986388,0.01257685858021241,2.961740092675842,0.07002143993360536,0.0,0.0,0.9873085417280092,0.9968633808797761,2.768508837908544,3.2238496635680494
lgb_tweedie,dead26,0.9,2,13,0.95,26,erratic,285,0.9857771300569454,0.9874003189792664,0.016970998925886143,5.232126953283135,0.5390602650257739,0.0,0.0,0.9790293794282809,0.9912713450478717,4.67925515108761,5.899106813421985
lgb_tweedie,dead26,0.9,2,13,0.95,26,intermittent,272,0.7043478260869566,0.9898061497326203,0.15211970074812967,8.179446640316206,4.998260869565217,0.1225296442687747,0.31985294117647056,0.5672960406236548,0.8384820032310178,5.199607913214468,14.221033455231963
lgb_tweedie,dead26,0.9,2,13,0.95,26,lumpy,165,0.9567648155050317,0.990633608815427,0.04101326899879373,10.191576593365635,4.6279537830786435,0.060752888557584796,0.30303030303030304,0.8931945470717022,0.9858002112946161,7.681460345282648,14.158144620366281
lgb_tweedie,none,0.95,2,13,0.95,26,all,909,0.9903527044202797,0.9932493249324933,0.01426608897812533,4.865688109024149,0.577534952690298,0.0,0.0,0.9853598559716931,0.993771905723835,4.4453694006425835,5.37432834532033
lgb_tweedie,none,0.95,2,13,0.95,26,smooth,187,0.9962376374576388,0.9948954788526981,0.005869200670765791,3.6404315651151533,0.09956981810636974,0.0,0.0,0.9924472155854617,0.9985255072810246,3.402687367937587,3.9491396994500847
lgb_tweedie,none,0.95,2,13,0.95,26,erratic,285,0.9893665830027258,0.9904306220095693,0.01288936627282492,6.41483820473376,0.8452540954848461,0.0,0.0,0.9836913577409339,0.9940230426931974,5.746106734822415,7.237209206851824
lgb_tweedie,none,0.95,2,13,0.95,26,intermittent,272,0.7328063241106719,0.9934826203208557,0.09725685785536159,12.678260869565218,8.309565217391304,0.0,0.0,0.595833739396845,0.8677081977505379,7.9083908376632275,22.662388144368038
lgb_tweedie,none,0.95,2,13,0.95,26,lumpy,165,0.9668281774133433,0.9958677685950413,0.018094089264173704,12.80320536712635,6.1137532612746925,0.0,0.0,0.9083870758073344,0.994001184370284,9.702574550794106,17.82775366737456
lgb_tweedie,quantile,0.95,2,13,0.95,26,all,909,0.9903438779833357,0.9932493249324933,0.01426608897812533,4.861116014687191,0.5732823753707104,0.00022948736054229627,0.0088008800880088,0.9853481596752012,0.993765630627429,4.445035414550377,5.372519190485518
lgb_tweedie,quantile,0.95,2,13,0.95,26,smooth,187,0.9962376374576388,0.9948954788526981,0.005869200670765791,3.6404315651151533,0.09956981810636974,0.0,0.0,0.9924472155854617,0.9985255072810246,3.402687367937587,3.9491396994500847
lgb_tweedie,quantile,0.95,2,13,0.95,26,erratic,285,0.9893665830027258,0.9904306220095693,0.01288936627282492,6.402855369335817,0.8324885974145144,0.00040482552020079345,0.0035087719298245615,0.9836913577409339,0.9940230426931974,5.725096827909708,7.224204048177524
lgb_tweedie,quantile,0.95,2,13,0.95,26,intermittent,272,0.7320158102766798,0.9934826203208557,0.09725685785536159,12.619762845849804,8.302608695652173,0.008695652173913044,0.025735294117647058,0.5940860338801437,0.8667840271344242,7.8789968329571956,22.56761158657306
lgb_tweedie,quantile,0.95,2,13,0.95,26,lumpy,165,0.9668281774133433,0.9958677685950413,0.018094089264173704,12.80320536712635,6.1137532612746925,0.0,0.0,0.9083870758073344,0.994001184370284,9.702574550794106,17.82775366737456
lgb_tweedie,fixed,0.95,2,13,0.95,26,all,909,0.9894612342889423,0.9909490949094909,0.01912712670400507,4.759223626606412,0.5113190227369016,0.022966388928117497,0.44554455445544555,0.9840732633575806,0.993181137067758,4.348969340577003,5.2433401567741384
lgb_tweedie,fixed,0.95,2,13,0.95,26,smooth,187,0.9962376374576388,0.9948954788526981,0.005869200670765791,3.6390483435922265,0.09956981810636974,0.0006086174700878345,0.053475935828877004,0.9924472155854617,0.9985255072810246,3.4008800849467176,3.9449779158731366
lgb_tweedie,fixed,0.95,2,13,0.95,26,erratic,285,0.9888268156424581,0.9904306220095693,0.01288936627282492,6.392060022130462,0.8428197446900386,0.004992848082476453,0.12280701754385964,0.9826472378450148,0.9935217807554374,5.721453882345636,7.202539110915679
lgb_tweedie,fixed,0.95,2,13,0.95,26,intermittent,272,0.700395256916996,0.9891377005347594,0.16209476309226933,8.041897233201581,5.029565217391305,1.1573122529644269,0.9080882352941176,0.56273997129233,0.8360208400646203,5.250902256800612,13.666296060010495
lgb_tweedie,fixed,0.95,2,13,0.95,26,lumpy,165,0.9519194931047336,0.990358126721763,0.04221954161640531,10.845322400298173,4.897726425642937,0.3387998509131569,0.6848484848484848,0.8818269362342638,0.9862069368280869,8.190984297816286,14.600445548247778
lgb_tweedie,dead13,0.95,2,13,0.95,26,all,909,0.9890728710634091,0.987998799879988,0.0253619359611117,4.754316127665584,0.49644471119898326,0.0066551334557265925,0.17271727172717272,0.9836553925999993,0.9927207547420626,4.346427902149112,5.238069606070053
lgb_tweedie,dead13,0.95,2,13,0.95,26,smooth,187,0.9962376374576388,0.9948954788526981,0.005869200670765791,3.6404315651151533,0.09956981810636974,0.0,0.0,0.9924472155854617,0.9985255072810246,3.402687367937587,3.9491396994500847
lgb_tweedie,dead13,0.95,2,13,0.95,26,erratic,285,0.9891776644266321,0.9894736842105263,0.01417830290010741,6.403638032008205,0.8438291096537393,0.002482929857231533,0.028070175438596492,0.9835501076719979,0.9937947312454183,5.729918045785487,7.213718031443196
lgb_tweedie,dead13,0.95,2,13,0.95,26,intermittent,272,0.6735177865612648,0.9844585561497327,0.23192019950124687,7.169169960474309,3.965217391304348,0.2450592885375494,0.2977941176470588,0.538289871505545,0.8082027856936042,4.869902295662482,11.868688205836
lgb_tweedie,dead13,0.95,2,13,0.95,26,lumpy,165,0.9433469996272829,0.9834710743801653,0.07237635705669482,10.852404025344764,4.757510249720463,0.13119642191576594,0.4121212121212121,0.8660533951013081,0.9782472849041355,8.144035323777777,14.528541890639628
lgb_tweedie,dead26,0.95,2,13,0.95,26,all,909,0.9899731676316904,0.9916491649164917,0.01764768043960689,4.816383632255331,0.5468542578731818,0.0032657816692557547,0.15291529152915292,0.9848161253772925,0.993487026088604,4.402540907241131,5.310620065802488
lgb_tweedie,dead26,0.95,2,13,0.95,26,smooth,187,0.9962376374576388,0.9948954788526981,0.005869200670765791,3.6404315651151533,0.09956981810636974,0.0,0.0,0.9924472155854617,0.9985255072810246,3.402687367937587,3.9491396994500847
lgb_tweedie,dead26,0.95,2,13,0.95,26,erratic,285,0.9893665830027258,0.9904306220095693,0.01288936627282492,6.41483820473376,0.8452540954848461,0.0,0.0,0.9836913577409339,0.9940230426931974,5.746106734822415,7.237209206851824
lgb_tweedie,dead26,0.95,2,13,0.95,26,intermittent,272,0.7075098814229249,0.9899732620320856,0.14962593516209477,9.566798418972333,5.998260869565217,0.1422924901185771,0.3235294117647059,0.5695632340057093,0.8441035541195476,6.213284478341205,16.548583665171453
lgb_tweedie,dead26,0.95,2,13,0.95,26,lumpy,165,0.9627282892284756,0.9928374655647383,0.031363088057901084,12.1882221393962,5.907938874394334,0.07081625046589639,0.3090909090909091,0.8983628899835797,0.9911488867282597,9.182412393740192,16.768469112050298
lgb_tweedie,none,0.99,2,13,0.95,26,all,909,0.9928770653862449,0.9952495249524953,0.01003909965127338,6.5453237537071045,1.0364249399802288,0.0,0.0,0.9888244662223263,0.9959960546942362,5.994178997024793,7.2139484251901305
lgb_tweedie,none,0.99,2,13,0.95,26,smooth,187,0.9981603153745072,0.9968400583373845,0.0036333147009502517,4.925610346496991,0.17388201120409433,0.0,0.0,0.9956143450807418,0.9996604236458518,4.614422708746641,5.316357965337856
lgb_tweedie,none,0.99,2,13,0.95,26,erratic,285,0.992875070844466,0.9940988835725678,0.0079484425349087,8.669014654683831,1.8461878930181093,0.0,0.0,0.9877659191126552,0.996495387912486,7.763887818350116,9.7662513321993
lgb_tweedie,none,0.99,2,13,0.95,26,intermittent,272,0.7383399209486166,0.9939839572192514,0.08977556109725686,15.179446640316206,10.0,0.0,0.0,0.6052767239171326,0.8723694385532391,9.590991027899546,26.69514348686881
lgb_tweedie,none,0.99,2,13,0.95,26,lumpy,165,0.9705553484904957,0.9975206611570248,0.010856453558504222,16.7897875512486,8.868878121505777,0.0,0.0,0.9122436056746401,0.9954659525908278,12.786258731406296,23.10416876931811
lgb_tweedie,quantile,0.99,2,13,0.95,26,all,909,0.992868238949301,0.9952495249524953,0.01003909965127338,6.529197853410536,1.0121716565456855,0.0025684931506849314,0.0165016501650165,0.9888127699258344,0.9959960546942362,5.985681149614085,7.20010727158965
lgb_tweedie,quantile,0.99,2,13,0.95,26,smooth,187,0.9981603153745072,0.9968400583373845,0.0036333147009502517,4.925485856559928,0.17360813334255482,2.7664430458537936e-05,0.0053475935828877,0.9956143450807418,0.9996604236458518,4.614210167575452,5.31597752774094
lgb_tweedie,quantile,0.99,2,13,0.95,26,erratic,285,0.992875070844466,0.9940988835725678,0.0079484425349087,8.623593231317303,1.77381048767981,0.0072058942595741235,0.010526315789473684,0.9877659191126552,0.996495387912486,7.688201930315239,9.732734843224456
lgb_tweedie,quantile,0.99,2,13,0.95,26,intermittent,272,0.7375494071146245,0.9939839572192514,0.08977556109725686,15.072727272727274,9.963478260869566,0.017391304347826087,0.04044117647058824,0.6035290184004314,0.8714452679371254,9.545341913769342,26.538190164103508
lgb_tweedie,quantile,0.99,2,13,0.95,26,lumpy,165,0.9705553484904957,0.9975206611570248,0.010856453558504222,16.7897875512486,8.868878121505777,0.0,0.0,0.9122436056746401,0.9954659525908278,12.786258731406296,23.10416876931811
lgb_tweedie,fixed,0.99,2,13,0.95,26,all,909,0.9917737607682531,0.9921992199219922,0.016485258374722603,6.394735913006638,0.9439750741420703,0.03224297415619263,0.49174917491749176,0.9871768975354199,0.9951259832863999,5.859010459672172,7.0361724193058155
lgb_tweedie,fixed,0.99,2,13,0.95,26,smooth,187,0.9981603153745072,0.9968400583373845,0.0036333147009502517,4.921045715471332,0.17388201120409433,0.0017843557645756969,0.09090909090909091,0.9956143450807418,0.9996604236458518,4.608835514978749,5.313170188880709
lgb_tweedie,fixed,0.99,2,13,0.95,26,erratic,285,0.9922003616441314,0.9939393939393939,0.00816326530612245,8.613823442096457,1.8374004803929507,0.012279707446090735,0.18596491228070175,0.9866916879954145,0.9960520043599947,7.709678910172913,9.70249083667104
lgb_tweedie,fixed,0.99,2,13,0.95,26,intermittent,272,0.6988142292490118,0.9886363636363636,0.16957605985037408,9.51304347826087,6.003478260869565,1.3944664031620553,0.9375,0.5610233143303772,0.8352428137708207,6.313839453273402,15.859070754662422
lgb_tweedie,fixed,0.99,2,13,0.95,26,lumpy,165,0.9519194931047336,0.9898071625344352,0.04463208685162847,13.987700335445396,6.970629891912039,0.4863958255683936,0.7393939393939394,0.8839531475770551,0.985490608065537,10.6967909459788,18.575807872137695
lgb_tweedie,dead13,0.99,2,13,0.95,26,all,909,0.991517794096879,0.9897489748974897,0.02166332030011624,6.414154074283293,0.9403438779833356,0.008023231182036435,0.17271727172717272,0.9869204648787278,0.9949502898903275,5.877378314707697,7.05657043171881
lgb_tweedie,dead13,0.99,2,13,0.95,26,smooth,187,0.9981603153745072,0.9968400583373845,0.0036333147009502517,4.925610346496991,0.17388201120409433,0.0,0.0,0.9956143450807418,0.9996604236458518,4.614422708746641,5.316357965337856
lgb_tweedie,dead13,0.99,2,13,0.95,26,erratic,285,0.9926861522683723,0.9931419457735248,0.009237379162191191,8.655412517205086,1.844287911909967,0.0030226972174992577,0.028070175438596492,0.9876234091864904,0.9962442505314312,7.746890723873398,9.747129268887958
lgb_tweedie,dead13,0.99,2,13,0.95,26,intermittent,272,0.675098814229249,0.9844585561497327,0.23192019950124687,8.88695652173913,5.019130434782609,0.291699604743083,0.2977941176470588,0.5399843797390455,0.809271498453239,6.059642715944951,14.772521726064639
lgb_tweedie,dead13,0.99,2,13,0.95,26,lumpy,165,0.9455833022735743,0.984573002754821,0.06755126658624849,14.405516213194186,7.186284010436079,0.1595229221021245,0.4121212121212121,0.8683081903013041,0.9794628449712761,10.845105935239095,19.31009304836274
lgb_tweedie,dead26,0.99,2,13,0.95,26,all,909,0.9924533964129361,0.9934993499349934,0.013737715312268837,6.489664242338653,1.0030839570682106,0.003883632255331168,0.15181518151815182,0.9881833979055116,0.9956823261463746,5.945550308714218,7.145551523281985
lgb_tweedie,dead26,0.99,2,13,0.95,26,smooth,187,0.9981603153745072,0.9968400583373845,0.0036333147009502517,4.925610346496991,0.17388201120409433,0.0,0.0,0.9956143450807418,0.9996604236458518,4.614422708746641,5.316357965337856
lgb_tweedie,dead26,0.99,2,13,0.95,26,erratic,285,0.992875070844466,0.9940988835725678,0.0079484425349087,8.669014654683831,1.8461878930181093,0.0,0.0,0.9877659191126552,0.996495387912486,7.763887818350116,9.7662513321993
lgb_tweedie,dead26,0.99,2,13,0.95,26,intermittent,272,0.7098814229249012,0.9901403743315508,0.14713216957605985,11.779446640316205,7.56,0.16600790513833993,0.31985294117647056,0.5729531827951829,0.8464435541195477,7.751719381064672,19.91516347884474
lgb_tweedie,dead26,0.99,2,13,0.95,26,lumpy,165,0.9660827431979128,0.9942148760330578,0.025331724969843185,16.04248975027954,8.611405143496087,0.08572493477450616,0.3090909090909091,0.9009247400109469,0.9924895268568372,12.122469274086198,21.641792075595337
lgb_conformal,none,0.5,2,13,0.95,26,all,909,0.8218825024714024,0.8904390439043904,0.23153334037831555,1.0666307724897615,0.1044308713458551,0.0,0.0,0.8138674181600011,0.828821302967166,0.9597003101830678,1.2053202638488267
lgb_conformal,none,0.5,2,13,0.95,26,smooth,187,0.8347741890863822,0.7943607194944093,0.2364449413079933,0.8797012241510478,0.019445328169306317,0.0,0.0,0.82619654577161,0.8431181603263296,0.791550169580444,1.019912743620642
lgb_conformal,none,0.5,2,13,0.95,26,erratic,285,0.8055488084635523,0.8266347687400319,0.23351235230934478,1.1231479232450814,0.0715461636034869,0.0,0.0,0.7891488716146202,0.8208987682631593,1.00039894729079,1.2838018668042066
lgb_conformal,none,0.5,2,13,0.95,26,intermittent,272,0.6094861660079052,0.982620320855615,0.2593516209476309,5.915415019762846,3.8591304347826085,0.0,0.0,0.5051776198784426,0.7058944738491538,3.6338064052371952,10.790183351815433
lgb_conformal,none,0.5,2,13,0.95,26,lumpy,165,0.8002236302646292,0.9575757575757575,0.18576598311218334,3.0368989936638093,1.0782705926202014,0.0,0.0,0.7418580474428974,0.8337064827942384,2.2724978650697967,4.280090574331614
lgb_conformal,quantile,0.5,2,13,0.95,26,all,909,0.8218736760344584,0.8903890389038904,0.23163901511148685,1.0658452196017512,0.10441145318457845,0.00014122299110295156,0.013201320132013201,0.8138511513991673,0.8288122475199663,0.9589935547476719,1.203532713601552
lgb_conformal,quantile,0.5,2,13,0.95,26,smooth,187,0.8347741890863822,0.7943607194944093,0.2364449413079933,0.8797012241510478,0.019445328169306317,0.0,0.0,0.82619654577161,0.8431181603263296,0.791550169580444,1.019912743620642
lgb_conformal,quantile,0.5,2,13,0.95,26,erratic,285,0.8055488084635523,0.8266347687400319,0.23351235230934478,1.1231479232450814,0.0715461636034869,0.0,0.0,0.7891488716146202,0.8208987682631593,1.00039894729079,1.2838018668042066
lgb_conformal,quantile,0.5,2,13,0.95,26,intermittent,272,0.6086956521739131,0.9824532085561497,0.26184538653366585,5.845849802371542,3.8573913043478263,0.011857707509881422,0.04044117647058824,0.5047643996431798,0.7048577547182951,3.583485251526069,10.657356922557115
lgb_conformal,quantile,0.5,2,13,0.95,26,lumpy,165,0.8002236302646292,0.9575757575757575,0.18576598311218334,3.0365262765560943,1.0782705926202014,0.0003727171077152441,0.006060606060606061,0.7418580474428974,0.8337064827942384,2.272483816179659,4.28007452811852
lgb_conformal,fixed,0.5,2,13,0.95,26,all,909,0.8214764863719813,0.8887888788878888,0.23502060657296842,1.0299657534246576,0.07889598926705269,0.008905874876429883,0.30913091309130913,0.8134728250670302,0.8283477897632273,0.9293113133543538,1.1597694436061359
lgb_conformal,fixed,0.5,2,13,0.95,26,smooth,187,0.8347741890863822,0.7943607194944093,0.2364449413079933,0.8797012241510478,0.019445328169306317,0.0,0.0,0.82619654577161,0.8431181603263296,0.791550169580444,1.019912743620642
lgb_conformal,fixed,0.5,2,13,0.95,26,erratic,285,0.8054138666234852,0.8266347687400319,0.23351235230934478,1.1226891209888539,0.0715461636034869,0.00029687204814724856,0.021052631578947368,0.7891419421412602,0.820789455315275,1.000168924714222,1.2833217468894675
lgb_conformal,fixed,0.5,2,13,0.95,26,intermittent,272,0.5897233201581028,0.9792780748663101,0.3092269326683292,3.333596837944664,1.8104347826086955,0.6229249011857707,0.7316176470588235,0.48677012868488195,0.6809444312391366,2.0865199345701364,6.000184911242604
lgb_conformal,fixed,0.5,2,13,0.95,26,lumpy,165,0.7942601565411852,0.9539944903581268,0.2014475271411339,2.712262392843831,0.9659336563548268,0.07827059262020127,0.46060606060606063,0.7377479978322907,0.8244730370151214,2.034513215478478,3.848661115727105
lgb_conformal,dead13,0.5,2,13,0.95,26,all,909,0.8208851150967378,0.8856885688568856,0.24157244002958891,1.0101327496116368,0.06299251518147155,0.0027185425787318177,0.17271727172717272,0.8125941594320218,0.8278516125247182,0.9115024407952608,1.1369398497335872
lgb_conformal,dead13,0.5,2,13,0.95,26,smooth,187,0.8347741890863822,0.7943607194944093,0.2364449413079933,0.8797012241510478,0.019445328169306317,0.0,0.0,0.82619654577161,0.8431181603263296,0.791550169580444,1.019912743620642
lgb_conformal,dead13,0.5,2,13,0.95,26,erratic,285,0.8053059131514317,0.8253588516746412,0.23523093447905477,1.1179661565865113,0.0711899171457102,0.0011604998245756078,0.028070175438596492,0.7888787263362671,0.8208080208392403,0.9971683591484686,1.279993399024945
lgb_conformal,dead13,0.5,2,13,0.95,26,intermittent,272,0.5628458498023715,0.9749331550802139,0.3740648379052369,2.477470355731225,1.0365217391304349,0.10039525691699605,0.2977941176470588,0.45765227097369565,0.6560583333333334,1.6157521746407997,4.35591239484696
lgb_conformal,dead13,0.5,2,13,0.95,26,lumpy,165,0.7834513604174431,0.9462809917355371,0.23522316043425814,2.343645173313455,0.6641818859485651,0.05143496086470369,0.4121212121212121,0.7162693764143369,0.8153529980657641,1.7466756919859237,3.297150608071838
lgb_conformal,dead26,0.5,2,13,0.95,26,all,909,0.8215735771783647,0.8890389038903891,0.2344922329071119,1.0338846914277646,0.07988631549216213,0.0014210563479734502,0.15181518151815182,0.8134953316541219,0.8284305717376985,0.9324098865631045,1.165358163820019
lgb_conformal,dead26,0.5,2,13,0.95,26,smooth,187,0.8347741890863822,0.7943607194944093,0.2364449413079933,0.8797012241510478,0.019445328169306317,0.0,0.0,0.82619654577161,0.8431181603263296,0.791550169580444,1.019912743620642
lgb_conformal,dead26,0.5,2,13,0.95,26,erratic,285,0.8055488084635523,0.8266347687400319,0.23351235230934478,1.1231479232450814,0.0715461636034869,0.0,0.0,0.7891488716146202,0.8208987682631593,1.00039894729079,1.2838018668042066
lgb_conformal,dead26,0.5,2,13,0.95,26,intermittent,272,0.5897233201581028,0.9796122994652406,0.30423940149625933,3.450592885375494,1.8191304347826087,0.07193675889328063,0.31985294117647056,0.48943877585456314,0.6810239759036145,2.1667987100304447,6.221140688487096
lgb_conformal,dead26,0.5,2,13,0.95,26,lumpy,165,0.7964964591874767,0.9548209366391185,0.19782870928829915,2.8162504658963847,1.0036526276556095,0.02609019754006709,0.3090909090909091,0.7392620579071227,0.8283598504505355,2.1065045013617603,3.995306362523737
lgb_conformal,none,0.8,2,13,0.95,26,all,909,0.9345254907498941,0.9527452745274527,0.09986262284687732,2.2601239231746932,0.25682460104505017,0.0,0.0,0.9235307823849551,0.9431321352707054,2.0424710552376073,2.5357908460905874
lgb_conformal,none,0.8,2,13,0.95,26,smooth,187,0.9468427968739194,0.9107924161400097,0.10257126886528788,1.7908569057334531,0.06058786914724393,0.0,0.0,0.9350779635229335,0.9572806521952038,1.649695432606909,2.0280205137666707
lgb_conformal,none,0.8,2,13,0.95,26,erratic,285,0.9260518716433217,0.9365231259968102,0.08549946294307197,2.884003994278466,0.38884300866326615,0.0,0.0,0.9124375174176653,0.9388585410671763,2.5756888445801347,3.234371904621915
lgb_conformal,none,0.8,2,13,0.95,26,intermittent,272,0.6339920948616601,0.9857954545454546,0.2119700748129676,6.465612648221343,4.234782608695652,0.0,0.0,0.523263775219874,0.7382538750103059,3.9268471789803936,11.851012165697803
lgb_conformal,none,0.8,2,13,0.95,26,lumpy,165,0.8613492359299292,0.9738292011019284,0.11459589867310012,4.306000745434215,1.845769660827432,0.0,0.0,0.8054691200719533,0.8894662910173033,3.2381534449628826,6.048521816128884
lgb_conformal,quantile,0.8,2,13,0.95,26,all,909,0.9345254907498941,0.9527452745274527,0.09986262284687732,2.2585263380878406,0.25678576472249687,0.00032657816692557547,0.0297029702970297,0.9235307823849551,0.9431321352707054,2.0414250703985233,2.53331070210043
lgb_conformal,quantile,0.8,2,13,0.95,26,smooth,187,0.9468427968739194,0.9107924161400097,0.10257126886528788,1.7906079258593264,0.06058786914724393,5.532886091707587e-05,0.016042780748663103,0.9350779635229335,0.9572806521952038,1.6495297960771715,2.0277270469881756
lgb_conformal,quantile,0.8,2,13,0.95,26,erratic,285,0.9260518716433217,0.9365231259968102,0.08549946294307197,2.8838960408064125,0.38884300866326615,5.397673602677246e-05,0.0035087719298245615,0.9124375174176653,0.9388585410671763,2.57568401319546,3.2342565093362063
lgb_conformal,quantile,0.8,2,13,0.95,26,intermittent,272,0.6339920948616601,0.9857954545454546,0.2119700748129676,6.352569169960475,4.231304347826087,0.019762845849802372,0.06985294117647059,0.523263775219874,0.7382538750103059,3.8389829263889004,11.674775669903923
lgb_conformal,quantile,0.8,2,13,0.95,26,lumpy,165,0.8613492359299292,0.9738292011019284,0.11459589867310012,4.300037271710772,1.845769660827432,0.0022363026462914647,0.024242424242424242,0.8054691200719533,0.8894662910173033,3.2314959976458577,6.036588423875424
lgb_conformal,fixed,0.8,2,13,0.95,26,all,909,0.9339605987854823,0.9510451045104511,0.10345556377470147,2.2100338935178647,0.2260079790989973,0.013513274961163677,0.3586358635863586,0.9227920156804563,0.9426507778871563,1.9986457835494724,2.469768498495886
lgb_conformal,fixed,0.8,2,13,0.95,26,smooth,187,0.9468427968739194,0.9107924161400097,0.10257126886528788,1.7907324157963898,0.06058786914724393,5.532886091707587e-05,0.016042780748663103,0.9350779635229335,0.9572806521952038,1.6496130227959003,2.0279775274392566
lgb_conformal,fixed,0.8,2,13,0.95,26,erratic,285,0.9255390926510674,0.9365231259968102,0.08549946294307197,2.870185949855612,0.38753677165141825,0.0025369065932583056,0.06666666666666667,0.9121473907643499,0.9388561670672237,2.5648440548578133,3.2150786088613628
lgb_conformal,fixed,0.8,2,13,0.95,26,intermittent,272,0.6150197628458498,0.982620320855615,0.2593516209476309,3.7391304347826084,2.1147826086956525,0.8632411067193676,0.7610294117647058,0.5064197906622206,0.7214183098955307,2.3054627969520394,6.754798274267522
lgb_conformal,fixed,0.8,2,13,0.95,26,lumpy,165,0.8535221766679091,0.9696969696969697,0.13268998793727382,3.670518076779724,1.5620573984345882,0.12709653373089824,0.5878787878787879,0.7982708855472014,0.8815564538434904,2.7683501479441612,5.212684357905844
lgb_conformal,dead13,0.8,2,13,0.95,26,all,909,0.9334839711905099,0.9479447944794479,0.110007397231322,2.1906951701737043,0.20738596243468438,0.003760062138116085,0.17271727172717272,0.9220708794378966,0.9422755875527717,1.9817779613465143,2.444529619294693
lgb_conformal,dead13,0.8,2,13,0.95,26,smooth,187,0.9468427968739194,0.9107924161400097,0.10257126886528788,1.7908569057334531,0.06058786914724393,0.0,0.0,0.9350779635229335,0.9572806521952038,1.649695432606909,2.0280205137666707
lgb_conformal,dead13,0.8,2,13,0.95,26,erratic,285,0.925862953067228,0.9355661881977672,0.08678839957035446,2.8715353682562816,0.3874180228321593,0.0022940112811378295,0.028070175438596492,0.9121988594494714,0.938676458513698,2.5670437985554986,3.2155166417473406
lgb_conformal,dead13,0.8,2,13,0.95,26,intermittent,272,0.5865612648221344,0.9779411764705882,0.32917705735660846,2.860869565217391,1.2852173913043476,0.11620553359683794,0.2977941176470588,0.47983775836547243,0.6909976779974941,1.8327791328974152,5.090853264858595
lgb_conformal,dead13,0.8,2,13,0.95,26,lumpy,165,0.8423406634364518,0.9619834710743802,0.16646562123039807,3.245993291092061,1.1684681326872903,0.07230711889675737,0.4121212121212121,0.7806005213509674,0.8747028405285574,2.4373035065411903,4.679940950713559
lgb_conformal,dead26,0.8,2,13,0.95,26,all,909,0.9342077390199124,0.9512951295129513,0.10292719010884498,2.224182671938992,0.23148390057901425,0.00175646095184296,0.15071507150715072,0.9230872946061579,0.9429089692697739,2.0120173633975105,2.4872144056515575
lgb_conformal,dead26,0.8,2,13,0.95,26,smooth,187,0.9468427968739194,0.9107924161400097,0.10257126886528788,1.7908569057334531,0.06058786914724393,0.0,0.0,0.9350779635229335,0.9572806521952038,1.649695432606909,2.0280205137666707
lgb_conformal,dead26,0.8,2,13,0.95,26,erratic,285,0.9260518716433217,0.9365231259968102,0.08549946294307197,2.884003994278466,0.38884300866326615,0.0,0.0,0.9124375174176653,0.9388585410671763,2.5756888445801347,3.234371904621915
lgb_conformal,dead26,0.8,2,13,0.95,26,intermittent,272,0.6142292490118577,0.9827874331550802,0.256857855361596,3.9501976284584983,2.1739130434782608,0.0766798418972332,0.31985294117647056,0.507651072071221,0.7181828600575937,2.42963488215057,7.173527089105695
lgb_conformal,dead26,0.8,2,13,0.95,26,lumpy,165,0.8572493477450615,0.9707988980716253,0.1278648974668275,3.974282519567648,1.7473723443906075,0.0380171449869549,0.30303030303030304,0.8005073726241938,0.8847698757451741,2.988318998810764,5.6233321016107105
lgb_conformal,none,0.9,2,13,0.95,26,all,909,0.9691869086287248,0.9755975597559756,0.05156926978759379,3.4673157039966105,0.5378442310408135,0.0,0.0,0.9603244770944442,0.9761677275715339,3.1324118368655833,3.8939574587882397
lgb_conformal,none,0.9,2,13,0.95,26,smooth,187,0.9804412476658136,0.9581915410792416,0.048071548351034096,2.510906701708279,0.099356801991839,0.0,0.0,0.9724692682762256,0.9877385963245744,2.3297502445477285,2.7917377791141345
lgb_conformal,none,0.9,2,13,0.95,26,erratic,285,0.9621353196772191,0.9695374800637958,0.04103114930182599,4.967937818800098,1.0378053059131513,0.0,0.0,0.9513039518774628,0.971657668971887,4.463080448276054,5.561297121581829
lgb_conformal,none,0.9,2,13,0.95,26,intermittent,272,0.6632411067193675,0.9879679144385026,0.17955112219451372,7.863241106719368,5.337391304347826,0.0,0.0,0.5439348441272819,0.7791187257066853,4.787853818584787,14.51344361211703
lgb_conformal,none,0.9,2,13,0.95,26,lumpy,165,0.9075661572866195,0.9853994490358127,0.06393244873341375,6.441669772642564,3.1856131196421917,0.0,0.0,0.8533720592565932,0.9338958960769358,4.833708357411976,9.038019544455574
lgb_conformal,quantile,0.9,2,13,0.95,26,all,909,0.9691604293178929,0.9755475547554755,0.051674944520765084,3.4606958762886597,0.5377277220731534,0.0011915689874311538,0.0924092409240924,0.9602887838928484,0.9761178135041775,3.126695406644865,3.885445237464599
lgb_conformal,quantile,0.9,2,13,0.95,26,smooth,187,0.9804412476658136,0.9581915410792416,0.048071548351034096,2.510201258731586,0.0993263711183346,0.0001244899370634207,0.0213903743315508,0.9724692682762256,0.9877385963245744,2.3291322633847957,2.7910566520060707
lgb_conformal,quantile,0.9,2,13,0.95,26,erratic,285,0.9621353196772191,0.9695374800637958,0.04103114930182599,4.964780179742531,1.0378053059131513,0.0006747092003346558,0.028070175438596492,0.9513039518774628,0.971657668971887,4.460340041914523,5.555754487428166
lgb_conformal,quantile,0.9,2,13,0.95,26,intermittent,272,0.6624505928853754,0.9878008021390374,0.18204488778054864,7.573122529644269,5.330434782608696,0.048221343873517786,0.18382352941176472,0.542656136369129,0.7781595836723099,4.567814196616373,13.930583723912084
lgb_conformal,quantile,0.9,2,13,0.95,26,lumpy,165,0.906820723071189,0.9853994490358127,0.06393244873341375,6.361535594483787,3.1847931420052182,0.014908684308609765,0.13333333333333333,0.853354202113736,0.9334089532991012,4.7768297856213024,8.896870753214287
lgb_conformal,fixed,0.9,2,13,0.95,26,all,909,0.9685072729840418,0.9736973697369737,0.055584909648103135,3.3779215506284426,0.48492974156192625,0.0180765428611778,0.41254125412541254,0.9593700401500967,0.9756041733569807,3.065187522007071,3.776052408064303
lgb_conformal,fixed,0.9,2,13,0.95,26,smooth,187,0.9804412476658136,0.9581915410792416,0.048071548351034096,2.5105608963275468,0.099356801991839,0.0001798187979804966,0.0374331550802139,0.9724692682762256,0.9877385963245744,2.329436160068751,2.7908834656840225
lgb_conformal,fixed,0.9,2,13,0.95,26,erratic,285,0.9616225406849648,0.9692185007974482,0.04146079484425349,4.902976816991877,1.0190429924702453,0.009203033492564705,0.14035087719298245,0.9507648920074895,0.9715373789630556,4.382870891915404,5.4532184372651
lgb_conformal,fixed,0.9,2,13,0.95,26,intermittent,272,0.6411067193675889,0.9844585561497327,0.23192019950124687,4.735177865612648,2.968695652173913,0.9122529644268774,0.8161764705882353,0.5228677135677777,0.7580310466001939,2.8933121222409914,8.598161599017038
lgb_conformal,fixed,0.9,2,13,0.95,26,lumpy,165,0.8963846440551622,0.981267217630854,0.08202653799758745,5.048080506895267,2.327096533730898,0.20126723816623182,0.6424242424242425,0.8424159720441139,0.9272315863592409,3.8732292860934288,7.104000606605593
lgb_conformal,dead13,0.9,2,13,0.95,26,all,909,0.9680306453890694,0.9706470647064707,0.06203106837155236,3.376253354046039,0.4739778986018924,0.005401779409687897,0.17271727172717272,0.9586101078458651,0.9751917779658372,3.0609121715982375,3.7674394029812195
lgb_conformal,dead13,0.9,2,13,0.95,26,smooth,187,0.9804412476658136,0.9581915410792416,0.048071548351034096,2.510906701708279,0.099356801991839,0.0,0.0,0.9724692682762256,0.9877385963245744,2.3297502445477285,2.7917377791141345
lgb_conformal,dead13,0.9,2,13,0.95,26,erratic,285,0.9619464011011254,0.9685805422647528,0.042320085929108485,4.947642566054031,1.0351928318894557,0.003616441313793755,0.028070175438596492,0.9511597841924901,0.9714881171415637,4.438719477691594,5.533431757499245
lgb_conformal,dead13,0.9,2,13,0.95,26,intermittent,272,0.6118577075098814,0.9796122994652406,0.30423940149625933,3.7881422924901185,2.0817391304347828,0.1549407114624506,0.2977941176470588,0.49673734406450154,0.7252113144674216,2.367149762692829,6.848259435835416
lgb_conformal,dead13,0.9,2,13,0.95,26,lumpy,165,0.8855758479314201,0.9735537190082645,0.1158021712907117,4.797987327618338,2.0597838240775252,0.10510622437569885,0.4121212121212121,0.8234987120579227,0.9171760991414635,3.662450951588529,6.814183750709645
lgb_conformal,dead26,0.9,2,13,0.95,26,all,909,0.9688515040248552,0.974047404740474,0.054845186515904046,3.4256814009320715,0.5104257873181755,0.0023831379748623076,0.15071507150715072,0.9597699457875469,0.9759321800195765,3.100679097008298,3.844222337964222
lgb_conformal,dead26,0.9,2,13,0.95,26,smooth,187,0.9804412476658136,0.9581915410792416,0.048071548351034096,2.510906701708279,0.099356801991839,0.0,0.0,0.9724692682762256,0.9877385963245744,2.3297502445477285,2.7917377791141345
lgb_conformal,dead26,0.9,2,13,0.95,26,erratic,285,0.9621353196772191,0.9695374800637958,0.04103114930182599,4.967937818800098,1.0378053059131513,0.0,0.0,0.9513039518774628,0.971657668971887,4.463080448276054,5.561297121581829
lgb_conformal,dead26,0.9,2,13,0.95,26,intermittent,272,0.641897233201581,0.9846256684491979,0.22942643391521197,5.234782608695652,3.2382608695652175,0.09011857707509881,0.31985294117647056,0.5254186902505089,0.7593566074643402,3.161418246945418,9.588947605379554
lgb_conformal,dead26,0.9,2,13,0.95,26,lumpy,165,0.9034662691017518,0.9823691460055096,0.07720144752714113,5.922847558702944,3.017517704062617,0.05814386880357809,0.30303030303030304,0.8486946753236967,0.9295703766975175,4.481854983281857,8.353671272741938
lgb_conformal,none,0.95,2,13,0.95,26,all,909,0.9848273548933767,0.9880988098809881,0.0251505864947691,4.995992797627454,1.1189132890834628,0.0,0.0,0.9783518966301523,0.9893991515146988,4.467523937749169,5.670801431625554
lgb_conformal,none,0.95,2,13,0.95,26,smooth,187,0.9915485164949167,0.9803111327175499,0.022638345444382337,3.237028840168753,0.14768102911681305,0.0,0.0,0.9863550267022425,0.9955334033094313,3.01602369906778,3.5638765336139264
lgb_conformal,none,0.95,2,13,0.95,26,erratic,285,0.9828353979434864,0.9859649122807017,0.01890440386680988,7.537797209402748,2.192756322025207,0.0,0.0,0.9752229731884549,0.9889964400708318,6.755895853192209,8.441850589551068
lgb_conformal,none,0.95,2,13,0.95,26,intermittent,272,0.7154150197628458,0.9923128342245989,0.11471321695760599,11.667193675889328,8.542608695652174,0.0,0.0,0.5875197098707033,0.8528477471653075,7.054389636998015,21.56176628198718
lgb_conformal,none,0.95,2,13,0.95,26,lumpy,165,0.9582556839358927,0.99366391184573,0.027744270205066344,14.143868803578085,8.959075661572866,0.0,0.0,0.9050671512199294,0.9852752645346161,10.55854966878029,19.800962319123062
lgb_conformal,quantile,0.95,2,13,0.95,26,all,909,0.9846331732806101,0.9875487548754875,0.02631300855965339,4.944402273690157,1.1149908205055783,0.006187332297698065,0.22442244224422442,0.9779529103201796,0.989292334521968,4.430535087547828,5.603740401185474
lgb_conformal,quantile,0.95,2,13,0.95,26,smooth,187,0.9915485164949167,0.9803111327175499,0.022638345444382337,3.235936095165641,0.14765059824330867,0.0002074832284390345,0.03208556149732621,0.9863550267022425,0.9955334033094313,3.01497729891264,3.560281650334032
lgb_conformal,quantile,0.95,2,13,0.95,26,erratic,285,0.9828353979434864,0.9859649122807017,0.01890440386680988,7.5207675491863,2.1923407011578013,0.0027528135373653955,0.06666666666666667,0.9752229731884549,0.9889964400708318,6.737575239329776,8.423851943926842
lgb_conformal,quantile,0.95,2,13,0.95,26,intermittent,272,0.7098814229249012,0.9914772727272727,0.12718204488778054,10.27193675889328,8.410434782608695,0.1541501976284585,0.36764705882352944,0.5798785286511068,0.8439036191641068,6.218403386340396,18.736493019042644
lgb_conformal,quantile,0.95,2,13,0.95,26,lumpy,165,0.952664927320164,0.9920110192837466,0.03498190591073583,12.887812150577712,8.862318300409989,0.14498695490122995,0.47878787878787876,0.8966209654478628,0.981224417916706,9.730388377395661,18.10577946682786
lgb_conformal,fixed,0.95,2,13,0.95,26,all,909,0.9833974721084593,0.984998499849985,0.03170241995138962,4.747996398813727,0.9466353622369722,0.03431718683801723,0.49504950495049505,0.9763000817364987,0.9883934022142103,4.266876021847503,5.32155426595366
lgb_conformal,fixed,0.95,2,13,0.95,26,smooth,187,0.9915485164949167,0.9803111327175499,0.022638345444382337,3.2361712428245384,0.14768102911681305,0.0005117919634829518,0.0481283422459893,0.9863550267022425,0.9955334033094313,3.0152158727398146,3.56274392791056
lgb_conformal,fixed,0.95,2,13,0.95,26,erratic,285,0.981135130758643,0.9850079744816587,0.020193340494092375,7.330634496531995,2.1068415512913936,0.02590883329285078,0.24912280701754386,0.9736921063135876,0.9877466107436529,6.552623957517658,8.113285648956467
lgb_conformal,fixed,0.95,2,13,0.95,26,intermittent,272,0.6845849802371542,0.9879679144385026,0.17955112219451372,6.9296442687747035,5.113043478260869,1.099604743083004,0.9007352941176471,0.5514366445425309,0.8187117883404825,4.109773155189153,12.718940264592748
lgb_conformal,fixed,0.95,2,13,0.95,26,lumpy,165,0.935892657472978,0.9853994490358127,0.06393244873341375,8.789414834140887,4.487737607156168,0.5590756615728661,0.7575757575757576,0.8737363266222109,0.9705508692344285,6.9054188231323135,11.934634489090744
lgb_conformal,dead13,0.95,2,13,0.95,26,all,909,0.9834592571670668,0.9826482648264826,0.03666913241044066,4.838423245304336,1.0079384973873746,0.009576684084168903,0.17271727172717272,0.976373898932686,0.9883237012998328,4.340793822493282,5.462090648859122
lgb_conformal,dead13,0.95,2,13,0.95,26,smooth,187,0.9915485164949167,0.9803111327175499,0.022638345444382337,3.237028840168753,0.14768102911681305,0.0,0.0,0.9863550267022425,0.9955334033094313,3.01602369906778,3.5638765336139264
lgb_conformal,dead13,0.95,2,13,0.95,26,erratic,285,0.9826464793673927,0.9850079744816587,0.020193340494092375,7.508352899900144,2.1888376109896637,0.005100801554529998,0.028070175438596492,0.9749362950090703,0.9887752391656371,6.713883792401671,8.396673773627102
lgb_conformal,dead13,0.95,2,13,0.95,26,intermittent,272,0.6561264822134387,0.9829545454545454,0.2543640897755611,6.2205533596837945,4.243478260869566,0.23715415019762845,0.2977941176470588,0.5253696087947939,0.7881358780029416,3.738142160627666,11.219615879320457
lgb_conformal,dead13,0.95,2,13,0.95,26,lumpy,165,0.9310473350726798,0.9807162534435262,0.08443908323281062,10.46477823332091,6.354006708907939,0.2221393961982855,0.4121212121212121,0.8638627819548872,0.9655704377027613,8.071372513195952,14.462265764629201
lgb_conformal,dead26,0.95,2,13,0.95,26,all,909,0.9844389916678435,0.9863986398639863,0.028743527422593257,4.936167208021466,1.0848344160429317,0.004298474791696088,0.15071507150715072,0.9777376881196982,0.989077971026582,4.414911587307032,5.590067235699591
lgb_conformal,dead26,0.95,2,13,0.95,26,smooth,187,0.9915485164949167,0.9803111327175499,0.022638345444382337,3.237028840168753,0.14768102911681305,0.0,0.0,0.9863550267022425,0.9955334033094313,3.01602369906778,3.5638765336139264
lgb_conformal,dead26,0.95,2,13,0.95,26,erratic,285,0.9828353979434864,0.9859649122807017,0.01890440386680988,7.537797209402748,2.192756322025207,0.0,0.0,0.9752229731884549,0.9889964400708318,6.755895853192209,8.441850589551068
lgb_conformal,dead26,0.95,2,13,0.95,26,intermittent,272,0.6909090909090909,0.9886363636363636,0.16957605985037408,8.55415019762846,6.179130434782608,0.13359683794466404,0.31985294117647056,0.5591883888199738,0.8259180372959726,5.002791231033715,15.546721497154836
lgb_conformal,dead26,0.95,2,13,0.95,26,lumpy,165,0.9534103615355944,0.990358126721763,0.04221954161640531,13.08535221766679,8.634364517331345,0.11852404025344764,0.30303030303030304,0.8973397390559168,0.9802619253135734,9.753787111246709,18.51128940533429
lgb_conformal,none,0.99,2,13,0.95,26,all,909,0.9953837734783223,0.9971997199719972,0.005917785057592729,12.291863790425081,6.226355740714589,0.0,0.0,0.9915188095287562,0.9979375022853324,10.598551229849514,14.457274626046695
lgb_conformal,none,0.99,2,13,0.95,26,smooth,187,0.9985476174009268,0.9970831307729704,0.003353828954723309,5.38600179818798,0.4172681374922194,0.0,0.0,0.9968322255784713,0.9996110983243154,5.049380482976656,5.873055259785086
lgb_conformal,none,0.99,2,13,0.95,26,erratic,285,0.9972471864626345,0.9982456140350877,0.002363050483351235,16.216581653307426,8.299533101233369,0.0,0.0,0.9942892682194002,0.9995187575224926,14.532045836901819,17.972850311705155
lgb_conformal,none,0.99,2,13,0.95,26,intermittent,272,0.7517786561264822,0.9946524064171123,0.0798004987531172,23.437154150197628,18.775652173913045,0.0,0.0,0.6149825244340072,0.8841276252019387,13.880193065309246,42.391025148038445
lgb_conformal,none,0.99,2,13,0.95,26,lumpy,165,0.9992545657845695,0.9997245179063361,0.0012062726176115801,138.91800223630267,128.2076034289974,0.0,0.0,0.9975180669385119,1.0,107.48201171665278,188.65254259054768
lgb_conformal,quantile,0.99,2,13,0.95,26,all,909,0.9924533964129361,0.9922492249224922,0.016379583641551305,9.554697429741562,3.8694764157604857,0.2258596949583392,0.5434543454345434,0.988128940298662,0.9952661994579622,8.434914470521957,10.825741120850884
lgb_conformal,quantile,0.99,2,13,0.95,26,smooth,187,0.9985337851856975,0.9968400583373845,0.0036333147009502517,5.379044193927657,0.4170246905041842,0.001715194688429352,0.058823529411764705,0.9967925946581623,0.9995799290024702,5.042125117965109,5.858964461183944
lgb_conformal,quantile,0.99,2,13,0.95,26,erratic,285,0.997058267886541,0.9980861244019139,0.0025778732545649837,15.943270450435861,8.27144900547864,0.03378943675275956,0.25263157894736843,0.994115456553182,0.9991927884092343,14.324207700279931,17.690802603669937
lgb_conformal,quantile,0.99,2,13,0.95,26,intermittent,272,0.7391304347826086,0.9934826203208557,0.09725685785536159,16.73517786561265,17.14608695652174,0.7438735177865613,0.9044117647058824,0.5945023612083079,0.8738679551353357,10.119602232493467,29.7022338615109
lgb_conformal,quantile,0.99,2,13,0.95,26,lumpy,165,0.8844576966082743,0.974931129476584,0.1097708082026538,30.456578456951174,29.8455460305628,8.673872530749161,1.0,0.8056948839013941,0.9234936571195002,25.0123511569907,39.35548317521991
lgb_conformal,fixed,0.99,2,13,0.95,26,all,909,0.9913236124841124,0.9894989498949895,0.022191693965972734,9.062491173563057,3.259085934190086,0.3275490749894083,0.6534653465346535,0.9863169866522628,0.9945995387209937,8.048806620761821,10.242412104127
lgb_conformal,fixed,0.99,2,13,0.95,26,smooth,187,0.9985476174009268,0.9970831307729704,0.003353828954723309,5.379334670447473,0.4172072757452106,0.002628120893561104,0.11764705882352941,0.9968322255784713,0.9996110983243154,5.0427753116510035,5.864823478283605
lgb_conformal,fixed,0.99,2,13,0.95,26,erratic,285,0.993711710252881,0.9950558213716109,0.006659505907626208,14.74790165438696,7.407729468599035,0.14430680376757618,0.512280701754386,0.989274818296356,0.997145684252039,13.300615006641912,16.267677402154106
lgb_conformal,fixed,0.99,2,13,0.95,26,intermittent,272,0.7019762845849803,0.9881350267379679,0.1770573566084788,10.608695652173914,7.998260869565218,2.261660079051383,0.9595588235294118,0.5643698979854189,0.8306349712643679,6.386712085138706,18.35322537891202
lgb_conformal,fixed,0.99,2,13,0.95,26,lumpy,165,0.9001118151323145,0.9735537190082645,0.1158021712907117,29.0611256056653,20.306746179649647,10.70145359672009,1.0,0.8195784591941018,0.9401511096206194,23.260317300880125,37.07390077231167
lgb_conformal,dead13,0.99,2,13,0.95,26,all,909,0.9934684366614885,0.9913991399139914,0.018176054105463385,11.3680888998729,5.56044873605423,0.05304688603304618,0.17271727172717272,0.9888997422396507,0.9960694348111592,9.818582160605516,13.205087827051653
lgb_conformal,dead13,0.99,2,13,0.95,26,smooth,187,0.9985476174009268,0.9970831307729704,0.003353828954723309,5.38600179818798,0.4172681374922194,0.0,0.0,0.9968322255784713,0.9996110983243154,5.049380482976656,5.873055259785086
lgb_conformal,dead13,0.99,2,13,0.95,26,erratic,285,0.997058267886541,0.9972886762360447,0.003651987110633727,16.16074271988773,8.291695679162283,0.009607859012765499,0.028070175438596492,0.9941011255071315,0.9994337336048144,14.471085708566076,17.902580339515392
lgb_conformal,dead13,0.99,2,13,0.95,26,intermittent,272,0.6822134387351778,0.9846256684491979,0.22942643391521197,12.945454545454547,10.099130434782609,0.43715415019762843,0.2977941176470588,0.5450223430957537,0.8133158503323757,7.720708560336495,23.131059163577962
lgb_conformal,dead13,0.99,2,13,0.95,26,lumpy,165,0.9537830786433097,0.9859504132231405,0.061519903498190594,105.62728289228475,104.28721580320537,1.9012299664554604,0.4121212121212121,0.8863676242236025,0.9835310255485346,82.82410767034354,141.79674801706915
lgb_conformal,dead26,0.99,2,13,0.95,26,all,909,0.9948012286400226,0.9953495349534953,0.009827750184930784,12.010662335828274,6.104254342606976,0.02563197288518571,0.15071507150715072,0.9906215960407123,0.9974291436647579,10.356486291142353,14.052270247157042
lgb_conformal,dead26,0.99,2,13,0.95,26,smooth,187,0.9985476174009268,0.9970831307729704,0.003353828954723309,5.38600179818798,0.4172681374922194,0.0,0.0,0.9968322255784713,0.9996110983243154,5.049380482976656,5.873055259785086
lgb_conformal,dead26,0.99,2,13,0.95,26,erratic,285,0.9972471864626345,0.9982456140350877,0.002363050483351235,16.216581653307426,8.299533101233369,0.0,0.0,0.9942892682194002,0.9995187575224926,14.532045836901819,17.972850311705155
lgb_conformal,dead26,0.99,2,13,0.95,26,intermittent,272,0.7177865612648221,0.9904745989304813,0.14214463840399003,17.418181818181818,14.100869565217392,0.2482213438735178,0.31985294117647056,0.5780597885466093,0.8546291815219208,10.050709660480662,31.58750239487957
lgb_conformal,dead26,0.99,2,13,0.95,26,lumpy,165,0.9906820723071189,0.9964187327823691,0.015681544028950542,129.88147595974655,125.25568393589266,0.9653373089824823,0.30303030303030304,0.9772952187502137,0.9978611439489745,100.85401791551593,176.57986354222072
hgb_quantile,none,0.5,2,13,0.95,26,all,909,0.8602951560514052,0.8903390339033903,0.23174468984465815,0.8394735913006638,0.07771148142917668,0.0,0.0,0.842126951944878,0.8757186036044698,0.7411306887556108,0.9692611646184728
hgb_quantile,none,0.5,2,13,0.95,26,smooth,187,0.8826474859948821,0.790957705396208,0.2403577417551705,0.5958088387855315,0.005386264610277336,0.0,0.0,0.8618974510047859,0.8990997932083227,0.526275094790575,0.701667352924635
hgb_quantile,none,0.5,2,13,0.95,26,erratic,285,0.8318624672766037,0.8312599681020734,0.22728249194414607,1.0219145548268698,0.03532777372952258,0.0,0.0,0.810056061015941,0.8519889770649952,0.9075910654925894,1.1574439568419728
hgb_quantile,none,0.5,2,13,0.95,26,intermittent,272,0.549407114624506,0.9804478609625669,0.29177057356608477,5.347826086956522,3.645217391304348,0.0,0.0,0.4219816075009856,0.6688311509233535,3.253214246464104,9.876167990820003
hgb_quantile,none,0.5,2,13,0.95,26,lumpy,165,0.7972418934029072,0.9564738292011019,0.19059107358262967,2.759970182631383,0.929854640327991,0.0,0.0,0.7371204499217652,0.8315517952232581,2.090582853329587,3.9510742953015847
hgb_quantile,quantile,0.5,2,13,0.95,26,all,909,0.8602951560514052,0.8903390339033903,0.23174468984465815,0.8392352775031775,0.07771148142917668,6.178505860754131e-05,0.0033003300330033004,0.842126951944878,0.8757186036044698,0.7407910563550627,0.9686736839492456
hgb_quantile,quantile,0.5,2,13,0.95,26,smooth,187,0.8826474859948821,0.790957705396208,0.2403577417551705,0.5958088387855315,0.005386264610277336,0.0,0.0,0.8618974510047859,0.8990997932083227,0.526275094790575,0.701667352924635
hgb_quantile,quantile,0.5,2,13,0.95,26,erratic,285,0.8318624672766037,0.8312599681020734,0.22728249194414607,1.0212938223625616,0.03532777372952258,0.00013494184006693116,0.0035087719298245615,0.810056061015941,0.8519889770649952,0.9075779591833261,1.1573656882787113
hgb_quantile,quantile,0.5,2,13,0.95,26,intermittent,272,0.549407114624506,0.9804478609625669,0.29177057356608477,5.34703557312253,3.645217391304348,0.0007905138339920949,0.003676470588235294,0.4219816075009856,0.6688311509233535,3.252760547069036,9.87612964726172
hgb_quantile,quantile,0.5,2,13,0.95,26,lumpy,165,0.7972418934029072,0.9564738292011019,0.19059107358262967,2.7588520313082374,0.929854640327991,0.0003727171077152441,0.006060606060606061,0.7371204499217652,0.8315517952232581,2.0905617799943808,3.94945199912854
hgb_quantile,fixed,0.5,2,13,0.95,26,all,909,0.8599950571953114,0.8888888888888888,0.2348092571066258,0.8059507837876007,0.05297274396271714,0.010662335828272843,0.2915291529152915,0.8417522470974627,0.8753773268088026,0.7126133362413585,0.9283428207102848
hgb_quantile,fixed,0.5,2,13,0.95,26,smooth,187,0.8826474859948821,0.790957705396208,0.2403577417551705,0.5958088387855315,0.005386264610277336,0.0,0.0,0.8618974510047859,0.8990997932083227,0.526275094790575,0.701667352924635
hgb_quantile,fixed,0.5,2,13,0.95,26,erratic,285,0.8318624672766037,0.8312599681020734,0.22728249194414607,1.021860578090843,0.03532777372952258,5.397673602677246e-05,0.007017543859649123,0.810056061015941,0.8519889770649952,0.9075120781269249,1.157311226696404
hgb_quantile,fixed,0.5,2,13,0.95,26,intermittent,272,0.5312252964426878,0.9774398395721925,0.33665835411471323,2.875889328063241,1.6191304347826088,0.7849802371541502,0.7058823529411765,0.4041852267647591,0.6545126724137931,1.7775005530104142,5.146524084974603
hgb_quantile,fixed,0.5,2,13,0.95,26,lumpy,165,0.7931420052180395,0.9534435261707989,0.20386007237635706,2.5106224375698845,0.8404770778978755,0.079388743943347,0.4303030303030303,0.7323854168980916,0.8278170686049803,1.905609789589076,3.613938552348568
hgb_quantile,dead13,0.5,2,13,0.95,26,all,909,0.8593154215506285,0.8856885688568856,0.24157244002958891,0.786373746645954,0.037593560231605705,0.002321352916254766,0.17271727172717272,0.84091386202788,0.874832175452949,0.6962134088869705,0.9033288885648113
hgb_quantile,dead13,0.5,2,13,0.95,26,smooth,187,0.8826474859948821,0.790957705396208,0.2403577417551705,0.5958088387855315,0.005386264610277336,0.0,0.0,0.8618974510047859,0.8990997932083227,0.526275094790575,0.701667352924635
hgb_quantile,dead13,0.5,2,13,0.95,26,erratic,285,0.8316465603324967,0.8301435406698565,0.22878625134264233,1.0195665668097051,0.035209024910263675,0.0006747092003346558,0.028070175438596492,0.80971007056985,0.8518637357304307,0.904485145720243,1.153615416664396
hgb_quantile,dead13,0.5,2,13,0.95,26,intermittent,272,0.5035573122529644,0.972927807486631,0.40399002493765584,1.9747035573122529,0.8365217391304348,0.091699604743083,0.2977941176470588,0.3761969141294677,0.618580768571918,1.246285934194379,3.4102871255999387
hgb_quantile,dead13,0.5,2,13,0.95,26,lumpy,165,0.7804696235557212,0.9451790633608815,0.24004825090470447,2.140514349608647,0.5616846813268729,0.045471487141259787,0.4121212121212121,0.7166736577132115,0.8149575279463755,1.6375538100305098,2.9534835683637617
hgb_quantile,dead26,0.5,2,13,0.95,26,all,909,0.8599862307583674,0.888938893889389,0.2347035823734545,0.807248270018359,0.05339994351080356,0.00134161841547804,0.1496149614961496,0.8417419539310648,0.875369920357974,0.714040109591969,0.929506205369258
hgb_quantile,dead26,0.5,2,13,0.95,26,smooth,187,0.8826474859948821,0.790957705396208,0.2403577417551705,0.5958088387855315,0.005386264610277336,0.0,0.0,0.8618974510047859,0.8990997932083227,0.526275094790575,0.701667352924635
hgb_quantile,dead26,0.5,2,13,0.95,26,erratic,285,0.8318624672766037,0.8312599681020734,0.22728249194414607,1.0219145548268698,0.03532777372952258,0.0,0.0,0.810056061015941,0.8519889770649952,0.9075910654925894,1.1574439568419728
hgb_quantile,dead26,0.5,2,13,0.95,26,intermittent,272,0.5296442687747036,0.9774398395721925,0.33665835411471323,2.8956521739130436,1.6208695652173912,0.07114624505928854,0.3161764705882353,0.4003650313761487,0.6530896598071932,1.7816705425905337,5.1921430382762255
hgb_quantile,dead26,0.5,2,13,0.95,26,lumpy,165,0.7935147223257547,0.9537190082644628,0.20265379975874548,2.5553484904957138,0.8576966082743198,0.023108460678345134,0.30303030303030304,0.7323981915531759,0.8281981466413612,1.946603265608779,3.679337443584612
hgb_quantile,none,0.8,2,13,0.95,26,all,909,0.9332456573930236,0.9557955795579558,0.09341646412342809,1.6214959045332582,0.1849774043214235,0.0,0.0,0.9225529614977316,0.9414256778916911,1.4173928239320268,1.89216077792652
hgb_quantile,none,0.8,2,13,0.95,26,smooth,187,0.9421260114807386,0.9098201263976665,0.10368921185019564,1.0955667750190192,0.025805380731724187,0.0,0.0,0.9311413213001098,0.9503752140197863,0.9672402925019815,1.3039488759441495
hgb_quantile,none,0.8,2,13,0.95,26,erratic,285,0.9260518716433217,0.935725677830941,0.08657357679914071,2.116346854505708,0.17711386392464848,0.0,0.0,0.9116835386021308,0.9407302397477989,1.8956210841902184,2.3891783436323784
hgb_quantile,none,0.8,2,13,0.95,26,intermittent,272,0.6877470355731226,0.9908088235294118,0.1371571072319202,8.524901185770752,5.452173913043478,0.0,0.0,0.5526613452978358,0.8137009576768613,5.503489046800609,15.29955684711431
hgb_quantile,none,0.8,2,13,0.95,26,lumpy,165,0.9090570257174805,0.9848484848484849,0.06634499396863691,5.704062616474096,2.099142750652255,0.0,0.0,0.8452125575288091,0.9415029633948818,4.30445660461601,8.13209907428569
hgb_quantile,quantile,0.8,2,13,0.95,26,all,909,0.9332456573930236,0.9557955795579558,0.09341646412342809,1.6191304194322838,0.18486089535376363,0.0005207597796921339,0.039603960396039604,0.9225529614977316,0.9414256778916911,1.4152359512202393,1.8885466021894983
hgb_quantile,quantile,0.8,2,13,0.95,26,smooth,187,0.9421260114807386,0.9098201263976665,0.10368921185019564,1.09555294280379,0.025805380731724187,1.3832215229268968e-05,0.0053475935828877,0.9311413213001098,0.9503752140197863,0.9672200879699495,1.303930406537065
hgb_quantile,quantile,0.8,2,13,0.95,26,erratic,285,0.9260518716433217,0.935725677830941,0.08657357679914071,2.1144306803767576,0.17711386392464848,0.00040482552020079345,0.010526315789473684,0.9116835386021308,0.9407302397477989,1.8950125928821027,2.3889330263273747
hgb_quantile,quantile,0.8,2,13,0.95,26,intermittent,272,0.6877470355731226,0.9908088235294118,0.1371571072319202,8.432411067193675,5.441739130434783,0.014229249011857707,0.04779411764705882,0.5526613452978358,0.8137009576768613,5.465930013436646,15.179419460581752
hgb_quantile,quantile,0.8,2,13,0.95,26,lumpy,165,0.9090570257174805,0.9848484848484849,0.06634499396863691,5.674617964964592,2.099142750652255,0.009317927692881103,0.11515151515151516,0.8452125575288091,0.9415029633948818,4.295892892844768,8.07965126586199
hgb_quantile,fixed,0.8,2,13,0.95,26,all,909,0.9328572941674904,0.9541454145414542,0.09690373031808094,1.5673015816975004,0.14969460528173986,0.013548580708939415,0.36083608360836084,0.9221376909197543,0.941036366145792,1.3733671296358487,1.8147229134942267
hgb_quantile,fixed,0.8,2,13,0.95,26,smooth,187,0.9421260114807386,0.9098201263976665,0.10368921185019564,1.0955667750190192,0.025805380731724187,0.0,0.0,0.9311413213001098,0.9503752140197863,0.9672402925019815,1.3039488759441495
hgb_quantile,fixed,0.8,2,13,0.95,26,erratic,285,0.9259709065392816,0.935725677830941,0.08657357679914071,2.1150244244730523,0.17711386392464848,0.0005127789922543383,0.028070175438596492,0.9115307735595833,0.9407302397477989,1.894747669141012,2.387051240581557
hgb_quantile,fixed,0.8,2,13,0.95,26,intermittent,272,0.666403162055336,0.9872994652406417,0.18952618453865336,5.271936758893281,3.0504347826086957,0.9114624505928853,0.8272058823529411,0.531925441343974,0.7953339661965397,3.5007530864692886,9.130913863441258
hgb_quantile,fixed,0.8,2,13,0.95,26,lumpy,165,0.903838986209467,0.9815426997245179,0.08082026537997587,4.967573611628774,1.7416325009317928,0.13529631010063362,0.5757575757575758,0.8384066144707915,0.9372849938451571,3.795571331070923,6.89807280981627
hgb_quantile,dead13,0.8,2,13,0.95,26,all,909,0.9321335263380879,0.9507450745074507,0.10408961217372927,1.5453061008332158,0.13023760768253073,0.004201383985312809,0.17271727172717272,0.921107173191266,0.9405506436118958,1.3549355044043356,1.7870597563182347
hgb_quantile,dead13,0.8,2,13,0.95,26,smooth,187,0.9421260114807386,0.9098201263976665,0.10368921185019564,1.0955667750190192,0.025805380731724187,0.0,0.0,0.9311413213001098,0.9503752140197863,0.9672402925019815,1.3039488759441495
hgb_quantile,dead13,0.8,2,13,0.95,26,erratic,285,0.925862953067228,0.9347687400318979,0.0878625134264232,2.110166518230643,0.1762826221898362,0.0014573718727228565,0.028070175438596492,0.9115689407672305,0.9404810447183208,1.8927424770820558,2.377450301489379
hgb_quantile,dead13,0.8,2,13,0.95,26,intermittent,272,0.633201581027668,0.9821189839572193,0.26683291770573564,4.365217391304348,2.213913043478261,0.16521739130434782,0.2977941176470588,0.4961615309247413,0.7594607434186132,2.9351801863137976,7.324538318381371
hgb_quantile,dead13,0.8,2,13,0.95,26,lumpy,165,0.8904211703317182,0.9730027548209367,0.11821471652593486,4.533358181140515,1.3259038389862094,0.079388743943347,0.4121212121212121,0.8184958535928307,0.9268904101024739,3.4246552564224255,6.182182500086875
hgb_quantile,dead26,0.8,2,13,0.95,26,all,909,0.9328925999152662,0.9541954195419542,0.09679805558490964,1.5840894647648636,0.15990855811326085,0.002074212681824601,0.15071507150715072,0.9221471478759887,0.9410804634583714,1.386959662383458,1.8374881574802495
hgb_quantile,dead26,0.8,2,13,0.95,26,smooth,187,0.9421260114807386,0.9098201263976665,0.10368921185019564,1.0955667750190192,0.025805380731724187,0.0,0.0,0.9311413213001098,0.9503752140197863,0.9672402925019815,1.3039488759441495
hgb_quantile,dead26,0.8,2,13,0.95,26,erratic,285,0.9260518716433217,0.935725677830941,0.08657357679914071,2.116346854505708,0.17711386392464848,0.0,0.0,0.9116835386021308,0.9407302397477989,1.8956210841902184,2.3891783436323784
hgb_quantile,dead26,0.8,2,13,0.95,26,intermittent,272,0.6648221343873518,0.9872994652406417,0.18952618453865336,5.934387351778656,3.405217391304348,0.09407114624505929,0.31985294117647056,0.5323256346956337,0.7933393103918096,3.8182720386218874,10.348073673719064
hgb_quantile,dead26,0.8,2,13,0.95,26,lumpy,165,0.9049571375326128,0.9818181818181818,0.07961399276236429,5.345881475959747,2.0056653000372715,0.04323518449496832,0.30303030303030304,0.8409855676395621,0.9385815847100745,4.048616225155413,7.54959696682964
hgb_quantile,none,0.9,2,13,0.95,26,all,909,0.9670509108882926,0.9798979897989799,0.0424812427348621,2.4646501200395425,0.378984253636492,0.0,0.0,0.9596606185168731,0.9728484281821346,2.1472935561458093,2.890462505726864
hgb_quantile,none,0.9,2,13,0.95,26,smooth,187,0.9731378380247596,0.9608653378706855,0.04499720514253773,1.5772598381630818,0.05237153330105816,0.0,0.0,0.9633839875378729,0.9807223387298087,1.3850425845962067,1.9345574418146219
hgb_quantile,none,0.9,2,13,0.95,26,erratic,285,0.9639705287021294,0.9716108452950558,0.03823845327604726,3.230561627938359,0.36378700779963835,0.0,0.0,0.9557873544628511,0.9724219389028503,2.8520088015088922,3.6538774825219025
hgb_quantile,none,0.9,2,13,0.95,26,intermittent,272,0.7470355731225297,0.9939839572192514,0.08977556109725686,15.116205533596837,10.803478260869564,0.0,0.0,0.6173553830309364,0.8774188003520891,9.874417036672316,27.160378312699805
hgb_quantile,none,0.9,2,13,0.95,26,lumpy,165,0.9493104733507268,0.9925619834710744,0.032569360675512665,9.833395452851287,4.474617964964592,0.0,0.0,0.8872999443315167,0.9770209194214876,7.548155495832138,13.87440265902572
hgb_quantile,quantile,0.9,2,13,0.95,26,all,909,0.9670332580144048,0.9797979797979798,0.04269259220120469,2.4504836887445274,0.3770230193475498,0.002797980511227228,0.15291529152915292,0.9596366523399086,0.9728480546408134,2.13463971771856,2.874299989686497
hgb_quantile,quantile,0.9,2,13,0.95,26,smooth,187,0.9731378380247596,0.9608653378706855,0.04499720514253773,1.5771906770869355,0.05237153330105816,4.14966456878069e-05,0.0053475935828877,0.9633839875378729,0.9807223387298087,1.3849888644040262,1.9345551181785963
hgb_quantile,quantile,0.9,2,13,0.95,26,erratic,285,0.9639705287021294,0.9716108452950558,0.03823845327604726,3.223328745310771,0.3635495101611206,0.0014573718727228565,0.03859649122807018,0.9557873544628511,0.9724219389028503,2.8450732468589384,3.6429007183041278
hgb_quantile,quantile,0.9,2,13,0.95,26,intermittent,272,0.7462450592885376,0.9938168449197861,0.09226932668329177,14.525691699604744,10.685217391304347,0.09723320158102766,0.26838235294117646,0.6156500264696275,0.8773640957569031,9.464879951904999,26.50243714642155
hgb_quantile,quantile,0.9,2,13,0.95,26,lumpy,165,0.9489377562430116,0.9922865013774105,0.033775633293124246,9.61535594483787,4.450838613492359,0.051062243756988444,0.32727272727272727,0.8872999443315167,0.9767596418732782,7.3235161154822395,13.544933828727904
hgb_quantile,fixed,0.9,2,13,0.95,26,all,909,0.9661329614461235,0.9773477347734774,0.04787065412659833,2.328802429035447,0.2834857364778986,0.024714023443016524,0.43014301430143015,0.9585097289402785,0.9719645903088405,2.0351095350628094,2.705182068890216
hgb_quantile,fixed,0.9,2,13,0.95,26,smooth,187,0.9731378380247596,0.9608653378706855,0.04499720514253773,1.5772321737326231,0.05237153330105816,2.7664430458537936e-05,0.0053475935828877,0.9633839875378729,0.9807223387298087,1.384999149419447,1.9345163364379834
hgb_quantile,fixed,0.9,2,13,0.95,26,erratic,285,0.9636196799179554,0.9716108452950558,0.03823845327604726,3.220953768925593,0.3627776428359377,0.0020511159690173534,0.07017543859649122,0.9554627808720034,0.972151402299456,2.845270085875243,3.638736004669536
hgb_quantile,fixed,0.9,2,13,0.95,26,intermittent,272,0.700395256916996,0.9884692513368984,0.17206982543640897,7.734387351778656,5.253913043478261,1.4711462450592885,0.9411764705882353,0.5685912075457591,0.8266023519638285,5.072417759480302,13.315223187182944
hgb_quantile,fixed,0.9,2,13,0.95,26,lumpy,165,0.937383525903839,0.987603305785124,0.054282267792521106,7.710771524412971,3.0724562057398437,0.3209094297428252,0.6909090909090909,0.8667243995621876,0.9691033137923543,6.000528485991969,10.68623585125454
hgb_quantile,dead13,0.9,2,13,0.95,26,all,909,0.9657445982205903,0.9745974597459746,0.053682764451019764,2.3314591865555716,0.27800981499788163,0.006964058748764299,0.17271727172717272,0.9581260661329898,0.9717470557389369,2.0381750318012797,2.7089437273128674
hgb_quantile,dead13,0.9,2,13,0.95,26,smooth,187,0.9731378380247596,0.9608653378706855,0.04499720514253773,1.5772598381630818,0.05237153330105816,0.0,0.0,0.9633839875378729,0.9807223387298087,1.3850425845962067,1.9345574418146219
hgb_quantile,dead13,0.9,2,13,0.95,26,erratic,285,0.9637816101260357,0.9706539074960128,0.039527389903329754,3.222815966318517,0.36283701724556716,0.00186219739292365,0.028070175438596492,0.9556037117498836,0.9723098245570773,2.8480014571123626,3.640433317603808
hgb_quantile,dead13,0.9,2,13,0.95,26,intermittent,272,0.6822134387351778,0.9846256684491979,0.22942643391521197,7.915415019762846,4.984347826086957,0.28537549407114626,0.2977941176470588,0.5537617100222283,0.8031858352825775,5.310420738489424,13.371576395244523
hgb_quantile,dead13,0.9,2,13,0.95,26,lumpy,165,0.9273201639955274,0.9804407713498623,0.0856453558504222,7.711144241520686,2.9674990682072306,0.13380544166977265,0.4121212121212121,0.8549280424467812,0.9604270871457038,5.982445898365994,10.519124074310874
hgb_quantile,dead26,0.9,2,13,0.95,26,all,909,0.9666095890410958,0.9781978197819782,0.04607418366268625,2.3982753142211553,0.3330408840559243,0.0036717977686767404,0.15181518151815182,0.9592779700945337,0.9723632702571109,2.0932862742107963,2.796039751485135
hgb_quantile,dead26,0.9,2,13,0.95,26,smooth,187,0.9731378380247596,0.9608653378706855,0.04499720514253773,1.5772598381630818,0.05237153330105816,0.0,0.0,0.9633839875378729,0.9807223387298087,1.3850425845962067,1.9345574418146219
hgb_quantile,dead26,0.9,2,13,0.95,26,erratic,285,0.9639705287021294,0.9716108452950558,0.03823845327604726,3.230561627938359,0.36378700779963835,0.0,0.0,0.9557873544628511,0.9724219389028503,2.8520088015088922,3.6538774825219025
hgb_quantile,dead26,0.9,2,13,0.95,26,intermittent,272,0.71699604743083,0.9903074866310161,0.14463840399002495,10.69407114624506,7.245217391304348,0.16284584980237155,0.3235294117647059,0.5825508101762863,0.8432427786752826,6.744038218115424,18.772590782122904
hgb_quantile,dead26,0.9,2,13,0.95,26,lumpy,165,0.9448378680581438,0.9892561983471074,0.047044632086851626,9.115542303391726,4.21222512113306,0.07827059262020127,0.30303030303030304,0.8819436660380806,0.9738649276859505,6.9078020314444055,12.923166815826143
hgb_quantile,none,0.95,2,13,0.95,26,all,909,0.9863190227369015,0.9925492549254925,0.015745535242523513,3.869554088405593,0.7619880666572518,0.0,0.0,0.9806876424205649,0.9900936469880951,3.349589207453533,4.547536922679602
hgb_quantile,none,0.95,2,13,0.95,26,smooth,187,0.9905802614288678,0.9885755955274672,0.013135830072666294,2.4700463379210182,0.14850266270143164,0.0,0.0,0.9843328325943912,0.9951334939321262,2.1372895251247312,3.0386584346966354
hgb_quantile,none,0.95,2,13,0.95,26,erratic,285,0.9861009904731061,0.989792663476874,0.013748657357679914,5.202601678676491,0.9505249237578605,0.0,0.0,0.9815919087136723,0.9904273548640399,4.566766955592204,5.885103757269228
hgb_quantile,none,0.95,2,13,0.95,26,intermittent,272,0.783399209486166,0.995822192513369,0.06234413965087282,21.556521739130435,15.64695652173913,0.0,0.0,0.6604519029295879,0.9153797423002762,13.980549422884682,38.80408975132231
hgb_quantile,none,0.95,2,13,0.95,26,lumpy,165,0.9701826313827805,0.9964187327823691,0.015681544028950542,14.831159150204993,7.670890793887439,0.0,0.0,0.9172011357427211,0.9939936752218526,11.430489337840113,21.165922987850905
hgb_quantile,quantile,0.95,2,13,0.95,26,all,909,0.9863013698630136,0.9924992499249925,0.01585120997569481,3.81328555288801,0.7450748481852846,0.008685213952831521,0.24312431243124313,0.9806785197883011,0.990084596150201,3.3077413386158656,4.464744758606098
hgb_quantile,quantile,0.95,2,13,0.95,26,smooth,187,0.9905802614288678,0.9885755955274672,0.013135830072666294,2.466436129746179,0.14816792309288332,0.0006639463310049104,0.0374331550802139,0.9843328325943912,0.9951334939321262,2.134942616674243,3.032530419859097
hgb_quantile,quantile,0.95,2,13,0.95,26,erratic,285,0.9861009904731061,0.989792663476874,0.013748657357679914,5.1565595228456536,0.9361563166275336,0.006693115267319786,0.10877192982456141,0.9815919087136723,0.9904273548640399,4.518106426748292,5.810200625447104
hgb_quantile,quantile,0.95,2,13,0.95,26,intermittent,272,0.7818181818181819,0.9956550802139037,0.06483790523690773,19.53438735177866,14.968695652173913,0.26403162055335966,0.38235294117647056,0.6604095539741954,0.9127587745583408,12.763068472901342,35.21915272705855
hgb_quantile,quantile,0.95,2,13,0.95,26,lumpy,165,0.9701826313827805,0.9964187327823691,0.015681544028950542,14.141632500931793,7.483935892657473,0.1319418561311964,0.47878787878787876,0.9172011357427211,0.9939936752218526,10.821433430156535,19.991904895836978
hgb_quantile,fixed,0.95,2,13,0.95,26,all,909,0.9846596525914418,0.9889488948894889,0.023354116030857023,3.6084504307301226,0.5914383561643836,0.042366897330885465,0.5335533553355336,0.9787423381948784,0.9887349561027557,3.133572067269799,4.203929920393453
hgb_quantile,fixed,0.95,2,13,0.95,26,smooth,187,0.9905802614288678,0.9885755955274672,0.013135830072666294,2.4666297807593884,0.14844180095442283,0.0013555570924683588,0.11764705882352941,0.9843328325943912,0.9951334939321262,2.1349318575915905,3.0266516070303418
hgb_quantile,fixed,0.95,2,13,0.95,26,erratic,285,0.9848865139125037,0.9891547049441787,0.014607948442534909,5.115888052249481,0.9306938709416241,0.015275416295576607,0.23157894736842105,0.9796983072801099,0.9895743046068518,4.488041961402392,5.769684558554966
hgb_quantile,fixed,0.95,2,13,0.95,26,intermittent,272,0.7185770750988142,0.9893048128342246,0.1596009975062344,9.950197628458499,7.027826086956521,1.9976284584980237,0.9632352941176471,0.5861489721002063,0.8393875884244374,6.527310711735546,16.83301396787
hgb_quantile,fixed,0.95,2,13,0.95,26,lumpy,165,0.9474468878121506,0.9884297520661157,0.05066344993968637,10.567275437942602,4.808348863212821,0.5997018263138278,0.8181818181818182,0.879785339529306,0.9801200418251471,8.263567128313172,14.268551709929959
hgb_quantile,dead13,0.95,2,13,0.95,26,all,909,0.9848626606411524,0.9870987098709871,0.027264081158195074,3.694878901285129,0.6340418020053665,0.010582897895777432,0.17381738173817382,0.9790697009595711,0.9887454630304339,3.207476151196833,4.313915557524216
hgb_quantile,dead13,0.95,2,13,0.95,26,smooth,187,0.9905802614288678,0.9885755955274672,0.013135830072666294,2.4700463379210182,0.14850266270143164,0.0,0.0,0.9843328325943912,0.9951334939321262,2.1372895251247312,3.0386584346966354
hgb_quantile,dead13,0.95,2,13,0.95,26,erratic,285,0.9859120718970124,0.988835725677831,0.015037593984962405,5.186192750924352,0.9489811891074947,0.003751383153860686,0.028070175438596492,0.9813776671815373,0.9901232732820381,4.555303997692822,5.856839209749729
hgb_quantile,dead13,0.95,2,13,0.95,26,intermittent,272,0.7114624505928854,0.9859625668449198,0.20947630922693267,12.586561264822134,8.605217391304349,0.4324110671936759,0.3014705882352941,0.5885438026149271,0.8333532219570406,8.43968555436942,21.53416071413101
hgb_quantile,dead13,0.95,2,13,0.95,26,lumpy,165,0.9452105851658591,0.984297520661157,0.06875753920386007,11.910920611256056,5.6094670145359675,0.19120387625792024,0.4121212121212121,0.871101724801231,0.9778041580644496,9.13773331214807,16.398752638342277
hgb_quantile,dead26,0.95,2,13,0.95,26,all,909,0.9858159158310973,0.9907990799079908,0.01944415090351897,3.7899837593560233,0.7083551052111284,0.0048898460669396975,0.15071507150715072,0.9800627755880634,0.9895602838843531,3.289785585674653,4.431165020261155
hgb_quantile,dead26,0.95,2,13,0.95,26,smooth,187,0.9905802614288678,0.9885755955274672,0.013135830072666294,2.4700463379210182,0.14850266270143164,0.0,0.0,0.9843328325943912,0.9951334939321262,2.1372895251247312,3.0386584346966354
hgb_quantile,dead26,0.95,2,13,0.95,26,erratic,285,0.9861009904731061,0.989792663476874,0.013748657357679914,5.202601678676491,0.9505249237578605,0.0,0.0,0.9815919087136723,0.9904273548640399,4.566766955592204,5.885103757269228
hgb_quantile,dead26,0.95,2,13,0.95,26,intermittent,272,0.7470355731225297,0.9918114973262032,0.12219451371571072,16.502766798418975,11.650434782608697,0.2126482213438735,0.31985294117647056,0.6199628249875242,0.8704431609195402,10.555923109259414,29.33909124470697
hgb_quantile,dead26,0.95,2,13,0.95,26,lumpy,165,0.9660827431979128,0.9933884297520661,0.028950542822677925,13.853894893775625,7.290421170331719,0.10622437569884458,0.30303030303030304,0.9104452131355029,0.9905010959705127,10.457945811636185,19.737750412163546
hgb_quantile,none,0.99,2,13,0.95,26,all,909,0.9971049286823895,0.9985998599859987,0.0029588925287963646,8.784776161559101,3.23374523372405,0.0,0.0,0.9946273505349533,0.9987410723369964,7.661304920420784,10.310438965791906
hgb_quantile,none,0.99,2,13,0.95,26,smooth,187,0.9995020402517463,0.9992707826932425,0.0008384572386808273,5.283131613527906,0.6655232035410471,0.0,0.0,0.9986207391707701,1.0,4.752312874832333,6.173879748262458
hgb_quantile,none,0.99,2,13,0.95,26,erratic,285,0.9990554071195314,0.9993620414673047,0.0008592910848549946,12.1534288721561,5.3411437670364075,0.0,0.0,0.9979731263158689,0.9997058699533266,10.580803552427437,14.077252948407413
hgb_quantile,none,0.99,2,13,0.95,26,intermittent,272,0.8173913043478261,0.9969919786096256,0.04488778054862843,51.48300395256917,41.653913043478255,0.0,0.0,0.6887626002944172,0.9482268236609916,33.93858244512099,92.15352148977277
hgb_quantile,none,0.99,2,13,0.95,26,lumpy,165,0.9903093551994037,0.9991735537190083,0.0036188178528347406,36.48490495713753,25.217592247484163,0.0,0.0,0.966794179959691,1.0,26.726496847228983,52.93113062793621
hgb_quantile,quantile,0.99,2,13,0.95,26,all,909,0.996495904533258,0.9974497449744975,0.005389411391736236,7.90710175116509,2.6154709786753285,0.09149484536082474,0.5544554455445545,0.9938329729246631,0.9983686328628905,6.968036840072747,9.148884208149529
hgb_quantile,quantile,0.99,2,13,0.95,26,smooth,187,0.9994052147451414,0.9987846378220709,0.001397428731134712,5.189252368766858,0.6165294971989764,0.013569403139912856,0.20320855614973263,0.9984918054944549,0.9999061595637637,4.677834157087636,6.060557769677112
hgb_quantile,quantile,0.99,2,13,0.95,26,erratic,285,0.9987315467033708,0.9985645933014354,0.001933404940923738,10.711683264512995,4.152527460664453,0.1232828650851483,0.49122807017543857,0.9975726345361442,0.9994980448008104,9.454999099621537,12.32605990329056
hgb_quantile,quantile,0.99,2,13,0.95,26,intermittent,272,0.8015810276679842,0.9953208556149733,0.06982543640897755,38.613438735177866,34.90608695652174,1.490909090909091,0.6838235294117647,0.6725238170026537,0.9274394401306304,24.175119452522118,69.78813774073659
hgb_quantile,quantile,0.99,2,13,0.95,26,lumpy,165,0.9791278419679463,0.9975206611570248,0.010856453558504222,27.931420052180393,20.026313827804696,1.0924338427133806,0.8484848484848485,0.9438084310415621,0.9966555640413503,20.706385703509522,38.84167655203008
hgb_quantile,fixed,0.99,2,13,0.95,26,all,909,0.9927446688320859,0.991049104910491,0.018915777237662475,7.222002542013841,2.1108706397401495,0.19343136562632396,0.693069306930693,0.9889693601425117,0.9957337522710425,6.452929314098801,8.232822459741747
hgb_quantile,fixed,0.99,2,13,0.95,26,smooth,187,0.9994882080365171,0.9990277102576568,0.0011179429849077697,5.1670239988934235,0.6190248288263366,0.017580745556400858,0.24598930481283424,0.9986043193989936,0.99998345800611,4.654779075017281,6.017692861790129
hgb_quantile,fixed,0.99,2,13,0.95,26,erratic,285,0.994413407821229,0.9952153110047847,0.00644468313641246,10.314225568779856,4.1942082962243274,0.2009283998596605,0.5754385964912281,0.9901047871714972,0.9971893025282185,9.051313683225505,11.594243413032578
hgb_quantile,fixed,0.99,2,13,0.95,26,intermittent,272,0.6790513833992095,0.986129679144385,0.20698254364089774,12.543873517786562,9.179130434782609,5.591304347826087,0.9852941176470589,0.5523204832498451,0.8126882439232727,8.429295252693715,20.688049961824778
hgb_quantile,fixed,0.99,2,13,0.95,26,lumpy,165,0.935892657472978,0.9829201101928374,0.07478890229191798,17.38091688408498,10.205441669772643,2.2832650018635854,0.9212121212121213,0.8702095098720338,0.9712398102688503,13.19897448146253,23.59171964025675
hgb_quantile,dead13,0.99,2,13,0.95,26,all,909,0.9951278068069481,0.9926492649264926,0.015534185776180915,8.330276444005085,2.87559666713741,0.024714023443016524,0.17271727172717272,0.9923177790127228,0.9971377669546748,7.2999532237596485,9.704387420229518
hgb_quantile,dead13,0.99,2,13,0.95,26,smooth,187,0.9995020402517463,0.9992707826932425,0.0008384572386808273,5.283131613527906,0.6655232035410471,0.0,0.0,0.9986207391707701,1.0,4.752312874832333,6.173879748262458
hgb_quantile,dead13,0.99,2,13,0.95,26,erratic,285,0.9988664885434377,0.9984051036682615,0.0021482277121374865,12.11030146007071,5.333425093784579,0.008366394084149732,0.028070175438596492,0.9977750572579817,0.9995711780607862,10.566887033252282,14.011642012626575
hgb_quantile,dead13,0.99,2,13,0.95,26,intermittent,272,0.7201581027667984,0.986129679144385,0.20698254364089774,28.01818181818182,21.68,0.9351778656126483,0.2977941176470588,0.5950007562573113,0.8348197553722718,18.80047302206732,48.357646854649424
hgb_quantile,dead13,0.99,2,13,0.95,26,lumpy,165,0.9552739470741707,0.9859504132231405,0.061519903498190594,28.951546775997016,19.617964964591874,0.48714125978382405,0.4121212121212121,0.887666149068323,0.9836812878913692,21.158889633790388,42.26681303759097
hgb_quantile,dead26,0.99,2,13,0.95,26,all,909,0.9963193757943793,0.9965496549654965,0.007291556588819613,8.573974368027114,3.0915654568563764,0.0136986301369863,0.1551155115511551,0.9935530018763395,0.9982144568721696,7.490654420992528,10.034767638420934
hgb_quantile,dead26,0.99,2,13,0.95,26,smooth,187,0.9995020402517463,0.9992707826932425,0.0008384572386808273,5.283131613527906,0.6655232035410471,0.0,0.0,0.9986207391707701,1.0,4.752312874832333,6.173879748262458
hgb_quantile,dead26,0.99,2,13,0.95,26,erratic,285,0.9990554071195314,0.9993620414673047,0.0008592910848549946,12.1534288721561,5.3411437670364075,0.0,0.0,0.9979731263158689,0.9997058699533266,10.580803552427437,14.077252948407413
hgb_quantile,dead26,0.99,2,13,0.95,26,intermittent,272,0.7557312252964427,0.9919786096256684,0.11970074812967581,37.80632411067194,31.11130434782609,0.6490118577075099,0.33088235294117646,0.624946852611923,0.8757523083672218,24.710933562193766,67.10937096298133
hgb_quantile,dead26,0.99,2,13,0.95,26,lumpy,165,0.9862094670145359,0.9961432506887052,0.016887816646562123,34.031680954155796,24.184420424897503,0.27245620573984347,0.3090909090909091,0.961356421518338,0.9971655141531596,25.231230463103735,49.69655619778554
lgb_quantile,none,0.5,2,13,0.95,26,all,909,0.8634550204773337,0.8887888788878888,0.23502060657296842,0.7927552605564185,0.07388610365767546,0.0,0.0,0.8448029678157543,0.8784126048636626,0.7176784677309891,0.9029441888822214
lgb_quantile,none,0.5,2,13,0.95,26,smooth,187,0.8876132512621896,0.7916869227029655,0.23951928451648966,0.5849782142610139,0.004899370634207068,0.0,0.0,0.8668447644318783,0.9029507612226535,0.5313540243134042,0.6704231676887116
lgb_quantile,none,0.5,2,13,0.95,26,erratic,285,0.8340755134537015,0.8296650717703349,0.22943071965628356,0.9251612554988801,0.031468437103608346,0.0,0.0,0.809283155291293,0.8577848897550776,0.8230138898763714,1.0656467938154937
lgb_quantile,none,0.5,2,13,0.95,26,intermittent,272,0.5225296442687747,0.9791109625668449,0.3117206982543641,5.1723320158102775,3.5878260869565217,0.0,0.0,0.39608465776740553,0.6519008400083716,3.06440645220658,9.658546571423438
lgb_quantile,none,0.5,2,13,0.95,26,lumpy,165,0.7789787551248603,0.9520661157024793,0.20989143546441497,2.497950055907566,0.8617964964591874,0.0,0.0,0.727164394241238,0.8145445578635014,1.891940766366957,3.653557213159925
lgb_quantile,quantile,0.5,2,13,0.95,26,all,909,0.8634550204773337,0.8887888788878888,0.23502060657296842,0.7927552605564185,0.07388610365767546,0.0,0.0,0.8448029678157543,0.8784126048636626,0.7176784677309891,0.9029441888822214
lgb_quantile,quantile,0.5,2,13,0.95,26,smooth,187,0.8876132512621896,0.7916869227029655,0.23951928451648966,0.5849782142610139,0.004899370634207068,0.0,0.0,0.8668447644318783,0.9029507612226535,0.5313540243134042,0.6704231676887116
lgb_quantile,quantile,0.5,2,13,0.95,26,erratic,285,0.8340755134537015,0.8296650717703349,0.22943071965628356,0.9251612554988801,0.031468437103608346,0.0,0.0,0.809283155291293,0.8577848897550776,0.8230138898763714,1.0656467938154937
lgb_quantile,quantile,0.5,2,13,0.95,26,intermittent,272,0.5225296442687747,0.9791109625668449,0.3117206982543641,5.1723320158102775,3.5878260869565217,0.0,0.0,0.39608465776740553,0.6519008400083716,3.06440645220658,9.658546571423438
lgb_quantile,quantile,0.5,2,13,0.95,26,lumpy,165,0.7789787551248603,0.9520661157024793,0.20989143546441497,2.497950055907566,0.8617964964591874,0.0,0.0,0.727164394241238,0.8145445578635014,1.891940766366957,3.653557213159925
lgb_quantile,fixed,0.5,2,13,0.95,26,all,909,0.8631814009320717,0.8874387438743875,0.23787382436859347,0.7598503036294308,0.049516311255472394,0.010441674904674481,0.28822882288228824,0.8444410342119937,0.878118753550557,0.6884027298806747,0.8636750373508821
lgb_quantile,fixed,0.5,2,13,0.95,26,smooth,187,0.8876132512621896,0.7916869227029655,0.23951928451648966,0.5849782142610139,0.004899370634207068,0.0,0.0,0.8668447644318783,0.9029507612226535,0.5313540243134042,0.6704231676887116
lgb_quantile,fixed,0.5,2,13,0.95,26,erratic,285,0.8340755134537015,0.8296650717703349,0.22943071965628356,0.9251072787628531,0.031468437103608346,5.397673602677246e-05,0.007017543859649123,0.809283155291293,0.8577848897550776,0.8229349025107069,1.065515218086282
lgb_quantile,fixed,0.5,2,13,0.95,26,intermittent,272,0.5059288537549407,0.9762700534759359,0.3541147132169576,2.709881422924901,1.565217391304348,0.7691699604743083,0.7058823529411765,0.3831831128155178,0.6314880968880512,1.6429817157293625,5.013748695321122
lgb_quantile,fixed,0.5,2,13,0.95,26,lumpy,165,0.7752515840477078,0.9493112947658402,0.22195416164053075,2.270219903093552,0.786358553857622,0.07752515840477078,0.4121212121212121,0.7199419306574464,0.8102943129580814,1.7059368109954947,3.298691739697851
lgb_quantile,dead13,0.5,2,13,0.95,26,all,909,0.8624841124135009,0.8841384138413841,0.24484835675789918,0.740696935461093,0.03444781810478746,0.0022683942945911596,0.17381738173817382,0.8437197207486878,0.8775254743015489,0.671171224434297,0.8329349633814452
lgb_quantile,dead13,0.5,2,13,0.95,26,smooth,187,0.8876132512621896,0.7916869227029655,0.23951928451648966,0.5849782142610139,0.004899370634207068,0.0,0.0,0.8668447644318783,0.9029507612226535,0.5313540243134042,0.6704231676887116
lgb_quantile,dead13,0.5,2,13,0.95,26,erratic,285,0.8338596065095943,0.828548644338118,0.23093447905477982,0.9224894070655547,0.03134968828434945,0.0007556743043748144,0.028070175438596492,0.8089404777344483,0.8577135023482811,0.8207450941332841,1.06088359934796
lgb_quantile,dead13,0.5,2,13,0.95,26,intermittent,272,0.4774703557312253,0.9715909090909091,0.4239401496259352,1.8355731225296443,0.7965217391304349,0.09011857707509881,0.3014705882352941,0.35658534495448724,0.5984937634408602,1.104244124823506,3.3632336850158344
lgb_quantile,dead13,0.5,2,13,0.95,26,lumpy,165,0.7622064852776742,0.940771349862259,0.25934861278648974,1.9098024599329109,0.5141259783824078,0.04286246738725308,0.4121212121212121,0.7025889454599183,0.8008294500841954,1.4625279553434842,2.7378416893715336
lgb_quantile,dead26,0.5,2,13,0.95,26,all,909,0.863146095184296,0.8873887388738874,0.23797949910176477,0.7607152944499365,0.04959398390057902,0.0013151391046462364,0.15181518151815182,0.8443896556607998,0.8780657546107287,0.6896097481293613,0.8648346515892763
lgb_quantile,dead26,0.5,2,13,0.95,26,smooth,187,0.8876132512621896,0.7916869227029655,0.23951928451648966,0.5849782142610139,0.004899370634207068,0.0,0.0,0.8668447644318783,0.9029507612226535,0.5313540243134042,0.6704231676887116
lgb_quantile,dead26,0.5,2,13,0.95,26,erratic,285,0.8340755134537015,0.8296650717703349,0.22943071965628356,0.9251612554988801,0.031468437103608346,0.0,0.0,0.809283155291293,0.8577848897550776,0.8230138898763714,1.0656467938154937
lgb_quantile,dead26,0.5,2,13,0.95,26,intermittent,272,0.5027667984189723,0.9761029411764706,0.3566084788029925,2.725691699604743,1.5634782608695652,0.07114624505928854,0.3235294117647059,0.3785811601929879,0.6280942200724396,1.650532232052909,5.083939123819477
lgb_quantile,dead26,0.5,2,13,0.95,26,lumpy,165,0.7752515840477078,0.9493112947658402,0.22195416164053075,2.2985464032799103,0.7904584420424897,0.021990309355199404,0.30303030303030304,0.7199419306574464,0.8102943129580814,1.724060806032401,3.3362639254074478
lgb_quantile,none,0.8,2,13,0.95,26,all,909,0.9436078943652026,0.9601460146014601,0.0842227623375251,1.6572518005931365,0.1798898460669397,0.0,0.0,0.9329450807089489,0.9507125599384068,1.4582487355157518,1.9220574467567473
lgb_quantile,none,0.8,2,13,0.95,26,smooth,187,0.9543675219586417,0.9224598930481284,0.08915595304639463,1.1461373538972266,0.026657445189847154,0.0,0.0,0.9449325986644744,0.9617159525137742,1.0175333569507086,1.343306472832758
lgb_quantile,none,0.8,2,13,0.95,26,erratic,285,0.934040428575284,0.9406698564593301,0.0799140708915145,2.133889293714409,0.16013278277062587,0.0,0.0,0.9207528658623277,0.9469067716494085,1.886524636192791,2.399423942591119
lgb_quantile,none,0.8,2,13,0.95,26,intermittent,272,0.6774703557312253,0.990975935828877,0.13466334164588528,8.444268774703557,5.304347826086957,0.0,0.0,0.5393874056483884,0.8086286257998279,5.557812634241073,15.4258378861582
lgb_quantile,none,0.8,2,13,0.95,26,lumpy,165,0.9112933283637719,0.9856749311294766,0.06272617611580217,5.647036898993664,2.1655609392471113,0.0,0.0,0.8488671559209214,0.942954673621529,4.287220288558175,7.955448557068986
lgb_quantile,quantile,0.8,2,13,0.95,26,all,909,0.9436078943652026,0.9601460146014601,0.0842227623375251,1.656916395989267,0.1798898460669397,8.826436943934472e-05,0.0088008800880088,0.9329450807089489,0.9507125599384068,1.4579736953579507,1.921035524360656
lgb_quantile,quantile,0.8,2,13,0.95,26,smooth,187,0.9543675219586417,0.9224598930481284,0.08915595304639463,1.1461373538972266,0.026657445189847154,0.0,0.0,0.9449325986644744,0.9617159525137742,1.0175333569507086,1.343306472832758
lgb_quantile,quantile,0.8,2,13,0.95,26,erratic,285,0.934040428575284,0.9406698564593301,0.0799140708915145,2.133889293714409,0.16013278277062587,0.0,0.0,0.9207528658623277,0.9469067716494085,1.886524636192791,2.399423942591119
lgb_quantile,quantile,0.8,2,13,0.95,26,intermittent,272,0.6774703557312253,0.990975935828877,0.13466334164588528,8.415810276679842,5.304347826086957,0.006324110671936759,0.022058823529411766,0.5393874056483884,0.8086286257998279,5.543975876620106,15.351158020837115
lgb_quantile,quantile,0.8,2,13,0.95,26,lumpy,165,0.9112933283637719,0.9856749311294766,0.06272617611580217,5.646291464778233,2.1655609392471113,0.0007454342154304882,0.012121212121212121,0.8488671559209214,0.942954673621529,4.286912089896048,7.955432510855892
lgb_quantile,fixed,0.8,2,13,0.95,26,all,909,0.9431842253918938,0.9582958295829583,0.08813272746486316,1.6019541731393871,0.14406333851150968,0.013663324389210564,0.3696369636963696,0.9324078039694168,0.9503513159049706,1.412945249565026,1.8456021245919283
lgb_quantile,fixed,0.8,2,13,0.95,26,smooth,187,0.9543675219586417,0.9224598930481284,0.08915595304639463,1.1461373538972266,0.026657445189847154,0.0,0.0,0.9449325986644744,0.9617159525137742,1.0175333569507086,1.343306472832758
lgb_quantile,fixed,0.8,2,13,0.95,26,erratic,285,0.9339594634712439,0.9406698564593301,0.0799140708915145,2.1327018055218203,0.16013278277062587,0.0005667557282811108,0.03859649122807018,0.9205646728772652,0.9469067716494085,1.8853859329202343,2.398224111403309
lgb_quantile,fixed,0.8,2,13,0.95,26,intermittent,272,0.6561264822134387,0.9872994652406417,0.18952618453865336,5.17707509881423,2.902608695652174,0.9051383399209486,0.8235294117647058,0.5176626465644064,0.7912778199052133,3.4657897015339527,8.919285972286477
lgb_quantile,fixed,0.8,2,13,0.95,26,lumpy,165,0.9045844204248975,0.9815426997245179,0.08082026537997587,4.8688035780842345,1.7850913156913901,0.14237793514722324,0.6121212121212121,0.8397276073437133,0.9390890156661327,3.728667315616013,6.732611202097727
lgb_quantile,dead13,0.8,2,13,0.95,26,all,909,0.9425045897472109,0.9551455145514551,0.09479023565465497,1.5817769382855529,0.12625688462081627,0.00426316904392035,0.17271727172717272,0.9314009638765729,0.9498299603706548,1.400405846616233,1.8184798586562851
lgb_quantile,dead13,0.8,2,13,0.95,26,smooth,187,0.9543675219586417,0.9224598930481284,0.08915595304639463,1.1461373538972266,0.026657445189847154,0.0,0.0,0.9449325986644744,0.9617159525137742,1.0175333569507086,1.343306472832758
lgb_quantile,dead13,0.8,2,13,0.95,26,erratic,285,0.9338515099991903,0.939712918660287,0.081203007518797,2.1280598062235176,0.15942028985507248,0.0014303835047094703,0.028070175438596492,0.9205650500299843,0.9466575766199304,1.8835736868371218,2.390909254518502
lgb_quantile,dead13,0.8,2,13,0.95,26,intermittent,272,0.6252964426877471,0.9824532085561497,0.26184538653366585,4.366798418972332,2.1704347826086954,0.16600790513833993,0.2977941176470588,0.489760381092052,0.7565390943641083,2.968586487409404,7.368209964949308
lgb_quantile,dead13,0.8,2,13,0.95,26,lumpy,165,0.8919120387625792,0.9738292011019284,0.11459589867310012,4.462914647782333,1.3882221393961984,0.0819977636973537,0.4121212121212121,0.8203498535386942,0.9299980960112376,3.3945722634865287,6.149423646930153
lgb_quantile,dead26,0.8,2,13,0.95,26,all,909,0.9432636633243892,0.9585458545854586,0.08760435379900666,1.6200571953113967,0.154820999858777,0.0020124276232170598,0.15071507150715072,0.9324860256655807,0.9503954485383029,1.428272200061894,1.8702399423948706
lgb_quantile,dead26,0.8,2,13,0.95,26,smooth,187,0.9543675219586417,0.9224598930481284,0.08915595304639463,1.1461373538972266,0.026657445189847154,0.0,0.0,0.9449325986644744,0.9617159525137742,1.0175333569507086,1.343306472832758
lgb_quantile,dead26,0.8,2,13,0.95,26,erratic,285,0.934040428575284,0.9406698564593301,0.0799140708915145,2.133889293714409,0.16013278277062587,0.0,0.0,0.9207528658623277,0.9469067716494085,1.886524636192791,2.399423942591119
lgb_quantile,dead26,0.8,2,13,0.95,26,intermittent,272,0.6553359683794466,0.9874665775401069,0.18703241895261846,5.887747035573122,3.269565217391304,0.08853754940711463,0.31985294117647056,0.5194762659964897,0.7896341232227488,3.829242393269679,10.412736741996913
lgb_quantile,dead26,0.8,2,13,0.95,26,lumpy,165,0.9071934401789042,0.9826446280991735,0.07599517490952955,5.281774133432724,2.0663436451733137,0.04323518449496832,0.30303030303030304,0.8435058978235535,0.9397437954144621,4.012559991079018,7.454640434890645
lgb_quantile,none,0.9,2,13,0.95,26,all,909,0.9735295156051406,0.9814481448144814,0.039205326006551834,2.556568634373676,0.38244068634373674,0.0,0.0,0.964611398848195,0.9793804729208738,2.2400316918044285,2.978046625455909
lgb_quantile,none,0.9,2,13,0.95,26,smooth,187,0.9814233349470918,0.9647544968400583,0.04052543320290665,1.715194688429352,0.06579154851649492,0.0,0.0,0.972963184026913,0.9878011666911434,1.525193623412365,2.0105276058173636
lgb_quantile,none,0.9,2,13,0.95,26,erratic,285,0.9680457722721507,0.9736842105263158,0.03544575725026853,3.3494453890373252,0.4181145926105848,0.0,0.0,0.9602729711120785,0.9754106549132017,2.9572228874860715,3.776816671888494
lgb_quantile,none,0.9,2,13,0.95,26,intermittent,272,0.7438735177865613,0.9936497326203209,0.09476309226932668,13.19604743083004,9.069565217391304,0.0,0.0,0.6173271503940081,0.8805963949760149,8.501504188326242,23.521751281953552
lgb_quantile,none,0.9,2,13,0.95,26,lumpy,165,0.9448378680581438,0.99366391184573,0.027744270205066344,9.261647409616101,4.326202012672382,0.0,0.0,0.884144843553665,0.9733198983018431,7.105850712767845,13.12227056852187
lgb_quantile,quantile,0.9,2,13,0.95,26,all,909,0.9735295156051406,0.9814481448144814,0.039205326006551834,2.5547415619262814,0.38244068634373674,0.00046780115802852706,0.0297029702970297,0.964611398848195,0.9793804729208738,2.2387929479410946,2.973950097617275
lgb_quantile,quantile,0.9,2,13,0.95,26,smooth,187,0.9814233349470918,0.9647544968400583,0.04052543320290665,1.715194688429352,0.06579154851649492,0.0,0.0,0.972963184026913,0.9878011666911434,1.525193623412365,2.0105276058173636
lgb_quantile,quantile,0.9,2,13,0.95,26,erratic,285,0.9680457722721507,0.9736842105263158,0.03544575725026853,3.3492834588292446,0.4181145926105848,8.096510404015869e-05,0.0035087719298245615,0.9602729711120785,0.9754106549132017,2.9569590352433273,3.776816671888494
lgb_quantile,quantile,0.9,2,13,0.95,26,intermittent,272,0.7438735177865613,0.9936497326203209,0.09476309226932668,13.088537549407116,9.069565217391304,0.02292490118577075,0.05514705882352941,0.6173271503940081,0.8805963949760149,8.461865202256284,23.459366949253255
lgb_quantile,quantile,0.9,2,13,0.95,26,lumpy,165,0.9448378680581438,0.99366391184573,0.027744270205066344,9.237420797614611,4.326202012672382,0.007827059262020127,0.06666666666666667,0.884144843553665,0.9733198983018431,7.081928873399564,13.070448562408826
lgb_quantile,fixed,0.9,2,13,0.95,26,all,909,0.9724703431718684,0.9787978797879788,0.04480608686463067,2.4385150402485527,0.3032728428188109,0.022878124558678152,0.4389438943894389,0.9632162618503022,0.9784558178686871,2.147511911158806,2.803512213154051
lgb_quantile,fixed,0.9,2,13,0.95,26,smooth,187,0.9814233349470918,0.9647544968400583,0.04052543320290665,1.714987205200913,0.06579154851649492,0.0001244899370634207,0.026737967914438502,0.972963184026913,0.9878011666911434,1.5248377594231806,2.0103319428967725
lgb_quantile,fixed,0.9,2,13,0.95,26,erratic,285,0.967506004911883,0.9736842105263158,0.03544575725026853,3.337921355895609,0.4177583461528082,0.002590883329285078,0.07719298245614035,0.9592658129428461,0.9751166037935455,2.94739025803116,3.7605266768092007
lgb_quantile,fixed,0.9,2,13,0.95,26,intermittent,272,0.6964426877470355,0.9884692513368984,0.17206982543640897,7.41106719367589,4.982608695652174,1.257707509881423,0.9411764705882353,0.5659176962868069,0.8264035071090048,4.889974023368446,12.956591177292824
lgb_quantile,fixed,0.9,2,13,0.95,26,lumpy,165,0.9299291837495341,0.987603305785124,0.054282267792521106,7.168840849795005,2.915020499440925,0.33395452851285873,0.703030303030303,0.8617511541420877,0.9648605912596401,5.48695237801376,9.962528329849405
lgb_quantile,dead13,0.9,2,13,0.95,26,all,909,0.9722408558113261,0.9761976197619762,0.0503011729895382,2.4381178505860754,0.2949230334698489,0.006814009320717413,0.17271727172717272,0.9630524860164844,0.9783233567939245,2.1465979452322856,2.8049906441237535
lgb_quantile,dead13,0.9,2,13,0.95,26,smooth,187,0.9814233349470918,0.9647544968400583,0.04052543320290665,1.715194688429352,0.06579154851649492,0.0,0.0,0.972963184026913,0.9878011666911434,1.525193623412365,2.0105276058173636
lgb_quantile,dead13,0.9,2,13,0.95,26,erratic,285,0.967856853696057,0.9727272727272728,0.036734693877551024,3.3395406579764124,0.41680835559873697,0.0021860578090842847,0.028070175438596492,0.9600090181701564,0.9751610196198077,2.952067428450739,3.76279924795088
lgb_quantile,dead13,0.9,2,13,0.95,26,intermittent,272,0.6814229249011857,0.9844585561497327,0.23192019950124687,7.196047430830039,4.335652173913044,0.2656126482213439,0.2977941176470588,0.5588705153462797,0.8075110640483512,4.827350569942141,12.20615321318009
lgb_quantile,dead13,0.9,2,13,0.95,26,lumpy,165,0.9224748415952292,0.9815426997245179,0.08082026537997587,7.225493850167723,2.8805814386880355,0.13231457323891166,0.4121212121212121,0.851796626984127,0.95800622254152,5.571533848033813,10.188712966514958
lgb_quantile,dead26,0.9,2,13,0.95,26,all,909,0.9731234995057195,0.9798479847984799,0.04258691746803339,2.502277220731535,0.34748799604575625,0.003424657534246575,0.15071507150715072,0.9641221983783935,0.978940627806606,2.19833876114406,2.8989102655270353
lgb_quantile,dead26,0.9,2,13,0.95,26,smooth,187,0.9814233349470918,0.9647544968400583,0.04052543320290665,1.715194688429352,0.06579154851649492,0.0,0.0,0.972963184026913,0.9878011666911434,1.525193623412365,2.0105276058173636
lgb_quantile,dead26,0.9,2,13,0.95,26,erratic,285,0.9680457722721507,0.9736842105263158,0.03544575725026853,3.3494453890373252,0.4181145926105848,0.0,0.0,0.9602729711120785,0.9754106549132017,2.9572228874860715,3.776816671888494
lgb_quantile,dead26,0.9,2,13,0.95,26,intermittent,272,0.7162055335968379,0.9901403743315508,0.14713216957605985,9.732015810276678,6.417391304347826,0.15019762845849802,0.31985294117647056,0.5831880768652518,0.8465437634408602,6.182890189016811,17.31411801569037
lgb_quantile,dead26,0.9,2,13,0.95,26,lumpy,165,0.9407379798732762,0.990633608815427,0.04101326899879373,8.602310846067834,4.100708162504659,0.07379798732761834,0.30303030303030304,0.878788565260229,0.9709054400627666,6.546514455278297,12.132115556585553
lgb_quantile,none,0.95,2,13,0.95,26,all,909,0.9892493998022878,0.9924992499249925,0.01585120997569481,4.07977333709928,0.8116208868803843,0.0,0.0,0.9842641064920419,0.9924505456628552,3.590329297505518,4.715516665470516
lgb_quantile,none,0.95,2,13,0.95,26,smooth,187,0.9948405837194827,0.9885755955274672,0.013135830072666294,2.785946469327063,0.17193443529981328,0.0,0.0,0.9913630305433936,0.9973506230891125,2.48226869839051,3.228128198829705
lgb_quantile,none,0.95,2,13,0.95,26,erratic,285,0.9870995600896014,0.9899521531100478,0.013533834586466165,5.337597495479448,1.0934391277359459,0.0,0.0,0.9830446453982568,0.9908599881692954,4.763369962782154,6.071432482976064
lgb_quantile,none,0.95,2,13,0.95,26,intermittent,272,0.7770750988142292,0.995822192513369,0.06234413965087282,19.39288537549407,13.99304347826087,0.0,0.0,0.6566670780030988,0.9087061597790401,12.549043385636445,34.607003659201034
lgb_quantile,none,0.95,2,13,0.95,26,lumpy,165,0.9683190458442043,0.9958677685950413,0.018094089264173704,14.35184494968319,7.941483414088707,0.0,0.0,0.9148074044734478,0.9920036616543866,11.018281804050126,20.338974542856477
lgb_quantile,quantile,0.95,2,13,0.95,26,all,909,0.9892493998022878,0.9924992499249925,0.01585120997569481,4.067522242621099,0.8078149272701596,0.0020300804971049285,0.08360836083608361,0.9842641064920419,0.9924505456628552,3.5802575360494773,4.698547572469124
lgb_quantile,quantile,0.95,2,13,0.95,26,smooth,187,0.9948405837194827,0.9885755955274672,0.013135830072666294,2.785918804896604,0.17193443529981328,2.7664430458537936e-05,0.0053475935828877,0.9913630305433936,0.9973506230891125,2.482222400734395,3.2281272693752947
lgb_quantile,quantile,0.95,2,13,0.95,26,erratic,285,0.9870995600896014,0.9899521531100478,0.013533834586466165,5.334223949477775,1.0934391277359459,0.0008366394084149732,0.014035087719298246,0.9830446453982568,0.9908599881692954,4.761341642153853,6.067719022617679
lgb_quantile,quantile,0.95,2,13,0.95,26,intermittent,272,0.7770750988142292,0.995822192513369,0.06234413965087282,18.75810276679842,13.721739130434784,0.07905138339920949,0.14338235294117646,0.6566670780030988,0.9087061597790401,12.131527408229957,33.928924055883535
lgb_quantile,quantile,0.95,2,13,0.95,26,lumpy,165,0.9683190458442043,0.9958677685950413,0.018094089264173704,14.181140514349607,7.908684308609765,0.03615355944837868,0.19393939393939394,0.9148074044734478,0.9920036616543866,10.871174813066315,20.075979700071983
lgb_quantile,fixed,0.95,2,13,0.95,26,all,909,0.9874664595396131,0.9884488448844885,0.02441086336257001,3.8265781669255756,0.6397313232594267,0.04207562491173563,0.5225522552255225,0.982061911987413,0.9912481528902906,3.3883917839963855,4.377161383491717
lgb_quantile,fixed,0.95,2,13,0.95,26,smooth,187,0.9948405837194827,0.9885755955274672,0.013135830072666294,2.7822394356456184,0.1718735735528045,0.0014108859533854346,0.09090909090909091,0.9913630305433936,0.9973506230891125,2.478260155992701,3.223410538480945
lgb_quantile,fixed,0.95,2,13,0.95,26,erratic,285,0.9856151998488651,0.9889952153110048,0.014822771213748658,5.238496208134294,1.0630394300056676,0.016139044072004966,0.23157894736842105,0.9807199086962208,0.9894767561408109,4.6697300538820254,5.93361706560913
lgb_quantile,fixed,0.95,2,13,0.95,26,intermittent,272,0.7162055335968379,0.9889705882352942,0.16458852867830423,9.378656126482214,6.6000000000000005,1.8671936758893282,0.9595588235294118,0.5815752521146048,0.8384025723472669,6.099336731541198,16.104084253571024
lgb_quantile,fixed,0.95,2,13,0.95,26,lumpy,165,0.9422288483041371,0.9865013774104683,0.05910735826296743,9.850167722698473,4.590234811777861,0.6354826686544912,0.793939393939394,0.874015514915305,0.9772115018013123,7.72633809752126,13.397777215099763
lgb_quantile,dead13,0.95,2,13,0.95,26,all,909,0.9878195170173705,0.986948694869487,0.02758110535770897,3.909105352351363,0.6848397119050982,0.010159228922468578,0.17271727172717272,0.9822067976930151,0.9915061241824977,3.4550855269507283,4.478927096551127
lgb_quantile,dead13,0.95,2,13,0.95,26,smooth,187,0.9948405837194827,0.9885755955274672,0.013135830072666294,2.785946469327063,0.17193443529981328,0.0,0.0,0.9913630305433936,0.9973506230891125,2.48226869839051,3.228128198829705
lgb_quantile,dead13,0.95,2,13,0.95,26,erratic,285,0.9869106415135077,0.9889952153110048,0.014822771213748658,5.319002509918226,1.091064151350768,0.0038053598898874583,0.028070175438596492,0.9827627192336177,0.9907168257937132,4.755544328109014,6.0413634249824835
lgb_quantile,dead13,0.95,2,13,0.95,26,intermittent,272,0.7090909090909091,0.9859625668449198,0.20947630922693267,11.143083003952569,7.455652173913044,0.37628458498023715,0.2977941176470588,0.587826363321329,0.8298510667846268,7.582437473717466,19.051341283116717
lgb_quantile,dead13,0.95,2,13,0.95,26,lumpy,165,0.9426015654118524,0.9831955922865013,0.0735826296743064,11.29146477823332,5.70294446515095,0.19903093551994036,0.4121212121212121,0.8715036227237754,0.9743506852498873,8.702007824758764,15.980447456535432
lgb_quantile,dead26,0.95,2,13,0.95,26,all,909,0.9887904250812032,0.9907490749074908,0.019549825636690266,4.002709716141788,0.7603569411100128,0.004730970201948877,0.15071507150715072,0.9837106708259192,0.9921395498233895,3.5290133553311382,4.611599919087354
lgb_quantile,dead26,0.95,2,13,0.95,26,smooth,187,0.9948405837194827,0.9885755955274672,0.013135830072666294,2.785946469327063,0.17193443529981328,0.0,0.0,0.9913630305433936,0.9973506230891125,2.48226869839051,3.228128198829705
lgb_quantile,dead26,0.95,2,13,0.95,26,erratic,285,0.9870995600896014,0.9899521531100478,0.013533834586466165,5.337597495479448,1.0934391277359459,0.0,0.0,0.9830446453982568,0.9908599881692954,4.763369962782154,6.071432482976064
lgb_quantile,dead26,0.95,2,13,0.95,26,intermittent,272,0.7446640316205534,0.9918114973262032,0.12219451371571072,14.604743083003953,10.182608695652172,0.19130434782608696,0.31985294117647056,0.6199063597136677,0.8685411206896552,9.462956809804334,25.83390612212219
lgb_quantile,dead26,0.95,2,13,0.95,26,lumpy,165,0.9642191576593365,0.9928374655647383,0.031363088057901084,13.355199403652628,7.573313455087589,0.10957882966828178,0.30303030303030304,0.9097552828164015,0.9881271212314572,10.277069362314219,18.86807447157588
lgb_quantile,none,0.99,2,13,0.95,26,all,909,0.9974932919079226,0.9986998699869987,0.0027475430624537673,10.2080920773902,3.882836110718825,0.0,0.0,0.9948178977027686,0.999146534066127,9.169492570122479,11.655080517249374
lgb_quantile,none,0.99,2,13,0.95,26,smooth,187,0.9999031744933952,0.9997569275644141,0.00027948574622694243,7.097212808631302,1.254756207206584,0.0,0.0,0.9996607736722183,1.0,6.518346318857429,8.107671770159152
lgb_quantile,none,0.99,2,13,0.95,26,erratic,285,0.9993252907996654,0.9995215311004785,0.0006444683136412459,12.852454592070819,5.899144468733976,0.0,0.0,0.9985348856139017,1.0,11.46906519904968,14.67172861475301
lgb_quantile,none,0.99,2,13,0.95,26,intermittent,272,0.8213438735177866,0.9968248663101604,0.04738154613466334,51.84664031620554,43.067826086956515,0.0,0.0,0.691075121250762,0.9512613730355667,33.35785878733548,93.09913744201222
lgb_quantile,none,0.99,2,13,0.95,26,lumpy,165,0.9903093551994037,0.9991735537190083,0.0036188178528347406,37.88110324263884,28.376966082743195,0.0,0.0,0.9625560455858246,1.0,27.571901452248646,55.59322387911462
lgb_quantile,quantile,0.99,2,13,0.95,26,all,909,0.9973432424798757,0.9985998599859987,0.0029588925287963646,9.979646236407287,3.7966777291343035,0.029806877559666715,0.3718371837183718,0.994643389582511,0.9990522155424616,8.968798293431918,11.337697155166966
lgb_quantile,quantile,0.99,2,13,0.95,26,smooth,187,0.9999031744933952,0.9997569275644141,0.00027948574622694243,7.091998063489868,1.2543910367245314,0.0014523825990732416,0.053475935828877004,0.9996607736722183,1.0,6.511621468478568,8.099947604276503
lgb_quantile,quantile,0.99,2,13,0.95,26,erratic,285,0.9993252907996654,0.9995215311004785,0.0006444683136412459,12.744015329393033,5.890832051385853,0.019377648233611315,0.1649122807017544,0.9985348856139017,1.0,11.39365028300774,14.524939913060004
lgb_quantile,quantile,0.99,2,13,0.95,26,intermittent,272,0.8142292490118577,0.9966577540106952,0.04987531172069826,43.92490118577075,38.678260869565214,0.8956521739130435,0.5882352941176471,0.6842992883879726,0.9387972719929505,28.497853442506607,80.11043970950607
lgb_quantile,quantile,0.99,2,13,0.95,26,lumpy,165,0.9873276183376817,0.9988980716253444,0.0048250904704463205,33.607528885575846,26.9329854640328,0.5296310100633619,0.7333333333333333,0.9538533681992039,1.0,24.58165438959249,48.69308245350604
lgb_quantile,fixed,0.99,2,13,0.95,26,all,909,0.9933360401073295,0.9907990799079908,0.01944415090351897,8.739222920491455,2.8026037988984607,0.19392564609518428,0.6853685368536854,0.9895902607334566,0.9960279431509954,7.912334253736312,9.709883091230287
lgb_quantile,fixed,0.99,2,13,0.95,26,smooth,187,0.9998893422781658,0.9995138551288284,0.0005589714924538849,7.000843765128985,1.2259077391244209,0.016114530742098346,0.23529411764705882,0.9996485568069885,1.0,6.44880603977315,7.964288527916415
lgb_quantile,fixed,0.99,2,13,0.95,26,erratic,285,0.9951420937575904,0.9952153110047847,0.00644468313641246,11.400831241734812,5.121102204949667,0.18613877418832483,0.5649122807017544,0.9913739807817796,0.9976531732254652,10.141882249749333,12.707485067089104
lgb_quantile,fixed,0.99,2,13,0.95,26,intermittent,272,0.6893280632411067,0.9859625668449198,0.20947630922693267,12.922529644268776,9.479999999999999,5.716205533596838,0.9816176470588235,0.5610976283201536,0.8252908324063775,8.834834230328244,21.057799142776183
lgb_quantile,fixed,0.99,2,13,0.95,26,lumpy,165,0.9351472232575475,0.981267217630854,0.08202653799758745,16.8509131569139,10.120163995527395,2.4890048453224005,0.9151515151515152,0.8656790492429921,0.9699714287146948,12.99371315543476,22.756067949960762
lgb_quantile,dead13,0.99,2,13,0.95,26,all,909,0.9954896907216495,0.9927992799279928,0.01521716157666702,9.699503954243752,3.4753848326507555,0.026823541872616864,0.17381738173817382,0.9925505573941866,0.9975158530170165,8.713636960661255,10.951844410577634
lgb_quantile,dead13,0.99,2,13,0.95,26,smooth,187,0.9999031744933952,0.9997569275644141,0.00027948574622694243,7.097212808631302,1.254756207206584,0.0,0.0,0.9996607736722183,1.0,6.518346318857429,8.107671770159152
lgb_quantile,dead13,0.99,2,13,0.95,26,erratic,285,0.9991363722235717,0.9985645933014354,0.001933404940923738,12.808382587104958,5.891960165168812,0.008366394084149732,0.028070175438596492,0.9983367913240109,0.9998106311752935,11.4422903693907,14.629437015441752
lgb_quantile,dead13,0.99,2,13,0.95,26,intermittent,272,0.7209486166007905,0.986129679144385,0.20698254364089774,27.825296442687744,22.606956521739132,0.9723320158102767,0.2977941176470588,0.5957181955509095,0.8348357810132975,18.529702139966954,48.48415771021382
lgb_quantile,dead13,0.99,2,13,0.95,26,lumpy,165,0.9556466641818859,0.9859504132231405,0.061519903498190594,28.339172568020874,20.917629519194932,0.5587029444651509,0.41818181818181815,0.8880900621118013,0.9847081238852579,20.787283240462404,41.54628956438782
lgb_quantile,dead26,0.99,2,13,0.95,26,all,909,0.996645953961305,0.9966996699669967,0.006974532389305717,9.978587063974015,3.7309084168902698,0.014687191074706962,0.15401540154015403,0.99372311182656,0.9985828046398065,8.969754144555237,11.336596279969484
lgb_quantile,dead26,0.99,2,13,0.95,26,smooth,187,0.9999031744933952,0.9997569275644141,0.00027948574622694243,7.097212808631302,1.254756207206584,0.0,0.0,0.9996607736722183,1.0,6.518346318857429,8.107671770159152
lgb_quantile,dead26,0.99,2,13,0.95,26,erratic,285,0.9993252907996654,0.9995215311004785,0.0006444683136412459,12.852454592070819,5.899144468733976,0.0,0.0,0.9985348856139017,1.0,11.46906519904968,14.67172861475301
lgb_quantile,dead26,0.99,2,13,0.95,26,intermittent,272,0.7565217391304347,0.9919786096256684,0.11970074812967581,37.900395256916994,32.168695652173916,0.6292490118577075,0.33088235294117646,0.6260479254521262,0.8757702681373368,24.552024218504833,67.84168165761241
lgb_quantile,dead26,0.99,2,13,0.95,26,lumpy,165,0.9850913156913902,0.9961432506887052,0.016887816646562123,34.76518822213939,27.100260901975403,0.3235184494968319,0.30303030303030304,0.9537605530219132,0.996507992096146,25.034693024484408,50.474960573273755
chronos2,none,0.5,2,13,0.95,26,all,909,0.8786100127100692,0.9010901090109011,0.20902462221282891,0.9656651602880949,0.09778986018923881,0.0,0.0,0.8590937235816891,0.8942541312506697,0.8571377817466104,1.1227158815715674
chronos2,none,0.5,2,13,0.95,26,smooth,187,0.8999930838923854,0.797277588721439,0.23309111235326999,0.6135002420637665,0.008155474099176984,0.0,0.0,0.8780454084901743,0.9158826041385341,0.5543195120105762,0.7157246724576987
chronos2,none,0.5,2,13,0.95,26,erratic,285,0.8567997193209727,0.8607655502392344,0.18754027926960257,1.3183817774539175,0.07659298842199012,0.0,0.0,0.8286607487753173,0.8785985479368933,1.14972566508518,1.5177162331097924
chronos2,none,0.5,2,13,0.95,26,intermittent,272,0.5541501976284585,0.982620320855615,0.2593516209476309,5.6308300395256925,3.5721739130434784,0.0,0.0,0.4189258826580754,0.6808955428320961,3.613802876548846,10.10835928868489
chronos2,none,0.5,2,13,0.95,26,lumpy,165,0.7566157286619456,0.9539944903581268,0.2014475271411339,3.3842713380544165,1.1676481550503168,0.0,0.0,0.705788761971556,0.8029740129291292,2.2779602313982448,5.1305889797959505
chronos2,quantile,0.5,2,13,0.95,26,all,909,0.8786100127100692,0.9010901090109011,0.20902462221282891,0.9656651602880949,0.09778986018923881,0.0,0.0,0.8590937235816891,0.8942541312506697,0.8571377817466104,1.1227158815715674
chronos2,quantile,0.5,2,13,0.95,26,smooth,187,0.8999930838923854,0.797277588721439,0.23309111235326999,0.6135002420637665,0.008155474099176984,0.0,0.0,0.8780454084901743,0.9158826041385341,0.5543195120105762,0.7157246724576987
chronos2,quantile,0.5,2,13,0.95,26,erratic,285,0.8567997193209727,0.8607655502392344,0.18754027926960257,1.3183817774539175,0.07659298842199012,0.0,0.0,0.8286607487753173,0.8785985479368933,1.14972566508518,1.5177162331097924
chronos2,quantile,0.5,2,13,0.95,26,intermittent,272,0.5541501976284585,0.982620320855615,0.2593516209476309,5.6308300395256925,3.5721739130434784,0.0,0.0,0.4189258826580754,0.6808955428320961,3.613802876548846,10.10835928868489
chronos2,quantile,0.5,2,13,0.95,26,lumpy,165,0.7566157286619456,0.9539944903581268,0.2014475271411339,3.3842713380544165,1.1676481550503168,0.0,0.0,0.705788761971556,0.8029740129291292,2.2779602313982448,5.1305889797959505
chronos2,fixed,0.5,2,13,0.95,26,all,909,0.8783275667278633,0.8996899689968997,0.21198351474162527,0.9315156757520126,0.07320646801299252,0.01087417031492727,0.2992299229922992,0.8587372762539166,0.8939308645739047,0.8282843635422668,1.0750207879609812
chronos2,fixed,0.5,2,13,0.95,26,smooth,187,0.8999930838923854,0.797277588721439,0.23309111235326999,0.6135002420637665,0.008155474099176984,0.0,0.0,0.8780454084901743,0.9158826041385341,0.5543195120105762,0.7157246724576987
chronos2,fixed,0.5,2,13,0.95,26,erratic,285,0.8567997193209727,0.8607655502392344,0.18754027926960257,1.3182738239818639,0.07659298842199012,8.096510404015869e-05,0.007017543859649123,0.8286607487753173,0.8785985479368933,1.1496431603252897,1.517551581211985
chronos2,fixed,0.5,2,13,0.95,26,intermittent,272,0.5375494071146245,0.9797794117647058,0.30174563591022446,3.1454545454545455,1.5582608695652174,0.8039525691699605,0.7132352941176471,0.3996075641598156,0.6667630057803468,2.1089797788321665,5.475190583386959
chronos2,fixed,0.5,2,13,0.95,26,lumpy,165,0.7525158404770779,0.9509641873278237,0.2147165259348613,3.115542303391726,1.079090570257175,0.07901602683563176,0.46060606060606063,0.701173020212413,0.7992389636424556,2.0940567423166043,4.733176432667942
chronos2,dead13,0.5,2,13,0.95,26,all,909,0.8776302782092925,0.8964396439643965,0.2188523723977597,0.9140834627877419,0.059264228216353625,0.002374311537918373,0.17271727172717272,0.8577124406626059,0.8932682674323034,0.8136495744889513,1.0517557835913431
chronos2,dead13,0.5,2,13,0.95,26,smooth,187,0.8999930838923854,0.797277588721439,0.23309111235326999,0.6135002420637665,0.008155474099176984,0.0,0.0,0.8780454084901743,0.9158826041385341,0.5543195120105762,0.7157246724576987
chronos2,dead13,0.5,2,13,0.95,26,erratic,285,0.8566108007448789,0.8598086124401914,0.18882921589688506,1.3159258359646993,0.07647423960273123,0.0007556743043748144,0.028070175438596492,0.8283785875085016,0.8783493529074152,1.1470726523114507,1.5146480656914365
chronos2,dead13,0.5,2,13,0.95,26,intermittent,272,0.508300395256917,0.9749331550802139,0.3740648379052369,2.3035573122529645,0.8208695652173913,0.091699604743083,0.2977941176470588,0.3782513456973768,0.62905596800263,1.5526073998465852,3.7593260677366023
chronos2,dead13,0.5,2,13,0.95,26,lumpy,165,0.7394707417070443,0.9426997245179063,0.25090470446320867,2.8087961237420798,0.839657100260902,0.04658963846440552,0.4121212121212121,0.6800453815223666,0.7867776917738498,1.896237498215768,4.169742053369731
chronos2,dead26,0.5,2,13,0.95,26,all,909,0.8783099138539754,0.8996899689968997,0.21198351474162527,0.9341018217765853,0.07369192204490892,0.001271006919926564,0.1485148514851485,0.858704706726223,0.8939163726803592,0.8307437451770678,1.0778369101289933
chronos2,dead26,0.5,2,13,0.95,26,smooth,187,0.8999930838923854,0.797277588721439,0.23309111235326999,0.6135002420637665,0.008155474099176984,0.0,0.0,0.8780454084901743,0.9158826041385341,0.5543195120105762,0.7157246724576987
chronos2,dead26,0.5,2,13,0.95,26,erratic,285,0.8567997193209727,0.8607655502392344,0.18754027926960257,1.3183817774539175,0.07659298842199012,0.0,0.0,0.8286607487753173,0.8785985479368933,1.14972566508518,1.5177162331097924
chronos2,dead26,0.5,2,13,0.95,26,intermittent,272,0.5351778656126482,0.9796122994652406,0.30423940149625933,3.20395256916996,1.565217391304348,0.06798418972332015,0.3125,0.3996075641598156,0.6645172040063784,2.12683473655871,5.606981880571094
chronos2,dead26,0.5,2,13,0.95,26,lumpy,165,0.7528885575847931,0.9512396694214876,0.2135102533172497,3.195676481550503,1.0963101006336191,0.02161759224748416,0.30303030303030304,0.702185624129042,0.7992389636424556,2.1530609790056663,4.873418628388092
chronos2,none,0.8,2,13,0.95,26,all,909,0.9721878971896625,0.9790979097909791,0.04417203846560287,2.6013363225533115,0.32956503318740293,0.0,0.0,0.9635978063043135,0.9778076638452619,2.333596788739765,2.9541749870009086
chronos2,none,0.8,2,13,0.95,26,smooth,187,0.9815616570993845,0.966456003889159,0.03856903297931805,1.7990732415796389,0.044003043087350445,0.0,0.0,0.9736191821452045,0.9865952911681487,1.6401941797571047,2.0524445429463594
chronos2,none,0.8,2,13,0.95,26,erratic,285,0.9669662375516153,0.9709728867623605,0.039097744360902256,3.525490513588643,0.4538579872075135,0.0,0.0,0.9565838888456726,0.9750627965134853,3.1273402666106165,3.983788658255695
chronos2,none,0.8,2,13,0.95,26,intermittent,272,0.6972332015810276,0.9913101604278075,0.12967581047381546,9.494071146245059,5.850434782608696,0.0,0.0,0.5467540668337153,0.8363030682239525,6.291111822097131,16.72545184456712
chronos2,none,0.8,2,13,0.95,26,lumpy,165,0.9213566902720834,0.9873278236914601,0.05548854041013269,8.20611256056653,3.7046589638464407,0.0,0.0,0.8677250752568549,0.9538892899318698,5.886961375604896,11.627457189730718
chronos2,quantile,0.8,2,13,0.95,26,all,909,0.9721349385679988,0.9790979097909791,0.04417203846560287,2.60052429035447,0.32956503318740293,0.00013239655415901708,0.0033003300330033004,0.9635409688012773,0.977789821974139,2.3335782388510644,2.9532653419177723
chronos2,quantile,0.8,2,13,0.95,26,smooth,187,0.9814786638080089,0.966456003889159,0.03856903297931805,1.797994328791756,0.044003043087350445,0.0001659865827512276,0.0053475935828877,0.9735869002950418,0.9865904179793505,1.6394232938721804,2.050991596320534
chronos2,quantile,0.8,2,13,0.95,26,erratic,285,0.9669662375516153,0.9709728867623605,0.039097744360902256,3.525490513588643,0.4538579872075135,0.0,0.0,0.9565838888456726,0.9750627965134853,3.1273402666106165,3.983788658255695
chronos2,quantile,0.8,2,13,0.95,26,intermittent,272,0.6972332015810276,0.9913101604278075,0.12967581047381546,9.49090909090909,5.850434782608696,0.0007905138339920949,0.003676470588235294,0.5467540668337153,0.8363030682239525,6.2813362178302246,16.714262131830353
chronos2,quantile,0.8,2,13,0.95,26,lumpy,165,0.9213566902720834,0.9873278236914601,0.05548854041013269,8.202385389489377,3.7046589638464407,0.0007454342154304882,0.006060606060606061,0.8677250752568549,0.9538892899318698,5.886961375604896,11.622043454203046
chronos2,fixed,0.8,2,13,0.95,26,all,909,0.9716494845360825,0.9771477147714771,0.04829335305928353,2.533840559243045,0.29094231040813445,0.01580814856658664,0.40154015401540155,0.9630221642647798,0.9771981482285926,2.278770598296948,2.878692546130045
chronos2,fixed,0.8,2,13,0.95,26,smooth,187,0.9815616570993845,0.966456003889159,0.03856903297931805,1.7988380939207416,0.044003043087350445,8.29932913756138e-05,0.0106951871657754,0.9736191821452045,0.9865952911681487,1.6399506115263776,2.05158414426201
chronos2,fixed,0.8,2,13,0.95,26,erratic,285,0.9669662375516153,0.9709728867623605,0.039097744360902256,3.521280328178555,0.4538579872075135,0.0013494184006693115,0.06666666666666667,0.9565838888456726,0.9750627965134853,3.123035237680079,3.979353204835843
chronos2,fixed,0.8,2,13,0.95,26,intermittent,272,0.6671936758893281,0.9874665775401069,0.18703241895261846,5.800790513833992,3.293913043478261,0.9841897233201581,0.8529411764705882,0.5168397728967561,0.8061803528931506,3.859385504997503,9.994996870415404
chronos2,fixed,0.8,2,13,0.95,26,lumpy,165,0.9127841967946329,0.9829201101928374,0.07478890229191798,7.161759224748416,3.279090570257175,0.18263138278046961,0.6787878787878788,0.8556233307348383,0.9467740713073005,5.130946672805623,10.234924269503846
chronos2,dead13,0.8,2,13,0.95,26,all,909,0.9710228075130631,0.9740974097409741,0.05473951178273275,2.523628371698913,0.2755242903544697,0.004881019629995763,0.17271727172717272,0.9622172822214176,0.9768102120300381,2.2715251638684775,2.8645203506435024
chronos2,dead13,0.8,2,13,0.95,26,smooth,187,0.9815616570993845,0.966456003889159,0.03856903297931805,1.7990732415796389,0.044003043087350445,0.0,0.0,0.9736191821452045,0.9865952911681487,1.6401941797571047,2.0524445429463594
chronos2,dead13,0.8,2,13,0.95,26,erratic,285,0.9667773189755215,0.9700159489633173,0.04038668098818475,3.5196610260977517,0.453382991930478,0.0015923137127897876,0.028070175438596492,0.9563773912337251,0.9749264153985735,3.1208442305236606,3.975379072942937
chronos2,dead13,0.8,2,13,0.95,26,intermittent,272,0.6426877470355731,0.9827874331550802,0.256857855361596,5.18102766798419,2.5252173913043476,0.18498023715415018,0.2977941176470588,0.4970157435342554,0.7722759670142477,3.5270960903676416,8.45324159919641
chronos2,dead13,0.8,2,13,0.95,26,lumpy,165,0.9004845322400298,0.9754820936639118,0.10735826296743065,7.038762579202386,2.9970182631382785,0.09690644800596347,0.4121212121212121,0.833783666583622,0.940494751098475,5.065995922820292,10.013685901579533
chronos2,dead26,0.8,2,13,0.95,26,all,909,0.971843666148849,0.9775977597759776,0.047342280460741834,2.564424163253778,0.30439909617285693,0.0021006919926564046,0.15071507150715072,0.963218102579722,0.977438645961488,2.3040074375652746,2.912922220399374
chronos2,dead26,0.8,2,13,0.95,26,smooth,187,0.9815616570993845,0.966456003889159,0.03856903297931805,1.7990732415796389,0.044003043087350445,0.0,0.0,0.9736191821452045,0.9865952911681487,1.6401941797571047,2.0524445429463594
chronos2,dead26,0.8,2,13,0.95,26,erratic,285,0.9669662375516153,0.9709728867623605,0.039097744360902256,3.525490513588643,0.4538579872075135,0.0,0.0,0.9565838888456726,0.9750627965134853,3.1273402666106165,3.983788658255695
chronos2,dead26,0.8,2,13,0.95,26,intermittent,272,0.675098814229249,0.9881350267379679,0.1770573566084788,6.865612648221344,3.784347826086957,0.09960474308300395,0.31985294117647056,0.5252914675329049,0.8078350552399812,4.516962983031832,11.774132701142657
chronos2,dead26,0.8,2,13,0.95,26,lumpy,165,0.9172568020872158,0.984297520661157,0.06875753920386007,7.8866939992545655,3.6161013790532985,0.04174431606410734,0.30303030303030304,0.8633584677091052,0.9504959424678274,5.668975853605856,11.232013991806836
chronos2,none,0.9,2,13,0.95,26,all,909,0.987872475639034,0.9917491749174917,0.017436330973264292,4.217465753424658,0.7136756814009321,0.0,0.0,0.9825862285120868,0.9915170027807314,3.8022733040416936,4.7553876577633485
chronos2,none,0.9,2,13,0.95,26,smooth,187,0.9936510132097656,0.9878463782207098,0.013974287311347122,2.9052078290338197,0.10754270696452037,0.0,0.0,0.9892095244364965,0.9964108987864623,2.6864067209836886,3.2590029407425116
chronos2,none,0.9,2,13,0.95,26,erratic,285,0.9876933041858958,0.9902711323763955,0.013104189044038667,5.749682886675843,1.119207621515127,0.0,0.0,0.9821779075961444,0.9921687023188603,5.125676222889873,6.428566662113624
chronos2,none,0.9,2,13,0.95,26,intermittent,272,0.7288537549407115,0.9941510695187166,0.08728179551122195,13.625296442687747,8.707826086956523,0.0,0.0,0.575913683279438,0.8657824023320709,9.021398669346794,23.626467340087174
chronos2,none,0.9,2,13,0.95,26,lumpy,165,0.9567648155050317,0.9947658402203857,0.022919179734620022,13.980991427506522,7.676630637346254,0.0,0.0,0.8982105635517147,0.9835725044612231,10.08988497905773,19.982086296830815
chronos2,quantile,0.9,2,13,0.95,26,all,909,0.9877753848326507,0.9916991699169917,0.01754200570643559,4.213908699336252,0.7127047733370993,0.0003883632255331168,0.013201320132013201,0.9825059237587321,0.9914096567096334,3.79899318416155,4.754259453809229
chronos2,quantile,0.9,2,13,0.95,26,smooth,187,0.9934988588422435,0.987603305785124,0.014253773057574064,2.9021509094681512,0.1074209834705028,0.00038730202641953107,0.0106951871657754,0.989069173085196,0.9962276477527778,2.6814066334272675,3.255215656598085
chronos2,quantile,0.9,2,13,0.95,26,erratic,285,0.9876933041858958,0.9902711323763955,0.013104189044038667,5.749682886675843,1.119207621515127,0.0,0.0,0.9821779075961444,0.9921687023188603,5.125676222889873,6.428566662113624
chronos2,quantile,0.9,2,13,0.95,26,intermittent,272,0.7288537549407115,0.9941510695187166,0.08728179551122195,13.575494071146244,8.695652173913043,0.006324110671936759,0.022058823529411766,0.575913683279438,0.8657824023320709,8.93510645986401,23.517669189539408
chronos2,quantile,0.9,2,13,0.95,26,lumpy,165,0.9567648155050317,0.9947658402203857,0.022919179734620022,13.936638091688408,7.644651509504286,0.002981736861721953,0.024242424242424242,0.8982105635517147,0.9835725044612231,10.068215917243242,19.904822060717454
chronos2,fixed,0.9,2,13,0.95,26,all,909,0.9866191215929954,0.9886488648864886,0.023988164429884815,4.067222143765005,0.6268765004942805,0.03054829826295721,0.4730473047304731,0.9810524009461407,0.990607909908315,3.679233091901943,4.577221360643866
chronos2,fixed,0.9,2,13,0.95,26,smooth,187,0.9936510132097656,0.9878463782207098,0.013974287311347122,2.904460889411439,0.10754270696452037,0.00031814095027318627,0.026737967914438502,0.9892095244364965,0.9964108987864623,2.6854819770042244,3.2581118913238325
chronos2,fixed,0.9,2,13,0.95,26,erratic,285,0.9872345019296683,0.989792663476874,0.013748657357679914,5.710171915904245,1.1160607778047662,0.008582301028256821,0.17543859649122806,0.9816880120105552,0.9914534134037954,5.087995127966834,6.372356430771095
chronos2,fixed,0.9,2,13,0.95,26,intermittent,272,0.666403162055336,0.9883021390374331,0.1745635910224439,7.530434782608695,4.751304347826087,1.3984189723320157,0.9191176470588235,0.5102873408879876,0.8125451319879733,5.01854389861327,12.850095551686673
chronos2,fixed,0.9,2,13,0.95,26,lumpy,165,0.9396198285501305,0.9881542699724518,0.05186972255729795,11.076034289973911,5.920238538948938,0.5035408125232949,0.7575757575757576,0.8729414593485509,0.9729897743423438,8.006126729868148,15.377793502241387
chronos2,dead13,0.9,2,13,0.95,26,all,909,0.9865485100974438,0.9863986398639863,0.028743527422593257,4.098564821352916,0.6273813726874735,0.00752012427623217,0.17271727172717272,0.9808334627133828,0.9902151779461722,3.7115457520313093,4.61390002854013
chronos2,dead13,0.9,2,13,0.95,26,smooth,187,0.9936510132097656,0.9878463782207098,0.013974287311347122,2.9052078290338197,0.10754270696452037,0.0,0.0,0.9892095244364965,0.9964108987864623,2.6864067209836886,3.2590029407425116
chronos2,dead13,0.9,2,13,0.95,26,erratic,285,0.9875043856098021,0.9893141945773525,0.01439312567132116,5.7405878066553315,1.118020133322538,0.002455941489218147,0.028070175438596492,0.9819782928385737,0.9920033878891917,5.119531975276106,6.4120752673196
chronos2,dead13,0.9,2,13,0.95,26,intermittent,272,0.6679841897233202,0.984792780748663,0.22693266832917705,7.776284584980237,4.149565217391304,0.2624505928853755,0.2977941176470588,0.5140578431422841,0.7997852965907354,5.331841260604498,12.473894223978082
chronos2,dead13,0.9,2,13,0.95,26,lumpy,165,0.9321654863958255,0.9823691460055096,0.07720144752714113,11.843458814759598,6.198210957882966,0.15989563920983973,0.4121212121212121,0.8594916645293665,0.9663075973477755,8.64425507015599,16.469273644065243
chronos2,dead26,0.9,2,13,0.95,26,all,909,0.9874841124135009,0.9900990099009901,0.02092359716791715,4.165345643270725,0.6810725886174269,0.0035394012145177236,0.15181518151815182,0.9821610086231496,0.991116677294901,3.761848940147495,4.693771581511337
chronos2,dead26,0.9,2,13,0.95,26,smooth,187,0.9936510132097656,0.9878463782207098,0.013974287311347122,2.9052078290338197,0.10754270696452037,0.0,0.0,0.9892095244364965,0.9964108987864623,2.6864067209836886,3.2590029407425116
chronos2,dead26,0.9,2,13,0.95,26,erratic,285,0.9876933041858958,0.9902711323763955,0.013104189044038667,5.749682886675843,1.119207621515127,0.0,0.0,0.9821779075961444,0.9921687023188603,5.125676222889873,6.428566662113624
chronos2,dead26,0.9,2,13,0.95,26,intermittent,272,0.7027667984189724,0.9904745989304813,0.14214463840399003,10.300395256916994,6.231304347826088,0.1533596837944664,0.31985294117647056,0.5523532992517495,0.8370287362619883,6.830002595670124,17.383008180306085
chronos2,dead26,0.9,2,13,0.95,26,lumpy,165,0.952664927320164,0.9917355371900827,0.03618817852834741,13.347745061498324,7.467536339918002,0.07715244129705554,0.3090909090909091,0.8914247472351285,0.9805738055778714,9.66438221547342,19.179617194782626
chronos2,none,0.95,2,13,0.95,26,all,909,0.9945717412794803,0.9965996599659966,0.007185881855648314,6.7171126959469,1.6429123711340206,0.0,0.0,0.9909216495691278,0.9972491390612421,6.087090818745129,7.608747874287233
chronos2,none,0.95,2,13,0.95,26,smooth,187,0.9988795905664292,0.9978123480797277,0.002515371716042482,4.524047306176084,0.27579500657030226,0.0,0.0,0.997401882833705,0.9997851884015744,4.207853611956378,4.990633889560593
chronos2,none,0.95,2,13,0.95,26,erratic,285,0.9961406633740858,0.9971291866028709,0.003866809881847476,9.29336356030551,2.8490810460691445,0.0,0.0,0.9933052066759537,0.9980176107064701,8.280513339227728,10.377178255715142
chronos2,none,0.95,2,13,0.95,26,intermittent,272,0.7486166007905138,0.9948195187165776,0.0773067331670823,19.93122529644269,13.248695652173913,0.0,0.0,0.5974961341530269,0.8837949426544933,13.56685670161653,33.78394491915902
chronos2,none,0.95,2,13,0.95,26,lumpy,165,0.9727916511367872,0.9972451790633609,0.012062726176115802,24.001490868430864,16.351174058889303,0.0,0.0,0.919430988051755,0.9952859643104928,17.201210636090515,34.642579567835035
chronos2,quantile,0.95,2,13,0.95,26,all,909,0.9945717412794803,0.9965996599659966,0.007185881855648314,6.6574283293320144,1.6032410676458129,0.005181118486089535,0.10561056105610561,0.9909216495691278,0.9972491390612421,6.050414399846111,7.471196230691103
chronos2,quantile,0.95,2,13,0.95,26,smooth,187,0.9988795905664292,0.9978123480797277,0.002515371716042482,4.507337990179127,0.27174770039421814,0.0015492081056781243,0.0374331550802139,0.997401882833705,0.9997851884015744,4.191757129389803,4.972972897121705
chronos2,quantile,0.95,2,13,0.95,26,erratic,285,0.9961406633740858,0.9971291866028709,0.003866809881847476,9.197581842226,2.762810028877554,0.006072382803011902,0.014035087719298246,0.9933052066759537,0.9980176107064701,8.22273305190077,10.289468460629958
chronos2,quantile,0.95,2,13,0.95,26,intermittent,272,0.7486166007905138,0.9948195187165776,0.0773067331670823,19.308300395256918,13.03304347826087,0.08063241106719368,0.22058823529411764,0.5974961341530269,0.8837949426544933,12.961937735201534,32.37816144206602
chronos2,quantile,0.95,2,13,0.95,26,lumpy,165,0.9727916511367872,0.9972451790633609,0.012062726176115802,23.54789414834141,16.078121505777116,0.05516213194185613,0.15151515151515152,0.919430988051755,0.9952859643104928,16.842796661251665,34.01581009903488
chronos2,fixed,0.95,2,13,0.95,26,all,909,0.9922945205479452,0.9923992399239924,0.016062559442037407,6.313673916113544,1.3720290213246717,0.0753777715012004,0.5577557755775577,0.9880067208164478,0.9954928286211235,5.760798374541694,7.10335596196222
chronos2,fixed,0.95,2,13,0.95,26,smooth,187,0.9988795905664292,0.9978123480797277,0.002515371716042482,4.521239366484543,0.27579500657030226,0.0011342416488000554,0.0855614973262032,0.997401882833705,0.9997851884015744,4.2055721876402385,4.987348048599142
chronos2,fixed,0.95,2,13,0.95,26,erratic,285,0.9944403961892424,0.9960127591706539,0.0053705692803437165,9.01227970744609,2.744225838663536,0.04717566728739913,0.3298245614035088,0.9902996492636665,0.9969645915617098,8.07627843388195,10.013842549305137
chronos2,fixed,0.95,2,13,0.95,26,intermittent,272,0.6505928853754941,0.9884692513368984,0.17206982543640897,9.400790513833993,6.253913043478261,2.344664031620553,0.9485294117647058,0.49171013457629836,0.8082806127178347,6.209775435637356,15.682624725161908
chronos2,fixed,0.95,2,13,0.95,26,lumpy,165,0.9463287364890048,0.9865013774104683,0.05910735826296743,15.88781215057771,9.658516585911293,1.395452851285874,0.8424242424242424,0.8773740430054272,0.9791020076253167,11.452693674628081,21.948217773089482
chronos2,dead13,0.95,2,13,0.95,26,all,909,0.9931065527467872,0.9910991099109911,0.018810102504491177,6.52196017511651,1.4940721649484536,0.011730334698488915,0.17271727172717272,0.9891928155707799,0.9957098551773454,5.929392637479867,7.3895928652541825
chronos2,dead13,0.95,2,13,0.95,26,smooth,187,0.9988795905664292,0.9978123480797277,0.002515371716042482,4.524047306176084,0.27579500657030226,0.0,0.0,0.997401882833705,0.9997851884015744,4.207853611956378,4.990633889560593
chronos2,dead13,0.95,2,13,0.95,26,erratic,285,0.9959517447979921,0.9961722488038277,0.0051557465091299675,9.27911370199444,2.8470623161417428,0.0038863249939276173,0.028070175438596492,0.993173494379197,0.9977968914686405,8.265345631972318,10.354491519131198
chronos2,dead13,0.95,2,13,0.95,26,intermittent,272,0.68300395256917,0.9852941176470589,0.2194513715710723,11.431620553359684,6.406956521739131,0.3557312252964427,0.2977941176470588,0.5296525619891673,0.8132783886255924,7.945192890119064,17.955210883623845
chronos2,dead13,0.95,2,13,0.95,26,lumpy,165,0.9444651509504286,0.984297520661157,0.06875753920386007,19.964964591874768,13.319716734998137,0.2739470741707044,0.4121212121212121,0.8715527504105091,0.977980377185172,14.221363792599256,27.827668977976682
chronos2,dead26,0.95,2,13,0.95,26,all,909,0.9941304194322835,0.9948994899489949,0.010778822783472471,6.631858141505438,1.5897066092359837,0.005869580567716424,0.15181518151815182,0.9904491357829083,0.9967864075244672,6.021930828593837,7.509573366211485
chronos2,dead26,0.95,2,13,0.95,26,smooth,187,0.9988795905664292,0.9978123480797277,0.002515371716042482,4.524047306176084,0.27579500657030226,0.0,0.0,0.997401882833705,0.9997851884015744,4.207853611956378,4.990633889560593
chronos2,dead26,0.95,2,13,0.95,26,erratic,285,0.9961406633740858,0.9971291866028709,0.003866809881847476,9.29336356030551,2.8490810460691445,0.0,0.0,0.9933052066759537,0.9980176107064701,8.280513339227728,10.377178255715142
chronos2,dead26,0.95,2,13,0.95,26,intermittent,272,0.7177865612648221,0.990975935828877,0.13466334164588528,15.017391304347827,9.570434782608695,0.21976284584980238,0.31985294117647056,0.5685441472385121,0.8561837185366616,10.09772980306075,24.740464844674477
chronos2,dead26,0.95,2,13,0.95,26,lumpy,165,0.9686917629519195,0.9942148760330578,0.025331724969843185,22.718225866567277,15.838688035780843,0.14424152068579948,0.3090909090909091,0.9097730240455275,0.991991659236202,16.191228031449388,32.10136299123195
chronos2,none,0.99,2,13,0.95,26,all,909,0.9972373252365485,0.9984498449844984,0.003275916728310261,20.549348608953537,11.41789824883491,0.0,0.0,0.9943012363992344,0.9991199305378232,18.757425953194453,23.454769664841287
chronos2,none,0.99,2,13,0.95,26,smooth,187,1.0,1.0,0.0,13.682536828273049,4.6996832422712504,0.0,0.0,1.0,1.0,12.597853098523888,15.150820790142337
chronos2,none,0.99,2,13,0.95,26,erratic,285,0.9999460232639732,0.9998405103668262,0.00021482277121374866,27.973011631986612,18.732566863681754,0.0,0.0,0.9998104230751932,1.0,24.667185678463607,32.40834648824886
chronos2,none,0.99,2,13,0.95,26,intermittent,272,0.7865612648221344,0.9954879679144385,0.06733167082294264,85.36916996047431,70.6191304347826,0.0,0.0,0.6396334078309316,0.9239070892182216,53.37236484066523,144.36090164524612
chronos2,none,0.99,2,13,0.95,26,lumpy,165,0.9847185985836749,0.9991735537190083,0.0036188178528347406,72.49496831904585,63.513827804696234,0.0,0.0,0.9505535894031839,1.0,51.88475113325353,100.58629865009779
chronos2,quantile,0.99,2,13,0.95,26,all,909,0.9960545826860613,0.9975497549754976,0.005178061925393639,17.839147013133736,8.90499399802288,0.20810090382714305,0.5412541254125413,0.9924884970729408,0.9984358654659783,16.504127410773094,19.35962909416955
chronos2,quantile,0.99,2,13,0.95,26,smooth,187,0.9994467113908292,0.9985415653864852,0.0016769144773616546,12.691527768172072,3.6217912718721905,0.04459506189916315,0.18181818181818182,0.998638696868682,0.9998844956685543,11.810621415928596,13.711373833464837
chronos2,quantile,0.99,2,13,0.95,26,erratic,285,0.9982187677111165,0.998883572567783,0.0015037593984962407,24.227215070304702,15.209111273041321,0.332820554341079,0.36140350877192984,0.9948639085130483,1.0,22.038422442612397,26.548972971993077
chronos2,quantile,0.99,2,13,0.95,26,intermittent,272,0.7691699604743083,0.9948195187165776,0.0773067331670823,42.941501976284584,35.544347826086955,2.8126482213438737,0.8713235294117647,0.6123060241595192,0.9079707355816227,31.086383844240434,68.6269701880677
chronos2,quantile,0.99,2,13,0.95,26,lumpy,165,0.9817368617219531,0.9986225895316805,0.006031363088057901,56.48825941110697,51.64219157659337,1.6634364517331346,0.7151515151515152,0.9386814110897873,1.0,42.482105078218076,76.90153183414287
chronos2,fixed,0.99,2,13,0.95,26,all,909,0.9902820929247281,0.9876487648764877,0.02610165909331079,16.212072800451914,7.722330885468155,0.49242691710210423,0.7480748074807481,0.9845666848647457,0.9941686720709183,15.07860605485306,17.49824188623923
chronos2,fixed,0.99,2,13,0.95,26,smooth,187,1.0,1.0,0.0,13.120298775848951,4.232660626599349,0.034303893768587036,0.2620320855614973,1.0,1.0,12.204801353083738,14.270791816310286
chronos2,fixed,0.99,2,13,0.95,26,erratic,285,0.9876663158178824,0.9866028708133971,0.01804511278195489,21.535476209753597,13.548230912476724,0.7352980865247079,0.7263157894736842,0.9813108923601152,0.9925081332612071,19.768066134541094,23.72821042822554
chronos2,fixed,0.99,2,13,0.95,26,intermittent,272,0.6395256916996047,0.9859625668449198,0.20947630922693267,13.520158102766798,10.24521739130435,7.644268774703558,0.9742647058823529,0.4898977543511252,0.7871108881824658,8.974101925246192,22.41768524357245
chronos2,fixed,0.99,2,13,0.95,26,lumpy,165,0.9299291837495341,0.978236914600551,0.09529553679131483,27.273201639955275,20.106671636228103,6.1106969809914276,0.9636363636363636,0.8593972426958622,0.9710218908379875,20.854865708374945,35.886119045176414
chronos2,dead13,0.99,2,13,0.95,26,all,909,0.9954720378477616,0.9928492849284929,0.01511148684349572,19.64684543143624,10.625870286682671,0.02992162123993786,0.17381738173817382,0.9920100079650522,0.9977392738853543,17.942272750999585,22.380678660343573
chronos2,dead13,0.99,2,13,0.95,26,smooth,187,1.0,1.0,0.0,13.682536828273049,4.6996832422712504,0.0,0.0,1.0,1.0,12.597853098523888,15.150820790142337
chronos2,dead13,0.99,2,13,0.95,26,erratic,285,0.9997571046878795,0.998883572567783,0.0015037593984962407,27.938169648881335,18.727460664453623,0.009607859012765499,0.028070175438596492,0.9995258754002583,0.9999255903956111,24.638210175984828,32.346923502173354
chronos2,dead13,0.99,2,13,0.95,26,intermittent,272,0.7027667984189724,0.9857954545454546,0.2119700748129676,31.71304347826087,20.16695652173913,0.7636363636363637,0.2977941176470588,0.5577175101328907,0.8326122292840618,22.334527994598243,45.36367585876808
chronos2,dead13,0.99,2,13,0.95,26,lumpy,165,0.9522922102124487,0.9859504132231405,0.061519903498190594,60.163995527394704,53.92664927320164,0.7707789787551249,0.41818181818181815,0.8842034161490683,0.983537039500904,42.70398220493283,83.77060777749955
chronos2,dead26,0.99,2,13,0.95,26,all,909,0.9966018217765852,0.9967496749674968,0.006868857656134418,19.985356941110016,10.985378124558679,0.029948100550769664,0.15181518151815182,0.9934843786685402,0.9986464047522825,18.223421443897962,22.763662062672786
chronos2,dead26,0.99,2,13,0.95,26,smooth,187,1.0,1.0,0.0,13.682536828273049,4.6996832422712504,0.0,0.0,1.0,1.0,12.597853098523888,15.150820790142337
chronos2,dead26,0.99,2,13,0.95,26,erratic,285,0.9999460232639732,0.9998405103668262,0.00021482277121374866,27.973011631986612,18.732566863681754,0.0,0.0,0.9998104230751932,1.0,24.667185678463607,32.40834648824886
chronos2,dead26,0.99,2,13,0.95,26,intermittent,272,0.7383399209486166,0.991644385026738,0.12468827930174564,43.342292490118574,35.62434782608696,1.7517786561264823,0.31985294117647056,0.592872434515219,0.8728297576736672,31.770444888588788,65.20129944103753
chronos2,dead26,0.99,2,13,0.95,26,lumpy,165,0.9806187103988073,0.9961432506887052,0.016887816646562123,68.4942228848304,61.749235929929185,0.43868803578084237,0.3090909090909091,0.9451559534496025,0.9971655141531596,49.33480571197837,94.41839416402378
