model,policy,tau,L,H,q_liq,k,group,n_series,fill_rate,csl,stockout_rate_demand_weeks,inventory_weeks,excess_weeks_of_demand,liquidated_share,liq_series_share,fill_rate_lo,fill_rate_hi,inventory_weeks_lo,inventory_weeks_hi
empirical,none,0.5,2,13,0.95,26,all,28824,0.7626418967612173,0.7043183710544243,0.3921092970682772,0.839839627636066,0.06953445798814441,0.0,0.0,0.7566796915783909,0.7676481500576973,0.8166580491556922,0.8613399334602512
empirical,none,0.5,2,13,0.95,26,smooth,15108,0.8339306347352633,0.7300918237177173,0.3095724490148038,0.8609126507718333,0.05918980605607373,0.0,0.0,0.8290946335706607,0.839785670122277,0.8321505137257366,0.8927951933299243
empirical,none,0.5,2,13,0.95,26,erratic,1510,0.6968504460427829,0.7062010836845274,0.3606533146108935,1.0417432229416221,0.07868487177100922,0.0,0.0,0.6676830797167568,0.7167411397816049,0.9165916722943809,1.144740412865464
empirical,none,0.5,2,13,0.95,26,intermittent,10193,0.5109578042028314,0.6802618552839292,0.5367168201212665,0.7001036915165069,0.11329394205097387,0.0,0.0,0.4957600989227282,0.5222225666621235,0.6562672765505554,0.7485517243899452
empirical,none,0.5,2,13,0.95,26,lumpy,2013,0.42340500692027494,0.6312830239804905,0.5886233372985833,0.5647233916875626,0.08558903411492867,0.0,0.0,0.4014118055400037,0.44520139107144746,0.4941858703301526,0.6455812471662518
empirical,quantile,0.5,2,13,0.95,26,all,28824,0.7626418967612173,0.7043183710544243,0.3921092970682772,0.839839627636066,0.06953445798814441,0.0,0.0,0.7566796915783909,0.7676481500576973,0.8166580491556922,0.8613399334602512
empirical,quantile,0.5,2,13,0.95,26,smooth,15108,0.8339306347352633,0.7300918237177173,0.3095724490148038,0.8609126507718333,0.05918980605607373,0.0,0.0,0.8290946335706607,0.839785670122277,0.8321505137257366,0.8927951933299243
empirical,quantile,0.5,2,13,0.95,26,erratic,1510,0.6968504460427829,0.7062010836845274,0.3606533146108935,1.0417432229416221,0.07868487177100922,0.0,0.0,0.6676830797167568,0.7167411397816049,0.9165916722943809,1.144740412865464
empirical,quantile,0.5,2,13,0.95,26,intermittent,10193,0.5109578042028314,0.6802618552839292,0.5367168201212665,0.7001036915165069,0.11329394205097387,0.0,0.0,0.4957600989227282,0.5222225666621235,0.6562672765505554,0.7485517243899452
empirical,quantile,0.5,2,13,0.95,26,lumpy,2013,0.42340500692027494,0.6312830239804905,0.5886233372985833,0.5647233916875626,0.08558903411492867,0.0,0.0,0.4014118055400037,0.44520139107144746,0.4941858703301526,0.6455812471662518
empirical,fixed,0.5,2,13,0.95,26,all,28824,0.7609081615086684,0.7028029041455353,0.39411898791885114,0.816607649374838,0.0606450807115282,0.005707650653458456,0.03309741881765196,0.7550254528552381,0.7660408858445777,0.7938311030688826,0.8360904396533324
empirical,fixed,0.5,2,13,0.95,26,smooth,15108,0.8328088826313277,0.7292885166197318,0.31049380585941544,0.8447318660607669,0.05350125667457369,0.004271925396918614,0.01595181360868414,0.8279775911162478,0.8385395250200969,0.8179438612690229,0.8757710497447215
empirical,fixed,0.5,2,13,0.95,26,erratic,1510,0.6948429211481447,0.705057194461168,0.36205749759810807,1.0225135275270218,0.07240809923288619,0.005679567119135302,0.03245033112582781,0.664528344148286,0.7150635921969669,0.90061917181014,1.125471365482689
empirical,fixed,0.5,2,13,0.95,26,intermittent,10193,0.5063520290040688,0.6775683847203517,0.5412381166254959,0.6403271331881817,0.08846610445011478,0.012782873412608494,0.05523398410673992,0.4914730142787007,0.517253315180524,0.6041766412713173,0.6830587212006702
empirical,fixed,0.5,2,13,0.95,26,lumpy,2013,0.4214708045471129,0.6301088380074967,0.590497819112505,0.5398335659395069,0.07115432502707304,0.006051621197468163,0.050173869846000994,0.3995397670545551,0.44344316148936463,0.4708872650322796,0.619228157427989
empirical,dead13,0.5,2,13,0.95,26,all,28824,0.7577058657733866,0.699425037216461,0.39859844452855914,0.7749374078211918,0.05143363931895113,0.006682181830580562,0.06570913127948931,0.7519783827322024,0.7632408669997945,0.7519099132730965,0.7943386676084153
empirical,dead13,0.5,2,13,0.95,26,smooth,15108,0.8309962878355933,0.7270470792114954,0.3130646330101108,0.8126156102200116,0.045549280648896545,0.004914200955434452,0.033492189568440564,0.8262425169411426,0.8368689380337319,0.7873267024183578,0.8416349849365239
empirical,dead13,0.5,2,13,0.95,26,erratic,1510,0.6901604690429025,0.7016556291390729,0.3662330943758776,0.9709480569552097,0.06457529547841578,0.0065676642248427885,0.051655629139072845,0.6610596875230602,0.7105866594463943,0.8486408649165446,1.0747857800756544
empirical,dead13,0.5,2,13,0.95,26,intermittent,10193,0.49808010600671904,0.672609544874825,0.5495620929710308,0.5596324739170271,0.07125676088391476,0.014197856220998395,0.10909447660158933,0.4833246315691567,0.5088286212666308,0.531202356856365,0.596165366741997
empirical,dead13,0.5,2,13,0.95,26,lumpy,2013,0.41285375924392376,0.6262249920968253,0.5966980281893227,0.4799427846723148,0.06711566414371008,0.012908194879575634,0.09836065573770492,0.3919925269234436,0.4348750383439663,0.42873206472583264,0.5421416376282949
empirical,dead26,0.5,2,13,0.95,26,all,28824,0.7618411838469095,0.7032728408144728,0.39349579554271064,0.8261141000151766,0.06496563197855772,0.0010143722501552413,0.009922286983069665,0.7558863230289184,0.7668355137489758,0.8039946770685574,0.8470087856720583
empirical,dead26,0.5,2,13,0.95,26,smooth,15108,0.8336461700974638,0.7297698991503598,0.30994168190758825,0.8534471885700721,0.057877105825057715,0.0008281191807715781,0.003508075191951284,0.8288758260421286,0.8395000727030484,0.8252434556679217,0.8848884654538896
empirical,dead26,0.5,2,13,0.95,26,erratic,1510,0.6966776127737081,0.705930162552679,0.3609858842657601,1.0353138253320393,0.07720488719305477,0.0006780382094473324,0.006622516556291391,0.6675036069730299,0.7162791289141127,0.9131842173861431,1.1394312650066842
empirical,dead26,0.5,2,13,0.95,26,intermittent,10193,0.5076413997615834,0.6780232423320818,0.5404745864211393,0.6531912849866507,0.0922455493926288,0.002063978404579175,0.018345923673108996,0.49270269818204027,0.5183302066605007,0.6143530487426969,0.69657089622435
empirical,dead26,0.5,2,13,0.95,26,lumpy,2013,0.4210017315164957,0.6302669015038613,0.5902454850221693,0.54486596672477,0.07568985586138603,0.0011639960389388526,0.01788375558867362,0.3997644552054583,0.44373768507205785,0.4739933843908018,0.6250733328393885
empirical,none,0.8,2,13,0.95,26,all,28824,0.9114247705107866,0.8782564403401206,0.16144655916249637,1.8249362867119272,0.17893882282786006,0.0,0.0,0.90821192643252,0.9142861746668905,1.7815535538778757,1.8702093179391637
empirical,none,0.8,2,13,0.95,26,smooth,15108,0.9372544850880317,0.8894625364045539,0.1267814624383174,1.694468624764629,0.10757109571665141,0.0,0.0,0.934526416932578,0.9404171787891049,1.6527971541899604,1.7480140025839834
empirical,none,0.8,2,13,0.95,26,erratic,1510,0.8838719970219499,0.8893136664659843,0.1358731801049442,2.795322865841499,0.3436138107076858,0.0,0.0,0.8675084002807223,0.8956649301411058,2.511803775271866,3.0269338353836956
empirical,none,0.8,2,13,0.95,26,intermittent,10193,0.8280518802399929,0.8658036263746065,0.22526386705591736,1.982798537974247,0.40922854496911426,0.0,0.0,0.8184231183040209,0.836039751679224,1.873286954626976,2.095458804036549
empirical,none,0.8,2,13,0.95,26,lumpy,2013,0.7598346083240194,0.8489138779749807,0.24119534263364695,2.018276475118861,0.4052675164030785,0.0,0.0,0.7394247236180567,0.7839006180043219,1.832760911839033,2.217074479501611
empirical,quantile,0.8,2,13,0.95,26,all,28824,0.9114245852034702,0.8782564403401206,0.16144655916249637,1.824891257034034,0.17893882282786006,1.2971512150322777e-05,0.00041631973355537054,0.9082119217686045,0.9142861700228084,1.781498375640165,1.870168076869717
empirical,quantile,0.8,2,13,0.95,26,smooth,15108,0.9372544850880317,0.8894625364045539,0.1267814624383174,1.694468624764629,0.10757109571665141,0.0,0.0,0.934526416932578,0.9404171787891049,1.6527971541899604,1.7480140025839834
empirical,quantile,0.8,2,13,0.95,26,erratic,1510,0.8838719970219499,0.8893136664659843,0.1358731801049442,2.795322865841499,0.3436138107076858,0.0,0.0,0.8675084002807223,0.8956649301411058,2.511803775271866,3.0269338353836956
empirical,quantile,0.8,2,13,0.95,26,intermittent,10193,0.828050648749298,0.8658036263746065,0.22526386705591736,1.9824992857353971,0.40922854496911426,8.620434863994168e-05,0.0011772785244775826,0.8184231183040209,0.8360360309030495,1.8730301979138926,2.0951494375253086
empirical,quantile,0.8,2,13,0.95,26,lumpy,2013,0.7598346083240194,0.8489138779749807,0.24119534263364695,2.018276475118861,0.4052675164030785,0.0,0.0,0.7394247236180567,0.7839006180043219,1.832760911839033,2.217074479501611
empirical,fixed,0.8,2,13,0.95,26,all,28824,0.9079358043569827,0.8745411021118765,0.16637354318325828,1.746547400407046,0.14485506280898836,0.0224066194738347,0.07150291423813489,0.9048743834550171,0.9110003321919866,1.7078379660394007,1.784483095800236
empirical,fixed,0.8,2,13,0.95,26,smooth,15108,0.9356366544084214,0.8882109418249212,0.12821698471306808,1.660551172536971,0.09602827400089849,0.010019201363051462,0.025019857029388404,0.9330103237988764,0.938653830538173,1.6202624485705401,1.7122924135333628
empirical,fixed,0.8,2,13,0.95,26,erratic,1510,0.8793464243455602,0.8868151715833835,0.13894021136649176,2.684095350785062,0.30718162117606396,0.03135727295691133,0.06688741721854305,0.8629971530434694,0.891483716122995,2.40935961172973,2.8956831197446085
empirical,fixed,0.8,2,13,0.95,26,intermittent,10193,0.8169672324955912,0.8588648181015492,0.2369114454674751,1.7277703614671487,0.2822798340935736,0.07220353093012029,0.1246934170509173,0.8068445807847608,0.8254947390544533,1.6452806710405903,1.8246135386926707
empirical,fixed,0.8,2,13,0.95,26,lumpy,2013,0.7505921323133408,0.8421171476313056,0.25204570851807795,1.802722939987607,0.28619709174721014,0.05824613014749741,0.15449577744659712,0.7284839690233978,0.7747810527403443,1.6491240776459368,1.9737419599115047
empirical,dead13,0.8,2,13,0.95,26,all,28824,0.9037597186738445,0.8701823606590467,0.1721537570344408,1.6872233014314435,0.12720472622604417,0.011971408563532892,0.07518040521787399,0.9006543379598948,0.9066975123822939,1.649501123424656,1.7288911712067383
empirical,dead13,0.8,2,13,0.95,26,smooth,15108,0.933810926663381,0.8857919946085157,0.1309914075709997,1.6245599532764352,0.08603746954332771,0.006760495394671145,0.033492189568440564,0.9311660873589311,0.9370952059140212,1.5852998659309487,1.6767049559747937
empirical,dead13,0.8,2,13,0.95,26,erratic,1510,0.8757036308281373,0.8835942203491872,0.1428940950410169,2.6512304399271445,0.303929164949413,0.013683076963984206,0.051655629139072845,0.858915771868976,0.8875158234294858,2.355807542014335,2.8716135806900005
empirical,dead13,0.8,2,13,0.95,26,intermittent,10193,0.8024565776380994,0.8516495277507737,0.24902313047383787,1.551741081544388,0.22004226476064748,0.033114784784686165,0.13234572746002157,0.7924732096930353,0.8107664662816857,1.4827649750798741,1.6256438823324824
empirical,dead13,0.8,2,13,0.95,26,lumpy,2013,0.7389232167986055,0.8368107302533532,0.2605169244079161,1.6892709678540199,0.26785112432751723,0.030599776466432322,0.11624441132637854,0.7180873968611634,0.7620677990681666,1.5432400367860362,1.8500584881714879
empirical,dead26,0.8,2,13,0.95,26,all,28824,0.9099463887402827,0.8761196477682739,0.1642802023493098,1.7842329787354294,0.15869933535824815,0.0020417160124608052,0.014154870940882597,0.906742473407126,0.9128906227219956,1.7414581978104133,1.826247279254365
empirical,dead26,0.8,2,13,0.95,26,smooth,15108,0.9369152585295408,0.8891135340698486,0.1271817523033921,1.683564559968144,0.10533492613707181,0.0011180352314905328,0.003508075191951284,0.9342012655702525,0.9399112655351242,1.6436422718555401,1.736272259772194
empirical,dead26,0.8,2,13,0.95,26,erratic,1510,0.8835476022707632,0.8890427453341361,0.1362057497598108,2.782618291077815,0.3408059348285627,0.0013480994987835197,0.006622516556291391,0.8670510988552659,0.8954767707263128,2.496492256195037,3.0090316450610795
empirical,dead26,0.8,2,13,0.95,26,intermittent,10193,0.8215988689989459,0.8611703218786511,0.23304139531402052,1.800616730539984,0.3042114518782696,0.006299074904190024,0.027567938781516726,0.811486038310588,0.8295612044207035,1.7104669851899577,1.8999655015163495
empirical,dead26,0.8,2,13,0.95,26,lumpy,2013,0.7526132000625431,0.8446010025741769,0.24808045852708988,1.8854651061784444,0.3249784284316167,0.005119266161303212,0.031793343268753105,0.7299657035233396,0.7774443894015066,1.7111018748100855,2.0770731094594157
empirical,none,0.9,2,13,0.95,26,all,28824,0.9497759727197981,0.9303184845961698,0.09240604538429847,2.518770611964441,0.2702097549106902,0.0,0.0,0.947666063387203,0.9518019248495045,2.462853898702764,2.5784271066319766
empirical,none,0.9,2,13,0.95,26,smooth,15108,0.9646798001115557,0.9373962018918334,0.07180371993512544,2.26446687287875,0.14774146723787562,0.0,0.0,0.9629814547932649,0.9667017283458028,2.209249205743218,2.33440305381585
empirical,none,0.9,2,13,0.95,26,erratic,1510,0.936370767246766,0.9422636965683323,0.07087428867046043,4.387143863754204,0.696739300955901,0.0,0.0,0.9247881423268944,0.9452274833835902,3.960444348426005,4.825028417868782
empirical,none,0.9,2,13,0.95,26,intermittent,10193,0.8999352235894506,0.9205247808210626,0.13340818923572123,2.726684186674286,0.5808803680679389,0.0,0.0,0.8933575690656038,0.9057671767285974,2.5892622814778496,2.878669374873736
empirical,none,0.9,2,13,0.95,26,lumpy,2013,0.8650343697337866,0.9178295623899201,0.13117767924732346,3.415123841071108,0.7425020702914622,0.0,0.0,0.846079712127568,0.8834399677153252,3.105385252759554,3.7705701982265456
empirical,quantile,0.9,2,13,0.95,26,all,28824,0.9497496590808646,0.9302727525042263,0.09246669162224504,2.5178933671284462,0.26995495735059455,0.00010747824353124587,0.0013877324451845685,0.9476495278946847,0.951770630955013,2.462134083076754,2.5771522390404864
empirical,quantile,0.9,2,13,0.95,26,smooth,15108,0.9646798001115557,0.9373962018918334,0.07180371993512544,2.26446687287875,0.14774146723787562,0.0,0.0,0.9629814547932649,0.9667017283458028,2.209249205743218,2.33440305381585
empirical,quantile,0.9,2,13,0.95,26,erratic,1510,0.936370767246766,0.9422636965683323,0.07087428867046043,4.387143863754204,0.696739300955901,0.0,0.0,0.9247881423268944,0.9452274833835902,3.960444348426005,4.825028417868782
empirical,quantile,0.9,2,13,0.95,26,intermittent,10193,0.899760351910781,0.920395458558904,0.13362527135264615,2.720877708048038,0.5792060333192123,0.0007130331123218033,0.003826155204552144,0.8930832079155794,0.9055616741414457,2.5844940666109144,2.8716032261612954
empirical,quantile,0.9,2,13,0.95,26,lumpy,2013,0.8650343697337866,0.9178295623899201,0.13117767924732346,3.41501381159479,0.7424128885053943,5.791025069347525e-06,0.0004967709885742673,0.846079712127568,0.8834399677153252,3.105279974918224,3.77044974805355
empirical,fixed,0.9,2,13,0.95,26,all,28824,0.9454160621787582,0.9254866525370272,0.09881363411079022,2.3922689046354813,0.21560724929634179,0.03562681404281081,0.08860671662503469,0.9433040798355717,0.9475569191011889,2.344060824462634,2.4447319522440454
empirical,fixed,0.9,2,13,0.95,26,smooth,15108,0.9628510988685592,0.9359099333285195,0.07350840263639187,2.21632817109309,0.13186368196853493,0.013672143602110292,0.030646015356102726,0.9609814813262748,0.9650209350237448,2.165924536130605,2.2840434785938624
empirical,fixed,0.9,2,13,0.95,26,erratic,1510,0.9299440286105535,0.9386514148103552,0.07530855073534846,4.1104138692051,0.6034183761649627,0.072225693659678,0.0913907284768212,0.9174066888124048,0.9394434392582218,3.7027091686841023,4.426452713185224
empirical,fixed,0.9,2,13,0.95,26,intermittent,10193,0.886158537186093,0.911699651275831,0.1482221723182873,2.3537383131533063,0.39122267322148113,0.10683304926947972,0.15157461002648875,0.8786708281586006,0.892042692499482,2.249299855284727,2.4757003562254787
empirical,fixed,0.9,2,13,0.95,26,lumpy,2013,0.8503020019573665,0.9071941471345346,0.14815615875419055,2.943311655596157,0.5022972996450101,0.13416646880664346,0.20268256333830104,0.8319533638120632,0.8687508662485625,2.698913740764272,3.224080579284166
empirical,dead13,0.9,2,13,0.95,26,all,28824,0.941337077529431,0.9211704892387657,0.10453738422319489,2.3420787885941863,0.1956241900912101,0.014683937061481817,0.07573549819594783,0.9389253279999402,0.9433747864840658,2.2902600045502983,2.395545361166335
empirical,dead13,0.9,2,13,0.95,26,smooth,15108,0.961108381274793,0.9334939947529304,0.07627937471962455,2.1819743580403754,0.12069918830939544,0.007730351311349767,0.033492189568440564,0.9591946278600353,0.9634618482855077,2.1325321104540005,2.2462735680434194
empirical,dead13,0.9,2,13,0.95,26,erratic,1510,0.9277583525000997,0.936062612883805,0.07848643854851822,4.18738848930428,0.6134916308813168,0.019280215908637675,0.051655629139072845,0.9149813582013995,0.9372009228742559,3.7470938317009814,4.593503281871204
empirical,dead13,0.9,2,13,0.95,26,intermittent,10193,0.8708831266070953,0.9042926072259929,0.16065573770491803,2.1693546003566397,0.31584238889490956,0.040790666285725544,0.1334248994407927,0.8631125434487708,0.8771408311227522,2.076967752708786,2.268568674218274
empirical,dead13,0.9,2,13,0.95,26,lumpy,2013,0.8401503350108003,0.9029715937316534,0.15489708373887026,2.877102865978307,0.47126203809336287,0.04441716228189552,0.11872826626924987,0.8219699562682775,0.8585131491212127,2.647310891526659,3.146197284514034
empirical,dead26,0.9,2,13,0.95,26,all,28824,0.9480214830478088,0.9278032195392728,0.09574158847135929,2.464229109518662,0.24149998119130736,0.0025981938837096523,0.014709963918956424,0.9458440702782338,0.9501054576513182,2.4105210597496645,2.5198945756647624
empirical,dead26,0.9,2,13,0.95,26,smooth,15108,0.9643165377779198,0.9370321563530459,0.07222126367369475,2.2515963347673025,0.1448543989557075,0.0012738960826890135,0.003508075191951284,0.9625785403067016,0.96634364174183,2.1992979675989615,2.318804057132829
empirical,dead26,0.9,2,13,0.95,26,erratic,1510,0.9359878750814311,0.9419024683925347,0.07131771487694923,4.369517529281945,0.6927731762766396,0.0018400095723041334,0.006622516556291391,0.9241147494786609,0.9448181019685353,3.9493117536173346,4.794913643000697
empirical,dead26,0.9,2,13,0.95,26,intermittent,10193,0.8922975182999517,0.9151690554123596,0.1423983831125084,2.4848341920928445,0.4353216161098687,0.008173403741761327,0.02874521730599431,0.8847341375960521,0.8981765182243656,2.3666490639768956,2.6160906594660616
empirical,dead26,0.9,2,13,0.95,26,lumpy,2013,0.8554444322189471,0.9119360520254708,0.14058613604412243,3.187119602040757,0.6058883142905125,0.008981879882558011,0.03378042722305018,0.8382171502253547,0.8742986997634217,2.8962763240619407,3.5290687723085643
empirical,none,0.95,2,13,0.95,26,all,28824,0.9690029039509558,0.9571916080034315,0.056769061217149086,3.1852026177993977,0.3853802904543939,0.0,0.0,0.9674365294519879,0.9703666776260954,3.1137590629216696,3.2623523638908534
empirical,none,0.95,2,13,0.95,26,smooth,15108,0.9782704203113698,0.9615104580354779,0.04414576072328238,2.808773850860741,0.19641658805481446,0.0,0.0,0.9769642970453714,0.979641992214226,2.730943870967907,2.908596491467523
empirical,none,0.95,2,13,0.95,26,erratic,1510,0.9622452371139503,0.9672185430463576,0.040240928238858914,5.983580839437893,1.2435263304838002,0.0,0.0,0.953329085669333,0.9690547509726359,5.46281085169878,6.571461745426696
empirical,none,0.95,2,13,0.95,26,intermittent,10193,0.9363257736224545,0.9500503910883583,0.08384609626469047,3.393532703466893,0.7501019674295342,0.0,0.0,0.9318935361353172,0.9405731992076876,3.2294503841488407,3.5738807172863525
empirical,none,0.95,2,13,0.95,26,lumpy,2013,0.9207961501265339,0.9534164295714221,0.07436646119462167,4.908252789826327,1.217509743399679,0.0,0.0,0.9083341146762292,0.9336671000103426,4.504143125737854,5.415830019469885
empirical,quantile,0.95,2,13,0.95,26,all,28824,0.968945643990178,0.9570796432266041,0.056917539937638935,3.182873490139149,0.38432767077412683,0.0002175507894925563,0.0033999444907021927,0.9673785925579622,0.9703238937170121,3.1115474507415386,3.259506895603079
empirical,quantile,0.95,2,13,0.95,26,smooth,15108,0.9782704203113698,0.9615104580354779,0.04414576072328238,2.808773850860741,0.19641658805481446,0.0,0.0,0.9769642970453714,0.979641992214226,2.730943870967907,2.908596491467523
empirical,quantile,0.95,2,13,0.95,26,erratic,1510,0.9622452371139503,0.9672185430463576,0.040240928238858914,5.983580839437893,1.2435263304838002,0.0,0.0,0.953329085669333,0.9690547509726359,5.46281085169878,6.571461745426696
empirical,quantile,0.95,2,13,0.95,26,intermittent,10193,0.9359489374698284,0.9497337745154875,0.08437757317164458,3.3788607233283745,0.7436593007103238,0.0013977419386619115,0.00824094967134308,0.9314215538175461,0.9401914107992305,3.2170075210018627,3.560613316333632
empirical,quantile,0.95,2,13,0.95,26,lumpy,2013,0.9207787770513258,0.9534164295714221,0.07436646119462167,4.904459668405904,1.2149107313485559,0.0002258499777045535,0.006954793840039742,0.9083162338113719,0.9336336234239243,4.4964773244532275,5.413103528916633
empirical,fixed,0.95,2,13,0.95,26,all,28824,0.9639429023684314,0.9514766734791714,0.06434774971088475,3.0022246143337803,0.30284667246431485,0.05020512593392571,0.10532889258950874,0.9623188305899429,0.9653835583770698,2.9370053743198334,3.0626750090066266
empirical,fixed,0.95,2,13,0.95,26,smooth,15108,0.9762789200552773,0.9598226105374636,0.04608164532937645,2.743015191353266,0.17430402182943966,0.018060035419316486,0.03514694201747419,0.9748495009758713,0.9776550950417271,2.6673657964956825,2.838130841051954
empirical,fixed,0.95,2,13,0.95,26,erratic,1510,0.9541592990946196,0.9627332931968694,0.045746803636094895,5.500623529255354,1.0472207080846085,0.12284456971163434,0.12251655629139073,0.9439075823403574,0.9615784193703155,5.007092774274737,5.889264501489729
empirical,fixed,0.95,2,13,0.95,26,intermittent,10193,0.9207067771395919,0.9397224476690778,0.10118272325772887,2.905608701220654,0.4973234781237993,0.13839738726934178,0.1780633768272344,0.915504119476297,0.9250070266557685,2.7817893683613515,3.046305006052786
empirical,fixed,0.95,2,13,0.95,26,lumpy,2013,0.9002669662556969,0.9399132908819943,0.09592300205472044,4.073117482525582,0.7712568261708005,0.2285312223116614,0.250869349230005,0.8876122828555276,0.912145795522435,3.7737979198569915,4.42097463888243
empirical,dead13,0.95,2,13,0.95,26,all,28824,0.9601874642935965,0.9474427875760099,0.06969716614768823,2.974845273023461,0.28820987758413363,0.01698452739499978,0.0759436580627255,0.9582303507639456,0.9618274354863291,2.908511715944412,3.046059132695251
empirical,dead13,0.95,2,13,0.95,26,smooth,15108,0.9746251596086976,0.9574909139047344,0.04875599572103937,2.7148707854073604,0.1632714523629521,0.008623639655659024,0.033492189568440564,0.9732223437041494,0.9762642897623153,2.645223412781093,2.810764394325239
empirical,dead13,0.95,2,13,0.95,26,erratic,1510,0.9532552481486898,0.9605960264900663,0.048370408691153645,5.742236462501828,1.1300764454843986,0.023247404177247164,0.051655629139072845,0.9426104289017253,0.9612412685870249,5.188773648584737,6.3304963666982905
empirical,dead13,0.95,2,13,0.95,26,intermittent,10193,0.905691211097209,0.932565129366856,0.11319709559098735,2.7290560377525788,0.41365008915992635,0.046850831995113446,0.13391543215932503,0.8994268317968366,0.9107214889088547,2.6071959073095083,2.848057961954325
empirical,dead13,0.95,2,13,0.95,26,lumpy,2013,0.8941342707072579,0.9374971774375649,0.09978010886413612,4.179255389996584,0.7846977953567561,0.05829824937312154,0.11922503725782414,0.8813337055673179,0.9074825736085022,3.859676118732766,4.577336039983144
empirical,dead26,0.95,2,13,0.95,26,all,28824,0.9670849732258724,0.9544051043322483,0.06046429923272053,3.118621143083006,0.34872694800146986,0.003060906252843309,0.01498751040799334,0.96550456102327,0.9684917562799054,3.048631786081469,3.192639477499746
empirical,dead26,0.95,2,13,0.95,26,smooth,15108,0.9778851045345596,0.9611373865742412,0.04457365678594845,2.7941199573501274,0.19280993326727214,0.0014280223934131074,0.003508075191951284,0.9765208908626667,0.9791507911049958,2.7178525825734368,2.8948036004579705
empirical,dead26,0.95,2,13,0.95,26,erratic,1510,0.9618410731616522,0.9668272125225768,0.040721306629221785,5.9628062804951005,1.2384312057114748,0.0020766582022681045,0.006622516556291391,0.9526608173655882,0.9687946942493219,5.449435024270303,6.5494895746535535
empirical,dead26,0.95,2,13,0.95,26,intermittent,10193,0.9279577943509059,0.9440926482523657,0.09384684482371435,3.1001177305104286,0.5677972572239245,0.009706609656857433,0.029431963111939567,0.9227332485985013,0.9324794238972655,2.9536051566114954,3.256105804616806
empirical,dead26,0.95,2,13,0.95,26,lumpy,2013,0.9100943357983796,0.9467777627241114,0.08496449298871706,4.595004661775181,1.0247242024310723,0.012114824445075023,0.03427719821162444,0.8972847239238569,0.9231858279802087,4.205517409500707,5.090703590709637
empirical,none,0.99,2,13,0.95,26,all,28824,0.9848400084426013,0.9795498700577802,0.027119324610034235,4.331930618717039,0.63416177439909,0.0,0.0,0.9838638274612912,0.985722692228509,4.236062908550639,4.431975573396715
empirical,none,0.99,2,13,0.95,26,smooth,15108,0.9894547372902166,0.9817616193708331,0.020918596224852478,3.7498076518509653,0.308581044297438,0.0,0.0,0.9885762495603021,0.9902625525140344,3.6400769106099706,3.8805224899143025
empirical,none,0.99,2,13,0.95,26,erratic,1510,0.9831846524057062,0.9864539434075857,0.01662848274333013,8.71960859911988,2.445730087613173,0.0,0.0,0.9774490882250432,0.9875545315436349,7.987935424984886,9.48961960416728
empirical,none,0.99,2,13,0.95,26,intermittent,10193,0.9671721525472153,0.9750631003451566,0.041859420615315515,4.513216358137198,1.046442962276977,0.0,0.0,0.964315243894005,0.9699679072180154,4.312133187460082,4.76366358856521
empirical,none,0.99,2,13,0.95,26,lumpy,2013,0.9636786907650523,0.9804904484487197,0.031145236292851736,7.5279793376225514,2.358985644048853,0.0,0.0,0.9558920860338662,0.9706172707697648,6.892039880168162,8.324268039850885
empirical,quantile,0.99,2,13,0.95,26,all,28824,0.9843858202100236,0.9791035879191583,0.02771114824240929,4.322277775296719,0.6281550747983717,0.0018471433302059636,0.011969192339716902,0.9834174744299538,0.9852615928052187,4.226214095838757,4.422451919052135
empirical,quantile,0.99,2,13,0.95,26,smooth,15108,0.9894537461242312,0.9817586107300166,0.0209220469995514,3.7496599681191456,0.3083128347817985,4.4602469341377636e-05,0.00013238019592268997,0.9885762001592894,0.9902624786520445,3.63990565710248,3.879999229257214
empirical,quantile,0.99,2,13,0.95,26,erratic,1510,0.9830357498969647,0.9864238410596027,0.0166654349272042,8.696222928327373,2.4267827751705067,0.00429690096653682,0.013245033112582781,0.9772317704299187,0.9874335378605427,7.959002791572366,9.459181857367083
empirical,quantile,0.99,2,13,0.95,26,intermittent,10193,0.9650330532102499,0.97405081918964,0.043558649599520924,4.478713683339408,1.0255110686383655,0.0053890032806912114,0.023545570489551654,0.9616270942209351,0.9680427814390822,4.275976851214212,4.725839873066936
empirical,quantile,0.99,2,13,0.95,26,lumpy,2013,0.959891360369699,0.9792711014767647,0.03309181356115497,7.442949716529323,2.317235827913899,0.021982731163243206,0.04123199205166418,0.9514638916709167,0.9685952581611668,6.843845289182979,8.213538131655312
empirical,fixed,0.99,2,13,0.95,26,all,28824,0.9786753899468187,0.9726695556733026,0.036243446546615,4.02866611531563,0.47783878300531774,0.0801960032547377,0.13471412711629197,0.9775128937022085,0.9798042284016593,3.936527412966312,4.112818597276971
empirical,fixed,0.99,2,13,0.95,26,smooth,15108,0.987180506936799,0.9798752015789347,0.023082231961075263,3.654999899644444,0.2737972138819734,0.02509458820894076,0.04514164680963728,0.9861853233664643,0.9881755602077518,3.5451440016207765,3.7734867524684605
empirical,fixed,0.99,2,13,0.95,26,erratic,1510,0.9701929085180212,0.9795003010234798,0.025164437218239598,7.639831421088319,1.8428732866240347,0.2634377866705665,0.20132450331125828,0.9615458707815558,0.9766750343895281,7.093816992169852,8.175979383644195
empirical,fixed,0.99,2,13,0.95,26,intermittent,10193,0.9492096292720412,0.9630182924110129,0.062077999850288196,3.8214498586248684,0.6792136685615203,0.1935817167965479,0.2175022073972334,0.9453253663613788,0.952463844873786,3.676227381422617,3.9832143077830042
empirical,fixed,0.99,2,13,0.95,26,lumpy,2013,0.9369415280198748,0.9623357268662783,0.06012760895425544,5.871057035805908,1.3265153664850213,0.435670398017153,0.33780427223050175,0.9281227432091136,0.9456311021069462,5.479724900440141,6.374045371917021
empirical,dead13,0.99,2,13,0.95,26,all,28824,0.9756845298595871,0.9692680342139126,0.04075427190008846,4.071459133899546,0.49692087803795126,0.020549654855857778,0.07604773799611435,0.9742121546968894,0.9769055378957479,3.967538025503585,4.167529957086502
empirical,dead13,0.99,2,13,0.95,26,smooth,15108,0.9857683431991517,0.9776668592196789,0.025615100590082474,3.6390646763062517,0.2650079008318608,0.01001870578005878,0.033492189568440564,0.9847435777440484,0.986878585303034,3.5278693967244794,3.7730036602114376
empirical,dead13,0.99,2,13,0.95,26,erratic,1510,0.9739925814642967,0.9796207104154124,0.02501662848274333,8.415509791669438,2.2690737466264275,0.030649986040389807,0.051655629139072845,0.9653775533590628,0.9799466402070288,7.65678189872256,9.12717698053812
empirical,dead13,0.99,2,13,0.95,26,intermittent,10193,0.9350339398835502,0.9564719103127814,0.0730668463208324,3.6959227806074697,0.593264484793553,0.05607592879028206,0.13411164524673796,0.9304055308852843,0.9389775040902846,3.5471129803543353,3.8654455727556996
empirical,dead13,0.99,2,13,0.95,26,lumpy,2013,0.9348625500199791,0.9632615273449848,0.05864965213943261,6.481714838343534,1.6042019677903185,0.07760552695432618,0.11972180824639841,0.9261739452768608,0.9453691504350122,5.97757129847424,7.079721834379573
empirical,dead26,0.99,2,13,0.95,26,all,28824,0.9828097814837594,0.9765709762066964,0.031069695074898103,4.247990110519137,0.5853030173034413,0.003722638679826204,0.015091590341382181,0.9818445059853784,0.983733807192701,4.152730330672611,4.352855840660411
empirical,dead26,0.99,2,13,0.95,26,smooth,15108,0.9890674391814357,0.9813825306279635,0.02135339383691639,3.7324587780261473,0.30344308762080763,0.0016535126550834055,0.003508075191951284,0.9882558209497121,0.989928602520091,3.622719908532886,3.8644007540131295
empirical,dead26,0.99,2,13,0.95,26,erratic,1510,0.9827592166664451,0.9859723058398555,0.017219717685315203,8.694135634231623,2.440757807410559,0.0024781631811957405,0.006622516556291391,0.9769601390345313,0.9870728318412182,7.9678241103164495,9.455107035573368
empirical,dead26,0.99,2,13,0.95,26,intermittent,10193,0.958330049358147,0.9686861750042364,0.05256381465678569,4.148369998916288,0.8103427977498202,0.01165605942681497,0.02972628274305896,0.9546755227288897,0.9613199755084777,3.9683894636577453,4.365003597048279
empirical,dead26,0.99,2,13,0.95,26,lumpy,2013,0.9517897162976818,0.9733324301133541,0.04257236581233553,7.081363902224332,2.073259941742288,0.01748310468436018,0.03427719821162444,0.941786640287574,0.9600488790917892,6.491642219700926,7.808880689070731
tsb,none,0.5,2,13,0.95,26,all,28824,0.8052360805945993,0.7441447152625338,0.33929478881516073,0.7763361074456294,0.05320336125235132,0.0,0.0,0.802793346511204,0.8084093745853909,0.7587539187724283,0.7929568881084453
tsb,none,0.5,2,13,0.95,26,smooth,15108,0.8258325608433434,0.7187221700724481,0.3226129266020222,0.6894067400773755,0.03233342030814855,0.0,0.0,0.8228045408556546,0.8287737602303535,0.6721970464012788,0.7106238961889255
tsb,none,0.5,2,13,0.95,26,erratic,1510,0.7503250594945292,0.7273630343166767,0.3346759293474244,1.1178776074557615,0.12878790698911152,0.0,0.0,0.7368148549280369,0.7623313346258902,1.02294754169432,1.234307877823991
tsb,none,0.5,2,13,0.95,26,intermittent,10193,0.7480653281183808,0.7780740793592751,0.3725278838236395,0.9655293439602771,0.09824389426913491,0.0,0.0,0.7416440535727236,0.7548105190519745,0.9231886524127628,1.0107022820829663
tsb,none,0.5,2,13,0.95,26,lumpy,2013,0.712319247630023,0.7757304791581989,0.35802602645903175,1.17440251098847,0.16452765504021866,0.0,0.0,0.6991779502536595,0.7276432819551453,1.0731956642350606,1.2738986561907455
tsb,quantile,0.5,2,13,0.95,26,all,28824,0.8014395042955162,0.7401171372341231,0.34463584025362676,0.7090539857658037,0.046169725565423585,0.012049237636434828,0.13051623646960867,0.7992292149976234,0.804446272186765,0.6953506936402277,0.7227072930410031
tsb,quantile,0.5,2,13,0.95,26,smooth,15108,0.823237936085157,0.715087731966207,0.3267814624383174,0.6418676937128607,0.02959190475093114,0.009155647998303124,0.10835319036272174,0.8201337199452653,0.8264174030720977,0.6285494993406752,0.6580036566877544
tsb,quantile,0.5,2,13,0.95,26,erratic,1510,0.7460228405812516,0.7238711619506322,0.3389623826768162,1.0243455601792149,0.10865309703923316,0.015818232580400708,0.1423841059602649,0.73240225318987,0.7583382841016318,0.9443987188754335,1.1178478303009303
tsb,quantile,0.5,2,13,0.95,26,intermittent,10193,0.7389067318207344,0.7733560464846642,0.38044763829627964,0.8286466902456086,0.08138133848260642,0.022974690403239312,0.15471401942509566,0.7323264652203746,0.7460996538836951,0.7980468076849146,0.8604006641758852
tsb,quantile,0.5,2,13,0.95,26,lumpy,2013,0.7067482815133107,0.7718466332475274,0.3642262355358495,1.0301770316363699,0.13193808235995855,0.020089065965566564,0.16542473919523099,0.6928804909814927,0.7228926732995714,0.9708092789442241,1.1002963894288975
tsb,fixed,0.5,2,13,0.95,26,all,28824,0.8051265639705872,0.7439933262685137,0.33949554877525967,0.7745606780468831,0.052589401051544894,0.0003354062427440604,0.013565084651679157,0.8026981610702333,0.8083071407731328,0.7570193585309943,0.7912457791885659
tsb,fixed,0.5,2,13,0.95,26,smooth,15108,0.8257948965358997,0.7186890750234673,0.32265088512371026,0.6884482825695284,0.03167816047522444,9.911659853639475e-05,0.0041699761715647335,0.8227580642561747,0.8287333745017575,0.6712908821547797,0.7089045399872004
tsb,fixed,0.5,2,13,0.95,26,erratic,1510,0.7502160415863435,0.7272727272727273,0.33478678589904665,1.1166013002379782,0.12878790698911152,0.0004227767658906896,0.010596026490066225,0.7367753027058142,0.7621411641909386,1.0215696487316144,1.2325879059730669
tsb,fixed,0.5,2,13,0.95,26,intermittent,10193,0.7477143532703467,0.7778109754466077,0.3729695336477281,0.9599999507403723,0.09759366718225078,0.0012979911923785504,0.024722849014029234,0.7411635426925072,0.7544849826754343,0.9178729351147302,1.0051013899181864
tsb,fixed,0.5,2,13,0.95,26,lumpy,2013,0.7116648617971867,0.7752111276701441,0.35885512418442017,1.1700997793619448,0.16371227871045452,0.0011408319386614625,0.029806259314456036,0.6982457582359215,0.7271026718969926,1.070300175834897,1.2693731884845025
tsb,dead13,0.5,2,13,0.95,26,all,28824,0.803850352482312,0.741959036661368,0.34219326073908946,0.7573756481355026,0.05182867745612339,0.004250208609711475,0.06508465167915625,0.801474694545616,0.8070953788844559,0.7411395580943414,0.7729640203845107
tsb,dead13,0.5,2,13,0.95,26,smooth,15108,0.8251134699209619,0.7172689965581149,0.3242796507816005,0.6780160127820766,0.031843883427977296,0.0029749847050698883,0.03170505692348425,0.8220560115689369,0.8281053687849814,0.6622775274418295,0.6975559094875963
tsb,dead13,0.5,2,13,0.95,26,erratic,1510,0.7489370753951899,0.7256773028296207,0.3367452516443722,1.099352539984312,0.1267287980110879,0.0038821011207572755,0.048344370860927154,0.7354204158692516,0.7610394574008037,1.0064117054094315,1.2037294650093702
tsb,dead13,0.5,2,13,0.95,26,intermittent,10193,0.7436726008098283,0.7748276446402611,0.37797739351747883,0.917458104686561,0.09325069209777051,0.00936056077160281,0.1102717551260669,0.7371411582033217,0.7507573134141824,0.8777052215266351,0.9587008640229092
tsb,dead13,0.5,2,13,0.95,26,lumpy,2013,0.7094990184212507,0.7730433997200018,0.36231570599473706,1.1144769835708617,0.16097312385265314,0.010823425854610524,0.09935419771485346,0.6959322325330969,0.7250814924985581,1.0348588895139876,1.1986714301165053
tsb,dead26,0.5,2,13,0.95,26,all,28824,0.8052143996385767,0.7441021371079656,0.33935125255393855,0.7758500463546252,0.053200507519678246,0.00011859668251723682,0.005655009714127117,0.8027762641387639,0.8083895326058005,0.7582576748798272,0.7924920668558788
tsb,dead26,0.5,2,13,0.95,26,smooth,15108,0.8258238881409715,0.7187131441499988,0.3226232789261189,0.6892196574976379,0.03233342030814855,3.741651594748902e-05,0.0019857029388403494,0.8227989149371995,0.8287647489157542,0.6720238441560993,0.7104814219015535
tsb,dead26,0.5,2,13,0.95,26,erratic,1510,0.7503011287341957,0.7273329319686936,0.3347128815312985,1.1173777204621296,0.12878790698911152,0.00010635893481526782,0.003973509933774834,0.7367914898199317,0.7622830230208762,1.022407829997221,1.2338163016444423
tsb,dead26,0.5,2,13,0.95,26,intermittent,10193,0.747995133148774,0.7779938103689698,0.37266262444793774,0.9637547658689891,0.09824389426913491,0.0004938277686373802,0.01108603943883057,0.7415636614455755,0.754742662493472,0.9211356774501628,1.0089893865125028
tsb,dead26,0.5,2,13,0.95,26,lumpy,2013,0.7122265912289134,0.7756175766607958,0.35820626509498577,1.173018455996896,0.1644384732541507,0.0002779692033286812,0.006954793840039742,0.6990511321701676,0.7275664547806393,1.0723019637832123,1.271845677778025
tsb,none,0.8,2,13,0.95,26,all,28824,0.8608040002661013,0.8425018292836778,0.20886146098878464,1.0362355485772936,0.06723557248193762,0.0,0.0,0.8586037352772057,0.8635601345309525,1.0158994712997107,1.0557449402609225
tsb,none,0.8,2,13,0.95,26,smooth,15108,0.8765111254664985,0.8270512913086384,0.19836433279271196,0.9097444253727589,0.03909044662187092,0.0,0.0,0.8736641233483271,0.8793508186477658,0.89116325453306,0.9322908655837769
tsb,none,0.8,2,13,0.95,26,erratic,1510,0.7999547974527035,0.8093016255267911,0.23409208484221417,1.3687650398181261,0.15288299187683635,0.0,0.0,0.7872255639043091,0.8122687339070066,1.2663936774305737,1.4847116157691431
tsb,none,0.8,2,13,0.95,26,intermittent,10193,0.8265703969340807,0.8679441327827475,0.221670783741298,1.3860267676817435,0.13624153965892633,0.0,0.0,0.8217278291577539,0.8319846670109623,1.3275590515958604,1.4492672901743433
tsb,none,0.8,2,13,0.95,26,lumpy,2013,0.7872261569020332,0.8545364223456623,0.23221945856313758,1.6233054012890822,0.21397258528732171,0.0,0.0,0.7751849984763722,0.8004006492096364,1.5065514749180344,1.7491779373676526
tsb,quantile,0.8,2,13,0.95,26,all,28824,0.8561320322041879,0.8372962556455479,0.21576467586677067,0.9492057821071332,0.05732088982349663,0.015151838035475602,0.161601443241743,0.8539885938632417,0.8590355319583939,0.9345769031554566,0.9641048098546527
tsb,quantile,0.8,2,13,0.95,26,smooth,15108,0.8733468280582241,0.822670710279924,0.20338866075433934,0.8502296159900844,0.03519813779734669,0.01124378693796862,0.1265554673020916,0.870455043687583,0.8761028232597533,0.8350022483241527,0.8669759246663526
tsb,quantile,0.8,2,13,0.95,26,erratic,1510,0.7947937301407927,0.8047260686333534,0.23970881679107237,1.2520733344855552,0.1274366167222835,0.019535477352194318,0.17086092715231788,0.7820361446202189,0.8079258838469314,1.1737153382274947,1.3488154454632058
tsb,quantile,0.8,2,13,0.95,26,intermittent,10193,0.8152185157088953,0.861518154169974,0.23245751927539487,1.1988795897658198,0.11111568130991202,0.029984335438361428,0.19974492298636318,0.8098628673899703,0.8211741610488522,1.1549543018656234,1.2408269184632874
tsb,quantile,0.8,2,13,0.95,26,lumpy,2013,0.7797962717380603,0.8488461364765388,0.24130348581521935,1.4286343025578956,0.16866823796480213,0.02718886270058663,0.2245404868355688,0.7674952496820077,0.7930599001348737,1.3585909748871403,1.5209416156369318
tsb,fixed,0.8,2,13,0.95,26,all,28824,0.8605947883058482,0.8420902404561855,0.20940727713030366,1.0333377127629115,0.06640880535893934,0.000607993305217272,0.02497918401332223,0.8584276048042354,0.8633464442546283,1.012878042894485,1.0527169746850273
tsb,fixed,0.8,2,13,0.95,26,smooth,15108,0.8764494253839096,0.8269489975208799,0.19848165913247523,0.9085007598526236,0.03832016197634533,0.00015462189371677582,0.006486629600211808,0.8736146579902029,0.879299218014952,0.8905262713659604,0.9306219831186611
tsb,fixed,0.8,2,13,0.95,26,erratic,1510,0.7997793052102583,0.8090909090909091,0.23435075012933265,1.3668106943908958,0.152859592911177,0.0006035869550766449,0.015231788079470199,0.7871107647909927,0.8121000243474467,1.265181894430051,1.4820311852620258
tsb,fixed,0.8,2,13,0.95,26,intermittent,10193,0.8258204191009133,0.867177117986497,0.22295830526236993,1.3758041634237412,0.13491670196939992,0.0024642128804074756,0.04826841950358089,0.82096711127997,0.831128279684865,1.3202731057901438,1.437157416275307
tsb,fixed,0.8,2,13,0.95,26,lumpy,2013,0.786038996762817,0.8534525583705912,0.23394974946829603,1.614138208604305,0.21241827415870881,0.0024843497547500882,0.053154495777446596,0.7738875417203072,0.7991973179192375,1.4974205626640065,1.740094577278163
tsb,dead13,0.8,2,13,0.95,26,all,28824,0.8590597024965158,0.8395923220548533,0.21271981647193647,1.0122862456941528,0.06511280304926895,0.005123191377428197,0.07466000555092978,0.8569412916548489,0.861798098238423,0.9936577876750566,1.030830062278799
tsb,dead13,0.8,2,13,0.95,26,smooth,15108,0.8756701211279172,0.8254567116759333,0.2001932433831395,0.8963624456128639,0.038394846333342496,0.0033788848441056968,0.033425999470479216,0.8727997290809401,0.878491347763907,0.8792398621075209,0.9179263873026776
tsb,dead13,0.8,2,13,0.95,26,erratic,1510,0.7983434595902522,0.8070439494280554,0.2368634986327692,1.346437640427031,0.15012776367044683,0.004557480356834226,0.051655629139072845,0.7856157015689,0.8106916115201509,1.2466718456627779,1.4631753963546643
tsb,dead13,0.8,2,13,0.95,26,intermittent,10193,0.8207417514753258,0.8632082623547355,0.22962048057489334,1.3201136912209492,0.1281949794587352,0.01225702688590485,0.1308741293044246,0.8156225706002151,0.8266221281978928,1.2677391814767187,1.371612272092128
tsb,dead13,0.8,2,13,0.95,26,lumpy,2013,0.7832882598548769,0.8505170934381069,0.23863595400310011,1.5461921114656505,0.20772986026256507,0.0135741627625506,0.11674118231495281,0.7710082569844325,0.7965980016131297,1.4494777227048061,1.6608105102957667
tsb,dead26,0.8,2,13,0.95,26,all,28824,0.8607654563442833,0.8424150960058537,0.20897647971592465,1.035448548404402,0.06720173536595693,0.00017789502377585524,0.008257008048848182,0.8585727330573957,0.8635072529560982,1.0149360771002647,1.055103324950686
tsb,dead26,0.8,2,13,0.95,26,smooth,15108,0.8764994792661704,0.8270422653861891,0.19837468511680872,0.9094807752206522,0.03909044662187092,5.228400572794823e-05,0.0021842732327243845,0.8736561512943428,0.879340346856252,0.8909283683384362,0.9320934025126615
tsb,dead26,0.8,2,13,0.95,26,erratic,1510,0.7999228897722589,0.8092715231788079,0.23412903702608825,1.3680338221412713,0.15288299187683635,0.00014890250874137495,0.004635761589403974,0.787193556805775,0.8122363665417935,1.2659742223216304,1.483582790291372
tsb,dead26,0.8,2,13,0.95,26,intermittent,10193,0.8264263125227825,0.8677568384720351,0.22198517853132718,1.3829603558515513,0.13608440144626266,0.0007561352866417741,0.016776218973805553,0.8215738868560626,0.8318232835414952,1.3252935590830115,1.4464392404926598
tsb,dead26,0.8,2,13,0.95,26,lumpy,2013,0.7870408440998141,0.8543331978503365,0.2325438881078548,1.620884752810095,0.21365407890850757,0.0004574909804784545,0.013412816691505217,0.7749393769252078,0.8001526591308858,1.5043771325434754,1.7473126449052938
tsb,none,0.9,2,13,0.95,26,all,28824,0.8836353441092009,0.8817147326722681,0.1568604488239858,1.201639376767021,0.07665778241622581,0.0,0.0,0.88160066033659,0.8864537058811324,1.179018266788959,1.223854422680996
tsb,none,0.9,2,13,0.95,26,smooth,15108,0.8973407264404182,0.8704238573182179,0.14861796473308259,1.0500457051415002,0.04351154249958681,0.0,0.0,0.8945738333649866,0.9001012313246114,1.0297703335863977,1.0735704684734106
tsb,none,0.9,2,13,0.95,26,erratic,1510,0.8221784968823537,0.8450030102347983,0.19026679476757077,1.5204381988114388,0.16714466144621562,0.0,0.0,0.8096001721376243,0.8343625831368744,1.4131265457537818,1.6406194896659918
tsb,none,0.9,2,13,0.95,26,intermittent,10193,0.8578133158625854,0.90318667891512,0.16251216408413804,1.657834004906259,0.1634481246859699,0.0,0.0,0.8531934378168515,0.8628479366089901,1.5913329033174366,1.7335864606308327
tsb,none,0.9,2,13,0.95,26,lumpy,2013,0.8186077217528275,0.8852684821388249,0.18315850185645796,1.904917159386383,0.2461035087820895,0.0,0.0,0.806850490796354,0.8306957662965109,1.7697791723166103,2.0464090050128023
tsb,quantile,0.9,2,13,0.95,26,all,28824,0.8784806504879791,0.8758610249034895,0.1646231672811455,1.1022494269834506,0.06467332821761601,0.017042343277726933,0.17953788509575355,0.8764455313583249,0.8813669306691483,1.0865053962651725,1.1186637211782728
tsb,quantile,0.9,2,13,0.95,26,smooth,15108,0.8938617338317907,0.8656942739547981,0.15404258255978467,0.9832758085374578,0.03883750106240604,0.012478284172739417,0.13694731268202276,0.8909094009877315,0.8966256293581368,0.9658282002565052,1.0018289176009245
tsb,quantile,0.9,2,13,0.95,26,erratic,1510,0.8165281784702926,0.8400361228175798,0.1963639051067918,1.389786883284364,0.13849262799633064,0.021742425249611126,0.1900662251655629,0.8037544721279011,0.8290519832825642,1.3033861239120372,1.4902002853353506
tsb,quantile,0.9,2,13,0.95,26,intermittent,10193,0.845260731209915,0.8957038252633269,0.1750729845048282,1.4381471483601471,0.13186605322010186,0.03439799808872644,0.22574315706857648,0.8399458326196693,0.8507392168332062,1.3846914307725515,1.490550577658266
tsb,quantile,0.9,2,13,0.95,26,lumpy,2013,0.8101586161766494,0.8785620737930723,0.19386467683212574,1.6769534575315175,0.191728099790944,0.03185642890648074,0.25732737208147044,0.7981514840712062,0.8219767259930922,1.5932443553703806,1.781242991732792
tsb,fixed,0.9,2,13,0.95,26,all,28824,0.8833492296126281,0.8811060227588121,0.15766767116355035,1.1977803519023,0.07562228513199717,0.0008451866702517455,0.03486677768526228,0.8813304711580574,0.8861962841866636,1.175602722189022,1.2194229568819428
tsb,fixed,0.9,2,13,0.95,26,smooth,15108,0.8972656456170268,0.8702764339182131,0.14878705269332965,1.048590177891993,0.04266003180156064,0.0001927817841532878,0.008207572147206778,0.8945037941125572,0.9000077193209584,1.0287606493652304,1.0721946572788585
tsb,fixed,0.9,2,13,0.95,26,erratic,1510,0.8219604610659824,0.8447621914509331,0.1905624122385633,1.518071712511799,0.16709201377348207,0.0007445125437068748,0.018543046357615896,0.8094659727649106,0.8340160124814684,1.4116064154491423,1.6373882881010802
tsb,fixed,0.9,2,13,0.95,26,intermittent,10193,0.8567000482744352,0.9019826440605406,0.16453327344861143,1.643435415701999,0.16137010728746934,0.003555313636050166,0.06945943294417738,0.851984728011817,0.861724999820392,1.57844327038955,1.715345561782945
tsb,fixed,0.9,2,13,0.95,26,lumpy,2013,0.8171310103601438,0.8839362326694666,0.1852853177607152,1.8911982209970986,0.24352997724127148,0.0035672714427180756,0.07203179334326876,0.8051791703410948,0.8289747540937171,1.7560062983707692,2.030289222663331
tsb,dead13,0.9,2,13,0.95,26,all,28824,0.8817009210329548,0.8784945626119648,0.1611307804752574,1.174735348723353,0.07405313983790426,0.005613329229393965,0.07573549819594783,0.8796173501011595,0.8846024386204724,1.1544407319403303,1.195454142653597
tsb,dead13,0.9,2,13,0.95,26,smooth,15108,0.8964300926913651,0.8687480443834693,0.15054004624038098,1.035539495362706,0.04270800423525225,0.003602888356797949,0.033492189568440564,0.8936067400750279,0.8991506873959695,1.0167469182807307,1.058341236451039
tsb,dead13,0.9,2,13,0.95,26,erratic,1510,0.8204315513780129,0.8427754364840457,0.19300125637425172,1.4959570309903345,0.1640793969448396,0.004924418681946901,0.051655629139072845,0.8079821533695715,0.8327402451351554,1.3908854364593246,1.6211033079566102
tsb,dead13,0.9,2,13,0.95,26,intermittent,10193,0.8512568594031703,0.8977774408462136,0.1715921850437907,1.5809779021309716,0.15325039654000375,0.013905992926317449,0.1334248994407927,0.8462302043360511,0.8566092091036671,1.5190632347378017,1.6427906544649746
tsb,dead13,0.9,2,13,0.95,26,lumpy,2013,0.8140733491235284,0.8807975432416565,0.19029595184023648,1.8178896346442281,0.23811536880143155,0.015102993380858345,0.11872826626924987,0.8022007255755331,0.8261606645505414,1.7044715760107405,1.9521829715103394
tsb,dead26,0.9,2,13,0.95,26,all,28824,0.8835854964410803,0.8815948830520022,0.15701938379239747,1.200637976029016,0.07657991628186057,0.0002145858724296254,0.009436580627255066,0.8815596656134242,0.8863966859940037,1.1779459402619346,1.2227470534602687
tsb,dead26,0.9,2,13,0.95,26,smooth,15108,0.8973275934911121,0.8704148313957687,0.14862831705717933,1.0497443906819495,0.04351154249958681,5.9717750618177834e-05,0.0021842732327243845,0.8945544272203607,0.9000840845534678,1.029463899746576,1.0733179234790586
tsb,dead26,0.9,2,13,0.95,26,erratic,1510,0.822138612281798,0.8449729078868151,0.19030374695144484,1.5196059401465096,0.16714466144621562,0.00017017429570442851,0.005298013245033113,0.809600104645757,0.8342847672751955,1.4126307879090947,1.6395750756828291
tsb,dead26,0.9,2,13,0.95,26,intermittent,10193,0.8576138143700186,0.9029101968374018,0.16297627067894305,1.6537245204575233,0.16302005852043783,0.0009297754746165138,0.019817521828705973,0.8530217519769838,0.8626469294170042,1.587728922680691,1.7283765967666618
tsb,dead26,0.9,2,13,0.95,26,lumpy,2013,0.8183818717751229,0.8850426771440184,0.18351897912836596,1.901801587899074,0.24568308036205488,0.0005675204567960574,0.014406358668653751,0.8065088206438401,0.8304437930918196,1.7670222767210029,2.04263295959545
tsb,none,0.95,2,13,0.95,26,all,28824,0.8993694177329096,0.9073625514091792,0.12284836558388734,1.3531518272876513,0.08565519385832254,0.0,0.0,0.8973865305982205,0.9020560433368823,1.329259721881083,1.3787099838643935
tsb,none,0.95,2,13,0.95,26,smooth,15108,0.9117004914448746,0.8994512239150841,0.11532489043790331,1.1784740553630628,0.047619182134431344,0.0,0.0,0.9088491201471672,0.9145351492986299,1.1563007931705962,1.2043490536111887
tsb,none,0.95,2,13,0.95,26,erratic,1510,0.838230719119348,0.8697772426249247,0.15985514743921367,1.6557772843904968,0.1795519629870907,0.0,0.0,0.8257577156285927,0.8501437757883374,1.5453224909845806,1.7808526494729628
tsb,none,0.95,2,13,0.95,26,intermittent,10193,0.878788065377378,0.9250510599966109,0.12581031514334906,1.9097846861669114,0.19024560850418215,0.0,0.0,0.8740673642452014,0.8835324708975205,1.8333067716670848,1.9935249163551412
tsb,none,0.95,2,13,0.95,26,lumpy,2013,0.8411232272224507,0.9053651266766021,0.1510760246566454,2.158836235602064,0.27824717253200987,0.0,0.0,0.8294476143309261,0.8526767941159239,2.008271161357107,2.3159144827141858
tsb,quantile,0.95,2,13,0.95,26,all,28824,0.8938155721520906,0.9009726742865793,0.13132210889973087,1.242705887083728,0.07166211953396692,0.018714371193903536,0.19161115736885928,0.8918208527638306,0.8966303121271715,1.2247055356002325,1.2614467394847946
tsb,quantile,0.95,2,13,0.95,26,smooth,15108,0.907965530220527,0.8942763617108335,0.12126022292004555,1.1053659000741145,0.042214106224745404,0.013549734602917843,0.14270585120465978,0.904931640041004,0.9106591776499849,1.0868222744082086,1.125411973166244
tsb,quantile,0.95,2,13,0.95,26,erratic,1510,0.8322240982756558,0.8643287176399759,0.16654349272041977,1.5130223220814445,0.14818564952072005,0.023624978395841364,0.20198675496688742,0.8194691498598936,0.844561999625498,1.4150635535821494,1.6116421260580014
tsb,quantile,0.95,2,13,0.95,26,intermittent,10193,0.8652071859945026,0.9169082168689743,0.1394790029193802,1.6603721072283577,0.1522506723939194,0.03843113011438085,0.24467772000392427,0.8598474129886974,0.8704379545347811,1.598088399483334,1.7226643217251099
tsb,quantile,0.95,2,13,0.95,26,lumpy,2013,0.8317938858357318,0.8980264643453914,0.1627915359936556,1.899635744523138,0.21425287090067813,0.03600280285613357,0.2821659215101838,0.8197624903523035,0.8435464646872464,1.8024030861666747,2.018003842589279
tsb,fixed,0.95,2,13,0.95,26,all,28824,0.8990015827097897,0.906548835566321,0.12392745036941924,1.3481476032073731,0.08437427556420982,0.001124815410749418,0.043158479045240075,0.8970228828150114,0.9016665979524225,1.3244678558868828,1.373059182589476
tsb,fixed,0.95,2,13,0.95,26,smooth,15108,0.9116130210466663,0.899273714106915,0.11552848614513958,1.1768017105542574,0.046705525329122866,0.0002398621684580753,0.009068043420704263,0.9087459202372894,0.9144221550926854,1.1550902548221431,1.2023413715057838
tsb,fixed,0.95,2,13,0.95,26,erratic,1510,0.8379116423149022,0.8693558097531607,0.1603724780134506,1.6530225879787817,0.17947591634869778,0.0009013919725593949,0.02384105960264901,0.825445122034188,0.8496836088760155,1.5434622100104325,1.7771138104035755
tsb,fixed,0.95,2,13,0.95,26,intermittent,10193,0.877322591450499,0.9234100050837027,0.1285650123512239,1.8904059485926523,0.18721934327064224,0.00480527669132932,0.08633375846168939,0.8725387535024158,0.8821174531472398,1.8145349552134455,1.969959165460167
tsb,fixed,0.95,2,13,0.95,26,lumpy,2013,0.8392585171501208,0.9036715892155535,0.15377960419595543,2.138660304260457,0.27396644680074816,0.00498607258470822,0.09488325881768504,0.827465171553144,0.8510409599271989,1.9888946289331035,2.295667674989517
tsb,dead13,0.95,2,13,0.95,26,all,28824,0.8972771128230624,0.9038317185173971,0.12753067340327867,1.3236375603847053,0.0825381024271367,0.0060284176182042945,0.07604773799611435,0.8953116040058615,0.900010687226291,1.3014607633957829,1.3466314788358738
tsb,dead13,0.95,2,13,0.95,26,smooth,15108,0.9107365825241083,0.8976821431150264,0.11735394596086822,1.1629994764165683,0.04669843849232751,0.0037907143110244173,0.033492189568440564,0.9078324794944578,0.9135640817295947,1.1420652682134025,1.1870177302966285
tsb,dead13,0.95,2,13,0.95,26,erratic,1510,0.836398686467155,0.8673991571342565,0.16277436996526495,1.6294720608373106,0.1761064652937501,0.005232859592911177,0.051655629139072845,0.823855957510636,0.8484582276077687,1.5204553788478525,1.7581646537817341
tsb,dead13,0.95,2,13,0.95,26,intermittent,10193,0.8715949282287223,0.9190264263353638,0.13592334755595478,1.8234165492645538,0.1780023743140597,0.015308660827758785,0.13411164524673796,0.8665807372716433,0.8767863127331466,1.7505556450905362,1.8962226992083717
tsb,dead13,0.95,2,13,0.95,26,lumpy,2013,0.836079244387049,0.9003748362913788,0.15904257236581235,2.061570178537303,0.2674306959074826,0.016417556071600233,0.11972180824639841,0.8243734284651667,0.8477525877568131,1.9336051669401138,2.2089665641316714
tsb,dead26,0.95,2,13,0.95,26,all,28824,0.8993062279380059,0.9072032775717205,0.12305958179190812,1.3519110094968148,0.08551699166172667,0.0002499795698683632,0.010581459894532335,0.8973122285159378,0.9019889309769825,1.3279140358010786,1.3772517625256404
tsb,dead26,0.95,2,13,0.95,26,smooth,15108,0.9116856239550942,0.8994391893518184,0.11533869353669898,1.1781303685576379,0.047619182134431344,6.764707850108942e-05,0.0023166534286470745,0.9088399029564925,0.9145257623287981,1.1559456114464788,1.2040622141804902
tsb,dead26,0.95,2,13,0.95,26,erratic,1510,0.8381855165720515,0.8696869355809753,0.15996600399083585,1.6547721924564927,0.1795519629870907,0.00019410505603786377,0.005960264900662252,0.8257550424475896,0.8500578121092683,1.5446778600487332,1.7794568292693502
tsb,dead26,0.95,2,13,0.95,26,intermittent,10193,0.8785319153128479,0.9246943089285874,0.12640916236245228,1.90465429593214,0.1895113937519088,0.0010800173393889837,0.021583439615422348,0.8738441917571778,0.8832932885891532,1.828314867673111,1.9873006958676116
tsb,dead26,0.95,2,13,0.95,26,lumpy,2013,0.8407989298185672,0.905048999683873,0.1515806928373166,2.154406101424013,0.2773808351816355,0.0007296691587377882,0.02036761053154496,0.8291136040721502,0.8523228565926432,2.0045941962045606,2.311671049087103
tsb,none,0.99,2,13,0.95,26,all,28824,0.9220224959376003,0.9410907577019151,0.078120719473507,1.6707759799467834,0.10644667476212563,0.0,0.0,0.9199658018724861,0.9246605300339356,1.6432731918948724,1.7008284291507456
tsb,none,0.99,2,13,0.95,26,smooth,15108,0.932357629537341,0.937387175969384,0.07181407225922219,1.4476725068644438,0.05672413199258311,0.0,0.0,0.9295988452402301,0.9351628957077605,1.4219966965865942,1.4767799413668035
tsb,none,0.99,2,13,0.95,26,erratic,1510,0.8634165148836035,0.9077363034316677,0.11325844357401522,1.9356794341704668,0.2058173019397211,0.0,0.0,0.8518789469878527,0.8747867198057259,1.8098741248131602,2.0709279461383874
tsb,none,0.99,2,13,0.95,26,intermittent,10193,0.9078709496271046,0.9526725114383311,0.07944456920428175,2.440445109996749,0.2555717564998079,0.0,0.0,0.9029770048715021,0.912678855486657,2.338301320093942,2.54246026236293
tsb,none,0.99,2,13,0.95,26,lumpy,2013,0.8746706354491809,0.9352617079889807,0.10334883385602538,2.68855867177049,0.3508156658810176,0.0,0.0,0.8635621691816476,0.88550533969977,2.5072522070737517,2.8622302920452682
tsb,quantile,0.99,2,13,0.95,26,all,28824,0.9156916567789771,0.9337468145232508,0.08785966878789082,1.5353137373316967,0.08712242012837719,0.022303773913214284,0.22304329725228975,0.9136478227968258,0.9184620405902307,1.513675224229592,1.5606535889053992
tsb,quantile,0.99,2,13,0.95,26,smooth,15108,0.9281389793121357,0.9315684646304185,0.07848787052693329,1.3606345048171904,0.04942359981078641,0.015799185806701324,0.15991527667460947,0.9251369995734164,0.930693605439899,1.3383930915950792,1.3840615749262433
tsb,quantile,0.99,2,13,0.95,26,erratic,1510,0.8566254968956486,0.9013847080072246,0.12105535437144335,1.7663241022641158,0.16848425223021393,0.027762340960155285,0.247682119205298,0.8446763341511963,0.8689033436379382,1.6643442181328556,1.8746930423778316
tsb,quantile,0.99,2,13,0.95,26,intermittent,10193,0.8922679625232752,0.9432364456891092,0.0952840781495621,2.1218338374235244,0.19941922898830577,0.047124222929371545,0.28902187775924654,0.8869299402588319,0.8973437366594523,2.0411598208769663,2.199839510123709
tsb,quantile,0.99,2,13,0.95,26,lumpy,2013,0.8635808224413803,0.9263198301946439,0.11762373382358242,2.356460757118618,0.2628951650731696,0.04571435189742937,0.3442622950819672,0.8511150653536336,0.8753009519439575,2.234039563665038,2.50157095068097
tsb,fixed,0.99,2,13,0.95,26,all,28824,0.9214602735395421,0.9397866045971791,0.07985018287977615,1.6625983680725869,0.10442500900130289,0.0018947673105292914,0.06147654732167638,0.9194131697106012,0.9241113271973398,1.6357302527539939,1.6931630076780293
tsb,fixed,0.99,2,13,0.95,26,smooth,15108,0.9322357161211413,0.9371434760632537,0.0720935850098347,1.445449569350769,0.05563875568031031,0.00035161613330786037,0.012576118612655547,0.9294698887741958,0.9350172429156739,1.4198528254355751,1.4740318954612874
tsb,fixed,0.99,2,13,0.95,26,erratic,1510,0.8629777842774905,0.9071643588199879,0.11396053506762249,1.9318930560910434,0.2056710584043501,0.0012656713243016872,0.02847682119205298,0.8514617572847512,0.8742682382028653,1.805344058130448,2.066426645236107
tsb,fixed,0.99,2,13,0.95,26,intermittent,10193,0.905561904574249,0.9500236347582566,0.08389100980612321,2.406698570485602,0.24962488793434676,0.00839260908544575,0.1243990974197979,0.9007937704360037,0.9103351058066462,2.3061811023564367,2.5098554753337106
tsb,fixed,0.99,2,13,0.95,26,lumpy,2013,0.8717635408643684,0.9322585015580545,0.10814318157240187,2.6518899010313817,0.3412859550268993,0.0087734029800615,0.13462493790362642,0.8603564105937315,0.8827429261636738,2.4711472369062575,2.823264272129492
tsb,dead13,0.99,2,13,0.95,26,all,28824,0.9196060885313116,0.9370127166754977,0.08352869089867268,1.6358064509553611,0.10220562033384595,0.006865080151900113,0.07604773799611435,0.917438441153354,0.9222730927156292,1.6107276944022484,1.6637993702734946
tsb,dead13,0.99,2,13,0.95,26,smooth,15108,0.931277010821798,0.9354165162346258,0.07407432968701473,1.4302877032726564,0.05554935250843048,0.004154720019149327,0.033492189568440564,0.9284414893785611,0.9340966301519049,1.4062369347578785,1.4569371536971836
tsb,dead13,0.99,2,13,0.95,26,erratic,1510,0.8613744233351504,0.9051173991571343,0.11647328357105904,1.9058962734488214,0.20176928088065196,0.005844423468098967,0.051655629139072845,0.8490807468142454,0.8727067804488081,1.7887800540512693,2.0403472823554347
tsb,dead13,0.99,2,13,0.95,26,intermittent,10193,0.8993958306651035,0.9455776245730135,0.09135414327419716,2.333093603144735,0.23835970365407919,0.018212515886229963,0.13411164524673796,0.8943100796565082,0.9043220628741511,2.236654714933761,2.429667766771268
tsb,dead13,0.99,2,13,0.95,26,lumpy,2013,0.8687116706528223,0.9295488416203767,0.11246890883529793,2.5717015768961264,0.33548913893248244,0.0190698455533614,0.11972180824639841,0.8575300298550634,0.879789528088313,2.413723252075366,2.736954519210595
tsb,dead26,0.99,2,13,0.95,26,all,28824,0.9219311394305988,0.9408652511795725,0.07841976816407108,1.6689497763433343,0.10612624135054938,0.0003302176378839313,0.013426311407160699,0.9198617100730996,0.9245818260193125,1.6415367156935021,1.6991040396990826
tsb,dead26,0.99,2,13,0.95,26,smooth,15108,0.9323378062176337,0.9373661154836691,0.07183822768211463,1.4472076500173083,0.0566914235150661,8.49924832449585e-05,0.003243314800105904,0.9295873032862162,0.935146421602358,1.4215301407273249,1.4762837864358735
tsb,dead26,0.99,2,13,0.95,26,erratic,1510,0.8633686533629366,0.9076459963877183,0.11336930012563742,1.9344722602603135,0.2058173019397211,0.00022867170985282583,0.005960264900662252,0.8518734656421121,0.874740718755837,1.808437661538158,2.069680554092377
tsb,dead26,0.99,2,13,0.95,26,intermittent,10193,0.9074830300582248,0.9521596817780473,0.08030541208174265,2.432622681103022,0.2540085022117573,0.0014556220013201581,0.026783086431865007,0.9026455059067527,0.9122734212762231,2.331722235809761,2.5355831323809577
tsb,dead26,0.99,2,13,0.95,26,lumpy,2013,0.8742073534436331,0.934855258998329,0.10399769294545978,2.6817657993641455,0.3489173678632855,0.0009902652868584267,0.027819175360158967,0.8630517361483688,0.8850411330044842,2.500881172799483,2.855896365121506
tsb_nb,none,0.5,2,13,0.95,26,all,28824,0.7769183430338625,0.7169088890570989,0.3754127603867139,0.7022450537307829,0.045903513074635666,0.0,0.0,0.7741628085654393,0.7807986900048742,0.6855674172896191,0.7179299915605887
tsb_nb,none,0.5,2,13,0.95,26,smooth,15108,0.8041022377802243,0.6939008833369438,0.3510818178681114,0.6368818810149837,0.029453984004067745,0.0,0.0,0.8004389627161943,0.8077042024536908,0.6206489138238449,0.6580569399735492
tsb_nb,none,0.5,2,13,0.95,26,erratic,1510,0.6597232008721433,0.633744732089103,0.44959722119577267,0.895972984830557,0.1044471329619634,0.0,0.0,0.6425640657673564,0.675784016283367,0.8008136488602425,1.0035438813596698
tsb_nb,none,0.5,2,13,0.95,26,intermittent,10193,0.7254551589608189,0.7627248646575635,0.3982932854255558,0.8826019920593481,0.08290124429819809,0.0,0.0,0.7186533997663253,0.7327276149447477,0.8418264522191468,0.9282972055194152
tsb_nb,none,0.5,2,13,0.95,26,lumpy,2013,0.6388600946253497,0.7199792259404778,0.44702786489311847,0.9597755398683121,0.1288549406130379,0.0,0.0,0.6221204912554217,0.6568993424496999,0.8696590139421561,1.0429939422886085
tsb_nb,quantile,0.5,2,13,0.95,26,all,28824,0.7752090683470828,0.7147232104559331,0.37831123231064256,0.674950953786023,0.045057177499022036,0.0058740566236154534,0.0776436303080766,0.7725874872128993,0.7791163240500794,0.661013937092811,0.6898559075026658
tsb_nb,quantile,0.5,2,13,0.95,26,smooth,15108,0.8030206278986959,0.6919783618552482,0.3532868629007212,0.6170090030084365,0.029158517423830754,0.004465202764064583,0.059637278263171827,0.799311201410564,0.8066485985861593,0.603682985949813,0.635390718202058
tsb_nb,quantile,0.5,2,13,0.95,26,erratic,1510,0.6586649294707313,0.6323901264298615,0.45126006947010566,0.8752994668758393,0.1029905473496683,0.003501867928792693,0.04966887417218543,0.6414292594495826,0.6747998299244617,0.7885905099347887,0.9708955255524808
tsb_nb,quantile,0.5,2,13,0.95,26,intermittent,10193,0.7204134360560771,0.7599778814337825,0.4029044090126506,0.8230532595095712,0.08028137099396077,0.0130279400608849,0.10713234572746003,0.7131531266769886,0.7278576939284733,0.7886679963668801,0.859502810533142
tsb_nb,quantile,0.5,2,13,0.95,26,lumpy,2013,0.6367347884248991,0.718037302985142,0.45012796943152733,0.8963001140831938,0.12480353947452238,0.010325397698646637,0.08445106805762544,0.6199486073155336,0.6549154703582087,0.8234641432175522,0.9633746510265412
tsb_nb,fixed,0.5,2,13,0.95,26,all,28824,0.7768662716779448,0.716826886685338,0.3755215053651008,0.7014072793531885,0.04558471036744402,0.00015658468238603925,0.007354981959478212,0.774116983113535,0.780748257962645,0.684665177317709,0.7171351660965115
tsb_nb,fixed,0.5,2,13,0.95,26,smooth,15108,0.8040851401669767,0.6938798228512287,0.35110597329100385,0.6364351129470809,0.02908873933846113,4.4106886348695666e-05,0.0019857029388403494,0.8004265491869895,0.8076889495443972,0.6205903213778592,0.6565489871468879
tsb_nb,fixed,0.5,2,13,0.95,26,erratic,1510,0.6596647034579949,0.6336544250451535,0.44970807774739485,0.8956273182924074,0.1044471329619634,0.00015422045548213836,0.003973509933774834,0.6425335606330774,0.6757341075558582,0.8006325110158121,1.0029685410425218
tsb_nb,fixed,0.5,2,13,0.95,26,intermittent,10193,0.7252778243007596,0.7625687860653033,0.39855528108391347,0.8796808961311489,0.08264115346344443,0.0006588475217481257,0.014814088099676248,0.7184894605292197,0.7325753521923258,0.839716472351756,0.9236445717917914
tsb_nb,fixed,0.5,2,13,0.95,26,lumpy,2013,0.6385937074721596,0.7198211624441133,0.4472801989834541,0.958524678453333,0.12865109653059686,0.00042853585513171686,0.012419274714356682,0.6218087562241836,0.6566898332368086,0.8684897385478332,1.0415848811701107
tsb_nb,dead13,0.5,2,13,0.95,26,all,28824,0.7758835869788996,0.7150575278177276,0.3778678873987574,0.6877114009029285,0.04545262331229045,0.0036023742314610684,0.051588953649736334,0.7731525658583569,0.7797788985715385,0.673164535493545,0.7029410220615949
tsb_nb,dead13,0.5,2,13,0.95,26,smooth,15108,0.8034916795332401,0.6925590295328182,0.3526208633838297,0.6272033929594011,0.029396744168412977,0.0027376004515752227,0.026078898596769925,0.7997710140862343,0.8070621544341934,0.612671480891639,0.6465870643132116
tsb_nb,dead13,0.5,2,13,0.95,26,erratic,1510,0.6588138319794727,0.632480433473811,0.4511492129184835,0.8847122326069905,0.10391480649321297,0.0028052169057526887,0.033112582781456956,0.6418028848093562,0.6750105795417272,0.7944202505760642,0.9829623084141038
tsb_nb,dead13,0.5,2,13,0.95,26,intermittent,10193,0.7223641173167296,0.7600715285891387,0.40274721161763605,0.8483209855866329,0.08072298355713625,0.007332295597174468,0.08868831551064456,0.7153358931300549,0.7297685284357288,0.8095820703787397,0.8888949160650289
tsb_nb,dead13,0.5,2,13,0.95,26,lumpy,2013,0.6373080999067645,0.7179244004877388,0.45030820806748134,0.9175068478871445,0.12750447356686606,0.008008987670907627,0.06905116741182316,0.6203868515824514,0.6553445918230709,0.8384444968994745,0.9925827261065943
tsb_nb,dead26,0.5,2,13,0.95,26,all,28824,0.7769105601265723,0.7168915424015341,0.37543576413214186,0.7021101500044196,0.045903513074635666,4.614152179186245e-05,0.002948931446017208,0.7741542990385797,0.7807873055186347,0.6854003568086697,0.7177883194469077
tsb_nb,dead26,0.5,2,13,0.95,26,smooth,15108,0.8040992642822682,0.6939008833369438,0.3510818178681114,0.6368657745677215,0.029453984004067745,8.920493868275527e-06,0.0005957108816521049,0.8004388876258983,0.807703147227459,0.6206323119069543,0.6580517213057004
tsb_nb,dead26,0.5,2,13,0.95,26,erratic,1510,0.6596992701118098,0.6337146297411198,0.44963417337964673,0.8959543720169643,0.1044471329619634,2.6589733703816956e-05,0.0013245033112582781,0.6425628260535374,0.6757604711514695,0.8007935164752982,1.0034982652289972
tsb_nb,dead26,0.5,2,13,0.95,26,intermittent,10193,0.7254342236190063,0.7626891895507613,0.39835317014746613,0.8818828014935519,0.08290124429819809,0.00022289981576899205,0.00657313842833317,0.7186355169066799,0.7327026881187819,0.8412204326185183,0.9273957817400675
tsb_nb,dead26,0.5,2,13,0.95,26,lumpy,2013,0.6388369305250723,0.7199340649415165,0.4470999603475001,0.959358586063319,0.1288549406130379,0.00012740255152564556,0.003477396920019871,0.6220895259668422,0.6568722878243303,0.8691230595016751,1.0426048494629976
tsb_nb,none,0.8,2,13,0.95,26,all,28824,0.9096991887801609,0.8819717785683647,0.15651957514173445,1.37957368569396,0.08476727532090131,0.0,0.0,0.9081302825642379,0.9118334262921991,1.355824230898999,1.402575133049206
tsb_nb,none,0.8,2,13,0.95,26,smooth,15108,0.9243329019283382,0.877160204106193,0.1408916801822009,1.2219408962767098,0.04829515733644956,0.0,0.0,0.9222683944496561,0.9266231836500438,1.1961362296847484,1.2489024726315683
tsb_nb,none,0.8,2,13,0.95,26,erratic,1510,0.8783094247311113,0.886062612883805,0.13986401596334344,2.1075953574324955,0.21786776925429094,0.0,0.0,0.8661630436797304,0.8890398402445773,1.9814890144945607,2.2588020077748845
tsb_nb,none,0.8,2,13,0.95,26,intermittent,10193,0.8654645675497276,0.8872577437278703,0.18925069241709708,1.6597415839925915,0.16425819926504637,0.0,0.0,0.8606244578019231,0.871000636568582,1.5989523145442361,1.7304688337300744
tsb_nb,none,0.8,2,13,0.95,26,lumpy,2013,0.8440766500078178,0.8882491080702706,0.17840020186727226,2.160492468771897,0.2734568365946456,0.0,0.0,0.832160526603346,0.8564066077192691,2.024423374708522,2.3044018617791715
tsb_nb,quantile,0.8,2,13,0.95,26,all,28824,0.9067576204391005,0.8783889057098883,0.16127089419740978,1.3209985988913804,0.07974389046410403,0.010660915221717424,0.11663891201776297,0.9051462630899614,0.9088681577650701,1.3004912502224382,1.3398466204915864
tsb_nb,quantile,0.8,2,13,0.95,26,smooth,15108,0.9226779025242767,0.874482513779575,0.14396286966423963,1.1845045570095134,0.04652508356148735,0.007331407002240779,0.08591474715382579,0.920542504563637,0.9249501362433897,1.16132428838891,1.208770274453275
tsb_nb,quantile,0.8,2,13,0.95,26,erratic,1510,0.8761104537538057,0.8831727874774232,0.14341142561525386,2.0456120291955275,0.2084087373864951,0.009279817062632117,0.09337748344370861,0.8642512508195386,0.8868494818443088,1.9220233249004857,2.1777988363583183
tsb_nb,quantile,0.8,2,13,0.95,26,intermittent,10193,0.8562801099474893,0.8823167414357447,0.19754472640167678,1.5193491817975826,0.14945740519984632,0.02526526309567205,0.15726478956146375,0.8509629741121504,0.8622696428917488,1.467740535113368,1.5718113100752689
tsb_nb,quantile,0.8,2,13,0.95,26,lumpy,2013,0.8388068171947116,0.8842297791627151,0.18481669730723477,2.0000579102506935,0.24804002756527932,0.022805056723090553,0.15896671634376552,0.8265807846419139,0.8513360837766663,1.9086522183044492,2.1224184798795873
tsb_nb,fixed,0.8,2,13,0.95,26,all,28824,0.9093572967813416,0.8814245704337295,0.1572452387475088,1.375229526274817,0.0833726153959619,0.000988799840487462,0.029766860949208992,0.9077937189972833,0.9114770608117327,1.3512414526691245,1.3976794158996007
tsb_nb,fixed,0.8,2,13,0.95,26,smooth,15108,0.9242243692529408,0.8770007461429224,0.14107457124124365,1.2199662458423686,0.046933394389158035,0.00024258787491782615,0.008604712734974847,0.922161658984049,0.9265237066438039,1.1949685505313612,1.2470177179566642
tsb_nb,fixed,0.8,2,13,0.95,26,erratic,1510,0.8778573992581464,0.8857013847080072,0.14030744216983224,2.1045029714027415,0.2178209713229722,0.0013507584721539013,0.025827814569536423,0.8656570000271429,0.888600688069892,1.9782468440818657,2.255849807550607
tsb_nb,fixed,0.8,2,13,0.95,26,intermittent,10193,0.8642798735012758,0.8862276250189524,0.19097986376225765,1.6449218249706905,0.16234002935873817,0.003924760844507059,0.056411262631217506,0.8594212595708227,0.8697426777271412,1.586698198764169,1.710887196723244
tsb_nb,fixed,0.8,2,13,0.95,26,lumpy,2013,0.8424841181137473,0.8870975025967575,0.1802386359540031,2.147306304688993,0.27081960377806474,0.003833658595908062,0.05663189269746647,0.8304569121977475,0.8547169306485812,2.0112574131570513,2.290696592242585
tsb_nb,dead13,0.8,2,13,0.95,26,all,28824,0.9079300598301733,0.8791505815860521,0.16026082064816188,1.3524967659240599,0.08285853583871296,0.005830880018886522,0.06758257008048849,0.9063859673412418,0.9100579542331731,1.3301084101691656,1.373719504202228
tsb_nb,dead13,0.8,2,13,0.95,26,smooth,15108,0.9234842160533703,0.8756107540857342,0.14266882915214465,1.2070483795551201,0.047821429553744854,0.003837546903832864,0.03137410643367752,0.9213789255320036,0.9258184331461965,1.1825536660142317,1.2327943056759103
tsb_nb,dead13,0.8,2,13,0.95,26,erratic,1510,0.8768336945105495,0.8840758579169176,0.14230286009903184,2.0805961418296395,0.21524708510044274,0.0054801441163566745,0.045033112582781455,0.8648242567897991,0.8875388272676202,1.9505754272134848,2.218933264084765
tsb_nb,dead13,0.8,2,13,0.95,26,intermittent,10193,0.8593268179265637,0.8825753859600617,0.19711056216782694,1.5848497088755997,0.15610597716323657,0.013838260938100352,0.11880702442852939,0.853919984344084,0.8655435629973803,1.5259800964863657,1.644715987860294
tsb_nb,dead13,0.8,2,13,0.95,26,lumpy,2013,0.8407004823923883,0.8846813891523281,0.18409574276341878,2.0733375414782174,0.26892130576033263,0.015525738210920716,0.09687034277198212,0.8285078063014828,0.8531625080211851,1.961715568595103,2.2176547850251223
tsb_nb,dead26,0.8,2,13,0.95,26,all,28824,0.9096730604485438,0.8818976610400424,0.15661786387219956,1.3789262219303424,0.08474933757267057,0.00017048273111852793,0.00617540938107133,0.9081080729599825,0.9118050240621475,1.3551375984623575,1.4019320547631513
tsb_nb,dead26,0.8,2,13,0.95,26,smooth,15108,0.9243274505154186,0.8771511781837438,0.14090203250629765,1.221774628182665,0.04829515733644956,3.8407681932852966e-05,0.0017209425469949695,0.9222617169170063,0.9266168843801468,1.1959474795407607,1.2487395050813241
tsb_nb,dead26,0.8,2,13,0.95,26,erratic,1510,0.878272199103926,0.8860325105358218,0.1399009681472175,2.107076857625271,0.21786776925429094,0.000122312775037558,0.003973509933774834,0.8660878343747139,0.8890020035921807,1.9804950923830436,2.2587113846455806
tsb_nb,dead26,0.8,2,13,0.95,26,intermittent,10193,0.8653537333871906,0.8870927463589094,0.18952765925593232,1.6567983212318849,0.16413899096578427,0.0008029319330463139,0.012655744138134013,0.8605092130892665,0.8708873576259668,1.5968306795733171,1.7266965745252008
tsb_nb,dead26,0.8,2,13,0.95,26,lumpy,2013,0.8439897846317777,0.8881136250733866,0.17861648823041706,2.1591142048053924,0.2734568365946456,0.0003879986796462842,0.008445106805762544,0.832069500627559,0.8562953998258608,2.0232767477954647,2.303219361091331
tsb_nb,none,0.9,2,13,0.95,26,all,28824,0.9487816136598176,0.9353363989604623,0.08575168920685176,1.9507662550188172,0.12307292899153349,0.0,0.0,0.947346087282599,0.9503909963365821,1.9194120787048223,1.9796775206325088
tsb_nb,none,0.9,2,13,0.95,26,smooth,15108,0.9590130563817337,0.9355398705080993,0.07393284792435902,1.6996705116473154,0.06568789025611976,0.0,0.0,0.9574869481785931,0.9607675850227632,1.6632124373837394,1.737679717008959
tsb_nb,none,0.9,2,13,0.95,26,erratic,1510,0.9351316856561681,0.9496989765201685,0.06174709925356588,3.3327439275695654,0.34951035005384423,0.0,0.0,0.9247117021304104,0.9433176859432003,3.131391023852664,3.526127744871477
tsb_nb,none,0.9,2,13,0.95,26,intermittent,10193,0.9132316286218142,0.9317981145706055,0.11448461711205929,2.271623745110982,0.23811315921696896,0.0,0.0,0.9096008862046953,0.9175947106034122,2.193878366709937,2.3653366195489585
tsb_nb,none,0.9,2,13,0.95,26,lumpy,2013,0.906567601531147,0.9409519938581041,0.09426480660394362,3.300363097271848,0.43006005292996907,0.0,0.0,0.8972947066178361,0.916255099445631,3.116118822296156,3.5077605881481526
tsb_nb,quantile,0.9,2,13,0.95,26,all,28824,0.9448501336343712,0.9308104988267353,0.09175357551397686,1.8611432979624905,0.11144641440534603,0.01527506740090367,0.14807105190119346,0.9432611250480377,0.9467119433185835,1.8341959536294254,1.885170457236023
tsb_nb,quantile,0.9,2,13,0.95,26,smooth,15108,0.9568619784019976,0.932272486581462,0.07768038924738604,1.6460120064891637,0.06159115344711423,0.01006132591742943,0.1096108022239873,0.9553311282823185,0.9586526687026712,1.6146171552479665,1.6810586361859376
tsb_nb,quantile,0.9,2,13,0.95,26,erratic,1510,0.9316085459404124,0.9456953642384106,0.0666617397088168,3.2152784609862137,0.3220984617839052,0.017434888389592777,0.13443708609271524,0.9207145795053204,0.9400176027252736,3.0176433878042372,3.388729869459173
tsb_nb,quantile,0.9,2,13,0.95,26,intermittent,10193,0.9010915933519207,0.925568349045245,0.12494198667564937,2.054156034797001,0.20662049397554752,0.03572923952986611,0.1943490630825076,0.8962088004027041,0.9063048557456219,1.9913035882615895,2.12444454847693
tsb_nb,quantile,0.9,2,13,0.95,26,lumpy,2013,0.8987381356373891,0.9352165469900194,0.10342092931040697,3.0320533237588383,0.3702572952438311,0.036234443858907464,0.21261798310978638,0.8891920160496241,0.9083389138970697,2.8956120139153554,3.1946617439457117
tsb_nb,fixed,0.9,2,13,0.95,26,all,28824,0.9479362416822494,0.9340543234173542,0.08745187511893981,1.938968850025415,0.12007650968480892,0.0027942490244959595,0.05384401887316125,0.946472281830322,0.9496636629767758,1.9075552219728775,1.967840901730748
tsb_nb,fixed,0.9,2,13,0.95,26,smooth,15108,0.9586812635681331,0.9351397212795147,0.07439180095931537,1.6949545438889535,0.063245657268183,0.000812012733509414,0.015753243314800106,0.957094145070034,0.9604352533044426,1.6594469079390577,1.7339510257141344
tsb_nb,fixed,0.9,2,13,0.95,26,erratic,1510,0.9341505244824974,0.9487658037326911,0.06289261695366197,3.316790087347275,0.3476969302152439,0.0047196777324275095,0.039735099337748346,0.9241687204137615,0.9425761747335034,3.11664738450336,3.5068953048038387
tsb_nb,fixed,0.9,2,13,0.95,26,intermittent,10193,0.910550673379112,0.9296085548906112,0.11816004191930533,2.2373267292592334,0.23363472015605452,0.009268198969488587,0.09545766702639066,0.9067821404379185,0.9151303700216956,2.161013682696208,2.329606033707804
tsb_nb,fixed,0.9,2,13,0.95,26,lumpy,2013,0.9026470775591987,0.9373842749401616,0.09996034750009011,3.2379242649741427,0.4185046415065931,0.01448335369843816,0.1395926477893691,0.8932753317331521,0.9123907287944777,3.0624795703300647,3.447228892370064
tsb_nb,dead13,0.9,2,13,0.95,26,all,28824,0.9462764440489575,0.931778757600989,0.09046954826917729,1.9121215260205753,0.11902715141331109,0.007667090217422927,0.07441715237302249,0.9447388895627643,0.9479856979781432,1.8820713607587132,1.9372249107088257
tsb_nb,dead13,0.9,2,13,0.95,26,smooth,15108,0.9579279774192565,0.9336955736876309,0.07604817281479692,1.6801864184985271,0.06433212386303969,0.004631966441102068,0.03322742917659518,0.9564347653750834,0.9596752345005474,1.645015221630791,1.7171902367699519
tsb_nb,dead13,0.9,2,13,0.95,26,erratic,1510,0.9328050839570842,0.947049969897652,0.06499889143448377,3.288756531103341,0.34370155682890835,0.008165707220442187,0.04900662251655629,0.9219846985256849,0.940711065413812,3.094318785894459,3.4711066045030567
tsb_nb,dead13,0.9,2,13,0.95,26,intermittent,10193,0.9042380520772785,0.9258403717346129,0.12448536567108316,2.160342551451681,0.2229113917815237,0.019319626020905787,0.13165898165407633,0.8994897858532643,0.9093263979171657,2.086652991546158,2.2404770766227258
tsb_nb,dead13,0.9,2,13,0.95,26,lumpy,2013,0.9009966354144348,0.9360068644718421,0.10215925885872895,3.1671289835013696,0.41944742038788285,0.022718191347050342,0.11276701440635867,0.8914972726218592,0.9107504944495536,3.018812255978781,3.3579666040282263
tsb_nb,dead26,0.9,2,13,0.95,26,all,28824,0.9487338043721779,0.9352212802462594,0.08590435042651036,1.9493312351603584,0.12302726926876437,0.0003239171891252031,0.008118234804329725,0.9473007453837173,0.9503475743844803,1.9179405497886872,1.9782753972224885
tsb_nb,dead26,0.9,2,13,0.95,26,smooth,15108,0.9590011623899093,0.93553084458565,0.07394320024845578,1.6991712117821882,0.06568789025611976,9.217843663884712e-05,0.0021180831347630395,0.9574699809847604,0.9607539450458316,1.6627995635394417,1.7373237467418645
tsb_nb,dead26,0.9,2,13,0.95,26,erratic,1510,0.9350918010556124,0.9496387718242023,0.06182100362131402,3.3312256537750775,0.34951035005384423,0.0002924870707419865,0.003973509933774834,0.9247106351040848,0.9433166971286703,3.1300779394642078,3.52500785139779
tsb_nb,dead26,0.9,2,13,0.95,26,intermittent,10193,0.9130259696757731,0.9315260918812376,0.1149412381166255,2.2659896751820146,0.2378368127050432,0.0014051308828310492,0.016776218973805553,0.9093534348280226,0.9174446930393269,2.1875674235095595,2.359809892714174
tsb_nb,dead26,0.9,2,13,0.95,26,lumpy,2013,0.9064054528292053,0.9407939303617396,0.09451714069427923,3.2969869296564185,0.42993265037844347,0.0007238781336684406,0.012419274714356682,0.8970592898543464,0.915979230619642,3.113504517991129,3.503652815198185
tsb_nb,none,0.95,2,13,0.95,26,all,28824,0.9679872345495856,0.9617821638533546,0.050681433677065055,2.534848430660133,0.17323910332754494,0.0,0.0,0.9666802655933497,0.9691797142986712,2.4948359104394613,2.571065268137794
tsb_nb,none,0.95,2,13,0.95,26,smooth,15108,0.9758009302588355,0.9643566322478158,0.040881327858104145,2.1788437602756034,0.08735344062209541,0.0,0.0,0.9745063144127112,0.9772033506994631,2.1308508738821637,2.23084737134104
tsb_nb,none,0.95,2,13,0.95,26,erratic,1510,0.9589055665607509,0.9735701384708008,0.032444017441430786,4.664169004347421,0.542382174242525,0.0,0.0,0.9495091303426171,0.9663398076020359,4.371871866253613,4.938704522304139
tsb_nb,none,0.95,2,13,0.95,26,intermittent,10193,0.939998078874516,0.9557851645068363,0.07421962721760611,2.8907667753662456,0.3262541501236417,0.0,0.0,0.9368033838037032,0.9438270627701141,2.7947759350845023,3.003598957520017
tsb_nb,none,0.95,2,13,0.95,26,lumpy,2013,0.9367735882928637,0.9639841033283656,0.05749612486932699,4.543701970685832,0.6569257764316863,0.0,0.0,0.9283307547148583,0.9452458387508086,4.288531824839673,4.850208099437312
tsb_nb,quantile,0.95,2,13,0.95,26,all,28824,0.9627747250456365,0.9561697322937955,0.058124190947817046,2.4043948595009192,0.15007290916365063,0.021476562052656557,0.17350124895920066,0.9614089607260948,0.9642037333132415,2.3672153204258817,2.435471430995513
tsb_nb,quantile,0.95,2,13,0.95,26,smooth,15108,0.972976602783541,0.9604754855946278,0.045332827219710825,2.1041482526610946,0.07925863757792732,0.01370683441159803,0.1262245168122849,0.9716846398141246,0.9745561592961132,2.0645306236268492,2.149794047532777
tsb_nb,quantile,0.95,2,13,0.95,26,erratic,1510,0.9532366353350972,0.9685731487055991,0.038578079964525905,4.454947684698937,0.4763385936689844,0.03249265458606432,0.17350993377483442,0.9437095094787921,0.9601697210860143,4.200432066492156,4.696725034090819
tsb_nb,quantile,0.95,2,13,0.95,26,intermittent,10193,0.9243482951242821,0.9479009659035167,0.08745415075978741,2.58017866467001,0.2677418401426559,0.047895136104351595,0.22574315706857648,0.9199052575633758,0.9287125503841209,2.507695781785071,2.668546007543704
tsb_nb,quantile,0.95,2,13,0.95,26,lumpy,2013,0.9258227598867276,0.9564196360023484,0.0695721134782452,4.128775024467081,0.541129597350027,0.054835216381651716,0.2637853949329359,0.9166527514375636,0.9352219103112738,3.915022869746164,4.374862482970948
tsb_nb,fixed,0.95,2,13,0.95,26,all,28824,0.9665902026909958,0.9596942573108268,0.05345024812676318,2.50598811327688,0.16623563567173252,0.00643924393873666,0.07556203164029975,0.9652571428989899,0.9679416931487806,2.4671135336372783,2.5410091582991865
tsb_nb,fixed,0.95,2,13,0.95,26,smooth,15108,0.9752552933838927,0.9637579127253472,0.041568032023189205,2.169174688296882,0.08363176102195159,0.0019548271146340454,0.021710352131321154,0.9739449947513628,0.9767826244256456,2.1223738685353886,2.2199085410836465
tsb_nb,fixed,0.95,2,13,0.95,26,erratic,1510,0.9571905287368547,0.9720951234196268,0.03425467445126007,4.593948176609011,0.5283778932953986,0.013964928141244665,0.07417218543046358,0.9472714447351704,0.9647291161949321,4.303778033223195,4.855814516508799
tsb_nb,fixed,0.95,2,13,0.95,26,intermittent,10193,0.9356841669704343,0.952262247710104,0.08013324350625046,2.822001566456164,0.3160293291823887,0.017924347063633588,0.12979495732365348,0.9321098893914266,0.9395121784542579,2.7282523585861256,2.935112602019111
tsb_nb,fixed,0.95,2,13,0.95,26,lumpy,2013,0.9298880594854095,0.9575260804769001,0.06780577484589596,4.3440621724451445,0.603620548873356,0.040844099814108095,0.20615996025832092,0.9208571085108297,0.9382169350187987,4.1022987629183225,4.623234940073319
tsb_nb,dead13,0.95,2,13,0.95,26,all,28824,0.964619088766096,0.9573619206217041,0.05654320626203776,2.482317141983022,0.16598817628136767,0.009641354366702054,0.07552733832917014,0.9631793055481278,0.9660564706464809,2.444169076535893,2.5151341754538197
tsb_nb,dead13,0.95,2,13,0.95,26,smooth,15108,0.9744160235857858,0.9621182034803957,0.043448704234100556,2.153610656620208,0.08456994918539784,0.005445961506582209,0.033492189568440564,0.9732231046997465,0.9759074280026456,2.1079251529329266,2.2021159200593723
tsb_nb,dead13,0.95,2,13,0.95,26,erratic,1510,0.9554834678330697,0.9701685731487056,0.036619614219200354,4.5983913211109195,0.5321275775423109,0.01130861374423335,0.05099337748344371,0.9461530121315422,0.9627464440240313,4.315999374734822,4.867393718484401
tsb_nb,dead13,0.95,2,13,0.95,26,intermittent,10193,0.927904840251027,0.9483290671851449,0.08673553409686353,2.7378451868417684,0.30106326906593894,0.025139651044796707,0.13352300598449918,0.9234915517088976,0.9327336191684279,2.649632761839302,2.8356339009965943
tsb_nb,dead13,0.95,2,13,0.95,26,lumpy,2013,0.9282028711902294,0.957797046470668,0.06737320211960636,4.354126974015671,0.6361719007881584,0.031178878973367075,0.11574764033780427,0.9193342382095615,0.9371284480922474,4.123881377368871,4.626674700523613
tsb_nb,dead26,0.95,2,13,0.95,26,all,28824,0.9679012519547605,0.9616086972977065,0.050911471131345115,2.532214472464352,0.1731127237377375,0.0005366499883904967,0.009297807382736608,0.9665937345048128,0.9690974150894697,2.4922284814137288,2.5684475963838307
tsb_nb,dead26,0.95,2,13,0.95,26,smooth,15108,0.9757711952792747,0.96434459768455,0.040895130956899825,2.177801053659001,0.08735344062209541,0.00018237454130696633,0.0021842732327243845,0.9744874961673471,0.9771738162960774,2.1299202448607653,2.2298522827431517
tsb_nb,dead26,0.95,2,13,0.95,26,erratic,1510,0.9588656819601952,0.9735099337748344,0.032517921809178923,4.661236156719891,0.542382174242525,0.0005291357007059575,0.003973509933774834,0.9494654754440554,0.9663012438353644,4.369449143410138,4.935855209978132
tsb_nb,dead26,0.95,2,13,0.95,26,intermittent,10193,0.9396557244613459,0.9553838195553098,0.07489333033909724,2.8812707506182087,0.32550638897372497,0.0021575716973882544,0.019817521828705973,0.9363715548529347,0.9434696372171817,2.7871465259762758,2.9938715184312494
tsb_nb,dead26,0.95,2,13,0.95,26,lumpy,2013,0.9364782460143269,0.9636679763356365,0.058000793049998195,4.536799068803169,0.656492607756499,0.0012103242394936329,0.013412816691505217,0.9279652648381523,0.945132625426588,4.284498493326035,4.837435422093518
tsb_nb,none,0.99,2,13,0.95,26,all,28824,0.9859763129069696,0.9852143415840335,0.019607556102998226,3.896320927070267,0.3844862567755304,0.0,0.0,0.9849730222582372,0.9868920226891326,3.829063817815284,3.961040765109262
tsb_nb,none,0.99,2,13,0.95,26,smooth,15108,0.9906495878855729,0.9885280525669723,0.013157803926981607,3.263841199350489,0.16547927459535028,0.0,0.0,0.9897512395985143,0.9915824030327458,3.190207415420683,3.3452337373616268
tsb_nb,none,0.99,2,13,0.95,26,erratic,1510,0.9812967813127351,0.9905478627332932,0.011602985736457025,8.017610380632037,1.6477902601805445,0.0,0.0,0.9746378888077296,0.9865983047452839,7.462935034482539,8.563783522249004
tsb_nb,none,0.99,2,13,0.95,26,intermittent,10193,0.9687730904505285,0.9799951838605817,0.033580357811213414,4.323497827650415,0.5950769927982424,0.0,0.0,0.9660001270705714,0.9715894330436751,4.18576972080815,4.489832179993246
tsb_nb,none,0.99,2,13,0.95,26,lumpy,2013,0.9678482288149826,0.9827710788962651,0.027504415846580872,7.693116208500066,1.7611364307596087,0.0,0.0,0.9597093261958064,0.9742067734432068,7.228792274441304,8.287386087349681
tsb_nb,quantile,0.99,2,13,0.95,26,all,28824,0.9779274896176944,0.9772585345545379,0.030157910256115337,3.6171741709026373,0.2970959934519806,0.039961152174182946,0.22075353871773523,0.9766361572385195,0.9791140526439788,3.5548923644036226,3.6684729204907294
tsb_nb,quantile,0.99,2,13,0.95,26,smooth,15108,0.986292422213913,0.9832779743423111,0.019179405776596846,3.116867637959774,0.13626787846620037,0.02378054990384451,0.15137675403759598,0.9852344877530097,0.9875271387377024,3.0579668633900017,3.1836700365722637
tsb_nb,quantile,0.99,2,13,0.95,26,erratic,1510,0.9715596208303974,0.9831727874774232,0.02065627078560343,7.342651262347608,1.3034042836060997,0.10224284403791696,0.2847682119205298,0.9635315745224289,0.97770649148495,6.8997697046798265,7.812489518182411
tsb_nb,quantile,0.99,2,13,0.95,26,intermittent,10193,0.9452245253834862,0.9685523933537276,0.0527883823639494,3.732985724559865,0.4240781060658306,0.07360004137808734,0.28078092808790345,0.941187705826873,0.9490129939653628,3.6315151378610664,3.856721834080714
tsb_nb,quantile,0.99,2,13,0.95,26,lumpy,2013,0.9500871549272937,0.9717292146502281,0.04513175444288238,6.651235515198545,1.2669546736467823,0.12428118901326723,0.38946845504222555,0.9423308547379514,0.958440294700427,6.302259745777213,7.076985050164428
tsb_nb,fixed,0.99,2,13,0.95,26,all,28824,0.9827469623034886,0.9812151489920016,0.024910965048945695,3.76084108026012,0.3313676921511789,0.029672334043863352,0.11948376353039133,0.9815606157083326,0.9838736804776974,3.697992553430974,3.8190352289980223
tsb_nb,fixed,0.99,2,13,0.95,26,smooth,15108,0.9893992319950362,0.9874178641057116,0.014431139790883053,3.2287462419322184,0.1551777396013679,0.007688970131460823,0.03534551231135822,0.9884347865296992,0.990370368083531,3.1589826286099387,3.3069691175736824
tsb_nb,fixed,0.99,2,13,0.95,26,erratic,1510,0.9748620657564114,0.9860325105358217,0.01714581331756707,7.407588709999069,1.3492955050055173,0.12500365608838426,0.17880794701986755,0.9671252135689561,0.9812340669279644,6.937757487510169,7.826739361555882
tsb_nb,fixed,0.99,2,13,0.95,26,intermittent,10193,0.9605196398136016,0.9738278497721252,0.04393292911146044,4.112117375841108,0.5526388382609381,0.052766913293203155,0.19326989110173648,0.9572881977410388,0.9637938899221967,3.9861496531410565,4.262105399198319
tsb_nb,fixed,0.99,2,13,0.95,26,lumpy,2013,0.948975278113979,0.968455042225534,0.05035867488554847,6.6020175931341605,1.1915451033987525,0.22721086859585016,0.33283656234475906,0.9400423929994248,0.9563174511784247,6.232568358210292,7.001799535487512
tsb_nb,dead13,0.99,2,13,0.95,26,all,28824,0.9805625596573742,0.9789868922362678,0.027865900711652233,3.8017332163920625,0.36519991601872415,0.014746015012486933,0.07597835137385513,0.9792839311031991,0.9816900432872905,3.736560674092307,3.85901831297648
tsb_nb,dead13,0.99,2,13,0.95,26,smooth,15108,0.9883768442811334,0.9855133944689147,0.016615480175299353,3.220258144225058,0.1574455273758806,0.0074857811044612135,0.033492189568440564,0.9874286482409433,0.9894300369781441,3.1501856682226705,3.298286617895129
tsb_nb,dead13,0.99,2,13,0.95,26,erratic,1510,0.9755507398593403,0.9859121011438893,0.017293622053063337,7.881864472127313,1.6198226464761956,0.01983860031641783,0.05099337748344371,0.9680678886875961,0.9814104696040187,7.3475225078898525,8.385082756568176
tsb_nb,dead13,0.99,2,13,0.95,26,intermittent,10193,0.9498807917007379,0.9693506238684302,0.05144846171120593,4.055101819650651,0.5363262662187325,0.03966508379062688,0.13411164524673796,0.9456358060793952,0.9537206739992337,3.9293397692259897,4.202755308916154
tsb_nb,dead13,0.99,2,13,0.95,26,lumpy,2013,0.9531332341137705,0.9736033961071219,0.04213979308604592,7.3134855600789885,1.6833571730532022,0.0561497790723936,0.11922503725782414,0.9453354066128502,0.9614506434516662,6.887268667270841,7.841471171464315
tsb_nb,dead26,0.99,2,13,0.95,26,all,28824,0.9857385636199858,0.9848406000050463,0.02010318225449253,3.8896007572398177,0.38396687742903146,0.0012054240933978525,0.011171246183735776,0.9846874990525122,0.986632056381241,3.8228779641824313,3.953197339068347
tsb_nb,dead26,0.99,2,13,0.95,26,smooth,15108,0.9905393206697011,0.9884799143139096,0.013213016322164326,3.2609083391997973,0.1654781843127664,0.0005057424440319542,0.002449033624569764,0.9896558254153899,0.9914658498276551,3.187457151172937,3.34173883621321
tsb_nb,dead26,0.99,2,13,0.95,26,erratic,1510,0.9812382838985868,0.9904575556893438,0.011713842288079226,8.010330111543933,1.6477902601805445,0.001241740563968252,0.005298013245033113,0.9745352746384319,0.9865128929012967,7.453043162994215,8.557576008670996
tsb_nb,dead26,0.99,2,13,0.95,26,intermittent,10193,0.9680095662197177,0.9792058721225797,0.0349053072834793,4.302177029250367,0.5928120351122628,0.004286819108794814,0.023251250858432257,0.9652267168088207,0.9708304777617783,4.165727204369787,4.46639047245045
tsb_nb,dead26,0.99,2,13,0.95,26,lumpy,2013,0.9667131879013904,0.9818452784175586,0.0289823726614037,7.667763100746463,1.7555816795130905,0.002988168935783323,0.01987083954297069,0.9586659395389211,0.973153020330903,7.2042911929099125,8.265375544860026
ets,none,0.5,2,13,0.95,26,all,28824,0.8182100017400357,0.7742711250725406,0.2993435567554681,0.8952691227421925,0.06362886205927203,0.0,0.0,0.8161201233635534,0.820562129658041,0.8750017327415979,0.9164236279808186
ets,none,0.5,2,13,0.95,26,smooth,15108,0.8337896413738453,0.7433990420487641,0.29430967252148105,0.7670398158810066,0.03355889793245253,0.0,0.0,0.8311291142555046,0.8363678205333941,0.7486268427023653,0.7908437064735454
ets,none,0.5,2,13,0.95,26,erratic,1510,0.7709746466889134,0.7572245635159542,0.29801936294435,1.3825518167435553,0.21624739088238032,0.0,0.0,0.7587203756824145,0.7828895117938994,1.2388827934999707,1.5587597841886256
ets,none,0.5,2,13,0.95,26,intermittent,10193,0.7771482123681074,0.8153367284143307,0.3099782917883075,1.1849686708767229,0.11299863058234733,0.0,0.0,0.7718986460965728,0.7820983780024643,1.1373356253243119,1.2303253048541258
ets,none,0.5,2,13,0.95,26,lumpy,2013,0.7500709400570995,0.8108205753511267,0.3020078584045276,1.468499719135284,0.2018311221269277,0.0,0.0,0.7388774714191687,0.7633993440360133,1.3513932977617364,1.5813237647174554
ets,quantile,0.5,2,13,0.95,26,all,28824,0.8181949918474046,0.774252201448288,0.29936865175048044,0.894773981592683,0.06342420865900322,4.8735824221927004e-05,0.0010407993338884263,0.8161026346038012,0.8205509555203429,0.8749039635933742,0.9153509502857446
ets,quantile,0.5,2,13,0.95,26,smooth,15108,0.8337896413738453,0.7433990420487641,0.29430967252148105,0.7665843751107317,0.03336155678476657,3.0478354049941385e-05,0.00013238019592268997,0.8311291142555046,0.8363678205333941,0.748201955362057,0.790280394619287
ets,quantile,0.5,2,13,0.95,26,erratic,1510,0.7709746466889134,0.7572245635159542,0.29801936294435,1.3824826834359254,0.21623569139955062,5.317946740763391e-06,0.0006622516556291391,0.7587203756824145,0.7828895117938994,1.238812715915825,1.5587581475686236
ets,quantile,0.5,2,13,0.95,26,intermittent,10193,0.7770681654729417,0.8152921345308277,0.3100531476906954,1.184368934908328,0.11293631715318758,0.00014654739268790085,0.002354557048955165,0.7718401576248497,0.7820107735083448,1.1369164834735441,1.2294562602901564
ets,quantile,0.5,2,13,0.95,26,lumpy,2013,0.74997828365599,0.8107754143521655,0.3020799538589092,1.4666408000880236,0.20036599278438275,0.00011002947631760298,0.0014903129657228018,0.7388584681261268,0.7633833526740998,1.3496164689602397,1.5794015222659463
ets,fixed,0.5,2,13,0.95,26,all,28824,0.8180463753796252,0.7738548053389852,0.29989564664574025,0.8919400768024703,0.06190520752473713,0.0010499512549104121,0.04853594227033028,0.81595657131901,0.8203710976749307,0.8716969810310928,0.9130153463340801
ets,fixed,0.5,2,13,0.95,26,smooth,15108,0.8337606497687734,0.7433659469997833,0.2943476310431692,0.7666438450698537,0.03339208469711578,0.00012216120769610651,0.006949960285941223,0.8311049449560731,0.8363466787607563,0.7482352242269651,0.7904121759169738
ets,fixed,0.5,2,13,0.95,26,erratic,1510,0.7708682877540981,0.7571041541240217,0.2981671716798463,1.3805203610885837,0.2159607535530532,0.0006567664224842788,0.017880794701986755,0.7586402889743025,0.782730337406838,1.2370629609275745,1.55589358822968
ets,fixed,0.5,2,13,0.95,26,intermittent,10193,0.776414243913973,0.8144136350258199,0.31152780896773713,1.1691575618454628,0.1043479010472597,0.005066352718638858,0.10291376434808201,0.7712038619118544,0.781413947591507,1.1218617824812949,1.2129630171466437
ets,fixed,0.5,2,13,0.95,26,lumpy,2013,0.7493181067980843,0.8098721943729396,0.3035218629465412,1.4524933258436075,0.19316774862318378,0.004702312356310191,0.10829607550919026,0.7381255441082399,0.7627861958320425,1.3340295802419666,1.5645168880132367
ets,dead13,0.5,2,13,0.95,26,all,28824,0.8166584235795407,0.7711834203820049,0.3034382234416531,0.8740336455082155,0.06081834305239324,0.004209996922045474,0.07604773799611435,0.81458677554234,0.8190097263425528,0.855742199897915,0.8949926813444752
ets,dead13,0.5,2,13,0.95,26,smooth,15108,0.8329877880916858,0.7418014537752424,0.29614203388660754,0.7556406636748322,0.03320455609268492,0.002925426405801691,0.033492189568440564,0.8302738495704645,0.8355608973780689,0.7383066598220547,0.7786506742339283
ets,dead13,0.5,2,13,0.95,26,erratic,1510,0.7692675857851283,0.7548464780252859,0.3009385854704013,1.3592405972054191,0.21491949958121168,0.004355398380685218,0.051655629139072845,0.7564477772518977,0.781533802629227,1.223564677648376,1.525112645552038
ets,dead13,0.5,2,13,0.95,26,intermittent,10193,0.7723958897766569,0.8102307287532442,0.31854929261172243,1.1280713377929716,0.09925174625380531,0.008874121947134567,0.13411164524673796,0.7667356524778123,0.7777484835712838,1.0836470581788884,1.1683110863259434
ets,dead13,0.5,2,13,0.95,26,lumpy,2013,0.7463878481129945,0.8062367339565552,0.30932554702426013,1.3896027935904935,0.18981706151805933,0.01198163086848003,0.11972180824639841,0.7347506620325592,0.7603433745858633,1.2944373568628516,1.497386846107212
ets,dead26,0.5,2,13,0.95,26,all,28824,0.8180365540918543,0.7738295738399819,0.29992910663909006,0.8925508497174341,0.062060532117371434,0.00013823925805915417,0.015091590341382181,0.815941196422704,0.8203692690513429,0.8722973793532829,0.9137046832800437
ets,dead26,0.5,2,13,0.95,26,smooth,15108,0.8337663489731892,0.7433689556405998,0.29434418026847026,0.7668217593642264,0.03349021012966681,3.6177558465784084e-05,0.003508075191951284,0.8311121220791335,0.8363493314934655,0.7484056063259495,0.7906347357626994
ets,dead26,0.5,2,13,0.95,26,erratic,1510,0.7709267851682465,0.7571342564720048,0.29813021949597224,1.3821157451108128,0.21613624579549837,7.445125437068747e-05,0.006622516556291391,0.7586963646065963,0.7828112187210817,1.2384788392625061,1.5583891559448877
ets,dead26,0.5,2,13,0.95,26,intermittent,10193,0.7763095672049102,0.8143155284821134,0.3116924919529905,1.1707104716116767,0.10447794646463651,0.0005837265893618908,0.02972628274305896,0.771102514793037,0.781320938352003,1.1234865865798536,1.2149103231561338
ets,dead26,0.5,2,13,0.95,26,lumpy,2013,0.7492428234721829,0.8099625163708621,0.30337767203777805,1.4566454908183297,0.19473480000694923,0.0005675204567960574,0.03427719821162444,0.7379883157932248,0.7626717287057594,1.338400467834266,1.568082736329225
ets,none,0.8,2,13,0.95,26,all,28824,0.9333545942594388,0.9156416370196554,0.11186930526597558,1.7107710433598737,0.12653002228691093,0.0,0.0,0.9317621190859403,0.9348803718172216,1.6801125720055607,1.7398556539017853
ets,none,0.8,2,13,0.95,26,smooth,15108,0.9423681581980206,0.9078092281031122,0.1057386383243038,1.4594901789079382,0.061169214087144805,0.0,0.0,0.9407467409464321,0.9442929344642281,1.4287088431868,1.4951155540855032
ets,none,0.8,2,13,0.95,26,erratic,1510,0.9208157730300331,0.9324503311258279,0.08292070061340626,2.86416102742731,0.3636550247949267,0.0,0.0,0.9120399117480124,0.9295418127863714,2.6747211632128796,3.06865373694305
ets,none,0.8,2,13,0.95,26,intermittent,10193,0.9028292267223629,0.9219027318213033,0.13109514185193502,2.1694087859472138,0.26938095425750963,0.0,0.0,0.898792372851671,0.9067445785974099,2.092211833879531,2.2526032157723455
ets,none,0.8,2,13,0.95,26,lumpy,2013,0.8935551682003231,0.9301133541073928,0.11156771565552792,2.914634499452748,0.4658601699086755,0.0,0.0,0.8844913876420556,0.9017918223347694,2.7401458156499454,3.1264744284654933
ets,quantile,0.8,2,13,0.95,26,all,28824,0.9333405109033899,0.9156227133954028,0.11189440026098794,1.7102221630885983,0.12629723923600758,5.3739121765622936e-05,0.001144879267277269,0.9317514295798377,0.9348698122833028,1.6796053806287192,1.7392736584776296
ets,quantile,0.8,2,13,0.95,26,smooth,15108,0.9423681581980206,0.9078092281031122,0.1057386383243038,1.4589829497149283,0.060942435309693524,3.3699643502374214e-05,0.00019857029388403494,0.9407467409464321,0.9442929344642281,1.4282122623569442,1.4941772189082296
ets,quantile,0.8,2,13,0.95,26,erratic,1510,0.9208157730300331,0.9324503311258279,0.08292070061340626,2.8640918941196802,0.36364332531209703,5.317946740763391e-06,0.0006622516556291391,0.9120399117480124,0.9295418127863714,2.674656582984365,3.068648227067658
ets,quantile,0.8,2,13,0.95,26,intermittent,10193,0.9027565687713663,0.9218670567145011,0.13115502657384534,2.1687487069347706,0.26931864082834994,0.00015886229963646395,0.0024526635926616306,0.8986739917345814,0.9066697586330503,2.0916508523933355,2.2517569659375596
ets,quantile,0.8,2,13,0.95,26,lumpy,2013,0.8934567207741443,0.9300230321094702,0.11171190656429113,2.9125902676032682,0.46420393673884214,0.0001331935765949931,0.001987083954297069,0.8844530398602035,0.9016932785706784,2.7363673228326477,3.123035233466044
ets,fixed,0.8,2,13,0.95,26,all,28824,0.931804869172108,0.9132541064264628,0.11503545713670289,1.6845015075676728,0.113093018157708,0.008498193531625751,0.07632528448515126,0.9302318301049447,0.9334512800608181,1.6537333443358353,1.7131929313533838
ets,fixed,0.8,2,13,0.95,26,smooth,15108,0.9418210345740997,0.9073158110092184,0.10630456537492668,1.4535491299916665,0.05889488461712869,0.0019922436305815343,0.015885623510722795,0.9401317813487966,0.9437027225413315,1.4242156712222664,1.490008628877034
ets,fixed,0.8,2,13,0.95,26,erratic,1510,0.9196538016671763,0.931216134858519,0.08443574015224299,2.840302059374875,0.3565475889758964,0.00702500764454844,0.04768211920529802,0.9109332190128433,0.9285401924775721,2.6552775939664235,3.042305738026041
ets,fixed,0.8,2,13,0.95,26,intermittent,10193,0.89736879698137,0.9174032089758568,0.13864810240287448,2.0696814379870547,0.21450449740401764,0.03290543136656059,0.14823898754046894,0.8930438567894763,0.9014839819750857,1.995383277374515,2.1551473984578267
ets,fixed,0.8,2,13,0.95,26,lumpy,2013,0.8861194920112809,0.9233392042631983,0.1223820338127681,2.753458689722668,0.3726269827022081,0.04898049003654137,0.18728266269249877,0.8774880451695731,0.8954340941290692,2.5849726606243126,2.94644040919968
ets,dead13,0.8,2,13,0.95,26,all,28824,0.9289490981185563,0.9096113087578533,0.11986624367658406,1.6472352796963776,0.10760121346643094,0.00774992258786856,0.07604773799611435,0.9273270603544851,0.9308261492623001,1.6188782577197796,1.6755914397518437
ets,dead13,0.8,2,13,0.95,26,smooth,15108,0.9404455439779109,0.9052338315642525,0.10869250146657924,1.4312397182015988,0.05642157857555076,0.0045534165367619745,0.033492189568440564,0.938685993910294,0.9423726789872621,1.4020896833033256,1.4659333579605376
ets,dead13,0.8,2,13,0.95,26,erratic,1510,0.9155563237034181,0.9275436484045756,0.08894390658487916,2.7976122419133973,0.35375726232101784,0.008883630030445245,0.051655629139072845,0.9059374585574947,0.9244854433197183,2.593854498348103,3.0064876479894482
ets,dead13,0.8,2,13,0.95,26,intermittent,10193,0.8886941765268022,0.9115123569651187,0.1485365671083165,1.9717816222180626,0.1925728796193216,0.019461247450814262,0.13411164524673796,0.8837056148185816,0.8934195957230393,1.9014980560012342,2.039768494330435
ets,dead13,0.8,2,13,0.95,26,lumpy,2013,0.8787359350478628,0.9193876168540848,0.1286903860711582,2.663581980646394,0.36801501033697975,0.024912989848333053,0.11972180824639841,0.8693345371228492,0.8888919198656988,2.5059195131683527,2.8534240258540815
ets,dead26,0.8,2,13,0.95,26,all,28824,0.9325132990428321,0.9141529785784573,0.11384344487361533,1.6932624668740008,0.1163658418576243,0.0007669869827169425,0.015091590341382181,0.9308912662176252,0.9340932221260069,1.6623854047891529,1.722214793407361
ets,dead26,0.8,2,13,0.95,26,smooth,15108,0.9421947041505819,0.9076196837316773,0.10595603713033576,1.4567047546975693,0.0606954863044401,0.000320642196265237,0.003508075191951284,0.9405741638173828,0.9440685330133819,1.4264803137583637,1.4929750129855268
ets,dead26,0.8,2,13,0.95,26,erratic,1510,0.9207227089620698,0.9322396146899459,0.08317936590052472,2.8596833162715876,0.36285361022109364,0.0004998869936317587,0.006622516556291391,0.9119847871147275,0.9293906450319713,2.670423217238397,3.065376522630049
ets,dead26,0.8,2,13,0.95,26,intermittent,10193,0.899193866191147,0.9187588630343462,0.1363724829702822,2.089614346373999,0.21831916298040455,0.0026119917637902326,0.02972628274305896,0.8948057918342801,0.9030751701099212,2.0144509287246124,2.176910550979532
ets,dead26,0.8,2,13,0.95,26,lumpy,2013,0.8886154238161696,0.9262972496951632,0.11765978155077322,2.817553755190206,0.40115241398880014,0.0031039894371702736,0.03427719821162444,0.879667546293881,0.8970386396565758,2.6364282915260655,3.022208625812636
ets,none,0.9,2,13,0.95,26,all,28824,0.9606529562724766,0.9524212777231096,0.06309509120985063,2.239825655464407,0.17063731448189648,0.0,0.0,0.9592018262517591,0.9618481119036104,2.2037027390003097,2.2756482200882733
ets,none,0.9,2,13,0.95,26,smooth,15108,0.9677925568885912,0.9508147399330878,0.056413264777942645,1.9184017646719203,0.0806242165142625,0.0,0.0,0.9663917862812734,0.969515686389603,1.8779487320318682,1.9644329635924325
ets,none,0.9,2,13,0.95,26,erratic,1510,0.9503968517755295,0.9634256472004816,0.04489690340699135,3.7926612334977468,0.48145126766555435,0.0,0.0,0.9426015138741888,0.957607041518271,3.561301207427384,4.036323951614185
ets,none,0.9,2,13,0.95,26,intermittent,10193,0.9367912771051102,0.9521596817780473,0.08030541208174265,2.7855494418884175,0.3718296503551619,0.0,0.0,0.93333016612385,0.9401741222642627,2.6913850783078876,2.887905205438952
ets,none,0.9,2,13,0.95,26,lumpy,2013,0.9283418557918938,0.9575486609763808,0.06776972711870517,3.80349314632183,0.6512691031439475,0.0,0.0,0.9204643112244542,0.9357706679714207,3.560793891950292,4.078422342504629
ets,quantile,0.9,2,13,0.95,26,all,28824,0.9606397994530098,0.9524039310675447,0.06311809495527863,2.2392491644029833,0.17038822438714699,5.707465346142022e-05,0.0012142658895364974,0.9591868757378244,0.961822049454375,2.203096131988553,2.2748933054239724
ets,quantile,0.9,2,13,0.95,26,smooth,15108,0.9677925568885912,0.9508147399330878,0.056413264777942645,1.917866039456831,0.08037944807417688,3.543418397676112e-05,0.00019857029388403494,0.9663917862812734,0.969515686389603,1.8778631116629152,1.9634166533824784
ets,quantile,0.9,2,13,0.95,26,erratic,1510,0.9503968517755295,0.9634256472004816,0.04489690340699135,3.7925921001901166,0.48143956818272465,5.317946740763391e-06,0.0006622516556291391,0.9426015138741888,0.957607041518271,3.561237042720251,4.036318403077292
ets,quantile,0.9,2,13,0.95,26,intermittent,10193,0.9367223136261983,0.952124006671245,0.08036529680365297,2.7848450292109597,0.37176191836694483,0.00017117720658502703,0.002648876680074561,0.9332590831820866,0.9400700814721619,2.690484615550873,2.8873031642027707
ets,quantile,0.9,2,13,0.95,26,lumpy,2013,0.9282549904158535,0.9574809194779389,0.06787787030027757,3.8014604965224894,0.6495491686983512,0.0001389846016643406,0.001987083954297069,0.9203939257084659,0.9357593961919999,3.5556256067878644,4.077937098481365
ets,fixed,0.9,2,13,0.95,26,all,28824,0.9581416715201742,0.9489235611737693,0.0677334827879703,2.1961959743467965,0.149370483249979,0.013988664010224517,0.08766999722453511,0.9566719643042263,0.9595259168606289,2.1607472562296572,2.232027568726216
ets,fixed,0.9,2,13,0.95,26,smooth,15108,0.9668333560062552,0.9499903723493874,0.0573587770454467,1.9081650023750814,0.07712931569156996,0.003507488630706669,0.019459888800635424,0.9654068557161445,0.9684813171891115,1.8684045849038535,1.9553222449745782
ets,fixed,0.9,2,13,0.95,26,erratic,1510,0.9479798449818525,0.9613485851896448,0.04744660409430197,3.7448582102450247,0.4658558570535916,0.013616602629724663,0.06357615894039735,0.9397294695409036,0.9555253953099719,3.5132526451758346,3.9811274921229094
ets,fixed,0.9,2,13,0.95,26,intermittent,10193,0.928385121622021,0.9457114062235223,0.09112957556703347,2.627531944868625,0.2882321212180921,0.05181127651399466,0.16678112430099087,0.9247242724440191,0.9321812273698529,2.5372564500000907,2.728255508859739
ets,fixed,0.9,2,13,0.95,26,lumpy,2013,0.9170725210069435,0.9478616266991826,0.08323420208355863,3.526444715979175,0.4954175618626253,0.08189088550564336,0.2170889220069548,0.9095165551662299,0.9253308236608597,3.309799419061149,3.763763702872502
ets,dead13,0.9,2,13,0.95,26,all,28824,0.9549341871800322,0.9450552569828173,0.07286331801841554,2.152953029598582,0.14223125945414763,0.009618190952147906,0.07604773799611435,0.953280415898011,0.9565714424483761,2.117456140461099,2.185983176335167
ets,dead13,0.9,2,13,0.95,26,smooth,15108,0.9653451202792313,0.947727874455436,0.05995375961903447,1.881111622387565,0.07338146930941253,0.005406314867167652,0.033492189568440564,0.9638823980749501,0.9671025837585441,1.8437632326285212,1.9261279163216096
ets,dead13,0.9,2,13,0.95,26,erratic,1510,0.9438265285773163,0.9578868151715834,0.05169610523981967,3.701995559514472,0.46667482085166917,0.011274047090418389,0.051655629139072845,0.9343823927150857,0.951325707079896,3.4420437215490827,3.939733536849541
ets,dead13,0.9,2,13,0.95,26,intermittent,10193,0.9180566091642611,0.9393344808826022,0.10183396960850363,2.509984926553895,0.2576037161463208,0.02505098371476705,0.13411164524673796,0.9132945989675715,0.9223823961270357,2.424152737209124,2.5966876649853634
ets,dead13,0.9,2,13,0.95,26,lumpy,2013,0.9092314730630469,0.9443390687802015,0.08885764752532353,3.4534256808797723,0.5021444165831793,0.03187380198168878,0.11972180824639841,0.9007771659763159,0.9192331482791136,3.258243197312477,3.6932289066711124
ets,dead26,0.9,2,13,0.95,26,all,28824,0.959498121076465,0.9504768753311634,0.06567360194737161,2.213950638948892,0.15551171596242783,0.0011046169132582012,0.015091590341382181,0.9580448835209177,0.9607296955383567,2.1775049630126517,2.2503392642004765
ets,dead26,0.9,2,13,0.95,26,smooth,15108,0.9675546770521039,0.9505710400269575,0.05669277752855516,1.914172954995365,0.07990026887855269,0.00047055605155153405,0.003508075191951284,0.9661983568121969,0.9692238325039233,1.8735332231621982,1.9612110300508263
ets,dead26,0.9,2,13,0.95,26,erratic,1510,0.9502452902934178,0.9631848284166165,0.04519252087798389,3.7862371538349042,0.4802520706755122,0.0007152638366326762,0.006622516556291391,0.9423101550172629,0.9574587578216959,3.5538529073620633,4.029203321452584
ets,dead26,0.9,2,13,0.95,26,intermittent,10193,0.9317926563746884,0.9480704226608279,0.08716969833071338,2.66858368718166,0.2961079968079761,0.0037129444449917736,0.02972628274305896,0.9281195341756133,0.9353650225507903,2.576892578157292,2.7697889622839127
ets,dead26,0.9,2,13,0.95,26,lumpy,2013,0.921647430811728,0.9524228875942736,0.07595256119101691,3.6577214632762143,0.5541883588814055,0.004505417503952375,0.03427719821162444,0.9134598824457443,0.9299626384776576,3.419092781968394,3.9093412361557287
ets,none,0.95,2,13,0.95,26,all,28824,0.9737793853393375,0.9700281331213887,0.03974628960042494,2.7060401475713345,0.21406704900507575,0.0,0.0,0.9725477961247025,0.9748024343893984,2.6628934830969326,2.7487179189118027
ets,none,0.95,2,13,0.95,26,smooth,15108,0.9795599272583283,0.9706747779623077,0.033634700990372336,2.3256116547243555,0.1000432396161115,0.0,0.0,0.9783022617008037,0.9808403932672679,2.27667452224847,2.3805181884006177
ets,none,0.95,2,13,0.95,26,erratic,1510,0.96496004892511,0.9768211920529801,0.028453181583031558,4.591113710996185,0.6032019357326136,0.0,0.0,0.9581261200904752,0.9712479477861146,4.312903370653843,4.866924704045904
ets,none,0.95,2,13,0.95,26,intermittent,10193,0.9548473936730935,0.9678834851011835,0.05391122089976794,3.327711988808213,0.46875683477335645,0.0,0.0,0.9517572458959678,0.9578688224289615,3.2183082288452303,3.449134792549581
ets,none,0.95,2,13,0.95,26,lumpy,2013,0.9469194642143606,0.9709388971684053,0.0463934248945604,4.567948992651189,0.8336968166735192,0.0,0.0,0.939784300268977,0.9536419543243528,4.27859212503884,4.899835546196309
ets,quantile,0.95,2,13,0.95,26,all,28824,0.9737669697491366,0.9700123634345117,0.039767202096268585,2.7054471641587483,0.21380491327524936,6.0410185157217506e-05,0.0012489592006661116,0.9725357513965895,0.9747962597992228,2.662573018053698,2.747755385408368
ets,quantile,0.95,2,13,0.95,26,smooth,15108,0.9795599272583283,0.9706747779623077,0.033634700990372336,2.3250717170538286,0.09978756835018686,3.642534996212507e-05,0.00019857029388403494,0.9783022617008037,0.9808403932672679,2.2765909579978914,2.379494916146766
ets,quantile,0.95,2,13,0.95,26,erratic,1510,0.96496004892511,0.9768211920529801,0.028453181583031558,4.591044577688555,0.603190236249784,5.317946740763391e-06,0.0006622516556291391,0.9581261200904752,0.9712479477861146,4.31283751507016,4.866919155509011
ets,quantile,0.95,2,13,0.95,26,intermittent,10193,0.954782124666266,0.9678522693827315,0.05396362003143948,3.3269607794843505,0.46868368422608203,0.00018102913214387752,0.002648876680074561,0.9516239913595819,0.9578199870319424,3.2178071433752855,3.448488481687363
ets,quantile,0.95,2,13,0.95,26,lumpy,2013,0.9468383898633898,0.9708711556699634,0.0465015680761328,4.56571944799949,0.8318494796763976,0.00017373075208042575,0.0024838549428713363,0.9397163744999505,0.9534380188054645,4.27336553586509,4.899287235835233
ets,fixed,0.95,2,13,0.95,26,all,28824,0.9705135291945192,0.9656567759190573,0.04554323344828235,2.6442342277067423,0.1850625254681743,0.019308095835755455,0.0979045240077713,0.9691894619919222,0.9716717186632131,2.6028540195023235,2.6857999489854496
ets,fixed,0.95,2,13,0.95,26,smooth,15108,0.9782724026433406,0.9696367968806412,0.03482521826149971,2.3107275629136415,0.0954068129280753,0.005019016758386689,0.023298914482393435,0.977042167468471,0.9797006957800525,2.2635720110483892,2.3652751278970263
ets,fixed,0.95,2,13,0.95,26,erratic,1510,0.961274711833761,0.9741119807344973,0.03177887813169758,4.508310621269128,0.5755677572889107,0.022010981560019675,0.08079470198675497,0.9540917763590077,0.968234782931215,4.231508103049337,4.774883467403095
ets,fixed,0.95,2,13,0.95,26,intermittent,10193,0.9441913046905017,0.9597896952454001,0.06749756718317239,3.113054540259894,0.3585027043535659,0.0690324423908653,0.1824781712940253,0.9405635326854851,0.9476673744699021,3.009751568458308,3.2273407845051487
ets,fixed,0.95,2,13,0.95,26,lumpy,2013,0.9330847053236894,0.9591518764395068,0.06521033848815833,4.174060840509378,0.6142841424360526,0.11353883750962758,0.24242424242424243,0.9252462210060626,0.9407417314531659,3.9279665876647387,4.453737725252677
ets,dead13,0.95,2,13,0.95,26,all,28824,0.9671553900061169,0.961823165039235,0.05062706118787159,2.599284973188811,0.17726979689020966,0.011163653971200648,0.07604773799611435,0.9655030337630933,0.968431763921294,2.5571833676852767,2.636387154761698
ets,dead13,0.95,2,13,0.95,26,smooth,15108,0.9767398122384716,0.9673412039377091,0.03745815935677559,2.280686065271749,0.09056268740780607,0.0061112816742577595,0.033492189568440564,0.97545940420587,0.9781981263276517,2.2365184053454494,2.334504528391447
ets,dead13,0.95,2,13,0.95,26,erratic,1510,0.9577063695707088,0.9709512341962673,0.03565885743847461,4.479027347541114,0.5837281465626122,0.013262959171463898,0.051655629139072845,0.9488342599936928,0.9640269917987243,4.1704584195381855,4.758309846933245
ets,dead13,0.95,2,13,0.95,26,intermittent,10193,0.932833266011842,0.9533414196908752,0.07832173066846321,2.985747958188428,0.32155355014137516,0.02968015723673192,0.13411164524673796,0.9282862367126187,0.936573736853394,2.8867168480397134,3.085433750382588
ets,dead13,0.95,2,13,0.95,26,lumpy,2013,0.9251394189285446,0.9565099580002709,0.06942792256948199,4.133871126528107,0.6399430163133176,0.037595334750204136,0.11972180824639841,0.9169639153628755,0.9342113642103024,3.906449239455172,4.419847344189086
ets,dead26,0.95,2,13,0.95,26,all,28824,0.9724116320367442,0.9677856836474655,0.042720046509390756,2.673068602065695,0.1947142570445966,0.001383689731806574,0.015091590341382181,0.9711093422616484,0.9734723505294893,2.6294833857506053,2.7156923479986883
ets,dead26,0.95,2,13,0.95,26,smooth,15108,0.9792826485739228,0.9703919657255639,0.03395907381207081,2.3201927024908744,0.09912576682175937,0.0005932128422403226,0.003508075191951284,0.9780696962843575,0.9805778400932929,2.2715872865747806,2.3763907957791517
ets,dead26,0.95,2,13,0.95,26,erratic,1510,0.9647845566826648,0.9765502709211319,0.02878575123789816,4.582878870468113,0.6015230599465546,0.0009040509459297766,0.006622516556291391,0.9579018369330771,0.971198962620098,4.307473846973532,4.857727935785425
ets,dead26,0.95,2,13,0.95,26,intermittent,10193,0.948885747219294,0.9631342365081206,0.061883374504079644,3.1789294405091475,0.3718161039575185,0.004626710540575156,0.02972628274305896,0.9455174718612166,0.9521776473693861,3.0747006424304915,3.2957709247080826
ets,dead26,0.95,2,13,0.95,26,lumpy,2013,0.9390726252453947,0.9652034503003206,0.055549547601023756,4.381779118721805,0.7098615365905919,0.005652040467683184,0.03427719821162444,0.931055153510195,0.9470269613998783,4.102614210262587,4.692195371980831
ets,none,0.99,2,13,0.95,26,all,28824,0.9866115463877025,0.9865721116241516,0.017806990210860695,3.616540049265803,0.3154104343955581,0.0,0.0,0.9856498626050998,0.987453716209594,3.5599846527473185,3.6700113490151387
ets,none,0.99,2,13,0.95,26,smooth,15108,0.9905447720826206,0.9882753267383927,0.013447669001690879,3.1233761294026663,0.1462592280650631,0.0,0.0,0.9896193192804364,0.991436569875675,3.058503430707903,3.195615433747681
ets,none,0.99,2,13,0.95,26,erratic,1510,0.9801481048167303,0.9890728476821192,0.013413642746286305,6.124362843506122,0.9071428001648564,0.0,0.0,0.9743448722174182,0.9848121164707077,5.75322510154086,6.497602039981662
ets,none,0.99,2,13,0.95,26,intermittent,10193,0.974083278326749,0.9840576866476994,0.026760985103675423,4.388605509196773,0.6823916534486666,0.0,0.0,0.9712509732196605,0.9768164109920668,4.2475918025371495,4.548863922600692
ets,none,0.99,2,13,0.95,26,lumpy,2013,0.9676802890879714,0.984645260353159,0.02451245448974442,6.049623293819239,1.254112496452997,0.0,0.0,0.9615046027684947,0.9732323599905316,5.671986458950821,6.492908823125377
ets,quantile,0.99,2,13,0.95,26,all,28824,0.9865996867194509,0.9865579189059622,0.017825811457119974,3.615894067960717,0.3151181306346164,6.967555097887663e-05,0.0012836525117957257,0.9856383359783163,0.9874427027963893,3.5592895946472214,3.669184993334602
ets,quantile,0.99,2,13,0.95,26,smooth,15108,0.9905447720826206,0.9882753267383927,0.013447669001690879,3.1228302447362273,0.14597411916937317,3.9151056421875925e-05,0.00019857029388403494,0.9896193192804364,0.991436569875675,3.0580373820726883,3.1944717845887918
ets,quantile,0.99,2,13,0.95,26,erratic,1510,0.9801481048167303,0.9890728476821192,0.013413642746286305,6.124293710198493,0.9071311006820266,5.317946740763391e-06,0.0006622516556291391,0.9743448722174182,0.9848121164707077,5.753095136770451,6.497385647042814
ets,quantile,0.99,2,13,0.95,26,intermittent,10193,0.9740192408106164,0.9840264709292473,0.026813384235346956,4.3876954375732735,0.6823049565037487,0.0002044274553461474,0.002648876680074561,0.9711701768453038,0.9767910528352316,4.246915785604156,4.547756746726104
ets,quantile,0.99,2,13,0.95,26,lumpy,2013,0.9676107967871392,0.9846000993541977,0.024584549944126025,6.046623542833317,1.2520740556285868,0.00028955125346737624,0.0029806259314456036,0.961418584989538,0.9730569630369695,5.671380237637179,6.49216754957185
ets,fixed,0.99,2,13,0.95,26,all,28824,0.9822277312028428,0.9809013322231473,0.025327123716234162,3.5102097845598608,0.26831609944405954,0.03139087409646469,0.11965723008603942,0.981069339192038,0.9832775025277994,3.4581870147678138,3.5638466138357896
ets,fixed,0.99,2,13,0.95,26,smooth,15108,0.9888421967112617,0.9869094038077358,0.015014320715000518,3.096276412405334,0.13901048430600169,0.008458858310592269,0.031175536139793486,0.9878876956927533,0.9898571383075228,3.0334792798478327,3.1689981511562837
ets,fixed,0.99,2,13,0.95,26,erratic,1510,0.9741654147333715,0.9854605659241421,0.01784790481117434,5.936899902947472,0.8396835821689246,0.044561734714226836,0.10794701986754966,0.967328911224238,0.9797856249009593,5.585613198978282,6.267887933779666
ets,fixed,0.99,2,13,0.95,26,intermittent,10193,0.9601920632887698,0.9735335301410059,0.0444269780672206,4.046445671556506,0.5152047230131129,0.106204989015103,0.2169135681349946,0.9568654319692436,0.963186902266652,3.9166233158798196,4.187875787089216
ets,fixed,0.99,2,13,0.95,26,lumpy,2013,0.948824711462176,0.9696969696969697,0.04837604989005443,5.377308447368269,0.8848871618765237,0.18683005078728987,0.30004967709885744,0.9412778075894601,0.956052575348749,5.0784800282122475,5.730268132265243
ets,dead13,0.99,2,13,0.95,26,all,28824,0.9787535896343534,0.9772333030555346,0.030191370249465162,3.471134957280178,0.2612013362139973,0.014065937161177154,0.07604773799611435,0.9773616945608721,0.9800474123161554,3.413886405011861,3.51910795766275
ets,dead13,0.99,2,13,0.95,26,smooth,15108,0.9872151977462867,0.9845295689219439,0.017743883501846164,3.06346460583435,0.13189093903313245,0.007441922009608859,0.033492189568440564,0.986236150970699,0.9883534328302803,3.0064219632506757,3.1328858618549353
ets,dead13,0.99,2,13,0.95,26,erratic,1510,0.9717537258864353,0.982901866345575,0.02098884044047003,5.971921241208769,0.8769230360157944,0.01698020394325751,0.051655629139072845,0.9634309246877505,0.9781510915827503,5.575844411261789,6.334362277441162
ets,dead13,0.99,2,13,0.95,26,intermittent,10193,0.9475717466478824,0.9672636301204927,0.054951717942959805,3.917897746864625,0.46851570889530364,0.03835847216338433,0.13411164524673796,0.9432336365591125,0.9511227447465841,3.7944420938809484,4.046706633320982
ets,dead13,0.99,2,13,0.95,26,lumpy,2013,0.942877328715956,0.9687034277198212,0.04996214988644966,5.45123088237849,0.9673803139893792,0.04829135805328901,0.11972180824639841,0.9351749192790647,0.951348229073507,5.153653128322451,5.817182822245793
ets,dead26,0.99,2,13,0.95,26,all,28824,0.9849608288129158,0.9839180733227361,0.021326563261345553,3.569995854675331,0.287901674455442,0.0019049592129331166,0.015091590341382181,0.9839686717191831,0.9858771840927866,3.5128884414673953,3.6259755251345793
ets,dead26,0.99,2,13,0.95,26,smooth,15108,0.9901988551537286,0.9879534021710352,0.01381690189447531,3.1156487515892723,0.14490945822619447,0.0008251456828154862,0.003508075191951284,0.9892614058880868,0.9911221389855331,3.051921724653742,3.189231588157603
ets,dead26,0.99,2,13,0.95,26,erratic,1510,0.9798556177459883,0.9887718242022878,0.013783164585026975,6.113099432309186,0.9046157118736456,0.0012523764574497787,0.006622516556291391,0.9741286886301161,0.984471979624249,5.744966819984194,6.483025619153292
ets,dead26,0.99,2,13,0.95,26,intermittent,10193,0.9669135395012955,0.9783585883360238,0.03632756942884947,4.179346915854704,0.544746706993882,0.0063163157739180124,0.02972628274305896,0.9639000055920224,0.9698621812505488,4.05006678735318,4.331906893312707
ets,dead26,0.99,2,13,0.95,26,lumpy,2013,0.9585304694784024,0.9781420765027322,0.034894199920695,5.784226405916111,1.0787556245330985,0.007817883843619158,0.03427719821162444,0.9505469877554578,0.9651552539611654,5.427803688162201,6.181367889888722
lgb_tweedie,none,0.5,2,13,0.95,26,all,28824,0.8208348798773117,0.7779691166452198,0.2944395764801342,0.8242569500898833,0.05901274562253158,0.0,0.0,0.8186421538578268,0.8237778180013922,0.8073121605074041,0.8425871499882646
lgb_tweedie,none,0.5,2,13,0.95,26,smooth,15108,0.8367856883561041,0.7431102125303872,0.29464094689257736,0.7094443994289893,0.03444911366220717,0.0,0.0,0.8339279905227315,0.8396537696505851,0.688774933383648,0.731803165133272
lgb_tweedie,none,0.5,2,13,0.95,26,erratic,1510,0.7815387478894399,0.7703190848886213,0.28194516295913086,1.1924325617878937,0.11721126872914368,0.0,0.0,0.76891244266816,0.7922634554520986,1.0909724185615552,1.2921693224633153
lgb_tweedie,none,0.5,2,13,0.95,26,intermittent,10193,0.7753132912327715,0.8230425514836385,0.29704319185567785,1.1110324325389398,0.12193383446794677,0.0,0.0,0.7706500381596174,0.7794652566203898,1.0577806607479998,1.166154064524036
lgb_tweedie,none,0.5,2,13,0.95,26,lumpy,2013,0.7477024108037363,0.817097954206747,0.291986590245485,1.357086187826107,0.21044353461006132,0.0,0.0,0.7378146836014147,0.759120867453925,1.2437825213401845,1.4943195181649283
lgb_tweedie,quantile,0.5,2,13,0.95,26,all,28824,0.8208333974187803,0.7779675396765322,0.2944416677297185,0.8234349268341857,0.05854799487291717,5.207135591772429e-05,0.0003122398001665279,0.8186406727030388,0.8237777811706686,0.8062062029978311,0.8412890887998342
lgb_tweedie,quantile,0.5,2,13,0.95,26,smooth,15108,0.8367856883561041,0.7431102125303872,0.29464094689257736,0.7094443994289893,0.03444911366220717,0.0,0.0,0.8339279905227315,0.8396537696505851,0.688774933383648,0.731803165133272
lgb_tweedie,quantile,0.5,2,13,0.95,26,erratic,1510,0.7815387478894399,0.7703190848886213,0.28194516295913086,1.1808261430261777,0.11062445989603414,0.0007179228100030579,0.0033112582781456954,0.76891244266816,0.7922634554520986,1.0774838809131648,1.2718853398032077
lgb_tweedie,quantile,0.5,2,13,0.95,26,intermittent,10193,0.7753132912327715,0.8230425514836385,0.29704319185567785,1.1109856358925354,0.12189590455454519,2.4629813897126195e-06,0.00019621308741293045,0.7706500381596174,0.7794652566203898,1.0577565218609526,1.1661298043470327
lgb_tweedie,quantile,0.5,2,13,0.95,26,lumpy,2013,0.7476560826031816,0.8170753737072665,0.2920226379726758,1.3568950839988185,0.21044353461006132,5.2119225624127725e-05,0.0009935419771485345,0.7377673831593304,0.7590770558438483,1.2435385424187289,1.4941802879332988
lgb_tweedie,fixed,0.5,2,13,0.95,26,all,28824,0.8200708578116577,0.7766397320414806,0.29620249987975317,0.8123819013308956,0.05460780540359841,0.002974367736069013,0.06681931723563697,0.8178675576496677,0.823027461305315,0.7956531789651503,0.8305021984884279
lgb_tweedie,fixed,0.5,2,13,0.95,26,smooth,15108,0.8365321976553473,0.7428394348569091,0.2949515166154802,0.7054073803706019,0.03290636380598818,0.0009133594555128776,0.013767540375959756,0.8336077080526522,0.8393832561185356,0.6852036699571763,0.7271148901784326
lgb_tweedie,fixed,0.5,2,13,0.95,26,erratic,1510,0.7809830224550302,0.7697170379289584,0.2826842066366122,1.1854474387439011,0.11530425302790594,0.00199157105441589,0.03245033112582781,0.7683050728571962,0.7916979106402509,1.082516580057685,1.2846870672578101
lgb_tweedie,fixed,0.5,2,13,0.95,26,intermittent,10193,0.7724562328207049,0.8204427280754172,0.3014072909648926,1.0692972128902594,0.10725495798153749,0.011257056441681526,0.1334248994407927,0.7678583942205501,0.7767903183714745,1.0180568647551937,1.1241776154253296
lgb_tweedie,fixed,0.5,2,13,0.95,26,lumpy,2013,0.744395735489139,0.8137108792846498,0.2973937493241051,1.291798171194283,0.1820200253646898,0.014332787046635124,0.15350223546944858,0.7345057770336352,0.7559739197660843,1.1841776923565845,1.4181476286313004
lgb_tweedie,dead13,0.5,2,13,0.95,26,all,28824,0.8184666523732956,0.7743294729139858,0.29926618052084664,0.7966231818341014,0.05342880613352392,0.0047781491542296115,0.07646405772966972,0.8163141700594743,0.8214208021746134,0.7804383610864143,0.8128549385319587
lgb_tweedie,dead13,0.5,2,13,0.95,26,smooth,15108,0.8356364313960747,0.7414614773629865,0.2965319714275855,0.6951956450148935,0.03304810054189522,0.003210386626593826,0.033558379666401905,0.832756822022951,0.8384569396376764,0.676062208503943,0.7156959995720689
lgb_tweedie,dead13,0.5,2,13,0.95,26,erratic,1510,0.7788717975989471,0.7676700782661048,0.2851969551400488,1.1702008854381323,0.11460813379954,0.004076206176795139,0.051655629139072845,0.7664367078171842,0.7902387402884938,1.0680305022475176,1.2665369519941554
lgb_tweedie,dead13,0.5,2,13,0.95,26,intermittent,10193,0.7678430686777731,0.81669238247282,0.30770267235571525,1.0317330522250574,0.09941701230505504,0.010950415258662305,0.1348964975963897,0.762930670354527,0.7724800705562191,0.9842170363897579,1.078846546751066
lgb_tweedie,dead13,0.5,2,13,0.95,26,lumpy,2013,0.7414886409043264,0.8114979903355463,0.3009264265888036,1.2478269178427273,0.18023638964333077,0.01392162426671145,0.12121212121212122,0.7315931620708038,0.754146020108228,1.1523677257937108,1.3509189764618845
lgb_tweedie,dead26,0.5,2,13,0.95,26,all,28824,0.8205283815759312,0.7773414831075114,0.2952718938147111,0.818769259221031,0.05625644753644114,0.00030538645748188483,0.015091590341382181,0.818331532824418,0.8234908428528132,0.8015832023338632,0.8372638368500502
lgb_tweedie,dead26,0.5,2,13,0.95,26,smooth,15108,0.8367229971075298,0.7430289792283438,0.29473411780944825,0.7086254485335823,0.03433681455606543,0.00011571862879124087,0.003508075191951284,0.8338448361857779,0.8395980599814797,0.6880231831222544,0.7309620903192242
lgb_tweedie,dead26,0.5,2,13,0.95,26,erratic,1510,0.7814882273954027,0.7701986754966887,0.28209297169462716,1.1914407647207415,0.11691878165840171,0.00011699482829679461,0.006622516556291391,0.7688558172108682,0.7922199572488923,1.089680001838988,1.2912982631113457
lgb_tweedie,dead26,0.5,2,13,0.95,26,intermittent,10193,0.7738995399150764,0.821669059871748,0.29934875364922525,1.0869099928080943,0.10894283912790755,0.0011255824950986671,0.02972628274305896,0.7691719240154767,0.7781955601962639,1.0343624983005129,1.141104441589831
lgb_tweedie,dead26,0.5,2,13,0.95,26,lumpy,2013,0.7463473109375091,0.8157657047373887,0.29411340614974224,1.3203247606858888,0.18865769829917595,0.001291398590464498,0.03427719821162444,0.7362866675871534,0.7578410840860894,1.2060796213655818,1.4473569090533098
lgb_tweedie,none,0.8,2,13,0.95,26,all,28824,0.9214899227101714,0.9010042136603336,0.13128028390804358,1.4950957492169377,0.10706308101950897,0.0,0.0,0.9198430718709717,0.9232214868193096,1.4692940732682682,1.5209977956651388
lgb_tweedie,none,0.8,2,13,0.95,26,smooth,15108,0.9317654078610861,0.8899017979637519,0.1262776493322751,1.2853685811781048,0.05684406307681214,0.0,0.0,0.9301314908467444,0.9333525930047694,1.2573610843660141,1.3194459359016366
lgb_tweedie,none,0.8,2,13,0.95,26,erratic,1510,0.8944520520626986,0.8986152919927755,0.12445495528785751,2.261664251432522,0.21480835449432972,0.0,0.0,0.8845941562380361,0.9039255242997624,2.099046787041899,2.421893415460557
lgb_tweedie,none,0.8,2,13,0.95,26,intermittent,10193,0.8935166940878595,0.9154812125968802,0.1418743917957931,1.9701966936937825,0.24361841521925462,0.0,0.0,0.8894049279579727,0.8977012556649104,1.8936222404837777,2.0555252145422553
lgb_tweedie,none,0.8,2,13,0.95,26,lumpy,2013,0.8717751229145071,0.912816691505216,0.1391802746836812,2.4928741436521675,0.4039043091017541,0.0,0.0,0.8612601298055466,0.881749717250087,2.327697464820737,2.68138697423473
lgb_tweedie,quantile,0.8,2,13,0.95,26,all,28824,0.9214862165638428,0.9010010597229582,0.1312844664072123,1.494372494760899,0.10640019968716417,7.171393145964165e-05,0.0004510130446849847,0.9198379494324957,0.9232199950812284,1.4686176917504508,1.5205419907704736
lgb_tweedie,quantile,0.8,2,13,0.95,26,smooth,15108,0.9317654078610861,0.8899017979637519,0.1262776493322751,1.2853668466376305,0.05684406307681214,4.955829926819737e-07,6.619009796134498e-05,0.9301314908467444,0.9333525930047694,1.257359282533617,1.3194441959038936
lgb_tweedie,quantile,0.8,2,13,0.95,26,erratic,1510,0.8944520520626986,0.8986152919927755,0.12445495528785751,2.251743621787628,0.2053785713336081,0.0009412765731151203,0.003973509933774834,0.8845941562380361,0.9039255242997624,2.0915525464245457,2.4102071804161147
lgb_tweedie,quantile,0.8,2,13,0.95,26,intermittent,10193,0.8935166940878595,0.9154812125968802,0.1418743917957931,1.9701400451218192,0.24358048530585305,3.694472084568929e-06,0.00029431963111939565,0.8894049279579727,0.8977012556649104,1.8935996614747892,2.05539127858078
lgb_tweedie,quantile,0.8,2,13,0.95,26,lumpy,2013,0.8716593024131202,0.9127715305062548,0.1392523701380628,2.4921850116689153,0.4039043091017541,0.0001621487019417307,0.0014903129657228018,0.8611917447450521,0.8816401882248953,2.3272962282945278,2.6801735853920956
lgb_tweedie,fixed,0.8,2,13,0.95,26,all,28824,0.9200067229494402,0.8988626901824237,0.1341202008436101,1.473394965311397,0.10036088599875362,0.0057250695412031745,0.08052317513183459,0.9182997916261941,0.9217990254234173,1.4469321894812472,1.4990156293515349
lgb_tweedie,fixed,0.8,2,13,0.95,26,smooth,15108,0.9310032012183412,0.8893060870820998,0.12696090272266125,1.2778741273712717,0.05475562678735103,0.0021292723280581,0.019195128408790046,0.9293319867211302,0.9326819215183945,1.2498996169620362,1.3117764813262454
lgb_tweedie,fixed,0.8,2,13,0.95,26,erratic,1510,0.893340601193879,0.8977122215532811,0.1255635208040795,2.2461837084701597,0.21174308999295374,0.004514936782908119,0.04966887417218543,0.8834314472567061,0.902851903451144,2.083593910801226,2.4043785412398733
lgb_tweedie,fixed,0.8,2,13,0.95,26,intermittent,10193,0.8890586977724796,0.9115301945185198,0.14850662474736134,1.895877461749899,0.22056244643015477,0.019643508073652994,0.15687236338663788,0.8845574955720961,0.8936145809355812,1.8247396167357612,1.9805305727339346
lgb_tweedie,fixed,0.8,2,13,0.95,26,lumpy,2013,0.8666211106027878,0.9073070496319379,0.14797592011823654,2.373052043942298,0.3583578969313358,0.026945639647674036,0.17734724292101342,0.8558200138286874,0.8772493933499104,2.22513518331021,2.548026020367867
lgb_tweedie,dead13,0.8,2,13,0.95,26,all,28824,0.9167236332241935,0.895183622233997,0.13899908612393164,1.438705435675105,0.09229582978855878,0.008004720147964186,0.07660283097418817,0.9149219152039106,0.9186996733834865,1.4125194618104129,1.4636418038356371
lgb_tweedie,dead13,0.8,2,13,0.95,26,smooth,15108,0.9295231426106965,0.8872331335595831,0.12933848649021706,1.2579187347964431,0.05196777422031786,0.0045987623805923755,0.03362456976436325,0.9278067556509956,0.9312855275974695,1.232083540697574,1.287157007052006
lgb_tweedie,dead13,0.8,2,13,0.95,26,erratic,1510,0.8890995386681202,0.8941300421432872,0.12996083068509348,2.2136086257096137,0.20788811040057437,0.007096799925548745,0.052980132450331126,0.8785100968357082,0.8993546241549687,2.0471132591861814,2.3745125340749906
lgb_tweedie,dead13,0.8,2,13,0.95,26,intermittent,10193,0.8781255233835453,0.9054163730902669,0.15876936896474286,1.7989948572948584,0.18964143916928564,0.022048609400707367,0.13499460414009615,0.8727857215272171,0.883744224378303,1.7321497537839805,1.870637422276272
lgb_tweedie,dead13,0.8,2,13,0.95,26,lumpy,2013,0.8592607177396471,0.903829652711918,0.15352727010561984,2.2818723542254213,0.32527145430012566,0.02354051690689769,0.12121212121212122,0.8481601458047414,0.8714534494971087,2.1425481683790917,2.453137984930866
lgb_tweedie,dead26,0.8,2,13,0.95,26,all,28824,0.9209679119997791,0.9000391088234552,0.13256012865367442,1.4848041514768713,0.10301771111738273,0.0008878073530313776,0.015091590341382181,0.9193339528251777,0.9227291560905417,1.4585388840244724,1.5115208992881592
lgb_tweedie,dead26,0.8,2,13,0.95,26,smooth,15108,0.9316117771333547,0.8897603918453799,0.12643983574312434,1.2831327585066201,0.05671050346028435,0.0003659880400956376,0.003508075191951284,0.9299734083098389,0.9332046386468793,1.255019305911087,1.3173471588283743
lgb_tweedie,dead26,0.8,2,13,0.95,26,erratic,1510,0.8943483521012537,0.8984948826008429,0.12460276402335378,2.2591196139170666,0.21434037518114257,0.0003217357778161852,0.006622516556291391,0.8845050475315668,0.9038450515251847,2.09746489760864,2.419494199613253
lgb_tweedie,dead26,0.8,2,13,0.95,26,intermittent,10193,0.8913357240672689,0.9134209751790444,0.14533273448611422,1.9280279893205128,0.22441775119947194,0.003161236613696147,0.02972628274305896,0.8869454125166844,0.8957059811261026,1.8542086786414218,2.012609228124837
lgb_tweedie,dead26,0.8,2,13,0.95,26,lumpy,2013,0.8695339962126696,0.9105812220566318,0.14274899967557045,2.427342903967431,0.3719135284136645,0.0036251816934115507,0.03427719821162444,0.8589439367461386,0.8797179618923989,2.2707629332965005,2.6038958462337787
lgb_tweedie,none,0.9,2,13,0.95,26,all,28824,0.9484925342461819,0.9375551939040698,0.08280930104165142,1.9313567960809728,0.14072611930715076,0.0,0.0,0.9470125609070329,0.9499471928975377,1.8997696300474287,1.9638505241146877
lgb_tweedie,none,0.9,2,13,0.95,26,smooth,15108,0.9568627217764866,0.9328561628998484,0.07701093895579558,1.6671295411818317,0.07229554785584778,0.0,0.0,0.9553293841101276,0.9581783089447863,1.633793707744892,1.708063106851897
lgb_tweedie,none,0.9,2,13,0.95,26,erratic,1510,0.9246367177632716,0.9342564720048163,0.08070356958096224,2.9359533084276164,0.2994307138014013,0.0,0.0,0.9151687392883432,0.9322606274880336,2.7366549944798058,3.133197516974615
lgb_tweedie,none,0.9,2,13,0.95,26,intermittent,10193,0.9270132409879511,0.9446456124078022,0.09291863163410435,2.5108876092332246,0.3244064214850793,0.0,0.0,0.9231443059353098,0.9310826026193318,2.4212613431349643,2.6194050203011203
lgb_tweedie,none,0.9,2,13,0.95,26,lumpy,2013,0.9058379323724093,0.9393939393939394,0.09675209978010886,3.1933507450153753,0.5305934063388561,0.0,0.0,0.8960034881817264,0.9155402359833803,2.984294562205143,3.410349593934388
lgb_tweedie,quantile,0.9,2,13,0.95,26,all,28824,0.9484897546364354,0.9375536169353821,0.08281139229123578,1.9307352753416556,0.13990342894511398,8.80209753057617e-05,0.0005203996669442131,0.9470098495701407,0.9499444736024237,1.8990441242417844,1.9630345170970027
lgb_tweedie,quantile,0.9,2,13,0.95,26,smooth,15108,0.9568627217764866,0.9328561628998484,0.07701093895579558,1.6671223552284378,0.07229554785584778,1.734540474386908e-06,6.619009796134498e-05,0.9553293841101276,0.9581783089447863,1.6337795297430335,1.7080558982898184
lgb_tweedie,quantile,0.9,2,13,0.95,26,erratic,1510,0.9246367177632716,0.9342564720048163,0.08070356958096224,2.928239626680139,0.2877546299373812,0.00106624832152306,0.003973509933774834,0.9151687392883432,0.9322606274880336,2.7316835258296224,3.1247451122879144
lgb_tweedie,quantile,0.9,2,13,0.95,26,intermittent,10193,0.9270132409879511,0.9446456124078022,0.09291863163410435,2.5107583027102645,0.32434681733544823,1.7240869727988336e-05,0.0003924261748258609,0.9231443059353098,0.9310826026193318,2.4209663248531013,2.619140531800896
lgb_tweedie,quantile,0.9,2,13,0.95,26,lumpy,2013,0.905751066996369,0.9393713588944588,0.09678814750729967,3.191503408018253,0.5305934063388561,0.00030692432867541884,0.001987083954297069,0.8959987900227783,0.9155380144983619,2.981414667705626,3.408276995336823
lgb_tweedie,fixed,0.9,2,13,0.95,26,all,28824,0.9465644116186946,0.934973696162289,0.08623267661125553,1.9022809662887077,0.13242216490461028,0.007715084812379122,0.08815570358034971,0.9450559557375422,0.9481048787369576,1.8703332008054812,1.932857897117633
lgb_tweedie,fixed,0.9,2,13,0.95,26,smooth,15108,0.955796227176235,0.932073916287578,0.07790814037751476,1.6568345478833526,0.06985113430274321,0.0030515522774392533,0.02204130262112788,0.9541994585447033,0.9572445189573261,1.6215106082228665,1.6968092639438497
lgb_tweedie,fixed,0.9,2,13,0.95,26,erratic,1510,0.9228578645784863,0.9329018663455749,0.08236641785529525,2.912264514670886,0.29511945437866444,0.007011712777696531,0.05496688741721854,0.9134781753019677,0.9310034994871917,2.714386190856618,3.1060578493824775
lgb_tweedie,fixed,0.9,2,13,0.95,26,intermittent,10193,0.9215823670236347,0.9398874450380386,0.10090575641889363,2.413328916386708,0.29526270159502677,0.0254019585628011,0.17031295987442363,0.9173243205216942,0.9255923792561691,2.3310297928774917,2.5128499265882454
lgb_tweedie,fixed,0.9,2,13,0.95,26,lumpy,2013,0.899919504751536,0.9334101070315676,0.10630474748567102,3.035661132377042,0.474650945963945,0.035064656794899264,0.19324391455538997,0.8898519684919871,0.910087556198249,2.8556026906172307,3.239837313329204
lgb_tweedie,dead13,0.9,2,13,0.95,26,all,28824,0.9427391126855644,0.930725342517599,0.09186650299153253,1.8589661223017169,0.12044137979086587,0.009709918073782332,0.07649875104079934,0.9412443128068119,0.9445020131665232,1.8281741118219759,1.8902307488562986
lgb_tweedie,dead13,0.9,2,13,0.95,26,smooth,15108,0.9541479181425747,0.9297031073242352,0.08062735084026364,1.6324275810767581,0.0653199198840534,0.005327517171331218,0.033558379666401905,0.9525734373099385,0.9555704036328609,1.6007438568555068,1.670070986061941
lgb_tweedie,dead13,0.9,2,13,0.95,26,erratic,1510,0.918167435553133,0.9290487658037327,0.08709629739117582,2.8730872010316815,0.28984298762247895,0.0088756531103341,0.051655629139072845,0.9083070907050991,0.926848999295631,2.6667991186204825,3.0691784462775855
lgb_tweedie,dead13,0.9,2,13,0.95,26,intermittent,10193,0.908502704353566,0.9328282332795234,0.11275544576689872,2.287858486941273,0.2513425711555324,0.02786124548042915,0.1350927106838026,0.9032579735736486,0.9139392753842351,2.210015984246647,2.369458260827878
lgb_tweedie,dead13,0.9,2,13,0.95,26,lumpy,2013,0.890619118490164,0.929006909632841,0.11333405428787716,2.927780126360167,0.4241613147943317,0.028590290767368732,0.12071535022354694,0.8802703907172984,0.9011037843815473,2.7667667875714086,3.113856373439742
lgb_tweedie,dead26,0.9,2,13,0.95,26,all,28824,0.9478652689800555,0.9364339691671082,0.08429617949613433,1.9183252443601255,0.1358653972127185,0.0011956028056268938,0.015091590341382181,0.9463587483513656,0.9493405609745544,1.8853286411099914,1.9500521467140306
lgb_tweedie,dead26,0.9,2,13,0.95,26,smooth,15108,0.9566630018304357,0.9326816617324958,0.07721108388833293,1.6640772455299033,0.07211129009916864,0.0005012821970978164,0.003508075191951284,0.955145176924685,0.9579471881701734,1.630641859404556,1.7052576620523665
lgb_tweedie,dead26,0.9,2,13,0.95,26,erratic,1510,0.9245037690947525,0.9341360626128838,0.0808513783164585,2.932507278939602,0.29881649095284313,0.0004307536860018347,0.006622516556291391,0.915075994529841,0.9321361073952894,2.7344984297639767,3.1307337573890703
lgb_tweedie,dead26,0.9,2,13,0.95,26,intermittent,10193,0.9244702127030728,0.9422687584170955,0.09690845123137959,2.4583448272464854,0.30135045269597943,0.004224013083357142,0.02972628274305896,0.9202808458867053,0.9286674054705536,2.374719539149587,2.5589656134224366
lgb_tweedie,dead26,0.9,2,13,0.95,26,lumpy,2013,0.903150896740232,0.9367746014541841,0.10093363613424174,3.112021588941458,0.4927548485357393,0.004847087983043879,0.03427719821162444,0.8928626319616599,0.9131697196364108,2.9247373607454334,3.3220164559370944
lgb_tweedie,none,0.95,2,13,0.95,26,all,28824,0.9628140101967204,0.9566980168041783,0.05742362233705506,2.318835691893972,0.1737756050700823,0.0,0.0,0.9614929428358823,0.9640592618247966,2.2811323724014456,2.3543430342242377
lgb_tweedie,none,0.95,2,13,0.95,26,smooth,15108,0.97009379651511,0.9555653837822226,0.050964491528348116,2.0070915448337825,0.08753442753102288,0.0,0.0,0.9687216759353662,0.9713061634548801,1.9690815884740591,2.054322228791162
lgb_tweedie,none,0.95,2,13,0.95,26,erratic,1510,0.9412579603015275,0.9525888019265503,0.05819968960165546,3.52824760360025,0.38573779863594665,0.0,0.0,0.9330078213626724,0.9485151502353162,3.2971893756786352,3.7625421737904325
lgb_tweedie,none,0.95,2,13,0.95,26,intermittent,10193,0.9447602533915254,0.9594953756142808,0.06799161613893255,2.991567983212319,0.40279400608849003,0.0,0.0,0.940997759478172,0.9489057669677542,2.8898989939429724,3.110120316398095
lgb_tweedie,none,0.95,2,13,0.95,26,lumpy,2013,0.9245255702711938,0.9541164250553222,0.07324898165170686,3.8069793434135772,0.650695791662082,0.0,0.0,0.9150499187516598,0.9328815995198763,3.5449059591109977,4.059250962970712
lgb_tweedie,quantile,0.95,2,13,0.95,26,all,28824,0.9628106746650246,0.9566948628668029,0.05742780483622379,2.3180976128526187,0.17276660673210362,0.00010988723864487724,0.0007979461559811268,0.9614887963676542,0.9640559069704293,2.280381921408036,2.3532457484958638
lgb_tweedie,quantile,0.95,2,13,0.95,26,smooth,15108,0.97009379651511,0.9555653837822226,0.050964491528348116,2.0070811375909363,0.08753442753102288,2.477914963409869e-06,6.619009796134498e-05,0.9687216759353662,0.9713061634548801,1.9690610548161949,2.054311785627543
lgb_tweedie,quantile,0.95,2,13,0.95,26,erratic,1510,0.9412579603015275,0.9525888019265503,0.05819968960165546,3.5201297579004747,0.3717276679474055,0.0012098328835236714,0.005298013245033113,0.9330078213626724,0.9485151502353162,3.2907817783565676,3.7517692915119625
lgb_tweedie,quantile,0.95,2,13,0.95,26,intermittent,10193,0.9447577904101356,0.9594953756142808,0.06799161613893255,2.9911948415317773,0.40267479778922793,5.4185590573677625e-05,0.0006867458059452565,0.940997759478172,0.9489031353033494,2.889546561090847,3.109850335043478
lgb_tweedie,quantile,0.95,2,13,0.95,26,lumpy,2013,0.9244329138700842,0.9540712640563609,0.07332107710608846,3.8035915937480094,0.6502371424765898,0.0004864461058251921,0.003477396920019871,0.9149596461979881,0.9328154800342163,3.5401494029382112,4.0570423705140835
lgb_tweedie,fixed,0.95,2,13,0.95,26,all,28824,0.9605143463997846,0.9537900865440416,0.06127988657062254,2.2823729565467312,0.1639033207256412,0.009649878503257981,0.09554537885095754,0.9591632147761218,0.9618629807736967,2.2454982722877066,2.31691668270807
lgb_tweedie,fixed,0.95,2,13,0.95,26,smooth,15108,0.9687988381552319,0.9546748261005609,0.05198592083922841,1.9939630557746444,0.08479836338672497,0.003890822075546176,0.02455652634365899,0.9674594345430677,0.9700671224934301,1.9539837050547844,2.0405443531197482
lgb_tweedie,fixed,0.95,2,13,0.95,26,erratic,1510,0.9388702022149248,0.9509331727874775,0.06023205971472914,3.495677838786445,0.38000505204940377,0.0096600502545967,0.06423841059602649,0.930548694631997,0.9460083541577132,3.267626306200593,3.723762406982249
lgb_tweedie,fixed,0.95,2,13,0.95,26,intermittent,10193,0.9385079751337398,0.9541797847007305,0.07691443970357063,2.8708966730047387,0.36757337221559955,0.030920268366452223,0.18238006475031884,0.9343993296172721,0.9425566823158815,2.7800450225938387,2.9822776762170413
lgb_tweedie,fixed,0.95,2,13,0.95,26,lumpy,2013,0.9175242209623525,0.947319694711647,0.08409934753613785,3.612690452336968,0.5842298805311528,0.044197103329260315,0.21212121212121213,0.9080230254761394,0.926943138835194,3.387535586467776,3.8417950400281007
lgb_tweedie,dead13,0.95,2,13,0.95,26,all,28824,0.9564103452627389,0.9493319960638862,0.06719184914561999,2.232603117499107,0.1485905988780383,0.011136228488368538,0.07649875104079934,0.9550667519724743,0.9579618183463084,2.1959718837795816,2.2679406012157033
lgb_tweedie,dead13,0.95,2,13,0.95,26,smooth,15108,0.9670625631403706,0.9521746455821118,0.05485351461403085,1.966121203245771,0.07867370097166479,0.005931632839410544,0.033492189568440564,0.9656442423407303,0.968367150413285,1.929141276357042,2.011934329982633
lgb_tweedie,dead13,0.95,2,13,0.95,26,erratic,1510,0.9341611603759788,0.9471402769416014,0.06488803488286157,3.452070675512185,0.3736931810627917,0.0104444473988593,0.051655629139072845,0.9254632608642154,0.9421503692546128,3.210586207701086,3.685508142615015
lgb_tweedie,dead13,0.95,2,13,0.95,26,intermittent,10193,0.9241389417061565,0.9467326061557397,0.08941537540235048,2.724168251184694,0.3126481483305912,0.0326825315507916,0.1348964975963897,0.9192056604792866,0.9293700714230652,2.635526090980802,2.811948877819236
lgb_tweedie,dead13,0.95,2,13,0.95,26,lumpy,2013,0.9076736873193924,0.9428035948155173,0.09130889297429796,3.4929725910783467,0.5208598514022967,0.03295672366965677,0.12220566318926974,0.8973915932825014,0.9177981209748464,3.312347313358457,3.7017936503965854
lgb_tweedie,dead26,0.95,2,13,0.95,26,all,28824,0.9621109542381729,0.9554853278833295,0.05903179326743109,2.3035311606297557,0.16826708565886292,0.0014498444437732203,0.015091590341382181,0.9607610480767642,0.963377679014499,2.266050557037093,2.3390447187389585
lgb_tweedie,dead26,0.95,2,13,0.95,26,smooth,15108,0.9698616158830384,0.9553728307699714,0.05118534110907899,2.003341468328158,0.08731746129682671,0.0006127883704512606,0.003508075191951284,0.9685065498560124,0.9710345208597639,1.96521748065756,2.050888966095532
lgb_tweedie,dead26,0.95,2,13,0.95,26,erratic,1510,0.9411063988194158,0.9524081878386514,0.05842140270489986,3.524126194876158,0.38505922863182523,0.0005238177539651941,0.006622516556291391,0.9328995192032579,0.9484040440799372,3.294651205086457,3.7598337338450283
lgb_tweedie,dead26,0.95,2,13,0.95,26,intermittent,10193,0.9419623065328119,0.9569312273128617,0.07229583052623699,2.930450331517295,0.3765844359280021,0.005100834458094835,0.02972628274305896,0.9380229182180062,0.9461447108576615,2.8349226308700954,3.0432017461998657
lgb_tweedie,dead26,0.95,2,13,0.95,26,lumpy,2013,0.9214679090345782,0.9513164431197219,0.07771889982336613,3.7127188283598076,0.6083471835349575,0.005860517370179696,0.03427719821162444,0.9117988867488354,0.9301506878774036,3.4780918980339552,3.9492061576107047
lgb_tweedie,none,0.99,2,13,0.95,26,all,28824,0.97818228717779,0.9771607624958999,0.030287567730345914,3.084701009424545,0.24986304862779007,0.0,0.0,0.9771658676312588,0.9792322301314049,3.0339863083376524,3.1285046625754775
lgb_tweedie,none,0.99,2,13,0.95,26,smooth,15108,0.983964916688782,0.979162153705442,0.02390006556471928,2.68062302711508,0.12422734275089695,0.0,0.0,0.9830128930260515,0.9849375538110585,2.6330891050069187,2.7406343401426705
lgb_tweedie,none,0.99,2,13,0.95,26,erratic,1510,0.9608200273874257,0.9733293196869356,0.03273963491242332,4.685658827126847,0.5860036959729849,0.0,0.0,0.953835680078756,0.9675648629782077,4.393672347714829,4.986044653100371
lgb_tweedie,none,0.99,2,13,0.95,26,intermittent,10193,0.9644911973045132,0.976160109879329,0.0400179654165731,3.9407221954030915,0.5752857058412068,0.0,0.0,0.9612822677967294,0.9679423749471839,3.8176391247851957,4.082681811779684
lgb_tweedie,none,0.99,2,13,0.95,26,lumpy,2013,0.9452342759191804,0.9700808381881407,0.04776323852781082,5.0160758855925085,0.9236684985609303,0.0,0.0,0.9366923383003468,0.9532912309352848,4.682279292483184,5.336565914166737
lgb_tweedie,quantile,0.99,2,13,0.95,26,all,28824,0.978162644602248,0.9771528776524613,0.030298023978267734,3.0830795704057543,0.24815896254587053,0.0002325606821236441,0.0019081321121287816,0.9771424409966695,0.9792267578353825,3.0323889372562336,3.1269237082322765
lgb_tweedie,quantile,0.99,2,13,0.95,26,smooth,15108,0.983964916688782,0.979162153705442,0.02390006556471928,2.6805870973481105,0.12421262393601427,7.185953393888619e-06,0.00019857029388403494,0.9830128930260515,0.9849375538110585,2.633027011123935,2.740592008261075
lgb_tweedie,quantile,0.99,2,13,0.95,26,erratic,1510,0.9608120504673145,0.9733293196869356,0.03273963491242332,4.672433093582568,0.5659273834372549,0.0019091428799340574,0.008609271523178808,0.9538279034897187,0.967549431267228,4.3793474937958745,4.969713385775096
lgb_tweedie,quantile,0.99,2,13,0.95,26,intermittent,10193,0.9643852891047555,0.976146731714278,0.04004042218728947,3.9380966572416582,0.5742236682659625,0.00037437317123631815,0.0025507701363680956,0.9611912560299372,0.967836380777746,3.8155804007165965,4.080696548937762
lgb_tweedie,quantile,0.99,2,13,0.95,26,lumpy,2013,0.9451358284930016,0.9700356771891794,0.047835333982192425,5.007395139013557,0.9194769546157364,0.001181369114146895,0.006458022851465474,0.9366715138597707,0.9531892577988142,4.672646093636143,5.330579291679968
lgb_tweedie,fixed,0.99,2,13,0.95,26,all,28824,0.9753800699386874,0.9736882774455631,0.03489249931511576,3.0297455304338547,0.23569793499085787,0.014049630117331034,0.10845129059117402,0.9742230691402837,0.9765379448446267,2.983605366826484,3.0728653034587508
lgb_tweedie,fixed,0.99,2,13,0.95,26,smooth,15108,0.9824266270794972,0.978021878836017,0.025207909175609923,2.6602736460610688,0.12081312283941302,0.005638991082231838,0.028263171829494307,0.9813109961496792,0.9834889026066364,2.611566114679827,2.7192372089048793
lgb_tweedie,fixed,0.99,2,13,0.95,26,erratic,1510,0.9573022056184107,0.9710716435881999,0.035511048702978346,4.628650438065863,0.5766792081577303,0.01593256843532712,0.07483443708609272,0.9498510088737899,0.9634967984868188,4.3452285445327075,4.923950653495796
lgb_tweedie,fixed,0.99,2,13,0.95,26,intermittent,10193,0.9569470853078235,0.9699125068005673,0.05050527734111835,3.762375249992611,0.5220890022954986,0.04441617489138252,0.20661238104581575,0.9532258543594606,0.9605093962578223,3.6522769583723758,3.8920986910171456
lgb_tweedie,fixed,0.99,2,13,0.95,26,lumpy,2013,0.9367504241925864,0.9622454048683556,0.06027179986301864,4.737070088776414,0.831250687684227,0.06371285781296147,0.23845007451564829,0.9278235900435501,0.9450553884488633,4.459180717485068,5.028772628946576
lgb_tweedie,dead13,0.99,2,13,0.95,26,all,28824,0.9709634553588189,0.9690551434410718,0.04103659059397762,2.970715884784064,0.2144951089060364,0.0138433830741409,0.07649875104079934,0.9697168320940253,0.9723471953378442,2.922768889227279,3.0143435796266975
lgb_tweedie,dead13,0.99,2,13,0.95,26,smooth,15108,0.9806103154113178,0.9754404650155246,0.028168673867283205,2.626836661544816,0.11129659130583887,0.007094022748746113,0.033492189568440564,0.9794678074886913,0.9817918345140104,2.578869792253199,2.682267735734028
lgb_tweedie,dead13,0.99,2,13,0.95,26,erratic,1510,0.9528085406224657,0.9671583383503913,0.04031483260660705,4.584229628940267,0.5691271919911722,0.01337463605301993,0.05231788079470199,0.9444657368751818,0.9611705915480643,4.275533978462872,4.888874155734746
lgb_tweedie,dead13,0.99,2,13,0.95,26,intermittent,10193,0.9408625853423052,0.9621174959642536,0.06359008907852384,3.584866949745328,0.44959680994650403,0.04178817374855916,0.1350927106838026,0.9360676783511159,0.9454282473643693,3.4737083711183323,3.693915732662642
lgb_tweedie,dead13,0.99,2,13,0.95,26,lumpy,2013,0.9265987572460201,0.9576841439732647,0.06755344075556036,4.605248985122857,0.7483880681719471,0.04119156131826895,0.12071535022354694,0.916923481855193,0.9361261037204007,4.366402478163917,4.873278699623623
lgb_tweedie,dead26,0.99,2,13,0.95,26,all,28824,0.9773734207415591,0.9757935306436556,0.03210068111998963,3.0649985796194192,0.2431502540285347,0.001923675251892868,0.015091590341382181,0.976248297619587,0.9783990060208874,3.0154521264016783,3.1095833331778095
lgb_tweedie,dead26,0.99,2,13,0.95,26,smooth,15108,0.983713408319996,0.9789304883625773,0.024165775216536112,2.6754659904932314,0.1239684006372206,0.0008194464783996436,0.003508075191951284,0.9827170523971622,0.9846905248524186,2.6279068093440068,2.7360101695289063
lgb_tweedie,dead26,0.99,2,13,0.95,26,erratic,1510,0.9606418761716101,0.9730885009030704,0.03303525238341586,4.680223885557787,0.5851496337264183,0.0006939920496696225,0.006622516556291391,0.9537113368672026,0.967428911988783,4.391163530330448,4.983010929285872
lgb_tweedie,dead26,0.99,2,13,0.95,26,intermittent,10193,0.9612289784538388,0.97329272317009,0.04483119994011528,3.8632823660384426,0.5432268011782904,0.006746106026422865,0.02972628274305896,0.9577345028690093,0.9648613685640862,3.7483206274879763,4.004187921651017
lgb_tweedie,dead26,0.99,2,13,0.95,26,lumpy,2013,0.9415627660252142,0.9669421487603306,0.05277387260733211,4.896873425565059,0.8725545948888412,0.007731018467578946,0.03427719821162444,0.9322252327092372,0.949815798250125,4.604086130751611,5.200848599976451
lgb_conformal,none,0.5,2,13,0.95,26,all,28824,0.7944845500951461,0.7469532964953448,0.3355702733054082,0.7397860923523485,0.053200507519678246,0.0,0.0,0.7920261223040473,0.7971817124422041,0.723397674843523,0.7558971918599028
lgb_conformal,none,0.5,2,13,0.95,26,smooth,15108,0.8245447884368594,0.7275224444604905,0.3125194106076814,0.6741826783336814,0.033920871750307446,0.0,0.0,0.8217386811768764,0.8273859258072715,0.6539886659584102,0.6960633738827803
lgb_conformal,none,0.5,2,13,0.95,26,erratic,1510,0.7244107050267892,0.7126128838049368,0.35278249944571727,0.9705651647898746,0.10332983235172899,0.0,0.0,0.7129809138186429,0.7345425658873481,0.880059793825137,1.0575136193285388
lgb_conformal,none,0.5,2,13,0.95,26,intermittent,10193,0.7040727860260287,0.7779313789320657,0.37276742271128077,0.8889010669635381,0.09932218752155109,0.0,0.0,0.7004344792880485,0.7084800200866271,0.8433219256129533,0.9366466086894155
lgb_conformal,none,0.5,2,13,0.95,26,lumpy,2013,0.6697320492700413,0.7616854084812357,0.38044771277170975,1.069150630353079,0.17771381912312298,0.0,0.0,0.6615480491391993,0.6787819562425215,0.9652709801657616,1.1925884897420322
lgb_conformal,quantile,0.5,2,13,0.95,26,all,28824,0.7944812145634502,0.7469469886205939,0.3355786383037456,0.738977781838067,0.0528539828379482,6.003957052435114e-05,0.0006244796003330558,0.7920227754118513,0.7971768407159502,0.7227375104869838,0.7554510697841774
lgb_conformal,quantile,0.5,2,13,0.95,26,smooth,15108,0.8245440450623703,0.7275194358196742,0.31252286138238033,0.6733553025273988,0.03359487725772125,5.748762715110895e-05,0.0003971405877680699,0.8217371679755099,0.8273844827997786,0.6535074329834247,0.6946875808410968
lgb_conformal,quantile,0.5,2,13,0.95,26,erratic,1510,0.7244107050267892,0.7126128838049368,0.35278249944571727,0.9688687397795711,0.10198439182631587,9.040509459297766e-05,0.0013245033112582781,0.7129809138186429,0.7345425658873481,0.8785084388317446,1.0566304854636057
lgb_conformal,quantile,0.5,2,13,0.95,26,intermittent,10193,0.7040543136656059,0.7779180007670148,0.37278987948199716,0.8885858053456548,0.09926258337192004,4.679664640453977e-05,0.000882958893358187,0.700415973319897,0.7084550354932768,0.8430821723569724,0.936244055136773
lgb_conformal,quantile,0.5,2,13,0.95,26,lumpy,2013,0.6697320492700413,0.7616854084812357,0.38044771277170975,1.068403588119133,0.17771381912312298,0.0001158205013869505,0.0004967709885742673,0.6615480491391993,0.6787819562425215,0.9652369346481444,1.19092869450439
lgb_conformal,fixed,0.5,2,13,0.95,26,all,28824,0.7938194821364674,0.7457989554159412,0.33710106800116274,0.729662012426338,0.049458040956993694,0.0024866388792168766,0.06355814598945324,0.7913499347717433,0.7965486300031378,0.713646332800702,0.745925763755932
lgb_conformal,fixed,0.5,2,13,0.95,26,smooth,15108,0.8243093865153355,0.7272546754278287,0.3128265295558853,0.6703342286040096,0.03239992754576647,0.0008377830491288766,0.013635160180037067,0.8214434589951345,0.8271359054768487,0.6508221570890256,0.6916507521802049
lgb_conformal,fixed,0.5,2,13,0.95,26,erratic,1510,0.7239374077668612,0.7122817579771222,0.353188973468332,0.9654918435991864,0.10167435553132935,0.001387984099339245,0.02847682119205298,0.7125447231749141,0.7340935387681783,0.8762903623864265,1.0560545754424502
lgb_conformal,fixed,0.5,2,13,0.95,26,intermittent,10193,0.7016356659409082,0.775737359863721,0.37645033310876563,0.8540129355782589,0.08717106883540389,0.009409820399397062,0.12744040027469833,0.6978217466670908,0.7060151771452603,0.8107930356846361,0.9000344073822173
lgb_conformal,fixed,0.5,2,13,0.95,26,lumpy,2013,0.6669407751866158,0.7585241385539448,0.38549439457842183,1.017813193113313,0.15704912526566328,0.01085817200502661,0.1410829607550919,0.6585651332283788,0.676157129450609,0.9210855514476585,1.1305675693373887
lgb_conformal,dead13,0.5,2,13,0.95,26,all,28824,0.7925506829408493,0.7437867433704237,0.3397695024708114,0.7161879468338485,0.04883062744501422,0.004269851185253392,0.07604773799611435,0.7900442485403916,0.7953592680641175,0.7006540707677456,0.7317694125532009
lgb_conformal,dead13,0.5,2,13,0.95,26,smooth,15108,0.8234270009968652,0.7259158302645197,0.31436212429690463,0.6601993086121668,0.032604355530247785,0.0031756958171060877,0.033558379666401905,0.820600107477163,0.8262227432892045,0.6413727126640758,0.6803465813191419
lgb_conformal,dead13,0.5,2,13,0.95,26,erratic,1510,0.7224111570522621,0.7104154124021673,0.35548000886852416,0.9539120145711741,0.1017855006182113,0.0033316936330882647,0.052980132450331126,0.7112805386493258,0.7327216763949888,0.8625757671684485,1.0376010300530718
lgb_conformal,dead13,0.5,2,13,0.95,26,intermittent,10193,0.6985791060362748,0.7725711941350124,0.3817651021783068,0.8276331734037419,0.08211013467582239,0.008645064677891294,0.13391543215932503,0.6946844122471997,0.7031976023987272,0.7865545724108913,0.8693204675350645
lgb_conformal,dead13,0.5,2,13,0.95,26,lumpy,2013,0.6656088394206658,0.7571918890845866,0.38762121048267906,0.9828643568198006,0.15622100868074656,0.011309871960435716,0.11922503725782414,0.6569977455502786,0.6751219568642867,0.9012990196074077,1.0759542512273643
lgb_conformal,dead26,0.5,2,13,0.95,26,all,28824,0.7942325321447969,0.7464187041102112,0.33627920691450763,0.7352236409144471,0.05099171843072128,0.00023496967723727545,0.014848737163474882,0.7917739386322299,0.7969339548166964,0.7191251660619211,0.7515193463707287
lgb_conformal,dead26,0.5,2,13,0.95,26,smooth,15108,0.8244860618522266,0.7274382025176307,0.31261603229925117,0.6734108078225792,0.03381565948096106,0.00010803709240467027,0.003508075191951284,0.8216620603057477,0.8273332260240991,0.6533439964699552,0.6952111833866376
lgb_conformal,dead26,0.5,2,13,0.95,26,erratic,1510,0.7243841152930853,0.7125526791089705,0.3528564038134654,0.969961577834798,0.10308999295372057,6.64743342595424e-05,0.006622516556291391,0.7129571211774038,0.7345158674313623,0.8798007516129657,1.0571022774890146
lgb_conformal,dead26,0.5,2,13,0.95,26,intermittent,10193,0.7029213422263382,0.7767541004075881,0.3747436185343214,0.8688277686373802,0.08871806744628238,0.0008078578958257392,0.029235750024526636,0.6992404013926364,0.7073984111448511,0.8229241344179368,0.9159587973514504
lgb_conformal,dead26,0.5,2,13,0.95,26,lumpy,2013,0.6687012468076974,0.7606692860046065,0.3820698604952958,1.0403171165327973,0.161533695079366,0.0008744447854714763,0.033283656234475906,0.6604398628828967,0.6778468381936462,0.9417314484533271,1.149872268094887
lgb_conformal,none,0.8,2,13,0.95,26,all,28824,0.9263727704981858,0.9028476900562662,0.1288356131439219,1.5625251902133275,0.10036903952067669,0.0,0.0,0.9245198429766466,0.9285670260340643,1.540146835165309,1.5860263894900872
lgb_conformal,none,0.8,2,13,0.95,26,smooth,15108,0.9382934748321894,0.8949653404577947,0.12046999551399289,1.3784028896453135,0.05572434286314649,0.0,0.0,0.936282841317282,0.940635183733858,1.3504712639571,1.406452110520457
lgb_conformal,none,0.8,2,13,0.95,26,erratic,1510,0.8852945477751041,0.8877483443708609,0.13779469366639568,2.0581703604238406,0.1770365741787096,0.0,0.0,0.8747092950590013,0.8964648650622602,1.9045897547777546,2.1917724131262335
lgb_conformal,none,0.8,2,13,0.95,26,intermittent,10193,0.8978835600918199,0.9156417505774908,0.14160491054719665,2.064724687940258,0.23303326010068667,0.0,0.0,0.8925947951698856,0.9026988223732707,1.995319461306986,2.149826931133165
lgb_conformal,none,0.8,2,13,0.95,26,lumpy,2013,0.8712133934827804,0.9085489771033736,0.1459932951227425,2.4245226747586592,0.3529178079811907,0.0,0.0,0.8599178540977973,0.8816759383095277,2.286436416027566,2.6112131789741393
lgb_conformal,quantile,0.8,2,13,0.95,26,all,28824,0.9263685084299078,0.9028398052128277,0.1288460693918437,1.561345153222281,0.0999230418714853,9.042997041939307e-05,0.0009367194004995837,0.9245147237385343,0.9285637393629745,1.5395160863215953,1.585441674375006
lgb_conformal,quantile,0.8,2,13,0.95,26,smooth,15108,0.9382927314577004,0.8949623318169784,0.1204734462886918,1.3773953694211911,0.05534219881748942,7.037278496084027e-05,0.0003971405877680699,0.9362828041088196,0.9406351652272522,1.3493815731820187,1.4048231450044713
lgb_conformal,quantile,0.8,2,13,0.95,26,erratic,1510,0.8852945477751041,0.8877483443708609,0.13779469366639568,2.0554183229854956,0.17505351183907894,0.00015422045548213836,0.0013245033112582781,0.8747092950590013,0.8964648650622602,1.9029875938122962,2.187253481967823
lgb_conformal,quantile,0.8,2,13,0.95,26,intermittent,10193,0.8978589302779229,0.9156239130240896,0.1416348529081518,2.064044905076697,0.23291676108095327,8.866733002965429e-05,0.0014715981555969784,0.8925568469609214,0.9026779267782387,1.9945303827787269,2.1491771046373396
lgb_conformal,quantile,0.8,2,13,0.95,26,lumpy,2013,0.8712133934827804,0.9085489771033736,0.1459932951227425,2.4203820918340755,0.3527776651745125,0.00042853585513171686,0.001987083954297069,0.8599178540977973,0.8816759383095277,2.2860340298933752,2.610858693405785
lgb_conformal,fixed,0.8,2,13,0.95,26,all,28824,0.9249989020541501,0.9007329750460475,0.1316399788365542,1.5411939090967546,0.09248784522984685,0.005376691786308791,0.07698445739661393,0.9230972200794864,0.9272525060158459,1.51960958740935,1.5646879627187502
lgb_conformal,fixed,0.8,2,13,0.95,26,smooth,15108,0.937729253595021,0.8944448455965532,0.12106697953690604,1.3715821809170317,0.05350180181586565,0.0018007008039099515,0.01714323537198835,0.9356370278200933,0.9400785304760954,1.3442155860732827,1.3995208384101943
lgb_conformal,fixed,0.8,2,13,0.95,26,erratic,1510,0.8845473762580268,0.8868452739313666,0.1389032591826177,2.043920922131965,0.17402395735006715,0.003850193440312695,0.041721854304635764,0.8739278243715076,0.8957046838248155,1.895065524137072,2.177571603765817
lgb_conformal,fixed,0.8,2,13,0.95,26,intermittent,10193,0.8930142458843581,0.9116728949457292,0.14826708585972004,1.9896062185354126,0.2057887451602416,0.01925189403268869,0.1511821838516629,0.8877234927166462,0.898091210739827,1.918873541586461,2.07044873277567
lgb_conformal,fixed,0.8,2,13,0.95,26,lumpy,2013,0.8659898888702289,0.9029490132321727,0.15493313146606105,2.301579212536411,0.29324245284657835,0.0270267139986449,0.17685047193243913,0.85370772701029,0.8764158236292287,2.166136278280506,2.4612382162112953
lgb_conformal,dead13,0.8,2,13,0.95,26,all,28824,0.9219789487182386,0.8972194888098302,0.13629928291051752,1.5117450556765097,0.08787825161064486,0.007638182276059351,0.07646405772966972,0.9199736691995536,0.924335406856283,1.4903366818883819,1.5344530399759406
lgb_conformal,dead13,0.8,2,13,0.95,26,smooth,15108,0.9364246313667857,0.8925433846005728,0.12324786914662342,1.354314087120021,0.05194487828605595,0.00451723897829619,0.033558379666401905,0.9342713594026002,0.9388549110622693,1.329319274706028,1.3804855273298615
lgb_conformal,dead13,0.8,2,13,0.95,26,erratic,1510,0.8805030777616762,0.8835039133052378,0.14300495159263912,2.0173019397210736,0.17098209181435048,0.006626161638991186,0.051655629139072845,0.8691598911727889,0.8911521698272794,1.865698443751148,2.1485557170912735
lgb_conformal,dead13,0.8,2,13,0.95,26,intermittent,10193,0.8831536998906436,0.9057151521097366,0.15826783441874392,1.9076849945321814,0.18561544978966138,0.020150882239933793,0.1348964975963897,0.8775725273087238,0.8889826086270691,1.8436112986128816,1.9741106814833136
lgb_conformal,dead13,0.8,2,13,0.95,26,lumpy,2013,0.8572801871659302,0.899584518809556,0.16030424281749037,2.228044776205836,0.2870634290975846,0.02394009763668267,0.12121212121212122,0.8449595831952815,0.8702656008656651,2.1012458344723557,2.362414409744153
lgb_conformal,dead26,0.8,2,13,0.95,26,all,28824,0.9258237049195942,0.9018352761587566,0.13017819537708367,1.5523633075947647,0.09522131345455273,0.0006876754512835404,0.015091590341382181,0.9239189479008211,0.9280326938189059,1.5295521105405128,1.576636213711448
lgb_conformal,dead26,0.8,2,13,0.95,26,smooth,15108,0.938162393130625,0.8948118997761572,0.12064598502363781,1.376511744945239,0.05553081770450418,0.0002792610163762922,0.003508075191951284,0.9361059401731184,0.9405202958327952,1.3493628650963676,1.4046491471572384
lgb_conformal,dead26,0.8,2,13,0.95,26,erratic,1510,0.8851908478136592,0.8876279349789283,0.13794250240189196,2.055843758724756,0.17656859486552243,0.00027387425714931466,0.006622516556291391,0.8745730128837857,0.8963678098982187,1.9034488816358184,2.1907801222071988
lgb_conformal,dead26,0.8,2,13,0.95,26,intermittent,10193,0.8954895421810193,0.9135101629460504,0.14518302268133843,2.0216619213225226,0.20912115898052278,0.002458055426933194,0.02972628274305896,0.8899516368686797,0.9003156150296917,1.952047941513563,2.1046663395081207
lgb_conformal,dead26,0.8,2,13,0.95,26,lumpy,2013,0.8686016411765046,0.9060877026599828,0.1499224973865398,2.358719256895663,0.31003410913765844,0.00280864715863355,0.03427719821162444,0.856463070883043,0.8792456471084801,2.2149592874511237,2.5194082090539425
lgb_conformal,none,0.9,2,13,0.95,26,all,28824,0.9624715622759519,0.953048911260818,0.062262773875273694,2.3662369328229476,0.15570495443200436,0.0,0.0,0.9609220660744844,0.9639878848902154,2.3361937028236195,2.398043279628067
lgb_conformal,none,0.9,2,13,0.95,26,smooth,15108,0.9690451429025949,0.948690639516692,0.0588495117153801,2.0100462106361525,0.07549661752217919,0.0,0.0,0.9675877108118359,0.9707418417642765,1.977662731167109,2.0428039601265557
lgb_conformal,none,0.9,2,13,0.95,26,erratic,1510,0.9372721592193254,0.9472907886815172,0.06470327396349124,3.2341491949958123,0.28237871757714345,0.0,0.0,0.9281151437878712,0.9458690202374753,3.0011339391189487,3.415653668152979
lgb_conformal,none,0.9,2,13,0.95,26,intermittent,10193,0.947540959380511,0.9588220079733863,0.0691219402649899,3.3307685487128462,0.38820182654699864,0.0,0.0,0.9436832980381199,0.9514869307456431,3.235694044341544,3.4368038122025557
lgb_conformal,none,0.9,2,13,0.95,26,lumpy,2013,0.9339359860088834,0.9608454139005554,0.06250675894884827,4.264707755919875,0.6610281385908119,0.0,0.0,0.9255080775813922,0.9426132619877109,4.05392761676552,4.508543523129573
lgb_conformal,quantile,0.9,2,13,0.95,26,all,28824,0.9624569229979536,0.9530331415739409,0.062283686371117336,2.3645185780776625,0.15513502324958245,0.00014935769704514513,0.0018040521787399389,0.9609131400270049,0.9639704005729449,2.3346205395237978,2.396548651958301
lgb_conformal,quantile,0.9,2,13,0.95,26,smooth,15108,0.9690443995281058,0.9486876308758755,0.05885296249007902,2.0089120689574,0.07509103240096827,8.003665331813876e-05,0.0003971405877680699,0.9675862326460458,0.9707403606518344,1.9757547429978184,2.042309310347543
lgb_conformal,quantile,0.9,2,13,0.95,26,erratic,1510,0.9372721592193254,0.9472907886815172,0.06470327396349124,3.230264434901685,0.27979898161319916,0.00022601273648244414,0.001986754966887417,0.9281151437878712,0.9458690202374753,3.001039809936413,3.4064638817537083
lgb_conformal,quantile,0.9,2,13,0.95,26,intermittent,10193,0.9474547550318709,0.9587818734782337,0.06918931057713901,3.3286429957735244,0.3878360738106263,0.0003177245992729279,0.0034337290297262826,0.9435731343054303,0.9514335717882428,3.233288765500838,3.4340725248882795
lgb_conformal,quantile,0.9,2,13,0.95,26,lumpy,2013,0.9339012398584674,0.9608454139005554,0.06250675894884827,4.25596909909023,0.6600343986889119,0.0008107435097086535,0.003974167908594138,0.9254449689453498,0.9425839798486715,4.052700977017141,4.49335588237826
lgb_conformal,fixed,0.9,2,13,0.95,26,all,28824,0.9603605413271451,0.9501993288421265,0.0660416618742197,2.3310737576858527,0.14295040008776153,0.008694248672412058,0.08995975575908964,0.9588055114856072,0.9619219564063393,2.301635494909211,2.3608116386966156
lgb_conformal,fixed,0.9,2,13,0.95,26,smooth,15108,0.9681612706351466,0.9480257298962621,0.059612132923841404,2.0004874058733026,0.07273547687845158,0.002642448516980284,0.020121789780248873,0.966723990131031,0.9698596389013449,1.968313897481115,2.0336901738790516
lgb_conformal,fixed,0.9,2,13,0.95,26,erratic,1510,0.9356847521172076,0.9457254665863938,0.06662478752494272,3.2056130927848754,0.27663427150777087,0.0076472074132177565,0.056291390728476824,0.9262467723383393,0.944096413716347,2.9790562807385035,3.388563856549685
lgb_conformal,fixed,0.9,2,13,0.95,26,intermittent,10193,0.9404451099967489,0.9534662825646835,0.07811213414177708,3.208298030600081,0.3448343891313558,0.030239254012196685,0.1734523692730305,0.9361342751156765,0.9448796871540579,3.1135044775902054,3.305349301695998
lgb_conformal,fixed,0.9,2,13,0.95,26,lumpy,2013,0.92544634325722,0.9533261075734996,0.07451065210338488,4.027281519101696,0.5434101030223359,0.05109421418685321,0.21659215101838053,0.9156813513956371,0.9346445120277479,3.8196608927725233,4.233631077608212
lgb_conformal,dead13,0.9,2,13,0.95,26,all,28824,0.9566188159937262,0.9460960563167058,0.07148309329273521,2.28991403778898,0.13513239559183543,0.010436878676149708,0.07649875104079934,0.9550194256309972,0.958324292540122,2.2617674528190244,2.3198884120632424
lgb_conformal,dead13,0.9,2,13,0.95,26,smooth,15108,0.9666767517805678,0.9458504825859869,0.0621070430311605,1.9785028487349376,0.06982551266202157,0.005452156293990734,0.033558379666401905,0.9652729522767558,0.9684614635436215,1.947738679564973,2.0099997397497824
lgb_conformal,dead13,0.9,2,13,0.95,26,erratic,1510,0.9311192948402621,0.9421131848284167,0.07105904958983075,3.1683236502386434,0.27224111570522624,0.009492534932262653,0.051655629139072845,0.9213032758644046,0.9392182395637393,2.9522894444780263,3.3462297994860597
lgb_conformal,dead13,0.9,2,13,0.95,26,intermittent,10193,0.9271450104923007,0.9464427459129706,0.08990193876787185,3.0844248445858744,0.311458774617499,0.029765130094677003,0.1350927106838026,0.9223147004581485,0.9323944489468494,2.9946811126248276,3.1754240969233356
lgb_conformal,dead13,0.9,2,13,0.95,26,lumpy,2013,0.9156942570404387,0.9491712956690602,0.0811434339064922,3.9185144862492107,0.5336128468100138,0.03809915393123737,0.12071535022354694,0.9054494708394568,0.9248268608862951,3.726539683880259,4.11070904781187
lgb_conformal,dead26,0.9,2,13,0.95,26,all,28824,0.9616756673518714,0.9517400272500189,0.06399851103029593,2.350490072994405,0.14761013786679034,0.0010797857328561547,0.015091590341382181,0.9601349767095007,0.9631983169668527,2.3201053227597566,2.381931670848067
lgb_conformal,dead26,0.9,2,13,0.95,26,smooth,15108,0.9688632639442806,0.9485161383493393,0.059049656647917455,2.007262025383265,0.07519515438773075,0.0004036523475394676,0.003508075191951284,0.967407495696627,0.9705384143661302,1.975188213937648,2.0397853228382674
lgb_conformal,dead26,0.9,2,13,0.95,26,erratic,1510,0.9371099618437322,0.9471101745936183,0.06492498706673565,3.2302298682478696,0.2816767486073627,0.0004706382865575601,0.006622516556291391,0.9279300097179726,0.9457083452334819,2.999070433814481,3.4110315221785354
lgb_conformal,dead26,0.9,2,13,0.95,26,intermittent,10193,0.9441506654975715,0.9560527278078539,0.07377049180327869,3.2653185127533177,0.3519760499689665,0.0038988995399150766,0.02972628274305896,0.9401138060259842,0.9482816354520865,3.1703137953977474,3.3651155571835045
lgb_conformal,dead26,0.9,2,13,0.95,26,lumpy,2013,0.9296100902820809,0.9575712414758615,0.06773367939151437,4.153983356593951,0.5869817756441067,0.004951326434292134,0.03427719821162444,0.9198729155681121,0.9388136917371339,3.9438274470734083,4.378730545911965
lgb_conformal,none,0.95,2,13,0.95,26,all,28824,0.9796545538068516,0.9768138293846037,0.030747642638906024,3.34384550854906,0.25118636523590265,0.0,0.0,0.9786361146452035,0.9807080866518878,3.3022453783448564,3.3917052958100133
lgb_conformal,none,0.95,2,13,0.95,26,smooth,15108,0.9835607687582499,0.9745920283052928,0.029141792332378617,2.723728092444069,0.10083423963073121,0.0,0.0,0.9825364372669181,0.9847448940058506,2.681837252356112,2.764955658678576
lgb_conformal,none,0.95,2,13,0.95,26,erratic,1510,0.9650291822327399,0.9780252859723059,0.026975094228068878,4.772038236037066,0.4763619926346438,0.0,0.0,0.9576624690825444,0.9716479049561102,4.456148701788992,5.019160575546653
lgb_conformal,none,0.95,2,13,0.95,26,intermittent,10193,0.9705119553116657,0.9790051996468164,0.035242158844224866,5.002541796794183,0.6577670118124588,0.0,0.0,0.9676880587811169,0.9734254360307101,4.86838717482439,5.1348307053801765
lgb_conformal,none,0.95,2,13,0.95,26,lumpy,2013,0.9632096177344351,0.9814839904258682,0.02955913629645651,6.925909625262768,1.3626594703528472,0.0,0.0,0.9563825894594049,0.9699334830815941,6.597133978394879,7.2615904288243
lgb_conformal,quantile,0.95,2,13,0.95,26,all,28824,0.9796267577093866,0.9767759821360987,0.030797832628930766,3.341275296070132,0.2504325721341158,0.0002853732673071011,0.0033999444907021927,0.9786128357155074,0.980689024602736,3.299727011410923,3.389334727946185
lgb_conformal,quantile,0.95,2,13,0.95,26,smooth,15108,0.9835597775922645,0.9745890196644764,0.02914524310707754,2.722441063412074,0.10038286264099645,9.4408560105916e-05,0.0005295207836907599,0.9825345024268736,0.9847419900428844,2.6812552154706686,2.763871076535413
lgb_conformal,quantile,0.95,2,13,0.95,26,erratic,1510,0.9650291822327399,0.9780252859723059,0.026975094228068878,4.766387917625005,0.47299839132111093,0.00038821011207572755,0.003973509933774834,0.9576624690825444,0.9716479049561102,4.4465020896388445,5.012384646017682
lgb_conformal,quantile,0.95,2,13,0.95,26,intermittent,10193,0.9703949636956544,0.9789204712681608,0.03538438505876188,4.997055505748598,0.6568864959656365,0.0008226357841640148,0.006278818797213774,0.9675664775283578,0.973302321622109,4.8647042996985554,5.129730279070325
lgb_conformal,quantile,0.95,2,13,0.95,26,lumpy,2013,0.9629142754558985,0.9813936684279456,0.02970332720521971,6.913771636717415,1.3611178994793869,0.001997903648924896,0.009935419771485345,0.9561070618067973,0.9696574556471553,6.586452272171672,7.250359050813705
lgb_conformal,fixed,0.95,2,13,0.95,26,all,28824,0.9766731443927581,0.9729534100370903,0.035867021621429455,3.2833780634310648,0.22993747175221593,0.01449251460360634,0.10754926450180405,0.97546001668801,0.9777753685345859,3.244764701662528,3.3280203252515124
lgb_conformal,fixed,0.95,2,13,0.95,26,smooth,15108,0.9823629446649376,0.9736473150889354,0.03022533558783947,2.7102028891992886,0.09748925266332495,0.0037815460256598005,0.023828435266084195,0.9812481814953143,0.9835510513331528,2.6703380816280227,2.7518804822057272
lgb_conformal,fixed,0.95,2,13,0.95,26,erratic,1510,0.9621761038063203,0.9757977122215533,0.029709555834749834,4.709621495140726,0.465844157570762,0.01626228113325445,0.0695364238410596,0.9540099226122472,0.9686034736135143,4.410490797361943,4.959776227163091
lgb_conformal,fixed,0.95,2,13,0.95,26,intermittent,10193,0.9607499285735397,0.9719147721698492,0.04714424732390149,4.798400047289243,0.5886560003152617,0.048382806419514694,0.2039635043657412,0.9571933646822901,0.9641209526807524,4.664468265133573,4.920534685427131
lgb_conformal,fixed,0.95,2,13,0.95,26,lumpy,2013,0.9501508562030565,0.9708711556699634,0.0465015680761328,6.448242713442706,1.1246842443580938,0.10159195279156363,0.2762046696472926,0.9415446590756532,0.9576071343117573,6.1427483333218476,6.737410691896524
lgb_conformal,dead13,0.95,2,13,0.95,26,all,28824,0.9726236236067438,0.968646708550955,0.04157822423632793,3.2343522332589196,0.21723591530047304,0.013812251444980127,0.07649875104079934,0.9712373365857916,0.9738753576536342,3.1959815402945173,3.2802588285804952
lgb_conformal,dead13,0.95,2,13,0.95,26,smooth,15108,0.9807513087727358,0.9712885406888584,0.03293074295179268,2.6840650987907524,0.09304417056876325,0.006442331113369317,0.033492189568440564,0.9796559745844815,0.9821287540082008,2.6459356202352993,2.7236191324537216
lgb_conformal,dead13,0.95,2,13,0.95,26,erratic,1510,0.9578951566800058,0.9722456351595424,0.034069913531889734,4.673169629206164,0.45926904822048215,0.01296781312735153,0.051655629139072845,0.9487145964912532,0.9648310295110668,4.387002079824502,4.926795854978735
lgb_conformal,dead13,0.95,2,13,0.95,26,intermittent,10193,0.9457294365683773,0.964356108916101,0.059832322778651095,4.635829729170567,0.5355514122735289,0.04170812685339349,0.1350927106838026,0.9414154144250555,0.9498458550565926,4.511896504657128,4.756929345229082
lgb_conformal,dead13,0.95,2,13,0.95,26,lumpy,2013,0.9412210955461227,0.9678453687395565,0.05133196351970008,6.370863036466084,1.0956746833757043,0.056711508504120316,0.12121212121212122,0.933431359702204,0.9495396693290341,6.088532144354143,6.630316795341719
lgb_conformal,dead26,0.95,2,13,0.95,26,all,28824,0.9786166475275093,0.9751753589180733,0.03292045095706037,3.3210004519645446,0.23930668379400422,0.0015597316824180975,0.015091590341382181,0.9775332809720876,0.9797038833867144,3.2800653173628054,3.3684720556831773
lgb_conformal,dead26,0.95,2,13,0.95,26,smooth,15108,0.9833357740795723,0.9743723975256938,0.029393698885399774,2.7199626528656715,0.10043465106373171,0.0005354774235928726,0.003508075191951284,0.982313566134386,0.9844990767700906,2.6783199566296503,2.7618042616430034
lgb_conformal,dead26,0.95,2,13,0.95,26,erratic,1510,0.9648271002565909,0.9777242624924745,0.02734461606680955,4.766050228006966,0.47532658840421715,0.0007126048632622945,0.006622516556291391,0.9575336754197756,0.9715452424410382,4.4519571182618884,5.011558643142416
lgb_conformal,dead26,0.95,2,13,0.95,26,intermittent,10193,0.966163561668128,0.975553633063689,0.04103600568904858,4.9077970601854135,0.6050931992157867,0.005710422352048708,0.02972628274305896,0.9629898012992494,0.9692996176689426,4.778248790496833,5.04109202869824
lgb_conformal,dead26,0.95,2,13,0.95,26,lumpy,2013,0.9569205645091238,0.9773743395203902,0.03611982264518222,6.758554791783693,1.25069810807211,0.007823674868688506,0.03427719821162444,0.9488339578202803,0.9644079465882797,6.438651943333777,7.103326958346642
lgb_conformal,none,0.99,2,13,0.95,26,all,28824,0.9943390467902827,0.9948527742033154,0.00682583864336457,6.916350053674264,1.1045396771687117,0.0,0.0,0.9936355579613645,0.994883975991824,6.820196783339152,7.052474965959704
lgb_conformal,none,0.99,2,13,0.95,26,smooth,15108,0.9957117203643229,0.9946716971141117,0.006111321991787156,4.710649657267192,0.19871381345909248,0.0,0.0,0.9951436883308986,0.996275068158207,4.6519129790139235,4.77489665830837
lgb_conformal,none,0.99,2,13,0.95,26,erratic,1510,0.9901378677692543,0.9963275135460566,0.004508166432636169,10.351574776978609,1.9376975949585866,0.0,0.0,0.9853304098787704,0.993385243448533,9.73310094129438,10.862789610788155
lgb_conformal,none,0.99,2,13,0.95,26,intermittent,10193,0.9908660335162508,0.9947379217466532,0.008832996481772588,13.290216791621923,3.518275814507946,0.0,0.0,0.9888381770940888,0.9924454957804415,12.965388820070878,13.60183368094554
lgb_conformal,none,0.99,2,13,0.95,26,lumpy,2013,0.9877403999281913,0.9956871245991962,0.006885115893442918,21.010360143849063,9.109167771787284,0.0,0.0,0.983204491501363,0.992060855659552,20.032872769224856,21.996889779678423
lgb_conformal,quantile,0.99,2,13,0.95,26,all,28824,0.9942035871419701,0.9947171548961724,0.007005686107619886,6.887585910788239,1.0929832828710626,0.003415955071129287,0.025187343880099917,0.9935281033235605,0.9947617759925029,6.790127505904558,7.014471552709123
lgb_conformal,quantile,0.99,2,13,0.95,26,smooth,15108,0.9957092424493594,0.994659662550846,0.006125125090582836,4.708681449411755,0.198073272441051,0.0001979854055764485,0.002449033624569764,0.9951405156803154,0.9962720858685709,4.650700980160419,4.77230007747726
lgb_conformal,quantile,0.99,2,13,0.95,26,erratic,1510,0.9901378677692543,0.9963275135460566,0.004508166432636169,10.321762367549889,1.9237225627185344,0.0035311166358668916,0.019205298013245033,0.9853304098787704,0.993385243448533,9.710175530226863,10.821665495855088
lgb_conformal,quantile,0.99,2,13,0.95,26,intermittent,10193,0.990213343447977,0.9944257645621326,0.00935698779848791,13.211641527836615,3.5003972788981605,0.010562495689782568,0.045129010104974,0.9882566764323416,0.991728881850352,12.895797086320522,13.520200993681518
lgb_conformal,quantile,0.99,2,13,0.95,26,lumpy,2013,0.986634314139946,0.9954161586054283,0.007317688619732526,20.591877508237733,8.87749897209305,0.04476462378605637,0.09935419771485346,0.9817797058290966,0.991053187640057,19.676423362906704,21.533434556235413
lgb_conformal,fixed,0.99,2,13,0.95,26,all,28824,0.9878130790274553,0.9868733126435042,0.017407561540247144,6.498793556716361,0.9067490963025446,0.08992315490894832,0.25228975853455454,0.9866925987703979,0.9887672709347843,6.417693986860467,6.610009097278703
lgb_conformal,fixed,0.99,2,13,0.95,26,smooth,15108,0.9937928230166583,0.993101186607938,0.007912626384623348,4.667850118853191,0.19331909523395358,0.01104258024293974,0.04275880328302886,0.9930606405500655,0.994468750051191,4.60806516205495,4.730533967140145
lgb_conformal,fixed,0.99,2,13,0.95,26,erratic,1510,0.9824640706223328,0.9907886815171584,0.011307368265464489,9.88581836552907,1.836397622877807,0.1079888854913118,0.17682119205298014,0.9756867262693004,0.9878847778040074,9.321220919780226,10.372292993523931
lgb_conformal,fixed,0.99,2,13,0.95,26,intermittent,10193,0.9688987025014039,0.9809271960257931,0.03201586945130624,12.037963163650335,3.0138377683418223,0.26329147906958417,0.4602177965270284,0.9656651721813149,0.9721332733778754,11.753583391183827,12.302696907121955
lgb_conformal,fixed,0.99,2,13,0.95,26,lumpy,2013,0.9486567717351648,0.9673034367520209,0.0521971089722793,15.864623206953862,5.646825070505731,1.0788042691436812,0.8286140089418778,0.9406946572654207,0.9565051914056993,15.254706489307747,16.512105883771365
lgb_conformal,dead13,0.99,2,13,0.95,26,all,28824,0.985543990937731,0.9849825271869401,0.019914969791899755,6.650201308603207,0.9705116761213548,0.027629135572871083,0.07646405772966972,0.9843864459394972,0.9865847747995726,6.561594137618039,6.766782173739228
lgb_conformal,dead13,0.99,2,13,0.95,26,smooth,15108,0.9923070652045978,0.9908597491997015,0.010483453535318678,4.644608763245385,0.18410457197611985,0.009343969535522275,0.033558379666401905,0.9913925833426597,0.99309529647803,4.590841679873097,4.70497948844303
lgb_conformal,dead13,0.99,2,13,0.95,26,erratic,1510,0.9812436018453276,0.9897049969897652,0.0126376468849309,10.119427788930695,1.8587377853410798,0.025276200858848397,0.051655629139072845,0.9747397822964582,0.9869173721756705,9.50809105129809,10.643260690408226
lgb_conformal,dead13,0.99,2,13,0.95,26,intermittent,10193,0.9594076037161463,0.9768557744619748,0.03885021333932181,12.316681526654385,3.0190016551234944,0.09516344344502133,0.13499460414009615,0.9554891126468029,0.963156395142527,12.024370684198395,12.57552035953775
lgb_conformal,dead13,0.99,2,13,0.95,26,lumpy,2013,0.959758166793104,0.978480783994942,0.03435348401283299,19.31997729918173,7.781875249737956,0.14251133593157325,0.12071535022354694,0.95219126971476,0.9671935835115913,18.52244557241232,20.03504002225571
lgb_conformal,dead26,0.99,2,13,0.95,26,all,28824,0.9927730146591058,0.9924337042363687,0.010033815505779168,6.8592274056178875,1.0725530029884511,0.0035666099193894644,0.015091590341382181,0.9921268113432254,0.9934289831287011,6.7641463490281994,6.989360903657004
lgb_conformal,dead26,0.99,2,13,0.95,26,smooth,15108,0.9954210609391149,0.9943858762365514,0.006439145588184547,4.703811603134166,0.19789555637987527,0.0009093947915714218,0.003508075191951284,0.9948348152814223,0.996007866271683,4.646376831722234,4.768269017649788
lgb_conformal,dead26,0.99,2,13,0.95,26,erratic,1510,0.9897443397104378,0.9958759783263095,0.005062449190747173,10.336647300477287,1.9352173045986945,0.0016911070635627584,0.006622516556291391,0.9850182836323806,0.9928930928024213,9.723208147129652,10.849824558629402
lgb_conformal,dead26,0.99,2,13,0.95,26,intermittent,10193,0.9842061318384678,0.989649759638968,0.017374054944232352,13.053041535718156,3.3817579283370938,0.0138284090125415,0.02972628274305896,0.9818629394044404,0.9861983668261254,12.741319492759322,13.342653458382362
lgb_conformal,dead26,0.99,2,13,0.95,26,lumpy,2013,0.9777682547587748,0.9892968432461726,0.017086622688439496,20.532849589705876,8.776048320313178,0.021496285057418015,0.03427719821162444,0.971452789829771,0.9835049823761307,19.517975317677966,21.494273586052223
hgb_quantile,none,0.5,2,13,0.95,26,all,28824,0.8095841314673875,0.7607501955441173,0.31727393069180626,0.767379463613148,0.05366688897367728,0.0,0.0,0.8073067132170586,0.8124971123730392,0.7499674952975272,0.7840160308509809
hgb_quantile,none,0.5,2,13,0.95,26,smooth,15108,0.8272457157469761,0.7274382025176307,0.31261603229925117,0.6693995590798114,0.03209301299839852,0.0,0.0,0.8244250024371687,0.8300812924278792,0.6499071962167892,0.6909668726771252
hgb_quantile,none,0.5,2,13,0.95,26,erratic,1510,0.7625004985575069,0.7487658037326912,0.3084029266129628,1.1093954824042438,0.1246053418775011,0.0,0.0,0.7503700727701674,0.7739905809043457,1.006317606263773,1.210188761134097
hgb_quantile,none,0.5,2,13,0.95,26,intermittent,10193,0.7613568071879648,0.8050310819368015,0.32727749083015195,1.0057892377565196,0.1022617558101731,0.0,0.0,0.7567960372378951,0.7660338280663461,0.9580859429411381,1.0512400498261463
hgb_quantile,none,0.5,2,13,0.95,26,lumpy,2013,0.7261540065206942,0.7955335772027277,0.3264121697126996,1.191231229839994,0.17484726171379594,0.0,0.0,0.7150761787812134,0.7391494809197467,1.0938561774872466,1.299914414538294
hgb_quantile,quantile,0.5,2,13,0.95,26,all,28824,0.8095841314673875,0.7607501955441173,0.31727393069180626,0.7671580213700103,0.053663219888811904,2.0754419440516443e-05,6.938662225922843e-05,0.8073067132170586,0.8124971123730392,0.749961928107554,0.7836562286034238
hgb_quantile,quantile,0.5,2,13,0.95,26,smooth,15108,0.8272457157469761,0.7274382025176307,0.31261603229925117,0.6691562278304045,0.03209301299839852,2.1062277188983883e-05,6.619009796134498e-05,0.8244250024371687,0.8300812924278792,0.6499011560376652,0.6903724305129321
hgb_quantile,quantile,0.5,2,13,0.95,26,erratic,1510,0.7625004985575069,0.7487658037326912,0.3084029266129628,1.1088291210763526,0.12455269420476754,7.179228100030578e-05,0.0006622516556291391,0.7503700727701674,0.7739905809043457,1.0061222359747484,1.2096331800356077
hgb_quantile,quantile,0.5,2,13,0.95,26,intermittent,10193,0.7613568071879648,0.8050310819368015,0.32727749083015195,1.0057892377565196,0.1022617558101731,0.0,0.0,0.7567960372378951,0.7660338280663461,0.9580859429411381,1.0512400498261463
hgb_quantile,quantile,0.5,2,13,0.95,26,lumpy,2013,0.7261540065206942,0.7955335772027277,0.3264121697126996,1.191231229839994,0.17484726171379594,0.0,0.0,0.7150761787812134,0.7391494809197467,1.0938561774872466,1.299914414538294
hgb_quantile,fixed,0.5,2,13,0.95,26,all,28824,0.8092122196833061,0.7600074432922059,0.3182589092460418,0.7618758363150825,0.05107284597385573,0.0015017304923745113,0.05984596169858451,0.806897173521581,0.8121182673949677,0.7450626793772522,0.7783411013433544
hgb_quantile,fixed,0.5,2,13,0.95,26,smooth,15108,0.8271210766243167,0.7272757359135438,0.31280237413299283,0.6673399161622252,0.030900788992903497,0.0003679703720663655,0.011848027535080751,0.8243287139070749,0.8299427056820222,0.6488901184750677,0.6883058214961942
hgb_quantile,fixed,0.5,2,13,0.95,26,erratic,1510,0.7621628089394684,0.7483744732089104,0.30888330500332567,1.1077788265950517,0.12449419679061914,0.0008349176382998524,0.025165562913907286,0.7499770388817496,0.7735541216261401,1.005499752957474,1.2084700126837873
hgb_quantile,fixed,0.5,2,13,0.95,26,intermittent,10193,0.7599800005911155,0.8035996182763572,0.32968036529680367,0.9851494537107278,0.09315857659379527,0.006444390806183069,0.12067104875895222,0.7552607176330085,0.7647398099078131,0.9384255180871431,1.030086946055485
hgb_quantile,fixed,0.5,2,13,0.95,26,lumpy,2013,0.7246541310277332,0.7936593957458339,0.3294041310695361,1.1679513090612168,0.164693278357202,0.006207978874340547,0.1381023348236463,0.7132777445433708,0.7378854555160208,1.0723663947269824,1.2747012876358585
hgb_quantile,dead13,0.5,2,13,0.95,26,all,28824,0.808223605150135,0.7580062700275023,0.32091270496859986,0.7485257413172867,0.05114785837554788,0.0039816983081997935,0.07629059117402165,0.805918278827596,0.8111231110892367,0.7329017849096161,0.7640461441330431
hgb_quantile,dead13,0.5,2,13,0.95,26,smooth,15108,0.8265518995572214,0.7261745733747322,0.31406535767279753,0.6588919606774718,0.031780101896819124,0.002911302290510255,0.03362456976436325,0.8236789642940757,0.8293855814640314,0.6409137074751722,0.6784268552984684
hgb_quantile,dead13,0.5,2,13,0.95,26,erratic,1510,0.7611577170054642,0.7469897652016857,0.3105831054615328,1.0935081165162133,0.12327745057633248,0.003398167967347807,0.051655629139072845,0.7486197999009562,0.7724819196315799,0.9930378284336145,1.1914359536402601
hgb_quantile,dead13,0.5,2,13,0.95,26,intermittent,10193,0.7571057013093209,0.800228320683535,0.3353394715173291,0.9551823591420944,0.09000226594287854,0.008058875107139691,0.13460217796527027,0.7524771406446306,0.7618361145763286,0.9122781994600662,0.9968472204700911
hgb_quantile,dead13,0.5,2,13,0.95,26,lumpy,2013,0.722766256855126,0.7913787652982884,0.33304495151580693,1.1201811432641693,0.16397982406865838,0.011095604032869858,0.11972180824639841,0.7114002155888453,0.7362854577503585,1.0388111412459886,1.2218800359259072
hgb_quantile,dead26,0.5,2,13,0.95,26,all,28824,0.8094173548825976,0.7603086443115585,0.31785948057542823,0.7647718190563002,0.05210589720150744,0.00010970193132844406,0.015091590341382181,0.8071332374154689,0.8123255730528659,0.7474113979932386,0.7814157132242474
hgb_quantile,dead26,0.5,2,13,0.95,26,smooth,15108,0.8272301048827067,0.72740510746865,0.3126539908209393,0.6691884407249289,0.032025960619488654,2.477914963409869e-05,0.003508075191951284,0.8244125898554867,0.8300622868532369,0.6497065888148353,0.6907387252181533
hgb_quantile,dead26,0.5,2,13,0.95,26,erratic,1510,0.7624792267705439,0.7487055990367248,0.30847683098071094,1.1090790645731683,0.12449419679061914,3.1907680444580345e-05,0.006622516556291391,0.7503445343099683,0.7739650760841864,1.0059525739237103,1.2098111763991475
hgb_quantile,dead26,0.5,2,13,0.95,26,intermittent,10193,0.7605095415899037,0.8040143413929346,0.32898420540459616,0.9921640247086294,0.09387924494842517,0.0004901332965528113,0.02972628274305896,0.7559819683191533,0.7652019397529563,0.9449350539201878,1.0373470291901248
hgb_quantile,dead26,0.5,2,13,0.95,26,lumpy,2013,0.7253374719859162,0.7946529377229824,0.32781803107314084,1.179434911773733,0.16729229040832516,0.00047486405568649705,0.03427719821162444,0.7141118779465011,0.7383535630418838,1.083678149627417,1.28679881881104
hgb_quantile,none,0.8,2,13,0.95,26,all,28824,0.918082491775598,0.8997047914616607,0.13300347356555964,1.4273203394607668,0.10181058219667369,0.0,0.0,0.9164009798344379,0.9200838183127383,1.403067461896653,1.4534991328630698
hgb_quantile,none,0.8,2,13,0.95,26,smooth,15108,0.9277928145917475,0.8872692372493802,0.12929707719383002,1.2219728613797378,0.05344565226279478,0.0,0.0,0.9261806614351277,0.9294660696445877,1.1952141738872746,1.2535531690733255
hgb_quantile,none,0.8,2,13,0.95,26,erratic,1510,0.8854833348844011,0.8880493678506923,0.137425171827655,2.091902096600503,0.2804132044617573,0.0,0.0,0.8765015875068342,0.8941726903442,1.9227369651568393,2.2560770139704354
hgb_quantile,none,0.8,2,13,0.95,26,intermittent,10193,0.8958392855383585,0.9181702237721074,0.13736058088180253,1.940469739810646,0.20432844349428098,0.0,0.0,0.8919786860848209,0.8992498983650671,1.8665933122858485,2.0256629010545106
hgb_quantile,none,0.8,2,13,0.95,26,lumpy,2013,0.8667427221292441,0.9082780111096057,0.1464258678490321,2.3659406651571393,0.3610588310236795,0.0,0.0,0.8575794433429618,0.8769685594243598,2.1957919201303673,2.568081398155268
hgb_quantile,quantile,0.8,2,13,0.95,26,all,28824,0.9180765619414721,0.8997047914616607,0.13300347356555964,1.4257589400125008,0.1015321394230012,0.00014676339461508058,0.0005550929780738274,0.9164006817564078,0.9200779351500858,1.4011341960713792,1.4513063683014635
hgb_quantile,quantile,0.8,2,13,0.95,26,smooth,15108,0.9277928145917475,0.8872692372493802,0.12929707719383002,1.2215228720223825,0.05343802028470747,4.014222240723987e-05,0.00019857029388403494,0.9261806614351277,0.9294660696445877,1.1950938238069868,1.2527873613308986
hgb_quantile,quantile,0.8,2,13,0.95,26,erratic,1510,0.885398247736549,0.8880493678506923,0.137425171827655,2.07767127112222,0.27649972745522955,0.0012709892710424506,0.004635761589403974,0.8763022474497195,0.8940904876417174,1.9181073029921794,2.2336966126260394
hgb_quantile,quantile,0.8,2,13,0.95,26,intermittent,10193,0.8958392855383585,0.9181702237721074,0.13736058088180253,1.940385998443396,0.20432844349428098,1.4777888338275716e-05,0.00029431963111939565,0.8919786860848209,0.8992498983650671,1.8665278180133873,2.025661016400619
hgb_quantile,quantile,0.8,2,13,0.95,26,lumpy,2013,0.8667427221292441,0.9082780111096057,0.1464258678490321,2.359049345324616,0.3610588310236795,0.0008107435097086535,0.0014903129657228018,0.8575794433429618,0.8769685594243598,2.1951173759132647,2.5547735687997712
hgb_quantile,fixed,0.8,2,13,0.95,26,all,28824,0.9162792662793867,0.8970602149723715,0.1365104991185383,1.3980112077571123,0.09455068627638104,0.006976264541760023,0.08801693033583124,0.9146674436797392,0.9183077344047523,1.373478974241405,1.421466135436355
hgb_quantile,fixed,0.8,2,13,0.95,26,smooth,15108,0.9270372983194037,0.8866103449105832,0.13005279685289348,1.2121776635293784,0.0509837941883478,0.0024516490647977242,0.01979083929044215,0.9254483592913739,0.9286716649647548,1.1868612611255143,1.2427653676074355
hgb_quantile,fixed,0.8,2,13,0.95,26,erratic,1510,0.8838666790752091,0.8866345574954846,0.13916192446973616,2.059707247031921,0.27402528683675237,0.0066713641862876745,0.04966887417218543,0.8747299159742508,0.8926699662553857,1.8927914696932906,2.223674026467772
hgb_quantile,fixed,0.8,2,13,0.95,26,intermittent,10193,0.8897975921893935,0.913171249431428,0.1457519275394865,1.840925883964021,0.18363225717466478,0.024845324768726047,0.17364858236044345,0.8856154651406073,0.8936287475341262,1.7689193586064706,1.9232734137803102
hgb_quantile,fixed,0.8,2,13,0.95,26,lumpy,2013,0.8599788048482462,0.9017296662602177,0.1568797087343643,2.2171402760002548,0.30295052727283256,0.029354706076522605,0.19523099850968703,0.8503013943348824,0.870947801452125,2.0715254800470153,2.3903982098003684
hgb_quantile,dead13,0.8,2,13,0.95,26,all,28824,0.9140881925698808,0.8942453258648096,0.1402433796266283,1.3833550667930956,0.09272348201342329,0.006986827058796714,0.07705384401887316,0.9123548333329753,0.9161953919407073,1.3605866180070614,1.4069914366048455
hgb_quantile,dead13,0.8,2,13,0.95,26,smooth,15108,0.9258456690135,0.8848051604207283,0.13212326167224542,1.1997318400426598,0.04990441443028646,0.004252597660204017,0.03375694996028594,0.9242028759882112,0.9274803322329273,1.1749815940015602,1.229490304254366
hgb_quantile,dead13,0.8,2,13,0.95,26,erratic,1510,0.8808833109536408,0.8838651414810356,0.14256152538615033,2.053471954478376,0.27585625589959717,0.006376218142175306,0.05231788079470199,0.8717882956378582,0.8900930738920305,1.8858110697106112,2.216375618646069
hgb_quantile,dead13,0.8,2,13,0.95,26,intermittent,10193,0.8835157581549313,0.9086315920908288,0.15337225840257504,1.811552367910308,0.17187127474064806,0.017568446252820114,0.13626998920828018,0.8793555014977418,0.887763870042825,1.7425535457786379,1.885997462658253
hgb_quantile,dead13,0.8,2,13,0.95,26,lumpy,2013,0.855392312993323,0.900036128799169,0.15958328827367435,2.201695612140305,0.322392156635646,0.0224575952189297,0.12071535022354694,0.8462489537582543,0.8657142498072558,2.0536450254927567,2.381166121466208
hgb_quantile,dead26,0.8,2,13,0.95,26,all,28824,0.9175680786651795,0.8987365326874069,0.1342875008103592,1.419508338921893,0.0987346660511993,0.000600951627192811,0.01516097696364141,0.9159295617899963,0.9195896489712104,1.3954625749058631,1.4458625062227912
hgb_quantile,dead26,0.8,2,13,0.95,26,smooth,15108,0.927671148967044,0.8871609261799889,0.12942130508299113,1.2203775797262943,0.05332026976564623,0.00028595138677749886,0.003640455387873974,0.9260812300996635,0.9293061737956321,1.193597177433003,1.250745544452944
hgb_quantile,dead26,0.8,2,13,0.95,26,erratic,1510,0.8854142015767712,0.8879590608067429,0.13753602837927723,2.090288099764681,0.2801148676496005,0.00021271786963053565,0.006622516556291391,0.8764670425833977,0.8940904267223715,1.9215555381905547,2.2546567239400463
hgb_quantile,dead26,0.8,2,13,0.95,26,intermittent,10193,0.8935622592435691,0.916069851859119,0.14088629388427276,1.9066579312926712,0.18987172792922377,0.0020689043673586005,0.02972628274305896,0.8896472709496245,0.897130167845908,1.8341170697710423,1.9916241700445008
hgb_quantile,dead26,0.8,2,13,0.95,26,lumpy,2013,0.8643684018508117,0.9059296391636182,0.15017483147687538,2.3216045772262146,0.336495619089535,0.0019052472478153358,0.03427719821162444,0.8549006928738507,0.8748511585508029,2.154870319143273,2.5173296896722857
hgb_quantile,none,0.9,2,13,0.95,26,all,28824,0.9523198715597928,0.9453690737516716,0.07244715935112708,1.9145323742073712,0.14170576496620643,0.0,0.0,0.9510090667880005,0.9537549427963063,1.8821700914762662,1.9458537986602342
hgb_quantile,none,0.9,2,13,0.95,26,smooth,15108,0.9592177321577113,0.9395443714347607,0.06933986680009663,1.6292223980715874,0.06966087999185261,0.0,0.0,0.9580063487658235,0.9605525263202226,1.5968743957913203,1.6667715463260164
hgb_quantile,none,0.9,2,13,0.95,26,erratic,1510,0.9279737293431006,0.936694762191451,0.07771044268716282,2.8300410811385723,0.3911488094446734,0.0,0.0,0.9202177809818594,0.9357655161853021,2.629716594753968,3.045427113949397
hgb_quantile,none,0.9,2,13,0.95,26,intermittent,10193,0.9376126813985793,0.9549601776620319,0.07560446141178231,2.62118607331803,0.29931307449040917,0.0,0.0,0.9343869533096075,0.9405660211593792,2.526288617657506,2.726920036483298
hgb_quantile,none,0.9,2,13,0.95,26,lumpy,2013,0.9132967726617288,0.9470261482183986,0.08456796798961826,3.2654779622540984,0.5410276753088064,0.0,0.0,0.9051700101172492,0.9214139936567546,3.063503363944715,3.5211648217521714
hgb_quantile,quantile,0.9,2,13,0.95,26,all,28824,0.9523132004964012,0.9453659198142962,0.07245134185029581,1.9121107781962223,0.1412238918205536,0.00022737207726351497,0.0013530391340549543,0.9509963726560382,0.9537540220188149,1.8806739791122653,1.9420612535485433
hgb_quantile,quantile,0.9,2,13,0.95,26,smooth,15108,0.9592177321577113,0.9395443714347607,0.06933986680009663,1.6286264595228872,0.06958619563485544,4.980609076453836e-05,0.00026476039184537993,0.9580063487658235,0.9605525263202226,1.5965732432951265,1.6657756108043908
hgb_quantile,quantile,0.9,2,13,0.95,26,erratic,1510,0.927885983221878,0.936694762191451,0.07771044268716282,2.8112447983833446,0.3857845965672654,0.0016937660369331401,0.005960264900662252,0.9199939474796658,0.9356072489303288,2.6126342992326372,3.0098678843582922
hgb_quantile,quantile,0.9,2,13,0.95,26,intermittent,10193,0.9376089869264947,0.9549512588853313,0.0756194325922599,2.6198203501374344,0.2991938661911471,0.00017487167866959597,0.00206023741783577,0.9343830823751005,0.940559752356572,2.52419585359588,2.725790168110517
hgb_quantile,quantile,0.9,2,13,0.95,26,lumpy,2013,0.9132967726617288,0.9470261482183986,0.08456796798961826,3.2510872649567695,0.539957493875991,0.0014303831921288388,0.0024838549428713363,0.9051700101172492,0.9214139936567546,3.0632160638055743,3.4895718948476246
hgb_quantile,fixed,0.9,2,13,0.95,26,all,28824,0.949164643882885,0.9413351878485101,0.07779657578793056,1.8648346197058394,0.1286503456630027,0.012180620523785955,0.10255342769913961,0.947748502224665,0.9507880468791163,1.8331254655373634,1.8951785442767908
hgb_quantile,fixed,0.9,2,13,0.95,26,smooth,15108,0.9578127543734579,0.9384763039449299,0.07056489181821318,1.6155527323844403,0.06647779998815558,0.0039877085506155015,0.024093195657929573,0.9565328513783012,0.9592393482949498,1.5854961476853577,1.651653171164718
hgb_quantile,fixed,0.9,2,13,0.95,26,erratic,1510,0.9240357897815653,0.9345574954846478,0.08033404774222157,2.7771328290147177,0.3798822074796921,0.0122312775037558,0.06423841059602649,0.9156559864585891,0.9314196747461524,2.570058749481961,2.986629550047244
hgb_quantile,fixed,0.9,2,13,0.95,26,intermittent,10193,0.9276363752795483,0.9473123266412778,0.08844224867130773,2.4433354186575764,0.25830000098519257,0.043642798735012756,0.20102030805454724,0.9240792067095671,0.9314209410622702,2.3535243152876446,2.535882017171509
hgb_quantile,fixed,0.9,2,13,0.95,26,lumpy,2013,0.9030177031636369,0.9376100799349681,0.09959987022818212,2.9834087131763196,0.4248238080622651,0.05559384066573624,0.2215598609041232,0.8937821400396835,0.9116589810502553,2.818409150258902,3.189140113018718
hgb_quantile,dead13,0.9,2,13,0.95,26,all,28824,0.9465219762432314,0.9382884843438548,0.0818368699849221,1.8506474915597149,0.12572608502529722,0.008860469335252624,0.07705384401887316,0.9450853110363944,0.9481754856443316,1.820949285759848,1.8808918297432402
hgb_quantile,dead13,0.9,2,13,0.95,26,smooth,15108,0.9564261131599338,0.9364334368305774,0.0729079678387798,1.6001874294878324,0.06452292331522225,0.005020999090357417,0.03362456976436325,0.9551711789411937,0.9577837882640173,1.569897622331729,1.6356649009581048
hgb_quantile,dead13,0.9,2,13,0.95,26,erratic,1510,0.9210896472871825,0.9318783865141481,0.08362279210701352,2.773880904582741,0.382842176635601,0.008548599385777152,0.05231788079470199,0.9131861968017083,0.9285518121209183,2.5696036526586385,2.9808693805436057
hgb_quantile,dead13,0.9,2,13,0.95,26,intermittent,10193,0.9194309527797208,0.9424694308928587,0.09657159967063403,2.422456725416983,0.2411502615686236,0.02386382668492557,0.13636809575198666,0.9154242726229039,0.9236490777381215,2.3392235112678055,2.5195422675958614
hgb_quantile,dead13,0.9,2,13,0.95,26,lumpy,2013,0.8978405267516403,0.9358488009754776,0.10241159294906456,3.0044069700777736,0.45332375883855197,0.02871769331889438,0.12121212121212122,0.8892502171511444,0.9073411588445092,2.8145456873261723,3.239127334778537
hgb_quantile,dead26,0.9,2,13,0.95,26,all,28824,0.9514896947821722,0.9438693765296596,0.07443593770585738,1.8999561006967371,0.13569743466110348,0.001131115859508146,0.015091590341382181,0.9502344781655322,0.952972897816604,1.8680211722365054,1.9305883325919102
hgb_quantile,dead26,0.9,2,13,0.95,26,smooth,15108,0.9590011623899093,0.9393668616265916,0.0695434625073329,1.626599525082818,0.06944718460540815,0.0004777420049454227,0.003508075191951284,0.9577760423834876,0.9603078015354779,1.5943527547956031,1.6629290229272453
hgb_quantile,dead26,0.9,2,13,0.95,26,erratic,1510,0.927851416568063,0.9365442504515352,0.07789520360653314,2.8264621029820387,0.39027134823244747,0.0004307536860018347,0.006622516556291391,0.9201658614356933,0.9355945253129299,2.6266917419862934,3.043108080089859
hgb_quantile,dead26,0.9,2,13,0.95,26,intermittent,10193,0.9340118026068195,0.9516914460012664,0.08109139905681563,2.560328266159621,0.2730872486527492,0.004052835876772115,0.02972628274305896,0.9304338629518821,0.937310197024098,2.4689812484194933,2.6609072728530734
hgb_quantile,dead26,0.9,2,13,0.95,26,lumpy,2013,0.9096136807176238,0.9435487512983787,0.09011931797700155,3.1652295272786235,0.4834926830398249,0.004186911125138261,0.03427719821162444,0.9010017355872556,0.9182998192476626,2.953784288026041,3.4081892917475995
hgb_quantile,none,0.95,2,13,0.95,26,all,28824,0.9715041821081709,0.9696938157595942,0.04018963451231014,2.4639150136173082,0.20655520925736054,0.0,0.0,0.9703411908673734,0.9728012924683479,2.4220530692155005,2.50377431128371
hgb_quantile,none,0.95,2,13,0.95,26,smooth,15108,0.9765378621689537,0.9667815967458541,0.038100003450774696,2.075888375877894,0.09268655788124394,0.0,0.0,0.9755259447614778,0.977577393432672,2.0368451118222444,2.119490296985327
hgb_quantile,none,0.95,2,13,0.95,26,erratic,1510,0.9507611311272718,0.9633353401565322,0.04500775995861355,3.79581743488839,0.6258228857837989,0.0,0.0,0.9438610498880146,0.9570747689053942,3.5181962622955316,4.0782118923194375
hgb_quantile,none,0.95,2,13,0.95,26,intermittent,10193,0.962178457779573,0.9749293186946478,0.04208398832247923,3.3857940159404154,0.4489465828596199,0.0,0.0,0.9592570435086754,0.9644327837855059,3.2662599014001747,3.5213882560174796
hgb_quantile,none,0.95,2,13,0.95,26,lumpy,2013,0.9428947017911641,0.969809872194373,0.048195811254100426,4.296448364324969,0.8147647975168084,0.0,0.0,0.9360905724448387,0.9504466773747572,4.012207223444656,4.6164053645290375
hgb_quantile,quantile,0.95,2,13,0.95,26,all,28824,0.9714936195911342,0.9696890848535311,0.040195908261063236,2.454983015657912,0.20330562309492495,0.0007425264169477624,0.004648903691368304,0.970337672234982,0.9728001102628082,2.4124640983647736,2.4932290748726595
hgb_quantile,quantile,0.95,2,13,0.95,26,smooth,15108,0.9765376143774573,0.9667755794642212,0.03810690500017254,2.0742048804517537,0.09196479081070191,0.00011720537776928679,0.0004633306857294149,0.9755257021413506,0.9775771372969558,2.0346539098169227,2.117740391243344
hgb_quantile,quantile,0.95,2,13,0.95,26,erratic,1510,0.9506335004054934,0.9633353401565322,0.04500775995861355,3.7117087892364755,0.5925554063576054,0.006796335934695614,0.012582781456953643,0.9434856693920894,0.9570716883092989,3.4623790469505353,3.971658047339144
hgb_quantile,quantile,0.95,2,13,0.95,26,intermittent,10193,0.9621686058540142,0.9749248593062976,0.042091473912718017,3.3814185295015915,0.44822320522546133,0.0005381614336522074,0.00863337584616894,0.9592528119997329,0.9644230763413189,3.260527910674016,3.5169037205427793
hgb_quantile,quantile,0.95,2,13,0.95,26,lumpy,2013,0.9428947017911641,0.969809872194373,0.048195811254100426,4.2604166063434885,0.8059358006960812,0.003132944562517011,0.009935419771485345,0.9360905724448387,0.9504466773747572,4.008867607980866,4.5659595365653125
hgb_quantile,fixed,0.95,2,13,0.95,26,all,28824,0.9672752838398493,0.9641192314485404,0.04758220179303739,2.3732072675305815,0.1778246440570739,0.020489429978016994,0.12007354981959478,0.9659801858595735,0.9687325004677876,2.333556307023745,2.409957903822109
hgb_quantile,fixed,0.95,2,13,0.95,26,smooth,15108,0.9747730911320132,0.9653555009988688,0.03973567065806274,2.051722014614247,0.0875976639208891,0.006416313006253514,0.029189833200953138,0.9736291299897293,0.9758852391791237,2.014639065870365,2.095271053766414
hgb_quantile,fixed,0.95,2,13,0.95,26,erratic,1510,0.9463126686786232,0.9602046959662853,0.048850787081516515,3.6362391480649325,0.5603584296103274,0.02513527527021817,0.08211920529801324,0.9390337271147274,0.9523682178843111,3.3790677453994293,3.8895387211967005
hgb_quantile,fixed,0.95,2,13,0.95,26,intermittent,10193,0.9483217244810498,0.9642446242073437,0.06001946253462086,3.083263548860625,0.36106568278770085,0.07199664049338443,0.23251250858432257,0.9447991087955049,0.9515062609683134,2.9755488648898316,3.1978310973807065
hgb_quantile,fixed,0.95,2,13,0.95,26,lumpy,2013,0.926830398248794,0.9571422119857291,0.06841858620813958,3.7967118559656243,0.5916701895402504,0.09705758016226453,0.26130153999006456,0.9179631279157573,0.9355517548024107,3.5980813416852317,4.0420812281722895
hgb_quantile,dead13,0.95,2,13,0.95,26,all,28824,0.964336309801219,0.96116556909646,0.051499112264551436,2.3703711390525717,0.17854093095801474,0.011093978420221771,0.07674160421870663,0.9630056478219171,0.9658412465434526,2.331412769031921,2.40947345874838
hgb_quantile,dead13,0.95,2,13,0.95,26,smooth,15108,0.9733567149389281,0.9632344092232893,0.04216846682080127,2.0361014864764075,0.0842892014200435,0.006010430535246978,0.033690759862324594,0.9721793742563181,0.9745757158846389,1.9996415797095874,2.076266296776105
hgb_quantile,dead13,0.95,2,13,0.95,26,erratic,1510,0.9431644442080912,0.9573449729078868,0.05236124454955288,3.715176090511454,0.6140883045056303,0.010638552454897164,0.05231788079470199,0.9354059755262095,0.9497286920241305,3.441220843717256,3.9988463925038706
hgb_quantile,dead13,0.95,2,13,0.95,26,intermittent,10193,0.9382136488576692,0.9596871293133433,0.06766973575866457,3.082738933824616,0.3424962808981015,0.031108686442765238,0.135387030314922,0.9340445456629959,0.9420478101646058,2.9791334682705384,3.196457763908877
hgb_quantile,dead13,0.95,2,13,0.95,26,lumpy,2013,0.9224755473966447,0.955990606512216,0.07025702029487041,3.9036894620716813,0.6616778916035928,0.03677300919035679,0.12121212121212122,0.9144205342492724,0.9315056609753372,3.6594891050009686,4.193757294213298
hgb_quantile,dead26,0.95,2,13,0.95,26,all,28824,0.9702998698586717,0.9675806777180632,0.042991908955358094,2.437891936555963,0.1946588130955198,0.0016501616528374905,0.015195670274771023,0.9691488301419703,0.9716662474182877,2.39566795867979,2.477502791072608
hgb_quantile,dead26,0.95,2,13,0.95,26,smooth,15108,0.9762566188206067,0.9665108190723759,0.03841057317367749,2.0714573683403246,0.09217030907776713,0.0006385586860707231,0.003640455387873974,0.975184099548363,0.9773520536422267,2.0319811871655378,2.1150637736908595
hgb_quantile,dead26,0.95,2,13,0.95,26,erratic,1510,0.9505989337516785,0.963064419024684,0.045340329613480154,3.7902468856774405,0.6244189478442373,0.0006301766887804619,0.00728476821192053,0.9437801514952818,0.9569002482484338,3.514749935776363,4.07175659234243
hgb_quantile,dead26,0.95,2,13,0.95,26,intermittent,10193,0.9569520112706028,0.970362905023947,0.04974923272700053,3.2737456035782193,0.393931952750165,0.005965340925883964,0.02972628274305896,0.9536580213958877,0.9594380976235679,3.161556353079592,3.4003814208573684
hgb_quantile,dead26,0.95,2,13,0.95,26,lumpy,2013,0.936762006242725,0.9649099038070722,0.056018168054504165,4.125792646556366,0.7168177159038922,0.007221408261476364,0.03427719821162444,0.9288225061373929,0.9450234982591714,3.859309611448698,4.4368768243137655
hgb_quantile,none,0.99,2,13,0.95,26,all,28824,0.9903386324431231,0.9920489238765675,0.010544080404364019,3.9773860216390764,0.46558811631592006,0.0,0.0,0.9894179200953097,0.9910082371566036,3.9133705312680993,4.043672499918253
hgb_quantile,none,0.99,2,13,0.95,26,smooth,15108,0.9927587891024273,0.9918796784364695,0.00931364091238483,3.280775022418936,0.1832339813328754,0.0,0.0,0.9921251647765051,0.993382088685078,3.219726193757373,3.3550425320484134
hgb_quantile,none,0.99,2,13,0.95,26,erratic,1510,0.9772152571891992,0.9875075255869958,0.015335156307737787,6.661135115731817,1.6592616030950451,0.0,0.0,0.9718181175415542,0.9814724806864548,6.109701506430444,7.177383490302302
hgb_quantile,none,0.99,2,13,0.95,26,intermittent,10193,0.9875841108144587,0.9933019986978586,0.011243356538663074,5.493806833295568,1.0121949597548843,0.0,0.0,0.985645581019901,0.9893532712508091,5.30389478277371,5.715439434683013
hgb_quantile,none,0.99,2,13,0.95,26,lumpy,2013,0.9753128601293715,0.9903807072212437,0.015356331783281064,7.281692832448272,1.8942466165936032,0.0,0.0,0.9701988535049287,0.9800889603920404,6.851583462421351,7.865733652176209
hgb_quantile,quantile,0.99,2,13,0.95,26,all,28824,0.9902569119165762,0.9919669215048066,0.010652825382750955,3.9098913524673025,0.42479645381094683,0.005394110674053511,0.029766860949208992,0.9893659427396146,0.9909189556530603,3.8507600709015706,3.9668019974956095
hgb_quantile,quantile,0.99,2,13,0.95,26,smooth,15108,0.9927471429020993,0.9918586179507546,0.00933779633527727,3.2708048837721595,0.17691960974821655,0.0007104182200096094,0.003177124702144559,0.9921070680682594,0.9933779591807187,3.2126365556371903,3.339695402098606
hgb_quantile,quantile,0.99,2,13,0.95,26,erratic,1510,0.9769413829320499,0.9873570138470801,0.015519917227108122,6.06087985428826,1.2668141510562771,0.04461757315500485,0.0423841059602649,0.9715533720393589,0.9811945169417489,5.648478733687867,6.468689815991242
hgb_quantile,quantile,0.99,2,13,0.95,26,intermittent,10193,0.9873402756568771,0.9931771358240504,0.011452953065349204,5.434999458144095,0.9863836536851128,0.006621725466242377,0.056116943000098105,0.9853705349511752,0.9891236837679401,5.245210405292451,5.654492441888433
hgb_quantile,quantile,0.99,2,13,0.95,26,lumpy,2013,0.9747742947979222,0.990109741227476,0.015788904509570673,6.989275021571569,1.7431344502290351,0.02365633740828464,0.08643815201192251,0.9694306796104192,0.9795833227142776,6.591025970940028,7.514185211887061
hgb_quantile,fixed,0.99,2,13,0.95,26,all,28824,0.9836946239197278,0.9839180733227361,0.021326563261345553,3.7000400819725443,0.3489727766874501,0.05169369960683347,0.16219122953094645,0.9826567784180743,0.9848090029914488,3.6433553961919487,3.7520825756936698
hgb_quantile,fixed,0.99,2,13,0.95,26,smooth,15108,0.9902816175135065,0.9899150359833442,0.01156699679077953,3.2052144746907003,0.16511457507103564,0.016262555904858967,0.04004500926661372,0.9894917294478548,0.9910813175067815,3.1508826030579447,3.2682605542345486
hgb_quantile,fixed,0.99,2,13,0.95,26,erratic,1510,0.9691293191698686,0.9827212522576761,0.021210553543714435,5.82876477392079,1.1493747424119547,0.09224510416528178,0.13112582781456952,0.9622834755171067,0.9752509203860665,5.451232844705489,6.223711287399138
hgb_quantile,fixed,0.99,2,13,0.95,26,intermittent,10193,0.9652658049515778,0.977738733355333,0.03736806647204132,4.693291084992562,0.7037922524457406,0.17122769770351615,0.3085450799568331,0.9618954725987813,0.9682164950297312,4.5415488029315405,4.850523086770792
hgb_quantile,fixed,0.99,2,13,0.95,26,lumpy,2013,0.9481355794789236,0.9710969606647699,0.046141090804224794,5.957488084965919,1.2341102958634709,0.22931880172109265,0.3611525086934923,0.9388735728846291,0.9563349761183666,5.615642263043448,6.3268727367537485
hgb_quantile,dead13,0.99,2,13,0.95,26,all,28824,0.9812517175671892,0.981582582696238,0.02442370389578885,3.7657685871113937,0.3799276226683475,0.01732160140359174,0.07660283097418817,0.9799761726862257,0.9824443521280555,3.703321251262307,3.826540723367479
hgb_quantile,dead13,0.99,2,13,0.95,26,smooth,15108,0.989098908701471,0.987760849158784,0.014037751475206185,3.1977834555069307,0.16079324004974663,0.008463566349022747,0.033492189568440564,0.9882000161347141,0.9900074755543282,3.143645511920611,3.261318211780281
hgb_quantile,dead13,0.99,2,13,0.95,26,erratic,1510,0.968658680883311,0.981005418422637,0.02331682802453625,6.421909940571945,1.5912466596647037,0.019437095337490193,0.05231788079470199,0.9621538664628096,0.9747168170395825,5.909256135321439,6.997445202159423
hgb_quantile,dead13,0.99,2,13,0.95,26,intermittent,10193,0.9552784154162931,0.9742514916654031,0.04322179803877536,4.809297508448026,0.6975473631321242,0.05084209333714274,0.135387030314922,0.9511519698932188,0.9588722870801308,4.659243281075468,4.974544478339405
hgb_quantile,dead13,0.99,2,13,0.95,26,lumpy,2013,0.9474232833953938,0.9727679176263379,0.043473558992105546,6.347895831041052,1.369475506859469,0.06210295284368286,0.12071535022354694,0.9395955688406215,0.9553696471991076,5.942112435867351,6.744362109571157
hgb_quantile,dead26,0.99,2,13,0.95,26,all,28824,0.9884638783227686,0.9890069512779754,0.014578100852602456,3.9063562447917066,0.42875458102849634,0.0033455382908846774,0.015265056897030253,0.9876351710026251,0.9892043673856725,3.840184626518023,3.9697543821084333
hgb_quantile,dead26,0.99,2,13,0.95,26,smooth,15108,0.9924374035316731,0.9915035983344165,0.00974498774974982,3.2678908557751893,0.18110684001168584,0.0013541805275034933,0.003706645485835319,0.9917911375182958,0.9931152909943617,3.2070312797714124,3.3420717992699953
hgb_quantile,dead26,0.99,2,13,0.95,26,erratic,1510,0.9768562957841977,0.9870860927152318,0.015852486881974725,6.649350545754284,1.6558044059188748,0.0012470585107090153,0.00728476821192053,0.971414202856379,0.9810215463141275,6.102099822378945,7.164488186939663
hgb_quantile,dead26,0.99,2,13,0.95,26,intermittent,10193,0.9792395298661123,0.9867823729297289,0.022187289467774533,5.185636138833335,0.8366336462961687,0.011244741534732964,0.029824389286765427,0.9769549122690017,0.9813314506552187,5.015524931261191,5.375467397536676
hgb_quantile,dead26,0.99,2,13,0.95,26,lumpy,2013,0.9642577932719871,0.982974303391591,0.02717998630186367,6.8378802531836165,1.6259750638460513,0.017309373932279753,0.03427719821162444,0.9568758021431675,0.97112813670928,6.414696864535837,7.29912879070291
lgb_quantile,none,0.5,2,13,0.95,26,all,28824,0.8099610465490126,0.7607501955441173,0.31727393069180626,0.7668283596540757,0.053502187830831466,0.0,0.0,0.8077922174394471,0.8129624192063736,0.7495651498661824,0.7833960906393228
lgb_quantile,none,0.5,2,13,0.95,26,smooth,15108,0.8277284135818483,0.7278533949502972,0.3121398253908002,0.6694786045671441,0.03257818874823417,0.0,0.0,0.8249553176394414,0.8305277158020415,0.650771521257131,0.69160002394036
lgb_quantile,none,0.5,2,13,0.95,26,erratic,1510,0.7629472060837311,0.7484045755568934,0.3088463528194516,1.0939973676163635,0.11486552242179295,0.0,0.0,0.7507405848772098,0.7743089850735548,0.9916637111896599,1.1887899287168753
lgb_quantile,none,0.5,2,13,0.95,26,intermittent,10193,0.7613654276228289,0.804674330868778,0.3278763380492552,1.0092571155532348,0.1030528654325488,0.0,0.0,0.7561140007726621,0.7660323668154437,0.9617835662282336,1.0552539605889935
lgb_quantile,none,0.5,2,13,0.95,26,lumpy,2013,0.7256386052895223,0.7944948742266179,0.32807036516347643,1.1893896838679414,0.17585374187084857,0.0,0.0,0.71448284792609,0.7378750791114699,1.088446495520238,1.2976500998148748
lgb_quantile,quantile,0.5,2,13,0.95,26,all,28824,0.8099610465490126,0.7607501955441173,0.31727393069180626,0.766744230132415,0.053502187830831466,7.412292657327301e-06,3.4693311129614214e-05,0.8077922174394471,0.8129624192063736,0.7495630547365926,0.783311225400878
lgb_quantile,quantile,0.5,2,13,0.95,26,smooth,15108,0.8277284135818483,0.7278533949502972,0.3121398253908002,0.6693661072278054,0.03257818874823417,9.911659853639475e-06,6.619009796134498e-05,0.8249553176394414,0.8305277158020415,0.650771521257131,0.6914482845036901
lgb_quantile,quantile,0.5,2,13,0.95,26,erratic,1510,0.7629472060837311,0.7484045755568934,0.3088463528194516,1.0939973676163635,0.11486552242179295,0.0,0.0,0.7507405848772098,0.7743089850735548,0.9916637111896599,1.1887899287168753
lgb_quantile,quantile,0.5,2,13,0.95,26,intermittent,10193,0.7613654276228289,0.804674330868778,0.3278763380492552,1.0092571155532348,0.1030528654325488,0.0,0.0,0.7561140007726621,0.7660323668154437,0.9617835662282336,1.0552539605889935
lgb_quantile,quantile,0.5,2,13,0.95,26,lumpy,2013,0.7256386052895223,0.7944948742266179,0.32807036516347643,1.1893896838679414,0.17585374187084857,0.0,0.0,0.71448284792609,0.7378750791114699,1.088446495520238,1.2976500998148748
lgb_quantile,fixed,0.5,2,13,0.95,26,all,28824,0.8095172355261551,0.7599506724194485,0.3183341942310789,0.7603338941350419,0.05084373200781774,0.0016829610478461638,0.06085206772134333,0.8073407661359809,0.8125118746226881,0.7432476135635429,0.776926445992169
lgb_quantile,fixed,0.5,2,13,0.95,26,smooth,15108,0.8275775085605768,0.7276819024237611,0.31233651954863867,0.6672398083977035,0.03150916667471989,0.0004428034039613435,0.011914217633042097,0.8248122438364783,0.8303620434140484,0.6492927653909564,0.6889939113590214
lgb_quantile,fixed,0.5,2,13,0.95,26,erratic,1510,0.7626573779863595,0.7480734497290789,0.30925282684206634,1.092175970857652,0.11475437733491099,0.0007897150910033636,0.025827814569536423,0.7504440321593809,0.7740181231417126,0.9905688380175669,1.18640232491066
lgb_quantile,fixed,0.5,2,13,0.95,26,intermittent,10193,0.759701683694078,0.8031180043345255,0.33048880904259303,0.9843145030196152,0.09352162005063891,0.007097080874456913,0.12312371235161386,0.7544841428961678,0.7643940440015621,0.9373593431493166,1.0296878199787571
lgb_quantile,fixed,0.5,2,13,0.95,26,lumpy,2013,0.723750731116915,0.7924626292733595,0.3313146606106485,1.1600118136911415,0.16282046084977503,0.0071519159606441935,0.13909587680079483,0.7124700360966956,0.7361625982060716,1.0626309415532649,1.2647483477500479
lgb_quantile,dead13,0.5,2,13,0.95,26,all,28824,0.808409653695834,0.7579684227789973,0.3209628949586246,0.746609848972684,0.05052289092014533,0.00400597356665254,0.07608243130724396,0.8062464643034505,0.8113139502113142,0.731175641705951,0.7617503202166892
lgb_quantile,dead13,0.5,2,13,0.95,26,smooth,15108,0.826886665868778,0.7265626880400511,0.3136202077366369,0.6578983167771445,0.031915842078514715,0.002948718806457744,0.033492189568440564,0.8240999382359259,0.8296922806939515,0.6407445166194752,0.678095086020681
lgb_quantile,dead13,0.5,2,13,0.95,26,erratic,1510,0.7610008375766116,0.746417820590006,0.31128519695514006,1.0774771660661817,0.11342648603374239,0.0033582833667920816,0.051655629139072845,0.7485702356932928,0.7725450080437662,0.975685149220445,1.1686138022822632
lgb_quantile,dead13,0.5,2,13,0.95,26,intermittent,10193,0.7569800892584455,0.7998626508388109,0.3359532899169099,0.9561281439957441,0.0899751731475917,0.008017004423514575,0.13411164524673796,0.751802232342352,0.7618477932238323,0.913076874655704,0.9971615483142361
lgb_quantile,dead13,0.5,2,13,0.95,26,lumpy,2013,0.7216891261922272,0.7902045793252946,0.33491943332972857,1.113996328490106,0.1628586816152327,0.011263543759880937,0.12021857923497267,0.710780993806309,0.7346631617880616,1.0275814786124147,1.212410089387882
lgb_quantile,dead26,0.5,2,13,0.95,26,all,28824,0.8097653620228591,0.7602976055307445,0.3178741193225188,0.7637611529524736,0.05185069196531565,0.00016269982382833425,0.015022203719122953,0.8076001858594126,0.8127570719758102,0.7465017877634854,0.7804517666711416
lgb_quantile,dead26,0.5,2,13,0.95,26,smooth,15108,0.8276922360233826,0.7278172912605001,0.3121812346871873,0.669115094442012,0.03251168151061625,6.21956655815877e-05,0.003508075191951284,0.8249356622988822,0.8304766884848673,0.6504729622068287,0.691245752690288
lgb_quantile,dead26,0.5,2,13,0.95,26,erratic,1510,0.762925934296768,0.7483443708609272,0.3089202571871998,1.0935666139303615,0.11475437733491099,5.052049403725222e-05,0.006622516556291391,0.7507177129384559,0.7742886374813983,0.9913390297450931,1.1883704040799572
lgb_quantile,dead26,0.5,2,13,0.95,26,intermittent,10193,0.7604565874900249,0.8036263746064589,0.3296354517553709,0.9943326798222714,0.09445903076756351,0.00062067131020758,0.029628176199352495,0.7550663679690959,0.7651844558115704,0.9475882703430141,1.0402520304615708
lgb_quantile,dead26,0.5,2,13,0.95,26,lumpy,2013,0.7246888771781493,0.7936368152463532,0.3294401787967269,1.173151649573491,0.16645143356825592,0.0006022666072121426,0.03378042722305018,0.7134725660065232,0.7369374159464991,1.075626611171856,1.2777882504450169
lgb_quantile,none,0.8,2,13,0.95,26,all,28824,0.9187431123586823,0.9006746272046022,0.13171735507117568,1.4236594081173128,0.10354035187265088,0.0,0.0,0.9171861216299626,0.9207239378267595,1.3978333080281677,1.4485136476317464
lgb_quantile,none,0.8,2,13,0.95,26,smooth,15108,0.9284549134699706,0.8878679567718487,0.12861037302874495,1.2184475317612944,0.05493061714206704,0.0,0.0,0.9269474084345908,0.93018814827745,1.192116588381491,1.250772258955544
lgb_quantile,none,0.8,2,13,0.95,26,erratic,1510,0.8858901578100695,0.8897350993377483,0.13535584953070726,2.0839251764893576,0.2836715104298231,0.0,0.0,0.8766694307496646,0.8953056983920271,1.916186850247272,2.261439976049342
lgb_quantile,none,0.8,2,13,0.95,26,intermittent,10193,0.8962235106351536,0.9195035808888453,0.13512238940040422,1.9335093544033182,0.20506807680561168,0.0,0.0,0.892581932216262,0.899724102057359,1.8544614378733555,2.020143872679454
lgb_quantile,none,0.8,2,13,0.95,26,lumpy,2013,0.8692212808589248,0.9096554215779253,0.14422695649039327,2.3840260364487116,0.36983686682379646,0.0,0.0,0.8602925270566597,0.879466184540083,2.218782948139117,2.574694665399917
lgb_quantile,quantile,0.8,2,13,0.95,26,all,28824,0.918742556436733,0.9006730502359145,0.13171944632076005,1.4231948426750147,0.10350162264351635,4.354721936179789e-05,0.00020815986677768527,0.9171861216299626,0.9207239238613687,1.3972844032866922,1.448235121939165
lgb_quantile,quantile,0.8,2,13,0.95,26,smooth,15108,0.9284549134699706,0.8878679567718487,0.12861037302874495,1.2180651894824404,0.05493061714206704,3.270847751701027e-05,0.00013238019592268997,0.9269474084345908,0.93018814827745,1.1920416187616354,1.2500188303967152
lgb_quantile,quantile,0.8,2,13,0.95,26,erratic,1510,0.8858901578100695,0.8897350993377483,0.13535584953070726,2.081593256843533,0.2832620285307843,0.0002605793902974062,0.001986754966887417,0.8766694307496646,0.8953056983920271,1.9148502965860525,2.257847043231669
lgb_quantile,quantile,0.8,2,13,0.95,26,intermittent,10193,0.8962235106351536,0.9195035808888453,0.13512238940040422,1.9335093544033182,0.20506807680561168,0.0,0.0,0.892581932216262,0.899724102057359,1.8544614378733555,2.020143872679454
lgb_quantile,quantile,0.8,2,13,0.95,26,lumpy,2013,0.8692039077837168,0.9096328410784447,0.1442630042175841,2.383522217267678,0.3695183604449823,2.8955125346737624e-05,0.0004967709885742673,0.8602580174470607,0.8794333258325254,2.218782948139117,2.5741648039907017
lgb_quantile,fixed,0.8,2,13,0.95,26,all,28824,0.9167173327754348,0.8981577851790175,0.13505498940782085,1.396503918045245,0.09618913650681996,0.006598608230869197,0.08683735775742436,0.9151081997373549,0.9186859914550732,1.3716063618925565,1.4212475653151166
lgb_quantile,fixed,0.8,2,13,0.95,26,smooth,15108,0.9275088455369407,0.887239150841216,0.12933158494081923,1.2092448033786865,0.052369543352485136,0.0023247798186711386,0.01979083929044215,0.9259305466966411,0.9292139081120105,1.184140268145556,1.2409716983919452
lgb_quantile,fixed,0.8,2,13,0.95,26,erratic,1510,0.8829865588896127,0.8883202889825407,0.1370926021727884,2.0593562625470305,0.276956007285587,0.005679567119135302,0.04900662251655629,0.8732951413347932,0.8931374136978658,1.8858356601242854,2.2286301934343413
lgb_quantile,fixed,0.8,2,13,0.95,26,intermittent,10193,0.8902224564791188,0.9147097384122793,0.1431693989071038,1.8416130557717507,0.18414702028511473,0.023137247174960344,0.17139213185519475,0.8862565071327362,0.8940692300599816,1.7661940503468343,1.9252104477609144
lgb_quantile,fixed,0.8,2,13,0.95,26,lumpy,2013,0.8625673930542446,0.9036715892155535,0.15377960419595543,2.236111674127437,0.3129643678227483,0.030709805942749926,0.19026328862394437,0.8525395886562485,0.8730790841819742,2.082783850711752,2.3981686014000334
lgb_quantile,dead13,0.8,2,13,0.95,26,all,28824,0.9148414668111816,0.8954643226604092,0.1386268436979148,1.3801338697115375,0.09390288895959392,0.006983491527100917,0.07691507077435471,0.9131740422809567,0.9168345500282882,1.3560919840811119,1.4046157283183933
lgb_quantile,dead13,0.8,2,13,0.95,26,smooth,15108,0.9265263522539486,0.8854881218860567,0.1313399358155906,1.1970150540767772,0.05124927799752753,0.004338333517937998,0.033690759862324594,0.9249503531881095,0.9282908783370649,1.1721607329038988,1.2277099596910814
lgb_quantile,dead13,0.8,2,13,0.95,26,erratic,1510,0.8808194955927516,0.885851896447923,0.1401226812504619,2.048611351157318,0.27865243229589054,0.006421420689471795,0.05231788079470199,0.8712781815304981,0.8907217759050734,1.8814234894429573,2.2221087191965267
lgb_quantile,dead13,0.8,2,13,0.95,26,intermittent,10193,0.8843728756785514,0.9103662941590931,0.1504603637996856,1.8052853117641843,0.17202299439425436,0.01735293538122026,0.1356813499460414,0.8800696061681209,0.8885649486747939,1.7361700321536333,1.8795361715350114
lgb_quantile,dead13,0.8,2,13,0.95,26,lumpy,2013,0.8591333151881214,0.902090954251908,0.1563029450993115,2.20457954262484,0.3210162090791691,0.02126464405464411,0.12220566318926974,0.8498895426680729,0.8695051468529532,2.057802197395002,2.385522644196998
lgb_quantile,dead26,0.8,2,13,0.95,26,all,28824,0.9182540863506151,0.8998057174576741,0.13286963359216034,1.41472778077255,0.10002699927600431,0.0007390055779355319,0.015126283652511795,0.916736872563501,0.9202612306620382,1.3892261960331236,1.43901749545564
lgb_quantile,dead26,0.8,2,13,0.95,26,smooth,15108,0.9283017783252318,0.8877626543432738,0.12873115014320716,1.2165452364438847,0.05478070328678074,0.0003659880400956376,0.003508075191951284,0.9267679308724389,0.9300498216876552,1.190328001631292,1.2479641619738575
lgb_quantile,dead26,0.8,2,13,0.95,26,erratic,1510,0.8857970937421061,0.8896146899458157,0.13550365826620353,2.081276839012457,0.2831450337024875,0.00034034859140885703,0.006622516556291391,0.8765126498559768,0.8952143851285942,1.9127307229631052,2.2582479312341217
lgb_quantile,dead26,0.8,2,13,0.95,26,intermittent,10193,0.8942137178211481,0.9175949626749195,0.13832622202260647,1.8984783700974357,0.1899177856812114,0.002397712382885235,0.029824389286765427,0.8903350906334091,0.8977270072248227,1.8206583856192569,1.9857098502405488
lgb_quantile,dead26,0.8,2,13,0.95,26,lumpy,2013,0.8671712579843758,0.9077586596215508,0.14725496557442053,2.319861478680341,0.3359350478628222,0.002524886930235521,0.03427719821162444,0.8579607159726489,0.8773382167350553,2.15424659368582,2.515237632432241
lgb_quantile,none,0.9,2,13,0.95,26,all,28824,0.953797512101031,0.9474459415133853,0.0696929836485195,1.9395321842673716,0.15074516704620694,0.0,0.0,0.9525177882448376,0.9553108435892149,1.9066401723494268,1.9717806380820027
lgb_quantile,none,0.9,2,13,0.95,26,smooth,15108,0.9607052245102463,0.9414789274797217,0.06712101866869112,1.6470946075366775,0.07361642520624306,0.0,0.0,0.959565465024334,0.962075153879481,1.6132602556722653,1.6870748705852658
lgb_quantile,none,0.9,2,13,0.95,26,erratic,1510,0.9286863342063629,0.9394942805538832,0.07427388958687459,2.898796814549902,0.43841472007657845,0.0,0.0,0.9204536871191326,0.9361078035163511,2.677296397068445,3.133778884340359
lgb_quantile,none,0.9,2,13,0.95,26,intermittent,10193,0.9389673211629213,0.9568866334293589,0.0723706864286249,2.653480685299942,0.31137207767258107,0.0,0.0,0.935562244622079,0.9419828082893723,2.5534576131382845,2.762174677237361
lgb_quantile,none,0.9,2,13,0.95,26,lumpy,2013,0.9167887607785454,0.9503906426410152,0.07919685663818896,3.327453512546256,0.5714259241028254,0.0,0.0,0.9091589281946301,0.9249550030594739,3.0993313431591956,3.58216525601874
lgb_quantile,quantile,0.9,2,13,0.95,26,all,28824,0.953773978071844,0.9474412106073222,0.06969925739727259,1.9363747329026666,0.14962935757103618,0.0002494236479190637,0.0007979461559811268,0.9524719256949737,0.9552827794177445,1.9035477183853005,1.9679443325327195
lgb_quantile,quantile,0.9,2,13,0.95,26,smooth,15108,0.9607027465952829,0.9414759188389054,0.06712446944339004,1.6458363223182577,0.0732549965296801,9.490414309859796e-05,0.0003309504898067249,0.9595628773240963,0.9620703457141867,1.6124217620190644,1.685973647546844
lgb_quantile,quantile,0.9,2,13,0.95,26,erratic,1510,0.9283832112421394,0.9394641782059001,0.07431084177074865,2.870343140513448,0.42823617001475733,0.0023345786191951287,0.003973509933774834,0.9201587027663938,0.9361004871006247,2.655335787590806,3.0917545674368756
lgb_quantile,quantile,0.9,2,13,0.95,26,intermittent,10193,0.9389660896722264,0.9568866334293589,0.0723706864286249,2.652935134922121,0.3112068116213314,4.679664640453977e-05,0.0006867458059452565,0.9355621853643649,0.9419827774125191,2.5530324378106592,2.7620713768457605
lgb_quantile,quantile,0.9,2,13,0.95,26,lumpy,2013,0.9167771787284067,0.9503680621415346,0.07923290436537976,3.322722245064599,0.5679478344461754,0.0002721781782593337,0.0024838549428713363,0.909147127202173,0.9249316358437729,3.098520963153003,3.5771274309215406
lgb_quantile,fixed,0.9,2,13,0.95,26,all,28824,0.9508646532038431,0.9436154845709384,0.07477262888894001,1.8863656621095273,0.13476426407700925,0.012149674201941614,0.10224118789897307,0.9493870468027071,0.9526247319538782,1.852306617477194,1.916082216468493
lgb_quantile,fixed,0.9,2,13,0.95,26,smooth,15108,0.9594370276319731,0.9404680241654031,0.06828047896752822,1.6299798966759018,0.06904541547324086,0.004316775657756332,0.024225575853852262,0.9581091025749634,0.9607761514444734,1.5983718944901766,1.6685796209789527
lgb_quantile,fixed,0.9,2,13,0.95,26,erratic,1510,0.9245064280681229,0.93735701384708,0.07689749464193334,2.816456386189292,0.3983322919020966,0.012287115944533815,0.06556291390728476,0.9162695102322882,0.9320040980659543,2.594921230785329,3.0251032320229734
lgb_quantile,fixed,0.9,2,13,0.95,26,intermittent,10193,0.9298222712629184,0.9496312085834306,0.08454974174713677,2.48350171916101,0.27148064589223964,0.04158128331182329,0.1991562837241244,0.9262301616632969,0.9334110764251803,2.388737382045447,2.5787986152329982
lgb_quantile,fixed,0.9,2,13,0.95,26,lumpy,2013,0.9068803168848918,0.9414713453461591,0.09343570887855521,3.044579310983837,0.4537187067482815,0.05650882262669315,0.2245404868355688,0.8987079226987384,0.9154251463247743,2.858877409813581,3.254713561742837
lgb_quantile,dead13,0.9,2,13,0.95,26,all,28824,0.9484454661878079,0.9405924355965988,0.07878155434216608,1.874692227710819,0.13369166826803072,0.00896220305197444,0.07708853733000277,0.9469515367848182,0.9501454395523831,1.843482305406866,1.9066309039130287
lgb_quantile,dead13,0.9,2,13,0.95,26,smooth,15108,0.9582228492999023,0.9384642693816642,0.07057869491700887,1.61654488953579,0.06753919008358256,0.00513473538717793,0.03362456976436325,0.9569460866294663,0.9595897786700154,1.5860190054204282,1.6543863398927334
lgb_quantile,dead13,0.9,2,13,0.95,26,erratic,1510,0.9219192469787415,0.9343467790487658,0.08059271302934004,2.8447611577170058,0.4293827193320659,0.008758658282037306,0.052980132450331126,0.9145809754992251,0.9293979604961706,2.6242151834634027,3.071903401325835
lgb_quantile,dead13,0.9,2,13,0.95,26,intermittent,10193,0.921991221934327,0.9448685818253169,0.09254435212216483,2.4552488596396165,0.2516351733446302,0.02394633656148094,0.13607377612086727,0.9175729150570587,0.9261949855390251,2.367139332541572,2.553699392604385
lgb_quantile,dead13,0.9,2,13,0.95,26,lumpy,2013,0.9021143032528188,0.9395971638892653,0.09642767023539166,3.06496951025301,0.48109751507114273,0.028393395915010916,0.12270243417784402,0.8932599397439724,0.9120245034029857,2.874742194300419,3.304673012781471
lgb_quantile,dead26,0.9,2,13,0.95,26,all,28824,0.9530599889816269,0.9460992102540812,0.07147891079356648,1.9247135287868427,0.145000603175315,0.0011861521324888014,0.015091590341382181,0.9518167484083312,0.9545264172427481,1.892154731147556,1.9564176946282223
lgb_quantile,dead26,0.9,2,13,0.95,26,smooth,15108,0.9604876635764589,0.9412954003899199,0.06733151592532524,1.6436451021161147,0.07330623981112341,0.0005912305102695947,0.003508075191951284,0.959297632878388,0.9618711128270129,1.6100295380019676,1.6827933156951007
lgb_quantile,dead26,0.9,2,13,0.95,26,erratic,1510,0.928561362457955,0.9393136664659844,0.07449560269011898,2.8947365622133296,0.4376835023997235,0.0005052049403725221,0.006622516556291391,0.9203880973384514,0.9359943787356524,2.6718651469857315,3.1286888421903116
lgb_quantile,dead26,0.9,2,13,0.95,26,intermittent,10193,0.935910761258288,0.9540103279434193,0.07719889213264466,2.5953247687260474,0.28605656975655896,0.0038200841354442726,0.02972628274305896,0.932174873431618,0.9389423045578439,2.498229468098584,2.6968616858392727
lgb_quantile,dead26,0.9,2,13,0.95,26,lumpy,2013,0.9134705034138093,0.9471842117147631,0.08431563389928265,3.2272919429468208,0.5197896699694813,0.004186911125138261,0.03427719821162444,0.9053123690435548,0.9221078838150278,3.0076261739794203,3.494678559926696
lgb_quantile,none,0.95,2,13,0.95,26,all,28824,0.9734324900429746,0.972379393434764,0.036628236470138,2.519091934851136,0.21648375290307073,0.0,0.0,0.9723627388758918,0.9746317295992957,2.4751685755967396,2.5614561470127084
lgb_quantile,none,0.95,2,13,0.95,26,smooth,15108,0.9785167250587328,0.9700850843622885,0.03431105283136064,2.1232685878932545,0.09799023751062716,0.0,0.0,0.9775605761816674,0.9795704522040748,2.0836524627421205,2.1739175242502595
lgb_quantile,none,0.95,2,13,0.95,26,erratic,1510,0.9540236914527301,0.9657736303431668,0.04201463306481413,3.9121714506029224,0.6914394352340562,0.0,0.0,0.9467223567749552,0.9602454713714025,3.5900283436931124,4.228389789383219
lgb_quantile,none,0.95,2,13,0.95,26,intermittent,10193,0.963198132074914,0.9769360434522801,0.03871547271502358,3.438856487000384,0.45140119011260754,0.0,0.0,0.9602780646237244,0.9654500378249387,3.314925537123945,3.5792854905242
lgb_quantile,none,0.95,2,13,0.95,26,lumpy,2013,0.9450084259414759,0.9714808291559409,0.045528279441981186,4.410543140241254,0.846640915908525,0.0,0.0,0.9377430542657414,0.9523951238258437,4.139735385335263,4.734563032573631
lgb_quantile,quantile,0.95,2,13,0.95,26,all,28824,0.9734006171845481,0.97236835465395,0.03664287521722855,2.5077007234953554,0.21101803948194744,0.0008183171093689341,0.0018734388009991674,0.9723618375694801,0.9746261920320883,2.4669926464929066,2.5468858437265873
lgb_quantile,quantile,0.95,2,13,0.95,26,smooth,15108,0.9785142471437693,0.9700790670806556,0.03431795438075848,2.1202871606092795,0.09654615822825116,0.00019848098856913048,0.0004633306857294149,0.9775580013287777,0.9795678801507134,2.0813170497982223,2.167719714156098
lgb_quantile,quantile,0.95,2,13,0.95,26,erratic,1510,0.9536035736602098,0.9657134256472005,0.042088537432562266,3.798375367270697,0.6352526689445206,0.008128481593256843,0.007947019867549669,0.9461771196057461,0.9600599614970243,3.5252614288071786,4.0812498601520675
lgb_quantile,quantile,0.95,2,13,0.95,26,intermittent,10193,0.9631944376028295,0.9769271246755795,0.03873044389550116,3.437238308227343,0.4507184516713792,0.00013176950434962514,0.0016678112430099088,0.9602679565030929,0.9654476542707294,3.3132999943487937,3.577795234019212
lgb_quantile,quantile,0.95,2,13,0.95,26,lumpy,2013,0.9450026349164066,0.9714582486564602,0.045564327169171984,4.379682767646701,0.8351619460160643,0.0026117523062757337,0.00894187779433681,0.9377374122311369,0.9523835721037486,4.1201358613075385,4.696057533661371
lgb_quantile,fixed,0.95,2,13,0.95,26,all,28824,0.9694070592080966,0.967071316831933,0.043667382571107714,2.4213845755007792,0.18202941531279596,0.020405856378305626,0.11736747155148487,0.9681464419984618,0.9708701908168728,2.379432611820611,2.4584738748777872
lgb_quantile,fixed,0.95,2,13,0.95,26,smooth,15108,0.9768136541043811,0.9687522564806124,0.03583974602298216,2.0947869377208286,0.09042585694352659,0.006764955641605282,0.028792692613185067,0.9757245052214547,0.9778705704430676,2.058069875572533,2.139255340932654
lgb_quantile,fixed,0.95,2,13,0.95,26,erratic,1510,0.9494981187763405,0.9625827814569536,0.04593156455546523,3.669665102304,0.5435579722669077,0.02560857253014611,0.08079470198675497,0.9418968984111474,0.9550504522980727,3.410615966880868,3.918416502250568
lgb_quantile,fixed,0.95,2,13,0.95,26,intermittent,10193,0.9502046737534852,0.9668399882272147,0.05566284901564488,3.1494069140813576,0.37462833610829244,0.06949055692935184,0.22544883743745708,0.946790858821672,0.9534219231508548,3.0324941936575214,3.268382129354425
lgb_quantile,fixed,0.95,2,13,0.95,26,lumpy,2013,0.9299691338363804,0.9589938129431423,0.06546267257849393,3.9120111650963336,0.6297890329567236,0.09705178913719517,0.26229508196721313,0.9211439743785893,0.9387942080403582,3.698818558051584,4.1812402071672485
lgb_quantile,dead13,0.95,2,13,0.95,26,all,28824,0.9664918045059697,0.9640025357656499,0.04773695426228034,2.4263934322639678,0.18929868778330014,0.011172734029705875,0.07767832361920622,0.9651151971311013,0.967983957865142,2.386346601727658,2.4664256188444087
lgb_quantile,dead13,0.95,2,13,0.95,26,smooth,15108,0.9753769590085961,0.9665589573254386,0.038355360778494774,2.082795563838399,0.08952419324664099,0.006001262249882361,0.03375694996028594,0.9742236674918576,0.976541071173116,2.0471946572016524,2.1280083845151108
lgb_quantile,dead13,0.95,2,13,0.95,26,erratic,1510,0.9461770610367337,0.9598735701384709,0.049257261104131256,3.8331494210085486,0.6784062113617932,0.01177659305742053,0.05364238410596026,0.9385841460154255,0.9525598207664855,3.5134901172945017,4.14516286235584
lgb_quantile,dead13,0.95,2,13,0.95,26,intermittent,10193,0.940606435277775,0.9620550645273495,0.0636948873418669,3.142817207373181,0.3508950474370216,0.03096460203146705,0.13744726773275778,0.9366947925472869,0.9445085392614369,3.035109375360313,3.253794984704459
lgb_quantile,dead13,0.95,2,13,0.95,26,lumpy,2013,0.9248093304995917,0.9577744659711873,0.06740924984679716,4.023720038684048,0.6959491779639914,0.03764745397582826,0.12270243417784402,0.916964412751514,0.9337899583081921,3.7792194104834413,4.327102854185559
lgb_quantile,dead26,0.95,2,13,0.95,26,all,28824,0.9722859936762025,0.9703514117023693,0.03931758343563029,2.493946473240419,0.2063448483917456,0.0016320015358270387,0.015091590341382181,0.9711766902072573,0.9735679707473358,2.4511218817873774,2.5344721700154715
lgb_quantile,dead26,0.95,2,13,0.95,26,smooth,15108,0.978242915455276,0.969826341252076,0.03460781945546775,2.1186507455674435,0.09769695149555797,0.0007597287277814657,0.003508075191951284,0.9773417120018709,0.9792539045590751,2.0786865718196776,2.1693459185322936
lgb_quantile,dead26,0.95,2,13,0.95,26,erratic,1510,0.9538774479173591,0.9655328115593016,0.042310250535806664,3.906276506640786,0.6900062485874204,0.0006806971828177141,0.006622516556291391,0.9465507686960279,0.9600674437625915,3.5862386611453414,4.222103392708428
lgb_quantile,dead26,0.95,2,13,0.95,26,intermittent,10193,0.9582339930839483,0.9725613834806418,0.04605883673927689,3.3321367348748314,0.40414322729377455,0.005400086696944918,0.02972628274305896,0.9547987898538636,0.9608159703239069,3.216017104125924,3.4623305612818673
lgb_quantile,dead26,0.95,2,13,0.95,26,lumpy,2013,0.9392405649724057,0.9667163437655241,0.053134349879240116,4.247328889686763,0.761994660674886,0.006370127576282278,0.03427719821162444,0.9315233185642232,0.9473028333093482,3.9670713540231466,4.5671892112322885
lgb_quantile,none,0.99,2,13,0.95,26,all,28824,0.9916530172385837,0.9935486210985794,0.008555302049633718,4.056793171647758,0.4531715254553881,0.0,0.0,0.9907393977641171,0.9922532259611948,3.9948643191916133,4.11872127518671
lgb_quantile,none,0.99,2,13,0.95,26,smooth,15108,0.9939613212341701,0.9935915950610152,0.007350150108699403,3.3799238338498547,0.18495935352189768,0.0,0.0,0.9933849475057086,0.9946153459264739,3.316294211586304,3.461584440869617
lgb_quantile,none,0.99,2,13,0.95,26,erratic,1510,0.9797758485448769,0.9897049969897652,0.0126376468849309,6.5607721658667595,1.4730233856707924,0.0,0.0,0.9748109531930422,0.9839070476949856,6.019344310115748,7.0763838047818854
lgb_quantile,none,0.99,2,13,0.95,26,intermittent,10193,0.988806981074451,0.9944346833388332,0.00934201661801033,5.568658069219629,1.0095317379781878,0.0,0.0,0.9869909149951541,0.9905609785503651,5.382546526276823,5.790176218595993
lgb_quantile,none,0.99,2,13,0.95,26,lumpy,2013,0.9769575112490662,0.9916226346926794,0.013373706787787031,7.31267481656928,1.8840289319612462,0.0,0.0,0.9715873897363773,0.981854313907089,6.860972277067224,7.90106443029894
lgb_quantile,quantile,0.99,2,13,0.95,26,all,28824,0.9916111377850698,0.9935233895995761,0.008588762042983544,4.018410467194953,0.430629483394704,0.002744030741742567,0.01467527060782681,0.9907218125844742,0.9922359637499016,3.9538751015645976,4.07556267951511
lgb_quantile,quantile,0.99,2,13,0.95,26,smooth,15108,0.9939588433192067,0.9935855777793824,0.007357051658097243,3.371594818283345,0.17985410532278434,0.0004926094947258819,0.0013899920571882446,0.993382422748636,0.9946105181900139,3.3098816411430882,3.446232197204971
lgb_quantile,quantile,0.99,2,13,0.95,26,erratic,1510,0.9797758485448769,0.9897049969897652,0.0126376468849309,6.235497294494595,1.2804381988114388,0.021963120039352805,0.02847682119205298,0.9748109531930422,0.9839070476949856,5.794178457471744,6.675653402244971
lgb_quantile,quantile,0.99,2,13,0.95,26,intermittent,10193,0.9886062480911895,0.9943990082320309,0.009401901339920653,5.541061594238594,0.9964513364137021,0.0028890771701329024,0.02423231629549691,0.9867267927726542,0.9902204586886076,5.3553720009899015,5.763320065296877
lgb_quantile,quantile,0.99,2,13,0.95,26,lumpy,2013,0.9766505869203908,0.9914871516957955,0.013589993150931835,7.146026488148667,1.779826385068421,0.012821329503535421,0.05563835072031793,0.9713843629405499,0.9814555908160696,6.721309229690088,7.7002598742544155
lgb_quantile,fixed,0.99,2,13,0.95,26,all,28824,0.9852247064315166,0.9855628516640174,0.01914538994485375,3.8098443029396596,0.3518823609856941,0.05020920269488724,0.1618789897307799,0.9842034208334092,0.9862467705874368,3.750529479082062,3.8583524480816758
lgb_quantile,fixed,0.99,2,13,0.95,26,smooth,15108,0.9915619561751003,0.9916480130936048,0.009579350564201663,3.30952899544584,0.16723299413155399,0.015658440236779644,0.041236431029917926,0.9907556552489244,0.9923390759338317,3.2527442184137016,3.3756519037639023
lgb_quantile,fixed,0.99,2,13,0.95,26,erratic,1510,0.9720063283566215,0.9850090307043949,0.018402187569285345,5.9235837643086,1.1100469308799874,0.07614236143425024,0.12251655629139073,0.965301445689351,0.9778058149532283,5.535875063303757,6.286543140197288
lgb_quantile,fixed,0.99,2,13,0.95,26,intermittent,10193,0.967303922051565,0.9792772223361844,0.03478553783965866,4.832567756618031,0.7238246652808291,0.17128927223825896,0.30707348180123617,0.9639671537078903,0.9702872531198079,4.671592198797183,5.001224065313829
lgb_quantile,fixed,0.99,2,13,0.95,26,lumpy,2013,0.9501798113284032,0.9721356636408798,0.04448289535344797,6.08963348602336,1.2669801541570873,0.23182631557612013,0.36164927968206656,0.9413030350617954,0.9589188241134315,5.737114375548024,6.45998636003626
lgb_quantile,dead13,0.99,2,13,0.95,26,all,28824,0.9826417077477545,0.9831611283526355,0.02233036306184034,3.8609770772996495,0.37398818962349445,0.017426855959325787,0.07757424368581738,0.9814784164552833,0.9837690127406272,3.802264090817677,3.9186593755577848
lgb_quantile,dead13,0.99,2,13,0.95,26,smooth,15108,0.9903396007236502,0.9895028521914939,0.012039752924531558,3.305252609801987,0.16520506852549938,0.008518823852706787,0.03375694996028594,0.9895317664368924,0.9912187257288513,3.250122551075539,3.377103061715349
lgb_quantile,dead13,0.99,2,13,0.95,26,erratic,1510,0.971195341478655,0.9833534015653221,0.020434557682359026,6.386080274406052,1.4319289522315433,0.020051318186048366,0.052980132450331126,0.964383701127038,0.9766723940036344,5.861488095459396,6.8859486361550815
lgb_quantile,dead13,0.99,2,13,0.95,26,intermittent,10193,0.9567611302129001,0.9755224173452369,0.04108840482072011,4.907543373102273,0.7050195560722343,0.05113395663182369,0.1371529481016384,0.9525363127742901,0.960261182712745,4.750306825693792,5.068025205101132
lgb_quantile,dead13,0.99,2,13,0.95,26,lumpy,2013,0.9493690678186946,0.9741001670956961,0.04134674308784831,6.427672992396384,1.392599069961374,0.061390656760153116,0.12319920516641829,0.9418927692986779,0.9571881271476508,6.041285889637859,6.853154274847699
lgb_quantile,dead26,0.99,2,13,0.95,26,all,28824,0.9897851194889372,0.9905318799989907,0.012555862504522328,3.9895775752945317,0.4178402765822882,0.0031752408670825826,0.015195670274771023,0.9889368949321963,0.9904662524922782,3.92687517675052,4.050091424765511
lgb_quantile,dead26,0.99,2,13,0.95,26,smooth,15108,0.9936657059790354,0.993221532240595,0.007774595396666552,3.3686931798611917,0.18314730386745534,0.0012374707327268883,0.003640455387873974,0.9930949141675836,0.9943615093679014,3.305196256808631,3.448497639503443
lgb_quantile,dead26,0.99,2,13,0.95,26,erratic,1510,0.9794275230333568,0.9893136664659844,0.01311802527529377,6.5488971907946345,1.4692912506481248,0.0011726072563383277,0.006622516556291391,0.9742603703255923,0.9835144928054713,6.011528222621051,7.066657047634431
lgb_quantile,dead26,0.99,2,13,0.95,26,intermittent,10193,0.9803466400007882,0.9879774890076077,0.020181151283778728,5.273558416992601,0.8404022541205678,0.011008295321320551,0.029824389286765427,0.9780611192181791,0.9823936363535302,5.102271537362541,5.473682822715479
lgb_quantile,dead26,0.99,2,13,0.95,26,lumpy,2013,0.9660356379682767,0.984193650363546,0.025233409033560434,6.8881463507855525,1.625694778232695,0.015989020216468516,0.03427719821162444,0.9582541237126101,0.9726421962939982,6.485918235258908,7.341119551545962
