model,policy,tau,L,H,q_liq,k,group,n_series,fill_rate,csl,stockout_rate_demand_weeks,inventory_weeks,excess_weeks_of_demand,liquidated_share,liq_series_share,fill_rate_lo,fill_rate_hi,inventory_weeks_lo,inventory_weeks_hi
empirical,none,0.5,2,13,0.95,26,all,13844,0.67329,0.81295,0.45013,0.76954,0.17776,0.0,0.0,0.65525,0.68966,0.67969,0.8621
empirical,none,0.5,2,13,0.95,26,smooth,2596,0.78165,0.73219,0.31856,0.81784,0.15372,0.0,0.0,0.76559,0.80086,0.69775,0.96905
empirical,none,0.5,2,13,0.95,26,erratic,1901,0.58709,0.7147,0.36391,0.79071,0.21159,0.0,0.0,0.54666,0.63187,0.65009,0.97625
empirical,none,0.5,2,13,0.95,26,intermittent,6539,0.44992,0.88251,0.66478,0.52785,0.24186,0.0,0.0,0.40187,0.50407,0.40934,0.68974
empirical,none,0.5,2,13,0.95,26,lumpy,2808,0.31074,0.79214,0.63141,0.51369,0.19533,0.0,0.0,0.25453,0.34475,0.39863,0.695
empirical,quantile,0.5,2,13,0.95,26,all,13844,0.67329,0.81295,0.45013,0.76954,0.17776,0.0,0.0,0.65525,0.68966,0.67969,0.8621
empirical,quantile,0.5,2,13,0.95,26,smooth,2596,0.78165,0.73219,0.31856,0.81784,0.15372,0.0,0.0,0.76559,0.80086,0.69775,0.96905
empirical,quantile,0.5,2,13,0.95,26,erratic,1901,0.58709,0.7147,0.36391,0.79071,0.21159,0.0,0.0,0.54666,0.63187,0.65009,0.97625
empirical,quantile,0.5,2,13,0.95,26,intermittent,6539,0.44992,0.88251,0.66478,0.52785,0.24186,0.0,0.0,0.40187,0.50407,0.40934,0.68974
empirical,quantile,0.5,2,13,0.95,26,lumpy,2808,0.31074,0.79214,0.63141,0.51369,0.19533,0.0,0.0,0.25453,0.34475,0.39863,0.695
empirical,fixed,0.5,2,13,0.95,26,all,13844,0.6731,0.81217,0.452,0.71581,0.14269,0.00937,0.07122,0.65508,0.68951,0.62829,0.80495
empirical,fixed,0.5,2,13,0.95,26,smooth,2596,0.78161,0.73186,0.31896,0.78916,0.13865,0.0066,0.047,0.76555,0.80082,0.66817,0.94134
empirical,fixed,0.5,2,13,0.95,26,erratic,1901,0.58673,0.71293,0.36617,0.72884,0.17669,0.01185,0.08943,0.54618,0.63157,0.59533,0.90069
empirical,fixed,0.5,2,13,0.95,26,intermittent,6539,0.44942,0.88213,0.6669,0.35387,0.09178,0.01428,0.05307,0.40147,0.5034,0.27301,0.50049
empirical,fixed,0.5,2,13,0.95,26,lumpy,2808,0.3102,0.7907,0.63579,0.3898,0.09619,0.01836,0.12358,0.25359,0.34439,0.28145,0.55544
empirical,dead13,0.5,2,13,0.95,26,all,13844,0.67291,0.81099,0.45484,0.70183,0.13003,0.00347,0.09109,0.65486,0.68931,0.61246,0.79077
empirical,dead13,0.5,2,13,0.95,26,smooth,2596,0.78144,0.73084,0.32016,0.77554,0.12965,0.00286,0.06125,0.76538,0.80057,0.65355,0.92518
empirical,dead13,0.5,2,13,0.95,26,erratic,1901,0.58689,0.71288,0.36623,0.72327,0.16437,0.0042,0.08522,0.54649,0.63162,0.5962,0.8864
empirical,dead13,0.5,2,13,0.95,26,intermittent,6539,0.44839,0.88067,0.6752,0.31627,0.05329,0.00416,0.08671,0.4004,0.5022,0.2409,0.45101
empirical,dead13,0.5,2,13,0.95,26,lumpy,2808,0.30933,0.78925,0.64016,0.3626,0.07455,0.00515,0.13283,0.25299,0.34342,0.26265,0.52543
empirical,dead26,0.5,2,13,0.95,26,all,13844,0.67325,0.81252,0.45115,0.73911,0.15871,0.00204,0.03785,0.65521,0.68962,0.64819,0.83247
empirical,dead26,0.5,2,13,0.95,26,smooth,2596,0.78164,0.73202,0.31877,0.80608,0.15048,0.00163,0.02273,0.76558,0.80085,0.68499,0.95554
empirical,dead26,0.5,2,13,0.95,26,erratic,1901,0.58708,0.71448,0.36419,0.76656,0.1989,0.00227,0.03156,0.54665,0.63186,0.63189,0.93484
empirical,dead26,0.5,2,13,0.95,26,intermittent,6539,0.44964,0.88218,0.66667,0.36534,0.10384,0.00298,0.03349,0.40169,0.50351,0.28445,0.51435
empirical,dead26,0.5,2,13,0.95,26,lumpy,2808,0.31048,0.79113,0.63446,0.42187,0.12624,0.00366,0.06624,0.25404,0.34459,0.31657,0.59356
empirical,none,0.8,2,13,0.95,26,all,13844,0.83039,0.90758,0.22241,1.81975,0.44896,0.0,0.0,0.81534,0.84348,1.66108,1.96048
empirical,none,0.8,2,13,0.95,26,smooth,2596,0.89053,0.86787,0.15717,1.55774,0.23447,0.0,0.0,0.87833,0.90198,1.37687,1.75044
empirical,none,0.8,2,13,0.95,26,erratic,1901,0.77962,0.86985,0.16601,2.14324,0.54694,0.0,0.0,0.73852,0.81145,1.87183,2.50103
empirical,none,0.8,2,13,0.95,26,intermittent,6539,0.7751,0.9405,0.33664,2.37643,1.28351,0.0,0.0,0.73252,0.81223,1.85279,2.98443
empirical,none,0.8,2,13,0.95,26,lumpy,2808,0.58443,0.89315,0.32458,2.28206,1.10647,0.0,0.0,0.5103,0.6334,1.8487,3.06425
empirical,quantile,0.8,2,13,0.95,26,all,13844,0.83039,0.90758,0.22241,1.81949,0.44896,9e-05,0.00383,0.81534,0.84348,1.66065,1.96021
empirical,quantile,0.8,2,13,0.95,26,smooth,2596,0.89053,0.86787,0.15717,1.55774,0.23447,0.0,0.0,0.87833,0.90198,1.37687,1.75044
empirical,quantile,0.8,2,13,0.95,26,erratic,1901,0.77962,0.86985,0.16601,2.14324,0.54694,0.0,0.0,0.73852,0.81145,1.87183,2.50103
empirical,quantile,0.8,2,13,0.95,26,intermittent,6539,0.7751,0.9405,0.33664,2.37403,1.28351,0.00099,0.00505,0.73252,0.81223,1.85085,2.98111
empirical,quantile,0.8,2,13,0.95,26,lumpy,2808,0.58443,0.89315,0.32458,2.28056,1.10647,0.00041,0.00712,0.5103,0.6334,1.84769,3.06294
empirical,fixed,0.8,2,13,0.95,26,all,13844,0.82945,0.90464,0.22947,1.63512,0.31086,0.04564,0.19265,0.81429,0.84257,1.49269,1.76872
empirical,fixed,0.8,2,13,0.95,26,smooth,2596,0.89047,0.86728,0.15787,1.50819,0.20504,0.01273,0.07512,0.87832,0.9019,1.32819,1.69718
empirical,fixed,0.8,2,13,0.95,26,erratic,1901,0.7786,0.86765,0.16881,1.97696,0.44655,0.03813,0.13887,0.73712,0.81056,1.72837,2.28237
empirical,fixed,0.8,2,13,0.95,26,intermittent,6539,0.76794,0.93707,0.35607,1.38347,0.42091,0.25496,0.21135,0.72647,0.80405,1.07163,1.74261
empirical,fixed,0.8,2,13,0.95,26,lumpy,2808,0.58198,0.88871,0.33805,1.63015,0.57175,0.16017,0.29416,0.50751,0.63143,1.23557,2.23103
empirical,dead13,0.8,2,13,0.95,26,all,13844,0.82946,0.90295,0.23355,1.63586,0.30601,0.00753,0.15509,0.81438,0.84256,1.4914,1.77072
empirical,dead13,0.8,2,13,0.95,26,smooth,2596,0.8903,0.86658,0.15871,1.50114,0.20224,0.00386,0.06125,0.87813,0.90176,1.32062,1.69154
empirical,dead13,0.8,2,13,0.95,26,erratic,1901,0.77942,0.86818,0.16814,2.00005,0.44584,0.00912,0.08522,0.73833,0.8113,1.75469,2.31563
empirical,dead13,0.8,2,13,0.95,26,intermittent,6539,0.76784,0.93432,0.3716,1.38258,0.41124,0.0196,0.19651,0.72555,0.80487,1.08888,1.73231
empirical,dead13,0.8,2,13,0.95,26,lumpy,2808,0.58057,0.88704,0.34312,1.61477,0.54038,0.02088,0.19266,0.50355,0.63058,1.23952,2.20886
empirical,dead26,0.8,2,13,0.95,26,all,13844,0.83015,0.90607,0.22605,1.7165,0.37144,0.00439,0.07729,0.81511,0.84318,1.56481,1.85695
empirical,dead26,0.8,2,13,0.95,26,smooth,2596,0.89051,0.86772,0.15735,1.54189,0.22973,0.00213,0.02273,0.87833,0.90196,1.36059,1.7352
empirical,dead26,0.8,2,13,0.95,26,erratic,1901,0.77961,0.86964,0.16628,2.09342,0.52162,0.00459,0.03156,0.73851,0.81144,1.82656,2.41785
empirical,dead26,0.8,2,13,0.95,26,intermittent,6539,0.77243,0.93845,0.34824,1.60464,0.60811,0.01226,0.09971,0.72944,0.80919,1.26522,2.01053
empirical,dead26,0.8,2,13,0.95,26,lumpy,2808,0.58361,0.89077,0.33181,1.84784,0.75943,0.01494,0.10648,0.5093,0.63285,1.45451,2.50307
empirical,none,0.9,2,13,0.95,26,all,13844,0.88758,0.9432,0.13668,2.80164,0.74319,0.0,0.0,0.87683,0.89841,2.58906,2.99594
empirical,none,0.9,2,13,0.95,26,smooth,2596,0.92604,0.91469,0.10147,2.10903,0.29453,0.0,0.0,0.91553,0.93555,1.88528,2.33201
empirical,none,0.9,2,13,0.95,26,erratic,1901,0.85812,0.92633,0.09397,3.65289,1.0044,0.0,0.0,0.82822,0.87939,3.23553,4.2432
empirical,none,0.9,2,13,0.95,26,intermittent,6539,0.8521,0.96153,0.21766,3.45552,1.8451,0.0,0.0,0.81865,0.87967,2.66357,4.26046
empirical,none,0.9,2,13,0.95,26,lumpy,2808,0.71994,0.93831,0.18739,4.69055,2.43673,0.0,0.0,0.67071,0.75912,3.87022,6.15122
empirical,quantile,0.9,2,13,0.95,26,all,13844,0.88758,0.94319,0.13671,2.79336,0.74032,0.00095,0.01582,0.87682,0.8984,2.58216,2.9876
empirical,quantile,0.9,2,13,0.95,26,smooth,2596,0.92604,0.91469,0.10147,2.10903,0.29453,0.0,0.0,0.91553,0.93555,1.88528,2.33201
empirical,quantile,0.9,2,13,0.95,26,erratic,1901,0.85812,0.92633,0.09397,3.65289,1.0044,0.0,0.0,0.82822,0.87939,3.23553,4.2432
empirical,quantile,0.9,2,13,0.95,26,intermittent,6539,0.85206,0.96151,0.21778,3.44041,1.84314,0.00307,0.01713,0.81861,0.87959,2.65254,4.24278
empirical,quantile,0.9,2,13,0.95,26,lumpy,2808,0.7199,0.93828,0.18749,4.59455,2.40078,0.00998,0.03811,0.67067,0.75911,3.78425,6.01673
empirical,fixed,0.9,2,13,0.95,26,all,13844,0.88564,0.93851,0.14797,2.46321,0.48256,0.07935,0.27485,0.87463,0.89647,2.28765,2.64096
empirical,fixed,0.9,2,13,0.95,26,smooth,2596,0.92596,0.91399,0.10231,2.04543,0.25472,0.01594,0.0832,0.91547,0.93546,1.82768,2.26915
empirical,fixed,0.9,2,13,0.95,26,erratic,1901,0.85576,0.92227,0.09915,3.29687,0.78312,0.07305,0.20147,0.82628,0.87753,2.92587,3.79561
empirical,fixed,0.9,2,13,0.95,26,intermittent,6539,0.84411,0.95668,0.24511,2.06082,0.61692,0.388,0.3161,0.8107,0.87265,1.62624,2.58064
empirical,fixed,0.9,2,13,0.95,26,lumpy,2808,0.70983,0.92986,0.21306,3.12287,1.09677,0.34718,0.40563,0.65818,0.74928,2.56197,4.05129
empirical,dead13,0.9,2,13,0.95,26,all,13844,0.88649,0.9372,0.15113,2.5168,0.51805,0.01166,0.17878,0.87573,0.89723,2.33018,2.70378
empirical,dead13,0.9,2,13,0.95,26,smooth,2596,0.92581,0.91335,0.10308,2.04411,0.2573,0.00437,0.06125,0.91534,0.93529,1.82589,2.26926
empirical,dead13,0.9,2,13,0.95,26,erratic,1901,0.85791,0.92459,0.09619,3.42169,0.844,0.0148,0.08522,0.82796,0.87919,3.03255,3.93533
empirical,dead13,0.9,2,13,0.95,26,intermittent,6539,0.8439,0.95327,0.26442,2.12103,0.67607,0.02874,0.24239,0.81016,0.87329,1.64445,2.64915
empirical,dead13,0.9,2,13,0.95,26,lumpy,2808,0.71475,0.93036,0.21154,3.34924,1.28045,0.0437,0.20264,0.66383,0.75401,2.73343,4.35075
empirical,dead26,0.9,2,13,0.95,26,all,13844,0.88727,0.94103,0.14191,2.64133,0.62075,0.00665,0.09325,0.87652,0.89804,2.44915,2.83068
empirical,dead26,0.9,2,13,0.95,26,smooth,2596,0.92603,0.91454,0.10166,2.09053,0.28863,0.00243,0.02273,0.91551,0.93554,1.86637,2.31349
empirical,dead26,0.9,2,13,0.95,26,erratic,1901,0.85811,0.92612,0.09424,3.57462,0.96653,0.00725,0.03156,0.82822,0.87938,3.18158,4.11841
empirical,dead26,0.9,2,13,0.95,26,intermittent,6539,0.84909,0.9585,0.23481,2.43692,0.94966,0.01696,0.13014,0.81581,0.87673,1.93749,3.04187
empirical,dead26,0.9,2,13,0.95,26,lumpy,2808,0.71844,0.93493,0.19767,3.82849,1.7319,0.029,0.11432,0.66935,0.75771,3.16381,5.0027
empirical,none,0.95,2,13,0.95,26,all,13844,0.92664,0.96323,0.08849,3.91517,1.1511,0.0,0.0,0.91823,0.93571,3.61617,4.1871
empirical,none,0.95,2,13,0.95,26,smooth,2596,0.94992,0.94173,0.06931,2.66091,0.36344,0.0,0.0,0.94107,0.95767,2.41029,2.9468
empirical,none,0.95,2,13,0.95,26,erratic,1901,0.91105,0.95677,0.05514,5.44279,1.68976,0.0,0.0,0.89247,0.92595,4.7758,6.30167
empirical,none,0.95,2,13,0.95,26,intermittent,6539,0.89792,0.97397,0.14726,4.39072,2.30481,0.0,0.0,0.87224,0.9197,3.43738,5.37731
empirical,none,0.95,2,13,0.95,26,lumpy,2808,0.82311,0.96244,0.11408,7.95062,4.46895,0.0,0.0,0.79214,0.85201,6.55689,10.43995
empirical,quantile,0.95,2,13,0.95,26,all,13844,0.92662,0.96311,0.08879,3.88672,1.13634,0.00247,0.04045,0.91821,0.93569,3.59207,4.15829
empirical,quantile,0.95,2,13,0.95,26,smooth,2596,0.94992,0.94173,0.06931,2.66091,0.36344,0.0,0.0,0.94107,0.95767,2.41029,2.9468
empirical,quantile,0.95,2,13,0.95,26,erratic,1901,0.91105,0.95677,0.05514,5.4425,1.68954,2e-05,0.00105,0.89247,0.92595,4.77547,6.3011
empirical,quantile,0.95,2,13,0.95,26,intermittent,6539,0.89779,0.97379,0.14828,4.34437,2.28743,0.00595,0.05536,0.87216,0.91957,3.41037,5.33146
empirical,quantile,0.95,2,13,0.95,26,lumpy,2808,0.82294,0.96227,0.11462,7.61732,4.29093,0.02743,0.0698,0.79201,0.85197,6.27886,9.95942
empirical,fixed,0.95,2,13,0.95,26,all,13844,0.92241,0.95661,0.10442,3.32714,0.68485,0.13253,0.35763,0.91372,0.9316,3.08531,3.57235
empirical,fixed,0.95,2,13,0.95,26,smooth,2596,0.94983,0.94094,0.07025,2.58093,0.31271,0.01913,0.09091,0.94102,0.95761,2.33438,2.85849
empirical,fixed,0.95,2,13,0.95,26,erratic,1901,0.90504,0.94972,0.06414,4.69216,1.17949,0.14387,0.28827,0.88536,0.9202,4.18274,5.3657
empirical,fixed,0.95,2,13,0.95,26,intermittent,6539,0.88875,0.96777,0.18234,2.64714,0.76109,0.50078,0.42025,0.86363,0.91116,2.11595,3.2754
empirical,fixed,0.95,2,13,0.95,26,lumpy,2808,0.79696,0.94975,0.15263,4.9067,1.78961,0.67948,0.50534,0.76147,0.83057,4.07483,6.26604
empirical,dead13,0.95,2,13,0.95,26,all,13844,0.92531,0.95636,0.10501,3.49307,0.80827,0.01641,0.18875,0.91669,0.93426,3.21295,3.74445
empirical,dead13,0.95,2,13,0.95,26,smooth,2596,0.94968,0.94036,0.07094,2.58302,0.3173,0.00514,0.06125,0.9409,0.95745,2.32877,2.86233
empirical,dead13,0.95,2,13,0.95,26,erratic,1901,0.91083,0.95502,0.05737,5.06643,1.40069,0.02095,0.08522,0.8923,0.92571,4.50688,5.81168
empirical,dead13,0.95,2,13,0.95,26,intermittent,6539,0.88852,0.96435,0.20173,2.77358,0.88896,0.03588,0.26166,0.86326,0.9112,2.2169,3.41015
empirical,dead13,0.95,2,13,0.95,26,lumpy,2808,0.81587,0.95346,0.14137,5.65029,2.49149,0.07257,0.20691,0.78424,0.84516,4.64119,7.35623
empirical,dead26,0.95,2,13,0.95,26,all,13844,0.92617,0.96062,0.09476,3.67871,0.9718,0.01013,0.10756,0.91769,0.93516,3.39645,3.93791
empirical,dead26,0.95,2,13,0.95,26,smooth,2596,0.9499,0.94157,0.0695,2.63824,0.35646,0.00299,0.02273,0.94107,0.95765,2.38641,2.91724
empirical,dead26,0.95,2,13,0.95,26,erratic,1901,0.91104,0.95655,0.05542,5.31779,1.63973,0.01316,0.03156,0.89246,0.92594,4.70165,6.09372
empirical,dead26,0.95,2,13,0.95,26,intermittent,6539,0.89436,0.97028,0.16818,3.16312,1.22188,0.0205,0.15843,0.86838,0.91687,2.5226,3.88725
empirical,dead26,0.95,2,13,0.95,26,lumpy,2808,0.81999,0.95851,0.12603,6.45682,3.22244,0.04668,0.11895,0.78875,0.8503,5.36271,8.31323
empirical,none,0.99,2,13,0.95,26,all,13844,0.95978,0.97929,0.04984,5.79363,2.02102,0.0,0.0,0.95381,0.96523,5.32533,6.2728
empirical,none,0.99,2,13,0.95,26,smooth,2596,0.96883,0.96307,0.04393,3.52297,0.49433,0.0,0.0,0.96327,0.97407,3.18851,3.87929
empirical,none,0.99,2,13,0.95,26,erratic,1901,0.95841,0.97838,0.02757,8.62318,3.33392,0.0,0.0,0.94959,0.96607,7.42132,10.18916
empirical,none,0.99,2,13,0.95,26,intermittent,6539,0.9386,0.98461,0.08708,5.86484,3.16315,0.0,0.0,0.9227,0.95313,4.65497,7.20001
empirical,none,0.99,2,13,0.95,26,lumpy,2808,0.9112,0.9825,0.05315,13.50697,8.38853,0.0,0.0,0.89167,0.9267,11.53132,17.56304
empirical,quantile,0.99,2,13,0.95,26,all,13844,0.95922,0.9784,0.05199,5.6452,1.90937,0.01683,0.13948,0.95319,0.96466,5.18274,6.10243
empirical,quantile,0.99,2,13,0.95,26,smooth,2596,0.96882,0.96304,0.04397,3.52256,0.49424,9e-05,0.0027,0.96325,0.97404,3.18803,3.87855
empirical,quantile,0.99,2,13,0.95,26,erratic,1901,0.95806,0.97803,0.02803,8.50756,3.23593,0.01321,0.04682,0.94902,0.96551,7.31095,10.01615
empirical,quantile,0.99,2,13,0.95,26,intermittent,6539,0.93684,0.98343,0.09377,5.65686,3.01227,0.04336,0.20156,0.92066,0.95149,4.48688,6.94915
empirical,quantile,0.99,2,13,0.95,26,lumpy,2808,0.90654,0.98113,0.05733,12.14203,7.39401,0.13824,0.18412,0.88172,0.92393,10.37086,16.00947
empirical,fixed,0.99,2,13,0.95,26,all,13844,0.95112,0.96917,0.07418,4.57987,1.01432,0.27912,0.47544,0.94496,0.95747,4.2456,4.90326
empirical,fixed,0.99,2,13,0.95,26,smooth,2596,0.96871,0.96216,0.04501,3.40561,0.4149,0.02847,0.10285,0.96317,0.97389,3.08511,3.74842
empirical,fixed,0.99,2,13,0.95,26,erratic,1901,0.94299,0.96306,0.04712,6.6871,1.84754,0.39215,0.40663,0.93059,0.95389,5.8594,7.50085
empirical,fixed,0.99,2,13,0.95,26,intermittent,6539,0.92525,0.97622,0.13455,3.43609,0.96912,0.69697,0.57715,0.90894,0.94027,2.87614,4.20572
empirical,fixed,0.99,2,13,0.95,26,lumpy,2808,0.86351,0.96338,0.11123,7.26676,2.80089,1.49796,0.62963,0.82788,0.8871,6.03527,9.04192
empirical,dead13,0.99,2,13,0.95,26,all,13844,0.9583,0.97159,0.06837,5.1265,1.45515,0.0244,0.19272,0.95227,0.96367,4.73421,5.5032
empirical,dead13,0.99,2,13,0.95,26,smooth,2596,0.96859,0.96169,0.04557,3.42804,0.43732,0.00623,0.06125,0.96303,0.97376,3.09864,3.79816
empirical,dead13,0.99,2,13,0.95,26,erratic,1901,0.95819,0.97664,0.0298,8.03476,2.83418,0.02964,0.08522,0.94925,0.96582,6.98234,9.24324
empirical,dead13,0.99,2,13,0.95,26,intermittent,6539,0.92797,0.97367,0.14899,3.77327,1.31324,0.04475,0.26854,0.91184,0.94236,3.04341,4.61156
empirical,dead13,0.99,2,13,0.95,26,lumpy,2808,0.90308,0.97248,0.08359,9.25929,4.66557,0.13099,0.21047,0.88143,0.92064,7.60352,11.75688
empirical,dead26,0.99,2,13,0.95,26,all,13844,0.95922,0.97614,0.05743,5.41425,1.72443,0.01598,0.11124,0.95322,0.96466,4.9703,5.84856
empirical,dead26,0.99,2,13,0.95,26,smooth,2596,0.9688,0.9629,0.04413,3.49543,0.48638,0.00367,0.02273,0.96327,0.97402,3.16396,3.86113
empirical,dead26,0.99,2,13,0.95,26,erratic,1901,0.9584,0.97817,0.02785,8.43441,3.25293,0.02206,0.03156,0.94958,0.96606,7.2813,9.85829
empirical,dead26,0.99,2,13,0.95,26,intermittent,6539,0.93425,0.98,0.11316,4.25369,1.72213,0.02494,0.16532,0.91829,0.94827,3.44489,5.13421
empirical,dead26,0.99,2,13,0.95,26,lumpy,2808,0.90769,0.978,0.06682,10.71443,6.01276,0.0833,0.12108,0.88716,0.92453,9.1961,13.92488
empirical,none,0.9,1,13,0.95,26,all,13844,0.88438,0.93944,0.14574,1.92502,0.44606,0.0,0.0,0.87307,0.89465,1.78283,2.05816
empirical,none,0.9,1,13,0.95,26,smooth,2596,0.92561,0.91074,0.10618,1.46688,0.17465,0.0,0.0,0.91629,0.93434,1.31726,1.61433
empirical,none,0.9,1,13,0.95,26,erratic,1901,0.84713,0.91736,0.1054,2.45925,0.56336,0.0,0.0,0.81734,0.87125,2.16931,2.83827
empirical,none,0.9,1,13,0.95,26,intermittent,6539,0.85585,0.95976,0.22769,2.41712,1.17655,0.0,0.0,0.82427,0.88265,1.86766,2.97355
empirical,none,0.9,1,13,0.95,26,lumpy,2808,0.71684,0.9336,0.2017,3.22748,1.56144,0.0,0.0,0.66611,0.75446,2.64383,4.26396
empirical,quantile,0.9,1,13,0.95,26,all,13844,0.88438,0.93943,0.14576,1.92078,0.44463,0.00051,0.01192,0.87307,0.89465,1.77931,2.05373
empirical,quantile,0.9,1,13,0.95,26,smooth,2596,0.92561,0.91074,0.10618,1.46688,0.17465,0.0,0.0,0.91629,0.93434,1.31726,1.61433
empirical,quantile,0.9,1,13,0.95,26,erratic,1901,0.84713,0.91736,0.1054,2.45925,0.56336,0.0,0.0,0.81734,0.87125,2.16931,2.83827
empirical,quantile,0.9,1,13,0.95,26,intermittent,6539,0.85583,0.95975,0.22773,2.40943,1.17538,0.00138,0.01223,0.82425,0.88263,1.86296,2.96476
empirical,quantile,0.9,1,13,0.95,26,lumpy,2808,0.71682,0.93357,0.2018,3.17831,1.54366,0.00554,0.03027,0.6661,0.75446,2.60228,4.20277
empirical,fixed,0.9,1,13,0.95,26,all,13844,0.88383,0.93711,0.15135,1.74206,0.30777,0.06786,0.23071,0.87246,0.89412,1.61746,1.8713
empirical,fixed,0.9,1,13,0.95,26,smooth,2596,0.92558,0.91046,0.10651,1.43374,0.1567,0.01246,0.06279,0.91627,0.93427,1.28838,1.5843
empirical,fixed,0.9,1,13,0.95,26,erratic,1901,0.84684,0.91643,0.10659,2.2933,0.46213,0.05259,0.14308,0.81701,0.87109,2.03239,2.62605
empirical,fixed,0.9,1,13,0.95,26,intermittent,6539,0.85222,0.95696,0.2435,1.58007,0.45736,0.37198,0.26518,0.82055,0.88003,1.24029,1.97049
empirical,fixed,0.9,1,13,0.95,26,lumpy,2808,0.71382,0.9295,0.21414,2.34412,0.82337,0.30837,0.36503,0.662,0.75225,1.85987,3.0745
empirical,dead13,0.9,1,13,0.95,26,all,13844,0.88356,0.93472,0.1571,1.73843,0.30052,0.00793,0.17011,0.87228,0.89381,1.61168,1.86914
empirical,dead13,0.9,1,13,0.95,26,smooth,2596,0.92547,0.90972,0.10739,1.42274,0.14908,0.00303,0.06125,0.91611,0.9342,1.2773,1.57242
empirical,dead13,0.9,1,13,0.95,26,erratic,1901,0.84697,0.91598,0.10717,2.30979,0.4617,0.00988,0.08522,0.81719,0.87103,2.04126,2.64577
empirical,dead13,0.9,1,13,0.95,26,intermittent,6539,0.84969,0.95321,0.26474,1.51695,0.39918,0.02081,0.22511,0.81671,0.87849,1.19412,1.8922
empirical,dead13,0.9,1,13,0.95,26,lumpy,2808,0.71278,0.92745,0.22039,2.37519,0.83595,0.02894,0.20014,0.66204,0.75195,1.88325,3.13328
empirical,dead26,0.9,1,13,0.95,26,all,13844,0.88415,0.93781,0.14965,1.82121,0.36786,0.00446,0.08827,0.87281,0.89436,1.68629,1.95372
empirical,dead26,0.9,1,13,0.95,26,smooth,2596,0.9256,0.9106,0.10635,1.45431,0.17075,0.00168,0.02273,0.91627,0.9343,1.30456,1.60372
empirical,dead26,0.9,1,13,0.95,26,erratic,1901,0.84712,0.9172,0.10562,2.40994,0.53969,0.00464,0.03156,0.81734,0.87125,2.12988,2.7837
empirical,dead26,0.9,1,13,0.95,26,intermittent,6539,0.85377,0.95751,0.24043,1.73781,0.58518,0.01204,0.12051,0.82239,0.88094,1.3615,2.16092
empirical,dead26,0.9,1,13,0.95,26,lumpy,2808,0.71568,0.93107,0.20937,2.68478,1.12602,0.0194,0.11218,0.66436,0.75354,2.17509,3.53457
empirical,none,0.9,4,13,0.95,26,all,13844,0.88857,0.94661,0.12849,4.43962,1.38471,0.0,0.0,0.87828,0.89902,4.09862,4.743
empirical,none,0.9,4,13,0.95,26,smooth,2596,0.92282,0.91884,0.09654,3.30495,0.57335,0.0,0.0,0.91164,0.93267,2.95593,3.67266
empirical,none,0.9,4,13,0.95,26,erratic,1901,0.87229,0.9326,0.08598,5.86172,1.9659,0.0,0.0,0.84548,0.89211,5.12852,6.92134
empirical,none,0.9,4,13,0.95,26,intermittent,6539,0.84029,0.96285,0.21019,5.40583,3.18632,0.0,0.0,0.80013,0.86898,4.16759,6.64994
empirical,none,0.9,4,13,0.95,26,lumpy,2808,0.71788,0.94393,0.17033,7.52202,4.2205,0.0,0.0,0.66948,0.75445,6.29214,10.04921
empirical,quantile,0.9,4,13,0.95,26,all,13844,0.88856,0.94656,0.1286,4.41929,1.3782,0.00241,0.02998,0.87826,0.899,4.07545,4.72209
empirical,quantile,0.9,4,13,0.95,26,smooth,2596,0.92282,0.91884,0.09654,3.30495,0.57335,0.0,0.0,0.91164,0.93267,2.95593,3.67266
empirical,quantile,0.9,4,13,0.95,26,erratic,1901,0.87229,0.9326,0.08598,5.85983,1.96554,0.0004,0.00263,0.84548,0.89211,5.12677,6.91704
empirical,quantile,0.9,4,13,0.95,26,intermittent,6539,0.84022,0.96278,0.21058,5.36263,3.18092,0.00887,0.03793,0.80006,0.86887,4.14151,6.59812
empirical,quantile,0.9,4,13,0.95,26,lumpy,2808,0.71781,0.94386,0.17053,7.29772,4.14118,0.02298,0.05769,0.6694,0.75444,6.07145,9.66993
empirical,fixed,0.9,4,13,0.95,26,all,13844,0.87934,0.93241,0.16266,3.60235,0.75544,0.14478,0.37648,0.86753,0.89061,3.3431,3.8512
empirical,fixed,0.9,4,13,0.95,26,smooth,2596,0.92206,0.91347,0.10293,3.10286,0.43998,0.03792,0.12866,0.91117,0.93203,2.78841,3.46957
empirical,fixed,0.9,4,13,0.95,26,erratic,1901,0.85453,0.90792,0.11745,4.72231,1.2282,0.17645,0.34456,0.82462,0.87744,4.19115,5.43603
empirical,fixed,0.9,4,13,0.95,26,intermittent,6539,0.82081,0.95192,0.27206,2.64205,0.77315,0.55549,0.4175,0.78433,0.84872,2.11024,3.32829
empirical,fixed,0.9,4,13,0.95,26,lumpy,2808,0.68084,0.92105,0.23981,4.34404,1.54298,0.5362,0.5317,0.6209,0.72334,3.66051,5.54121
empirical,dead13,0.9,4,13,0.95,26,all,13844,0.88688,0.93834,0.14838,3.95229,0.99567,0.01889,0.18766,0.87612,0.89737,3.63203,4.23732
empirical,dead13,0.9,4,13,0.95,26,smooth,2596,0.9224,0.91678,0.09899,3.19673,0.51234,0.00713,0.06125,0.91115,0.93217,2.84456,3.56464
empirical,dead13,0.9,4,13,0.95,26,erratic,1901,0.87193,0.93011,0.08915,5.46732,1.68754,0.02364,0.08522,0.84511,0.89184,4.79787,6.38296
empirical,dead13,0.9,4,13,0.95,26,intermittent,6539,0.82826,0.95192,0.27206,3.22074,1.23313,0.04312,0.25937,0.78876,0.85723,2.47079,4.01907
empirical,dead13,0.9,4,13,0.95,26,lumpy,2808,0.70991,0.93224,0.20583,5.12267,2.14751,0.07428,0.20691,0.65952,0.74766,4.24924,6.53315
empirical,dead26,0.9,4,13,0.95,26,all,13844,0.88803,0.94358,0.13578,4.16428,1.17136,0.01097,0.10084,0.87753,0.89853,3.82324,4.45885
empirical,dead26,0.9,4,13,0.95,26,smooth,2596,0.92279,0.91862,0.09681,3.27423,0.5633,0.00399,0.02273,0.9116,0.93265,2.9217,3.64399
empirical,dead26,0.9,4,13,0.95,26,erratic,1901,0.87227,0.93233,0.08631,5.72544,1.90166,0.01232,0.03156,0.84547,0.89211,5.04491,6.68083
empirical,dead26,0.9,4,13,0.95,26,intermittent,6539,0.83526,0.9587,0.23371,3.72313,1.68522,0.02573,0.14452,0.79557,0.86354,2.92372,4.64123
empirical,dead26,0.9,4,13,0.95,26,lumpy,2808,0.71517,0.93905,0.18513,5.98624,2.93711,0.04862,0.11823,0.66656,0.75237,5.01656,7.89142
empirical,none,0.9,2,8,0.95,26,all,13844,0.88758,0.9432,0.13668,2.80164,1.03727,0.0,0.0,0.87683,0.89841,2.58906,2.99594
empirical,none,0.9,2,8,0.95,26,smooth,2596,0.92604,0.91469,0.10147,2.10903,0.48639,0.0,0.0,0.91553,0.93555,1.88528,2.33201
empirical,none,0.9,2,8,0.95,26,erratic,1901,0.85812,0.92633,0.09397,3.65289,1.45736,0.0,0.0,0.82822,0.87939,3.23553,4.2432
empirical,none,0.9,2,8,0.95,26,intermittent,6539,0.8521,0.96153,0.21766,3.45552,2.15699,0.0,0.0,0.81865,0.87967,2.66357,4.26046
empirical,none,0.9,2,8,0.95,26,lumpy,2808,0.71994,0.93831,0.18739,4.69055,2.95655,0.0,0.0,0.67071,0.75912,3.87022,6.15122
empirical,quantile,0.9,2,8,0.95,26,all,13844,0.88758,0.94319,0.13672,2.79266,1.03231,0.00102,0.01799,0.87682,0.8984,2.58161,2.98666
empirical,quantile,0.9,2,8,0.95,26,smooth,2596,0.92604,0.91469,0.10147,2.10903,0.48639,0.0,0.0,0.91553,0.93555,1.88528,2.33201
empirical,quantile,0.9,2,8,0.95,26,erratic,1901,0.85812,0.92633,0.09397,3.65288,1.45736,1e-05,0.00053,0.82822,0.87939,3.23551,4.24319
empirical,quantile,0.9,2,8,0.95,26,intermittent,6539,0.85206,0.96151,0.21778,3.43857,2.15121,0.00345,0.01957,0.8186,0.87958,2.6511,4.24061
empirical,quantile,0.9,2,8,0.95,26,lumpy,2808,0.7199,0.93826,0.18754,4.58691,2.89642,0.01058,0.04274,0.67067,0.75911,3.77978,6.00873
empirical,fixed,0.9,2,8,0.95,26,all,13844,0.88564,0.93851,0.14797,2.46321,0.74848,0.07935,0.27485,0.87463,0.89647,2.28765,2.64096
empirical,fixed,0.9,2,8,0.95,26,smooth,2596,0.92596,0.91399,0.10231,2.04543,0.43844,0.01594,0.0832,0.91547,0.93546,1.82768,2.26915
empirical,fixed,0.9,2,8,0.95,26,erratic,1901,0.85576,0.92227,0.09915,3.29687,1.19216,0.07305,0.20147,0.82628,0.87753,2.92587,3.79561
empirical,fixed,0.9,2,8,0.95,26,intermittent,6539,0.84411,0.95668,0.24511,2.06082,0.84955,0.388,0.3161,0.8107,0.87265,1.62624,2.58064
empirical,fixed,0.9,2,8,0.95,26,lumpy,2808,0.70983,0.92986,0.21306,3.12287,1.52875,0.34718,0.40563,0.65818,0.74928,2.56197,4.05129
empirical,dead13,0.9,2,8,0.95,26,all,13844,0.88649,0.9372,0.15113,2.5168,0.78978,0.01166,0.17878,0.87573,0.89723,2.33018,2.70378
empirical,dead13,0.9,2,8,0.95,26,smooth,2596,0.92581,0.91335,0.10308,2.04411,0.4386,0.00437,0.06125,0.91534,0.93529,1.82589,2.26926
empirical,dead13,0.9,2,8,0.95,26,erratic,1901,0.85791,0.92459,0.09619,3.42169,1.27133,0.0148,0.08522,0.82796,0.87919,3.03255,3.93533
empirical,dead13,0.9,2,8,0.95,26,intermittent,6539,0.8439,0.95327,0.26442,2.12103,0.92971,0.02874,0.24239,0.81016,0.87329,1.64445,2.64915
empirical,dead13,0.9,2,8,0.95,26,lumpy,2808,0.71475,0.93036,0.21154,3.34924,1.72653,0.0437,0.20264,0.66383,0.75401,2.73343,4.35075
empirical,dead26,0.9,2,8,0.95,26,all,13844,0.88727,0.94103,0.14191,2.64133,0.9012,0.00665,0.09325,0.87652,0.89804,2.44915,2.83068
empirical,dead26,0.9,2,8,0.95,26,smooth,2596,0.92603,0.91454,0.10166,2.09053,0.47666,0.00243,0.02273,0.91551,0.93554,1.86637,2.31349
empirical,dead26,0.9,2,8,0.95,26,erratic,1901,0.85811,0.92612,0.09424,3.57462,1.40598,0.00725,0.03156,0.82822,0.87938,3.18158,4.11841
empirical,dead26,0.9,2,8,0.95,26,intermittent,6539,0.84909,0.9585,0.23481,2.43692,1.21011,0.01696,0.13014,0.81581,0.87673,1.93749,3.04187
empirical,dead26,0.9,2,8,0.95,26,lumpy,2808,0.71844,0.93493,0.19767,3.82849,2.19169,0.029,0.11432,0.66935,0.75771,3.16381,5.0027
empirical,none,0.9,2,26,0.95,26,all,13844,0.88758,0.9432,0.13668,2.80164,,0.0,0.0,0.87683,0.89841,2.58906,2.99594
empirical,none,0.9,2,26,0.95,26,smooth,2596,0.92604,0.91469,0.10147,2.10903,,0.0,0.0,0.91553,0.93555,1.88528,2.33201
empirical,none,0.9,2,26,0.95,26,erratic,1901,0.85812,0.92633,0.09397,3.65289,,0.0,0.0,0.82822,0.87939,3.23553,4.2432
empirical,none,0.9,2,26,0.95,26,intermittent,6539,0.8521,0.96153,0.21766,3.45552,,0.0,0.0,0.81865,0.87967,2.66357,4.26046
empirical,none,0.9,2,26,0.95,26,lumpy,2808,0.71994,0.93831,0.18739,4.69055,,0.0,0.0,0.67071,0.75912,3.87022,6.15122
empirical,quantile,0.9,2,26,0.95,26,all,13844,0.87932,0.9371,0.15136,2.77155,,0.0101,0.06674,0.86778,0.89072,2.56283,2.962
empirical,quantile,0.9,2,26,0.95,26,smooth,2596,0.91535,0.89899,0.12015,2.0931,,0.00985,0.08012,0.90428,0.92532,1.86859,2.31693
empirical,quantile,0.9,2,26,0.95,26,erratic,1901,0.853,0.9183,0.10421,3.62595,,0.00831,0.03577,0.8231,0.87554,3.21557,4.19905
empirical,quantile,0.9,2,26,0.95,26,intermittent,6539,0.84651,0.95808,0.23721,3.39479,,0.01439,0.07341,0.8113,0.87483,2.62063,4.18409
empirical,quantile,0.9,2,26,0.95,26,lumpy,2808,0.71746,0.93622,0.19374,4.56391,,0.0149,0.05983,0.6672,0.75705,3.74601,5.97501
empirical,fixed,0.9,2,26,0.95,26,all,13844,0.88564,0.93851,0.14797,2.46321,,0.07935,0.27485,0.87463,0.89647,2.28765,2.64096
empirical,fixed,0.9,2,26,0.95,26,smooth,2596,0.92596,0.91399,0.10231,2.04543,,0.01594,0.0832,0.91547,0.93546,1.82768,2.26915
empirical,fixed,0.9,2,26,0.95,26,erratic,1901,0.85576,0.92227,0.09915,3.29687,,0.07305,0.20147,0.82628,0.87753,2.92587,3.79561
empirical,fixed,0.9,2,26,0.95,26,intermittent,6539,0.84411,0.95668,0.24511,2.06082,,0.388,0.3161,0.8107,0.87265,1.62624,2.58064
empirical,fixed,0.9,2,26,0.95,26,lumpy,2808,0.70983,0.92986,0.21306,3.12287,,0.34718,0.40563,0.65818,0.74928,2.56197,4.05129
empirical,dead13,0.9,2,26,0.95,26,all,13844,0.88649,0.9372,0.15113,2.5168,,0.01166,0.17878,0.87573,0.89723,2.33018,2.70378
empirical,dead13,0.9,2,26,0.95,26,smooth,2596,0.92581,0.91335,0.10308,2.04411,,0.00437,0.06125,0.91534,0.93529,1.82589,2.26926
empirical,dead13,0.9,2,26,0.95,26,erratic,1901,0.85791,0.92459,0.09619,3.42169,,0.0148,0.08522,0.82796,0.87919,3.03255,3.93533
empirical,dead13,0.9,2,26,0.95,26,intermittent,6539,0.8439,0.95327,0.26442,2.12103,,0.02874,0.24239,0.81016,0.87329,1.64445,2.64915
empirical,dead13,0.9,2,26,0.95,26,lumpy,2808,0.71475,0.93036,0.21154,3.34924,,0.0437,0.20264,0.66383,0.75401,2.73343,4.35075
empirical,dead26,0.9,2,26,0.95,26,all,13844,0.88727,0.94103,0.14191,2.64133,,0.00665,0.09325,0.87652,0.89804,2.44915,2.83068
empirical,dead26,0.9,2,26,0.95,26,smooth,2596,0.92603,0.91454,0.10166,2.09053,,0.00243,0.02273,0.91551,0.93554,1.86637,2.31349
empirical,dead26,0.9,2,26,0.95,26,erratic,1901,0.85811,0.92612,0.09424,3.57462,,0.00725,0.03156,0.82822,0.87938,3.18158,4.11841
empirical,dead26,0.9,2,26,0.95,26,intermittent,6539,0.84909,0.9585,0.23481,2.43692,,0.01696,0.13014,0.81581,0.87673,1.93749,3.04187
empirical,dead26,0.9,2,26,0.95,26,lumpy,2808,0.71844,0.93493,0.19767,3.82849,,0.029,0.11432,0.66935,0.75771,3.16381,5.0027
empirical,none,0.9,2,13,0.9,26,all,13844,0.88758,0.9432,0.13668,2.80164,0.74319,0.0,0.0,0.87683,0.89841,2.58906,2.99594
empirical,none,0.9,2,13,0.9,26,smooth,2596,0.92604,0.91469,0.10147,2.10903,0.29453,0.0,0.0,0.91553,0.93555,1.88528,2.33201
empirical,none,0.9,2,13,0.9,26,erratic,1901,0.85812,0.92633,0.09397,3.65289,1.0044,0.0,0.0,0.82822,0.87939,3.23553,4.2432
empirical,none,0.9,2,13,0.9,26,intermittent,6539,0.8521,0.96153,0.21766,3.45552,1.8451,0.0,0.0,0.81865,0.87967,2.66357,4.26046
empirical,none,0.9,2,13,0.9,26,lumpy,2808,0.71994,0.93831,0.18739,4.69055,2.43673,0.0,0.0,0.67071,0.75912,3.87022,6.15122
empirical,quantile,0.9,2,13,0.9,26,all,13844,0.88756,0.9431,0.13692,2.78631,0.73688,0.00138,0.02918,0.8768,0.89838,2.57575,2.97928
empirical,quantile,0.9,2,13,0.9,26,smooth,2596,0.92604,0.91469,0.10147,2.10903,0.29453,0.0,0.0,0.91553,0.93555,1.88528,2.33201
empirical,quantile,0.9,2,13,0.9,26,erratic,1901,0.85812,0.92633,0.09397,3.65167,1.0044,0.00022,0.0021,0.82822,0.87939,3.23441,4.24171
empirical,quantile,0.9,2,13,0.9,26,intermittent,6539,0.85183,0.96139,0.21849,3.40505,1.83693,0.00766,0.03579,0.81816,0.87914,2.62802,4.19177
empirical,quantile,0.9,2,13,0.9,26,lumpy,2808,0.71982,0.93815,0.18788,4.53506,2.36085,0.01117,0.05912,0.67064,0.75906,3.73595,5.94481
empirical,fixed,0.9,2,13,0.9,26,all,13844,0.88564,0.93851,0.14797,2.46321,0.48256,0.07935,0.27485,0.87463,0.89647,2.28765,2.64096
empirical,fixed,0.9,2,13,0.9,26,smooth,2596,0.92596,0.91399,0.10231,2.04543,0.25472,0.01594,0.0832,0.91547,0.93546,1.82768,2.26915
empirical,fixed,0.9,2,13,0.9,26,erratic,1901,0.85576,0.92227,0.09915,3.29687,0.78312,0.07305,0.20147,0.82628,0.87753,2.92587,3.79561
empirical,fixed,0.9,2,13,0.9,26,intermittent,6539,0.84411,0.95668,0.24511,2.06082,0.61692,0.388,0.3161,0.8107,0.87265,1.62624,2.58064
empirical,fixed,0.9,2,13,0.9,26,lumpy,2808,0.70983,0.92986,0.21306,3.12287,1.09677,0.34718,0.40563,0.65818,0.74928,2.56197,4.05129
empirical,dead13,0.9,2,13,0.9,26,all,13844,0.88649,0.9372,0.15113,2.5168,0.51805,0.01166,0.17878,0.87573,0.89723,2.33018,2.70378
empirical,dead13,0.9,2,13,0.9,26,smooth,2596,0.92581,0.91335,0.10308,2.04411,0.2573,0.00437,0.06125,0.91534,0.93529,1.82589,2.26926
empirical,dead13,0.9,2,13,0.9,26,erratic,1901,0.85791,0.92459,0.09619,3.42169,0.844,0.0148,0.08522,0.82796,0.87919,3.03255,3.93533
empirical,dead13,0.9,2,13,0.9,26,intermittent,6539,0.8439,0.95327,0.26442,2.12103,0.67607,0.02874,0.24239,0.81016,0.87329,1.64445,2.64915
empirical,dead13,0.9,2,13,0.9,26,lumpy,2808,0.71475,0.93036,0.21154,3.34924,1.28045,0.0437,0.20264,0.66383,0.75401,2.73343,4.35075
empirical,dead26,0.9,2,13,0.9,26,all,13844,0.88727,0.94103,0.14191,2.64133,0.62075,0.00665,0.09325,0.87652,0.89804,2.44915,2.83068
empirical,dead26,0.9,2,13,0.9,26,smooth,2596,0.92603,0.91454,0.10166,2.09053,0.28863,0.00243,0.02273,0.91551,0.93554,1.86637,2.31349
empirical,dead26,0.9,2,13,0.9,26,erratic,1901,0.85811,0.92612,0.09424,3.57462,0.96653,0.00725,0.03156,0.82822,0.87938,3.18158,4.11841
empirical,dead26,0.9,2,13,0.9,26,intermittent,6539,0.84909,0.9585,0.23481,2.43692,0.94966,0.01696,0.13014,0.81581,0.87673,1.93749,3.04187
empirical,dead26,0.9,2,13,0.9,26,lumpy,2808,0.71844,0.93493,0.19767,3.82849,1.7319,0.029,0.11432,0.66935,0.75771,3.16381,5.0027
empirical,none,0.9,2,13,0.99,26,all,13844,0.88758,0.9432,0.13668,2.80164,0.74319,0.0,0.0,0.87683,0.89841,2.58906,2.99594
empirical,none,0.9,2,13,0.99,26,smooth,2596,0.92604,0.91469,0.10147,2.10903,0.29453,0.0,0.0,0.91553,0.93555,1.88528,2.33201
empirical,none,0.9,2,13,0.99,26,erratic,1901,0.85812,0.92633,0.09397,3.65289,1.0044,0.0,0.0,0.82822,0.87939,3.23553,4.2432
empirical,none,0.9,2,13,0.99,26,intermittent,6539,0.8521,0.96153,0.21766,3.45552,1.8451,0.0,0.0,0.81865,0.87967,2.66357,4.26046
empirical,none,0.9,2,13,0.99,26,lumpy,2808,0.71994,0.93831,0.18739,4.69055,2.43673,0.0,0.0,0.67071,0.75912,3.87022,6.15122
empirical,quantile,0.9,2,13,0.99,26,all,13844,0.88758,0.94319,0.13671,2.79648,0.74219,0.00069,0.0112,0.87683,0.8984,2.58491,2.99076
empirical,quantile,0.9,2,13,0.99,26,smooth,2596,0.92604,0.91469,0.10147,2.10903,0.29453,0.0,0.0,0.91553,0.93555,1.88528,2.33201
empirical,quantile,0.9,2,13,0.99,26,erratic,1901,0.85812,0.92633,0.09397,3.65289,1.0044,0.0,0.0,0.82822,0.87939,3.23553,4.2432
empirical,quantile,0.9,2,13,0.99,26,intermittent,6539,0.85208,0.96152,0.21774,3.44858,1.84471,0.00116,0.01009,0.81863,0.87963,2.65804,4.25226
empirical,quantile,0.9,2,13,0.99,26,lumpy,2808,0.71993,0.93828,0.18749,4.62881,2.424,0.00804,0.0317,0.6707,0.75911,3.81088,6.06452
empirical,fixed,0.9,2,13,0.99,26,all,13844,0.88564,0.93851,0.14797,2.46321,0.48256,0.07935,0.27485,0.87463,0.89647,2.28765,2.64096
empirical,fixed,0.9,2,13,0.99,26,smooth,2596,0.92596,0.91399,0.10231,2.04543,0.25472,0.01594,0.0832,0.91547,0.93546,1.82768,2.26915
empirical,fixed,0.9,2,13,0.99,26,erratic,1901,0.85576,0.92227,0.09915,3.29687,0.78312,0.07305,0.20147,0.82628,0.87753,2.92587,3.79561
empirical,fixed,0.9,2,13,0.99,26,intermittent,6539,0.84411,0.95668,0.24511,2.06082,0.61692,0.388,0.3161,0.8107,0.87265,1.62624,2.58064
empirical,fixed,0.9,2,13,0.99,26,lumpy,2808,0.70983,0.92986,0.21306,3.12287,1.09677,0.34718,0.40563,0.65818,0.74928,2.56197,4.05129
empirical,dead13,0.9,2,13,0.99,26,all,13844,0.88649,0.9372,0.15113,2.5168,0.51805,0.01166,0.17878,0.87573,0.89723,2.33018,2.70378
empirical,dead13,0.9,2,13,0.99,26,smooth,2596,0.92581,0.91335,0.10308,2.04411,0.2573,0.00437,0.06125,0.91534,0.93529,1.82589,2.26926
empirical,dead13,0.9,2,13,0.99,26,erratic,1901,0.85791,0.92459,0.09619,3.42169,0.844,0.0148,0.08522,0.82796,0.87919,3.03255,3.93533
empirical,dead13,0.9,2,13,0.99,26,intermittent,6539,0.8439,0.95327,0.26442,2.12103,0.67607,0.02874,0.24239,0.81016,0.87329,1.64445,2.64915
empirical,dead13,0.9,2,13,0.99,26,lumpy,2808,0.71475,0.93036,0.21154,3.34924,1.28045,0.0437,0.20264,0.66383,0.75401,2.73343,4.35075
empirical,dead26,0.9,2,13,0.99,26,all,13844,0.88727,0.94103,0.14191,2.64133,0.62075,0.00665,0.09325,0.87652,0.89804,2.44915,2.83068
empirical,dead26,0.9,2,13,0.99,26,smooth,2596,0.92603,0.91454,0.10166,2.09053,0.28863,0.00243,0.02273,0.91551,0.93554,1.86637,2.31349
empirical,dead26,0.9,2,13,0.99,26,erratic,1901,0.85811,0.92612,0.09424,3.57462,0.96653,0.00725,0.03156,0.82822,0.87938,3.18158,4.11841
empirical,dead26,0.9,2,13,0.99,26,intermittent,6539,0.84909,0.9585,0.23481,2.43692,0.94966,0.01696,0.13014,0.81581,0.87673,1.93749,3.04187
empirical,dead26,0.9,2,13,0.99,26,lumpy,2808,0.71844,0.93493,0.19767,3.82849,1.7319,0.029,0.11432,0.66935,0.75771,3.16381,5.0027
empirical,none,0.9,2,13,0.95,13,all,13844,0.88758,0.9432,0.13668,2.80164,0.74319,0.0,0.0,0.87683,0.89841,2.58906,2.99594
empirical,none,0.9,2,13,0.95,13,smooth,2596,0.92604,0.91469,0.10147,2.10903,0.29453,0.0,0.0,0.91553,0.93555,1.88528,2.33201
empirical,none,0.9,2,13,0.95,13,erratic,1901,0.85812,0.92633,0.09397,3.65289,1.0044,0.0,0.0,0.82822,0.87939,3.23553,4.2432
empirical,none,0.9,2,13,0.95,13,intermittent,6539,0.8521,0.96153,0.21766,3.45552,1.8451,0.0,0.0,0.81865,0.87967,2.66357,4.26046
empirical,none,0.9,2,13,0.95,13,lumpy,2808,0.71994,0.93831,0.18739,4.69055,2.43673,0.0,0.0,0.67071,0.75912,3.87022,6.15122
empirical,quantile,0.9,2,13,0.95,13,all,13844,0.88758,0.94319,0.13671,2.79336,0.74032,0.00095,0.01582,0.87682,0.8984,2.58216,2.9876
empirical,quantile,0.9,2,13,0.95,13,smooth,2596,0.92604,0.91469,0.10147,2.10903,0.29453,0.0,0.0,0.91553,0.93555,1.88528,2.33201
empirical,quantile,0.9,2,13,0.95,13,erratic,1901,0.85812,0.92633,0.09397,3.65289,1.0044,0.0,0.0,0.82822,0.87939,3.23553,4.2432
empirical,quantile,0.9,2,13,0.95,13,intermittent,6539,0.85206,0.96151,0.21778,3.44041,1.84314,0.00307,0.01713,0.81861,0.87959,2.65254,4.24278
empirical,quantile,0.9,2,13,0.95,13,lumpy,2808,0.7199,0.93828,0.18749,4.59455,2.40078,0.00998,0.03811,0.67067,0.75911,3.78425,6.01673
empirical,fixed,0.9,2,13,0.95,13,all,13844,0.88231,0.93346,0.16012,2.30316,0.39307,0.11885,0.37265,0.87116,0.89291,2.14376,2.47177
empirical,fixed,0.9,2,13,0.95,13,smooth,2596,0.92563,0.9114,0.10539,1.98224,0.22335,0.03158,0.15755,0.91508,0.93507,1.78176,2.20755
empirical,fixed,0.9,2,13,0.95,13,erratic,1901,0.84947,0.91053,0.11413,2.98442,0.60293,0.1468,0.3919,0.8184,0.87176,2.65962,3.39874
empirical,fixed,0.9,2,13,0.95,13,intermittent,6539,0.83777,0.95373,0.26179,1.75941,0.47147,0.46545,0.38278,0.80449,0.86638,1.42189,2.1863
empirical,fixed,0.9,2,13,0.95,13,lumpy,2808,0.69603,0.92219,0.23637,2.85474,0.91692,0.42228,0.5349,0.64124,0.7351,2.31134,3.7202
empirical,dead13,0.9,2,13,0.95,13,all,13844,0.88649,0.9372,0.15113,2.5168,0.51805,0.01166,0.17878,0.87573,0.89723,2.33018,2.70378
empirical,dead13,0.9,2,13,0.95,13,smooth,2596,0.92581,0.91335,0.10308,2.04411,0.2573,0.00437,0.06125,0.91534,0.93529,1.82589,2.26926
empirical,dead13,0.9,2,13,0.95,13,erratic,1901,0.85791,0.92459,0.09619,3.42169,0.844,0.0148,0.08522,0.82796,0.87919,3.03255,3.93533
empirical,dead13,0.9,2,13,0.95,13,intermittent,6539,0.8439,0.95327,0.26442,2.12103,0.67607,0.02874,0.24239,0.81016,0.87329,1.64445,2.64915
empirical,dead13,0.9,2,13,0.95,13,lumpy,2808,0.71475,0.93036,0.21154,3.34924,1.28045,0.0437,0.20264,0.66383,0.75401,2.73343,4.35075
empirical,dead26,0.9,2,13,0.95,13,all,13844,0.88727,0.94103,0.14191,2.64133,0.62075,0.00665,0.09325,0.87652,0.89804,2.44915,2.83068
empirical,dead26,0.9,2,13,0.95,13,smooth,2596,0.92603,0.91454,0.10166,2.09053,0.28863,0.00243,0.02273,0.91551,0.93554,1.86637,2.31349
empirical,dead26,0.9,2,13,0.95,13,erratic,1901,0.85811,0.92612,0.09424,3.57462,0.96653,0.00725,0.03156,0.82822,0.87938,3.18158,4.11841
empirical,dead26,0.9,2,13,0.95,13,intermittent,6539,0.84909,0.9585,0.23481,2.43692,0.94966,0.01696,0.13014,0.81581,0.87673,1.93749,3.04187
empirical,dead26,0.9,2,13,0.95,13,lumpy,2808,0.71844,0.93493,0.19767,3.82849,1.7319,0.029,0.11432,0.66935,0.75771,3.16381,5.0027
empirical,none,0.9,2,13,0.95,52,all,13844,0.88758,0.9432,0.13668,2.80164,0.74319,0.0,0.0,0.87683,0.89841,2.58906,2.99594
empirical,none,0.9,2,13,0.95,52,smooth,2596,0.92604,0.91469,0.10147,2.10903,0.29453,0.0,0.0,0.91553,0.93555,1.88528,2.33201
empirical,none,0.9,2,13,0.95,52,erratic,1901,0.85812,0.92633,0.09397,3.65289,1.0044,0.0,0.0,0.82822,0.87939,3.23553,4.2432
empirical,none,0.9,2,13,0.95,52,intermittent,6539,0.8521,0.96153,0.21766,3.45552,1.8451,0.0,0.0,0.81865,0.87967,2.66357,4.26046
empirical,none,0.9,2,13,0.95,52,lumpy,2808,0.71994,0.93831,0.18739,4.69055,2.43673,0.0,0.0,0.67071,0.75912,3.87022,6.15122
empirical,quantile,0.9,2,13,0.95,52,all,13844,0.88758,0.94319,0.13671,2.79336,0.74032,0.00095,0.01582,0.87682,0.8984,2.58216,2.9876
empirical,quantile,0.9,2,13,0.95,52,smooth,2596,0.92604,0.91469,0.10147,2.10903,0.29453,0.0,0.0,0.91553,0.93555,1.88528,2.33201
empirical,quantile,0.9,2,13,0.95,52,erratic,1901,0.85812,0.92633,0.09397,3.65289,1.0044,0.0,0.0,0.82822,0.87939,3.23553,4.2432
empirical,quantile,0.9,2,13,0.95,52,intermittent,6539,0.85206,0.96151,0.21778,3.44041,1.84314,0.00307,0.01713,0.81861,0.87959,2.65254,4.24278
empirical,quantile,0.9,2,13,0.95,52,lumpy,2808,0.7199,0.93828,0.18749,4.59455,2.40078,0.00998,0.03811,0.67067,0.75911,3.78425,6.01673
empirical,fixed,0.9,2,13,0.95,52,all,13844,0.88682,0.9402,0.14391,2.53296,0.53542,0.06634,0.22493,0.87598,0.89764,2.3479,2.71821
empirical,fixed,0.9,2,13,0.95,52,smooth,2596,0.92602,0.91447,0.10174,2.0661,0.27097,0.01245,0.05123,0.9155,0.93552,1.84765,2.28897
empirical,fixed,0.9,2,13,0.95,52,erratic,1901,0.85774,0.92492,0.09577,3.41821,0.86323,0.0526,0.12151,0.82786,0.87893,3.04303,3.94584
empirical,fixed,0.9,2,13,0.95,52,intermittent,6539,0.84767,0.95797,0.23784,2.23373,0.7533,0.34466,0.2739,0.81491,0.8757,1.76139,2.80037
empirical,fixed,0.9,2,13,0.95,52,lumpy,2808,0.71511,0.93295,0.20367,3.31148,1.27224,0.31051,0.34152,0.6644,0.7548,2.73824,4.31794
empirical,dead13,0.9,2,13,0.95,52,all,13844,0.88649,0.9372,0.15113,2.5168,0.51805,0.01166,0.17878,0.87573,0.89723,2.33018,2.70378
empirical,dead13,0.9,2,13,0.95,52,smooth,2596,0.92581,0.91335,0.10308,2.04411,0.2573,0.00437,0.06125,0.91534,0.93529,1.82589,2.26926
empirical,dead13,0.9,2,13,0.95,52,erratic,1901,0.85791,0.92459,0.09619,3.42169,0.844,0.0148,0.08522,0.82796,0.87919,3.03255,3.93533
empirical,dead13,0.9,2,13,0.95,52,intermittent,6539,0.8439,0.95327,0.26442,2.12103,0.67607,0.02874,0.24239,0.81016,0.87329,1.64445,2.64915
empirical,dead13,0.9,2,13,0.95,52,lumpy,2808,0.71475,0.93036,0.21154,3.34924,1.28045,0.0437,0.20264,0.66383,0.75401,2.73343,4.35075
empirical,dead26,0.9,2,13,0.95,52,all,13844,0.88727,0.94103,0.14191,2.64133,0.62075,0.00665,0.09325,0.87652,0.89804,2.44915,2.83068
empirical,dead26,0.9,2,13,0.95,52,smooth,2596,0.92603,0.91454,0.10166,2.09053,0.28863,0.00243,0.02273,0.91551,0.93554,1.86637,2.31349
empirical,dead26,0.9,2,13,0.95,52,erratic,1901,0.85811,0.92612,0.09424,3.57462,0.96653,0.00725,0.03156,0.82822,0.87938,3.18158,4.11841
empirical,dead26,0.9,2,13,0.95,52,intermittent,6539,0.84909,0.9585,0.23481,2.43692,0.94966,0.01696,0.13014,0.81581,0.87673,1.93749,3.04187
empirical,dead26,0.9,2,13,0.95,52,lumpy,2808,0.71844,0.93493,0.19767,3.82849,1.7319,0.029,0.11432,0.66935,0.75771,3.16381,5.0027
tsb,none,0.5,2,13,0.95,26,all,13844,0.79276,0.85344,0.35268,1.11382,0.21068,0.0,0.0,0.78182,0.80222,0.99511,1.23732
tsb,none,0.5,2,13,0.95,26,smooth,2596,0.84006,0.73105,0.31991,0.79755,0.10566,0.0,0.0,0.83356,0.84943,0.68748,0.925
tsb,none,0.5,2,13,0.95,26,erratic,1901,0.72484,0.76099,0.30487,1.50021,0.29974,0.0,0.0,0.69381,0.75412,1.25327,1.80221
tsb,none,0.5,2,13,0.95,26,intermittent,6539,0.78688,0.91897,0.45849,0.91631,0.18866,0.0,0.0,0.75582,0.81304,0.73904,1.13657
tsb,none,0.5,2,13,0.95,26,lumpy,2808,0.6669,0.8766,0.37483,2.38084,0.73339,0.0,0.0,0.61061,0.70753,1.94473,3.03916
tsb,quantile,0.5,2,13,0.95,26,all,13844,0.78341,0.85165,0.35701,0.93313,0.19696,0.02361,0.13659,0.77015,0.79452,0.86019,1.02208
tsb,quantile,0.5,2,13,0.95,26,smooth,2596,0.83015,0.72822,0.32329,0.69325,0.10123,0.01331,0.11364,0.82025,0.84066,0.6215,0.76221
tsb,quantile,0.5,2,13,0.95,26,erratic,1901,0.71505,0.75795,0.30874,1.25395,0.27887,0.03208,0.19095,0.68021,0.74395,1.07557,1.46444
tsb,quantile,0.5,2,13,0.95,26,intermittent,6539,0.78512,0.91806,0.46364,0.80301,0.17058,0.01652,0.08946,0.75379,0.81178,0.66337,0.98258
tsb,quantile,0.5,2,13,0.95,26,lumpy,2808,0.65743,0.87453,0.38113,1.78164,0.67594,0.07978,0.23077,0.6019,0.69953,1.48359,2.2342
tsb,fixed,0.5,2,13,0.95,26,all,13844,0.79269,0.85314,0.35341,1.10817,0.20976,0.00134,0.0497,0.78173,0.80215,0.9901,1.23159
tsb,fixed,0.5,2,13,0.95,26,smooth,2596,0.84005,0.73102,0.31996,0.79638,0.10559,0.00036,0.02851,0.83356,0.84941,0.6862,0.92333
tsb,fixed,0.5,2,13,0.95,26,erratic,1901,0.72482,0.76075,0.30517,1.49449,0.29953,0.00193,0.04524,0.69379,0.75411,1.24859,1.79597
tsb,fixed,0.5,2,13,0.95,26,intermittent,6539,0.78659,0.91875,0.45974,0.90513,0.18606,0.00223,0.03946,0.75542,0.81283,0.7304,1.12071
tsb,fixed,0.5,2,13,0.95,26,lumpy,2808,0.6663,0.87583,0.37719,2.34505,0.72485,0.0061,0.09615,0.60994,0.70702,1.9069,2.98133
tsb,dead13,0.5,2,13,0.95,26,all,13844,0.79235,0.85184,0.35653,1.084,0.20582,0.0041,0.12511,0.78141,0.80186,0.9638,1.21139
tsb,dead13,0.5,2,13,0.95,26,smooth,2596,0.83993,0.73016,0.32098,0.7859,0.10406,0.00147,0.05971,0.83335,0.84924,0.67438,0.90962
tsb,dead13,0.5,2,13,0.95,26,erratic,1901,0.7247,0.75977,0.30642,1.46212,0.29512,0.00503,0.08154,0.69365,0.75405,1.21524,1.74562
tsb,dead13,0.5,2,13,0.95,26,intermittent,6539,0.7849,0.91715,0.46879,0.83955,0.17705,0.0105,0.14131,0.75328,0.81122,0.68969,1.04275
tsb,dead13,0.5,2,13,0.95,26,lumpy,2808,0.66467,0.8746,0.38093,2.27623,0.70788,0.01626,0.17735,0.60741,0.70661,1.81683,2.90248
tsb,dead26,0.5,2,13,0.95,26,all,13844,0.79275,0.85336,0.35289,1.11205,0.21049,0.00036,0.02405,0.78181,0.80221,0.99389,1.2354
tsb,dead26,0.5,2,13,0.95,26,smooth,2596,0.84006,0.73105,0.31991,0.79702,0.10566,0.00013,0.01464,0.83356,0.84943,0.68692,0.92423
tsb,dead26,0.5,2,13,0.95,26,erratic,1901,0.72483,0.76087,0.30502,1.49843,0.29956,0.0003,0.01789,0.6938,0.75411,1.25157,1.8001
tsb,dead26,0.5,2,13,0.95,26,intermittent,6539,0.78684,0.9189,0.45888,0.91225,0.18851,0.00127,0.02126,0.75579,0.81301,0.73619,1.13194
tsb,dead26,0.5,2,13,0.95,26,lumpy,2808,0.66683,0.87641,0.37542,2.37128,0.73172,0.00161,0.04345,0.61048,0.70746,1.93308,3.02352
tsb,none,0.8,2,13,0.95,26,all,13844,0.81337,0.89392,0.25527,1.24009,0.23499,0.0,0.0,0.80275,0.82233,1.11398,1.36979
tsb,none,0.8,2,13,0.95,26,smooth,2596,0.85843,0.79789,0.24041,0.8819,0.11347,0.0,0.0,0.85208,0.86767,0.76653,1.01323
tsb,none,0.8,2,13,0.95,26,erratic,1901,0.74397,0.81137,0.24061,1.63253,0.32444,0.0,0.0,0.71302,0.7718,1.36615,1.94368
tsb,none,0.8,2,13,0.95,26,intermittent,6539,0.82667,0.94921,0.28739,1.23525,0.28525,0.0,0.0,0.80227,0.84613,0.99445,1.52791
tsb,none,0.8,2,13,0.95,26,lumpy,2808,0.69474,0.90985,0.27384,2.65768,0.82683,0.0,0.0,0.64312,0.73185,2.18472,3.3673
tsb,quantile,0.8,2,13,0.95,26,all,13844,0.80385,0.89164,0.26076,1.04152,0.21752,0.02558,0.18903,0.7911,0.81475,0.96778,1.13092
tsb,quantile,0.8,2,13,0.95,26,smooth,2596,0.84843,0.79505,0.24379,0.77073,0.10784,0.01401,0.1275,0.83747,0.85934,0.69777,0.84187
tsb,quantile,0.8,2,13,0.95,26,erratic,1901,0.734,0.80807,0.24482,1.36593,0.29961,0.03436,0.22567,0.69858,0.76217,1.18128,1.58632
tsb,quantile,0.8,2,13,0.95,26,intermittent,6539,0.82437,0.94773,0.29573,1.07645,0.2545,0.02196,0.15339,0.79944,0.84417,0.88662,1.31025
tsb,quantile,0.8,2,13,0.95,26,lumpy,2808,0.68468,0.90689,0.28283,1.98569,0.75371,0.08768,0.30413,0.63326,0.72335,1.6545,2.49019
tsb,fixed,0.8,2,13,0.95,26,all,13844,0.81324,0.89322,0.25696,1.23121,0.23301,0.00189,0.1155,0.80263,0.82221,1.10592,1.3607
tsb,fixed,0.8,2,13,0.95,26,smooth,2596,0.85842,0.79778,0.24054,0.88036,0.11335,0.00045,0.03737,0.85206,0.86765,0.76517,1.01137
tsb,fixed,0.8,2,13,0.95,26,erratic,1901,0.74394,0.81108,0.24097,1.62555,0.32412,0.00224,0.06049,0.713,0.77178,1.36119,1.93598
tsb,fixed,0.8,2,13,0.95,26,intermittent,6539,0.82598,0.94843,0.2918,1.20077,0.27483,0.00568,0.13962,0.80145,0.84561,0.96968,1.48944
tsb,fixed,0.8,2,13,0.95,26,lumpy,2808,0.69384,0.90849,0.27797,2.60557,0.81134,0.00888,0.1688,0.64214,0.73103,2.11992,3.28855
tsb,dead13,0.8,2,13,0.95,26,all,13844,0.81285,0.89102,0.26226,1.20322,0.22761,0.00486,0.17726,0.8024,0.82198,1.07669,1.33212
tsb,dead13,0.8,2,13,0.95,26,smooth,2596,0.85829,0.79693,0.24156,0.86866,0.11148,0.00165,0.06086,0.85194,0.86748,0.75507,0.9975
tsb,dead13,0.8,2,13,0.95,26,erratic,1901,0.74382,0.81003,0.24231,1.59068,0.31869,0.00546,0.08522,0.71286,0.77172,1.33723,1.88249
tsb,dead13,0.8,2,13,0.95,26,intermittent,6539,0.82344,0.94517,0.31025,1.10745,0.25415,0.0158,0.23903,0.79834,0.84345,0.89697,1.34892
tsb,dead13,0.8,2,13,0.95,26,lumpy,2808,0.69218,0.90673,0.28333,2.52737,0.79074,0.01903,0.20335,0.63954,0.73041,2.03671,3.19921
tsb,dead26,0.8,2,13,0.95,26,all,13844,0.81334,0.89365,0.25594,1.23715,0.23451,0.00052,0.05403,0.80272,0.82231,1.11166,1.36659
tsb,dead26,0.8,2,13,0.95,26,smooth,2596,0.85843,0.79787,0.24043,0.88123,0.11346,0.00017,0.0181,0.85207,0.86767,0.7659,1.01255
tsb,dead26,0.8,2,13,0.95,26,erratic,1901,0.74396,0.81125,0.24076,1.63031,0.32418,0.00036,0.02525,0.71302,0.77179,1.36406,1.94141
tsb,dead26,0.8,2,13,0.95,26,intermittent,6539,0.82647,0.94882,0.28956,1.2221,0.28334,0.0026,0.07004,0.8021,0.84597,0.9856,1.51346
tsb,dead26,0.8,2,13,0.95,26,lumpy,2808,0.69461,0.90948,0.27497,2.64272,0.82307,0.00217,0.06944,0.64291,0.73172,2.16168,3.34484
tsb,none,0.9,2,13,0.95,26,all,13844,0.82303,0.91012,0.2163,1.31346,0.24991,0.0,0.0,0.81266,0.832,1.18314,1.44717
tsb,none,0.9,2,13,0.95,26,smooth,2596,0.86709,0.82566,0.20738,0.9306,0.11791,0.0,0.0,0.86074,0.87599,0.81383,1.06175
tsb,none,0.9,2,13,0.95,26,erratic,1901,0.75314,0.83375,0.21206,1.707,0.33823,0.0,0.0,0.72216,0.78036,1.43433,2.0242
tsb,none,0.9,2,13,0.95,26,intermittent,6539,0.84396,0.96045,0.2238,1.43612,0.35468,0.0,0.0,0.82226,0.86107,1.15746,1.7562
tsb,none,0.9,2,13,0.95,26,lumpy,2808,0.7078,0.9227,0.23479,2.81694,0.88346,0.0,0.0,0.6585,0.74387,2.31597,3.55707
tsb,quantile,0.9,2,13,0.95,26,all,13844,0.81342,0.90758,0.2224,1.10417,0.22977,0.02675,0.21829,0.80093,0.82401,1.02614,1.19666
tsb,quantile,0.9,2,13,0.95,26,smooth,2596,0.85706,0.8227,0.2109,0.81553,0.11149,0.01441,0.13521,0.84614,0.8682,0.74179,0.88917
tsb,quantile,0.9,2,13,0.95,26,erratic,1901,0.74309,0.83035,0.21639,1.42867,0.31091,0.03565,0.23619,0.70739,0.77093,1.24154,1.65956
tsb,quantile,0.9,2,13,0.95,26,intermittent,6539,0.84132,0.9586,0.23426,1.24588,0.31298,0.0257,0.19162,0.81856,0.85853,1.02552,1.52822
tsb,quantile,0.9,2,13,0.95,26,lumpy,2808,0.69744,0.91953,0.24443,2.10132,0.79898,0.09238,0.34509,0.64824,0.73499,1.75145,2.63448
tsb,fixed,0.9,2,13,0.95,26,all,13844,0.82286,0.90893,0.21916,1.30183,0.24684,0.00237,0.15992,0.81247,0.83186,1.1725,1.43519
tsb,fixed,0.9,2,13,0.95,26,smooth,2596,0.86708,0.82552,0.20755,0.92881,0.11776,0.00051,0.04276,0.86074,0.87599,0.81223,1.05964
tsb,fixed,0.9,2,13,0.95,26,erratic,1901,0.75311,0.83339,0.21252,1.69925,0.33786,0.00241,0.06944,0.72214,0.78034,1.42917,2.01566
tsb,fixed,0.9,2,13,0.95,26,intermittent,6539,0.84279,0.95896,0.23221,1.37751,0.33364,0.00939,0.20905,0.82059,0.85987,1.11374,1.69291
tsb,fixed,0.9,2,13,0.95,26,lumpy,2808,0.70667,0.92068,0.24094,2.75291,0.86268,0.0111,0.2151,0.65725,0.74285,2.25242,3.46251
tsb,dead13,0.9,2,13,0.95,26,all,13844,0.82246,0.90646,0.2251,1.27192,0.24038,0.00528,0.19127,0.81194,0.83147,1.14428,1.40162
tsb,dead13,0.9,2,13,0.95,26,smooth,2596,0.86696,0.82461,0.20863,0.91643,0.11568,0.00175,0.06125,0.86062,0.87586,0.80161,1.04508
tsb,dead13,0.9,2,13,0.95,26,erratic,1901,0.753,0.83241,0.21377,1.66308,0.33187,0.0057,0.08522,0.72199,0.78028,1.40314,1.96906
tsb,dead13,0.9,2,13,0.95,26,intermittent,6539,0.83996,0.955,0.25459,1.27018,0.30364,0.01877,0.26594,0.81718,0.85791,1.02743,1.5549
tsb,dead13,0.9,2,13,0.95,26,lumpy,2808,0.70508,0.91922,0.24537,2.67058,0.83944,0.02055,0.2094,0.6547,0.74165,2.16532,3.36847
tsb,dead26,0.9,2,13,0.95,26,all,13844,0.82299,0.90959,0.21757,1.30933,0.24896,0.00064,0.07404,0.81262,0.83197,1.17977,1.44269
tsb,dead26,0.9,2,13,0.95,26,smooth,2596,0.86709,0.82562,0.20742,0.92983,0.11789,0.00019,0.02003,0.86074,0.87599,0.81311,1.06098
tsb,dead26,0.9,2,13,0.95,26,erratic,1901,0.75314,0.83363,0.21221,1.70454,0.33793,0.0004,0.02735,0.72216,0.78035,1.43293,2.02167
tsb,dead26,0.9,2,13,0.95,26,intermittent,6539,0.84354,0.95961,0.22855,1.41094,0.34769,0.00366,0.10476,0.82185,0.86064,1.13923,1.7283
tsb,dead26,0.9,2,13,0.95,26,lumpy,2808,0.70764,0.92217,0.23642,2.79766,0.8779,0.00255,0.08405,0.65824,0.74372,2.28901,3.52852
tsb,none,0.95,2,13,0.95,26,all,13844,0.83044,0.92135,0.18927,1.37806,0.26366,0.0,0.0,0.82,0.83932,1.24409,1.5151
tsb,none,0.95,2,13,0.95,26,smooth,2596,0.87376,0.84618,0.18297,0.97309,0.12177,0.0,0.0,0.86725,0.88229,0.85527,1.10414
tsb,none,0.95,2,13,0.95,26,erratic,1901,0.76028,0.84967,0.19175,1.77119,0.35022,0.0,0.0,0.72926,0.78755,1.49521,2.09326
tsb,none,0.95,2,13,0.95,26,intermittent,6539,0.8564,0.96754,0.18364,1.62334,0.42624,0.0,0.0,0.8363,0.87314,1.30734,1.97619
tsb,none,0.95,2,13,0.95,26,lumpy,2808,0.71783,0.93179,0.20721,2.95674,0.93396,0.0,0.0,0.67022,0.75382,2.43168,3.72517
tsb,quantile,0.95,2,13,0.95,26,all,13844,0.82074,0.91855,0.19601,1.15899,0.24079,0.02781,0.24314,0.80823,0.83127,1.0773,1.25453
tsb,quantile,0.95,2,13,0.95,26,smooth,2596,0.86369,0.84313,0.1866,0.8547,0.11467,0.01475,0.14214,0.85288,0.875,0.78057,0.93058
tsb,quantile,0.95,2,13,0.95,26,erratic,1901,0.75013,0.84611,0.19629,1.48281,0.32064,0.03676,0.25039,0.71423,0.77735,1.28769,1.7226
tsb,quantile,0.95,2,13,0.95,26,intermittent,6539,0.85347,0.96537,0.19595,1.39891,0.37042,0.02947,0.22175,0.8329,0.86996,1.14925,1.7207
tsb,quantile,0.95,2,13,0.95,26,lumpy,2808,0.70719,0.92827,0.21788,2.20166,0.83828,0.09668,0.38141,0.65959,0.74338,1.8371,2.75246
tsb,fixed,0.95,2,13,0.95,26,all,13844,0.83021,0.9197,0.19324,1.36316,0.25915,0.00297,0.20139,0.81975,0.83913,1.23044,1.49986
tsb,fixed,0.95,2,13,0.95,26,smooth,2596,0.87375,0.84604,0.18314,0.97108,0.12159,0.00056,0.04468,0.86725,0.88227,0.85343,1.1018
tsb,fixed,0.95,2,13,0.95,26,erratic,1901,0.76024,0.84924,0.1923,1.7627,0.34978,0.00258,0.07575,0.72923,0.78751,1.48936,2.08395
tsb,fixed,0.95,2,13,0.95,26,intermittent,6539,0.85471,0.96527,0.1965,1.53253,0.38963,0.01526,0.27726,0.83454,0.87149,1.23883,1.87203
tsb,fixed,0.95,2,13,0.95,26,lumpy,2808,0.71649,0.92937,0.21454,2.88007,0.90734,0.01328,0.25463,0.66869,0.75255,2.3673,3.61967
tsb,dead13,0.95,2,13,0.95,26,all,13844,0.82982,0.9172,0.19925,1.33223,0.25207,0.00565,0.1925,0.81924,0.83876,1.20367,1.4629
tsb,dead13,0.95,2,13,0.95,26,smooth,2596,0.87362,0.84509,0.18426,0.95816,0.11935,0.00183,0.06125,0.86708,0.88219,0.84234,1.08666
tsb,dead13,0.95,2,13,0.95,26,erratic,1901,0.76013,0.84829,0.19352,1.72547,0.34326,0.00589,0.08522,0.72908,0.7874,1.46015,2.04391
tsb,dead13,0.95,2,13,0.95,26,intermittent,6539,0.85189,0.96127,0.21915,1.4205,0.35524,0.02148,0.26808,0.83082,0.86933,1.14836,1.74362
tsb,dead13,0.95,2,13,0.95,26,lumpy,2808,0.71498,0.9279,0.21901,2.79596,0.88259,0.02183,0.21047,0.66657,0.75035,2.27827,3.51683
tsb,dead26,0.95,2,13,0.95,26,all,13844,0.83038,0.92056,0.19118,1.37271,0.26215,0.00074,0.08495,0.81994,0.83927,1.23964,1.50938
tsb,dead26,0.95,2,13,0.95,26,smooth,2596,0.87376,0.84613,0.18303,0.97225,0.12175,0.0002,0.02157,0.86725,0.88228,0.85446,1.1033
tsb,dead26,0.95,2,13,0.95,26,erratic,1901,0.76027,0.84955,0.1919,1.76849,0.34987,0.00043,0.03051,0.72926,0.78753,1.49358,2.09051
tsb,dead26,0.95,2,13,0.95,26,intermittent,6539,0.85575,0.96622,0.19111,1.58543,0.41287,0.00459,0.12112,0.83565,0.87252,1.2789,1.93108
tsb,dead26,0.95,2,13,0.95,26,lumpy,2808,0.71763,0.93109,0.20932,2.93316,0.92638,0.00289,0.09615,0.67005,0.75362,2.41113,3.69021
tsb,none,0.99,2,13,0.95,26,all,13844,0.843,0.93869,0.14754,1.50821,0.2931,0.0,0.0,0.83249,0.85169,1.37301,1.65308
tsb,none,0.99,2,13,0.95,26,smooth,2596,0.88505,0.87945,0.1434,1.05831,0.12945,0.0,0.0,0.87807,0.89382,0.93856,1.19235
tsb,none,0.99,2,13,0.95,26,erratic,1901,0.77272,0.87471,0.15981,1.89733,0.37366,0.0,0.0,0.74163,0.80019,1.61462,2.22866
tsb,none,0.99,2,13,0.95,26,intermittent,6539,0.8761,0.97794,0.12484,2.02,0.59526,0.0,0.0,0.85639,0.89053,1.62611,2.47483
tsb,none,0.99,2,13,0.95,26,lumpy,2808,0.73503,0.94538,0.1659,3.23693,1.04184,0.0,0.0,0.68931,0.77065,2.68565,4.08086
tsb,quantile,0.99,2,13,0.95,26,all,13844,0.83313,0.93506,0.15627,1.26722,0.26298,0.03018,0.33025,0.82058,0.8436,1.17793,1.3678
tsb,quantile,0.99,2,13,0.95,26,smooth,2596,0.87492,0.87626,0.14719,0.93324,0.12084,0.01544,0.15909,0.86345,0.88658,0.8581,1.01316
tsb,quantile,0.99,2,13,0.95,26,erratic,1901,0.76243,0.87095,0.1646,1.58872,0.33945,0.039,0.28459,0.72646,0.78967,1.38377,1.84693
tsb,quantile,0.99,2,13,0.95,26,intermittent,6539,0.87238,0.9747,0.14313,1.69878,0.4926,0.04004,0.35204,0.85255,0.88728,1.37878,2.09603
tsb,quantile,0.99,2,13,0.95,26,lumpy,2808,0.72373,0.94051,0.18071,2.39542,0.9169,0.10603,0.46866,0.67899,0.7581,2.0051,2.98434
tsb,fixed,0.99,2,13,0.95,26,all,13844,0.84265,0.93593,0.15418,1.48444,0.28393,0.00473,0.28344,0.83211,0.85134,1.34933,1.62793
tsb,fixed,0.99,2,13,0.95,26,smooth,2596,0.88503,0.87924,0.14365,1.05583,0.1292,0.00067,0.04854,0.87806,0.8938,0.93626,1.1896
tsb,fixed,0.99,2,13,0.95,26,erratic,1901,0.77267,0.87413,0.16055,1.88733,0.37309,0.00292,0.08522,0.74159,0.80015,1.60747,2.21781
tsb,fixed,0.99,2,13,0.95,26,intermittent,6539,0.87322,0.9738,0.14824,1.83341,0.50341,0.0342,0.41872,0.8537,0.88798,1.48362,2.23668
tsb,fixed,0.99,2,13,0.95,26,lumpy,2808,0.7331,0.942,0.17618,3.12981,0.99945,0.01898,0.3198,0.68696,0.76884,2.59187,3.93268
tsb,dead13,0.99,2,13,0.95,26,all,13844,0.84231,0.93367,0.15962,1.45327,0.27683,0.0064,0.19272,0.83176,0.85105,1.32319,1.59173
tsb,dead13,0.99,2,13,0.95,26,smooth,2596,0.88491,0.87831,0.14475,1.0419,0.12664,0.002,0.06125,0.87784,0.89363,0.92429,1.1707
tsb,dead13,0.99,2,13,0.95,26,erratic,1901,0.77256,0.87313,0.16183,1.84828,0.36569,0.00627,0.08522,0.74144,0.8001,1.57524,2.17915
tsb,dead13,0.99,2,13,0.95,26,intermittent,6539,0.8707,0.9702,0.16861,1.73506,0.47578,0.0272,0.26854,0.8501,0.88588,1.40476,2.12061
tsb,dead13,0.99,2,13,0.95,26,lumpy,2808,0.73191,0.94077,0.17992,3.04601,0.9746,0.02445,0.21047,0.68644,0.7664,2.50307,3.83305
tsb,dead26,0.99,2,13,0.95,26,all,13844,0.84291,0.93748,0.15045,1.5001,0.29016,0.00095,0.09665,0.83241,0.8516,1.36458,1.64418
tsb,dead26,0.99,2,13,0.95,26,smooth,2596,0.88504,0.87938,0.14348,1.05732,0.12943,0.00023,0.02196,0.87806,0.89381,0.9376,1.19149
tsb,dead26,0.99,2,13,0.95,26,erratic,1901,0.77271,0.87454,0.16003,1.89422,0.37322,0.0005,0.03104,0.74162,0.80019,1.61269,2.2255
tsb,dead26,0.99,2,13,0.95,26,intermittent,6539,0.87509,0.9759,0.13636,1.95156,0.56465,0.0065,0.13917,0.85537,0.88958,1.57465,2.38374
tsb,dead26,0.99,2,13,0.95,26,lumpy,2808,0.73474,0.94435,0.16905,3.20424,1.0297,0.00361,0.11111,0.68896,0.77038,2.65612,4.0346
tsb,none,0.9,1,13,0.95,26,all,13844,0.82927,0.90851,0.22017,0.85845,0.15862,0.0,0.0,0.81864,0.83764,0.77469,0.94608
tsb,none,0.9,1,13,0.95,26,smooth,2596,0.86948,0.81993,0.21419,0.60969,0.07147,0.0,0.0,0.86212,0.87805,0.53366,0.69592
tsb,none,0.9,1,13,0.95,26,erratic,1901,0.76371,0.82961,0.21734,1.07251,0.20669,0.0,0.0,0.73341,0.78851,0.89912,1.29052
tsb,none,0.9,1,13,0.95,26,intermittent,6539,0.85635,0.9604,0.22407,1.03025,0.25325,0.0,0.0,0.8342,0.87273,0.8279,1.2589
tsb,none,0.9,1,13,0.95,26,lumpy,2808,0.72395,0.92298,0.23396,1.90693,0.59224,0.0,0.0,0.67616,0.75984,1.56442,2.44772
tsb,quantile,0.9,1,13,0.95,26,all,13844,0.82513,0.90696,0.2239,0.76203,0.15027,0.01423,0.17365,0.81353,0.83415,0.70357,0.82712
tsb,quantile,0.9,1,13,0.95,26,smooth,2596,0.86501,0.81806,0.21642,0.55645,0.06884,0.00794,0.11171,0.85498,0.87469,0.49822,0.61246
tsb,quantile,0.9,1,13,0.95,26,erratic,1901,0.76004,0.82777,0.21968,0.9586,0.19531,0.01688,0.1778,0.73039,0.78551,0.82371,1.12032
tsb,quantile,0.9,1,13,0.95,26,intermittent,6539,0.85474,0.95916,0.23107,0.93067,0.2348,0.01418,0.15109,0.83174,0.87107,0.7586,1.14521
tsb,quantile,0.9,1,13,0.95,26,lumpy,2808,0.7186,0.92118,0.23942,1.53869,0.55818,0.05394,0.28063,0.67181,0.7536,1.28086,1.95426
tsb,fixed,0.9,1,13,0.95,26,all,13844,0.82919,0.90789,0.22166,0.85164,0.15686,0.00153,0.12316,0.81856,0.83756,0.76833,0.93905
tsb,fixed,0.9,1,13,0.95,26,smooth,2596,0.86947,0.81983,0.21432,0.60864,0.07137,0.00029,0.0339,0.86209,0.87803,0.53272,0.69472
tsb,fixed,0.9,1,13,0.95,26,erratic,1901,0.76369,0.82942,0.21758,1.06814,0.20644,0.00147,0.05629,0.73339,0.7885,0.89576,1.28639
tsb,fixed,0.9,1,13,0.95,26,intermittent,6539,0.85579,0.95954,0.22895,0.99644,0.24176,0.00597,0.15629,0.83347,0.87214,0.8026,1.21842
tsb,fixed,0.9,1,13,0.95,26,lumpy,2808,0.72353,0.92215,0.23647,1.8685,0.5802,0.00785,0.17379,0.67568,0.75946,1.51846,2.38967
tsb,dead13,0.9,1,13,0.95,26,all,13844,0.82881,0.90551,0.22739,0.83016,0.15207,0.00363,0.18643,0.81815,0.83719,0.74925,0.91338
tsb,dead13,0.9,1,13,0.95,26,smooth,2596,0.86937,0.81911,0.21517,0.60035,0.06992,0.00115,0.06125,0.86199,0.87799,0.52563,0.68483
tsb,dead13,0.9,1,13,0.95,26,erratic,1901,0.76359,0.82846,0.2188,1.04321,0.20236,0.00381,0.08522,0.73329,0.78844,0.87691,1.24733
tsb,dead13,0.9,1,13,0.95,26,intermittent,6539,0.85326,0.95596,0.24916,0.91243,0.21835,0.01369,0.25631,0.82978,0.86971,0.73515,1.12384
tsb,dead13,0.9,1,13,0.95,26,lumpy,2808,0.72166,0.92005,0.24286,1.80642,0.56183,0.01418,0.20798,0.67302,0.75805,1.45161,2.31649
tsb,dead26,0.9,1,13,0.95,26,all,13844,0.82924,0.90815,0.22104,0.85561,0.15803,0.00045,0.06385,0.81861,0.83761,0.77192,0.943
tsb,dead26,0.9,1,13,0.95,26,smooth,2596,0.86948,0.8199,0.21423,0.60916,0.07146,0.00013,0.01849,0.86211,0.87804,0.53315,0.69538
tsb,dead26,0.9,1,13,0.95,26,erratic,1901,0.7637,0.82952,0.21746,1.07085,0.20649,0.00028,0.02525,0.73341,0.78851,0.89774,1.28929
tsb,dead26,0.9,1,13,0.95,26,intermittent,6539,0.85607,0.95984,0.22722,1.01382,0.24974,0.00265,0.08702,0.83385,0.87244,0.81577,1.23872
tsb,dead26,0.9,1,13,0.95,26,lumpy,2808,0.72382,0.92259,0.23514,1.89294,0.58817,0.00183,0.07799,0.67593,0.75971,1.5453,2.42743
tsb,none,0.9,4,13,0.95,26,all,13844,0.80456,0.91123,0.21362,2.27164,0.36984,0.0,0.0,0.79448,0.81447,2.07069,2.49986
tsb,none,0.9,4,13,0.95,26,smooth,2596,0.85222,0.83641,0.19459,1.63413,0.17851,0.0,0.0,0.84372,0.86183,1.45467,1.85809
tsb,none,0.9,4,13,0.95,26,erratic,1901,0.7325,0.83576,0.2095,3.01658,0.49104,0.0,0.0,0.69542,0.75989,2.55791,3.5645
tsb,none,0.9,4,13,0.95,26,intermittent,6539,0.82092,0.9592,0.23084,2.22194,0.50061,0.0,0.0,0.79703,0.83838,1.8284,2.70317
tsb,none,0.9,4,13,0.95,26,lumpy,2808,0.67258,0.91977,0.24369,4.66543,1.32878,0.0,0.0,0.6157,0.71596,3.88243,5.79164
tsb,quantile,0.9,4,13,0.95,26,all,13844,0.79114,0.90593,0.22639,1.71121,0.2913,0.0608,0.30793,0.7793,0.80198,1.59824,1.83607
tsb,quantile,0.9,4,13,0.95,26,smooth,2596,0.83955,0.83068,0.2014,1.34473,0.14685,0.03045,0.20146,0.82827,0.8509,1.23346,1.44817
tsb,quantile,0.9,4,13,0.95,26,erratic,1901,0.71682,0.82801,0.21938,2.1576,0.38223,0.0933,0.37875,0.68183,0.74527,1.91572,2.45238
tsb,quantile,0.9,4,13,0.95,26,intermittent,6539,0.81585,0.95542,0.25223,1.77657,0.3852,0.05472,0.26074,0.79247,0.83423,1.51313,2.12116
tsb,quantile,0.9,4,13,0.95,26,lumpy,2808,0.65451,0.91298,0.26435,2.94897,1.02127,0.18817,0.4683,0.59833,0.6969,2.43446,3.60745
tsb,fixed,0.9,4,13,0.95,26,all,13844,0.80418,0.90881,0.21946,2.24287,0.36171,0.00505,0.23136,0.79408,0.81413,2.04438,2.46683
tsb,fixed,0.9,4,13,0.95,26,smooth,2596,0.85218,0.83618,0.19486,1.62993,0.17825,0.0012,0.05701,0.84369,0.86181,1.45124,1.85314
tsb,fixed,0.9,4,13,0.95,26,erratic,1901,0.73242,0.83504,0.21041,2.99394,0.48957,0.00533,0.10363,0.69534,0.75981,2.53816,3.53244
tsb,fixed,0.9,4,13,0.95,26,intermittent,6539,0.81836,0.95607,0.24857,2.08802,0.45276,0.01938,0.30417,0.79443,0.83627,1.72554,2.56136
tsb,fixed,0.9,4,13,0.95,26,lumpy,2808,0.67021,0.91582,0.25569,4.50857,1.26813,0.02255,0.30947,0.61272,0.71414,3.72802,5.58082
tsb,dead13,0.9,4,13,0.95,26,all,13844,0.8038,0.90655,0.22488,2.20309,0.3545,0.00858,0.19229,0.79359,0.81357,2.00281,2.42372
tsb,dead13,0.9,4,13,0.95,26,smooth,2596,0.85203,0.83503,0.19624,1.61027,0.175,0.00294,0.06125,0.84359,0.86173,1.43402,1.82996
tsb,dead13,0.9,4,13,0.95,26,erratic,1901,0.73231,0.83399,0.21175,2.94332,0.48071,0.00954,0.08522,0.69521,0.75978,2.49568,3.47012
tsb,dead13,0.9,4,13,0.95,26,intermittent,6539,0.81565,0.95231,0.26981,1.96165,0.42065,0.02873,0.26763,0.79045,0.83377,1.63465,2.37134
tsb,dead13,0.9,4,13,0.95,26,lumpy,2808,0.66909,0.91523,0.25751,4.41941,1.25576,0.03296,0.21047,0.61061,0.71357,3.61184,5.51423
tsb,dead26,0.9,4,13,0.95,26,all,13844,0.8045,0.91045,0.21549,2.26516,0.36831,0.00098,0.08314,0.79442,0.81439,2.06547,2.49277
tsb,dead26,0.9,4,13,0.95,26,smooth,2596,0.85222,0.83636,0.19466,1.63294,0.17849,0.00029,0.02119,0.84372,0.86183,1.45355,1.85689
tsb,dead26,0.9,4,13,0.95,26,erratic,1901,0.73249,0.83559,0.20971,3.01256,0.49056,0.00063,0.02998,0.69541,0.75988,2.55323,3.55942
tsb,dead26,0.9,4,13,0.95,26,intermittent,6539,0.82029,0.95794,0.23799,2.1826,0.48875,0.00551,0.11913,0.79645,0.83791,1.79954,2.65999
tsb,dead26,0.9,4,13,0.95,26,lumpy,2808,0.67235,0.91906,0.24586,4.63554,1.32012,0.00395,0.09259,0.61536,0.71575,3.83992,5.75317
tsb,none,0.9,2,8,0.95,26,all,13844,0.82303,0.91012,0.2163,1.31346,0.45054,0.0,0.0,0.81266,0.832,1.18314,1.44717
tsb,none,0.9,2,8,0.95,26,smooth,2596,0.86709,0.82566,0.20738,0.9306,0.21837,0.0,0.0,0.86074,0.87599,0.81383,1.06175
tsb,none,0.9,2,8,0.95,26,erratic,1901,0.75314,0.83375,0.21206,1.707,0.66467,0.0,0.0,0.72216,0.78036,1.43433,2.0242
tsb,none,0.9,2,8,0.95,26,intermittent,6539,0.84396,0.96045,0.2238,1.43612,0.52974,0.0,0.0,0.82226,0.86107,1.15746,1.7562
tsb,none,0.9,2,8,0.95,26,lumpy,2808,0.7078,0.9227,0.23479,2.81694,1.44389,0.0,0.0,0.6585,0.74387,2.31597,3.55707
tsb,quantile,0.9,2,8,0.95,26,all,13844,0.81208,0.90645,0.22512,1.03357,0.32362,0.03207,0.27311,0.79933,0.82295,0.96274,1.11529
tsb,quantile,0.9,2,8,0.95,26,smooth,2596,0.85615,0.82121,0.21267,0.78263,0.15359,0.0169,0.17797,0.84528,0.86751,0.71925,0.84579
tsb,quantile,0.9,2,8,0.95,26,erratic,1901,0.7412,0.82868,0.21853,1.30771,0.48828,0.04505,0.31405,0.705,0.76865,1.14751,1.50692
tsb,quantile,0.9,2,8,0.95,26,intermittent,6539,0.84038,0.95797,0.2378,1.188,0.40226,0.0317,0.23291,0.81731,0.85789,0.98211,1.45303
tsb,quantile,0.9,2,8,0.95,26,lumpy,2808,0.69434,0.91793,0.2493,1.90344,1.00729,0.10491,0.42699,0.64532,0.73291,1.59321,2.36997
tsb,fixed,0.9,2,8,0.95,26,all,13844,0.82286,0.90893,0.21916,1.30183,0.44529,0.00237,0.15992,0.81247,0.83186,1.1725,1.43519
tsb,fixed,0.9,2,8,0.95,26,smooth,2596,0.86708,0.82552,0.20755,0.92881,0.21805,0.00051,0.04276,0.86074,0.87599,0.81223,1.05964
tsb,fixed,0.9,2,8,0.95,26,erratic,1901,0.75311,0.83339,0.21252,1.69925,0.66338,0.00241,0.06944,0.72214,0.78034,1.42917,2.01566
tsb,fixed,0.9,2,8,0.95,26,intermittent,6539,0.84279,0.95896,0.23221,1.37751,0.49671,0.00939,0.20905,0.82059,0.85987,1.11374,1.69291
tsb,fixed,0.9,2,8,0.95,26,lumpy,2808,0.70667,0.92068,0.24094,2.75291,1.40877,0.0111,0.2151,0.65725,0.74285,2.25242,3.46251
tsb,dead13,0.9,2,8,0.95,26,all,13844,0.82246,0.90646,0.2251,1.27192,0.43156,0.00528,0.19127,0.81194,0.83147,1.14428,1.40162
tsb,dead13,0.9,2,8,0.95,26,smooth,2596,0.86696,0.82461,0.20863,0.91643,0.2129,0.00175,0.06125,0.86062,0.87586,0.80161,1.04508
tsb,dead13,0.9,2,8,0.95,26,erratic,1901,0.753,0.83241,0.21377,1.66308,0.64869,0.0057,0.08522,0.72199,0.78028,1.40314,1.96906
tsb,dead13,0.9,2,8,0.95,26,intermittent,6539,0.83996,0.955,0.25459,1.27018,0.44411,0.01877,0.26594,0.81718,0.85791,1.02743,1.5549
tsb,dead13,0.9,2,8,0.95,26,lumpy,2808,0.70508,0.91922,0.24537,2.67058,1.36277,0.02055,0.2094,0.6547,0.74165,2.16532,3.36847
tsb,dead26,0.9,2,8,0.95,26,all,13844,0.82299,0.90959,0.21757,1.30933,0.4489,0.00064,0.07404,0.81262,0.83197,1.17977,1.44269
tsb,dead26,0.9,2,8,0.95,26,smooth,2596,0.86709,0.82562,0.20742,0.92983,0.2183,0.00019,0.02003,0.86074,0.87599,0.81311,1.06098
tsb,dead26,0.9,2,8,0.95,26,erratic,1901,0.75314,0.83363,0.21221,1.70454,0.66399,0.0004,0.02735,0.72216,0.78035,1.43293,2.02167
tsb,dead26,0.9,2,8,0.95,26,intermittent,6539,0.84354,0.95961,0.22855,1.41094,0.51736,0.00366,0.10476,0.82185,0.86064,1.13923,1.7283
tsb,dead26,0.9,2,8,0.95,26,lumpy,2808,0.70764,0.92217,0.23642,2.79766,1.43534,0.00255,0.08405,0.65824,0.74372,2.28901,3.52852
tsb,none,0.9,2,26,0.95,26,all,13844,0.82303,0.91012,0.2163,1.31346,,0.0,0.0,0.81266,0.832,1.18314,1.44717
tsb,none,0.9,2,26,0.95,26,smooth,2596,0.86709,0.82566,0.20738,0.9306,,0.0,0.0,0.86074,0.87599,0.81383,1.06175
tsb,none,0.9,2,26,0.95,26,erratic,1901,0.75314,0.83375,0.21206,1.707,,0.0,0.0,0.72216,0.78036,1.43433,2.0242
tsb,none,0.9,2,26,0.95,26,intermittent,6539,0.84396,0.96045,0.2238,1.43612,,0.0,0.0,0.82226,0.86107,1.15746,1.7562
tsb,none,0.9,2,26,0.95,26,lumpy,2808,0.7078,0.9227,0.23479,2.81694,,0.0,0.0,0.6585,0.74387,2.31597,3.55707
tsb,quantile,0.9,2,26,0.95,26,all,13844,0.81584,0.90855,0.22007,1.18102,,0.02022,0.16643,0.80383,0.82616,1.0846,1.28919
tsb,quantile,0.9,2,26,0.95,26,smooth,2596,0.85918,0.82385,0.20953,0.85493,,0.01118,0.10401,0.84873,0.86988,0.76243,0.94273
tsb,quantile,0.9,2,26,0.95,26,erratic,1901,0.74619,0.83157,0.21483,1.55038,,0.02443,0.17254,0.71255,0.77258,1.33007,1.81262
tsb,quantile,0.9,2,26,0.95,26,intermittent,6539,0.8424,0.95929,0.23036,1.30726,,0.01832,0.14436,0.82018,0.85935,1.06997,1.59516
tsb,quantile,0.9,2,26,0.95,26,lumpy,2808,0.7009,0.92081,0.24055,2.32499,,0.0772,0.27137,0.65136,0.73901,1.9364,2.91931
tsb,fixed,0.9,2,26,0.95,26,all,13844,0.82286,0.90893,0.21916,1.30183,,0.00237,0.15992,0.81247,0.83186,1.1725,1.43519
tsb,fixed,0.9,2,26,0.95,26,smooth,2596,0.86708,0.82552,0.20755,0.92881,,0.00051,0.04276,0.86074,0.87599,0.81223,1.05964
tsb,fixed,0.9,2,26,0.95,26,erratic,1901,0.75311,0.83339,0.21252,1.69925,,0.00241,0.06944,0.72214,0.78034,1.42917,2.01566
tsb,fixed,0.9,2,26,0.95,26,intermittent,6539,0.84279,0.95896,0.23221,1.37751,,0.00939,0.20905,0.82059,0.85987,1.11374,1.69291
tsb,fixed,0.9,2,26,0.95,26,lumpy,2808,0.70667,0.92068,0.24094,2.75291,,0.0111,0.2151,0.65725,0.74285,2.25242,3.46251
tsb,dead13,0.9,2,26,0.95,26,all,13844,0.82246,0.90646,0.2251,1.27192,,0.00528,0.19127,0.81194,0.83147,1.14428,1.40162
tsb,dead13,0.9,2,26,0.95,26,smooth,2596,0.86696,0.82461,0.20863,0.91643,,0.00175,0.06125,0.86062,0.87586,0.80161,1.04508
tsb,dead13,0.9,2,26,0.95,26,erratic,1901,0.753,0.83241,0.21377,1.66308,,0.0057,0.08522,0.72199,0.78028,1.40314,1.96906
tsb,dead13,0.9,2,26,0.95,26,intermittent,6539,0.83996,0.955,0.25459,1.27018,,0.01877,0.26594,0.81718,0.85791,1.02743,1.5549
tsb,dead13,0.9,2,26,0.95,26,lumpy,2808,0.70508,0.91922,0.24537,2.67058,,0.02055,0.2094,0.6547,0.74165,2.16532,3.36847
tsb,dead26,0.9,2,26,0.95,26,all,13844,0.82299,0.90959,0.21757,1.30933,,0.00064,0.07404,0.81262,0.83197,1.17977,1.44269
tsb,dead26,0.9,2,26,0.95,26,smooth,2596,0.86709,0.82562,0.20742,0.92983,,0.00019,0.02003,0.86074,0.87599,0.81311,1.06098
tsb,dead26,0.9,2,26,0.95,26,erratic,1901,0.75314,0.83363,0.21221,1.70454,,0.0004,0.02735,0.72216,0.78035,1.43293,2.02167
tsb,dead26,0.9,2,26,0.95,26,intermittent,6539,0.84354,0.95961,0.22855,1.41094,,0.00366,0.10476,0.82185,0.86064,1.13923,1.7283
tsb,dead26,0.9,2,26,0.95,26,lumpy,2808,0.70764,0.92217,0.23642,2.79766,,0.00255,0.08405,0.65824,0.74372,2.28901,3.52852
tsb,none,0.9,2,13,0.9,26,all,13844,0.82303,0.91012,0.2163,1.31346,0.24991,0.0,0.0,0.81266,0.832,1.18314,1.44717
tsb,none,0.9,2,13,0.9,26,smooth,2596,0.86709,0.82566,0.20738,0.9306,0.11791,0.0,0.0,0.86074,0.87599,0.81383,1.06175
tsb,none,0.9,2,13,0.9,26,erratic,1901,0.75314,0.83375,0.21206,1.707,0.33823,0.0,0.0,0.72216,0.78036,1.43433,2.0242
tsb,none,0.9,2,13,0.9,26,intermittent,6539,0.84396,0.96045,0.2238,1.43612,0.35468,0.0,0.0,0.82226,0.86107,1.15746,1.7562
tsb,none,0.9,2,13,0.9,26,lumpy,2808,0.7078,0.9227,0.23479,2.81694,0.88346,0.0,0.0,0.6585,0.74387,2.31597,3.55707
tsb,quantile,0.9,2,13,0.9,26,all,13844,0.81332,0.90715,0.22344,1.09932,0.2282,0.02724,0.2349,0.80082,0.82391,1.02173,1.1912
tsb,quantile,0.9,2,13,0.9,26,smooth,2596,0.857,0.82245,0.21119,0.814,0.11108,0.01457,0.13945,0.84609,0.86816,0.74055,0.88745
tsb,quantile,0.9,2,13,0.9,26,erratic,1901,0.743,0.82995,0.21691,1.42337,0.30962,0.03619,0.24619,0.70728,0.77088,1.23674,1.65315
tsb,quantile,0.9,2,13,0.9,26,intermittent,6539,0.84095,0.95815,0.23681,1.22907,0.30531,0.02748,0.21211,0.81808,0.85826,1.01285,1.50702
tsb,quantile,0.9,2,13,0.9,26,lumpy,2808,0.69716,0.91897,0.24615,2.08191,0.79234,0.09425,0.36859,0.64791,0.73474,1.73555,2.60888
tsb,fixed,0.9,2,13,0.9,26,all,13844,0.82286,0.90893,0.21916,1.30183,0.24684,0.00237,0.15992,0.81247,0.83186,1.1725,1.43519
tsb,fixed,0.9,2,13,0.9,26,smooth,2596,0.86708,0.82552,0.20755,0.92881,0.11776,0.00051,0.04276,0.86074,0.87599,0.81223,1.05964
tsb,fixed,0.9,2,13,0.9,26,erratic,1901,0.75311,0.83339,0.21252,1.69925,0.33786,0.00241,0.06944,0.72214,0.78034,1.42917,2.01566
tsb,fixed,0.9,2,13,0.9,26,intermittent,6539,0.84279,0.95896,0.23221,1.37751,0.33364,0.00939,0.20905,0.82059,0.85987,1.11374,1.69291
tsb,fixed,0.9,2,13,0.9,26,lumpy,2808,0.70667,0.92068,0.24094,2.75291,0.86268,0.0111,0.2151,0.65725,0.74285,2.25242,3.46251
tsb,dead13,0.9,2,13,0.9,26,all,13844,0.82246,0.90646,0.2251,1.27192,0.24038,0.00528,0.19127,0.81194,0.83147,1.14428,1.40162
tsb,dead13,0.9,2,13,0.9,26,smooth,2596,0.86696,0.82461,0.20863,0.91643,0.11568,0.00175,0.06125,0.86062,0.87586,0.80161,1.04508
tsb,dead13,0.9,2,13,0.9,26,erratic,1901,0.753,0.83241,0.21377,1.66308,0.33187,0.0057,0.08522,0.72199,0.78028,1.40314,1.96906
tsb,dead13,0.9,2,13,0.9,26,intermittent,6539,0.83996,0.955,0.25459,1.27018,0.30364,0.01877,0.26594,0.81718,0.85791,1.02743,1.5549
tsb,dead13,0.9,2,13,0.9,26,lumpy,2808,0.70508,0.91922,0.24537,2.67058,0.83944,0.02055,0.2094,0.6547,0.74165,2.16532,3.36847
tsb,dead26,0.9,2,13,0.9,26,all,13844,0.82299,0.90959,0.21757,1.30933,0.24896,0.00064,0.07404,0.81262,0.83197,1.17977,1.44269
tsb,dead26,0.9,2,13,0.9,26,smooth,2596,0.86709,0.82562,0.20742,0.92983,0.11789,0.00019,0.02003,0.86074,0.87599,0.81311,1.06098
tsb,dead26,0.9,2,13,0.9,26,erratic,1901,0.75314,0.83363,0.21221,1.70454,0.33793,0.0004,0.02735,0.72216,0.78035,1.43293,2.02167
tsb,dead26,0.9,2,13,0.9,26,intermittent,6539,0.84354,0.95961,0.22855,1.41094,0.34769,0.00366,0.10476,0.82185,0.86064,1.13923,1.7283
tsb,dead26,0.9,2,13,0.9,26,lumpy,2808,0.70764,0.92217,0.23642,2.79766,0.8779,0.00255,0.08405,0.65824,0.74372,2.28901,3.52852
tsb,none,0.9,2,13,0.99,26,all,13844,0.82303,0.91012,0.2163,1.31346,0.24991,0.0,0.0,0.81266,0.832,1.18314,1.44717
tsb,none,0.9,2,13,0.99,26,smooth,2596,0.86709,0.82566,0.20738,0.9306,0.11791,0.0,0.0,0.86074,0.87599,0.81383,1.06175
tsb,none,0.9,2,13,0.99,26,erratic,1901,0.75314,0.83375,0.21206,1.707,0.33823,0.0,0.0,0.72216,0.78036,1.43433,2.0242
tsb,none,0.9,2,13,0.99,26,intermittent,6539,0.84396,0.96045,0.2238,1.43612,0.35468,0.0,0.0,0.82226,0.86107,1.15746,1.7562
tsb,none,0.9,2,13,0.99,26,lumpy,2808,0.7078,0.9227,0.23479,2.81694,0.88346,0.0,0.0,0.6585,0.74387,2.31597,3.55707
tsb,quantile,0.9,2,13,0.99,26,all,13844,0.81359,0.90827,0.22074,1.11283,0.23244,0.02588,0.18701,0.80111,0.82418,1.03403,1.20641
tsb,quantile,0.9,2,13,0.99,26,smooth,2596,0.85715,0.82326,0.21023,0.81838,0.11223,0.01412,0.1275,0.84624,0.86829,0.74414,0.89228
tsb,quantile,0.9,2,13,0.99,26,erratic,1901,0.74323,0.83064,0.21602,1.43838,0.31328,0.03467,0.22199,0.70761,0.77101,1.25029,1.67121
tsb,quantile,0.9,2,13,0.99,26,intermittent,6539,0.8419,0.95936,0.22997,1.27353,0.32481,0.02254,0.14895,0.81939,0.85899,1.0464,1.56283
tsb,quantile,0.9,2,13,0.99,26,lumpy,2808,0.6979,0.92045,0.24163,2.13629,0.81046,0.0892,0.30698,0.64877,0.73541,1.78074,2.67455
tsb,fixed,0.9,2,13,0.99,26,all,13844,0.82286,0.90893,0.21916,1.30183,0.24684,0.00237,0.15992,0.81247,0.83186,1.1725,1.43519
tsb,fixed,0.9,2,13,0.99,26,smooth,2596,0.86708,0.82552,0.20755,0.92881,0.11776,0.00051,0.04276,0.86074,0.87599,0.81223,1.05964
tsb,fixed,0.9,2,13,0.99,26,erratic,1901,0.75311,0.83339,0.21252,1.69925,0.33786,0.00241,0.06944,0.72214,0.78034,1.42917,2.01566
tsb,fixed,0.9,2,13,0.99,26,intermittent,6539,0.84279,0.95896,0.23221,1.37751,0.33364,0.00939,0.20905,0.82059,0.85987,1.11374,1.69291
tsb,fixed,0.9,2,13,0.99,26,lumpy,2808,0.70667,0.92068,0.24094,2.75291,0.86268,0.0111,0.2151,0.65725,0.74285,2.25242,3.46251
tsb,dead13,0.9,2,13,0.99,26,all,13844,0.82246,0.90646,0.2251,1.27192,0.24038,0.00528,0.19127,0.81194,0.83147,1.14428,1.40162
tsb,dead13,0.9,2,13,0.99,26,smooth,2596,0.86696,0.82461,0.20863,0.91643,0.11568,0.00175,0.06125,0.86062,0.87586,0.80161,1.04508
tsb,dead13,0.9,2,13,0.99,26,erratic,1901,0.753,0.83241,0.21377,1.66308,0.33187,0.0057,0.08522,0.72199,0.78028,1.40314,1.96906
tsb,dead13,0.9,2,13,0.99,26,intermittent,6539,0.83996,0.955,0.25459,1.27018,0.30364,0.01877,0.26594,0.81718,0.85791,1.02743,1.5549
tsb,dead13,0.9,2,13,0.99,26,lumpy,2808,0.70508,0.91922,0.24537,2.67058,0.83944,0.02055,0.2094,0.6547,0.74165,2.16532,3.36847
tsb,dead26,0.9,2,13,0.99,26,all,13844,0.82299,0.90959,0.21757,1.30933,0.24896,0.00064,0.07404,0.81262,0.83197,1.17977,1.44269
tsb,dead26,0.9,2,13,0.99,26,smooth,2596,0.86709,0.82562,0.20742,0.92983,0.11789,0.00019,0.02003,0.86074,0.87599,0.81311,1.06098
tsb,dead26,0.9,2,13,0.99,26,erratic,1901,0.75314,0.83363,0.21221,1.70454,0.33793,0.0004,0.02735,0.72216,0.78035,1.43293,2.02167
tsb,dead26,0.9,2,13,0.99,26,intermittent,6539,0.84354,0.95961,0.22855,1.41094,0.34769,0.00366,0.10476,0.82185,0.86064,1.13923,1.7283
tsb,dead26,0.9,2,13,0.99,26,lumpy,2808,0.70764,0.92217,0.23642,2.79766,0.8779,0.00255,0.08405,0.65824,0.74372,2.28901,3.52852
tsb,none,0.9,2,13,0.95,13,all,13844,0.82303,0.91012,0.2163,1.31346,0.24991,0.0,0.0,0.81266,0.832,1.18314,1.44717
tsb,none,0.9,2,13,0.95,13,smooth,2596,0.86709,0.82566,0.20738,0.9306,0.11791,0.0,0.0,0.86074,0.87599,0.81383,1.06175
tsb,none,0.9,2,13,0.95,13,erratic,1901,0.75314,0.83375,0.21206,1.707,0.33823,0.0,0.0,0.72216,0.78036,1.43433,2.0242
tsb,none,0.9,2,13,0.95,13,intermittent,6539,0.84396,0.96045,0.2238,1.43612,0.35468,0.0,0.0,0.82226,0.86107,1.15746,1.7562
tsb,none,0.9,2,13,0.95,13,lumpy,2808,0.7078,0.9227,0.23479,2.81694,0.88346,0.0,0.0,0.6585,0.74387,2.31597,3.55707
tsb,quantile,0.9,2,13,0.95,13,all,13844,0.81342,0.90758,0.2224,1.10417,0.22977,0.02675,0.21829,0.80093,0.82401,1.02614,1.19666
tsb,quantile,0.9,2,13,0.95,13,smooth,2596,0.85706,0.8227,0.2109,0.81553,0.11149,0.01441,0.13521,0.84614,0.8682,0.74179,0.88917
tsb,quantile,0.9,2,13,0.95,13,erratic,1901,0.74309,0.83035,0.21639,1.42867,0.31091,0.03565,0.23619,0.70739,0.77093,1.24154,1.65956
tsb,quantile,0.9,2,13,0.95,13,intermittent,6539,0.84132,0.9586,0.23426,1.24588,0.31298,0.0257,0.19162,0.81856,0.85853,1.02552,1.52822
tsb,quantile,0.9,2,13,0.95,13,lumpy,2808,0.69744,0.91953,0.24443,2.10132,0.79898,0.09238,0.34509,0.64824,0.73499,1.75145,2.63448
tsb,fixed,0.9,2,13,0.95,13,all,13844,0.82245,0.90762,0.22231,1.28476,0.24046,0.00441,0.23454,0.8121,0.83151,1.15743,1.41454
tsb,fixed,0.9,2,13,0.95,13,smooth,2596,0.86707,0.8254,0.20769,0.92745,0.11773,0.00086,0.0678,0.86073,0.87599,0.81128,1.05811
tsb,fixed,0.9,2,13,0.95,13,erratic,1901,0.75291,0.83293,0.2131,1.6754,0.33234,0.00455,0.11888,0.72197,0.7803,1.41908,1.99549
tsb,fixed,0.9,2,13,0.95,13,intermittent,6539,0.84023,0.95749,0.24055,1.32932,0.31505,0.01695,0.29087,0.81748,0.85812,1.07391,1.63993
tsb,fixed,0.9,2,13,0.95,13,lumpy,2808,0.70412,0.91807,0.24886,2.66234,0.81376,0.02144,0.33583,0.6541,0.74053,2.18059,3.35064
tsb,dead13,0.9,2,13,0.95,13,all,13844,0.82246,0.90646,0.2251,1.27192,0.24038,0.00528,0.19127,0.81194,0.83147,1.14428,1.40162
tsb,dead13,0.9,2,13,0.95,13,smooth,2596,0.86696,0.82461,0.20863,0.91643,0.11568,0.00175,0.06125,0.86062,0.87586,0.80161,1.04508
tsb,dead13,0.9,2,13,0.95,13,erratic,1901,0.753,0.83241,0.21377,1.66308,0.33187,0.0057,0.08522,0.72199,0.78028,1.40314,1.96906
tsb,dead13,0.9,2,13,0.95,13,intermittent,6539,0.83996,0.955,0.25459,1.27018,0.30364,0.01877,0.26594,0.81718,0.85791,1.02743,1.5549
tsb,dead13,0.9,2,13,0.95,13,lumpy,2808,0.70508,0.91922,0.24537,2.67058,0.83944,0.02055,0.2094,0.6547,0.74165,2.16532,3.36847
tsb,dead26,0.9,2,13,0.95,13,all,13844,0.82299,0.90959,0.21757,1.30933,0.24896,0.00064,0.07404,0.81262,0.83197,1.17977,1.44269
tsb,dead26,0.9,2,13,0.95,13,smooth,2596,0.86709,0.82562,0.20742,0.92983,0.11789,0.00019,0.02003,0.86074,0.87599,0.81311,1.06098
tsb,dead26,0.9,2,13,0.95,13,erratic,1901,0.75314,0.83363,0.21221,1.70454,0.33793,0.0004,0.02735,0.72216,0.78035,1.43293,2.02167
tsb,dead26,0.9,2,13,0.95,13,intermittent,6539,0.84354,0.95961,0.22855,1.41094,0.34769,0.00366,0.10476,0.82185,0.86064,1.13923,1.7283
tsb,dead26,0.9,2,13,0.95,13,lumpy,2808,0.70764,0.92217,0.23642,2.79766,0.8779,0.00255,0.08405,0.65824,0.74372,2.28901,3.52852
tsb,none,0.9,2,13,0.95,52,all,13844,0.82303,0.91012,0.2163,1.31346,0.24991,0.0,0.0,0.81266,0.832,1.18314,1.44717
tsb,none,0.9,2,13,0.95,52,smooth,2596,0.86709,0.82566,0.20738,0.9306,0.11791,0.0,0.0,0.86074,0.87599,0.81383,1.06175
tsb,none,0.9,2,13,0.95,52,erratic,1901,0.75314,0.83375,0.21206,1.707,0.33823,0.0,0.0,0.72216,0.78036,1.43433,2.0242
tsb,none,0.9,2,13,0.95,52,intermittent,6539,0.84396,0.96045,0.2238,1.43612,0.35468,0.0,0.0,0.82226,0.86107,1.15746,1.7562
tsb,none,0.9,2,13,0.95,52,lumpy,2808,0.7078,0.9227,0.23479,2.81694,0.88346,0.0,0.0,0.6585,0.74387,2.31597,3.55707
tsb,quantile,0.9,2,13,0.95,52,all,13844,0.81342,0.90758,0.2224,1.10417,0.22977,0.02675,0.21829,0.80093,0.82401,1.02614,1.19666
tsb,quantile,0.9,2,13,0.95,52,smooth,2596,0.85706,0.8227,0.2109,0.81553,0.11149,0.01441,0.13521,0.84614,0.8682,0.74179,0.88917
tsb,quantile,0.9,2,13,0.95,52,erratic,1901,0.74309,0.83035,0.21639,1.42867,0.31091,0.03565,0.23619,0.70739,0.77093,1.24154,1.65956
tsb,quantile,0.9,2,13,0.95,52,intermittent,6539,0.84132,0.9586,0.23426,1.24588,0.31298,0.0257,0.19162,0.81856,0.85853,1.02552,1.52822
tsb,quantile,0.9,2,13,0.95,52,lumpy,2808,0.69744,0.91953,0.24443,2.10132,0.79898,0.09238,0.34509,0.64824,0.73499,1.75145,2.63448
tsb,fixed,0.9,2,13,0.95,52,all,13844,0.82296,0.90947,0.21786,1.30534,0.24792,0.00172,0.10958,0.81257,0.83194,1.17582,1.43881
tsb,fixed,0.9,2,13,0.95,52,smooth,2596,0.86709,0.82559,0.20746,0.92927,0.1178,0.00035,0.03082,0.86074,0.87599,0.81262,1.06023
tsb,fixed,0.9,2,13,0.95,52,erratic,1901,0.75313,0.83353,0.21233,1.70114,0.33788,0.00191,0.05103,0.72215,0.78035,1.43072,2.01745
tsb,fixed,0.9,2,13,0.95,52,intermittent,6539,0.84338,0.95952,0.22903,1.40019,0.34316,0.00631,0.13886,0.82158,0.86052,1.13052,1.71514
tsb,fixed,0.9,2,13,0.95,52,lumpy,2808,0.70733,0.92186,0.23735,2.77049,0.8688,0.00807,0.15385,0.65792,0.74356,2.271,3.48561
tsb,dead13,0.9,2,13,0.95,52,all,13844,0.82246,0.90646,0.2251,1.27192,0.24038,0.00528,0.19127,0.81194,0.83147,1.14428,1.40162
tsb,dead13,0.9,2,13,0.95,52,smooth,2596,0.86696,0.82461,0.20863,0.91643,0.11568,0.00175,0.06125,0.86062,0.87586,0.80161,1.04508
tsb,dead13,0.9,2,13,0.95,52,erratic,1901,0.753,0.83241,0.21377,1.66308,0.33187,0.0057,0.08522,0.72199,0.78028,1.40314,1.96906
tsb,dead13,0.9,2,13,0.95,52,intermittent,6539,0.83996,0.955,0.25459,1.27018,0.30364,0.01877,0.26594,0.81718,0.85791,1.02743,1.5549
tsb,dead13,0.9,2,13,0.95,52,lumpy,2808,0.70508,0.91922,0.24537,2.67058,0.83944,0.02055,0.2094,0.6547,0.74165,2.16532,3.36847
tsb,dead26,0.9,2,13,0.95,52,all,13844,0.82299,0.90959,0.21757,1.30933,0.24896,0.00064,0.07404,0.81262,0.83197,1.17977,1.44269
tsb,dead26,0.9,2,13,0.95,52,smooth,2596,0.86709,0.82562,0.20742,0.92983,0.11789,0.00019,0.02003,0.86074,0.87599,0.81311,1.06098
tsb,dead26,0.9,2,13,0.95,52,erratic,1901,0.75314,0.83363,0.21221,1.70454,0.33793,0.0004,0.02735,0.72216,0.78035,1.43293,2.02167
tsb,dead26,0.9,2,13,0.95,52,intermittent,6539,0.84354,0.95961,0.22855,1.41094,0.34769,0.00366,0.10476,0.82185,0.86064,1.13923,1.7283
tsb,dead26,0.9,2,13,0.95,52,lumpy,2808,0.70764,0.92217,0.23642,2.79766,0.8779,0.00255,0.08405,0.65824,0.74372,2.28901,3.52852
tsb_nb,none,0.5,2,13,0.95,26,all,13844,0.75911,0.81918,0.43513,0.99524,0.18112,0.0,0.0,0.74735,0.77029,0.88162,1.11771
tsb_nb,none,0.5,2,13,0.95,26,smooth,2596,0.82198,0.69203,0.36634,0.74781,0.0999,0.0,0.0,0.8144,0.83134,0.63987,0.8729
tsb_nb,none,0.5,2,13,0.95,26,erratic,1901,0.66312,0.6459,0.45166,1.32202,0.25787,0.0,0.0,0.62618,0.69483,1.07717,1.60631
tsb_nb,none,0.5,2,13,0.95,26,intermittent,6539,0.75848,0.91227,0.4964,0.78749,0.15185,0.0,0.0,0.72544,0.78954,0.63138,0.99424
tsb_nb,none,0.5,2,13,0.95,26,lumpy,2808,0.606,0.83728,0.49427,1.94365,0.56777,0.0,0.0,0.5391,0.65377,1.56736,2.52634
tsb_nb,quantile,0.5,2,13,0.95,26,all,13844,0.75589,0.81832,0.43721,0.93897,0.17869,0.01022,0.08126,0.74324,0.76717,0.83197,1.04964
tsb_nb,quantile,0.5,2,13,0.95,26,smooth,2596,0.81738,0.69077,0.36784,0.71062,0.09893,0.00663,0.0755,0.80915,0.82699,0.61341,0.81448
tsb_nb,quantile,0.5,2,13,0.95,26,erratic,1901,0.66174,0.64478,0.45309,1.26995,0.25458,0.00878,0.08154,0.62462,0.69316,1.03494,1.53484
tsb_nb,quantile,0.5,2,13,0.95,26,intermittent,6539,0.75761,0.91162,0.50006,0.73526,0.14638,0.00894,0.06408,0.72396,0.78851,0.60293,0.90838
tsb_nb,quantile,0.5,2,13,0.95,26,lumpy,2808,0.60518,0.83644,0.49683,1.72137,0.5594,0.04424,0.12642,0.53851,0.6534,1.40273,2.17751
tsb_nb,fixed,0.5,2,13,0.95,26,all,13844,0.75909,0.81911,0.4353,0.99366,0.18096,0.0006,0.02413,0.74734,0.77027,0.88028,1.11639
tsb_nb,fixed,0.5,2,13,0.95,26,smooth,2596,0.82197,0.69204,0.36632,0.74725,0.0999,0.00026,0.02157,0.8144,0.83133,0.63908,0.87211
tsb_nb,fixed,0.5,2,13,0.95,26,erratic,1901,0.66312,0.64588,0.45169,1.31967,0.25786,0.00116,0.02052,0.62618,0.69483,1.07268,1.6032
tsb_nb,fixed,0.5,2,13,0.95,26,intermittent,6539,0.75837,0.91215,0.49707,0.78229,0.1507,0.00111,0.02401,0.72536,0.78948,0.62753,0.98666
tsb_nb,fixed,0.5,2,13,0.95,26,lumpy,2808,0.60592,0.8372,0.49452,1.9397,0.5666,0.00093,0.0292,0.53902,0.6537,1.5635,2.52182
tsb_nb,dead13,0.5,2,13,0.95,26,all,13844,0.7588,0.81797,0.43803,0.97447,0.17995,0.00319,0.09802,0.74705,0.7701,0.86307,1.09603
tsb_nb,dead13,0.5,2,13,0.95,26,smooth,2596,0.82184,0.69115,0.36738,0.73788,0.09911,0.00132,0.05624,0.81435,0.83113,0.62893,0.86009
tsb_nb,dead13,0.5,2,13,0.95,26,erratic,1901,0.66302,0.64514,0.45264,1.29413,0.25731,0.00404,0.0526,0.6261,0.69469,1.05142,1.56919
tsb_nb,dead13,0.5,2,13,0.95,26,intermittent,6539,0.75706,0.91068,0.50541,0.73078,0.1462,0.00834,0.12188,0.72364,0.78834,0.59353,0.90443
tsb_nb,dead13,0.5,2,13,0.95,26,lumpy,2808,0.60448,0.83636,0.49707,1.89226,0.56509,0.01067,0.11182,0.53864,0.6521,1.51035,2.43986
tsb_nb,dead26,0.5,2,13,0.95,26,all,13844,0.75911,0.81916,0.43517,0.99489,0.18112,0.00011,0.01127,0.74735,0.77029,0.88124,1.11744
tsb_nb,dead26,0.5,2,13,0.95,26,smooth,2596,0.82198,0.69203,0.36634,0.74759,0.0999,6e-05,0.01117,0.8144,0.83134,0.63958,0.87258
tsb_nb,dead26,0.5,2,13,0.95,26,erratic,1901,0.66312,0.6459,0.45166,1.32184,0.25787,5e-05,0.00631,0.62618,0.69483,1.07701,1.60613
tsb_nb,dead26,0.5,2,13,0.95,26,intermittent,6539,0.75846,0.91224,0.49656,0.7857,0.15184,0.00064,0.0133,0.72542,0.78952,0.62991,0.99212
tsb_nb,dead26,0.5,2,13,0.95,26,lumpy,2808,0.60598,0.83725,0.49437,1.94282,0.56775,0.00026,0.00997,0.53909,0.65376,1.56672,2.52586
tsb_nb,none,0.8,2,13,0.95,26,all,13844,0.87372,0.9165,0.20094,1.75055,0.30415,0.0,0.0,0.86243,0.88385,1.61266,1.915
tsb_nb,none,0.8,2,13,0.95,26,smooth,2596,0.91446,0.86721,0.15796,1.27418,0.13978,0.0,0.0,0.90848,0.9219,1.15108,1.41816
tsb_nb,none,0.8,2,13,0.95,26,erratic,1901,0.81509,0.85431,0.18583,2.33402,0.43499,0.0,0.0,0.78268,0.84384,2.03323,2.68757
tsb_nb,none,0.8,2,13,0.95,26,intermittent,6539,0.8721,0.95341,0.26364,1.61736,0.33202,0.0,0.0,0.84708,0.89361,1.34734,1.94191
tsb_nb,none,0.8,2,13,0.95,26,lumpy,2808,0.76298,0.91824,0.24837,3.52256,1.10238,0.0,0.0,0.70327,0.80625,2.91001,4.40378
tsb_nb,quantile,0.8,2,13,0.95,26,all,13844,0.86943,0.91501,0.20451,1.6464,0.29648,0.01674,0.135,0.85756,0.8802,1.52929,1.80183
tsb_nb,quantile,0.8,2,13,0.95,26,smooth,2596,0.90895,0.86574,0.15971,1.21263,0.13713,0.00951,0.09168,0.90094,0.91798,1.10506,1.32736
tsb_nb,quantile,0.8,2,13,0.95,26,erratic,1901,0.81247,0.85197,0.18882,2.22836,0.42446,0.01629,0.13361,0.77843,0.84067,1.94382,2.54969
tsb_nb,quantile,0.8,2,13,0.95,26,intermittent,6539,0.87075,0.95224,0.27021,1.50835,0.31681,0.01703,0.12647,0.84508,0.89261,1.27359,1.80081
tsb_nb,quantile,0.8,2,13,0.95,26,lumpy,2808,0.76,0.91655,0.25348,3.09663,1.07167,0.07424,0.19587,0.70146,0.80273,2.58663,3.87232
tsb_nb,fixed,0.8,2,13,0.95,26,all,13844,0.87355,0.91581,0.20259,1.74031,0.30234,0.00228,0.09824,0.86219,0.88371,1.60297,1.90433
tsb_nb,fixed,0.8,2,13,0.95,26,smooth,2596,0.91444,0.8671,0.15808,1.27235,0.13976,0.00059,0.03505,0.90845,0.92188,1.14943,1.41601
tsb_nb,fixed,0.8,2,13,0.95,26,erratic,1901,0.81508,0.85417,0.18601,2.32504,0.43493,0.00297,0.04629,0.78267,0.84383,2.02627,2.67471
tsb_nb,fixed,0.8,2,13,0.95,26,intermittent,6539,0.87107,0.9526,0.2682,1.57562,0.31921,0.00715,0.13167,0.84584,0.89279,1.31564,1.89554
tsb_nb,fixed,0.8,2,13,0.95,26,lumpy,2808,0.76179,0.91691,0.2524,3.46768,1.08933,0.00918,0.11396,0.70219,0.80521,2.87087,4.32915
tsb_nb,dead13,0.8,2,13,0.95,26,all,13844,0.87323,0.91392,0.20714,1.70992,0.29779,0.0056,0.16101,0.86192,0.88317,1.57186,1.87977
tsb_nb,dead13,0.8,2,13,0.95,26,smooth,2596,0.91433,0.86628,0.15906,1.25908,0.13757,0.00189,0.05894,0.90834,0.92176,1.13683,1.3982
tsb_nb,dead13,0.8,2,13,0.95,26,erratic,1901,0.81498,0.85338,0.18702,2.2888,0.43134,0.00638,0.06944,0.78258,0.84373,1.99287,2.63236
tsb_nb,dead13,0.8,2,13,0.95,26,intermittent,6539,0.86871,0.94958,0.28531,1.47855,0.30368,0.01765,0.22909,0.8429,0.89062,1.24176,1.77895
tsb_nb,dead13,0.8,2,13,0.95,26,lumpy,2808,0.76067,0.91594,0.25535,3.37806,1.07182,0.02213,0.15883,0.70138,0.80515,2.77542,4.26162
tsb_nb,dead26,0.8,2,13,0.95,26,all,13844,0.8737,0.91631,0.2014,1.74844,0.30405,0.00049,0.03799,0.86241,0.88383,1.61058,1.91288
tsb_nb,dead26,0.8,2,13,0.95,26,smooth,2596,0.91446,0.86721,0.15796,1.27345,0.13978,0.00019,0.01348,0.90847,0.9219,1.15037,1.41742
tsb_nb,dead26,0.8,2,13,0.95,26,erratic,1901,0.81509,0.85431,0.18583,2.33275,0.43499,0.00027,0.0142,0.78268,0.84384,2.03255,2.68581
tsb_nb,dead26,0.8,2,13,0.95,26,intermittent,6539,0.87194,0.95309,0.26545,1.60628,0.33082,0.00271,0.05827,0.84691,0.89349,1.33978,1.92753
tsb_nb,dead26,0.8,2,13,0.95,26,lumpy,2808,0.76292,0.91803,0.249,3.51391,1.10194,0.0018,0.02956,0.70323,0.80622,2.90621,4.39296
tsb_nb,none,0.9,2,13,0.95,26,all,13844,0.91123,0.94805,0.12501,2.40111,0.42939,0.0,0.0,0.90249,0.91998,2.22367,2.59995
tsb_nb,none,0.9,2,13,0.95,26,smooth,2596,0.94089,0.91736,0.09831,1.68781,0.17012,0.0,0.0,0.93502,0.94707,1.54773,1.85459
tsb_nb,none,0.9,2,13,0.95,26,erratic,1901,0.86886,0.92255,0.09879,3.26785,0.61788,0.0,0.0,0.83841,0.89358,2.90918,3.75171
tsb_nb,none,0.9,2,13,0.95,26,intermittent,6539,0.91127,0.96785,0.18191,2.3227,0.50909,0.0,0.0,0.89154,0.92859,1.949,2.75645
tsb_nb,none,0.9,2,13,0.95,26,lumpy,2808,0.82847,0.94758,0.15922,4.98181,1.72228,0.0,0.0,0.77944,0.86697,4.19506,6.3099
tsb_nb,quantile,0.9,2,13,0.95,26,all,13844,0.90674,0.94616,0.12956,2.24617,0.41204,0.02283,0.17697,0.8965,0.91531,2.0942,2.41545
tsb_nb,quantile,0.9,2,13,0.95,26,smooth,2596,0.93519,0.91569,0.10029,1.60706,0.16466,0.01156,0.10401,0.92719,0.94313,1.48463,1.73969
tsb_nb,quantile,0.9,2,13,0.95,26,erratic,1901,0.86604,0.9198,0.10229,3.08967,0.59171,0.02476,0.16938,0.83378,0.89069,2.76435,3.48747
tsb_nb,quantile,0.9,2,13,0.95,26,intermittent,6539,0.90967,0.96635,0.1904,2.14828,0.47545,0.02512,0.16944,0.88964,0.92728,1.83055,2.52285
tsb_nb,quantile,0.9,2,13,0.95,26,lumpy,2808,0.82528,0.94517,0.16654,4.34728,1.65631,0.10184,0.26709,0.77727,0.86331,3.67012,5.49104
tsb_nb,fixed,0.9,2,13,0.95,26,all,13844,0.91072,0.94646,0.12884,2.37041,0.41971,0.0054,0.16874,0.90197,0.91948,2.19676,2.56804
tsb_nb,fixed,0.9,2,13,0.95,26,smooth,2596,0.94088,0.91723,0.09845,1.68407,0.16996,0.00099,0.0443,0.935,0.94705,1.54466,1.85125
tsb_nb,fixed,0.9,2,13,0.95,26,erratic,1901,0.86878,0.92217,0.09927,3.2451,0.6174,0.00551,0.08837,0.83828,0.89353,2.89306,3.71231
tsb_nb,fixed,0.9,2,13,0.95,26,intermittent,6539,0.90859,0.96592,0.19284,2.20896,0.46703,0.01781,0.21945,0.88818,0.92689,1.8605,2.60497
tsb_nb,fixed,0.9,2,13,0.95,26,lumpy,2808,0.82449,0.94462,0.16822,4.78034,1.63239,0.02929,0.22009,0.77539,0.8642,4.03822,6.05045
tsb_nb,dead13,0.9,2,13,0.95,26,all,13844,0.91064,0.94451,0.13354,2.33923,0.41522,0.00782,0.18412,0.90193,0.91943,2.1746,2.53217
tsb_nb,dead13,0.9,2,13,0.95,26,smooth,2596,0.94077,0.91641,0.09943,1.66842,0.16628,0.00231,0.06009,0.93491,0.94692,1.52713,1.83721
tsb_nb,dead13,0.9,2,13,0.95,26,erratic,1901,0.86871,0.92133,0.10034,3.20293,0.60902,0.00871,0.07838,0.83828,0.89335,2.85708,3.64884
tsb_nb,dead13,0.9,2,13,0.95,26,intermittent,6539,0.90695,0.96245,0.21247,2.10736,0.45096,0.02464,0.26288,0.88514,0.92602,1.79547,2.48956
tsb_nb,dead13,0.9,2,13,0.95,26,lumpy,2808,0.82578,0.9444,0.1689,4.72318,1.6444,0.03406,0.18697,0.77761,0.86574,4.00186,5.95485
tsb_nb,dead26,0.9,2,13,0.95,26,all,13844,0.91119,0.94759,0.12613,2.39613,0.42887,0.00098,0.06147,0.90246,0.91994,2.22005,2.59493
tsb_nb,dead26,0.9,2,13,0.95,26,smooth,2596,0.94089,0.91734,0.09833,1.6865,0.17012,0.00033,0.01541,0.93502,0.94707,1.54646,1.85323
tsb_nb,dead26,0.9,2,13,0.95,26,erratic,1901,0.86886,0.92253,0.09882,3.2647,0.61788,0.00061,0.01789,0.83841,0.89358,2.90703,3.74765
tsb_nb,dead26,0.9,2,13,0.95,26,intermittent,6539,0.91088,0.96706,0.18635,2.29682,0.50362,0.0049,0.09757,0.89107,0.9283,1.93021,2.72475
tsb_nb,dead26,0.9,2,13,0.95,26,lumpy,2808,0.82836,0.94716,0.1605,4.95875,1.71985,0.0042,0.0495,0.77932,0.86686,4.18317,6.27792
tsb_nb,none,0.95,2,13,0.95,26,all,13844,0.93371,0.96408,0.08644,3.09099,0.60686,0.0,0.0,0.92546,0.94125,2.86683,3.31241
tsb_nb,none,0.95,2,13,0.95,26,smooth,2596,0.95551,0.94168,0.06938,2.09158,0.20628,0.0,0.0,0.95031,0.96111,1.92244,2.2856
tsb_nb,none,0.95,2,13,0.95,26,erratic,1901,0.9028,0.95275,0.06027,4.30214,0.89049,0.0,0.0,0.8799,0.92238,3.83198,4.93395
tsb_nb,none,0.95,2,13,0.95,26,intermittent,6539,0.93227,0.97596,0.13605,3.08565,0.76366,0.0,0.0,0.91425,0.94814,2.56232,3.66904
tsb_nb,none,0.95,2,13,0.95,26,lumpy,2808,0.87335,0.96481,0.1069,6.63466,2.604,0.0,0.0,0.83772,0.90301,5.58019,8.51548
tsb_nb,quantile,0.95,2,13,0.95,26,all,13844,0.92923,0.96179,0.09195,2.86884,0.5673,0.03028,0.21692,0.9204,0.9368,2.68008,3.05918
tsb_nb,quantile,0.95,2,13,0.95,26,smooth,2596,0.94984,0.93994,0.07144,1.98996,0.19535,0.01362,0.11595,0.94118,0.9574,1.84293,2.13666
tsb_nb,quantile,0.95,2,13,0.95,26,erratic,1901,0.90022,0.94969,0.06417,4.02538,0.82938,0.03534,0.202,0.87611,0.92081,3.6158,4.55936
tsb_nb,quantile,0.95,2,13,0.95,26,intermittent,6539,0.93021,0.97403,0.14694,2.82097,0.69415,0.03542,0.20982,0.91205,0.94643,2.36545,3.33701
tsb_nb,quantile,0.95,2,13,0.95,26,lumpy,2808,0.86949,0.96167,0.11644,5.70077,2.44109,0.13792,0.33689,0.83429,0.90071,4.80124,7.25701
tsb_nb,fixed,0.95,2,13,0.95,26,all,13844,0.93202,0.96117,0.09343,3.00584,0.56945,0.01373,0.24444,0.92353,0.93957,2.79006,3.22772
tsb_nb,fixed,0.95,2,13,0.95,26,smooth,2596,0.95547,0.94154,0.06954,2.08467,0.20581,0.00157,0.0547,0.95028,0.96111,1.9169,2.28006
tsb_nb,fixed,0.95,2,13,0.95,26,erratic,1901,0.90191,0.95148,0.06188,4.22751,0.87874,0.01359,0.15623,0.87919,0.92145,3.76737,4.84356
tsb_nb,fixed,0.95,2,13,0.95,26,intermittent,6539,0.92759,0.97286,0.15355,2.82279,0.64327,0.04018,0.30265,0.90952,0.94486,2.3672,3.35807
tsb_nb,fixed,0.95,2,13,0.95,26,lumpy,2808,0.85842,0.95867,0.12553,6.04717,2.25647,0.08755,0.34402,0.81737,0.88989,5.09597,7.70456
tsb_nb,dead13,0.95,2,13,0.95,26,all,13844,0.93304,0.95987,0.09657,3.00182,0.58127,0.01046,0.18853,0.92474,0.94054,2.78669,3.21566
tsb_nb,dead13,0.95,2,13,0.95,26,smooth,2596,0.95538,0.9407,0.07054,2.06721,0.20029,0.00276,0.06009,0.95017,0.96098,1.89748,2.25924
tsb_nb,dead13,0.95,2,13,0.95,26,erratic,1901,0.90262,0.95137,0.06203,4.20997,0.87316,0.01168,0.08048,0.87971,0.92215,3.7649,4.7922
tsb_nb,dead13,0.95,2,13,0.95,26,intermittent,6539,0.92717,0.96953,0.17239,2.78357,0.66728,0.03206,0.26732,0.90779,0.94397,2.35196,3.28162
tsb_nb,dead13,0.95,2,13,0.95,26,lumpy,2808,0.87025,0.96086,0.1189,6.22277,2.45384,0.04874,0.19694,0.83289,0.90142,5.24479,7.90545
tsb_nb,dead26,0.95,2,13,0.95,26,all,13844,0.93365,0.96334,0.08822,3.08157,0.60542,0.00165,0.07404,0.9254,0.94119,2.85664,3.30126
tsb_nb,dead26,0.95,2,13,0.95,26,smooth,2596,0.9555,0.94166,0.0694,2.08947,0.20628,0.00051,0.01695,0.95031,0.96111,1.9205,2.28374
tsb_nb,dead26,0.95,2,13,0.95,26,erratic,1901,0.9028,0.95273,0.0603,4.29606,0.89049,0.00114,0.01999,0.8799,0.92238,3.82776,4.92439
tsb_nb,dead26,0.95,2,13,0.95,26,intermittent,6539,0.93162,0.97467,0.14332,3.03956,0.75018,0.00729,0.11638,0.91358,0.9476,2.52972,3.61129
tsb_nb,dead26,0.95,2,13,0.95,26,lumpy,2808,0.87317,0.96419,0.10877,6.58619,2.59588,0.00778,0.06481,0.83755,0.90286,5.53384,8.45038
tsb_nb,none,0.99,2,13,0.95,26,all,13844,0.9611,0.98065,0.04655,4.85806,1.32563,0.0,0.0,0.95536,0.96717,4.49241,5.17962
tsb_nb,none,0.99,2,13,0.95,26,smooth,2596,0.97321,0.96757,0.03857,2.99224,0.32314,0.0,0.0,0.96855,0.97801,2.75635,3.24564
tsb_nb,none,0.99,2,13,0.95,26,erratic,1901,0.94497,0.97693,0.02943,7.12179,2.17756,0.0,0.0,0.92872,0.9566,6.26532,8.17708
tsb_nb,none,0.99,2,13,0.95,26,intermittent,6539,0.95671,0.9862,0.07807,4.97882,1.70129,0.0,0.0,0.94294,0.96927,4.05768,6.13193
tsb_nb,none,0.99,2,13,0.95,26,lumpy,2808,0.92673,0.98236,0.0536,11.36026,5.84138,0.0,0.0,0.90285,0.94754,9.57692,14.7623
tsb_nb,quantile,0.99,2,13,0.95,26,all,13844,0.95803,0.97718,0.05492,4.32469,1.09214,0.06597,0.35842,0.9517,0.96393,4.04149,4.61304
tsb_nb,quantile,0.99,2,13,0.95,26,smooth,2596,0.96996,0.96601,0.04043,2.833,0.28665,0.02012,0.15177,0.9636,0.97547,2.63726,3.04224
tsb_nb,quantile,0.99,2,13,0.95,26,erratic,1901,0.9433,0.97267,0.03486,6.35033,1.80641,0.09248,0.34035,0.9268,0.95487,5.65759,7.26748
tsb_nb,quantile,0.99,2,13,0.95,26,intermittent,6539,0.95281,0.98309,0.09569,4.33845,1.4332,0.07896,0.37437,0.93813,0.96572,3.57914,5.24641
tsb_nb,quantile,0.99,2,13,0.95,26,lumpy,2808,0.92087,0.97679,0.07051,8.83663,4.58531,0.31929,0.52457,0.89694,0.94174,7.47015,11.48102
tsb_nb,fixed,0.99,2,13,0.95,26,all,13844,0.95458,0.97297,0.06503,4.31205,0.96951,0.10667,0.38811,0.94878,0.96096,4.03914,4.60991
tsb_nb,fixed,0.99,2,13,0.95,26,smooth,2596,0.97315,0.96713,0.03909,2.95668,0.30904,0.00618,0.08629,0.9685,0.97797,2.723,3.20603
tsb_nb,fixed,0.99,2,13,0.95,26,erratic,1901,0.93652,0.96538,0.04416,6.28378,1.67746,0.15987,0.34456,0.91899,0.94959,5.58749,7.17556
tsb_nb,fixed,0.99,2,13,0.95,26,intermittent,6539,0.94408,0.98011,0.11257,3.86939,0.9825,0.24124,0.46077,0.92873,0.95944,3.26323,4.539
tsb_nb,fixed,0.99,2,13,0.95,26,lumpy,2808,0.88168,0.96691,0.10051,8.31787,3.62058,0.59415,0.52742,0.84503,0.91127,7.03279,10.65724
tsb_nb,dead13,0.99,2,13,0.95,26,all,13844,0.96023,0.97523,0.05961,4.67814,1.25586,0.01843,0.19185,0.95439,0.96636,4.32707,5.0069
tsb_nb,dead13,0.99,2,13,0.95,26,smooth,2596,0.97306,0.96654,0.0398,2.95274,0.30979,0.004,0.06086,0.96843,0.97788,2.71694,3.19186
tsb_nb,dead13,0.99,2,13,0.95,26,erratic,1901,0.94478,0.9752,0.03163,6.93506,2.12492,0.02125,0.08259,0.92852,0.95638,6.11026,7.94558
tsb_nb,dead13,0.99,2,13,0.95,26,intermittent,6539,0.94985,0.97805,0.12421,4.4396,1.48243,0.05053,0.26854,0.93371,0.9634,3.66421,5.32411
tsb_nb,dead13,0.99,2,13,0.95,26,lumpy,2808,0.92274,0.97672,0.07071,10.40059,5.39271,0.09499,0.20833,0.8978,0.94408,8.79565,13.57554
tsb_nb,dead26,0.99,2,13,0.95,26,all,13844,0.96099,0.97939,0.04959,4.8303,1.31939,0.00406,0.0895,0.95525,0.96707,4.46781,5.15268
tsb_nb,dead26,0.99,2,13,0.95,26,smooth,2596,0.9732,0.96752,0.03864,2.98719,0.32301,0.0011,0.0208,0.96855,0.978,2.75085,3.23841
tsb_nb,dead26,0.99,2,13,0.95,26,erratic,1901,0.94495,0.97664,0.0298,7.10296,2.1766,0.00315,0.02578,0.9287,0.95653,6.25375,8.15851
tsb_nb,dead26,0.99,2,13,0.95,26,intermittent,6539,0.95558,0.9841,0.08995,4.86874,1.6622,0.01405,0.13534,0.94166,0.96834,3.96586,5.98298
tsb_nb,dead26,0.99,2,13,0.95,26,lumpy,2808,0.92634,0.98127,0.05689,11.19073,5.7955,0.02224,0.08939,0.90238,0.94713,9.42507,14.52255
tsb_nb,none,0.9,1,13,0.95,26,all,13844,0.91946,0.9494,0.12177,1.75568,0.27973,0.0,0.0,0.91063,0.92707,1.63239,1.88781
tsb_nb,none,0.9,1,13,0.95,26,smooth,2596,0.94553,0.92194,0.09285,1.2604,0.10946,0.0,0.0,0.93924,0.95275,1.15899,1.37495
tsb_nb,none,0.9,1,13,0.95,26,erratic,1901,0.87915,0.9221,0.09937,2.33615,0.39499,0.0,0.0,0.85568,0.90337,2.09831,2.6574
tsb_nb,none,0.9,1,13,0.95,26,intermittent,6539,0.92252,0.96864,0.17742,1.75344,0.35972,0.0,0.0,0.90263,0.93881,1.47085,2.07055
tsb_nb,none,0.9,1,13,0.95,26,lumpy,2808,0.85514,0.94844,0.15661,3.58034,1.13636,0.0,0.0,0.81364,0.88596,3.02772,4.49973
tsb_nb,quantile,0.9,1,13,0.95,26,all,13844,0.91812,0.94809,0.12492,1.68816,0.27322,0.01139,0.13688,0.90948,0.92603,1.57679,1.81452
tsb_nb,quantile,0.9,1,13,0.95,26,smooth,2596,0.9441,0.92096,0.09402,1.22948,0.10715,0.00536,0.08706,0.9367,0.95154,1.133,1.32806
tsb_nb,quantile,0.9,1,13,0.95,26,erratic,1901,0.87829,0.91999,0.10205,2.26021,0.38557,0.01089,0.1252,0.85461,0.9029,2.03252,2.54261
tsb_nb,quantile,0.9,1,13,0.95,26,intermittent,6539,0.9214,0.96757,0.18352,1.66106,0.34654,0.01441,0.13152,0.90131,0.93792,1.41349,1.94528
tsb_nb,quantile,0.9,1,13,0.95,26,lumpy,2808,0.85255,0.94684,0.16148,3.27784,1.11276,0.05763,0.20335,0.8119,0.88214,2.77378,4.13749
tsb_nb,fixed,0.9,1,13,0.95,26,all,13844,0.91932,0.94867,0.12353,1.74157,0.27663,0.00294,0.11832,0.91044,0.92693,1.62029,1.87427
tsb_nb,fixed,0.9,1,13,0.95,26,smooth,2596,0.94551,0.92186,0.09295,1.25842,0.1094,0.0005,0.03313,0.93924,0.95274,1.15669,1.37291
tsb_nb,fixed,0.9,1,13,0.95,26,erratic,1901,0.87913,0.92198,0.09952,2.32542,0.3949,0.0032,0.05418,0.85564,0.90332,2.08839,2.63824
tsb_nb,fixed,0.9,1,13,0.95,26,intermittent,6539,0.92148,0.9677,0.18277,1.70053,0.34244,0.00969,0.15782,0.9013,0.93806,1.43102,2.00566
tsb_nb,fixed,0.9,1,13,0.95,26,lumpy,2808,0.85428,0.94721,0.16035,3.49133,1.11058,0.01568,0.1485,0.81248,0.8852,2.9574,4.40198
tsb_nb,dead13,0.9,1,13,0.95,26,all,13844,0.91899,0.94656,0.12859,1.71425,0.27095,0.00543,0.17509,0.91012,0.92651,1.59711,1.84171
tsb_nb,dead13,0.9,1,13,0.95,26,smooth,2596,0.94545,0.92126,0.09366,1.24711,0.10687,0.0016,0.06009,0.9392,0.95269,1.14644,1.35972
tsb_nb,dead13,0.9,1,13,0.95,26,erratic,1901,0.87903,0.92109,0.10065,2.29284,0.38968,0.00594,0.0747,0.85548,0.90323,2.05622,2.5891
tsb_nb,dead13,0.9,1,13,0.95,26,intermittent,6539,0.91888,0.96426,0.2022,1.60299,0.32223,0.01799,0.25126,0.89824,0.93632,1.36257,1.88936
tsb_nb,dead13,0.9,1,13,0.95,26,lumpy,2808,0.85289,0.94598,0.16409,3.41402,1.09046,0.02333,0.17201,0.81111,0.88379,2.90107,4.29428
tsb_nb,dead26,0.9,1,13,0.95,26,all,13844,0.91944,0.9491,0.12249,1.75267,0.27951,0.00064,0.0489,0.91061,0.92705,1.62959,1.88494
tsb_nb,dead26,0.9,1,13,0.95,26,smooth,2596,0.94553,0.92193,0.09287,1.25951,0.10946,0.00023,0.01464,0.93924,0.95275,1.15774,1.37393
tsb_nb,dead26,0.9,1,13,0.95,26,erratic,1901,0.87915,0.9221,0.09937,2.33427,0.39499,0.00038,0.01526,0.85568,0.90337,2.0967,2.65494
tsb_nb,dead26,0.9,1,13,0.95,26,intermittent,6539,0.92226,0.96813,0.18033,1.73774,0.35741,0.0034,0.07677,0.90236,0.93862,1.46047,2.05211
tsb_nb,dead26,0.9,1,13,0.95,26,lumpy,2808,0.85507,0.94818,0.1574,3.56698,1.13533,0.00261,0.03846,0.81349,0.88587,3.02081,4.4791
tsb_nb,none,0.9,4,13,0.95,26,all,13844,0.88888,0.94354,0.13586,3.60751,0.64584,0.0,0.0,0.87998,0.898,3.33276,3.9099
tsb_nb,none,0.9,4,13,0.95,26,smooth,2596,0.92231,0.90864,0.10868,2.5196,0.25593,0.0,0.0,0.91571,0.93034,2.3006,2.79392
tsb_nb,none,0.9,4,13,0.95,26,erratic,1901,0.84683,0.91665,0.10632,4.97819,0.91216,0.0,0.0,0.81538,0.87021,4.39564,5.74598
tsb_nb,none,0.9,4,13,0.95,26,intermittent,6539,0.88705,0.96533,0.19618,3.324,0.73574,0.0,0.0,0.86331,0.90811,2.82642,3.94486
tsb_nb,none,0.9,4,13,0.95,26,lumpy,2808,0.77732,0.9433,0.17225,7.50466,2.67383,0.0,0.0,0.71974,0.82715,6.29045,9.50006
tsb_nb,quantile,0.9,4,13,0.95,26,all,13844,0.88308,0.94,0.14439,3.15691,0.5815,0.05321,0.24892,0.87323,0.89205,2.9469,3.37621
tsb_nb,quantile,0.9,4,13,0.95,26,smooth,2596,0.91561,0.90562,0.11226,2.28434,0.23817,0.02626,0.15139,0.906,0.9253,2.12686,2.45051
tsb_nb,quantile,0.9,4,13,0.95,26,erratic,1901,0.84238,0.91186,0.11242,4.36784,0.82124,0.07101,0.2546,0.81052,0.86573,3.92068,4.95882
tsb_nb,quantile,0.9,4,13,0.95,26,intermittent,6539,0.88389,0.96239,0.21278,2.92357,0.63238,0.05225,0.23459,0.85926,0.9056,2.52661,3.41711
tsb_nb,quantile,0.9,4,13,0.95,26,lumpy,2808,0.77169,0.93868,0.18626,5.89829,2.3715,0.20126,0.36859,0.71484,0.82158,4.93784,7.44302
tsb_nb,fixed,0.9,4,13,0.95,26,all,13844,0.88658,0.93958,0.1454,3.50235,0.60698,0.01544,0.25975,0.87736,0.89572,3.23831,3.80757
tsb_nb,fixed,0.9,4,13,0.95,26,smooth,2596,0.92226,0.90837,0.10899,2.51021,0.25553,0.0023,0.06626,0.91561,0.93032,2.29251,2.78304
tsb_nb,fixed,0.9,4,13,0.95,26,erratic,1901,0.84551,0.91476,0.10873,4.86569,0.8943,0.01717,0.16991,0.81341,0.86891,4.30639,5.58306
tsb_nb,fixed,0.9,4,13,0.95,26,intermittent,6539,0.88087,0.9612,0.21951,3.01762,0.6116,0.0417,0.31779,0.85671,0.90407,2.57842,3.554
tsb_nb,fixed,0.9,4,13,0.95,26,lumpy,2808,0.75713,0.93488,0.19782,6.84195,2.3313,0.09049,0.36432,0.69562,0.81024,5.75601,8.68563
tsb_nb,dead13,0.9,4,13,0.95,26,all,13844,0.8881,0.93885,0.14714,3.50621,0.62144,0.01232,0.18766,0.87909,0.8971,3.23612,3.81533
tsb_nb,dead13,0.9,4,13,0.95,26,smooth,2596,0.92212,0.90729,0.11028,2.48818,0.24983,0.0037,0.06009,0.91549,0.93013,2.26708,2.75312
tsb_nb,dead13,0.9,4,13,0.95,26,erratic,1901,0.84662,0.91497,0.10845,4.87178,0.89646,0.01401,0.08048,0.81515,0.86992,4.3055,5.57115
tsb_nb,dead13,0.9,4,13,0.95,26,intermittent,6539,0.88164,0.95841,0.23532,2.98342,0.63834,0.03712,0.2664,0.85606,0.90471,2.58382,3.51717
tsb_nb,dead13,0.9,4,13,0.95,26,lumpy,2808,0.77376,0.93867,0.18631,7.06959,2.53533,0.05353,0.1948,0.71444,0.82542,5.952,8.92278
tsb_nb,dead26,0.9,4,13,0.95,26,all,13844,0.88883,0.94286,0.13751,3.59887,0.64468,0.00159,0.07202,0.87993,0.89796,3.3241,3.90249
tsb_nb,dead26,0.9,4,13,0.95,26,smooth,2596,0.92231,0.90862,0.1087,2.51751,0.25593,0.00052,0.01656,0.9157,0.93033,2.29867,2.792
tsb_nb,dead26,0.9,4,13,0.95,26,erratic,1901,0.84683,0.91662,0.10635,4.97269,0.91216,0.00105,0.01946,0.81538,0.87021,4.39029,5.73873
tsb_nb,dead26,0.9,4,13,0.95,26,intermittent,6539,0.88644,0.96415,0.20287,3.28059,0.72446,0.00746,0.11347,0.86261,0.90766,2.78802,3.89408
tsb_nb,dead26,0.9,4,13,0.95,26,lumpy,2808,0.77717,0.9427,0.17407,7.4619,2.66772,0.00714,0.06232,0.71951,0.827,6.25678,9.40381
tsb_nb,none,0.9,2,8,0.95,26,all,13844,0.91123,0.94805,0.12501,2.40111,0.73867,0.0,0.0,0.90249,0.91998,2.22367,2.59995
tsb_nb,none,0.9,2,8,0.95,26,smooth,2596,0.94089,0.91736,0.09831,1.68781,0.29996,0.0,0.0,0.93502,0.94707,1.54773,1.85459
tsb_nb,none,0.9,2,8,0.95,26,erratic,1901,0.86886,0.92255,0.09879,3.26785,1.16234,0.0,0.0,0.83841,0.89358,2.90918,3.75171
tsb_nb,none,0.9,2,8,0.95,26,intermittent,6539,0.91127,0.96785,0.18191,2.3227,0.78424,0.0,0.0,0.89154,0.92859,1.949,2.75645
tsb_nb,none,0.9,2,8,0.95,26,lumpy,2808,0.82847,0.94758,0.15922,4.98181,2.63245,0.0,0.0,0.77944,0.86697,4.19506,6.3099
tsb_nb,quantile,0.9,2,8,0.95,26,all,13844,0.90401,0.94521,0.13184,2.17005,0.6445,0.03053,0.21453,0.89268,0.91393,2.02614,2.32212
tsb_nb,quantile,0.9,2,8,0.95,26,smooth,2596,0.93279,0.91513,0.10095,1.56895,0.25495,0.01514,0.12827,0.92301,0.94188,1.45888,1.68126
tsb_nb,quantile,0.9,2,8,0.95,26,erratic,1901,0.86258,0.91832,0.10418,2.9701,1.03437,0.03819,0.2141,0.82961,0.88776,2.65753,3.36331
tsb_nb,quantile,0.9,2,8,0.95,26,intermittent,6539,0.90852,0.96565,0.19434,2.08925,0.672,0.0319,0.2037,0.88845,0.92652,1.78916,2.45021
tsb_nb,quantile,0.9,2,8,0.95,26,lumpy,2808,0.82138,0.94364,0.17122,4.11374,2.28881,0.12228,0.3198,0.77641,0.86155,3.46828,5.18899
tsb_nb,fixed,0.9,2,8,0.95,26,all,13844,0.91072,0.94646,0.12884,2.37041,0.72405,0.0054,0.16874,0.90197,0.91948,2.19676,2.56804
tsb_nb,fixed,0.9,2,8,0.95,26,smooth,2596,0.94088,0.91723,0.09845,1.68407,0.29941,0.00099,0.0443,0.935,0.94705,1.54466,1.85125
tsb_nb,fixed,0.9,2,8,0.95,26,erratic,1901,0.86878,0.92217,0.09927,3.2451,1.15936,0.00551,0.08837,0.83828,0.89353,2.89306,3.71231
tsb_nb,fixed,0.9,2,8,0.95,26,intermittent,6539,0.90859,0.96592,0.19284,2.20896,0.71936,0.01781,0.21945,0.88818,0.92689,1.8605,2.60497
tsb_nb,fixed,0.9,2,8,0.95,26,lumpy,2808,0.82449,0.94462,0.16822,4.78034,2.50809,0.02929,0.22009,0.77539,0.8642,4.03822,6.05045
tsb_nb,dead13,0.9,2,8,0.95,26,all,13844,0.91064,0.94451,0.13354,2.33923,0.70894,0.00782,0.18412,0.90193,0.91943,2.1746,2.53217
tsb_nb,dead13,0.9,2,8,0.95,26,smooth,2596,0.94077,0.91641,0.09943,1.66842,0.29171,0.00231,0.06009,0.93491,0.94692,1.52713,1.83721
tsb_nb,dead13,0.9,2,8,0.95,26,erratic,1901,0.86871,0.92133,0.10034,3.20293,1.13876,0.00871,0.07838,0.83828,0.89335,2.85708,3.64884
tsb_nb,dead13,0.9,2,8,0.95,26,intermittent,6539,0.90695,0.96245,0.21247,2.10736,0.67381,0.02464,0.26288,0.88514,0.92602,1.79547,2.48956
tsb_nb,dead13,0.9,2,8,0.95,26,lumpy,2808,0.82578,0.9444,0.1689,4.72318,2.479,0.03406,0.18697,0.77761,0.86574,4.00186,5.95485
tsb_nb,dead26,0.9,2,8,0.95,26,all,13844,0.91119,0.94759,0.12613,2.39613,0.73758,0.00098,0.06147,0.90246,0.91994,2.22005,2.59493
tsb_nb,dead26,0.9,2,8,0.95,26,smooth,2596,0.94089,0.91734,0.09833,1.6865,0.29993,0.00033,0.01541,0.93502,0.94707,1.54646,1.85323
tsb_nb,dead26,0.9,2,8,0.95,26,erratic,1901,0.86886,0.92253,0.09882,3.2647,1.16216,0.00061,0.01789,0.83841,0.89358,2.90703,3.74765
tsb_nb,dead26,0.9,2,8,0.95,26,intermittent,6539,0.91088,0.96706,0.18635,2.29682,0.77322,0.0049,0.09757,0.89107,0.9283,1.93021,2.72475
tsb_nb,dead26,0.9,2,8,0.95,26,lumpy,2808,0.82836,0.94716,0.1605,4.95875,2.62788,0.0042,0.0495,0.77932,0.86686,4.18317,6.27792
tsb_nb,none,0.9,2,26,0.95,26,all,13844,0.91123,0.94805,0.12501,2.40111,,0.0,0.0,0.90249,0.91998,2.22367,2.59995
tsb_nb,none,0.9,2,26,0.95,26,smooth,2596,0.94089,0.91736,0.09831,1.68781,,0.0,0.0,0.93502,0.94707,1.54773,1.85459
tsb_nb,none,0.9,2,26,0.95,26,erratic,1901,0.86886,0.92255,0.09879,3.26785,,0.0,0.0,0.83841,0.89358,2.90918,3.75171
tsb_nb,none,0.9,2,26,0.95,26,intermittent,6539,0.91127,0.96785,0.18191,2.3227,,0.0,0.0,0.89154,0.92859,1.949,2.75645
tsb_nb,none,0.9,2,26,0.95,26,lumpy,2808,0.82847,0.94758,0.15922,4.98181,,0.0,0.0,0.77944,0.86697,4.19506,6.3099
tsb_nb,quantile,0.9,2,26,0.95,26,all,13844,0.90977,0.94685,0.1279,2.3177,,0.01332,0.13103,0.90053,0.91855,2.15495,2.50688
tsb_nb,quantile,0.9,2,26,0.95,26,smooth,2596,0.93896,0.91623,0.09964,1.6509,,0.00565,0.08436,0.93213,0.94585,1.51551,1.80876
tsb_nb,quantile,0.9,2,26,0.95,26,erratic,1901,0.86819,0.92102,0.10074,3.17224,,0.01268,0.11468,0.83738,0.89277,2.83509,3.60243
tsb_nb,quantile,0.9,2,26,0.95,26,intermittent,6539,0.9105,0.96686,0.18749,2.20887,,0.01719,0.1228,0.89042,0.92799,1.8698,2.60076
tsb_nb,quantile,0.9,2,26,0.95,26,lumpy,2808,0.8274,0.94605,0.16389,4.60412,,0.07207,0.20442,0.77801,0.86633,3.87725,5.82656
tsb_nb,fixed,0.9,2,26,0.95,26,all,13844,0.91072,0.94646,0.12884,2.37041,,0.0054,0.16874,0.90197,0.91948,2.19676,2.56804
tsb_nb,fixed,0.9,2,26,0.95,26,smooth,2596,0.94088,0.91723,0.09845,1.68407,,0.00099,0.0443,0.935,0.94705,1.54466,1.85125
tsb_nb,fixed,0.9,2,26,0.95,26,erratic,1901,0.86878,0.92217,0.09927,3.2451,,0.00551,0.08837,0.83828,0.89353,2.89306,3.71231
tsb_nb,fixed,0.9,2,26,0.95,26,intermittent,6539,0.90859,0.96592,0.19284,2.20896,,0.01781,0.21945,0.88818,0.92689,1.8605,2.60497
tsb_nb,fixed,0.9,2,26,0.95,26,lumpy,2808,0.82449,0.94462,0.16822,4.78034,,0.02929,0.22009,0.77539,0.8642,4.03822,6.05045
tsb_nb,dead13,0.9,2,26,0.95,26,all,13844,0.91064,0.94451,0.13354,2.33923,,0.00782,0.18412,0.90193,0.91943,2.1746,2.53217
tsb_nb,dead13,0.9,2,26,0.95,26,smooth,2596,0.94077,0.91641,0.09943,1.66842,,0.00231,0.06009,0.93491,0.94692,1.52713,1.83721
tsb_nb,dead13,0.9,2,26,0.95,26,erratic,1901,0.86871,0.92133,0.10034,3.20293,,0.00871,0.07838,0.83828,0.89335,2.85708,3.64884
tsb_nb,dead13,0.9,2,26,0.95,26,intermittent,6539,0.90695,0.96245,0.21247,2.10736,,0.02464,0.26288,0.88514,0.92602,1.79547,2.48956
tsb_nb,dead13,0.9,2,26,0.95,26,lumpy,2808,0.82578,0.9444,0.1689,4.72318,,0.03406,0.18697,0.77761,0.86574,4.00186,5.95485
tsb_nb,dead26,0.9,2,26,0.95,26,all,13844,0.91119,0.94759,0.12613,2.39613,,0.00098,0.06147,0.90246,0.91994,2.22005,2.59493
tsb_nb,dead26,0.9,2,26,0.95,26,smooth,2596,0.94089,0.91734,0.09833,1.6865,,0.00033,0.01541,0.93502,0.94707,1.54646,1.85323
tsb_nb,dead26,0.9,2,26,0.95,26,erratic,1901,0.86886,0.92253,0.09882,3.2647,,0.00061,0.01789,0.83841,0.89358,2.90703,3.74765
tsb_nb,dead26,0.9,2,26,0.95,26,intermittent,6539,0.91088,0.96706,0.18635,2.29682,,0.0049,0.09757,0.89107,0.9283,1.93021,2.72475
tsb_nb,dead26,0.9,2,26,0.95,26,lumpy,2808,0.82836,0.94716,0.1605,4.95875,,0.0042,0.0495,0.77932,0.86686,4.18317,6.27792
tsb_nb,none,0.9,2,13,0.9,26,all,13844,0.91123,0.94805,0.12501,2.40111,0.42939,0.0,0.0,0.90249,0.91998,2.22367,2.59995
tsb_nb,none,0.9,2,13,0.9,26,smooth,2596,0.94089,0.91736,0.09831,1.68781,0.17012,0.0,0.0,0.93502,0.94707,1.54773,1.85459
tsb_nb,none,0.9,2,13,0.9,26,erratic,1901,0.86886,0.92255,0.09879,3.26785,0.61788,0.0,0.0,0.83841,0.89358,2.90918,3.75171
tsb_nb,none,0.9,2,13,0.9,26,intermittent,6539,0.91127,0.96785,0.18191,2.3227,0.50909,0.0,0.0,0.89154,0.92859,1.949,2.75645
tsb_nb,none,0.9,2,13,0.9,26,lumpy,2808,0.82847,0.94758,0.15922,4.98181,1.72228,0.0,0.0,0.77944,0.86697,4.19506,6.3099
tsb_nb,quantile,0.9,2,13,0.9,26,all,13844,0.90347,0.94481,0.13282,2.16968,0.3987,0.03176,0.21461,0.89201,0.91368,2.02974,2.32387
tsb_nb,quantile,0.9,2,13,0.9,26,smooth,2596,0.93247,0.9149,0.10122,1.57372,0.16112,0.01526,0.12173,0.92247,0.94176,1.46225,1.68652
tsb_nb,quantile,0.9,2,13,0.9,26,erratic,1901,0.86171,0.91722,0.10559,2.96449,0.56913,0.04089,0.21988,0.82839,0.88694,2.65122,3.35242
tsb_nb,quantile,0.9,2,13,0.9,26,intermittent,6539,0.9082,0.96542,0.19567,2.08417,0.45264,0.03234,0.20232,0.88815,0.92636,1.78762,2.44168
tsb_nb,quantile,0.9,2,13,0.9,26,lumpy,2808,0.82011,0.94313,0.17274,4.09545,1.60663,0.12763,0.3255,0.77608,0.86118,3.45998,5.16705
tsb_nb,fixed,0.9,2,13,0.9,26,all,13844,0.91072,0.94646,0.12884,2.37041,0.41971,0.0054,0.16874,0.90197,0.91948,2.19676,2.56804
tsb_nb,fixed,0.9,2,13,0.9,26,smooth,2596,0.94088,0.91723,0.09845,1.68407,0.16996,0.00099,0.0443,0.935,0.94705,1.54466,1.85125
tsb_nb,fixed,0.9,2,13,0.9,26,erratic,1901,0.86878,0.92217,0.09927,3.2451,0.6174,0.00551,0.08837,0.83828,0.89353,2.89306,3.71231
tsb_nb,fixed,0.9,2,13,0.9,26,intermittent,6539,0.90859,0.96592,0.19284,2.20896,0.46703,0.01781,0.21945,0.88818,0.92689,1.8605,2.60497
tsb_nb,fixed,0.9,2,13,0.9,26,lumpy,2808,0.82449,0.94462,0.16822,4.78034,1.63239,0.02929,0.22009,0.77539,0.8642,4.03822,6.05045
tsb_nb,dead13,0.9,2,13,0.9,26,all,13844,0.91064,0.94451,0.13354,2.33923,0.41522,0.00782,0.18412,0.90193,0.91943,2.1746,2.53217
tsb_nb,dead13,0.9,2,13,0.9,26,smooth,2596,0.94077,0.91641,0.09943,1.66842,0.16628,0.00231,0.06009,0.93491,0.94692,1.52713,1.83721
tsb_nb,dead13,0.9,2,13,0.9,26,erratic,1901,0.86871,0.92133,0.10034,3.20293,0.60902,0.00871,0.07838,0.83828,0.89335,2.85708,3.64884
tsb_nb,dead13,0.9,2,13,0.9,26,intermittent,6539,0.90695,0.96245,0.21247,2.10736,0.45096,0.02464,0.26288,0.88514,0.92602,1.79547,2.48956
tsb_nb,dead13,0.9,2,13,0.9,26,lumpy,2808,0.82578,0.9444,0.1689,4.72318,1.6444,0.03406,0.18697,0.77761,0.86574,4.00186,5.95485
tsb_nb,dead26,0.9,2,13,0.9,26,all,13844,0.91119,0.94759,0.12613,2.39613,0.42887,0.00098,0.06147,0.90246,0.91994,2.22005,2.59493
tsb_nb,dead26,0.9,2,13,0.9,26,smooth,2596,0.94089,0.91734,0.09833,1.6865,0.17012,0.00033,0.01541,0.93502,0.94707,1.54646,1.85323
tsb_nb,dead26,0.9,2,13,0.9,26,erratic,1901,0.86886,0.92253,0.09882,3.2647,0.61788,0.00061,0.01789,0.83841,0.89358,2.90703,3.74765
tsb_nb,dead26,0.9,2,13,0.9,26,intermittent,6539,0.91088,0.96706,0.18635,2.29682,0.50362,0.0049,0.09757,0.89107,0.9283,1.93021,2.72475
tsb_nb,dead26,0.9,2,13,0.9,26,lumpy,2808,0.82836,0.94716,0.1605,4.95875,1.71985,0.0042,0.0495,0.77932,0.86686,4.18317,6.27792
tsb_nb,none,0.9,2,13,0.99,26,all,13844,0.91123,0.94805,0.12501,2.40111,0.42939,0.0,0.0,0.90249,0.91998,2.22367,2.59995
tsb_nb,none,0.9,2,13,0.99,26,smooth,2596,0.94089,0.91736,0.09831,1.68781,0.17012,0.0,0.0,0.93502,0.94707,1.54773,1.85459
tsb_nb,none,0.9,2,13,0.99,26,erratic,1901,0.86886,0.92255,0.09879,3.26785,0.61788,0.0,0.0,0.83841,0.89358,2.90918,3.75171
tsb_nb,none,0.9,2,13,0.99,26,intermittent,6539,0.91127,0.96785,0.18191,2.3227,0.50909,0.0,0.0,0.89154,0.92859,1.949,2.75645
tsb_nb,none,0.9,2,13,0.99,26,lumpy,2808,0.82847,0.94758,0.15922,4.98181,1.72228,0.0,0.0,0.77944,0.86697,4.19506,6.3099
tsb_nb,quantile,0.9,2,13,0.99,26,all,13844,0.91082,0.94737,0.12665,2.34547,0.42609,0.0087,0.11247,0.90215,0.91965,2.17868,2.54158
tsb_nb,quantile,0.9,2,13,0.99,26,smooth,2596,0.94044,0.91664,0.09916,1.66317,0.16872,0.00341,0.07473,0.93459,0.94665,1.52253,1.82948
tsb_nb,quantile,0.9,2,13,0.99,26,erratic,1901,0.86864,0.92179,0.09976,3.20352,0.6141,0.00894,0.09258,0.83803,0.89332,2.86042,3.64832
tsb_nb,quantile,0.9,2,13,0.99,26,intermittent,6539,0.91077,0.96725,0.18529,2.24031,0.50039,0.01219,0.10552,0.89082,0.9282,1.89177,2.64759
tsb_nb,quantile,0.9,2,13,0.99,26,lumpy,2808,0.82792,0.94681,0.16158,4.73711,1.71015,0.04618,0.17699,0.77879,0.86659,3.98929,6.0014
tsb_nb,fixed,0.9,2,13,0.99,26,all,13844,0.91072,0.94646,0.12884,2.37041,0.41971,0.0054,0.16874,0.90197,0.91948,2.19676,2.56804
tsb_nb,fixed,0.9,2,13,0.99,26,smooth,2596,0.94088,0.91723,0.09845,1.68407,0.16996,0.00099,0.0443,0.935,0.94705,1.54466,1.85125
tsb_nb,fixed,0.9,2,13,0.99,26,erratic,1901,0.86878,0.92217,0.09927,3.2451,0.6174,0.00551,0.08837,0.83828,0.89353,2.89306,3.71231
tsb_nb,fixed,0.9,2,13,0.99,26,intermittent,6539,0.90859,0.96592,0.19284,2.20896,0.46703,0.01781,0.21945,0.88818,0.92689,1.8605,2.60497
tsb_nb,fixed,0.9,2,13,0.99,26,lumpy,2808,0.82449,0.94462,0.16822,4.78034,1.63239,0.02929,0.22009,0.77539,0.8642,4.03822,6.05045
tsb_nb,dead13,0.9,2,13,0.99,26,all,13844,0.91064,0.94451,0.13354,2.33923,0.41522,0.00782,0.18412,0.90193,0.91943,2.1746,2.53217
tsb_nb,dead13,0.9,2,13,0.99,26,smooth,2596,0.94077,0.91641,0.09943,1.66842,0.16628,0.00231,0.06009,0.93491,0.94692,1.52713,1.83721
tsb_nb,dead13,0.9,2,13,0.99,26,erratic,1901,0.86871,0.92133,0.10034,3.20293,0.60902,0.00871,0.07838,0.83828,0.89335,2.85708,3.64884
tsb_nb,dead13,0.9,2,13,0.99,26,intermittent,6539,0.90695,0.96245,0.21247,2.10736,0.45096,0.02464,0.26288,0.88514,0.92602,1.79547,2.48956
tsb_nb,dead13,0.9,2,13,0.99,26,lumpy,2808,0.82578,0.9444,0.1689,4.72318,1.6444,0.03406,0.18697,0.77761,0.86574,4.00186,5.95485
tsb_nb,dead26,0.9,2,13,0.99,26,all,13844,0.91119,0.94759,0.12613,2.39613,0.42887,0.00098,0.06147,0.90246,0.91994,2.22005,2.59493
tsb_nb,dead26,0.9,2,13,0.99,26,smooth,2596,0.94089,0.91734,0.09833,1.6865,0.17012,0.00033,0.01541,0.93502,0.94707,1.54646,1.85323
tsb_nb,dead26,0.9,2,13,0.99,26,erratic,1901,0.86886,0.92253,0.09882,3.2647,0.61788,0.00061,0.01789,0.83841,0.89358,2.90703,3.74765
tsb_nb,dead26,0.9,2,13,0.99,26,intermittent,6539,0.91088,0.96706,0.18635,2.29682,0.50362,0.0049,0.09757,0.89107,0.9283,1.93021,2.72475
tsb_nb,dead26,0.9,2,13,0.99,26,lumpy,2808,0.82836,0.94716,0.1605,4.95875,1.71985,0.0042,0.0495,0.77932,0.86686,4.18317,6.27792
tsb_nb,none,0.9,2,13,0.95,13,all,13844,0.91123,0.94805,0.12501,2.40111,0.42939,0.0,0.0,0.90249,0.91998,2.22367,2.59995
tsb_nb,none,0.9,2,13,0.95,13,smooth,2596,0.94089,0.91736,0.09831,1.68781,0.17012,0.0,0.0,0.93502,0.94707,1.54773,1.85459
tsb_nb,none,0.9,2,13,0.95,13,erratic,1901,0.86886,0.92255,0.09879,3.26785,0.61788,0.0,0.0,0.83841,0.89358,2.90918,3.75171
tsb_nb,none,0.9,2,13,0.95,13,intermittent,6539,0.91127,0.96785,0.18191,2.3227,0.50909,0.0,0.0,0.89154,0.92859,1.949,2.75645
tsb_nb,none,0.9,2,13,0.95,13,lumpy,2808,0.82847,0.94758,0.15922,4.98181,1.72228,0.0,0.0,0.77944,0.86697,4.19506,6.3099
tsb_nb,quantile,0.9,2,13,0.95,13,all,13844,0.90674,0.94616,0.12956,2.24617,0.41204,0.02283,0.17697,0.8965,0.91531,2.0942,2.41545
tsb_nb,quantile,0.9,2,13,0.95,13,smooth,2596,0.93519,0.91569,0.10029,1.60706,0.16466,0.01156,0.10401,0.92719,0.94313,1.48463,1.73969
tsb_nb,quantile,0.9,2,13,0.95,13,erratic,1901,0.86604,0.9198,0.10229,3.08967,0.59171,0.02476,0.16938,0.83378,0.89069,2.76435,3.48747
tsb_nb,quantile,0.9,2,13,0.95,13,intermittent,6539,0.90967,0.96635,0.1904,2.14828,0.47545,0.02512,0.16944,0.88964,0.92728,1.83055,2.52285
tsb_nb,quantile,0.9,2,13,0.95,13,lumpy,2808,0.82528,0.94517,0.16654,4.34728,1.65631,0.10184,0.26709,0.77727,0.86331,3.67012,5.49104
tsb_nb,fixed,0.9,2,13,0.95,13,all,13844,0.90751,0.94372,0.13544,2.28539,0.38328,0.01636,0.28077,0.89796,0.91659,2.12295,2.45937
tsb_nb,fixed,0.9,2,13,0.95,13,smooth,2596,0.94083,0.91688,0.09887,1.67984,0.16986,0.00184,0.08089,0.93491,0.94697,1.54099,1.84707
tsb_nb,fixed,0.9,2,13,0.95,13,erratic,1901,0.86555,0.91987,0.1022,3.11959,0.58188,0.01884,0.24408,0.83404,0.89042,2.77552,3.55528
tsb_nb,fixed,0.9,2,13,0.95,13,intermittent,6539,0.90306,0.96377,0.205,2.05338,0.40278,0.0399,0.31014,0.88166,0.92305,1.74152,2.40459
tsb_nb,fixed,0.9,2,13,0.95,13,lumpy,2808,0.79859,0.93797,0.18843,4.26547,1.33286,0.10172,0.42201,0.74302,0.84272,3.62219,5.38717
tsb_nb,dead13,0.9,2,13,0.95,13,all,13844,0.91064,0.94451,0.13354,2.33923,0.41522,0.00782,0.18412,0.90193,0.91943,2.1746,2.53217
tsb_nb,dead13,0.9,2,13,0.95,13,smooth,2596,0.94077,0.91641,0.09943,1.66842,0.16628,0.00231,0.06009,0.93491,0.94692,1.52713,1.83721
tsb_nb,dead13,0.9,2,13,0.95,13,erratic,1901,0.86871,0.92133,0.10034,3.20293,0.60902,0.00871,0.07838,0.83828,0.89335,2.85708,3.64884
tsb_nb,dead13,0.9,2,13,0.95,13,intermittent,6539,0.90695,0.96245,0.21247,2.10736,0.45096,0.02464,0.26288,0.88514,0.92602,1.79547,2.48956
tsb_nb,dead13,0.9,2,13,0.95,13,lumpy,2808,0.82578,0.9444,0.1689,4.72318,1.6444,0.03406,0.18697,0.77761,0.86574,4.00186,5.95485
tsb_nb,dead26,0.9,2,13,0.95,13,all,13844,0.91119,0.94759,0.12613,2.39613,0.42887,0.00098,0.06147,0.90246,0.91994,2.22005,2.59493
tsb_nb,dead26,0.9,2,13,0.95,13,smooth,2596,0.94089,0.91734,0.09833,1.6865,0.17012,0.00033,0.01541,0.93502,0.94707,1.54646,1.85323
tsb_nb,dead26,0.9,2,13,0.95,13,erratic,1901,0.86886,0.92253,0.09882,3.2647,0.61788,0.00061,0.01789,0.83841,0.89358,2.90703,3.74765
tsb_nb,dead26,0.9,2,13,0.95,13,intermittent,6539,0.91088,0.96706,0.18635,2.29682,0.50362,0.0049,0.09757,0.89107,0.9283,1.93021,2.72475
tsb_nb,dead26,0.9,2,13,0.95,13,lumpy,2808,0.82836,0.94716,0.1605,4.95875,1.71985,0.0042,0.0495,0.77932,0.86686,4.18317,6.27792
tsb_nb,none,0.9,2,13,0.95,52,all,13844,0.91123,0.94805,0.12501,2.40111,0.42939,0.0,0.0,0.90249,0.91998,2.22367,2.59995
tsb_nb,none,0.9,2,13,0.95,52,smooth,2596,0.94089,0.91736,0.09831,1.68781,0.17012,0.0,0.0,0.93502,0.94707,1.54773,1.85459
tsb_nb,none,0.9,2,13,0.95,52,erratic,1901,0.86886,0.92255,0.09879,3.26785,0.61788,0.0,0.0,0.83841,0.89358,2.90918,3.75171
tsb_nb,none,0.9,2,13,0.95,52,intermittent,6539,0.91127,0.96785,0.18191,2.3227,0.50909,0.0,0.0,0.89154,0.92859,1.949,2.75645
tsb_nb,none,0.9,2,13,0.95,52,lumpy,2808,0.82847,0.94758,0.15922,4.98181,1.72228,0.0,0.0,0.77944,0.86697,4.19506,6.3099
tsb_nb,quantile,0.9,2,13,0.95,52,all,13844,0.90674,0.94616,0.12956,2.24617,0.41204,0.02283,0.17697,0.8965,0.91531,2.0942,2.41545
tsb_nb,quantile,0.9,2,13,0.95,52,smooth,2596,0.93519,0.91569,0.10029,1.60706,0.16466,0.01156,0.10401,0.92719,0.94313,1.48463,1.73969
tsb_nb,quantile,0.9,2,13,0.95,52,erratic,1901,0.86604,0.9198,0.10229,3.08967,0.59171,0.02476,0.16938,0.83378,0.89069,2.76435,3.48747
tsb_nb,quantile,0.9,2,13,0.95,52,intermittent,6539,0.90967,0.96635,0.1904,2.14828,0.47545,0.02512,0.16944,0.88964,0.92728,1.83055,2.52285
tsb_nb,quantile,0.9,2,13,0.95,52,lumpy,2808,0.82528,0.94517,0.16654,4.34728,1.65631,0.10184,0.26709,0.77727,0.86331,3.67012,5.49104
tsb_nb,fixed,0.9,2,13,0.95,52,all,13844,0.9111,0.94736,0.12666,2.38407,0.42637,0.0035,0.10517,0.90237,0.91985,2.20963,2.58228
tsb_nb,fixed,0.9,2,13,0.95,52,smooth,2596,0.94088,0.91729,0.09839,1.68514,0.16998,0.00063,0.02966,0.93501,0.94706,1.54542,1.85235
tsb_nb,fixed,0.9,2,13,0.95,52,erratic,1901,0.86885,0.92246,0.09891,3.25424,0.61778,0.0042,0.04945,0.8384,0.89358,2.90054,3.72757
tsb_nb,fixed,0.9,2,13,0.95,52,intermittent,6539,0.91049,0.96692,0.18718,2.27297,0.49434,0.00894,0.13978,0.89078,0.92802,1.91262,2.69347
tsb_nb,fixed,0.9,2,13,0.95,52,lumpy,2808,0.82755,0.9465,0.16251,4.86727,1.69598,0.01896,0.13212,0.77836,0.86642,4.11051,6.15318
tsb_nb,dead13,0.9,2,13,0.95,52,all,13844,0.91064,0.94451,0.13354,2.33923,0.41522,0.00782,0.18412,0.90193,0.91943,2.1746,2.53217
tsb_nb,dead13,0.9,2,13,0.95,52,smooth,2596,0.94077,0.91641,0.09943,1.66842,0.16628,0.00231,0.06009,0.93491,0.94692,1.52713,1.83721
tsb_nb,dead13,0.9,2,13,0.95,52,erratic,1901,0.86871,0.92133,0.10034,3.20293,0.60902,0.00871,0.07838,0.83828,0.89335,2.85708,3.64884
tsb_nb,dead13,0.9,2,13,0.95,52,intermittent,6539,0.90695,0.96245,0.21247,2.10736,0.45096,0.02464,0.26288,0.88514,0.92602,1.79547,2.48956
tsb_nb,dead13,0.9,2,13,0.95,52,lumpy,2808,0.82578,0.9444,0.1689,4.72318,1.6444,0.03406,0.18697,0.77761,0.86574,4.00186,5.95485
tsb_nb,dead26,0.9,2,13,0.95,52,all,13844,0.91119,0.94759,0.12613,2.39613,0.42887,0.00098,0.06147,0.90246,0.91994,2.22005,2.59493
tsb_nb,dead26,0.9,2,13,0.95,52,smooth,2596,0.94089,0.91734,0.09833,1.6865,0.17012,0.00033,0.01541,0.93502,0.94707,1.54646,1.85323
tsb_nb,dead26,0.9,2,13,0.95,52,erratic,1901,0.86886,0.92253,0.09882,3.2647,0.61788,0.00061,0.01789,0.83841,0.89358,2.90703,3.74765
tsb_nb,dead26,0.9,2,13,0.95,52,intermittent,6539,0.91088,0.96706,0.18635,2.29682,0.50362,0.0049,0.09757,0.89107,0.9283,1.93021,2.72475
tsb_nb,dead26,0.9,2,13,0.95,52,lumpy,2808,0.82836,0.94716,0.1605,4.95875,1.71985,0.0042,0.0495,0.77932,0.86686,4.18317,6.27792
ets,none,0.5,2,13,0.95,26,all,13844,0.8017,0.87391,0.30342,1.33524,0.28436,0.0,0.0,0.79121,0.81008,1.19836,1.47524
ets,none,0.5,2,13,0.95,26,smooth,2596,0.84147,0.74771,0.30011,0.88597,0.10966,0.0,0.0,0.83576,0.84879,0.76574,1.01183
ets,none,0.5,2,13,0.95,26,erratic,1901,0.74095,0.78136,0.27888,1.82953,0.40893,0.0,0.0,0.71257,0.76685,1.52661,2.19314
ets,none,0.5,2,13,0.95,26,intermittent,6539,0.80985,0.94159,0.3305,1.39829,0.45683,0.0,0.0,0.78323,0.82961,1.12558,1.73071
ets,none,0.5,2,13,0.95,26,lumpy,2808,0.69818,0.89566,0.31696,3.05088,1.06908,0.0,0.0,0.65129,0.7354,2.51406,3.91361
ets,quantile,0.5,2,13,0.95,26,all,13844,0.80145,0.87379,0.30371,1.3251,0.27987,0.00087,0.01878,0.79077,0.80998,1.1899,1.46064
ets,quantile,0.5,2,13,0.95,26,smooth,2596,0.84147,0.74771,0.30011,0.88553,0.10966,0.0001,0.00077,0.83576,0.84879,0.76574,1.01145
ets,quantile,0.5,2,13,0.95,26,erratic,1901,0.74067,0.78129,0.27897,1.8219,0.40673,0.00067,0.00421,0.71223,0.76619,1.5219,2.18038
ets,quantile,0.5,2,13,0.95,26,intermittent,6539,0.80916,0.94137,0.33172,1.34061,0.42747,0.00464,0.03395,0.78246,0.82896,1.08753,1.66115
ets,quantile,0.5,2,13,0.95,26,lumpy,2808,0.69634,0.89561,0.31711,2.99466,1.04162,0.00459,0.00997,0.64942,0.73379,2.45844,3.81004
ets,fixed,0.5,2,13,0.95,26,all,13844,0.80149,0.87195,0.30814,1.31439,0.27091,0.00561,0.32353,0.7909,0.80992,1.18033,1.453
ets,fixed,0.5,2,13,0.95,26,smooth,2596,0.84147,0.74764,0.30019,0.88536,0.10964,0.00028,0.03621,0.83576,0.84879,0.76529,1.01097
ets,fixed,0.5,2,13,0.95,26,erratic,1901,0.74094,0.78117,0.27913,1.82201,0.407,0.00239,0.05892,0.71256,0.76684,1.51361,2.18408
ets,fixed,0.5,2,13,0.95,26,intermittent,6539,0.80796,0.93833,0.34895,1.22298,0.32709,0.05017,0.49962,0.78092,0.82833,0.98564,1.51517
ets,fixed,0.5,2,13,0.95,26,lumpy,2808,0.697,0.89378,0.32266,2.94975,1.00405,0.02269,0.35826,0.65005,0.73439,2.39963,3.78583
ets,dead13,0.5,2,13,0.95,26,all,13844,0.80106,0.8689,0.31548,1.28414,0.26564,0.0052,0.19272,0.79052,0.80959,1.15456,1.42154
ets,dead13,0.5,2,13,0.95,26,smooth,2596,0.84132,0.74664,0.30138,0.87511,0.10865,0.00142,0.06125,0.83562,0.84862,0.75658,0.99805
ets,dead13,0.5,2,13,0.95,26,erratic,1901,0.74083,0.78016,0.28041,1.78305,0.40367,0.00601,0.08522,0.71242,0.76672,1.48183,2.14222
ets,dead13,0.5,2,13,0.95,26,intermittent,6539,0.80474,0.93376,0.37479,1.11437,0.29277,0.01766,0.26854,0.77664,0.82567,0.90217,1.37476
ets,dead13,0.5,2,13,0.95,26,lumpy,2808,0.69539,0.89098,0.33117,2.85714,0.98209,0.02167,0.21047,0.64765,0.7324,2.33064,3.6851
ets,dead26,0.5,2,13,0.95,26,all,13844,0.80156,0.87195,0.30814,1.32062,0.27354,0.00061,0.11124,0.79107,0.80995,1.18552,1.46078
ets,dead26,0.5,2,13,0.95,26,smooth,2596,0.84147,0.74762,0.30021,0.88562,0.10964,7e-05,0.02273,0.83576,0.84879,0.76546,1.01137
ets,dead26,0.5,2,13,0.95,26,erratic,1901,0.74094,0.78124,0.27904,1.82651,0.40746,0.0003,0.03156,0.71257,0.76684,1.5217,2.18841
ets,dead26,0.5,2,13,0.95,26,intermittent,6539,0.80813,0.9383,0.34911,1.25265,0.33938,0.00403,0.16532,0.78113,0.82841,1.00576,1.56212
ets,dead26,0.5,2,13,0.95,26,lumpy,2808,0.69775,0.89381,0.32256,2.98972,1.02702,0.00317,0.12108,0.65074,0.73503,2.44516,3.83243
ets,none,0.8,2,13,0.95,26,all,13844,0.89209,0.94206,0.13944,2.20836,0.51462,0.0,0.0,0.88205,0.90061,2.02851,2.40723
ets,none,0.8,2,13,0.95,26,smooth,2596,0.9207,0.89032,0.13046,1.42411,0.15516,0.0,0.0,0.91517,0.92644,1.28453,1.57061
ets,none,0.8,2,13,0.95,26,erratic,1901,0.85302,0.91784,0.10479,3.11359,0.74836,0.0,0.0,0.82831,0.8763,2.73451,3.6421
ets,none,0.8,2,13,0.95,26,intermittent,6539,0.88906,0.96683,0.18769,2.32878,0.82579,0.0,0.0,0.86925,0.90495,1.89419,2.83509
ets,none,0.8,2,13,0.95,26,lumpy,2808,0.8085,0.94859,0.15617,5.04708,2.24289,0.0,0.0,0.76937,0.83773,4.21048,6.4454
ets,quantile,0.8,2,13,0.95,26,all,13844,0.8918,0.94195,0.1397,2.1961,0.5093,0.00106,0.01914,0.88156,0.90035,2.0176,2.38479
ets,quantile,0.8,2,13,0.95,26,smooth,2596,0.9207,0.89032,0.13046,1.42359,0.15516,0.00011,0.00077,0.91517,0.92644,1.28357,1.56961
ets,quantile,0.8,2,13,0.95,26,erratic,1901,0.85252,0.91775,0.10492,3.09977,0.74456,0.00121,0.00473,0.82747,0.8755,2.72132,3.63467
ets,quantile,0.8,2,13,0.95,26,intermittent,6539,0.88846,0.96665,0.18871,2.27107,0.79498,0.00478,0.0341,0.86865,0.90419,1.86351,2.76103
ets,quantile,0.8,2,13,0.95,26,lumpy,2808,0.80693,0.94854,0.15632,4.98534,2.21143,0.00497,0.01104,0.76767,0.8376,4.18881,6.34468
ets,fixed,0.8,2,13,0.95,26,all,13844,0.8911,0.9381,0.14897,2.08067,0.41664,0.03525,0.39598,0.88092,0.89973,1.91107,2.25872
ets,fixed,0.8,2,13,0.95,26,smooth,2596,0.92068,0.89006,0.13078,1.41574,0.15113,0.00275,0.047,0.91516,0.92639,1.276,1.55981
ets,fixed,0.8,2,13,0.95,26,erratic,1901,0.85258,0.91619,0.1069,3.00323,0.68231,0.02581,0.12941,0.82786,0.8759,2.61959,3.51638
ets,fixed,0.8,2,13,0.95,26,intermittent,6539,0.88396,0.96198,0.21514,1.8919,0.48363,0.12694,0.57623,0.86325,0.90034,1.54916,2.29652
ets,fixed,0.8,2,13,0.95,26,lumpy,2808,0.80145,0.94172,0.17702,4.17922,1.49894,0.24735,0.47934,0.76042,0.83145,3.45097,5.19413
ets,dead13,0.8,2,13,0.95,26,all,13844,0.89118,0.93584,0.1544,2.05733,0.41134,0.00875,0.19272,0.88109,0.89956,1.89017,2.23882
ets,dead13,0.8,2,13,0.95,26,smooth,2596,0.92055,0.8892,0.1318,1.40105,0.14639,0.00218,0.06125,0.91496,0.92629,1.2655,1.54319
ets,dead13,0.8,2,13,0.95,26,erratic,1901,0.85283,0.91619,0.1069,2.97236,0.66072,0.01052,0.08522,0.82816,0.87615,2.58779,3.48257
ets,dead13,0.8,2,13,0.95,26,intermittent,6539,0.88182,0.95778,0.23886,1.77197,0.43333,0.02522,0.26854,0.85994,0.89845,1.45771,2.15581
ets,dead13,0.8,2,13,0.95,26,lumpy,2808,0.80424,0.94116,0.17874,4.1921,1.58207,0.0404,0.21047,0.76541,0.83306,3.47089,5.24386
ets,dead26,0.8,2,13,0.95,26,all,13844,0.89184,0.93958,0.14541,2.13567,0.45801,0.00294,0.11124,0.8818,0.90035,1.95511,2.3323
ets,dead26,0.8,2,13,0.95,26,smooth,2596,0.92069,0.8902,0.13061,1.41991,0.15392,0.00056,0.02273,0.91516,0.92643,1.2813,1.56521
ets,dead26,0.8,2,13,0.95,26,erratic,1901,0.85301,0.91763,0.10507,3.07825,0.73247,0.0039,0.03156,0.82831,0.87628,2.70441,3.58229
ets,dead26,0.8,2,13,0.95,26,intermittent,6539,0.88634,0.9631,0.20881,1.98469,0.53394,0.00776,0.16532,0.8667,0.90244,1.60882,2.40785
ets,dead26,0.8,2,13,0.95,26,lumpy,2808,0.80754,0.94532,0.1661,4.5291,1.80221,0.01423,0.12108,0.76812,0.83677,3.77677,5.69846
ets,none,0.9,2,13,0.95,26,all,13844,0.91705,0.95838,0.10016,2.73814,0.65624,0.0,0.0,0.90801,0.92542,2.52919,2.96591
ets,none,0.9,2,13,0.95,26,smooth,2596,0.94158,0.92527,0.08889,1.77007,0.18112,0.0,0.0,0.936,0.94701,1.61858,1.93499
ets,none,0.9,2,13,0.95,26,erratic,1901,0.88432,0.9423,0.07359,3.87556,0.97138,0.0,0.0,0.8628,0.90433,3.38726,4.51487
ets,none,0.9,2,13,0.95,26,intermittent,6539,0.91285,0.97492,0.14191,2.88924,1.05354,0.0,0.0,0.89503,0.92614,2.35278,3.51207
ets,none,0.9,2,13,0.95,26,lumpy,2808,0.84396,0.96136,0.11737,6.17052,2.93033,0.0,0.0,0.80974,0.87177,5.16239,7.83965
ets,quantile,0.9,2,13,0.95,26,all,13844,0.91675,0.95828,0.10039,2.72453,0.65049,0.0012,0.01979,0.90759,0.92506,2.52011,2.94634
ets,quantile,0.9,2,13,0.95,26,smooth,2596,0.94158,0.92527,0.08889,1.76948,0.18112,0.00012,0.00077,0.936,0.94701,1.61847,1.93426
ets,quantile,0.9,2,13,0.95,26,erratic,1901,0.88373,0.94221,0.07372,3.85775,0.96671,0.00159,0.00579,0.8619,0.90353,3.36664,4.49094
ets,quantile,0.9,2,13,0.95,26,intermittent,6539,0.91229,0.97475,0.14285,2.83293,1.02223,0.0049,0.03456,0.89453,0.92537,2.32213,3.43423
ets,quantile,0.9,2,13,0.95,26,lumpy,2808,0.84255,0.96133,0.11747,6.10453,2.89647,0.0053,0.01246,0.80684,0.87163,5.11999,7.73813
ets,fixed,0.9,2,13,0.95,26,all,13844,0.9155,0.95352,0.11186,2.5377,0.50117,0.05443,0.42423,0.90629,0.92386,2.35155,2.73644
ets,fixed,0.9,2,13,0.95,26,smooth,2596,0.94154,0.92495,0.08927,1.75699,0.17472,0.00419,0.05508,0.93598,0.947,1.60574,1.92213
ets,fixed,0.9,2,13,0.95,26,erratic,1901,0.88334,0.93994,0.07661,3.67837,0.85,0.0439,0.16307,0.8618,0.90344,3.2414,4.27393
ets,fixed,0.9,2,13,0.95,26,intermittent,6539,0.90655,0.96923,0.17412,2.27257,0.56945,0.17719,0.60651,0.88746,0.92095,1.8642,2.71949
ets,fixed,0.9,2,13,0.95,26,lumpy,2808,0.83258,0.95254,0.14417,4.83615,1.76593,0.38329,0.51781,0.79548,0.86162,4.01597,6.04133
ets,dead13,0.9,2,13,0.95,26,all,13844,0.91604,0.95167,0.1163,2.53294,0.5065,0.01063,0.19272,0.90702,0.92421,2.34653,2.73749
ets,dead13,0.9,2,13,0.95,26,smooth,2596,0.9414,0.92413,0.09025,1.74062,0.16827,0.00259,0.06125,0.93577,0.94681,1.59101,1.90119
ets,dead13,0.9,2,13,0.95,26,erratic,1901,0.88413,0.94061,0.07576,3.68442,0.84004,0.01289,0.08522,0.86259,0.90418,3.25623,4.25594
ets,dead13,0.9,2,13,0.95,26,intermittent,6539,0.90491,0.96517,0.19705,2.17017,0.5239,0.02951,0.26854,0.88535,0.91886,1.80266,2.61837
ets,dead13,0.9,2,13,0.95,26,lumpy,2808,0.83917,0.95319,0.1422,4.9618,1.9567,0.05019,0.21047,0.80348,0.8666,4.12956,6.24119
ets,dead26,0.9,2,13,0.95,26,all,13844,0.91676,0.95566,0.1067,2.6337,0.57439,0.00419,0.11124,0.90771,0.92513,2.43042,2.85239
ets,dead26,0.9,2,13,0.95,26,smooth,2596,0.94157,0.92511,0.08908,1.76384,0.17923,0.00081,0.02273,0.93599,0.94701,1.6121,1.92888
ets,dead26,0.9,2,13,0.95,26,erratic,1901,0.88431,0.94209,0.07387,3.8232,0.94788,0.00579,0.03156,0.86278,0.90431,3.35777,4.40288
ets,dead26,0.9,2,13,0.95,26,intermittent,6539,0.90973,0.97084,0.165,2.42711,0.65843,0.01006,0.16532,0.89141,0.92364,1.96773,2.93093
ets,dead26,0.9,2,13,0.95,26,lumpy,2808,0.8428,0.95775,0.12834,5.40744,2.27417,0.02013,0.12108,0.8084,0.87054,4.51386,6.88403
ets,none,0.95,2,13,0.95,26,all,13844,0.93183,0.96735,0.07857,3.19372,0.78458,0.0,0.0,0.92369,0.93938,2.95983,3.44517
ets,none,0.95,2,13,0.95,26,smooth,2596,0.95306,0.94362,0.06707,2.07263,0.20484,0.0,0.0,0.9479,0.95793,1.90228,2.25621
ets,none,0.95,2,13,0.95,26,erratic,1901,0.9041,0.95507,0.05731,4.52479,1.18179,0.0,0.0,0.8841,0.92167,3.94181,5.27256
ets,none,0.95,2,13,0.95,26,intermittent,6539,0.92712,0.97961,0.11536,3.36943,1.25597,0.0,0.0,0.91125,0.93976,2.74801,4.08065
ets,none,0.95,2,13,0.95,26,lumpy,2808,0.86745,0.96905,0.09402,7.11975,3.52588,0.0,0.0,0.83673,0.89424,5.97658,9.05015
ets,quantile,0.95,2,13,0.95,26,all,13844,0.93152,0.96726,0.07879,3.17901,0.77842,0.00133,0.0203,0.92322,0.9391,2.95009,3.42475
ets,quantile,0.95,2,13,0.95,26,smooth,2596,0.95306,0.94362,0.06707,2.072,0.20484,0.00013,0.00077,0.9479,0.95793,1.90169,2.25607
ets,quantile,0.95,2,13,0.95,26,erratic,1901,0.90341,0.95498,0.05743,4.50347,1.17632,0.0019,0.00684,0.88304,0.92165,3.93288,5.24097
ets,quantile,0.95,2,13,0.95,26,intermittent,6539,0.9266,0.97946,0.11622,3.31533,1.22413,0.00502,0.03471,0.91056,0.93935,2.71785,4.00529
ets,quantile,0.95,2,13,0.95,26,lumpy,2808,0.86614,0.96902,0.09411,7.05015,3.48993,0.00566,0.01389,0.83399,0.8935,5.93077,8.91078
ets,fixed,0.95,2,13,0.95,26,all,13844,0.92942,0.9616,0.0924,2.92578,0.57827,0.07212,0.44835,0.92113,0.93699,2.72882,3.13999
ets,fixed,0.95,2,13,0.95,26,smooth,2596,0.95302,0.94327,0.06748,2.05533,0.1964,0.00543,0.06086,0.94787,0.95791,1.88851,2.23438
ets,fixed,0.95,2,13,0.95,26,erratic,1901,0.90136,0.95137,0.06203,4.24007,1.00693,0.06335,0.1878,0.88131,0.91922,3.74613,4.87828
ets,fixed,0.95,2,13,0.95,26,intermittent,6539,0.91999,0.97313,0.15206,2.59073,0.64402,0.22251,0.63389,0.90292,0.93316,2.13035,3.07708
ets,fixed,0.95,2,13,0.95,26,lumpy,2808,0.85147,0.95866,0.12558,5.3716,1.99713,0.50057,0.55093,0.81543,0.88079,4.48333,6.74402
ets,dead13,0.95,2,13,0.95,26,all,13844,0.93077,0.96032,0.09549,2.94363,0.59625,0.0122,0.19272,0.92258,0.93821,2.74202,3.16615
ets,dead13,0.95,2,13,0.95,26,smooth,2596,0.95287,0.94239,0.06852,2.03786,0.18861,0.00292,0.06125,0.94773,0.95775,1.86991,2.21205
ets,dead13,0.95,2,13,0.95,26,erratic,1901,0.9039,0.95335,0.0595,4.29252,1.01442,0.01485,0.08522,0.88389,0.92149,3.79544,4.93213
ets,dead13,0.95,2,13,0.95,26,intermittent,6539,0.91877,0.96946,0.17278,2.51587,0.61211,0.03302,0.26854,0.90082,0.93235,2.09367,3.00351
ets,dead13,0.95,2,13,0.95,26,lumpy,2808,0.86236,0.96032,0.12052,5.61724,2.29166,0.05833,0.21047,0.82971,0.889,4.66435,7.08739
ets,dead26,0.95,2,13,0.95,26,all,13844,0.93152,0.96449,0.08546,3.063,0.68177,0.00521,0.11124,0.92337,0.93902,2.83612,3.30598
ets,dead26,0.95,2,13,0.95,26,smooth,2596,0.95305,0.94346,0.06725,2.06473,0.20242,0.00102,0.02273,0.94788,0.95792,1.89517,2.24439
ets,dead26,0.95,2,13,0.95,26,erratic,1901,0.90409,0.95486,0.05758,4.4584,1.15202,0.00734,0.03156,0.88409,0.92166,3.90487,5.12956
ets,dead26,0.95,2,13,0.95,26,intermittent,6539,0.92377,0.97536,0.13943,2.80996,0.77543,0.01192,0.16532,0.90779,0.93664,2.27916,3.36734
ets,dead26,0.95,2,13,0.95,26,lumpy,2808,0.86618,0.96513,0.10592,6.15327,2.69045,0.02501,0.12108,0.83509,0.8931,5.15749,7.87438
ets,none,0.99,2,13,0.95,26,all,13844,0.95223,0.97782,0.05338,4.06855,1.05178,0.0,0.0,0.94623,0.9583,3.78649,4.36448
ets,none,0.99,2,13,0.95,26,smooth,2596,0.96799,0.96355,0.04336,2.65407,0.25502,0.0,0.0,0.96316,0.97251,2.4476,2.86873
ets,none,0.99,2,13,0.95,26,erratic,1901,0.93369,0.97049,0.03764,5.76867,1.63636,0.0,0.0,0.91957,0.94728,5.05427,6.73273
ets,none,0.99,2,13,0.95,26,intermittent,6539,0.94595,0.98551,0.08201,4.30259,1.68268,0.0,0.0,0.93215,0.95768,3.51165,5.18869
ets,none,0.99,2,13,0.95,26,lumpy,2808,0.8995,0.97807,0.06663,8.93986,4.69784,0.0,0.0,0.8715,0.92342,7.51799,11.4378
ets,quantile,0.99,2,13,0.95,26,all,13844,0.95191,0.97772,0.05361,4.05113,1.04474,0.00163,0.02203,0.94587,0.95783,3.77501,4.34025
ets,quantile,0.99,2,13,0.95,26,smooth,2596,0.96799,0.96355,0.04336,2.65271,0.25502,0.00023,0.00231,0.96316,0.97251,2.44681,2.86611
ets,quantile,0.99,2,13,0.95,26,erratic,1901,0.9329,0.97037,0.03779,5.7399,1.62896,0.00252,0.00999,0.91852,0.94662,5.03078,6.68904
ets,quantile,0.99,2,13,0.95,26,intermittent,6539,0.94549,0.98536,0.08283,4.25368,1.64975,0.00529,0.03579,0.93159,0.95708,3.48331,5.11837
ets,quantile,0.99,2,13,0.95,26,lumpy,2808,0.89842,0.97802,0.06677,8.86245,4.65799,0.00651,0.01638,0.86923,0.92308,7.48753,11.30453
ets,fixed,0.99,2,13,0.95,26,all,13844,0.94828,0.97054,0.07091,3.65088,0.73342,0.1091,0.48823,0.9421,0.95478,3.41708,3.88464
ets,fixed,0.99,2,13,0.95,26,smooth,2596,0.96794,0.96311,0.04388,2.62795,0.24217,0.00784,0.07126,0.96312,0.97249,2.42712,2.83449
ets,fixed,0.99,2,13,0.95,26,erratic,1901,0.92818,0.96432,0.0455,5.25784,1.32262,0.10848,0.22935,0.91305,0.94252,4.63884,6.01298
ets,fixed,0.99,2,13,0.95,26,intermittent,6539,0.93741,0.97792,0.12496,3.18745,0.79812,0.31765,0.67625,0.92203,0.94996,2.63006,3.77741
ets,fixed,0.99,2,13,0.95,26,lumpy,2808,0.87441,0.96442,0.10808,6.36307,2.44286,0.73112,0.61111,0.83967,0.9027,5.28155,8.0287
ets,dead13,0.99,2,13,0.95,26,all,13844,0.95108,0.97043,0.07117,3.73403,0.79056,0.01512,0.19272,0.94508,0.95714,3.49336,3.99808
ets,dead13,0.99,2,13,0.95,26,smooth,2596,0.96776,0.96223,0.04493,2.60928,0.23243,0.00355,0.06125,0.96294,0.97223,2.40816,2.81019
ets,dead13,0.99,2,13,0.95,26,erratic,1901,0.9335,0.96875,0.03986,5.45912,1.40123,0.01853,0.08522,0.91939,0.94705,4.80825,6.22818
ets,dead13,0.99,2,13,0.95,26,intermittent,6539,0.93715,0.97489,0.14206,3.19338,0.81878,0.03959,0.26854,0.92123,0.95054,2.65192,3.79515
ets,dead13,0.99,2,13,0.95,26,lumpy,2808,0.89395,0.96874,0.09495,6.8869,2.97368,0.07354,0.21047,0.86386,0.91792,5.76368,8.71304
ets,dead26,0.99,2,13,0.95,26,all,13844,0.95189,0.97477,0.06072,3.88833,0.90934,0.00714,0.11124,0.94585,0.95792,3.62335,4.17055
ets,dead26,0.99,2,13,0.95,26,smooth,2596,0.96797,0.96339,0.04355,2.64302,0.25158,0.00141,0.02273,0.96314,0.9725,2.43767,2.85405
ets,dead26,0.99,2,13,0.95,26,erratic,1901,0.93368,0.97028,0.03791,5.67599,1.59484,0.01026,0.03156,0.91956,0.94726,4.96949,6.52249
ets,dead26,0.99,2,13,0.95,26,intermittent,6539,0.94236,0.981,0.10753,3.55668,1.03655,0.01542,0.16532,0.92798,0.95439,2.88274,4.25183
ets,dead26,0.99,2,13,0.95,26,lumpy,2808,0.89808,0.97382,0.07951,7.59244,3.52626,0.03414,0.12108,0.86968,0.92208,6.40793,9.6949
ets,none,0.9,1,13,0.95,26,all,13844,0.91778,0.95751,0.10225,1.83297,0.4227,0.0,0.0,0.91021,0.9246,1.69564,1.98049
ets,none,0.9,1,13,0.95,26,smooth,2596,0.93952,0.92119,0.09375,1.17911,0.10743,0.0,0.0,0.93347,0.94598,1.07925,1.28141
ets,none,0.9,1,13,0.95,26,erratic,1901,0.88514,0.93955,0.0771,2.54843,0.59735,0.0,0.0,0.86314,0.90648,2.23124,2.97439
ets,none,0.9,1,13,0.95,26,intermittent,6539,0.92049,0.97558,0.13817,2.05455,0.76064,0.0,0.0,0.90276,0.93276,1.65935,2.49916
ets,none,0.9,1,13,0.95,26,lumpy,2808,0.86054,0.96117,0.11796,4.23989,1.99242,0.0,0.0,0.82969,0.88545,3.56009,5.44399
ets,quantile,0.9,1,13,0.95,26,all,13844,0.91769,0.95745,0.10238,1.83053,0.42168,0.00027,0.01654,0.91006,0.9244,1.6937,1.97752
ets,quantile,0.9,1,13,0.95,26,smooth,2596,0.93952,0.92119,0.09375,1.17908,0.10743,1e-05,0.00039,0.93347,0.94598,1.07925,1.28136
ets,quantile,0.9,1,13,0.95,26,erratic,1901,0.88514,0.93955,0.0771,2.54843,0.59735,0.0,0.0,0.86314,0.90648,2.23124,2.97439
ets,quantile,0.9,1,13,0.95,26,intermittent,6539,0.92006,0.97546,0.13884,2.03132,0.74811,0.00234,0.03212,0.90242,0.93238,1.64649,2.46917
ets,quantile,0.9,1,13,0.95,26,lumpy,2808,0.85975,0.96117,0.11796,4.22668,1.98906,0.00161,0.00641,0.82927,0.88524,3.5552,5.41475
ets,fixed,0.9,1,13,0.95,26,all,13844,0.91732,0.95453,0.10943,1.71005,0.32503,0.05301,0.38768,0.90974,0.92424,1.5848,1.84425
ets,fixed,0.9,1,13,0.95,26,smooth,2596,0.93951,0.92094,0.09404,1.17085,0.10319,0.00362,0.04314,0.93345,0.94597,1.07207,1.27424
ets,fixed,0.9,1,13,0.95,26,erratic,1901,0.88497,0.93869,0.0782,2.44349,0.52925,0.03447,0.11152,0.86291,0.90636,2.14166,2.84454
ets,fixed,0.9,1,13,0.95,26,intermittent,6539,0.91675,0.97142,0.16169,1.64649,0.42864,0.19294,0.56996,0.89833,0.92959,1.32742,1.9975
ets,fixed,0.9,1,13,0.95,26,lumpy,2808,0.85823,0.95694,0.1308,3.39156,1.25313,0.3895,0.46866,0.82732,0.88289,2.82504,4.29063
ets,dead13,0.9,1,13,0.95,26,all,13844,0.91696,0.95174,0.11614,1.68864,0.31621,0.00736,0.19272,0.90937,0.92376,1.56412,1.82727
ets,dead13,0.9,1,13,0.95,26,smooth,2596,0.93941,0.9203,0.09481,1.1593,0.09852,0.00172,0.06125,0.9333,0.94587,1.06268,1.26102
ets,dead13,0.9,1,13,0.95,26,erratic,1901,0.885,0.93819,0.07884,2.41962,0.50706,0.00875,0.08522,0.86303,0.90639,2.12996,2.79424
ets,dead13,0.9,1,13,0.95,26,intermittent,6539,0.9139,0.96688,0.18741,1.51488,0.35991,0.02141,0.26854,0.89464,0.92711,1.24814,1.81501
ets,dead13,0.9,1,13,0.95,26,lumpy,2808,0.85651,0.95472,0.13753,3.39006,1.30672,0.03512,0.21047,0.82572,0.88096,2.81541,4.30003
ets,dead26,0.9,1,13,0.95,26,all,13844,0.91755,0.95516,0.10791,1.75785,0.36345,0.00298,0.11124,0.90997,0.92439,1.6216,1.90438
ets,dead26,0.9,1,13,0.95,26,smooth,2596,0.93952,0.92105,0.09391,1.17478,0.10609,0.00056,0.02273,0.93346,0.94597,1.07573,1.27796
ets,dead26,0.9,1,13,0.95,26,erratic,1901,0.88514,0.93939,0.07731,2.51285,0.57975,0.00396,0.03156,0.86313,0.90648,2.19831,2.90853
ets,dead26,0.9,1,13,0.95,26,intermittent,6539,0.91794,0.9719,0.15902,1.7008,0.45948,0.00771,0.16532,0.89994,0.93051,1.36777,2.06792
ets,dead26,0.9,1,13,0.95,26,lumpy,2808,0.8596,0.95838,0.12642,3.69966,1.53138,0.01461,0.12108,0.82831,0.88442,3.09665,4.76694
ets,none,0.9,4,13,0.95,26,all,13844,0.90814,0.95951,0.09745,4.69588,1.08971,0.0,0.0,0.90059,0.91664,4.33559,5.07501
ets,none,0.9,4,13,0.95,26,smooth,2596,0.93358,0.9297,0.08362,3.08647,0.32594,0.0,0.0,0.9277,0.94069,2.8291,3.38022
ets,none,0.9,4,13,0.95,26,erratic,1901,0.88099,0.94441,0.07091,6.71781,1.64707,0.0,0.0,0.85881,0.89975,5.9341,7.86365
ets,none,0.9,4,13,0.95,26,intermittent,6539,0.90118,0.97441,0.14482,4.67862,1.66146,0.0,0.0,0.8806,0.91894,3.88289,5.6608
ets,none,0.9,4,13,0.95,26,lumpy,2808,0.8108,0.96259,0.11364,10.15988,4.62175,0.0,0.0,0.76853,0.84604,8.55126,12.69313
ets,quantile,0.9,4,13,0.95,26,all,13844,0.9074,0.95921,0.09816,4.53301,1.04063,0.0139,0.0432,0.89983,0.91554,4.20082,4.86504
ets,quantile,0.9,4,13,0.95,26,smooth,2596,0.93348,0.92959,0.08375,3.01437,0.31291,0.00623,0.01888,0.92761,0.9406,2.79322,3.2723
ets,quantile,0.9,4,13,0.95,26,erratic,1901,0.87954,0.94388,0.07158,6.46697,1.5715,0.021,0.03472,0.85612,0.89786,5.73237,7.51712
ets,quantile,0.9,4,13,0.95,26,intermittent,6539,0.90048,0.97406,0.14678,4.53998,1.58556,0.0135,0.04878,0.87978,0.91834,3.78462,5.45729
ets,quantile,0.9,4,13,0.95,26,lumpy,2808,0.80747,0.96238,0.11427,9.57944,4.40643,0.04902,0.0584,0.76645,0.84565,8.16438,11.98336
ets,fixed,0.9,4,13,0.95,26,all,13844,0.899,0.94587,0.13025,4.12822,0.74021,0.09256,0.52189,0.89088,0.90827,3.85586,4.42434
ets,fixed,0.9,4,13,0.95,26,smooth,2596,0.93343,0.92868,0.08483,3.05711,0.31367,0.00634,0.09361,0.92758,0.94056,2.79813,3.34939
ets,fixed,0.9,4,13,0.95,26,erratic,1901,0.86629,0.92514,0.09549,5.83518,1.24988,0.11569,0.303,0.84191,0.88682,5.16015,6.7149
ets,fixed,0.9,4,13,0.95,26,intermittent,6539,0.88584,0.96296,0.20956,3.41133,0.74933,0.24592,0.69475,0.86467,0.90419,2.90362,4.05338
ets,fixed,0.9,4,13,0.95,26,lumpy,2808,0.75615,0.93601,0.19437,7.06848,2.26877,0.55907,0.66346,0.69835,0.80319,5.85498,8.74226
ets,dead13,0.9,4,13,0.95,26,all,13844,0.90666,0.95092,0.11811,4.35528,0.84304,0.01749,0.19272,0.89903,0.91513,4.04255,4.69494
ets,dead13,0.9,4,13,0.95,26,smooth,2596,0.93327,0.92797,0.08569,3.03576,0.30441,0.00445,0.06125,0.92749,0.94038,2.7807,3.32371
ets,dead13,0.9,4,13,0.95,26,erratic,1901,0.88068,0.94202,0.07396,6.38483,1.42376,0.02171,0.08522,0.8584,0.89944,5.64371,7.39176
ets,dead13,0.9,4,13,0.95,26,intermittent,6539,0.89028,0.96255,0.21188,3.56024,0.83901,0.04604,0.26854,0.86943,0.91006,3.01411,4.23571
ets,dead13,0.9,4,13,0.95,26,lumpy,2808,0.80363,0.95108,0.1486,8.16265,3.00498,0.08115,0.21047,0.75969,0.84177,6.80233,10.07731
ets,dead26,0.9,4,13,0.95,26,all,13844,0.90769,0.95611,0.10561,4.52485,0.95723,0.00679,0.11124,0.90015,0.91611,4.18498,4.89124
ets,dead26,0.9,4,13,0.95,26,smooth,2596,0.93356,0.92956,0.08379,3.07603,0.32286,0.00136,0.02273,0.92769,0.94068,2.81823,3.37183
ets,dead26,0.9,4,13,0.95,26,erratic,1901,0.88097,0.94414,0.07125,6.62393,1.61169,0.0099,0.03156,0.8588,0.89974,5.8509,7.66233
ets,dead26,0.9,4,13,0.95,26,intermittent,6539,0.8965,0.96953,0.17243,3.97153,1.05467,0.01489,0.16532,0.87603,0.91496,3.29927,4.74788
ets,dead26,0.9,4,13,0.95,26,lumpy,2808,0.8089,0.95754,0.12898,8.90092,3.52458,0.03165,0.12108,0.76557,0.84451,7.494,11.03553
ets,none,0.9,2,8,0.95,26,all,13844,0.91705,0.95838,0.10016,2.73814,1.01369,0.0,0.0,0.90801,0.92542,2.52919,2.96591
ets,none,0.9,2,8,0.95,26,smooth,2596,0.94158,0.92527,0.08889,1.77007,0.3235,0.0,0.0,0.936,0.94701,1.61858,1.93499
ets,none,0.9,2,8,0.95,26,erratic,1901,0.88432,0.9423,0.07359,3.87556,1.64786,0.0,0.0,0.8628,0.90433,3.38726,4.51487
ets,none,0.9,2,8,0.95,26,intermittent,6539,0.91285,0.97492,0.14191,2.88924,1.36804,0.0,0.0,0.89503,0.92614,2.35278,3.51207
ets,none,0.9,2,8,0.95,26,lumpy,2808,0.84396,0.96136,0.11737,6.17052,3.88006,0.0,0.0,0.80974,0.87177,5.16239,7.83965
ets,quantile,0.9,2,8,0.95,26,all,13844,0.91389,0.95815,0.1007,2.63581,0.95061,0.00926,0.04464,0.90499,0.92206,2.44835,2.83604
ets,quantile,0.9,2,8,0.95,26,smooth,2596,0.93919,0.92508,0.08912,1.7218,0.29686,0.00457,0.02196,0.93341,0.94548,1.58903,1.86779
ets,quantile,0.9,2,8,0.95,26,erratic,1901,0.87854,0.94199,0.07399,3.72519,1.55346,0.01336,0.03893,0.85412,0.90034,3.27141,4.31173
ets,quantile,0.9,2,8,0.95,26,intermittent,6539,0.91216,0.97469,0.14321,2.79411,1.29485,0.00926,0.04955,0.89442,0.92519,2.29768,3.36819
ets,quantile,0.9,2,8,0.95,26,lumpy,2808,0.84202,0.96117,0.11796,5.80993,3.65119,0.03133,0.05805,0.80624,0.87141,4.93994,7.32531
ets,fixed,0.9,2,8,0.95,26,all,13844,0.9155,0.95352,0.11186,2.5377,0.84357,0.05443,0.42423,0.90629,0.92386,2.35155,2.73644
ets,fixed,0.9,2,8,0.95,26,smooth,2596,0.94154,0.92495,0.08927,1.75699,0.31509,0.00419,0.05508,0.93598,0.947,1.60574,1.92213
ets,fixed,0.9,2,8,0.95,26,erratic,1901,0.88334,0.93994,0.07661,3.67837,1.50517,0.0439,0.16307,0.8618,0.90344,3.2414,4.27393
ets,fixed,0.9,2,8,0.95,26,intermittent,6539,0.90655,0.96923,0.17412,2.27257,0.83173,0.17719,0.60651,0.88746,0.92095,1.8642,2.71949
ets,fixed,0.9,2,8,0.95,26,lumpy,2808,0.83258,0.95254,0.14417,4.83615,2.65095,0.38329,0.51781,0.79548,0.86162,4.01597,6.04133
ets,dead13,0.9,2,8,0.95,26,all,13844,0.91604,0.95167,0.1163,2.53294,0.84339,0.01063,0.19272,0.90702,0.92421,2.34653,2.73749
ets,dead13,0.9,2,8,0.95,26,smooth,2596,0.9414,0.92413,0.09025,1.74062,0.30537,0.00259,0.06125,0.93577,0.94681,1.59101,1.90119
ets,dead13,0.9,2,8,0.95,26,erratic,1901,0.88413,0.94061,0.07576,3.68442,1.49465,0.01289,0.08522,0.86259,0.90418,3.25623,4.25594
ets,dead13,0.9,2,8,0.95,26,intermittent,6539,0.90491,0.96517,0.19705,2.17017,0.77486,0.02951,0.26854,0.88535,0.91886,1.80266,2.61837
ets,dead13,0.9,2,8,0.95,26,lumpy,2808,0.83917,0.95319,0.1422,4.9618,2.80609,0.05019,0.21047,0.80348,0.8666,4.12956,6.24119
ets,dead26,0.9,2,8,0.95,26,all,13844,0.91676,0.95566,0.1067,2.6337,0.92223,0.00419,0.11124,0.90771,0.92513,2.43042,2.85239
ets,dead26,0.9,2,8,0.95,26,smooth,2596,0.94157,0.92511,0.08908,1.76384,0.32037,0.00081,0.02273,0.93599,0.94701,1.6121,1.92888
ets,dead26,0.9,2,8,0.95,26,erratic,1901,0.88431,0.94209,0.07387,3.8232,1.60882,0.00579,0.03156,0.86278,0.90431,3.35777,4.40288
ets,dead26,0.9,2,8,0.95,26,intermittent,6539,0.90973,0.97084,0.165,2.42711,0.94635,0.01006,0.16532,0.89141,0.92364,1.96773,2.93093
ets,dead26,0.9,2,8,0.95,26,lumpy,2808,0.8428,0.95775,0.12834,5.40744,3.18369,0.02013,0.12108,0.8084,0.87054,4.51386,6.88403
ets,none,0.9,2,26,0.95,26,all,13844,0.91705,0.95838,0.10016,2.73814,,0.0,0.0,0.90801,0.92542,2.52919,2.96591
ets,none,0.9,2,26,0.95,26,smooth,2596,0.94158,0.92527,0.08889,1.77007,,0.0,0.0,0.936,0.94701,1.61858,1.93499
ets,none,0.9,2,26,0.95,26,erratic,1901,0.88432,0.9423,0.07359,3.87556,,0.0,0.0,0.8628,0.90433,3.38726,4.51487
ets,none,0.9,2,26,0.95,26,intermittent,6539,0.91285,0.97492,0.14191,2.88924,,0.0,0.0,0.89503,0.92614,2.35278,3.51207
ets,none,0.9,2,26,0.95,26,lumpy,2808,0.84396,0.96136,0.11737,6.17052,,0.0,0.0,0.80974,0.87177,5.16239,7.83965
ets,quantile,0.9,2,26,0.95,26,all,13844,0.91693,0.95832,0.10031,2.73604,,0.00027,0.01286,0.90788,0.92528,2.52743,2.9634
ets,quantile,0.9,2,26,0.95,26,smooth,2596,0.94158,0.92527,0.08889,1.77007,,0.0,0.0,0.936,0.94701,1.61858,1.93499
ets,quantile,0.9,2,26,0.95,26,erratic,1901,0.88432,0.9423,0.07359,3.87556,,0.0,0.0,0.8628,0.90433,3.38726,4.51487
ets,quantile,0.9,2,26,0.95,26,intermittent,6539,0.91244,0.97479,0.14265,2.86813,,0.00224,0.02584,0.89458,0.92557,2.34367,3.48306
ets,quantile,0.9,2,26,0.95,26,lumpy,2808,0.84273,0.96136,0.11737,6.15998,,0.00172,0.00321,0.80714,0.87174,5.16047,7.80885
ets,fixed,0.9,2,26,0.95,26,all,13844,0.9155,0.95352,0.11186,2.5377,,0.05443,0.42423,0.90629,0.92386,2.35155,2.73644
ets,fixed,0.9,2,26,0.95,26,smooth,2596,0.94154,0.92495,0.08927,1.75699,,0.00419,0.05508,0.93598,0.947,1.60574,1.92213
ets,fixed,0.9,2,26,0.95,26,erratic,1901,0.88334,0.93994,0.07661,3.67837,,0.0439,0.16307,0.8618,0.90344,3.2414,4.27393
ets,fixed,0.9,2,26,0.95,26,intermittent,6539,0.90655,0.96923,0.17412,2.27257,,0.17719,0.60651,0.88746,0.92095,1.8642,2.71949
ets,fixed,0.9,2,26,0.95,26,lumpy,2808,0.83258,0.95254,0.14417,4.83615,,0.38329,0.51781,0.79548,0.86162,4.01597,6.04133
ets,dead13,0.9,2,26,0.95,26,all,13844,0.91604,0.95167,0.1163,2.53294,,0.01063,0.19272,0.90702,0.92421,2.34653,2.73749
ets,dead13,0.9,2,26,0.95,26,smooth,2596,0.9414,0.92413,0.09025,1.74062,,0.00259,0.06125,0.93577,0.94681,1.59101,1.90119
ets,dead13,0.9,2,26,0.95,26,erratic,1901,0.88413,0.94061,0.07576,3.68442,,0.01289,0.08522,0.86259,0.90418,3.25623,4.25594
ets,dead13,0.9,2,26,0.95,26,intermittent,6539,0.90491,0.96517,0.19705,2.17017,,0.02951,0.26854,0.88535,0.91886,1.80266,2.61837
ets,dead13,0.9,2,26,0.95,26,lumpy,2808,0.83917,0.95319,0.1422,4.9618,,0.05019,0.21047,0.80348,0.8666,4.12956,6.24119
ets,dead26,0.9,2,26,0.95,26,all,13844,0.91676,0.95566,0.1067,2.6337,,0.00419,0.11124,0.90771,0.92513,2.43042,2.85239
ets,dead26,0.9,2,26,0.95,26,smooth,2596,0.94157,0.92511,0.08908,1.76384,,0.00081,0.02273,0.93599,0.94701,1.6121,1.92888
ets,dead26,0.9,2,26,0.95,26,erratic,1901,0.88431,0.94209,0.07387,3.8232,,0.00579,0.03156,0.86278,0.90431,3.35777,4.40288
ets,dead26,0.9,2,26,0.95,26,intermittent,6539,0.90973,0.97084,0.165,2.42711,,0.01006,0.16532,0.89141,0.92364,1.96773,2.93093
ets,dead26,0.9,2,26,0.95,26,lumpy,2808,0.8428,0.95775,0.12834,5.40744,,0.02013,0.12108,0.8084,0.87054,4.51386,6.88403
ets,none,0.9,2,13,0.9,26,all,13844,0.91705,0.95838,0.10016,2.73814,0.65624,0.0,0.0,0.90801,0.92542,2.52919,2.96591
ets,none,0.9,2,13,0.9,26,smooth,2596,0.94158,0.92527,0.08889,1.77007,0.18112,0.0,0.0,0.936,0.94701,1.61858,1.93499
ets,none,0.9,2,13,0.9,26,erratic,1901,0.88432,0.9423,0.07359,3.87556,0.97138,0.0,0.0,0.8628,0.90433,3.38726,4.51487
ets,none,0.9,2,13,0.9,26,intermittent,6539,0.91285,0.97492,0.14191,2.88924,1.05354,0.0,0.0,0.89503,0.92614,2.35278,3.51207
ets,none,0.9,2,13,0.9,26,lumpy,2808,0.84396,0.96136,0.11737,6.17052,2.93033,0.0,0.0,0.80974,0.87177,5.16239,7.83965
ets,quantile,0.9,2,13,0.9,26,all,13844,0.91578,0.95827,0.10043,2.70645,0.6472,0.00296,0.02376,0.9067,0.92358,2.50745,2.92274
ets,quantile,0.9,2,13,0.9,26,smooth,2596,0.94101,0.92525,0.08891,1.76113,0.18073,0.00103,0.00424,0.93496,0.94663,1.61313,1.92006
ets,quantile,0.9,2,13,0.9,26,erratic,1901,0.88143,0.94218,0.07375,3.8206,0.9599,0.00492,0.0121,0.85766,0.90176,3.32572,4.43459
ets,quantile,0.9,2,13,0.9,26,intermittent,6539,0.91229,0.97474,0.14293,2.82752,1.01894,0.00573,0.0364,0.89453,0.92536,2.31712,3.42787
ets,quantile,0.9,2,13,0.9,26,lumpy,2808,0.84247,0.96131,0.11752,6.06722,2.88293,0.00882,0.0203,0.80677,0.8716,5.0958,7.68349
ets,fixed,0.9,2,13,0.9,26,all,13844,0.9155,0.95352,0.11186,2.5377,0.50117,0.05443,0.42423,0.90629,0.92386,2.35155,2.73644
ets,fixed,0.9,2,13,0.9,26,smooth,2596,0.94154,0.92495,0.08927,1.75699,0.17472,0.00419,0.05508,0.93598,0.947,1.60574,1.92213
ets,fixed,0.9,2,13,0.9,26,erratic,1901,0.88334,0.93994,0.07661,3.67837,0.85,0.0439,0.16307,0.8618,0.90344,3.2414,4.27393
ets,fixed,0.9,2,13,0.9,26,intermittent,6539,0.90655,0.96923,0.17412,2.27257,0.56945,0.17719,0.60651,0.88746,0.92095,1.8642,2.71949
ets,fixed,0.9,2,13,0.9,26,lumpy,2808,0.83258,0.95254,0.14417,4.83615,1.76593,0.38329,0.51781,0.79548,0.86162,4.01597,6.04133
ets,dead13,0.9,2,13,0.9,26,all,13844,0.91604,0.95167,0.1163,2.53294,0.5065,0.01063,0.19272,0.90702,0.92421,2.34653,2.73749
ets,dead13,0.9,2,13,0.9,26,smooth,2596,0.9414,0.92413,0.09025,1.74062,0.16827,0.00259,0.06125,0.93577,0.94681,1.59101,1.90119
ets,dead13,0.9,2,13,0.9,26,erratic,1901,0.88413,0.94061,0.07576,3.68442,0.84004,0.01289,0.08522,0.86259,0.90418,3.25623,4.25594
ets,dead13,0.9,2,13,0.9,26,intermittent,6539,0.90491,0.96517,0.19705,2.17017,0.5239,0.02951,0.26854,0.88535,0.91886,1.80266,2.61837
ets,dead13,0.9,2,13,0.9,26,lumpy,2808,0.83917,0.95319,0.1422,4.9618,1.9567,0.05019,0.21047,0.80348,0.8666,4.12956,6.24119
ets,dead26,0.9,2,13,0.9,26,all,13844,0.91676,0.95566,0.1067,2.6337,0.57439,0.00419,0.11124,0.90771,0.92513,2.43042,2.85239
ets,dead26,0.9,2,13,0.9,26,smooth,2596,0.94157,0.92511,0.08908,1.76384,0.17923,0.00081,0.02273,0.93599,0.94701,1.6121,1.92888
ets,dead26,0.9,2,13,0.9,26,erratic,1901,0.88431,0.94209,0.07387,3.8232,0.94788,0.00579,0.03156,0.86278,0.90431,3.35777,4.40288
ets,dead26,0.9,2,13,0.9,26,intermittent,6539,0.90973,0.97084,0.165,2.42711,0.65843,0.01006,0.16532,0.89141,0.92364,1.96773,2.93093
ets,dead26,0.9,2,13,0.9,26,lumpy,2808,0.8428,0.95775,0.12834,5.40744,2.27417,0.02013,0.12108,0.8084,0.87054,4.51386,6.88403
ets,none,0.9,2,13,0.99,26,all,13844,0.91705,0.95838,0.10016,2.73814,0.65624,0.0,0.0,0.90801,0.92542,2.52919,2.96591
ets,none,0.9,2,13,0.99,26,smooth,2596,0.94158,0.92527,0.08889,1.77007,0.18112,0.0,0.0,0.936,0.94701,1.61858,1.93499
ets,none,0.9,2,13,0.99,26,erratic,1901,0.88432,0.9423,0.07359,3.87556,0.97138,0.0,0.0,0.8628,0.90433,3.38726,4.51487
ets,none,0.9,2,13,0.99,26,intermittent,6539,0.91285,0.97492,0.14191,2.88924,1.05354,0.0,0.0,0.89503,0.92614,2.35278,3.51207
ets,none,0.9,2,13,0.99,26,lumpy,2808,0.84396,0.96136,0.11737,6.17052,2.93033,0.0,0.0,0.80974,0.87177,5.16239,7.83965
ets,quantile,0.9,2,13,0.99,26,all,13844,0.9169,0.95829,0.10038,2.7315,0.65327,0.00061,0.01762,0.90784,0.92525,2.52416,2.95546
ets,quantile,0.9,2,13,0.99,26,smooth,2596,0.94158,0.92527,0.08889,1.76995,0.18112,4e-05,0.00039,0.936,0.94701,1.61858,1.93499
ets,quantile,0.9,2,13,0.99,26,erratic,1901,0.88428,0.94226,0.07365,3.87352,0.9708,0.00017,0.00105,0.86278,0.9042,3.38509,4.51465
ets,quantile,0.9,2,13,0.99,26,intermittent,6539,0.9123,0.97475,0.14285,2.83984,1.02783,0.00441,0.03319,0.89453,0.92537,2.32728,3.44302
ets,quantile,0.9,2,13,0.99,26,lumpy,2808,0.84261,0.96131,0.11752,6.13129,2.91401,0.00358,0.00855,0.80694,0.87166,5.14169,7.7696
ets,fixed,0.9,2,13,0.99,26,all,13844,0.9155,0.95352,0.11186,2.5377,0.50117,0.05443,0.42423,0.90629,0.92386,2.35155,2.73644
ets,fixed,0.9,2,13,0.99,26,smooth,2596,0.94154,0.92495,0.08927,1.75699,0.17472,0.00419,0.05508,0.93598,0.947,1.60574,1.92213
ets,fixed,0.9,2,13,0.99,26,erratic,1901,0.88334,0.93994,0.07661,3.67837,0.85,0.0439,0.16307,0.8618,0.90344,3.2414,4.27393
ets,fixed,0.9,2,13,0.99,26,intermittent,6539,0.90655,0.96923,0.17412,2.27257,0.56945,0.17719,0.60651,0.88746,0.92095,1.8642,2.71949
ets,fixed,0.9,2,13,0.99,26,lumpy,2808,0.83258,0.95254,0.14417,4.83615,1.76593,0.38329,0.51781,0.79548,0.86162,4.01597,6.04133
ets,dead13,0.9,2,13,0.99,26,all,13844,0.91604,0.95167,0.1163,2.53294,0.5065,0.01063,0.19272,0.90702,0.92421,2.34653,2.73749
ets,dead13,0.9,2,13,0.99,26,smooth,2596,0.9414,0.92413,0.09025,1.74062,0.16827,0.00259,0.06125,0.93577,0.94681,1.59101,1.90119
ets,dead13,0.9,2,13,0.99,26,erratic,1901,0.88413,0.94061,0.07576,3.68442,0.84004,0.01289,0.08522,0.86259,0.90418,3.25623,4.25594
ets,dead13,0.9,2,13,0.99,26,intermittent,6539,0.90491,0.96517,0.19705,2.17017,0.5239,0.02951,0.26854,0.88535,0.91886,1.80266,2.61837
ets,dead13,0.9,2,13,0.99,26,lumpy,2808,0.83917,0.95319,0.1422,4.9618,1.9567,0.05019,0.21047,0.80348,0.8666,4.12956,6.24119
ets,dead26,0.9,2,13,0.99,26,all,13844,0.91676,0.95566,0.1067,2.6337,0.57439,0.00419,0.11124,0.90771,0.92513,2.43042,2.85239
ets,dead26,0.9,2,13,0.99,26,smooth,2596,0.94157,0.92511,0.08908,1.76384,0.17923,0.00081,0.02273,0.93599,0.94701,1.6121,1.92888
ets,dead26,0.9,2,13,0.99,26,erratic,1901,0.88431,0.94209,0.07387,3.8232,0.94788,0.00579,0.03156,0.86278,0.90431,3.35777,4.40288
ets,dead26,0.9,2,13,0.99,26,intermittent,6539,0.90973,0.97084,0.165,2.42711,0.65843,0.01006,0.16532,0.89141,0.92364,1.96773,2.93093
ets,dead26,0.9,2,13,0.99,26,lumpy,2808,0.8428,0.95775,0.12834,5.40744,2.27417,0.02013,0.12108,0.8084,0.87054,4.51386,6.88403
ets,none,0.9,2,13,0.95,13,all,13844,0.91705,0.95838,0.10016,2.73814,0.65624,0.0,0.0,0.90801,0.92542,2.52919,2.96591
ets,none,0.9,2,13,0.95,13,smooth,2596,0.94158,0.92527,0.08889,1.77007,0.18112,0.0,0.0,0.936,0.94701,1.61858,1.93499
ets,none,0.9,2,13,0.95,13,erratic,1901,0.88432,0.9423,0.07359,3.87556,0.97138,0.0,0.0,0.8628,0.90433,3.38726,4.51487
ets,none,0.9,2,13,0.95,13,intermittent,6539,0.91285,0.97492,0.14191,2.88924,1.05354,0.0,0.0,0.89503,0.92614,2.35278,3.51207
ets,none,0.9,2,13,0.95,13,lumpy,2808,0.84396,0.96136,0.11737,6.17052,2.93033,0.0,0.0,0.80974,0.87177,5.16239,7.83965
ets,quantile,0.9,2,13,0.95,13,all,13844,0.91675,0.95828,0.10039,2.72453,0.65049,0.0012,0.01979,0.90759,0.92506,2.52011,2.94634
ets,quantile,0.9,2,13,0.95,13,smooth,2596,0.94158,0.92527,0.08889,1.76948,0.18112,0.00012,0.00077,0.936,0.94701,1.61847,1.93426
ets,quantile,0.9,2,13,0.95,13,erratic,1901,0.88373,0.94221,0.07372,3.85775,0.96671,0.00159,0.00579,0.8619,0.90353,3.36664,4.49094
ets,quantile,0.9,2,13,0.95,13,intermittent,6539,0.91229,0.97475,0.14285,2.83293,1.02223,0.0049,0.03456,0.89453,0.92537,2.32213,3.43423
ets,quantile,0.9,2,13,0.95,13,lumpy,2808,0.84255,0.96133,0.11747,6.10453,2.89647,0.0053,0.01246,0.80684,0.87163,5.11999,7.73813
ets,fixed,0.9,2,13,0.95,13,all,13844,0.90925,0.94798,0.12519,2.34924,0.41472,0.08022,0.55092,0.8997,0.91777,2.19236,2.5122
ets,fixed,0.9,2,13,0.95,13,smooth,2596,0.94145,0.92432,0.09002,1.74949,0.17335,0.00557,0.11094,0.93591,0.94691,1.59979,1.91419
ets,fixed,0.9,2,13,0.95,13,erratic,1901,0.87189,0.92987,0.08945,3.2674,0.68652,0.09447,0.35771,0.8471,0.89483,2.88654,3.7377
ets,fixed,0.9,2,13,0.95,13,intermittent,6539,0.89979,0.96556,0.19489,2.04659,0.46347,0.22105,0.71249,0.88056,0.91497,1.72215,2.45862
ets,fixed,0.9,2,13,0.95,13,lumpy,2808,0.79699,0.94117,0.17869,4.04784,1.30284,0.49777,0.71225,0.7471,0.83287,3.32289,5.09954
ets,dead13,0.9,2,13,0.95,13,all,13844,0.91604,0.95167,0.1163,2.53294,0.5065,0.01063,0.19272,0.90702,0.92421,2.34653,2.73749
ets,dead13,0.9,2,13,0.95,13,smooth,2596,0.9414,0.92413,0.09025,1.74062,0.16827,0.00259,0.06125,0.93577,0.94681,1.59101,1.90119
ets,dead13,0.9,2,13,0.95,13,erratic,1901,0.88413,0.94061,0.07576,3.68442,0.84004,0.01289,0.08522,0.86259,0.90418,3.25623,4.25594
ets,dead13,0.9,2,13,0.95,13,intermittent,6539,0.90491,0.96517,0.19705,2.17017,0.5239,0.02951,0.26854,0.88535,0.91886,1.80266,2.61837
ets,dead13,0.9,2,13,0.95,13,lumpy,2808,0.83917,0.95319,0.1422,4.9618,1.9567,0.05019,0.21047,0.80348,0.8666,4.12956,6.24119
ets,dead26,0.9,2,13,0.95,13,all,13844,0.91676,0.95566,0.1067,2.6337,0.57439,0.00419,0.11124,0.90771,0.92513,2.43042,2.85239
ets,dead26,0.9,2,13,0.95,13,smooth,2596,0.94157,0.92511,0.08908,1.76384,0.17923,0.00081,0.02273,0.93599,0.94701,1.6121,1.92888
ets,dead26,0.9,2,13,0.95,13,erratic,1901,0.88431,0.94209,0.07387,3.8232,0.94788,0.00579,0.03156,0.86278,0.90431,3.35777,4.40288
ets,dead26,0.9,2,13,0.95,13,intermittent,6539,0.90973,0.97084,0.165,2.42711,0.65843,0.01006,0.16532,0.89141,0.92364,1.96773,2.93093
ets,dead26,0.9,2,13,0.95,13,lumpy,2808,0.8428,0.95775,0.12834,5.40744,2.27417,0.02013,0.12108,0.8084,0.87054,4.51386,6.88403
ets,none,0.9,2,13,0.95,52,all,13844,0.91705,0.95838,0.10016,2.73814,0.65624,0.0,0.0,0.90801,0.92542,2.52919,2.96591
ets,none,0.9,2,13,0.95,52,smooth,2596,0.94158,0.92527,0.08889,1.77007,0.18112,0.0,0.0,0.936,0.94701,1.61858,1.93499
ets,none,0.9,2,13,0.95,52,erratic,1901,0.88432,0.9423,0.07359,3.87556,0.97138,0.0,0.0,0.8628,0.90433,3.38726,4.51487
ets,none,0.9,2,13,0.95,52,intermittent,6539,0.91285,0.97492,0.14191,2.88924,1.05354,0.0,0.0,0.89503,0.92614,2.35278,3.51207
ets,none,0.9,2,13,0.95,52,lumpy,2808,0.84396,0.96136,0.11737,6.17052,2.93033,0.0,0.0,0.80974,0.87177,5.16239,7.83965
ets,quantile,0.9,2,13,0.95,52,all,13844,0.91675,0.95828,0.10039,2.72453,0.65049,0.0012,0.01979,0.90759,0.92506,2.52011,2.94634
ets,quantile,0.9,2,13,0.95,52,smooth,2596,0.94158,0.92527,0.08889,1.76948,0.18112,0.00012,0.00077,0.936,0.94701,1.61847,1.93426
ets,quantile,0.9,2,13,0.95,52,erratic,1901,0.88373,0.94221,0.07372,3.85775,0.96671,0.00159,0.00579,0.8619,0.90353,3.36664,4.49094
ets,quantile,0.9,2,13,0.95,52,intermittent,6539,0.91229,0.97475,0.14285,2.83293,1.02223,0.0049,0.03456,0.89453,0.92537,2.32213,3.43423
ets,quantile,0.9,2,13,0.95,52,lumpy,2808,0.84255,0.96133,0.11747,6.10453,2.89647,0.0053,0.01246,0.80684,0.87163,5.11999,7.73813
ets,fixed,0.9,2,13,0.95,52,all,13844,0.91651,0.95533,0.1075,2.57513,0.52496,0.04721,0.35077,0.90746,0.92489,2.38397,2.78379
ets,fixed,0.9,2,13,0.95,52,smooth,2596,0.94156,0.92508,0.08912,1.75857,0.17516,0.00368,0.03659,0.93599,0.94701,1.60676,1.92386
ets,fixed,0.9,2,13,0.95,52,erratic,1901,0.88411,0.9413,0.07487,3.73716,0.87993,0.03381,0.09416,0.86247,0.90413,3.28905,4.34533
ets,fixed,0.9,2,13,0.95,52,intermittent,6539,0.90916,0.97093,0.16448,2.38158,0.62736,0.15758,0.52072,0.89077,0.92326,1.93403,2.87638
ets,fixed,0.9,2,13,0.95,52,lumpy,2808,0.84074,0.95647,0.13222,5.02034,1.92235,0.34389,0.41916,0.80581,0.86854,4.18256,6.29822
ets,dead13,0.9,2,13,0.95,52,all,13844,0.91604,0.95167,0.1163,2.53294,0.5065,0.01063,0.19272,0.90702,0.92421,2.34653,2.73749
ets,dead13,0.9,2,13,0.95,52,smooth,2596,0.9414,0.92413,0.09025,1.74062,0.16827,0.00259,0.06125,0.93577,0.94681,1.59101,1.90119
ets,dead13,0.9,2,13,0.95,52,erratic,1901,0.88413,0.94061,0.07576,3.68442,0.84004,0.01289,0.08522,0.86259,0.90418,3.25623,4.25594
ets,dead13,0.9,2,13,0.95,52,intermittent,6539,0.90491,0.96517,0.19705,2.17017,0.5239,0.02951,0.26854,0.88535,0.91886,1.80266,2.61837
ets,dead13,0.9,2,13,0.95,52,lumpy,2808,0.83917,0.95319,0.1422,4.9618,1.9567,0.05019,0.21047,0.80348,0.8666,4.12956,6.24119
ets,dead26,0.9,2,13,0.95,52,all,13844,0.91676,0.95566,0.1067,2.6337,0.57439,0.00419,0.11124,0.90771,0.92513,2.43042,2.85239
ets,dead26,0.9,2,13,0.95,52,smooth,2596,0.94157,0.92511,0.08908,1.76384,0.17923,0.00081,0.02273,0.93599,0.94701,1.6121,1.92888
ets,dead26,0.9,2,13,0.95,52,erratic,1901,0.88431,0.94209,0.07387,3.8232,0.94788,0.00579,0.03156,0.86278,0.90431,3.35777,4.40288
ets,dead26,0.9,2,13,0.95,52,intermittent,6539,0.90973,0.97084,0.165,2.42711,0.65843,0.01006,0.16532,0.89141,0.92364,1.96773,2.93093
ets,dead26,0.9,2,13,0.95,52,lumpy,2808,0.8428,0.95775,0.12834,5.40744,2.27417,0.02013,0.12108,0.8084,0.87054,4.51386,6.88403
lgb_tweedie,none,0.5,2,13,0.95,26,all,13844,0.82313,0.89491,0.25289,1.28285,0.29265,0.0,0.0,0.81386,0.83314,1.16062,1.41744
lgb_tweedie,none,0.5,2,13,0.95,26,smooth,2596,0.85347,0.78745,0.25283,0.91687,0.12386,0.0,0.0,0.84579,0.86328,0.79598,1.0395
lgb_tweedie,none,0.5,2,13,0.95,26,erratic,1901,0.77423,0.81756,0.23271,1.54711,0.32799,0.0,0.0,0.74413,0.79694,1.29125,1.82953
lgb_tweedie,none,0.5,2,13,0.95,26,intermittent,6539,0.82229,0.95272,0.26749,1.67057,0.65734,0.0,0.0,0.80139,0.83791,1.30522,2.09687
lgb_tweedie,none,0.5,2,13,0.95,26,lumpy,2808,0.75868,0.912,0.2673,2.89425,1.18906,0.0,0.0,0.72769,0.78145,2.33513,3.89799
lgb_tweedie,quantile,0.5,2,13,0.95,26,all,13844,0.82289,0.89483,0.25308,1.25815,0.27983,0.0018,0.01177,0.81377,0.83292,1.14019,1.38661
lgb_tweedie,quantile,0.5,2,13,0.95,26,smooth,2596,0.85344,0.78742,0.25287,0.91543,0.12377,0.00013,0.00077,0.84576,0.86323,0.79571,1.03887
lgb_tweedie,quantile,0.5,2,13,0.95,26,erratic,1901,0.77402,0.81749,0.2328,1.53697,0.32645,0.00086,0.00526,0.74402,0.79668,1.28517,1.82515
lgb_tweedie,quantile,0.5,2,13,0.95,26,intermittent,6539,0.82209,0.95268,0.26777,1.60253,0.6223,0.00469,0.013,0.80126,0.8378,1.27052,2.0081
lgb_tweedie,quantile,0.5,2,13,0.95,26,lumpy,2808,0.75669,0.91181,0.26789,2.6727,1.05573,0.01572,0.0235,0.72511,0.77982,2.18719,3.50586
lgb_tweedie,fixed,0.5,2,13,0.95,26,all,13844,0.82137,0.89225,0.2593,1.24793,0.2698,0.00797,0.36926,0.81213,0.83146,1.12827,1.38286
lgb_tweedie,fixed,0.5,2,13,0.95,26,smooth,2596,0.85345,0.78728,0.25304,0.91307,0.12255,0.00081,0.03968,0.84578,0.86326,0.79262,1.03447
lgb_tweedie,fixed,0.5,2,13,0.95,26,erratic,1901,0.77258,0.81701,0.23341,1.53279,0.32298,0.00412,0.09521,0.74278,0.79533,1.27895,1.81035
lgb_tweedie,fixed,0.5,2,13,0.95,26,intermittent,6539,0.81955,0.94881,0.28964,1.38771,0.44087,0.06223,0.55391,0.79894,0.83549,1.09114,1.75103
lgb_tweedie,fixed,0.5,2,13,0.95,26,lumpy,2808,0.74379,0.90851,0.27792,2.74386,1.09143,0.03362,0.42949,0.70856,0.77056,2.21585,3.67336
lgb_tweedie,dead13,0.5,2,13,0.95,26,all,13844,0.82232,0.88942,0.26611,1.21487,0.26143,0.00585,0.19424,0.81319,0.83221,1.10129,1.35144
lgb_tweedie,dead13,0.5,2,13,0.95,26,smooth,2596,0.85331,0.78638,0.2541,0.90005,0.11944,0.00185,0.06202,0.84562,0.86311,0.77902,1.02295
lgb_tweedie,dead13,0.5,2,13,0.95,26,erratic,1901,0.77407,0.81608,0.2346,1.49093,0.30937,0.00625,0.08574,0.74399,0.79683,1.24174,1.77216
lgb_tweedie,dead13,0.5,2,13,0.95,26,intermittent,6539,0.81536,0.94422,0.31559,1.26451,0.4081,0.02322,0.27007,0.79303,0.83264,0.99499,1.58576
lgb_tweedie,dead13,0.5,2,13,0.95,26,lumpy,2808,0.75544,0.9067,0.28342,2.65787,1.07988,0.02156,0.21332,0.72273,0.77908,2.13799,3.61106
lgb_tweedie,dead26,0.5,2,13,0.95,26,all,13844,0.82296,0.89283,0.25791,1.25922,0.27633,0.0011,0.11182,0.81369,0.83298,1.13927,1.39403
lgb_tweedie,dead26,0.5,2,13,0.95,26,smooth,2596,0.85346,0.78735,0.25295,0.91485,0.1234,0.00032,0.02273,0.84579,0.86327,0.794,1.03674
lgb_tweedie,dead26,0.5,2,13,0.95,26,erratic,1901,0.77422,0.81737,0.23295,1.53727,0.32539,0.00103,0.03209,0.74413,0.79693,1.28247,1.81504
lgb_tweedie,dead26,0.5,2,13,0.95,26,intermittent,6539,0.82042,0.94931,0.2868,1.45575,0.48259,0.00598,0.16577,0.79963,0.83617,1.13222,1.83626
lgb_tweedie,dead26,0.5,2,13,0.95,26,lumpy,2808,0.75803,0.90988,0.27374,2.80745,1.12824,0.00353,0.12251,0.72708,0.78082,2.26331,3.79776
lgb_tweedie,none,0.8,2,13,0.95,26,all,13844,0.90227,0.94737,0.12664,2.07468,0.44174,0.0,0.0,0.89334,0.91063,1.90938,2.24092
lgb_tweedie,none,0.8,2,13,0.95,26,smooth,2596,0.92916,0.9066,0.11109,1.51304,0.16908,0.0,0.0,0.92305,0.93603,1.36344,1.66685
lgb_tweedie,none,0.8,2,13,0.95,26,erratic,1901,0.86251,0.91057,0.11407,2.59858,0.55683,0.0,0.0,0.83784,0.88171,2.26792,3.00133
lgb_tweedie,none,0.8,2,13,0.95,26,intermittent,6539,0.90076,0.97365,0.14907,2.52116,0.91253,0.0,0.0,0.88252,0.91495,2.01713,3.15795
lgb_tweedie,none,0.8,2,13,0.95,26,lumpy,2808,0.83319,0.94878,0.15558,4.25345,1.78202,0.0,0.0,0.79886,0.86121,3.52496,5.60948
lgb_tweedie,quantile,0.8,2,13,0.95,26,all,13844,0.90209,0.94733,0.12675,2.04981,0.42721,0.00203,0.01409,0.89326,0.91019,1.88512,2.2129
lgb_tweedie,quantile,0.8,2,13,0.95,26,smooth,2596,0.92916,0.9066,0.11109,1.51191,0.1689,0.00015,0.00154,0.92305,0.93603,1.36311,1.66558
lgb_tweedie,quantile,0.8,2,13,0.95,26,erratic,1901,0.86242,0.91057,0.11407,2.58911,0.55478,0.001,0.00684,0.83767,0.88171,2.25857,2.99288
lgb_tweedie,quantile,0.8,2,13,0.95,26,intermittent,6539,0.90057,0.97363,0.14918,2.45471,0.87478,0.00502,0.01514,0.88239,0.91476,1.97641,3.05208
lgb_tweedie,quantile,0.8,2,13,0.95,26,lumpy,2808,0.83141,0.9486,0.15612,4.02376,1.63109,0.01787,0.02813,0.79618,0.86062,3.3363,5.32258
lgb_tweedie,fixed,0.8,2,13,0.95,26,all,13844,0.90027,0.9442,0.13428,2.00886,0.4068,0.01428,0.41354,0.89135,0.90883,1.8474,2.17334
lgb_tweedie,fixed,0.8,2,13,0.95,26,smooth,2596,0.92912,0.90634,0.11141,1.50184,0.16576,0.00237,0.052,0.92302,0.93596,1.35418,1.65481
lgb_tweedie,fixed,0.8,2,13,0.95,26,erratic,1901,0.86067,0.90957,0.11535,2.54621,0.54163,0.01193,0.12257,0.83475,0.87989,2.21689,2.95322
lgb_tweedie,fixed,0.8,2,13,0.95,26,intermittent,6539,0.89751,0.96928,0.17384,2.12843,0.63466,0.0832,0.61278,0.87854,0.91171,1.72545,2.63399
lgb_tweedie,fixed,0.8,2,13,0.95,26,lumpy,2808,0.81649,0.94425,0.16935,3.97764,1.62677,0.05986,0.48077,0.77581,0.84903,3.28666,5.22409
lgb_tweedie,dead13,0.8,2,13,0.95,26,all,13844,0.90135,0.94122,0.14146,1.96495,0.38294,0.00859,0.19452,0.89222,0.90969,1.80899,2.12635
lgb_tweedie,dead13,0.8,2,13,0.95,26,smooth,2596,0.92897,0.90538,0.11255,1.48365,0.1573,0.0027,0.06202,0.92297,0.93592,1.33353,1.63413
lgb_tweedie,dead13,0.8,2,13,0.95,26,erratic,1901,0.86233,0.9089,0.1162,2.49306,0.50793,0.01035,0.08574,0.83763,0.8816,2.17655,2.882
lgb_tweedie,dead13,0.8,2,13,0.95,26,intermittent,6539,0.89381,0.96441,0.20138,1.97304,0.55895,0.03007,0.27084,0.87404,0.90846,1.59542,2.44058
lgb_tweedie,dead13,0.8,2,13,0.95,26,lumpy,2808,0.829,0.94223,0.17549,3.85536,1.55911,0.03113,0.21296,0.79376,0.85825,3.16351,5.10526
lgb_tweedie,dead26,0.8,2,13,0.95,26,all,13844,0.90206,0.94516,0.13198,2.03681,0.41945,0.00247,0.11175,0.89313,0.91041,1.87384,2.20333
lgb_tweedie,dead26,0.8,2,13,0.95,26,smooth,2596,0.92915,0.90648,0.11124,1.50776,0.16809,0.00086,0.02273,0.92305,0.93602,1.35859,1.66155
lgb_tweedie,dead26,0.8,2,13,0.95,26,erratic,1901,0.8625,0.91038,0.11431,2.57607,0.55113,0.00262,0.03209,0.83782,0.8817,2.2488,2.97797
lgb_tweedie,dead26,0.8,2,13,0.95,26,intermittent,6539,0.89872,0.9701,0.16916,2.23919,0.69713,0.01,0.16593,0.88011,0.91309,1.80115,2.7684
lgb_tweedie,dead26,0.8,2,13,0.95,26,lumpy,2808,0.83223,0.94635,0.16295,4.10397,1.69077,0.00845,0.12179,0.79748,0.86052,3.39344,5.42307
lgb_tweedie,none,0.9,2,13,0.95,26,all,13844,0.92387,0.96102,0.09381,2.56734,0.532,0.0,0.0,0.91658,0.93099,2.37033,2.76127
lgb_tweedie,none,0.9,2,13,0.95,26,smooth,2596,0.9482,0.93628,0.07579,1.89281,0.19608,0.0,0.0,0.94332,0.95404,1.72422,2.0665
lgb_tweedie,none,0.9,2,13,0.95,26,erratic,1901,0.8898,0.93214,0.08656,3.24866,0.69604,0.0,0.0,0.86806,0.90666,2.87004,3.69864
lgb_tweedie,none,0.9,2,13,0.95,26,intermittent,6539,0.9236,0.97991,0.11367,3.04149,1.07224,0.0,0.0,0.90665,0.93757,2.46936,3.75336
lgb_tweedie,none,0.9,2,13,0.95,26,lumpy,2808,0.85394,0.95943,0.12322,5.05192,2.13753,0.0,0.0,0.81902,0.88442,4.23785,6.58701
lgb_tweedie,quantile,0.9,2,13,0.95,26,all,13844,0.92373,0.96096,0.09394,2.54312,0.51554,0.00228,0.01705,0.91652,0.93076,2.34948,2.73141
lgb_tweedie,quantile,0.9,2,13,0.95,26,smooth,2596,0.9482,0.93628,0.07579,1.89187,0.19584,0.00016,0.00231,0.94332,0.95404,1.72325,2.0656
lgb_tweedie,quantile,0.9,2,13,0.95,26,erratic,1901,0.88977,0.93214,0.08656,3.23731,0.6923,0.00135,0.00947,0.86797,0.90664,2.86102,3.68432
lgb_tweedie,quantile,0.9,2,13,0.95,26,intermittent,6539,0.9234,0.9799,0.11375,2.97975,1.03269,0.00537,0.01881,0.90644,0.93751,2.43215,3.67505
lgb_tweedie,quantile,0.9,2,13,0.95,26,lumpy,2808,0.85237,0.95921,0.12391,4.83212,1.96917,0.01948,0.0317,0.817,0.88297,4.04966,6.36971
lgb_tweedie,fixed,0.9,2,13,0.95,26,all,13844,0.92171,0.95743,0.10244,2.48017,0.48846,0.01837,0.43456,0.9145,0.92848,2.28741,2.66524
lgb_tweedie,fixed,0.9,2,13,0.95,26,smooth,2596,0.94816,0.936,0.07613,1.87717,0.19139,0.00327,0.05586,0.94329,0.95399,1.71094,2.05319
lgb_tweedie,fixed,0.9,2,13,0.95,26,erratic,1901,0.88777,0.93095,0.08808,3.16599,0.67451,0.01701,0.13572,0.86493,0.90581,2.79522,3.60874
lgb_tweedie,fixed,0.9,2,13,0.95,26,intermittent,6539,0.92007,0.97508,0.141,2.57554,0.74938,0.09859,0.64123,0.90221,0.93476,2.10368,3.17652
lgb_tweedie,fixed,0.9,2,13,0.95,26,lumpy,2808,0.83594,0.95408,0.1395,4.69615,1.93866,0.0763,0.5057,0.79556,0.86911,3.8835,6.14362
lgb_tweedie,dead13,0.9,2,13,0.95,26,all,13844,0.9229,0.95457,0.10932,2.43547,0.4583,0.01003,0.19496,0.91564,0.92983,2.24618,2.6241
lgb_tweedie,dead13,0.9,2,13,0.95,26,smooth,2596,0.94798,0.93492,0.07742,1.85686,0.18041,0.00313,0.06202,0.94324,0.95374,1.69054,2.02895
lgb_tweedie,dead13,0.9,2,13,0.95,26,erratic,1901,0.88962,0.93037,0.08881,3.11736,0.63126,0.01249,0.08574,0.8678,0.9065,2.74899,3.54903
lgb_tweedie,dead13,0.9,2,13,0.95,26,intermittent,6539,0.91632,0.9703,0.16802,2.41475,0.66058,0.03364,0.27191,0.89731,0.93095,1.98168,2.96621
lgb_tweedie,dead13,0.9,2,13,0.95,26,lumpy,2808,0.84933,0.95249,0.14432,4.5685,1.85202,0.03619,0.21261,0.81286,0.88158,3.77688,6.03999
lgb_tweedie,dead26,0.9,2,13,0.95,26,all,13844,0.92365,0.95875,0.09926,2.5218,0.50641,0.00319,0.11167,0.91635,0.93076,2.32404,2.71351
lgb_tweedie,dead26,0.9,2,13,0.95,26,smooth,2596,0.94819,0.93614,0.07596,1.8858,0.19479,0.00114,0.02273,0.94332,0.95403,1.71884,2.06014
lgb_tweedie,dead26,0.9,2,13,0.95,26,erratic,1901,0.88979,0.93193,0.08683,3.21953,0.68873,0.00344,0.03209,0.86805,0.90665,2.84497,3.66081
lgb_tweedie,dead26,0.9,2,13,0.95,26,intermittent,6539,0.92148,0.9763,0.13408,2.72218,0.83403,0.0122,0.16577,0.90399,0.93597,2.20439,3.35483
lgb_tweedie,dead26,0.9,2,13,0.95,26,lumpy,2808,0.85286,0.95694,0.1308,4.8687,2.02931,0.01102,0.12179,0.81751,0.88354,4.05148,6.35861
lgb_tweedie,none,0.95,2,13,0.95,26,all,13844,0.93646,0.96881,0.07505,2.99796,0.61565,0.0,0.0,0.92991,0.94286,2.77326,3.2114
lgb_tweedie,none,0.95,2,13,0.95,26,smooth,2596,0.95876,0.95325,0.05561,2.22502,0.21978,0.0,0.0,0.95393,0.96414,2.03209,2.41288
lgb_tweedie,none,0.95,2,13,0.95,26,erratic,1901,0.90676,0.94469,0.07054,3.81585,0.8295,0.0,0.0,0.88651,0.92247,3.37824,4.32435
lgb_tweedie,none,0.95,2,13,0.95,26,intermittent,6539,0.93636,0.98371,0.09215,3.50179,1.2248,0.0,0.0,0.9202,0.94947,2.86703,4.2786
lgb_tweedie,none,0.95,2,13,0.95,26,lumpy,2808,0.86689,0.96484,0.1068,5.74702,2.45792,0.0,0.0,0.83198,0.89639,4.83195,7.47681
lgb_tweedie,quantile,0.95,2,13,0.95,26,all,13844,0.93633,0.96876,0.07519,2.97351,0.59694,0.00262,0.02109,0.92976,0.94274,2.75344,3.18637
lgb_tweedie,quantile,0.95,2,13,0.95,26,smooth,2596,0.95876,0.95325,0.05561,2.22407,0.21949,0.00017,0.00308,0.95393,0.96414,2.0311,2.41262
lgb_tweedie,quantile,0.95,2,13,0.95,26,erratic,1901,0.90671,0.94469,0.07054,3.80061,0.82298,0.00183,0.01315,0.88641,0.92243,3.36851,4.31296
lgb_tweedie,quantile,0.95,2,13,0.95,26,intermittent,6539,0.93616,0.98369,0.09227,3.44332,1.18309,0.006,0.0234,0.91985,0.9494,2.83251,4.2035
lgb_tweedie,quantile,0.95,2,13,0.95,26,lumpy,2808,0.86551,0.9646,0.10754,5.53501,2.27213,0.02166,0.03775,0.83056,0.89514,4.65163,7.28216
lgb_tweedie,fixed,0.95,2,13,0.95,26,all,13844,0.9342,0.96475,0.08483,2.8896,0.56333,0.0227,0.45587,0.92751,0.94105,2.67167,3.09586
lgb_tweedie,fixed,0.95,2,13,0.95,26,smooth,2596,0.95871,0.95293,0.05598,2.2054,0.21382,0.00403,0.06279,0.95382,0.96405,2.01274,2.39413
lgb_tweedie,fixed,0.95,2,13,0.95,26,erratic,1901,0.90461,0.9434,0.07219,3.70578,0.8023,0.02165,0.14203,0.8836,0.92059,3.2871,4.18746
lgb_tweedie,fixed,0.95,2,13,0.95,26,intermittent,6539,0.93245,0.97817,0.12354,2.96035,0.85438,0.11755,0.67029,0.91522,0.94664,2.43121,3.62492
lgb_tweedie,fixed,0.95,2,13,0.95,26,lumpy,2808,0.84837,0.95888,0.1249,5.3015,2.21221,0.09559,0.53241,0.80897,0.88102,4.39095,6.92981
lgb_tweedie,dead13,0.95,2,13,0.95,26,all,13844,0.93544,0.96218,0.09102,2.84718,0.52929,0.01125,0.1946,0.92896,0.94192,2.63016,3.05656
lgb_tweedie,dead13,0.95,2,13,0.95,26,smooth,2596,0.95854,0.95188,0.05723,2.18354,0.20092,0.0035,0.06202,0.95357,0.96388,1.99419,2.36973
lgb_tweedie,dead13,0.95,2,13,0.95,26,erratic,1901,0.90658,0.94295,0.07277,3.66329,0.75162,0.01425,0.08627,0.8863,0.92236,3.24966,4.1382
lgb_tweedie,dead13,0.95,2,13,0.95,26,intermittent,6539,0.92881,0.97384,0.14804,2.80417,0.76124,0.0369,0.27068,0.91051,0.94351,2.32031,3.43197
lgb_tweedie,dead13,0.95,2,13,0.95,26,lumpy,2808,0.86204,0.95756,0.12893,5.19048,2.11916,0.04052,0.21332,0.8254,0.89336,4.28054,6.81478
lgb_tweedie,dead26,0.95,2,13,0.95,26,all,13844,0.93622,0.96649,0.08063,2.94599,0.58736,0.0038,0.11196,0.92969,0.94262,2.72282,3.1569
lgb_tweedie,dead26,0.95,2,13,0.95,26,smooth,2596,0.95874,0.95311,0.05578,2.2166,0.21827,0.00137,0.02273,0.9539,0.96412,2.02379,2.40321
lgb_tweedie,dead26,0.95,2,13,0.95,26,erratic,1901,0.90675,0.94448,0.07082,3.78129,0.82087,0.00412,0.03209,0.8865,0.92247,3.35791,4.27265
lgb_tweedie,dead26,0.95,2,13,0.95,26,intermittent,6539,0.93417,0.98004,0.11296,3.15046,0.96822,0.01421,0.16593,0.91741,0.94804,2.57362,3.885
lgb_tweedie,dead26,0.95,2,13,0.95,26,lumpy,2808,0.86573,0.96223,0.11472,5.53525,2.33553,0.01319,0.12286,0.82995,0.89543,4.61646,7.21241
lgb_tweedie,none,0.99,2,13,0.95,26,all,13844,0.95206,0.97797,0.05301,3.85495,0.78859,0.0,0.0,0.94614,0.95804,3.58526,4.12125
lgb_tweedie,none,0.99,2,13,0.95,26,smooth,2596,0.97181,0.97079,0.03474,2.8888,0.27061,0.0,0.0,0.96727,0.97647,2.65407,3.12429
lgb_tweedie,none,0.99,2,13,0.95,26,erratic,1901,0.92784,0.96021,0.05075,4.94063,1.10987,0.0,0.0,0.90988,0.94222,4.39034,5.5752
lgb_tweedie,none,0.99,2,13,0.95,26,intermittent,6539,0.95144,0.98818,0.0669,4.39487,1.52475,0.0,0.0,0.93774,0.96307,3.633,5.30801
lgb_tweedie,none,0.99,2,13,0.95,26,lumpy,2808,0.88358,0.97287,0.08241,7.14214,3.1033,0.0,0.0,0.85212,0.91045,6.02302,9.26288
lgb_tweedie,quantile,0.99,2,13,0.95,26,all,13844,0.9519,0.97788,0.05322,3.8254,0.76257,0.00391,0.03373,0.94581,0.95765,3.56097,4.09062
lgb_tweedie,quantile,0.99,2,13,0.95,26,smooth,2596,0.97181,0.97079,0.03474,2.88803,0.27017,0.00019,0.00347,0.96727,0.97647,2.65329,3.12399
lgb_tweedie,quantile,0.99,2,13,0.95,26,erratic,1901,0.9277,0.96014,0.05084,4.91049,1.09163,0.00376,0.02315,0.90964,0.94199,4.37207,5.53552
lgb_tweedie,quantile,0.99,2,13,0.95,26,intermittent,6539,0.95119,0.9881,0.06734,4.33627,1.47486,0.00855,0.03961,0.93743,0.96284,3.59851,5.24722
lgb_tweedie,quantile,0.99,2,13,0.95,26,lumpy,2808,0.88219,0.97266,0.08305,6.91428,2.87049,0.0296,0.0552,0.85066,0.90992,5.78708,9.04725
lgb_tweedie,fixed,0.99,2,13,0.95,26,all,13844,0.94959,0.97322,0.06445,3.69961,0.71624,0.03246,0.49068,0.94312,0.9557,3.43397,3.94771
lgb_tweedie,fixed,0.99,2,13,0.95,26,smooth,2596,0.97175,0.97041,0.0352,2.86072,0.26182,0.00555,0.07011,0.96724,0.9764,2.62612,3.07959
lgb_tweedie,fixed,0.99,2,13,0.95,26,erratic,1901,0.92538,0.95851,0.05292,4.77183,1.06875,0.03136,0.1636,0.90534,0.94148,4.27276,5.38114
lgb_tweedie,fixed,0.99,2,13,0.95,26,intermittent,6539,0.94697,0.98179,0.10305,3.69254,1.06062,0.16075,0.71662,0.93223,0.95974,3.0599,4.46097
lgb_tweedie,fixed,0.99,2,13,0.95,26,lumpy,2808,0.86397,0.96581,0.10385,6.48237,2.74141,0.14277,0.57479,0.82769,0.8948,5.39344,8.41585
lgb_tweedie,dead13,0.99,2,13,0.95,26,all,13844,0.95098,0.97105,0.06966,3.66871,0.67898,0.01367,0.19467,0.94503,0.95688,3.40312,3.92442
lgb_tweedie,dead13,0.99,2,13,0.95,26,smooth,2596,0.97158,0.96945,0.03634,2.8365,0.24572,0.00426,0.06202,0.96707,0.97628,2.60782,3.05186
lgb_tweedie,dead13,0.99,2,13,0.95,26,erratic,1901,0.92765,0.95844,0.05301,4.74778,1.00722,0.01761,0.08627,0.90967,0.94203,4.22676,5.32362
lgb_tweedie,dead13,0.99,2,13,0.95,26,intermittent,6539,0.94353,0.97789,0.12507,3.56992,0.97043,0.0433,0.27099,0.92732,0.9565,2.98182,4.32409
lgb_tweedie,dead13,0.99,2,13,0.95,26,lumpy,2808,0.87836,0.96515,0.10587,6.44893,2.66674,0.04937,0.21296,0.84486,0.90616,5.33424,8.43901
lgb_tweedie,dead26,0.99,2,13,0.95,26,all,13844,0.9518,0.97554,0.05886,3.79109,0.75516,0.00491,0.11211,0.94584,0.95778,3.52227,4.04859
lgb_tweedie,dead26,0.99,2,13,0.95,26,smooth,2596,0.97179,0.97065,0.03491,2.87772,0.26865,0.00181,0.02273,0.96725,0.97643,2.6427,3.10428
lgb_tweedie,dead26,0.99,2,13,0.95,26,erratic,1901,0.92783,0.96,0.05102,4.89585,1.09876,0.0054,0.03209,0.90987,0.94221,4.36473,5.52743
lgb_tweedie,dead26,0.99,2,13,0.95,26,intermittent,6539,0.94913,0.98435,0.08857,3.98501,1.23176,0.01755,0.16623,0.93514,0.96135,3.28778,4.86671
lgb_tweedie,dead26,0.99,2,13,0.95,26,lumpy,2808,0.88226,0.97009,0.09087,6.87827,2.95505,0.01716,0.12286,0.84966,0.90941,5.75487,8.93592
lgb_tweedie,none,0.9,1,13,0.95,26,all,13844,0.92855,0.95927,0.09801,1.72272,0.31862,0.0,0.0,0.92099,0.93511,1.58356,1.85499
lgb_tweedie,none,0.9,1,13,0.95,26,smooth,2596,0.95081,0.93108,0.08198,1.26618,0.11158,0.0,0.0,0.94581,0.95598,1.15773,1.38258
lgb_tweedie,none,0.9,1,13,0.95,26,erratic,1901,0.89368,0.92987,0.08945,2.18268,0.43929,0.0,0.0,0.87444,0.90911,1.88831,2.51606
lgb_tweedie,none,0.9,1,13,0.95,26,intermittent,6539,0.93169,0.97945,0.11626,2.08796,0.67583,0.0,0.0,0.91676,0.94273,1.67471,2.60017
lgb_tweedie,none,0.9,1,13,0.95,26,lumpy,2808,0.87473,0.95825,0.12681,3.37309,1.2205,0.0,0.0,0.84355,0.89806,2.83351,4.40832
lgb_tweedie,quantile,0.9,1,13,0.95,26,all,13844,0.9285,0.95926,0.09804,1.71756,0.31571,0.00052,0.00607,0.92093,0.93502,1.57945,1.84968
lgb_tweedie,quantile,0.9,1,13,0.95,26,smooth,2596,0.95081,0.93108,0.08198,1.26615,0.11157,0.0,0.00039,0.94581,0.95598,1.15768,1.38255
lgb_tweedie,quantile,0.9,1,13,0.95,26,erratic,1901,0.89368,0.92987,0.08945,2.18208,0.43923,0.00019,0.0021,0.87444,0.90911,1.88755,2.5157
lgb_tweedie,quantile,0.9,1,13,0.95,26,intermittent,6539,0.93158,0.97945,0.1163,2.06913,0.66484,0.00174,0.00581,0.91676,0.94257,1.66313,2.57737
lgb_tweedie,quantile,0.9,1,13,0.95,26,lumpy,2808,0.87409,0.9582,0.12696,3.32307,1.19167,0.00468,0.0146,0.84328,0.89785,2.79574,4.34878
lgb_tweedie,fixed,0.9,1,13,0.95,26,all,13844,0.9282,0.95693,0.10365,1.67956,0.2978,0.01278,0.37699,0.92063,0.93477,1.54376,1.80534
lgb_tweedie,fixed,0.9,1,13,0.95,26,smooth,2596,0.9508,0.93091,0.08219,1.25895,0.10992,0.00168,0.04468,0.9458,0.95597,1.15167,1.37071
lgb_tweedie,fixed,0.9,1,13,0.95,26,erratic,1901,0.89362,0.92934,0.09012,2.14476,0.43151,0.0085,0.09574,0.87431,0.90903,1.85894,2.4738
lgb_tweedie,fixed,0.9,1,13,0.95,26,intermittent,6539,0.92945,0.97582,0.13679,1.83261,0.49367,0.09817,0.56935,0.91397,0.9406,1.48296,2.26278
lgb_tweedie,fixed,0.9,1,13,0.95,26,lumpy,2808,0.87228,0.95566,0.13468,3.20214,1.13425,0.04566,0.42664,0.84059,0.89618,2.67488,4.18927
lgb_tweedie,dead13,0.9,1,13,0.95,26,all,13844,0.9278,0.95373,0.11134,1.63917,0.275,0.00675,0.19272,0.92027,0.93418,1.50687,1.76508
lgb_tweedie,dead13,0.9,1,13,0.95,26,smooth,2596,0.95069,0.93017,0.08306,1.24478,0.10297,0.00197,0.06125,0.94568,0.95586,1.13541,1.35521
lgb_tweedie,dead13,0.9,1,13,0.95,26,erratic,1901,0.89354,0.92848,0.09122,2.09954,0.40436,0.00849,0.08522,0.87429,0.90902,1.81877,2.42959
lgb_tweedie,dead13,0.9,1,13,0.95,26,intermittent,6539,0.9255,0.9709,0.16464,1.66668,0.40441,0.02361,0.26854,0.91005,0.93745,1.35184,2.05563
lgb_tweedie,dead13,0.9,1,13,0.95,26,lumpy,2808,0.8712,0.95264,0.14388,3.07521,1.05674,0.02438,0.21047,0.83874,0.89503,2.53313,4.01731
lgb_tweedie,dead26,0.9,1,13,0.95,26,all,13844,0.92838,0.95721,0.10297,1.69464,0.3025,0.00188,0.11124,0.92083,0.93494,1.55658,1.8234
lgb_tweedie,dead26,0.9,1,13,0.95,26,smooth,2596,0.9508,0.93096,0.08212,1.26245,0.11098,0.00064,0.02273,0.94581,0.95597,1.15432,1.37629
lgb_tweedie,dead26,0.9,1,13,0.95,26,erratic,1901,0.89368,0.9297,0.08967,2.16652,0.43581,0.00196,0.03156,0.87443,0.9091,1.87664,2.4988
lgb_tweedie,dead26,0.9,1,13,0.95,26,intermittent,6539,0.92985,0.97607,0.13538,1.87026,0.51104,0.00787,0.16532,0.91438,0.94094,1.51027,2.30402
lgb_tweedie,dead26,0.9,1,13,0.95,26,lumpy,2808,0.87403,0.95618,0.13311,3.26588,1.15858,0.00647,0.12108,0.84237,0.89753,2.73647,4.2772
lgb_tweedie,none,0.9,4,13,0.95,26,all,13844,0.91476,0.96484,0.08461,4.39871,1.12113,0.0,0.0,0.90691,0.92248,4.06222,4.73288
lgb_tweedie,none,0.9,4,13,0.95,26,smooth,2596,0.94309,0.94472,0.06575,3.2142,0.44341,0.0,0.0,0.93744,0.95023,2.88934,3.56115
lgb_tweedie,none,0.9,4,13,0.95,26,erratic,1901,0.87831,0.93621,0.08137,5.51419,1.3786,0.0,0.0,0.85114,0.89687,4.92197,6.15226
lgb_tweedie,none,0.9,4,13,0.95,26,intermittent,6539,0.91577,0.98196,0.10206,5.33232,2.27511,0.0,0.0,0.8951,0.93179,4.35552,6.47894
lgb_tweedie,none,0.9,4,13,0.95,26,lumpy,2808,0.82103,0.96296,0.1125,8.96343,4.56524,0.0,0.0,0.78013,0.85446,7.18241,12.41594
lgb_tweedie,quantile,0.9,4,13,0.95,26,all,13844,0.91411,0.9642,0.08616,4.21959,1.00354,0.01379,0.09737,0.90636,0.92176,3.9163,4.52904
lgb_tweedie,quantile,0.9,4,13,0.95,26,smooth,2596,0.94307,0.94469,0.06579,3.17612,0.41527,0.0033,0.02427,0.93743,0.95022,2.86204,3.50308
lgb_tweedie,quantile,0.9,4,13,0.95,26,erratic,1901,0.87784,0.93578,0.08192,5.3342,1.30514,0.01284,0.04787,0.85058,0.89656,4.77392,5.94852
lgb_tweedie,quantile,0.9,4,13,0.95,26,intermittent,6539,0.91383,0.98128,0.10592,4.97711,2.02815,0.03092,0.13182,0.89286,0.93033,4.1328,6.08046
lgb_tweedie,quantile,0.9,4,13,0.95,26,lumpy,2808,0.81582,0.96168,0.11639,7.83261,3.70234,0.08488,0.11823,0.77303,0.85034,6.42076,10.63515
lgb_tweedie,fixed,0.9,4,13,0.95,26,all,13844,0.90825,0.95424,0.11012,4.06187,0.92559,0.04688,0.55454,0.89982,0.91603,3.72966,4.38906
lgb_tweedie,fixed,0.9,4,13,0.95,26,smooth,2596,0.94279,0.94346,0.06725,3.16427,0.42595,0.00834,0.09669,0.93718,0.94988,2.84524,3.5117
lgb_tweedie,fixed,0.9,4,13,0.95,26,erratic,1901,0.87233,0.93013,0.08912,5.22468,1.27459,0.04364,0.21147,0.84328,0.89307,4.68138,5.85199
lgb_tweedie,fixed,0.9,4,13,0.95,26,intermittent,6539,0.90464,0.96948,0.17266,3.92728,1.26786,0.19478,0.78743,0.88247,0.92374,3.28401,4.77598
lgb_tweedie,fixed,0.9,4,13,0.95,26,lumpy,2808,0.76817,0.94503,0.16699,7.08663,3.31606,0.23941,0.66774,0.71658,0.80992,5.78808,9.46152
lgb_tweedie,dead13,0.9,4,13,0.95,26,all,13844,0.91331,0.95635,0.10503,4.13901,0.96335,0.01743,0.19669,0.90538,0.92096,3.79473,4.46118
lgb_tweedie,dead13,0.9,4,13,0.95,26,smooth,2596,0.94268,0.94271,0.06815,3.14126,0.40972,0.0059,0.06202,0.93697,0.94986,2.81901,3.48559
lgb_tweedie,dead13,0.9,4,13,0.95,26,erratic,1901,0.878,0.93374,0.08451,5.26688,1.23739,0.0205,0.08627,0.85086,0.89658,4.73289,5.87131
lgb_tweedie,dead13,0.9,4,13,0.95,26,intermittent,6539,0.90578,0.96981,0.17082,4.08711,1.41228,0.05865,0.27359,0.88409,0.92439,3.40081,4.97633
lgb_tweedie,dead13,0.9,4,13,0.95,26,lumpy,2808,0.81438,0.95294,0.14294,7.99747,3.94917,0.06339,0.21688,0.77231,0.85014,6.39278,11.21727
lgb_tweedie,dead26,0.9,4,13,0.95,26,all,13844,0.91442,0.96198,0.09149,4.30211,1.06548,0.00651,0.11218,0.90655,0.92205,3.95306,4.63199
lgb_tweedie,dead26,0.9,4,13,0.95,26,smooth,2596,0.94307,0.94455,0.06596,3.19852,0.43998,0.00239,0.02273,0.93742,0.95015,2.87434,3.54674
lgb_tweedie,dead26,0.9,4,13,0.95,26,erratic,1901,0.87829,0.93594,0.08171,5.44818,1.35826,0.00717,0.03156,0.85112,0.89686,4.85548,6.07903
lgb_tweedie,dead26,0.9,4,13,0.95,26,intermittent,6539,0.91288,0.97759,0.1268,4.68642,1.79387,0.02316,0.16654,0.89185,0.92906,3.84209,5.68643
lgb_tweedie,dead26,0.9,4,13,0.95,26,lumpy,2808,0.81914,0.95939,0.12337,8.57052,4.32096,0.02287,0.12286,0.7788,0.85296,6.85888,11.93709
lgb_tweedie,none,0.9,2,8,0.95,26,all,13844,0.92387,0.96102,0.09381,2.56734,0.81194,0.0,0.0,0.91658,0.93099,2.37033,2.76127
lgb_tweedie,none,0.9,2,8,0.95,26,smooth,2596,0.9482,0.93628,0.07579,1.89281,0.33501,0.0,0.0,0.94332,0.95404,1.72422,2.0665
lgb_tweedie,none,0.9,2,8,0.95,26,erratic,1901,0.8898,0.93214,0.08656,3.24866,1.15296,0.0,0.0,0.86806,0.90666,2.87004,3.69864
lgb_tweedie,none,0.9,2,8,0.95,26,intermittent,6539,0.9236,0.97991,0.11367,3.04149,1.40355,0.0,0.0,0.90665,0.93757,2.46936,3.75336
lgb_tweedie,none,0.9,2,8,0.95,26,lumpy,2808,0.85394,0.95943,0.12322,5.05192,2.85458,0.0,0.0,0.81902,0.88442,4.23785,6.58701
lgb_tweedie,quantile,0.9,2,8,0.95,26,all,13844,0.92353,0.96078,0.09438,2.51175,0.76216,0.00554,0.06234,0.91627,0.93049,2.32357,2.69661
lgb_tweedie,quantile,0.9,2,8,0.95,26,smooth,2596,0.94818,0.93623,0.07585,1.88721,0.33093,0.00079,0.02196,0.94332,0.95401,1.71758,2.06017
lgb_tweedie,quantile,0.9,2,8,0.95,26,erratic,1901,0.88933,0.9319,0.08686,3.19824,1.10953,0.00528,0.04471,0.86755,0.90599,2.82446,3.64862
lgb_tweedie,quantile,0.9,2,8,0.95,26,intermittent,6539,0.92314,0.9797,0.11489,2.91736,1.29554,0.01244,0.06622,0.90624,0.93736,2.38481,3.59842
lgb_tweedie,quantile,0.9,2,8,0.95,26,lumpy,2808,0.85173,0.95898,0.1246,4.64481,2.47419,0.0378,0.10256,0.81603,0.88248,3.85903,6.14612
lgb_tweedie,fixed,0.9,2,8,0.95,26,all,13844,0.92171,0.95743,0.10244,2.48017,0.75351,0.01837,0.43456,0.9145,0.92848,2.28741,2.66524
lgb_tweedie,fixed,0.9,2,8,0.95,26,smooth,2596,0.94816,0.936,0.07613,1.87717,0.32678,0.00327,0.05586,0.94329,0.95399,1.71094,2.05319
lgb_tweedie,fixed,0.9,2,8,0.95,26,erratic,1901,0.88777,0.93095,0.08808,3.16599,1.1157,0.01701,0.13572,0.86493,0.90581,2.79522,3.60874
lgb_tweedie,fixed,0.9,2,8,0.95,26,intermittent,6539,0.92007,0.97508,0.141,2.57554,1.02044,0.09859,0.64123,0.90221,0.93476,2.10368,3.17652
lgb_tweedie,fixed,0.9,2,8,0.95,26,lumpy,2808,0.83594,0.95408,0.1395,4.69615,2.59178,0.0763,0.5057,0.79556,0.86911,3.8835,6.14362
lgb_tweedie,dead13,0.9,2,8,0.95,26,all,13844,0.9229,0.95457,0.10932,2.43547,0.71909,0.01003,0.19496,0.91564,0.92983,2.24618,2.6241
lgb_tweedie,dead13,0.9,2,8,0.95,26,smooth,2596,0.94798,0.93492,0.07742,1.85686,0.31271,0.00313,0.06202,0.94324,0.95374,1.69054,2.02895
lgb_tweedie,dead13,0.9,2,8,0.95,26,erratic,1901,0.88962,0.93037,0.08881,3.11736,1.06934,0.01249,0.08574,0.8678,0.9065,2.74899,3.54903
lgb_tweedie,dead13,0.9,2,8,0.95,26,intermittent,6539,0.91632,0.9703,0.16802,2.41475,0.91638,0.03364,0.27191,0.89731,0.93095,1.98168,2.96621
lgb_tweedie,dead13,0.9,2,8,0.95,26,lumpy,2808,0.84933,0.95249,0.14432,4.5685,2.49659,0.03619,0.21261,0.81286,0.88158,3.77688,6.03999
lgb_tweedie,dead26,0.9,2,8,0.95,26,all,13844,0.92365,0.95875,0.09926,2.5218,0.77993,0.00319,0.11167,0.91635,0.93076,2.32404,2.71351
lgb_tweedie,dead26,0.9,2,8,0.95,26,smooth,2596,0.94819,0.93614,0.07596,1.8858,0.33261,0.00114,0.02273,0.94332,0.95403,1.71884,2.06014
lgb_tweedie,dead26,0.9,2,8,0.95,26,erratic,1901,0.88979,0.93193,0.08683,3.21953,1.13924,0.00344,0.03209,0.86805,0.90665,2.84497,3.66081
lgb_tweedie,dead26,0.9,2,8,0.95,26,intermittent,6539,0.92148,0.9763,0.13408,2.72218,1.13315,0.0122,0.16577,0.90399,0.93597,2.20439,3.35483
lgb_tweedie,dead26,0.9,2,8,0.95,26,lumpy,2808,0.85286,0.95694,0.1308,4.8687,2.71923,0.01102,0.12179,0.81751,0.88354,4.05148,6.35861
lgb_tweedie,none,0.9,2,26,0.95,26,all,13844,0.92387,0.96102,0.09381,2.56734,,0.0,0.0,0.91658,0.93099,2.37033,2.76127
lgb_tweedie,none,0.9,2,26,0.95,26,smooth,2596,0.9482,0.93628,0.07579,1.89281,,0.0,0.0,0.94332,0.95404,1.72422,2.0665
lgb_tweedie,none,0.9,2,26,0.95,26,erratic,1901,0.8898,0.93214,0.08656,3.24866,,0.0,0.0,0.86806,0.90666,2.87004,3.69864
lgb_tweedie,none,0.9,2,26,0.95,26,intermittent,6539,0.9236,0.97991,0.11367,3.04149,,0.0,0.0,0.90665,0.93757,2.46936,3.75336
lgb_tweedie,none,0.9,2,26,0.95,26,lumpy,2808,0.85394,0.95943,0.12322,5.05192,,0.0,0.0,0.81902,0.88442,4.23785,6.58701
lgb_tweedie,quantile,0.9,2,26,0.95,26,all,13844,0.92386,0.96102,0.09381,2.56061,,0.00052,0.00426,0.91658,0.93096,2.3655,2.75046
lgb_tweedie,quantile,0.9,2,26,0.95,26,smooth,2596,0.9482,0.93628,0.07579,1.89281,,0.0,0.0,0.94332,0.95404,1.72422,2.0665
lgb_tweedie,quantile,0.9,2,26,0.95,26,erratic,1901,0.8898,0.93214,0.08656,3.24805,,6e-05,0.00105,0.86806,0.90666,2.86965,3.69806
lgb_tweedie,quantile,0.9,2,26,0.95,26,intermittent,6539,0.92353,0.97991,0.11367,3.00782,,0.00261,0.00428,0.90653,0.93757,2.44837,3.70731
lgb_tweedie,quantile,0.9,2,26,0.95,26,lumpy,2808,0.85375,0.95943,0.12322,4.99314,,0.00444,0.01033,0.81874,0.88426,4.20914,6.51144
lgb_tweedie,fixed,0.9,2,26,0.95,26,all,13844,0.92171,0.95743,0.10244,2.48017,,0.01837,0.43456,0.9145,0.92848,2.28741,2.66524
lgb_tweedie,fixed,0.9,2,26,0.95,26,smooth,2596,0.94816,0.936,0.07613,1.87717,,0.00327,0.05586,0.94329,0.95399,1.71094,2.05319
lgb_tweedie,fixed,0.9,2,26,0.95,26,erratic,1901,0.88777,0.93095,0.08808,3.16599,,0.01701,0.13572,0.86493,0.90581,2.79522,3.60874
lgb_tweedie,fixed,0.9,2,26,0.95,26,intermittent,6539,0.92007,0.97508,0.141,2.57554,,0.09859,0.64123,0.90221,0.93476,2.10368,3.17652
lgb_tweedie,fixed,0.9,2,26,0.95,26,lumpy,2808,0.83594,0.95408,0.1395,4.69615,,0.0763,0.5057,0.79556,0.86911,3.8835,6.14362
lgb_tweedie,dead13,0.9,2,26,0.95,26,all,13844,0.9229,0.95457,0.10932,2.43547,,0.01003,0.19496,0.91564,0.92983,2.24618,2.6241
lgb_tweedie,dead13,0.9,2,26,0.95,26,smooth,2596,0.94798,0.93492,0.07742,1.85686,,0.00313,0.06202,0.94324,0.95374,1.69054,2.02895
lgb_tweedie,dead13,0.9,2,26,0.95,26,erratic,1901,0.88962,0.93037,0.08881,3.11736,,0.01249,0.08574,0.8678,0.9065,2.74899,3.54903
lgb_tweedie,dead13,0.9,2,26,0.95,26,intermittent,6539,0.91632,0.9703,0.16802,2.41475,,0.03364,0.27191,0.89731,0.93095,1.98168,2.96621
lgb_tweedie,dead13,0.9,2,26,0.95,26,lumpy,2808,0.84933,0.95249,0.14432,4.5685,,0.03619,0.21261,0.81286,0.88158,3.77688,6.03999
lgb_tweedie,dead26,0.9,2,26,0.95,26,all,13844,0.92365,0.95875,0.09926,2.5218,,0.00319,0.11167,0.91635,0.93076,2.32404,2.71351
lgb_tweedie,dead26,0.9,2,26,0.95,26,smooth,2596,0.94819,0.93614,0.07596,1.8858,,0.00114,0.02273,0.94332,0.95403,1.71884,2.06014
lgb_tweedie,dead26,0.9,2,26,0.95,26,erratic,1901,0.88979,0.93193,0.08683,3.21953,,0.00344,0.03209,0.86805,0.90665,2.84497,3.66081
lgb_tweedie,dead26,0.9,2,26,0.95,26,intermittent,6539,0.92148,0.9763,0.13408,2.72218,,0.0122,0.16577,0.90399,0.93597,2.20439,3.35483
lgb_tweedie,dead26,0.9,2,26,0.95,26,lumpy,2808,0.85286,0.95694,0.1308,4.8687,,0.01102,0.12179,0.81751,0.88354,4.05148,6.35861
lgb_tweedie,none,0.9,2,13,0.9,26,all,13844,0.92387,0.96102,0.09381,2.56734,0.532,0.0,0.0,0.91658,0.93099,2.37033,2.76127
lgb_tweedie,none,0.9,2,13,0.9,26,smooth,2596,0.9482,0.93628,0.07579,1.89281,0.19608,0.0,0.0,0.94332,0.95404,1.72422,2.0665
lgb_tweedie,none,0.9,2,13,0.9,26,erratic,1901,0.8898,0.93214,0.08656,3.24866,0.69604,0.0,0.0,0.86806,0.90666,2.87004,3.69864
lgb_tweedie,none,0.9,2,13,0.9,26,intermittent,6539,0.9236,0.97991,0.11367,3.04149,1.07224,0.0,0.0,0.90665,0.93757,2.46936,3.75336
lgb_tweedie,none,0.9,2,13,0.9,26,lumpy,2808,0.85394,0.95943,0.12322,5.05192,2.13753,0.0,0.0,0.81902,0.88442,4.23785,6.58701
lgb_tweedie,quantile,0.9,2,13,0.9,26,all,13844,0.92371,0.96096,0.09395,2.53789,0.51253,0.00273,0.02254,0.91651,0.93073,2.34528,2.72425
lgb_tweedie,quantile,0.9,2,13,0.9,26,smooth,2596,0.9482,0.93628,0.07579,1.8916,0.19574,0.0002,0.0027,0.94332,0.95404,1.72297,2.06534
lgb_tweedie,quantile,0.9,2,13,0.9,26,erratic,1901,0.88975,0.93216,0.08653,3.22903,0.68917,0.00206,0.01105,0.86792,0.90662,2.8547,3.67637
lgb_tweedie,quantile,0.9,2,13,0.9,26,intermittent,6539,0.92333,0.97989,0.11379,2.97302,1.02838,0.0061,0.0263,0.90636,0.9375,2.42863,3.66593
lgb_tweedie,quantile,0.9,2,13,0.9,26,lumpy,2808,0.85222,0.95919,0.12396,4.80016,1.94505,0.02197,0.03989,0.81686,0.8828,4.01754,6.34152
lgb_tweedie,fixed,0.9,2,13,0.9,26,all,13844,0.92171,0.95743,0.10244,2.48017,0.48846,0.01837,0.43456,0.9145,0.92848,2.28741,2.66524
lgb_tweedie,fixed,0.9,2,13,0.9,26,smooth,2596,0.94816,0.936,0.07613,1.87717,0.19139,0.00327,0.05586,0.94329,0.95399,1.71094,2.05319
lgb_tweedie,fixed,0.9,2,13,0.9,26,erratic,1901,0.88777,0.93095,0.08808,3.16599,0.67451,0.01701,0.13572,0.86493,0.90581,2.79522,3.60874
lgb_tweedie,fixed,0.9,2,13,0.9,26,intermittent,6539,0.92007,0.97508,0.141,2.57554,0.74938,0.09859,0.64123,0.90221,0.93476,2.10368,3.17652
lgb_tweedie,fixed,0.9,2,13,0.9,26,lumpy,2808,0.83594,0.95408,0.1395,4.69615,1.93866,0.0763,0.5057,0.79556,0.86911,3.8835,6.14362
lgb_tweedie,dead13,0.9,2,13,0.9,26,all,13844,0.9229,0.95457,0.10932,2.43547,0.4583,0.01003,0.19496,0.91564,0.92983,2.24618,2.6241
lgb_tweedie,dead13,0.9,2,13,0.9,26,smooth,2596,0.94798,0.93492,0.07742,1.85686,0.18041,0.00313,0.06202,0.94324,0.95374,1.69054,2.02895
lgb_tweedie,dead13,0.9,2,13,0.9,26,erratic,1901,0.88962,0.93037,0.08881,3.11736,0.63126,0.01249,0.08574,0.8678,0.9065,2.74899,3.54903
lgb_tweedie,dead13,0.9,2,13,0.9,26,intermittent,6539,0.91632,0.9703,0.16802,2.41475,0.66058,0.03364,0.27191,0.89731,0.93095,1.98168,2.96621
lgb_tweedie,dead13,0.9,2,13,0.9,26,lumpy,2808,0.84933,0.95249,0.14432,4.5685,1.85202,0.03619,0.21261,0.81286,0.88158,3.77688,6.03999
lgb_tweedie,dead26,0.9,2,13,0.9,26,all,13844,0.92365,0.95875,0.09926,2.5218,0.50641,0.00319,0.11167,0.91635,0.93076,2.32404,2.71351
lgb_tweedie,dead26,0.9,2,13,0.9,26,smooth,2596,0.94819,0.93614,0.07596,1.8858,0.19479,0.00114,0.02273,0.94332,0.95403,1.71884,2.06014
lgb_tweedie,dead26,0.9,2,13,0.9,26,erratic,1901,0.88979,0.93193,0.08683,3.21953,0.68873,0.00344,0.03209,0.86805,0.90665,2.84497,3.66081
lgb_tweedie,dead26,0.9,2,13,0.9,26,intermittent,6539,0.92148,0.9763,0.13408,2.72218,0.83403,0.0122,0.16577,0.90399,0.93597,2.20439,3.35483
lgb_tweedie,dead26,0.9,2,13,0.9,26,lumpy,2808,0.85286,0.95694,0.1308,4.8687,2.02931,0.01102,0.12179,0.81751,0.88354,4.05148,6.35861
lgb_tweedie,none,0.9,2,13,0.99,26,all,13844,0.92387,0.96102,0.09381,2.56734,0.532,0.0,0.0,0.91658,0.93099,2.37033,2.76127
lgb_tweedie,none,0.9,2,13,0.99,26,smooth,2596,0.9482,0.93628,0.07579,1.89281,0.19608,0.0,0.0,0.94332,0.95404,1.72422,2.0665
lgb_tweedie,none,0.9,2,13,0.99,26,erratic,1901,0.8898,0.93214,0.08656,3.24866,0.69604,0.0,0.0,0.86806,0.90666,2.87004,3.69864
lgb_tweedie,none,0.9,2,13,0.99,26,intermittent,6539,0.9236,0.97991,0.11367,3.04149,1.07224,0.0,0.0,0.90665,0.93757,2.46936,3.75336
lgb_tweedie,none,0.9,2,13,0.99,26,lumpy,2808,0.85394,0.95943,0.12322,5.05192,2.13753,0.0,0.0,0.81902,0.88442,4.23785,6.58701
lgb_tweedie,quantile,0.9,2,13,0.99,26,all,13844,0.92375,0.96098,0.09391,2.54931,0.51959,0.00173,0.01214,0.91653,0.93077,2.35583,2.74157
lgb_tweedie,quantile,0.9,2,13,0.99,26,smooth,2596,0.9482,0.93628,0.07579,1.89232,0.19594,8e-05,0.00154,0.94332,0.95404,1.72373,2.06601
lgb_tweedie,quantile,0.9,2,13,0.99,26,erratic,1901,0.88977,0.93214,0.08656,3.24272,0.69443,0.00078,0.00736,0.86798,0.90664,2.8645,3.69139
lgb_tweedie,quantile,0.9,2,13,0.99,26,intermittent,6539,0.9235,0.9799,0.11371,2.98763,1.0385,0.00457,0.01239,0.90656,0.93752,2.43676,3.68457
lgb_tweedie,quantile,0.9,2,13,0.99,26,lumpy,2808,0.85253,0.95926,0.12376,4.88413,2.0092,0.0155,0.02457,0.81709,0.88318,4.10342,6.41008
lgb_tweedie,fixed,0.9,2,13,0.99,26,all,13844,0.92171,0.95743,0.10244,2.48017,0.48846,0.01837,0.43456,0.9145,0.92848,2.28741,2.66524
lgb_tweedie,fixed,0.9,2,13,0.99,26,smooth,2596,0.94816,0.936,0.07613,1.87717,0.19139,0.00327,0.05586,0.94329,0.95399,1.71094,2.05319
lgb_tweedie,fixed,0.9,2,13,0.99,26,erratic,1901,0.88777,0.93095,0.08808,3.16599,0.67451,0.01701,0.13572,0.86493,0.90581,2.79522,3.60874
lgb_tweedie,fixed,0.9,2,13,0.99,26,intermittent,6539,0.92007,0.97508,0.141,2.57554,0.74938,0.09859,0.64123,0.90221,0.93476,2.10368,3.17652
lgb_tweedie,fixed,0.9,2,13,0.99,26,lumpy,2808,0.83594,0.95408,0.1395,4.69615,1.93866,0.0763,0.5057,0.79556,0.86911,3.8835,6.14362
lgb_tweedie,dead13,0.9,2,13,0.99,26,all,13844,0.9229,0.95457,0.10932,2.43547,0.4583,0.01003,0.19496,0.91564,0.92983,2.24618,2.6241
lgb_tweedie,dead13,0.9,2,13,0.99,26,smooth,2596,0.94798,0.93492,0.07742,1.85686,0.18041,0.00313,0.06202,0.94324,0.95374,1.69054,2.02895
lgb_tweedie,dead13,0.9,2,13,0.99,26,erratic,1901,0.88962,0.93037,0.08881,3.11736,0.63126,0.01249,0.08574,0.8678,0.9065,2.74899,3.54903
lgb_tweedie,dead13,0.9,2,13,0.99,26,intermittent,6539,0.91632,0.9703,0.16802,2.41475,0.66058,0.03364,0.27191,0.89731,0.93095,1.98168,2.96621
lgb_tweedie,dead13,0.9,2,13,0.99,26,lumpy,2808,0.84933,0.95249,0.14432,4.5685,1.85202,0.03619,0.21261,0.81286,0.88158,3.77688,6.03999
lgb_tweedie,dead26,0.9,2,13,0.99,26,all,13844,0.92365,0.95875,0.09926,2.5218,0.50641,0.00319,0.11167,0.91635,0.93076,2.32404,2.71351
lgb_tweedie,dead26,0.9,2,13,0.99,26,smooth,2596,0.94819,0.93614,0.07596,1.8858,0.19479,0.00114,0.02273,0.94332,0.95403,1.71884,2.06014
lgb_tweedie,dead26,0.9,2,13,0.99,26,erratic,1901,0.88979,0.93193,0.08683,3.21953,0.68873,0.00344,0.03209,0.86805,0.90665,2.84497,3.66081
lgb_tweedie,dead26,0.9,2,13,0.99,26,intermittent,6539,0.92148,0.9763,0.13408,2.72218,0.83403,0.0122,0.16577,0.90399,0.93597,2.20439,3.35483
lgb_tweedie,dead26,0.9,2,13,0.99,26,lumpy,2808,0.85286,0.95694,0.1308,4.8687,2.02931,0.01102,0.12179,0.81751,0.88354,4.05148,6.35861
lgb_tweedie,none,0.9,2,13,0.95,13,all,13844,0.92387,0.96102,0.09381,2.56734,0.532,0.0,0.0,0.91658,0.93099,2.37033,2.76127
lgb_tweedie,none,0.9,2,13,0.95,13,smooth,2596,0.9482,0.93628,0.07579,1.89281,0.19608,0.0,0.0,0.94332,0.95404,1.72422,2.0665
lgb_tweedie,none,0.9,2,13,0.95,13,erratic,1901,0.8898,0.93214,0.08656,3.24866,0.69604,0.0,0.0,0.86806,0.90666,2.87004,3.69864
lgb_tweedie,none,0.9,2,13,0.95,13,intermittent,6539,0.9236,0.97991,0.11367,3.04149,1.07224,0.0,0.0,0.90665,0.93757,2.46936,3.75336
lgb_tweedie,none,0.9,2,13,0.95,13,lumpy,2808,0.85394,0.95943,0.12322,5.05192,2.13753,0.0,0.0,0.81902,0.88442,4.23785,6.58701
lgb_tweedie,quantile,0.9,2,13,0.95,13,all,13844,0.92373,0.96096,0.09394,2.54312,0.51554,0.00228,0.01705,0.91652,0.93076,2.34948,2.73141
lgb_tweedie,quantile,0.9,2,13,0.95,13,smooth,2596,0.9482,0.93628,0.07579,1.89187,0.19584,0.00016,0.00231,0.94332,0.95404,1.72325,2.0656
lgb_tweedie,quantile,0.9,2,13,0.95,13,erratic,1901,0.88977,0.93214,0.08656,3.23731,0.6923,0.00135,0.00947,0.86797,0.90664,2.86102,3.68432
lgb_tweedie,quantile,0.9,2,13,0.95,13,intermittent,6539,0.9234,0.9799,0.11375,2.97975,1.03269,0.00537,0.01881,0.90644,0.93751,2.43215,3.67505
lgb_tweedie,quantile,0.9,2,13,0.95,13,lumpy,2808,0.85237,0.95921,0.12391,4.83212,1.96917,0.01948,0.0317,0.817,0.88297,4.04966,6.36971
lgb_tweedie,fixed,0.9,2,13,0.95,13,all,13844,0.91681,0.95362,0.11161,2.3939,0.44273,0.0329,0.577,0.90929,0.92453,2.20981,2.56903
lgb_tweedie,fixed,0.9,2,13,0.95,13,smooth,2596,0.948,0.93553,0.07669,1.8694,0.1891,0.00463,0.10401,0.94315,0.95378,1.70477,2.04524
lgb_tweedie,fixed,0.9,2,13,0.95,13,erratic,1901,0.8812,0.92743,0.09256,3.07338,0.6449,0.03153,0.2667,0.85623,0.90066,2.71464,3.50106
lgb_tweedie,fixed,0.9,2,13,0.95,13,intermittent,6539,0.9129,0.97125,0.16267,2.31536,0.58748,0.14442,0.7963,0.89418,0.92783,1.9065,2.83575
lgb_tweedie,fixed,0.9,2,13,0.95,13,lumpy,2808,0.80182,0.94702,0.16094,4.16126,1.59207,0.16813,0.71368,0.74982,0.84239,3.4439,5.40723
lgb_tweedie,dead13,0.9,2,13,0.95,13,all,13844,0.9229,0.95457,0.10932,2.43547,0.4583,0.01003,0.19496,0.91564,0.92983,2.24618,2.6241
lgb_tweedie,dead13,0.9,2,13,0.95,13,smooth,2596,0.94798,0.93492,0.07742,1.85686,0.18041,0.00313,0.06202,0.94324,0.95374,1.69054,2.02895
lgb_tweedie,dead13,0.9,2,13,0.95,13,erratic,1901,0.88962,0.93037,0.08881,3.11736,0.63126,0.01249,0.08574,0.8678,0.9065,2.74899,3.54903
lgb_tweedie,dead13,0.9,2,13,0.95,13,intermittent,6539,0.91632,0.9703,0.16802,2.41475,0.66058,0.03364,0.27191,0.89731,0.93095,1.98168,2.96621
lgb_tweedie,dead13,0.9,2,13,0.95,13,lumpy,2808,0.84933,0.95249,0.14432,4.5685,1.85202,0.03619,0.21261,0.81286,0.88158,3.77688,6.03999
lgb_tweedie,dead26,0.9,2,13,0.95,13,all,13844,0.92365,0.95875,0.09926,2.5218,0.50641,0.00319,0.11167,0.91635,0.93076,2.32404,2.71351
lgb_tweedie,dead26,0.9,2,13,0.95,13,smooth,2596,0.94819,0.93614,0.07596,1.8858,0.19479,0.00114,0.02273,0.94332,0.95403,1.71884,2.06014
lgb_tweedie,dead26,0.9,2,13,0.95,13,erratic,1901,0.88979,0.93193,0.08683,3.21953,0.68873,0.00344,0.03209,0.86805,0.90665,2.84497,3.66081
lgb_tweedie,dead26,0.9,2,13,0.95,13,intermittent,6539,0.92148,0.9763,0.13408,2.72218,0.83403,0.0122,0.16577,0.90399,0.93597,2.20439,3.35483
lgb_tweedie,dead26,0.9,2,13,0.95,13,lumpy,2808,0.85286,0.95694,0.1308,4.8687,2.02931,0.01102,0.12179,0.81751,0.88354,4.05148,6.35861
lgb_tweedie,none,0.9,2,13,0.95,52,all,13844,0.92387,0.96102,0.09381,2.56734,0.532,0.0,0.0,0.91658,0.93099,2.37033,2.76127
lgb_tweedie,none,0.9,2,13,0.95,52,smooth,2596,0.9482,0.93628,0.07579,1.89281,0.19608,0.0,0.0,0.94332,0.95404,1.72422,2.0665
lgb_tweedie,none,0.9,2,13,0.95,52,erratic,1901,0.8898,0.93214,0.08656,3.24866,0.69604,0.0,0.0,0.86806,0.90666,2.87004,3.69864
lgb_tweedie,none,0.9,2,13,0.95,52,intermittent,6539,0.9236,0.97991,0.11367,3.04149,1.07224,0.0,0.0,0.90665,0.93757,2.46936,3.75336
lgb_tweedie,none,0.9,2,13,0.95,52,lumpy,2808,0.85394,0.95943,0.12322,5.05192,2.13753,0.0,0.0,0.81902,0.88442,4.23785,6.58701
lgb_tweedie,quantile,0.9,2,13,0.95,52,all,13844,0.92373,0.96096,0.09394,2.54312,0.51554,0.00228,0.01705,0.91652,0.93076,2.34948,2.73141
lgb_tweedie,quantile,0.9,2,13,0.95,52,smooth,2596,0.9482,0.93628,0.07579,1.89187,0.19584,0.00016,0.00231,0.94332,0.95404,1.72325,2.0656
lgb_tweedie,quantile,0.9,2,13,0.95,52,erratic,1901,0.88977,0.93214,0.08656,3.23731,0.6923,0.00135,0.00947,0.86797,0.90664,2.86102,3.68432
lgb_tweedie,quantile,0.9,2,13,0.95,52,intermittent,6539,0.9234,0.9799,0.11375,2.97975,1.03269,0.00537,0.01881,0.90644,0.93751,2.43215,3.67505
lgb_tweedie,quantile,0.9,2,13,0.95,52,lumpy,2808,0.85237,0.95921,0.12391,4.83212,1.96917,0.01948,0.0317,0.817,0.88297,4.04966,6.36971
lgb_tweedie,fixed,0.9,2,13,0.95,52,all,13844,0.92357,0.95872,0.09935,2.50258,0.49904,0.01414,0.35004,0.91623,0.93065,2.30747,2.69301
lgb_tweedie,fixed,0.9,2,13,0.95,52,smooth,2596,0.94819,0.93611,0.076,1.87956,0.19231,0.0027,0.03698,0.94332,0.95403,1.7128,2.05527
lgb_tweedie,fixed,0.9,2,13,0.95,52,erratic,1901,0.88975,0.93161,0.08723,3.19005,0.68122,0.01272,0.08469,0.86796,0.90663,2.81948,3.62676
lgb_tweedie,fixed,0.9,2,13,0.95,52,intermittent,6539,0.92149,0.97651,0.1329,2.68762,0.81189,0.08492,0.53189,0.90407,0.93606,2.17935,3.31392
lgb_tweedie,fixed,0.9,2,13,0.95,52,lumpy,2808,0.85193,0.95652,0.13207,4.79665,1.99632,0.05141,0.39566,0.81659,0.88298,3.97657,6.2635
lgb_tweedie,dead13,0.9,2,13,0.95,52,all,13844,0.9229,0.95457,0.10932,2.43547,0.4583,0.01003,0.19496,0.91564,0.92983,2.24618,2.6241
lgb_tweedie,dead13,0.9,2,13,0.95,52,smooth,2596,0.94798,0.93492,0.07742,1.85686,0.18041,0.00313,0.06202,0.94324,0.95374,1.69054,2.02895
lgb_tweedie,dead13,0.9,2,13,0.95,52,erratic,1901,0.88962,0.93037,0.08881,3.11736,0.63126,0.01249,0.08574,0.8678,0.9065,2.74899,3.54903
lgb_tweedie,dead13,0.9,2,13,0.95,52,intermittent,6539,0.91632,0.9703,0.16802,2.41475,0.66058,0.03364,0.27191,0.89731,0.93095,1.98168,2.96621
lgb_tweedie,dead13,0.9,2,13,0.95,52,lumpy,2808,0.84933,0.95249,0.14432,4.5685,1.85202,0.03619,0.21261,0.81286,0.88158,3.77688,6.03999
lgb_tweedie,dead26,0.9,2,13,0.95,52,all,13844,0.92365,0.95875,0.09926,2.5218,0.50641,0.00319,0.11167,0.91635,0.93076,2.32404,2.71351
lgb_tweedie,dead26,0.9,2,13,0.95,52,smooth,2596,0.94819,0.93614,0.07596,1.8858,0.19479,0.00114,0.02273,0.94332,0.95403,1.71884,2.06014
lgb_tweedie,dead26,0.9,2,13,0.95,52,erratic,1901,0.88979,0.93193,0.08683,3.21953,0.68873,0.00344,0.03209,0.86805,0.90665,2.84497,3.66081
lgb_tweedie,dead26,0.9,2,13,0.95,52,intermittent,6539,0.92148,0.9763,0.13408,2.72218,0.83403,0.0122,0.16577,0.90399,0.93597,2.20439,3.35483
lgb_tweedie,dead26,0.9,2,13,0.95,52,lumpy,2808,0.85286,0.95694,0.1308,4.8687,2.02931,0.01102,0.12179,0.81751,0.88354,4.05148,6.35861
lgb_conformal,none,0.5,2,13,0.95,26,all,13844,0.76619,0.86318,0.32925,1.08252,0.24898,0.0,0.0,0.75793,0.77422,0.97539,1.20234
lgb_conformal,none,0.5,2,13,0.95,26,smooth,2596,0.80879,0.73086,0.32014,0.79074,0.11464,0.0,0.0,0.8008,0.81854,0.67784,0.90579
lgb_conformal,none,0.5,2,13,0.95,26,erratic,1901,0.71956,0.76225,0.30325,1.30634,0.27371,0.0,0.0,0.69449,0.74016,1.07022,1.57274
lgb_conformal,none,0.5,2,13,0.95,26,intermittent,6539,0.67017,0.93482,0.36877,1.21067,0.48841,0.0,0.0,0.65761,0.68532,0.91269,1.55761
lgb_conformal,none,0.5,2,13,0.95,26,lumpy,2808,0.67464,0.88699,0.34327,2.46603,1.01486,0.0,0.0,0.65709,0.68948,1.97738,3.37961
lgb_conformal,quantile,0.5,2,13,0.95,26,all,13844,0.7661,0.86315,0.32931,1.07742,0.2466,0.00047,0.00896,0.75788,0.77421,0.97134,1.19691
lgb_conformal,quantile,0.5,2,13,0.95,26,smooth,2596,0.80879,0.73086,0.32014,0.79069,0.11463,1e-05,0.00193,0.8008,0.81854,0.67778,0.90574
lgb_conformal,quantile,0.5,2,13,0.95,26,erratic,1901,0.71956,0.76223,0.30328,1.30461,0.27351,0.00019,0.00421,0.69448,0.74016,1.06787,1.57054
lgb_conformal,quantile,0.5,2,13,0.95,26,intermittent,6539,0.66981,0.93478,0.36901,1.17252,0.47074,0.00305,0.01101,0.6573,0.68503,0.88775,1.49946
lgb_conformal,quantile,0.5,2,13,0.95,26,lumpy,2808,0.67379,0.88698,0.34332,2.43633,0.99863,0.00289,0.01389,0.65598,0.68879,1.93928,3.31824
lgb_conformal,fixed,0.5,2,13,0.95,26,all,13844,0.7648,0.86096,0.33458,1.06002,0.23576,0.00383,0.2937,0.75656,0.773,0.95485,1.17917
lgb_conformal,fixed,0.5,2,13,0.95,26,smooth,2596,0.80877,0.7307,0.32033,0.78777,0.11366,0.00054,0.03891,0.8008,0.81852,0.67517,0.90181
lgb_conformal,fixed,0.5,2,13,0.95,26,erratic,1901,0.71851,0.76182,0.3038,1.29378,0.2701,0.00248,0.08311,0.69226,0.73924,1.06104,1.56064
lgb_conformal,fixed,0.5,2,13,0.95,26,intermittent,6539,0.66791,0.93145,0.38789,1.03448,0.36462,0.02226,0.42285,0.65493,0.68334,0.77685,1.33343
lgb_conformal,fixed,0.5,2,13,0.95,26,lumpy,2808,0.66204,0.88437,0.35123,2.37996,0.96147,0.01938,0.37108,0.63973,0.67958,1.90393,3.25707
lgb_conformal,dead13,0.5,2,13,0.95,26,all,13844,0.76547,0.85821,0.34121,1.03206,0.23206,0.00519,0.19286,0.7571,0.77344,0.93268,1.15127
lgb_conformal,dead13,0.5,2,13,0.95,26,smooth,2596,0.80862,0.72979,0.32141,0.77552,0.11107,0.00173,0.06202,0.80066,0.81836,0.66133,0.88755
lgb_conformal,dead13,0.5,2,13,0.95,26,erratic,1901,0.71942,0.76084,0.30505,1.26203,0.26392,0.00553,0.08627,0.69435,0.74001,1.02813,1.53115
lgb_conformal,dead13,0.5,2,13,0.95,26,intermittent,6539,0.66396,0.92706,0.4127,0.93023,0.3485,0.02042,0.26824,0.65095,0.67966,0.69883,1.18361
lgb_conformal,dead13,0.5,2,13,0.95,26,lumpy,2808,0.67203,0.88251,0.35689,2.30419,0.96761,0.01872,0.21047,0.65317,0.68724,1.83562,3.15962
lgb_conformal,dead26,0.5,2,13,0.95,26,all,13844,0.76606,0.86137,0.33361,1.0695,0.24102,0.00072,0.10654,0.75778,0.77408,0.96413,1.18889
lgb_conformal,dead26,0.5,2,13,0.95,26,smooth,2596,0.80878,0.73076,0.32027,0.78914,0.1143,0.00026,0.02273,0.8008,0.81853,0.67628,0.90357
lgb_conformal,dead26,0.5,2,13,0.95,26,erratic,1901,0.71956,0.76206,0.3035,1.30046,0.27277,0.00065,0.03209,0.69448,0.74014,1.06773,1.56816
lgb_conformal,dead26,0.5,2,13,0.95,26,intermittent,6539,0.6686,0.93184,0.38568,1.09206,0.40072,0.00458,0.15813,0.65568,0.68386,0.82322,1.41629
lgb_conformal,dead26,0.5,2,13,0.95,26,lumpy,2808,0.67421,0.88525,0.34858,2.42374,0.987,0.00148,0.11432,0.65667,0.68908,1.93513,3.32531
lgb_conformal,none,0.8,2,13,0.95,26,all,13844,0.88705,0.92724,0.17508,1.80767,0.36274,0.0,0.0,0.87599,0.89686,1.67226,1.97282
lgb_conformal,none,0.8,2,13,0.95,26,smooth,2596,0.92544,0.88741,0.13392,1.45211,0.17893,0.0,0.0,0.91813,0.93263,1.29819,1.62639
lgb_conformal,none,0.8,2,13,0.95,26,erratic,1901,0.8409,0.89563,0.13313,2.16796,0.42496,0.0,0.0,0.80775,0.86611,1.8879,2.47701
lgb_conformal,none,0.8,2,13,0.95,26,intermittent,6539,0.81104,0.95131,0.27548,1.71202,0.6646,0.0,0.0,0.79109,0.83167,1.36451,2.12864
lgb_conformal,none,0.8,2,13,0.95,26,lumpy,2808,0.81054,0.92942,0.21439,3.38951,1.33228,0.0,0.0,0.77012,0.8419,2.79044,4.43964
lgb_conformal,quantile,0.8,2,13,0.95,26,all,13844,0.88696,0.92721,0.17515,1.80017,0.35993,0.00073,0.01596,0.87598,0.89679,1.66368,1.963
lgb_conformal,quantile,0.8,2,13,0.95,26,smooth,2596,0.92544,0.88741,0.13392,1.45191,0.17891,4e-05,0.0027,0.91813,0.93263,1.29808,1.62621
lgb_conformal,quantile,0.8,2,13,0.95,26,erratic,1901,0.8409,0.89558,0.13319,2.16437,0.42437,0.00037,0.00684,0.80775,0.86611,1.88464,2.47412
lgb_conformal,quantile,0.8,2,13,0.95,26,intermittent,6539,0.81066,0.95128,0.27567,1.66206,0.64572,0.00448,0.02065,0.79057,0.83135,1.3334,2.05422
lgb_conformal,quantile,0.8,2,13,0.95,26,lumpy,2808,0.80963,0.92939,0.21449,3.34564,1.31292,0.00441,0.0235,0.76793,0.84108,2.75874,4.38695
lgb_conformal,fixed,0.8,2,13,0.95,26,all,13844,0.88509,0.92442,0.18189,1.7608,0.33342,0.01026,0.37569,0.87437,0.89521,1.61684,1.92575
lgb_conformal,fixed,0.8,2,13,0.95,26,smooth,2596,0.9254,0.8872,0.13417,1.44365,0.17571,0.00157,0.04815,0.91808,0.93263,1.28989,1.61932
lgb_conformal,fixed,0.8,2,13,0.95,26,erratic,1901,0.83903,0.89494,0.13401,2.13637,0.41138,0.00788,0.10836,0.8074,0.86446,1.86084,2.44732
lgb_conformal,fixed,0.8,2,13,0.95,26,intermittent,6539,0.80828,0.94739,0.29766,1.42553,0.44513,0.06018,0.55406,0.7877,0.82949,1.14724,1.79409
lgb_conformal,fixed,0.8,2,13,0.95,26,lumpy,2808,0.79403,0.92528,0.22698,3.18249,1.19727,0.04623,0.44409,0.74965,0.82945,2.63295,4.14913
lgb_conformal,dead13,0.8,2,13,0.95,26,all,13844,0.88619,0.92161,0.18865,1.72442,0.32102,0.00671,0.19438,0.87525,0.89595,1.58687,1.88846
lgb_conformal,dead13,0.8,2,13,0.95,26,smooth,2596,0.92524,0.88624,0.13532,1.42682,0.17014,0.00247,0.06202,0.91788,0.93242,1.27468,1.60057
lgb_conformal,dead13,0.8,2,13,0.95,26,erratic,1901,0.84073,0.89405,0.13514,2.09124,0.39124,0.00747,0.08574,0.80756,0.86595,1.82228,2.38751
lgb_conformal,dead13,0.8,2,13,0.95,26,intermittent,6539,0.80402,0.94278,0.32378,1.3008,0.41131,0.02337,0.27022,0.78084,0.82536,1.06366,1.60427
lgb_conformal,dead13,0.8,2,13,0.95,26,lumpy,2808,0.807,0.92366,0.23189,3.09531,1.17591,0.02374,0.21368,0.76541,0.83825,2.56334,4.07608
lgb_conformal,dead26,0.8,2,13,0.95,26,all,13844,0.88687,0.92513,0.18017,1.77812,0.34337,0.0016,0.11182,0.8758,0.89666,1.63753,1.94612
lgb_conformal,dead26,0.8,2,13,0.95,26,smooth,2596,0.92543,0.88727,0.13409,1.44795,0.17788,0.00063,0.02273,0.91811,0.93263,1.29407,1.62299
lgb_conformal,dead26,0.8,2,13,0.95,26,erratic,1901,0.84089,0.89544,0.13337,2.15101,0.41952,0.00171,0.03209,0.80775,0.8661,1.87541,2.46512
lgb_conformal,dead26,0.8,2,13,0.95,26,intermittent,6539,0.80916,0.9479,0.29479,1.49398,0.48734,0.00607,0.16577,0.78856,0.83014,1.18839,1.8759
lgb_conformal,dead26,0.8,2,13,0.95,26,lumpy,2808,0.80974,0.9272,0.22112,3.26939,1.24828,0.00526,0.12251,0.76885,0.84086,2.69028,4.28843
lgb_conformal,none,0.9,2,13,0.95,26,all,13844,0.9345,0.96438,0.08573,2.87459,0.53979,0.0,0.0,0.92459,0.9427,2.66575,3.09028
lgb_conformal,none,0.9,2,13,0.95,26,smooth,2596,0.95867,0.94129,0.06984,2.15259,0.2383,0.0,0.0,0.95183,0.96502,1.95499,2.38067
lgb_conformal,none,0.9,2,13,0.95,26,erratic,1901,0.88829,0.94254,0.07329,3.29101,0.59333,0.0,0.0,0.85976,0.91131,2.94432,3.6823
lgb_conformal,none,0.9,2,13,0.95,26,intermittent,6539,0.94627,0.97935,0.11681,4.21362,1.26801,0.0,0.0,0.93069,0.95955,3.64985,4.96353
lgb_conformal,none,0.9,2,13,0.95,26,lumpy,2808,0.89851,0.96562,0.10444,5.96051,2.11296,0.0,0.0,0.86527,0.92178,5.27548,7.31492
lgb_conformal,quantile,0.9,2,13,0.95,26,all,13844,0.93439,0.96432,0.08585,2.85732,0.53516,0.0018,0.026,0.92439,0.9425,2.64903,3.07313
lgb_conformal,quantile,0.9,2,13,0.95,26,smooth,2596,0.95867,0.94129,0.06984,2.15189,0.23813,9e-05,0.00347,0.95183,0.96502,1.95412,2.38026
lgb_conformal,quantile,0.9,2,13,0.95,26,erratic,1901,0.88828,0.94249,0.07335,3.28459,0.59235,0.00085,0.00842,0.85976,0.91131,2.93808,3.67693
lgb_conformal,quantile,0.9,2,13,0.95,26,intermittent,6539,0.94584,0.97929,0.11717,4.08264,1.23998,0.01293,0.03334,0.93032,0.9592,3.5393,4.78346
lgb_conformal,quantile,0.9,2,13,0.95,26,lumpy,2808,0.89744,0.96554,0.10469,5.86759,2.07968,0.0095,0.04167,0.86476,0.92088,5.20668,7.13471
lgb_conformal,fixed,0.9,2,13,0.95,26,all,13844,0.9318,0.96057,0.09489,2.76976,0.4723,0.02019,0.42365,0.92138,0.94021,2.56547,2.98626
lgb_conformal,fixed,0.9,2,13,0.95,26,smooth,2596,0.95863,0.94105,0.07013,2.13906,0.23299,0.00305,0.0574,0.95178,0.96501,1.94357,2.36705
lgb_conformal,fixed,0.9,2,13,0.95,26,erratic,1901,0.88596,0.94137,0.07478,3.21997,0.56171,0.01553,0.13151,0.85926,0.90982,2.89401,3.61454
lgb_conformal,fixed,0.9,2,13,0.95,26,intermittent,6539,0.94199,0.97461,0.14368,3.59723,0.79891,0.10116,0.61921,0.92674,0.95563,3.1504,4.20667
lgb_conformal,fixed,0.9,2,13,0.95,26,lumpy,2808,0.87513,0.95893,0.12475,5.43746,1.75833,0.10483,0.50463,0.83505,0.90506,4.82967,6.55857
lgb_conformal,dead13,0.9,2,13,0.95,26,all,13844,0.93343,0.95804,0.10099,2.73197,0.45293,0.009,0.19409,0.92343,0.94163,2.53482,2.94987
lgb_conformal,dead13,0.9,2,13,0.95,26,smooth,2596,0.95846,0.94,0.07138,2.11953,0.22537,0.00303,0.06202,0.95153,0.9648,1.92433,2.34506
lgb_conformal,dead13,0.9,2,13,0.95,26,erratic,1901,0.8881,0.9408,0.07552,3.17556,0.53538,0.00934,0.08574,0.85954,0.91113,2.84799,3.54629
lgb_conformal,dead13,0.9,2,13,0.95,26,intermittent,6539,0.93756,0.96994,0.17007,3.44689,0.72281,0.03382,0.27038,0.92158,0.95306,3.06568,3.9746
lgb_conformal,dead13,0.9,2,13,0.95,26,lumpy,2808,0.89378,0.95866,0.12558,5.37087,1.71735,0.03435,0.21189,0.86069,0.9179,4.76827,6.497
lgb_conformal,dead26,0.9,2,13,0.95,26,all,13844,0.93424,0.96202,0.0914,2.81194,0.49833,0.00323,0.11182,0.92427,0.94248,2.60761,3.03252
lgb_conformal,dead26,0.9,2,13,0.95,26,smooth,2596,0.95866,0.94115,0.07,2.14637,0.23668,0.00091,0.02273,0.95181,0.96501,1.95032,2.3744
lgb_conformal,dead26,0.9,2,13,0.95,26,erratic,1901,0.88828,0.94233,0.07356,3.25831,0.58352,0.00322,0.03209,0.85976,0.9113,2.92246,3.64757
lgb_conformal,dead26,0.9,2,13,0.95,26,intermittent,6539,0.94396,0.97568,0.13762,3.76169,0.90438,0.01222,0.16593,0.92809,0.95761,3.25535,4.41205
lgb_conformal,dead26,0.9,2,13,0.95,26,lumpy,2808,0.89709,0.96283,0.1129,5.6662,1.90922,0.01407,0.12215,0.86376,0.92058,5.02144,6.83858
lgb_conformal,none,0.95,2,13,0.95,26,all,13844,0.95834,0.98091,0.04593,4.36941,0.8407,0.0,0.0,0.95072,0.96432,4.07793,4.672
lgb_conformal,none,0.95,2,13,0.95,26,smooth,2596,0.97453,0.96671,0.03959,2.96366,0.30775,0.0,0.0,0.969,0.97934,2.72399,3.23379
lgb_conformal,none,0.95,2,13,0.95,26,erratic,1901,0.92419,0.96566,0.0438,4.89263,0.85134,0.0,0.0,0.9042,0.94204,4.4233,5.44887
lgb_conformal,none,0.95,2,13,0.95,26,intermittent,6539,0.96985,0.99016,0.05569,8.24297,2.39345,0.0,0.0,0.95838,0.97896,7.37163,9.4142
lgb_conformal,none,0.95,2,13,0.95,26,lumpy,2808,0.94255,0.98284,0.05212,10.36846,3.7024,0.0,0.0,0.91828,0.95627,9.38529,12.12497
lgb_conformal,quantile,0.95,2,13,0.95,26,all,13844,0.95821,0.98083,0.04614,4.33102,0.83009,0.00374,0.04269,0.95053,0.96402,4.04204,4.63356
lgb_conformal,quantile,0.95,2,13,0.95,26,smooth,2596,0.97452,0.9667,0.03961,2.96252,0.30738,0.00016,0.00385,0.969,0.97934,2.72263,3.23307
lgb_conformal,quantile,0.95,2,13,0.95,26,erratic,1901,0.92417,0.96562,0.04386,4.87634,0.84714,0.00172,0.0121,0.9042,0.94201,4.41356,5.42785
lgb_conformal,quantile,0.95,2,13,0.95,26,intermittent,6539,0.96936,0.99005,0.05632,7.9589,2.33256,0.02628,0.05689,0.95785,0.97873,7.17316,9.10953
lgb_conformal,quantile,0.95,2,13,0.95,26,lumpy,2808,0.94125,0.98271,0.05252,10.16005,3.63006,0.02051,0.06624,0.91524,0.95581,9.16526,11.76955
lgb_conformal,fixed,0.95,2,13,0.95,26,all,13844,0.95433,0.97543,0.05912,4.14687,0.69931,0.04013,0.49465,0.94623,0.96078,3.88335,4.43576
lgb_conformal,fixed,0.95,2,13,0.95,26,smooth,2596,0.97448,0.96633,0.04005,2.94024,0.29989,0.00527,0.06741,0.9689,0.97928,2.70451,3.20946
lgb_conformal,fixed,0.95,2,13,0.95,26,erratic,1901,0.92087,0.96351,0.04654,4.74792,0.79297,0.02898,0.16097,0.89934,0.93906,4.3103,5.27501
lgb_conformal,fixed,0.95,2,13,0.95,26,intermittent,6539,0.96392,0.98368,0.09235,7.03644,1.47262,0.17948,0.70194,0.95221,0.97379,6.4446,7.91787
lgb_conformal,fixed,0.95,2,13,0.95,26,lumpy,2808,0.90681,0.97271,0.0829,9.11429,2.8572,0.23836,0.63283,0.86816,0.93067,8.20173,10.61994
lgb_conformal,dead13,0.95,2,13,0.95,26,all,13844,0.95712,0.97378,0.06311,4.13424,0.68489,0.01233,0.19481,0.94952,0.96313,3.86295,4.42501
lgb_conformal,dead13,0.95,2,13,0.95,26,smooth,2596,0.9743,0.96535,0.04122,2.91819,0.29049,0.00368,0.06163,0.96866,0.97911,2.68233,3.18762
lgb_conformal,dead13,0.95,2,13,0.95,26,erratic,1901,0.92399,0.96385,0.04611,4.72112,0.76192,0.01211,0.08574,0.90394,0.9419,4.27965,5.24534
lgb_conformal,dead13,0.95,2,13,0.95,26,intermittent,6539,0.96022,0.97963,0.11524,6.96181,1.41375,0.04762,0.27206,0.94741,0.97093,6.3697,7.78852
lgb_conformal,dead13,0.95,2,13,0.95,26,lumpy,2808,0.93672,0.97465,0.077,9.27372,2.89721,0.05216,0.21189,0.91088,0.95178,8.33824,10.75554
lgb_conformal,dead26,0.95,2,13,0.95,26,all,13844,0.95802,0.97826,0.05231,4.25402,0.76482,0.00586,0.11153,0.95031,0.96396,3.97695,4.55426
lgb_conformal,dead26,0.95,2,13,0.95,26,smooth,2596,0.97451,0.96656,0.03978,2.95318,0.30553,0.00155,0.02273,0.96898,0.97932,2.71339,3.22274
lgb_conformal,dead26,0.95,2,13,0.95,26,erratic,1901,0.92418,0.96545,0.04407,4.83742,0.83586,0.00544,0.03209,0.90418,0.94203,4.38665,5.37867
lgb_conformal,dead26,0.95,2,13,0.95,26,intermittent,6539,0.96702,0.98608,0.07878,7.44648,1.75374,0.02114,0.16562,0.9552,0.97654,6.76483,8.49343
lgb_conformal,dead26,0.95,2,13,0.95,26,lumpy,2808,0.9407,0.97957,0.06205,9.77267,3.2943,0.02857,0.12144,0.91632,0.95485,8.77584,11.32515
lgb_conformal,none,0.99,2,13,0.95,26,all,13844,0.98468,0.99389,0.01471,9.92285,2.85352,0.0,0.0,0.98126,0.98787,9.24543,10.67832
lgb_conformal,none,0.99,2,13,0.95,26,smooth,2596,0.98961,0.98827,0.01395,5.1294,0.53089,0.0,0.0,0.98585,0.99264,4.75558,5.51308
lgb_conformal,none,0.99,2,13,0.95,26,erratic,1901,0.97303,0.98953,0.01336,10.59959,2.10404,0.0,0.0,0.96578,0.9799,9.72077,11.81981
lgb_conformal,none,0.99,2,13,0.95,26,intermittent,6539,0.98503,0.99622,0.0214,20.46569,8.23236,0.0,0.0,0.97831,0.98995,18.74007,22.82725
lgb_conformal,none,0.99,2,13,0.95,26,lumpy,2808,0.98674,0.9966,0.01033,36.3704,19.20922,0.0,0.0,0.97896,0.99067,33.42466,41.1824
lgb_conformal,quantile,0.99,2,13,0.95,26,all,13844,0.98448,0.99368,0.01522,9.70192,2.74607,0.02047,0.19221,0.981,0.98779,9.02683,10.46148
lgb_conformal,quantile,0.99,2,13,0.95,26,smooth,2596,0.9896,0.98825,0.01398,5.12593,0.52983,0.00084,0.01695,0.98585,0.99264,4.75175,5.51055
lgb_conformal,quantile,0.99,2,13,0.95,26,erratic,1901,0.97296,0.98943,0.01348,10.52039,2.0748,0.00895,0.05997,0.96573,0.97988,9.66963,11.72928
lgb_conformal,quantile,0.99,2,13,0.95,26,intermittent,6539,0.98437,0.99595,0.02293,19.42404,7.77262,0.088,0.24774,0.97761,0.98932,17.9072,21.68777
lgb_conformal,quantile,0.99,2,13,0.95,26,lumpy,2808,0.98496,0.99628,0.01131,34.62211,18.28419,0.15913,0.31446,0.97599,0.99043,31.93197,38.8838
lgb_conformal,fixed,0.99,2,13,0.95,26,all,13844,0.97351,0.97979,0.04863,7.98011,1.75913,0.42729,0.70594,0.96814,0.97847,7.5185,8.4856
lgb_conformal,fixed,0.99,2,13,0.95,26,smooth,2596,0.98947,0.98748,0.01489,5.03175,0.51529,0.02143,0.11325,0.98569,0.99243,4.68309,5.40878
lgb_conformal,fixed,0.99,2,13,0.95,26,erratic,1901,0.96554,0.98343,0.02114,9.91722,1.89855,0.12602,0.35613,0.95479,0.97556,9.09161,11.00402
lgb_conformal,fixed,0.99,2,13,0.95,26,intermittent,6539,0.97365,0.98576,0.08059,16.00813,5.33676,0.78857,0.92002,0.96471,0.98109,15.07781,17.21958
lgb_conformal,fixed,0.99,2,13,0.95,26,lumpy,2808,0.87733,0.95633,0.13266,17.71121,8.07539,4.34153,0.99217,0.83506,0.90335,16.63687,19.37931
lgb_conformal,dead13,0.99,2,13,0.95,26,all,13844,0.98325,0.98586,0.03403,9.29268,2.40473,0.02734,0.19359,0.97969,0.98656,8.64106,10.02229
lgb_conformal,dead13,0.99,2,13,0.95,26,smooth,2596,0.98937,0.98685,0.01564,5.04325,0.50266,0.00623,0.06125,0.98553,0.99237,4.68677,5.41512
lgb_conformal,dead13,0.99,2,13,0.95,26,erratic,1901,0.97283,0.98776,0.01562,10.18731,1.90735,0.02473,0.08522,0.9656,0.97968,9.32895,11.33196
lgb_conformal,dead13,0.99,2,13,0.95,26,intermittent,6539,0.97447,0.98451,0.08763,17.74564,6.01505,0.0858,0.26992,0.96563,0.98189,16.44041,19.48961
lgb_conformal,dead13,0.99,2,13,0.95,26,lumpy,2808,0.97902,0.98679,0.04012,32.42487,16.02788,0.15371,0.21154,0.96918,0.98485,29.69221,36.21311
lgb_conformal,dead26,0.99,2,13,0.95,26,all,13844,0.98421,0.9907,0.02238,9.58588,2.62983,0.01715,0.11146,0.98069,0.98748,8.90271,10.33525
lgb_conformal,dead26,0.99,2,13,0.95,26,smooth,2596,0.98958,0.98811,0.01414,5.10673,0.52715,0.00338,0.02273,0.98582,0.99259,4.74167,5.48634
lgb_conformal,dead26,0.99,2,13,0.95,26,erratic,1901,0.97302,0.98931,0.01363,10.45299,2.06952,0.01504,0.03156,0.96578,0.9799,9.59252,11.65185
lgb_conformal,dead26,0.99,2,13,0.95,26,intermittent,6539,0.9814,0.99142,0.04857,18.68049,6.77042,0.04358,0.16547,0.97411,0.98694,17.25544,20.80915
lgb_conformal,dead26,0.99,2,13,0.95,26,lumpy,2808,0.98376,0.99238,0.02316,34.08574,17.60699,0.11038,0.12179,0.97531,0.98843,31.42964,38.28647
lgb_conformal,none,0.9,1,13,0.95,26,all,13844,0.93655,0.96101,0.09383,1.89347,0.31878,0.0,0.0,0.92709,0.94476,1.76148,2.03169
lgb_conformal,none,0.9,1,13,0.95,26,smooth,2596,0.95888,0.93609,0.07602,1.44697,0.143,0.0,0.0,0.95211,0.9655,1.32462,1.58974
lgb_conformal,none,0.9,1,13,0.95,26,erratic,1901,0.8931,0.93905,0.07774,2.14808,0.35831,0.0,0.0,0.86419,0.9153,1.92292,2.39697
lgb_conformal,none,0.9,1,13,0.95,26,intermittent,6539,0.94644,0.97664,0.13215,2.74228,0.78256,0.0,0.0,0.93185,0.95925,2.37008,3.20325
lgb_conformal,none,0.9,1,13,0.95,26,lumpy,2808,0.90673,0.96251,0.11388,3.79546,1.1757,0.0,0.0,0.87954,0.9256,3.39259,4.57144
lgb_conformal,quantile,0.9,1,13,0.95,26,all,13844,0.93652,0.96099,0.09387,1.88745,0.31782,0.00069,0.01409,0.92707,0.94475,1.75577,2.02639
lgb_conformal,quantile,0.9,1,13,0.95,26,smooth,2596,0.95888,0.93609,0.07602,1.44681,0.14299,3e-05,0.00193,0.95211,0.9655,1.32449,1.58961
lgb_conformal,quantile,0.9,1,13,0.95,26,erratic,1901,0.8931,0.93903,0.07777,2.14768,0.35831,8e-05,0.00421,0.86419,0.9153,1.92276,2.39649
lgb_conformal,quantile,0.9,1,13,0.95,26,intermittent,6539,0.94615,0.97662,0.13227,2.68981,0.77707,0.00608,0.01743,0.93147,0.95918,2.31982,3.14197
lgb_conformal,quantile,0.9,1,13,0.95,26,lumpy,2808,0.90663,0.96248,0.11398,3.76145,1.16766,0.00359,0.02422,0.87951,0.92557,3.35878,4.50973
lgb_conformal,fixed,0.9,1,13,0.95,26,all,13844,0.93603,0.95859,0.09966,1.83459,0.27996,0.01652,0.36528,0.92659,0.94438,1.70578,1.96794
lgb_conformal,fixed,0.9,1,13,0.95,26,smooth,2596,0.95886,0.93593,0.07621,1.43911,0.13988,0.00206,0.0416,0.95209,0.96548,1.31803,1.58244
lgb_conformal,fixed,0.9,1,13,0.95,26,erratic,1901,0.89306,0.93857,0.07835,2.11026,0.34176,0.00979,0.09732,0.86412,0.91525,1.89605,2.36891
lgb_conformal,fixed,0.9,1,13,0.95,26,intermittent,6539,0.944,0.973,0.15276,2.37892,0.4961,0.1111,0.54519,0.92865,0.95749,2.06493,2.78794
lgb_conformal,fixed,0.9,1,13,0.95,26,lumpy,2808,0.90213,0.95952,0.12298,3.51017,0.97987,0.07676,0.42699,0.87403,0.92163,3.12846,4.18468
lgb_conformal,dead13,0.9,1,13,0.95,26,all,13844,0.93575,0.95552,0.10703,1.79959,0.26176,0.00598,0.19272,0.92625,0.9441,1.67666,1.93685
lgb_conformal,dead13,0.9,1,13,0.95,26,smooth,2596,0.95874,0.93525,0.07702,1.42545,0.13447,0.00198,0.06125,0.95203,0.96537,1.30677,1.56573
lgb_conformal,dead13,0.9,1,13,0.95,26,erratic,1901,0.89296,0.93766,0.07951,2.07176,0.32179,0.00645,0.08522,0.864,0.9152,1.85401,2.31699
lgb_conformal,dead13,0.9,1,13,0.95,26,intermittent,6539,0.93983,0.96822,0.17982,2.22438,0.40871,0.02231,0.26854,0.92184,0.95467,1.97314,2.55896
lgb_conformal,dead13,0.9,1,13,0.95,26,lumpy,2808,0.90314,0.9568,0.13124,3.41715,0.92367,0.02233,0.21047,0.87588,0.92291,3.05211,4.07634
lgb_conformal,dead26,0.9,1,13,0.95,26,all,13844,0.93634,0.95888,0.09895,1.85141,0.29016,0.00204,0.11124,0.92686,0.94459,1.72238,1.98781
lgb_conformal,dead26,0.9,1,13,0.95,26,smooth,2596,0.95887,0.93597,0.07617,1.44289,0.14193,0.0006,0.02273,0.9521,0.96549,1.32232,1.58607
lgb_conformal,dead26,0.9,1,13,0.95,26,erratic,1901,0.8931,0.93888,0.07796,2.12815,0.3519,0.00199,0.03156,0.86418,0.9153,1.91117,2.3811
lgb_conformal,dead26,0.9,1,13,0.95,26,intermittent,6539,0.94443,0.97321,0.15158,2.4222,0.52184,0.00777,0.16532,0.92931,0.95763,2.0957,2.82588
lgb_conformal,dead26,0.9,1,13,0.95,26,lumpy,2808,0.90576,0.96024,0.12077,3.6034,1.04105,0.0088,0.12108,0.87832,0.92482,3.21095,4.29635
lgb_conformal,none,0.9,4,13,0.95,26,all,13844,0.93016,0.96863,0.07549,4.97525,1.1522,0.0,0.0,0.92178,0.93777,4.62283,5.36851
lgb_conformal,none,0.9,4,13,0.95,26,smooth,2596,0.95524,0.94882,0.06088,3.65253,0.50149,0.0,0.0,0.94902,0.96193,3.28713,4.02892
lgb_conformal,none,0.9,4,13,0.95,26,erratic,1901,0.88576,0.94486,0.07033,5.67852,1.18344,0.0,0.0,0.85902,0.90592,5.06051,6.39996
lgb_conformal,none,0.9,4,13,0.95,26,intermittent,6539,0.94248,0.98277,0.09746,7.27332,2.62863,0.0,0.0,0.92458,0.95903,6.31552,8.58217
lgb_conformal,none,0.9,4,13,0.95,26,lumpy,2808,0.88031,0.9701,0.09082,10.96052,4.91765,0.0,0.0,0.83957,0.90646,9.38722,14.1604
lgb_conformal,quantile,0.9,4,13,0.95,26,all,13844,0.92973,0.96822,0.07647,4.87381,1.10571,0.00841,0.0965,0.92148,0.93715,4.51214,5.26057
lgb_conformal,quantile,0.9,4,13,0.95,26,smooth,2596,0.95524,0.94877,0.06094,3.61862,0.47936,0.00282,0.01233,0.94902,0.96192,3.27399,3.99725
lgb_conformal,quantile,0.9,4,13,0.95,26,erratic,1901,0.88524,0.94457,0.0707,5.6237,1.16427,0.00472,0.02946,0.85898,0.9059,5.00642,6.31687
lgb_conformal,quantile,0.9,4,13,0.95,26,intermittent,6539,0.94108,0.98216,0.10096,6.75681,2.43683,0.04306,0.15063,0.923,0.95819,5.92268,7.93969
lgb_conformal,quantile,0.9,4,13,0.95,26,lumpy,2808,0.87776,0.96978,0.0918,10.50369,4.7029,0.03696,0.09366,0.83459,0.90388,8.97595,13.59235
lgb_conformal,fixed,0.9,4,13,0.95,26,all,13844,0.92225,0.95842,0.10005,4.62191,0.93103,0.04604,0.55316,0.91307,0.93019,4.28688,5.00839
lgb_conformal,fixed,0.9,4,13,0.95,26,smooth,2596,0.95504,0.94786,0.06202,3.61364,0.48827,0.00676,0.08937,0.94877,0.96171,3.2503,3.98718
lgb_conformal,fixed,0.9,4,13,0.95,26,erratic,1901,0.87865,0.93829,0.07872,5.43451,1.08222,0.03745,0.21725,0.85089,0.9012,4.85727,6.10734
lgb_conformal,fixed,0.9,4,13,0.95,26,intermittent,6539,0.93157,0.97245,0.15591,5.67967,1.43701,0.16627,0.77061,0.91265,0.94957,5.06715,6.54034
lgb_conformal,fixed,0.9,4,13,0.95,26,lumpy,2808,0.81207,0.94917,0.1544,8.77464,3.4385,0.28503,0.70299,0.74612,0.85575,7.53902,10.82972
lgb_conformal,dead13,0.9,4,13,0.95,26,all,13844,0.92863,0.96022,0.09572,4.70398,0.98224,0.01626,0.19568,0.92003,0.93626,4.38006,5.08251
lgb_conformal,dead13,0.9,4,13,0.95,26,smooth,2596,0.95487,0.94693,0.06313,3.59063,0.47705,0.00556,0.06202,0.94861,0.96157,3.23097,3.95451
lgb_conformal,dead13,0.9,4,13,0.95,26,erratic,1901,0.88546,0.94247,0.07338,5.46224,1.06533,0.01622,0.08627,0.8587,0.90562,4.89663,6.15933
lgb_conformal,dead13,0.9,4,13,0.95,26,intermittent,6539,0.93139,0.97073,0.16562,5.83663,1.59497,0.06022,0.27252,0.91283,0.94886,5.16599,6.71623
lgb_conformal,dead13,0.9,4,13,0.95,26,lumpy,2808,0.87321,0.96007,0.12131,9.8026,4.12684,0.06438,0.21439,0.83089,0.8999,8.19756,12.63683
lgb_conformal,dead26,0.9,4,13,0.95,26,all,13844,0.92978,0.96573,0.08248,4.85701,1.07501,0.00624,0.11218,0.92138,0.93736,4.5194,5.23754
lgb_conformal,dead26,0.9,4,13,0.95,26,smooth,2596,0.95522,0.94866,0.06107,3.64073,0.49832,0.00172,0.02273,0.94902,0.96192,3.27441,4.01671
lgb_conformal,dead26,0.9,4,13,0.95,26,erratic,1901,0.88575,0.9446,0.07067,5.61269,1.16344,0.00647,0.03156,0.859,0.90592,5.0165,6.30784
lgb_conformal,dead26,0.9,4,13,0.95,26,intermittent,6539,0.93936,0.9784,0.12224,6.45391,1.97706,0.02281,0.16639,0.92128,0.95655,5.59226,7.56965
lgb_conformal,dead26,0.9,4,13,0.95,26,lumpy,2808,0.87805,0.9663,0.10237,10.39313,4.52525,0.0273,0.12322,0.83705,0.9043,8.79055,13.38743
lgb_conformal,none,0.9,2,8,0.95,26,all,13844,0.9345,0.96438,0.08573,2.87459,0.81777,0.0,0.0,0.92459,0.9427,2.66575,3.09028
lgb_conformal,none,0.9,2,8,0.95,26,smooth,2596,0.95867,0.94129,0.06984,2.15259,0.38855,0.0,0.0,0.95183,0.96502,1.95499,2.38067
lgb_conformal,none,0.9,2,8,0.95,26,erratic,1901,0.88829,0.94254,0.07329,3.29101,0.99938,0.0,0.0,0.85976,0.91131,2.94432,3.6823
lgb_conformal,none,0.9,2,8,0.95,26,intermittent,6539,0.94627,0.97935,0.11681,4.21362,1.61908,0.0,0.0,0.93069,0.95955,3.64985,4.96353
lgb_conformal,none,0.9,2,8,0.95,26,lumpy,2808,0.89851,0.96562,0.10444,5.96051,2.87799,0.0,0.0,0.86527,0.92178,5.27548,7.31492
lgb_conformal,quantile,0.9,2,8,0.95,26,all,13844,0.93418,0.96418,0.0862,2.82666,0.78369,0.00405,0.06819,0.92418,0.94228,2.62474,3.046
lgb_conformal,quantile,0.9,2,8,0.95,26,smooth,2596,0.95867,0.94127,0.06986,2.14824,0.38567,0.00054,0.01233,0.95183,0.96501,1.95054,2.37673
lgb_conformal,quantile,0.9,2,8,0.95,26,erratic,1901,0.88805,0.9424,0.07347,3.24398,0.96385,0.00373,0.03104,0.85962,0.91122,2.89461,3.62919
lgb_conformal,quantile,0.9,2,8,0.95,26,intermittent,6539,0.9446,0.97911,0.11819,3.99404,1.4846,0.01998,0.09497,0.92994,0.95872,3.48668,4.66473
lgb_conformal,quantile,0.9,2,8,0.95,26,lumpy,2808,0.89652,0.96533,0.10533,5.70812,2.68695,0.0197,0.08262,0.86291,0.92035,5.08159,6.84688
lgb_conformal,fixed,0.9,2,8,0.95,26,all,13844,0.9318,0.96057,0.09489,2.76976,0.73667,0.02019,0.42365,0.92138,0.94021,2.56547,2.98626
lgb_conformal,fixed,0.9,2,8,0.95,26,smooth,2596,0.95863,0.94105,0.07013,2.13906,0.38059,0.00305,0.0574,0.95178,0.96501,1.94357,2.36705
lgb_conformal,fixed,0.9,2,8,0.95,26,erratic,1901,0.88596,0.94137,0.07478,3.21997,0.95668,0.01553,0.13151,0.85926,0.90982,2.89401,3.61454
lgb_conformal,fixed,0.9,2,8,0.95,26,intermittent,6539,0.94199,0.97461,0.14368,3.59723,1.08538,0.10116,0.61921,0.92674,0.95563,3.1504,4.20667
lgb_conformal,fixed,0.9,2,8,0.95,26,lumpy,2808,0.87513,0.95893,0.12475,5.43746,2.45659,0.10483,0.50463,0.83505,0.90506,4.82967,6.55857
lgb_conformal,dead13,0.9,2,8,0.95,26,all,13844,0.93343,0.95804,0.10099,2.73197,0.71313,0.009,0.19409,0.92343,0.94163,2.53482,2.94987
lgb_conformal,dead13,0.9,2,8,0.95,26,smooth,2596,0.95846,0.94,0.07138,2.11953,0.36986,0.00303,0.06202,0.95153,0.9648,1.92433,2.34506
lgb_conformal,dead13,0.9,2,8,0.95,26,erratic,1901,0.8881,0.9408,0.07552,3.17556,0.92473,0.00934,0.08574,0.85954,0.91113,2.84799,3.54629
lgb_conformal,dead13,0.9,2,8,0.95,26,intermittent,6539,0.93756,0.96994,0.17007,3.44689,1.00062,0.03382,0.27038,0.92158,0.95306,3.06568,3.9746
lgb_conformal,dead13,0.9,2,8,0.95,26,lumpy,2808,0.89378,0.95866,0.12558,5.37087,2.41178,0.03435,0.21189,0.86069,0.9179,4.76827,6.497
lgb_conformal,dead26,0.9,2,8,0.95,26,all,13844,0.93424,0.96202,0.0914,2.81194,0.76869,0.00323,0.11182,0.92427,0.94248,2.60761,3.03252
lgb_conformal,dead26,0.9,2,8,0.95,26,smooth,2596,0.95866,0.94115,0.07,2.14637,0.3858,0.00091,0.02273,0.95181,0.96501,1.95032,2.3744
lgb_conformal,dead26,0.9,2,8,0.95,26,erratic,1901,0.88828,0.94233,0.07356,3.25831,0.9819,0.00322,0.03209,0.85976,0.9113,2.92246,3.64757
lgb_conformal,dead26,0.9,2,8,0.95,26,intermittent,6539,0.94396,0.97568,0.13762,3.76169,1.21899,0.01222,0.16593,0.92809,0.95761,3.25535,4.41205
lgb_conformal,dead26,0.9,2,8,0.95,26,lumpy,2808,0.89709,0.96283,0.1129,5.6662,2.63942,0.01407,0.12215,0.86376,0.92058,5.02144,6.83858
lgb_conformal,none,0.9,2,26,0.95,26,all,13844,0.9345,0.96438,0.08573,2.87459,,0.0,0.0,0.92459,0.9427,2.66575,3.09028
lgb_conformal,none,0.9,2,26,0.95,26,smooth,2596,0.95867,0.94129,0.06984,2.15259,,0.0,0.0,0.95183,0.96502,1.95499,2.38067
lgb_conformal,none,0.9,2,26,0.95,26,erratic,1901,0.88829,0.94254,0.07329,3.29101,,0.0,0.0,0.85976,0.91131,2.94432,3.6823
lgb_conformal,none,0.9,2,26,0.95,26,intermittent,6539,0.94627,0.97935,0.11681,4.21362,,0.0,0.0,0.93069,0.95955,3.64985,4.96353
lgb_conformal,none,0.9,2,26,0.95,26,lumpy,2808,0.89851,0.96562,0.10444,5.96051,,0.0,0.0,0.86527,0.92178,5.27548,7.31492
lgb_conformal,quantile,0.9,2,26,0.95,26,all,13844,0.93449,0.96437,0.08575,2.86656,,0.00098,0.01112,0.92458,0.94269,2.65831,3.08265
lgb_conformal,quantile,0.9,2,26,0.95,26,smooth,2596,0.95867,0.94129,0.06984,2.15237,,5e-05,0.00193,0.95183,0.96502,1.95468,2.38062
lgb_conformal,quantile,0.9,2,26,0.95,26,erratic,1901,0.88829,0.94257,0.07326,3.2903,,0.00016,0.00421,0.85976,0.91131,2.94418,3.68144
lgb_conformal,quantile,0.9,2,26,0.95,26,intermittent,6539,0.94615,0.97934,0.11689,4.13914,,0.00885,0.01392,0.93064,0.9594,3.57593,4.86901
lgb_conformal,quantile,0.9,2,26,0.95,26,lumpy,2808,0.8985,0.96559,0.10454,5.91932,,0.00476,0.01781,0.86526,0.92177,5.24813,7.2325
lgb_conformal,fixed,0.9,2,26,0.95,26,all,13844,0.9318,0.96057,0.09489,2.76976,,0.02019,0.42365,0.92138,0.94021,2.56547,2.98626
lgb_conformal,fixed,0.9,2,26,0.95,26,smooth,2596,0.95863,0.94105,0.07013,2.13906,,0.00305,0.0574,0.95178,0.96501,1.94357,2.36705
lgb_conformal,fixed,0.9,2,26,0.95,26,erratic,1901,0.88596,0.94137,0.07478,3.21997,,0.01553,0.13151,0.85926,0.90982,2.89401,3.61454
lgb_conformal,fixed,0.9,2,26,0.95,26,intermittent,6539,0.94199,0.97461,0.14368,3.59723,,0.10116,0.61921,0.92674,0.95563,3.1504,4.20667
lgb_conformal,fixed,0.9,2,26,0.95,26,lumpy,2808,0.87513,0.95893,0.12475,5.43746,,0.10483,0.50463,0.83505,0.90506,4.82967,6.55857
lgb_conformal,dead13,0.9,2,26,0.95,26,all,13844,0.93343,0.95804,0.10099,2.73197,,0.009,0.19409,0.92343,0.94163,2.53482,2.94987
lgb_conformal,dead13,0.9,2,26,0.95,26,smooth,2596,0.95846,0.94,0.07138,2.11953,,0.00303,0.06202,0.95153,0.9648,1.92433,2.34506
lgb_conformal,dead13,0.9,2,26,0.95,26,erratic,1901,0.8881,0.9408,0.07552,3.17556,,0.00934,0.08574,0.85954,0.91113,2.84799,3.54629
lgb_conformal,dead13,0.9,2,26,0.95,26,intermittent,6539,0.93756,0.96994,0.17007,3.44689,,0.03382,0.27038,0.92158,0.95306,3.06568,3.9746
lgb_conformal,dead13,0.9,2,26,0.95,26,lumpy,2808,0.89378,0.95866,0.12558,5.37087,,0.03435,0.21189,0.86069,0.9179,4.76827,6.497
lgb_conformal,dead26,0.9,2,26,0.95,26,all,13844,0.93424,0.96202,0.0914,2.81194,,0.00323,0.11182,0.92427,0.94248,2.60761,3.03252
lgb_conformal,dead26,0.9,2,26,0.95,26,smooth,2596,0.95866,0.94115,0.07,2.14637,,0.00091,0.02273,0.95181,0.96501,1.95032,2.3744
lgb_conformal,dead26,0.9,2,26,0.95,26,erratic,1901,0.88828,0.94233,0.07356,3.25831,,0.00322,0.03209,0.85976,0.9113,2.92246,3.64757
lgb_conformal,dead26,0.9,2,26,0.95,26,intermittent,6539,0.94396,0.97568,0.13762,3.76169,,0.01222,0.16593,0.92809,0.95761,3.25535,4.41205
lgb_conformal,dead26,0.9,2,26,0.95,26,lumpy,2808,0.89709,0.96283,0.1129,5.6662,,0.01407,0.12215,0.86376,0.92058,5.02144,6.83858
lgb_conformal,none,0.9,2,13,0.9,26,all,13844,0.9345,0.96438,0.08573,2.87459,0.53979,0.0,0.0,0.92459,0.9427,2.66575,3.09028
lgb_conformal,none,0.9,2,13,0.9,26,smooth,2596,0.95867,0.94129,0.06984,2.15259,0.2383,0.0,0.0,0.95183,0.96502,1.95499,2.38067
lgb_conformal,none,0.9,2,13,0.9,26,erratic,1901,0.88829,0.94254,0.07329,3.29101,0.59333,0.0,0.0,0.85976,0.91131,2.94432,3.6823
lgb_conformal,none,0.9,2,13,0.9,26,intermittent,6539,0.94627,0.97935,0.11681,4.21362,1.26801,0.0,0.0,0.93069,0.95955,3.64985,4.96353
lgb_conformal,none,0.9,2,13,0.9,26,lumpy,2808,0.89851,0.96562,0.10444,5.96051,2.11296,0.0,0.0,0.86527,0.92178,5.27548,7.31492
lgb_conformal,quantile,0.9,2,13,0.9,26,all,13844,0.93426,0.96426,0.086,2.83894,0.52709,0.00317,0.05085,0.92425,0.94234,2.63275,3.05523
lgb_conformal,quantile,0.9,2,13,0.9,26,smooth,2596,0.95867,0.94129,0.06984,2.15079,0.23786,0.00021,0.00347,0.95183,0.96502,1.95296,2.37921
lgb_conformal,quantile,0.9,2,13,0.9,26,erratic,1901,0.8882,0.94245,0.07341,3.27112,0.58791,0.0019,0.01894,0.85971,0.91126,2.92308,3.65897
lgb_conformal,quantile,0.9,2,13,0.9,26,intermittent,6539,0.94508,0.97921,0.11764,4.0233,1.21907,0.01771,0.06775,0.93009,0.95879,3.50283,4.70787
lgb_conformal,quantile,0.9,2,13,0.9,26,lumpy,2808,0.89662,0.96546,0.10493,5.73056,2.00858,0.019,0.07692,0.86292,0.92034,5.10682,6.88904
lgb_conformal,fixed,0.9,2,13,0.9,26,all,13844,0.9318,0.96057,0.09489,2.76976,0.4723,0.02019,0.42365,0.92138,0.94021,2.56547,2.98626
lgb_conformal,fixed,0.9,2,13,0.9,26,smooth,2596,0.95863,0.94105,0.07013,2.13906,0.23299,0.00305,0.0574,0.95178,0.96501,1.94357,2.36705
lgb_conformal,fixed,0.9,2,13,0.9,26,erratic,1901,0.88596,0.94137,0.07478,3.21997,0.56171,0.01553,0.13151,0.85926,0.90982,2.89401,3.61454
lgb_conformal,fixed,0.9,2,13,0.9,26,intermittent,6539,0.94199,0.97461,0.14368,3.59723,0.79891,0.10116,0.61921,0.92674,0.95563,3.1504,4.20667
lgb_conformal,fixed,0.9,2,13,0.9,26,lumpy,2808,0.87513,0.95893,0.12475,5.43746,1.75833,0.10483,0.50463,0.83505,0.90506,4.82967,6.55857
lgb_conformal,dead13,0.9,2,13,0.9,26,all,13844,0.93343,0.95804,0.10099,2.73197,0.45293,0.009,0.19409,0.92343,0.94163,2.53482,2.94987
lgb_conformal,dead13,0.9,2,13,0.9,26,smooth,2596,0.95846,0.94,0.07138,2.11953,0.22537,0.00303,0.06202,0.95153,0.9648,1.92433,2.34506
lgb_conformal,dead13,0.9,2,13,0.9,26,erratic,1901,0.8881,0.9408,0.07552,3.17556,0.53538,0.00934,0.08574,0.85954,0.91113,2.84799,3.54629
lgb_conformal,dead13,0.9,2,13,0.9,26,intermittent,6539,0.93756,0.96994,0.17007,3.44689,0.72281,0.03382,0.27038,0.92158,0.95306,3.06568,3.9746
lgb_conformal,dead13,0.9,2,13,0.9,26,lumpy,2808,0.89378,0.95866,0.12558,5.37087,1.71735,0.03435,0.21189,0.86069,0.9179,4.76827,6.497
lgb_conformal,dead26,0.9,2,13,0.9,26,all,13844,0.93424,0.96202,0.0914,2.81194,0.49833,0.00323,0.11182,0.92427,0.94248,2.60761,3.03252
lgb_conformal,dead26,0.9,2,13,0.9,26,smooth,2596,0.95866,0.94115,0.07,2.14637,0.23668,0.00091,0.02273,0.95181,0.96501,1.95032,2.3744
lgb_conformal,dead26,0.9,2,13,0.9,26,erratic,1901,0.88828,0.94233,0.07356,3.25831,0.58352,0.00322,0.03209,0.85976,0.9113,2.92246,3.64757
lgb_conformal,dead26,0.9,2,13,0.9,26,intermittent,6539,0.94396,0.97568,0.13762,3.76169,0.90438,0.01222,0.16593,0.92809,0.95761,3.25535,4.41205
lgb_conformal,dead26,0.9,2,13,0.9,26,lumpy,2808,0.89709,0.96283,0.1129,5.6662,1.90922,0.01407,0.12215,0.86376,0.92058,5.02144,6.83858
lgb_conformal,none,0.9,2,13,0.99,26,all,13844,0.9345,0.96438,0.08573,2.87459,0.53979,0.0,0.0,0.92459,0.9427,2.66575,3.09028
lgb_conformal,none,0.9,2,13,0.99,26,smooth,2596,0.95867,0.94129,0.06984,2.15259,0.2383,0.0,0.0,0.95183,0.96502,1.95499,2.38067
lgb_conformal,none,0.9,2,13,0.99,26,erratic,1901,0.88829,0.94254,0.07329,3.29101,0.59333,0.0,0.0,0.85976,0.91131,2.94432,3.6823
lgb_conformal,none,0.9,2,13,0.99,26,intermittent,6539,0.94627,0.97935,0.11681,4.21362,1.26801,0.0,0.0,0.93069,0.95955,3.64985,4.96353
lgb_conformal,none,0.9,2,13,0.99,26,lumpy,2808,0.89851,0.96562,0.10444,5.96051,2.11296,0.0,0.0,0.86527,0.92178,5.27548,7.31492
lgb_conformal,quantile,0.9,2,13,0.99,26,all,13844,0.9345,0.96437,0.08574,2.86836,0.5392,0.0008,0.00838,0.92459,0.9427,2.6605,3.08484
lgb_conformal,quantile,0.9,2,13,0.99,26,smooth,2596,0.95867,0.94129,0.06984,2.1524,0.23829,4e-05,0.00154,0.95183,0.96502,1.95475,2.38065
lgb_conformal,quantile,0.9,2,13,0.99,26,erratic,1901,0.88828,0.94254,0.07329,3.29048,0.59333,0.00014,0.00421,0.85976,0.91131,2.94423,3.68161
lgb_conformal,quantile,0.9,2,13,0.99,26,intermittent,6539,0.94626,0.97935,0.11685,4.15493,1.26491,0.00751,0.01101,0.93068,0.95955,3.58694,4.88657
lgb_conformal,quantile,0.9,2,13,0.99,26,lumpy,2808,0.89851,0.96562,0.10444,5.92944,2.10777,0.00362,0.0114,0.86527,0.92178,5.25575,7.2508
lgb_conformal,fixed,0.9,2,13,0.99,26,all,13844,0.9318,0.96057,0.09489,2.76976,0.4723,0.02019,0.42365,0.92138,0.94021,2.56547,2.98626
lgb_conformal,fixed,0.9,2,13,0.99,26,smooth,2596,0.95863,0.94105,0.07013,2.13906,0.23299,0.00305,0.0574,0.95178,0.96501,1.94357,2.36705
lgb_conformal,fixed,0.9,2,13,0.99,26,erratic,1901,0.88596,0.94137,0.07478,3.21997,0.56171,0.01553,0.13151,0.85926,0.90982,2.89401,3.61454
lgb_conformal,fixed,0.9,2,13,0.99,26,intermittent,6539,0.94199,0.97461,0.14368,3.59723,0.79891,0.10116,0.61921,0.92674,0.95563,3.1504,4.20667
lgb_conformal,fixed,0.9,2,13,0.99,26,lumpy,2808,0.87513,0.95893,0.12475,5.43746,1.75833,0.10483,0.50463,0.83505,0.90506,4.82967,6.55857
lgb_conformal,dead13,0.9,2,13,0.99,26,all,13844,0.93343,0.95804,0.10099,2.73197,0.45293,0.009,0.19409,0.92343,0.94163,2.53482,2.94987
lgb_conformal,dead13,0.9,2,13,0.99,26,smooth,2596,0.95846,0.94,0.07138,2.11953,0.22537,0.00303,0.06202,0.95153,0.9648,1.92433,2.34506
lgb_conformal,dead13,0.9,2,13,0.99,26,erratic,1901,0.8881,0.9408,0.07552,3.17556,0.53538,0.00934,0.08574,0.85954,0.91113,2.84799,3.54629
lgb_conformal,dead13,0.9,2,13,0.99,26,intermittent,6539,0.93756,0.96994,0.17007,3.44689,0.72281,0.03382,0.27038,0.92158,0.95306,3.06568,3.9746
lgb_conformal,dead13,0.9,2,13,0.99,26,lumpy,2808,0.89378,0.95866,0.12558,5.37087,1.71735,0.03435,0.21189,0.86069,0.9179,4.76827,6.497
lgb_conformal,dead26,0.9,2,13,0.99,26,all,13844,0.93424,0.96202,0.0914,2.81194,0.49833,0.00323,0.11182,0.92427,0.94248,2.60761,3.03252
lgb_conformal,dead26,0.9,2,13,0.99,26,smooth,2596,0.95866,0.94115,0.07,2.14637,0.23668,0.00091,0.02273,0.95181,0.96501,1.95032,2.3744
lgb_conformal,dead26,0.9,2,13,0.99,26,erratic,1901,0.88828,0.94233,0.07356,3.25831,0.58352,0.00322,0.03209,0.85976,0.9113,2.92246,3.64757
lgb_conformal,dead26,0.9,2,13,0.99,26,intermittent,6539,0.94396,0.97568,0.13762,3.76169,0.90438,0.01222,0.16593,0.92809,0.95761,3.25535,4.41205
lgb_conformal,dead26,0.9,2,13,0.99,26,lumpy,2808,0.89709,0.96283,0.1129,5.6662,1.90922,0.01407,0.12215,0.86376,0.92058,5.02144,6.83858
lgb_conformal,none,0.9,2,13,0.95,13,all,13844,0.9345,0.96438,0.08573,2.87459,0.53979,0.0,0.0,0.92459,0.9427,2.66575,3.09028
lgb_conformal,none,0.9,2,13,0.95,13,smooth,2596,0.95867,0.94129,0.06984,2.15259,0.2383,0.0,0.0,0.95183,0.96502,1.95499,2.38067
lgb_conformal,none,0.9,2,13,0.95,13,erratic,1901,0.88829,0.94254,0.07329,3.29101,0.59333,0.0,0.0,0.85976,0.91131,2.94432,3.6823
lgb_conformal,none,0.9,2,13,0.95,13,intermittent,6539,0.94627,0.97935,0.11681,4.21362,1.26801,0.0,0.0,0.93069,0.95955,3.64985,4.96353
lgb_conformal,none,0.9,2,13,0.95,13,lumpy,2808,0.89851,0.96562,0.10444,5.96051,2.11296,0.0,0.0,0.86527,0.92178,5.27548,7.31492
lgb_conformal,quantile,0.9,2,13,0.95,13,all,13844,0.93439,0.96432,0.08585,2.85732,0.53516,0.0018,0.026,0.92439,0.9425,2.64903,3.07313
lgb_conformal,quantile,0.9,2,13,0.95,13,smooth,2596,0.95867,0.94129,0.06984,2.15189,0.23813,9e-05,0.00347,0.95183,0.96502,1.95412,2.38026
lgb_conformal,quantile,0.9,2,13,0.95,13,erratic,1901,0.88828,0.94249,0.07335,3.28459,0.59235,0.00085,0.00842,0.85976,0.91131,2.93808,3.67693
lgb_conformal,quantile,0.9,2,13,0.95,13,intermittent,6539,0.94584,0.97929,0.11717,4.08264,1.23998,0.01293,0.03334,0.93032,0.9592,3.5393,4.78346
lgb_conformal,quantile,0.9,2,13,0.95,13,lumpy,2808,0.89744,0.96554,0.10469,5.86759,2.07968,0.0095,0.04167,0.86476,0.92088,5.20668,7.13471
lgb_conformal,fixed,0.9,2,13,0.95,13,all,13844,0.92663,0.95679,0.10399,2.69256,0.43435,0.03317,0.56212,0.91566,0.93544,2.49826,2.90494
lgb_conformal,fixed,0.9,2,13,0.95,13,smooth,2596,0.95851,0.94061,0.07065,2.13099,0.23131,0.00448,0.09977,0.95162,0.96483,1.93607,2.35873
lgb_conformal,fixed,0.9,2,13,0.95,13,erratic,1901,0.87917,0.93688,0.08052,3.14852,0.53727,0.02984,0.2767,0.85105,0.90404,2.832,3.53414
lgb_conformal,fixed,0.9,2,13,0.95,13,intermittent,6539,0.93576,0.97183,0.15941,3.34565,0.6463,0.12641,0.75501,0.91949,0.95102,2.99971,3.86027
lgb_conformal,fixed,0.9,2,13,0.95,13,lumpy,2808,0.83714,0.95021,0.15125,4.9426,1.48314,0.19311,0.73362,0.77691,0.87446,4.36818,5.88678
lgb_conformal,dead13,0.9,2,13,0.95,13,all,13844,0.93343,0.95804,0.10099,2.73197,0.45293,0.009,0.19409,0.92343,0.94163,2.53482,2.94987
lgb_conformal,dead13,0.9,2,13,0.95,13,smooth,2596,0.95846,0.94,0.07138,2.11953,0.22537,0.00303,0.06202,0.95153,0.9648,1.92433,2.34506
lgb_conformal,dead13,0.9,2,13,0.95,13,erratic,1901,0.8881,0.9408,0.07552,3.17556,0.53538,0.00934,0.08574,0.85954,0.91113,2.84799,3.54629
lgb_conformal,dead13,0.9,2,13,0.95,13,intermittent,6539,0.93756,0.96994,0.17007,3.44689,0.72281,0.03382,0.27038,0.92158,0.95306,3.06568,3.9746
lgb_conformal,dead13,0.9,2,13,0.95,13,lumpy,2808,0.89378,0.95866,0.12558,5.37087,1.71735,0.03435,0.21189,0.86069,0.9179,4.76827,6.497
lgb_conformal,dead26,0.9,2,13,0.95,13,all,13844,0.93424,0.96202,0.0914,2.81194,0.49833,0.00323,0.11182,0.92427,0.94248,2.60761,3.03252
lgb_conformal,dead26,0.9,2,13,0.95,13,smooth,2596,0.95866,0.94115,0.07,2.14637,0.23668,0.00091,0.02273,0.95181,0.96501,1.95032,2.3744
lgb_conformal,dead26,0.9,2,13,0.95,13,erratic,1901,0.88828,0.94233,0.07356,3.25831,0.58352,0.00322,0.03209,0.85976,0.9113,2.92246,3.64757
lgb_conformal,dead26,0.9,2,13,0.95,13,intermittent,6539,0.94396,0.97568,0.13762,3.76169,0.90438,0.01222,0.16593,0.92809,0.95761,3.25535,4.41205
lgb_conformal,dead26,0.9,2,13,0.95,13,lumpy,2808,0.89709,0.96283,0.1129,5.6662,1.90922,0.01407,0.12215,0.86376,0.92058,5.02144,6.83858
lgb_conformal,none,0.9,2,13,0.95,52,all,13844,0.9345,0.96438,0.08573,2.87459,0.53979,0.0,0.0,0.92459,0.9427,2.66575,3.09028
lgb_conformal,none,0.9,2,13,0.95,52,smooth,2596,0.95867,0.94129,0.06984,2.15259,0.2383,0.0,0.0,0.95183,0.96502,1.95499,2.38067
lgb_conformal,none,0.9,2,13,0.95,52,erratic,1901,0.88829,0.94254,0.07329,3.29101,0.59333,0.0,0.0,0.85976,0.91131,2.94432,3.6823
lgb_conformal,none,0.9,2,13,0.95,52,intermittent,6539,0.94627,0.97935,0.11681,4.21362,1.26801,0.0,0.0,0.93069,0.95955,3.64985,4.96353
lgb_conformal,none,0.9,2,13,0.95,52,lumpy,2808,0.89851,0.96562,0.10444,5.96051,2.11296,0.0,0.0,0.86527,0.92178,5.27548,7.31492
lgb_conformal,quantile,0.9,2,13,0.95,52,all,13844,0.93439,0.96432,0.08585,2.85732,0.53516,0.0018,0.026,0.92439,0.9425,2.64903,3.07313
lgb_conformal,quantile,0.9,2,13,0.95,52,smooth,2596,0.95867,0.94129,0.06984,2.15189,0.23813,9e-05,0.00347,0.95183,0.96502,1.95412,2.38026
lgb_conformal,quantile,0.9,2,13,0.95,52,erratic,1901,0.88828,0.94249,0.07335,3.28459,0.59235,0.00085,0.00842,0.85976,0.91131,2.93808,3.67693
lgb_conformal,quantile,0.9,2,13,0.95,52,intermittent,6539,0.94584,0.97929,0.11717,4.08264,1.23998,0.01293,0.03334,0.93032,0.9592,3.5393,4.78346
lgb_conformal,quantile,0.9,2,13,0.95,52,lumpy,2808,0.89744,0.96554,0.10469,5.86759,2.07968,0.0095,0.04167,0.86476,0.92088,5.20668,7.13471
lgb_conformal,fixed,0.9,2,13,0.95,52,all,13844,0.93405,0.96194,0.09159,2.79202,0.48566,0.01603,0.34455,0.92405,0.94223,2.58994,3.00884
lgb_conformal,fixed,0.9,2,13,0.95,52,smooth,2596,0.95866,0.94115,0.07,2.14108,0.23374,0.0025,0.03544,0.95181,0.96501,1.94517,2.36925
lgb_conformal,fixed,0.9,2,13,0.95,52,erratic,1901,0.88823,0.94204,0.07393,3.23498,0.57082,0.01191,0.0868,0.85971,0.91128,2.90365,3.63327
lgb_conformal,fixed,0.9,2,13,0.95,52,intermittent,6539,0.94397,0.97589,0.1364,3.71836,0.87098,0.0891,0.52072,0.9282,0.95765,3.22295,4.3714
lgb_conformal,fixed,0.9,2,13,0.95,52,lumpy,2808,0.89475,0.96214,0.11501,5.56328,1.83746,0.07705,0.39459,0.86108,0.91779,4.93262,6.725
lgb_conformal,dead13,0.9,2,13,0.95,52,all,13844,0.93343,0.95804,0.10099,2.73197,0.45293,0.009,0.19409,0.92343,0.94163,2.53482,2.94987
lgb_conformal,dead13,0.9,2,13,0.95,52,smooth,2596,0.95846,0.94,0.07138,2.11953,0.22537,0.00303,0.06202,0.95153,0.9648,1.92433,2.34506
lgb_conformal,dead13,0.9,2,13,0.95,52,erratic,1901,0.8881,0.9408,0.07552,3.17556,0.53538,0.00934,0.08574,0.85954,0.91113,2.84799,3.54629
lgb_conformal,dead13,0.9,2,13,0.95,52,intermittent,6539,0.93756,0.96994,0.17007,3.44689,0.72281,0.03382,0.27038,0.92158,0.95306,3.06568,3.9746
lgb_conformal,dead13,0.9,2,13,0.95,52,lumpy,2808,0.89378,0.95866,0.12558,5.37087,1.71735,0.03435,0.21189,0.86069,0.9179,4.76827,6.497
lgb_conformal,dead26,0.9,2,13,0.95,52,all,13844,0.93424,0.96202,0.0914,2.81194,0.49833,0.00323,0.11182,0.92427,0.94248,2.60761,3.03252
lgb_conformal,dead26,0.9,2,13,0.95,52,smooth,2596,0.95866,0.94115,0.07,2.14637,0.23668,0.00091,0.02273,0.95181,0.96501,1.95032,2.3744
lgb_conformal,dead26,0.9,2,13,0.95,52,erratic,1901,0.88828,0.94233,0.07356,3.25831,0.58352,0.00322,0.03209,0.85976,0.9113,2.92246,3.64757
lgb_conformal,dead26,0.9,2,13,0.95,52,intermittent,6539,0.94396,0.97568,0.13762,3.76169,0.90438,0.01222,0.16593,0.92809,0.95761,3.25535,4.41205
lgb_conformal,dead26,0.9,2,13,0.95,52,lumpy,2808,0.89709,0.96283,0.1129,5.6662,1.90922,0.01407,0.12215,0.86376,0.92058,5.02144,6.83858
hgb_quantile,none,0.5,2,13,0.95,26,all,13844,0.79499,0.86971,0.31353,0.98378,0.19777,0.0,0.0,0.78375,0.80606,0.88399,1.09257
hgb_quantile,none,0.5,2,13,0.95,26,smooth,2596,0.82916,0.74646,0.30158,0.73557,0.09978,0.0,0.0,0.82086,0.83842,0.63843,0.84612
hgb_quantile,none,0.5,2,13,0.95,26,erratic,1901,0.74406,0.77777,0.28346,1.17832,0.23164,0.0,0.0,0.71072,0.77247,0.97074,1.42329
hgb_quantile,none,0.5,2,13,0.95,26,intermittent,6539,0.7993,0.93779,0.35198,1.30031,0.45592,0.0,0.0,0.77333,0.81874,1.01514,1.65327
hgb_quantile,none,0.5,2,13,0.95,26,lumpy,2808,0.70381,0.88737,0.34214,1.98037,0.63446,0.0,0.0,0.66648,0.73374,1.62381,2.56409
hgb_quantile,quantile,0.5,2,13,0.95,26,all,13844,0.79486,0.86967,0.31363,0.95764,0.1931,0.0028,0.01445,0.78366,0.80577,0.86053,1.06358
hgb_quantile,quantile,0.5,2,13,0.95,26,smooth,2596,0.82916,0.74646,0.30158,0.73535,0.09971,3e-05,0.0027,0.82086,0.83842,0.63823,0.84593
hgb_quantile,quantile,0.5,2,13,0.95,26,erratic,1901,0.74405,0.77775,0.28349,1.15969,0.22905,0.00198,0.02525,0.7107,0.77247,0.9562,1.39456
hgb_quantile,quantile,0.5,2,13,0.95,26,intermittent,6539,0.79757,0.93779,0.35198,1.2728,0.45329,0.00406,0.00474,0.77186,0.81753,0.98974,1.60101
hgb_quantile,quantile,0.5,2,13,0.95,26,lumpy,2808,0.70351,0.88717,0.34273,1.7278,0.58514,0.02618,0.0406,0.66613,0.73338,1.43079,2.21608
hgb_quantile,fixed,0.5,2,13,0.95,26,all,13844,0.79466,0.86787,0.31798,0.97051,0.18776,0.0042,0.32426,0.7834,0.80568,0.87174,1.0787
hgb_quantile,fixed,0.5,2,13,0.95,26,smooth,2596,0.82915,0.74636,0.30171,0.73519,0.09971,0.00016,0.03659,0.82086,0.83841,0.63808,0.84564
hgb_quantile,fixed,0.5,2,13,0.95,26,erratic,1901,0.74404,0.77753,0.28376,1.17607,0.23124,0.0008,0.07154,0.71069,0.77246,0.96818,1.42128
hgb_quantile,fixed,0.5,2,13,0.95,26,intermittent,6539,0.79721,0.93477,0.36909,1.14139,0.32814,0.04766,0.49549,0.77182,0.8173,0.89116,1.45401
hgb_quantile,fixed,0.5,2,13,0.95,26,lumpy,2808,0.70121,0.88555,0.34764,1.945,0.60783,0.01264,0.36254,0.66339,0.73136,1.59415,2.51343
hgb_quantile,dead13,0.5,2,13,0.95,26,all,13844,0.79429,0.86485,0.32523,0.94295,0.18444,0.00419,0.19272,0.78313,0.80504,0.84687,1.05083
hgb_quantile,dead13,0.5,2,13,0.95,26,smooth,2596,0.82901,0.74545,0.30279,0.72582,0.09934,0.0014,0.06125,0.82065,0.8382,0.62992,0.83641
hgb_quantile,dead13,0.5,2,13,0.95,26,erratic,1901,0.74393,0.7766,0.28495,1.14814,0.23079,0.00443,0.08522,0.7106,0.77237,0.94321,1.37833
hgb_quantile,dead13,0.5,2,13,0.95,26,intermittent,6539,0.79249,0.9301,0.39552,1.01679,0.29402,0.01711,0.26854,0.76405,0.81269,0.78591,1.25925
hgb_quantile,dead13,0.5,2,13,0.95,26,lumpy,2808,0.70164,0.88305,0.35526,1.85492,0.5962,0.01468,0.21047,0.66353,0.73131,1.51709,2.38863
hgb_quantile,dead26,0.5,2,13,0.95,26,all,13844,0.79486,0.86778,0.31818,0.97202,0.18823,0.00031,0.11124,0.78361,0.80593,0.87319,1.0806
hgb_quantile,dead26,0.5,2,13,0.95,26,smooth,2596,0.82916,0.74638,0.30169,0.73542,0.09976,3e-05,0.02273,0.82086,0.83842,0.63829,0.84598
hgb_quantile,dead26,0.5,2,13,0.95,26,erratic,1901,0.74405,0.77765,0.28361,1.17792,0.23152,7e-05,0.03156,0.71072,0.77247,0.97029,1.42286
hgb_quantile,dead26,0.5,2,13,0.95,26,intermittent,6539,0.79759,0.93452,0.3705,1.15192,0.33321,0.00336,0.16532,0.77176,0.8173,0.90161,1.47284
hgb_quantile,dead26,0.5,2,13,0.95,26,lumpy,2808,0.70345,0.88562,0.34745,1.948,0.60853,0.00087,0.12108,0.66603,0.73338,1.59294,2.51961
hgb_quantile,none,0.8,2,13,0.95,26,all,13844,0.9056,0.94571,0.13065,2.23515,0.54313,0.0,0.0,0.89878,0.91252,2.01891,2.48201
hgb_quantile,none,0.8,2,13,0.95,26,smooth,2596,0.92331,0.89774,0.12163,1.54125,0.19578,0.0,0.0,0.91671,0.93004,1.36615,1.68377
hgb_quantile,none,0.8,2,13,0.95,26,erratic,1901,0.87433,0.90825,0.11702,2.95378,0.79132,0.0,0.0,0.85428,0.8891,2.44155,3.55702
hgb_quantile,none,0.8,2,13,0.95,26,intermittent,6539,0.90781,0.97351,0.14989,2.68642,0.96485,0.0,0.0,0.89398,0.91947,2.10006,3.3957
hgb_quantile,none,0.8,2,13,0.95,26,lumpy,2808,0.87531,0.95068,0.14983,4.75838,2.03869,0.0,0.0,0.84835,0.89495,3.89688,6.3021
hgb_quantile,quantile,0.8,2,13,0.95,26,all,13844,0.9049,0.94547,0.13122,2.06003,0.487,0.01676,0.05352,0.89801,0.91214,1.87101,2.27001
hgb_quantile,quantile,0.8,2,13,0.95,26,smooth,2596,0.92312,0.89771,0.12168,1.53311,0.19304,0.00111,0.01387,0.91669,0.93004,1.36022,1.67719
hgb_quantile,quantile,0.8,2,13,0.95,26,erratic,1901,0.8732,0.90758,0.11788,2.64061,0.71691,0.02948,0.09942,0.85288,0.8885,2.25304,3.12533
hgb_quantile,quantile,0.8,2,13,0.95,26,intermittent,6539,0.9071,0.97343,0.15036,2.49436,0.92049,0.02073,0.02921,0.89301,0.91885,1.97578,3.07869
hgb_quantile,quantile,0.8,2,13,0.95,26,lumpy,2808,0.87222,0.95017,0.15135,3.78119,1.62218,0.09074,0.11574,0.84553,0.89263,3.11061,4.97142
hgb_quantile,fixed,0.8,2,13,0.95,26,all,13844,0.9021,0.94214,0.13923,2.15144,0.49203,0.0137,0.43311,0.89493,0.90929,1.93931,2.39303
hgb_quantile,fixed,0.8,2,13,0.95,26,smooth,2596,0.92328,0.89753,0.12188,1.53725,0.19514,0.00098,0.05778,0.91669,0.92999,1.36206,1.67896
hgb_quantile,fixed,0.8,2,13,0.95,26,erratic,1901,0.87163,0.90701,0.11861,2.8968,0.77162,0.00955,0.15097,0.85059,0.88679,2.38998,3.48684
hgb_quantile,fixed,0.8,2,13,0.95,26,intermittent,6539,0.90287,0.96885,0.17624,2.22415,0.65859,0.0773,0.62594,0.8878,0.91507,1.77482,2.74506
hgb_quantile,fixed,0.8,2,13,0.95,26,lumpy,2808,0.84322,0.94498,0.16713,4.26487,1.69006,0.07619,0.52208,0.80808,0.86969,3.51043,5.60537
hgb_quantile,dead13,0.8,2,13,0.95,26,all,13844,0.90485,0.94016,0.144,2.15959,0.52263,0.00864,0.19279,0.89808,0.91176,1.95006,2.40137
hgb_quantile,dead13,0.8,2,13,0.95,26,smooth,2596,0.92316,0.89661,0.12299,1.52221,0.19306,0.00243,0.06163,0.91647,0.92986,1.35003,1.66609
hgb_quantile,dead13,0.8,2,13,0.95,26,erratic,1901,0.87416,0.90668,0.11904,2.88216,0.78072,0.00986,0.08522,0.854,0.88894,2.38355,3.48429
hgb_quantile,dead13,0.8,2,13,0.95,26,intermittent,6539,0.90156,0.96489,0.19866,2.25959,0.78018,0.03519,0.26854,0.88654,0.91414,1.78733,2.78219
hgb_quantile,dead13,0.8,2,13,0.95,26,lumpy,2808,0.87223,0.94551,0.16551,4.51078,1.97678,0.03148,0.21047,0.84525,0.89237,3.70916,6.00929
hgb_quantile,dead26,0.8,2,13,0.95,26,all,13844,0.90545,0.94373,0.13542,2.2206,0.5333,0.0008,0.11124,0.89864,0.91236,2.00472,2.46699
hgb_quantile,dead26,0.8,2,13,0.95,26,smooth,2596,0.92331,0.89766,0.12174,1.54025,0.19571,0.00023,0.02273,0.91671,0.93003,1.36522,1.68264
hgb_quantile,dead26,0.8,2,13,0.95,26,erratic,1901,0.87432,0.90806,0.11727,2.9493,0.79083,0.00062,0.03156,0.85427,0.88909,2.43679,3.54966
hgb_quantile,dead26,0.8,2,13,0.95,26,intermittent,6539,0.90607,0.97018,0.16873,2.52979,0.84163,0.00526,0.16532,0.89239,0.91793,1.98005,3.19255
hgb_quantile,dead26,0.8,2,13,0.95,26,lumpy,2808,0.87488,0.94886,0.15533,4.71699,2.01108,0.00222,0.12108,0.8479,0.89455,3.85139,6.24961
hgb_quantile,none,0.9,2,13,0.95,26,all,13844,0.94531,0.97154,0.06848,3.47457,0.97689,0.0,0.0,0.93964,0.95068,3.17178,3.7865
hgb_quantile,none,0.9,2,13,0.95,26,smooth,2596,0.95941,0.94994,0.05955,2.37309,0.35018,0.0,0.0,0.95505,0.96435,2.13598,2.57603
hgb_quantile,none,0.9,2,13,0.95,26,erratic,1901,0.91893,0.95093,0.06258,4.56764,1.38169,0.0,0.0,0.9034,0.93271,3.83617,5.35473
hgb_quantile,none,0.9,2,13,0.95,26,intermittent,6539,0.94785,0.98558,0.08161,3.94518,1.62158,0.0,0.0,0.93907,0.95654,3.12135,4.92878
hgb_quantile,none,0.9,2,13,0.95,26,lumpy,2808,0.92583,0.97279,0.08266,7.84247,3.91807,0.0,0.0,0.90704,0.94061,6.27967,10.56295
hgb_quantile,quantile,0.9,2,13,0.95,26,all,13844,0.94429,0.97119,0.06933,3.06545,0.82168,0.03659,0.11687,0.93834,0.94973,2.84031,3.31603
hgb_quantile,quantile,0.9,2,13,0.95,26,smooth,2596,0.95922,0.94992,0.05957,2.31503,0.31343,0.00463,0.03968,0.95468,0.96418,2.08795,2.5092
hgb_quantile,quantile,0.9,2,13,0.95,26,erratic,1901,0.91717,0.95012,0.06362,3.82694,1.14781,0.06477,0.18043,0.90192,0.93112,3.32569,4.36401
hgb_quantile,quantile,0.9,2,13,0.95,26,intermittent,6539,0.94659,0.98539,0.08267,3.5654,1.53162,0.03999,0.08488,0.93627,0.95562,2.8206,4.44565
hgb_quantile,quantile,0.9,2,13,0.95,26,lumpy,2808,0.92112,0.97204,0.08492,5.83938,3.06489,0.18388,0.21973,0.90107,0.93784,4.65888,7.9584
hgb_quantile,fixed,0.9,2,13,0.95,26,all,13844,0.93892,0.96567,0.08261,3.24446,0.8351,0.02954,0.51177,0.93162,0.945,2.9587,3.54481
hgb_quantile,fixed,0.9,2,13,0.95,26,smooth,2596,0.95931,0.94943,0.06015,2.35732,0.34416,0.0027,0.07743,0.95489,0.96427,2.12049,2.5608
hgb_quantile,fixed,0.9,2,13,0.95,26,erratic,1901,0.91172,0.94775,0.06664,4.33721,1.27352,0.0299,0.22251,0.89498,0.926,3.64552,5.04022
hgb_quantile,fixed,0.9,2,13,0.95,26,intermittent,6539,0.93963,0.97901,0.11878,3.00955,0.96805,0.11994,0.72152,0.92855,0.9496,2.40178,3.73774
hgb_quantile,fixed,0.9,2,13,0.95,26,lumpy,2808,0.87479,0.96177,0.11614,6.51249,3.01342,0.16449,0.62073,0.84111,0.90237,5.2449,8.75732
hgb_quantile,dead13,0.9,2,13,0.95,26,all,13844,0.94438,0.96513,0.08392,3.33658,0.91488,0.01251,0.19395,0.93869,0.94978,3.04303,3.64864
hgb_quantile,dead13,0.9,2,13,0.95,26,smooth,2596,0.95923,0.94875,0.06096,2.34282,0.34194,0.00332,0.06125,0.95481,0.96417,2.1086,2.54433
hgb_quantile,dead13,0.9,2,13,0.95,26,erratic,1901,0.91873,0.94917,0.06484,4.42653,1.32308,0.01457,0.08574,0.90319,0.93256,3.71027,5.11924
hgb_quantile,dead13,0.9,2,13,0.95,26,intermittent,6539,0.94057,0.9759,0.13636,3.23323,1.23995,0.04909,0.26977,0.92898,0.95059,2.54198,3.98624
hgb_quantile,dead13,0.9,2,13,0.95,26,lumpy,2808,0.92152,0.96599,0.10331,7.33739,3.68193,0.04746,0.21332,0.90151,0.93709,5.91819,9.94927
hgb_quantile,dead26,0.9,2,13,0.95,26,all,13844,0.94509,0.96926,0.07397,3.43187,0.94942,0.00235,0.11182,0.93938,0.95046,3.12797,3.74316
hgb_quantile,dead26,0.9,2,13,0.95,26,smooth,2596,0.9594,0.94982,0.05969,2.36918,0.34907,0.00062,0.02273,0.95504,0.96435,2.13263,2.57208
hgb_quantile,dead26,0.9,2,13,0.95,26,erratic,1901,0.91891,0.95072,0.06286,4.53821,1.37401,0.00295,0.03261,0.90339,0.9327,3.81131,5.30646
hgb_quantile,dead26,0.9,2,13,0.95,26,intermittent,6539,0.94568,0.98194,0.10218,3.63192,1.37526,0.01022,0.16577,0.93628,0.95489,2.86329,4.55207
hgb_quantile,dead26,0.9,2,13,0.95,26,lumpy,2808,0.92478,0.97026,0.09033,7.66848,3.79173,0.00745,0.12215,0.90548,0.93976,6.14095,10.36346
hgb_quantile,none,0.95,2,13,0.95,26,all,13844,0.96965,0.98553,0.03482,4.94674,1.60158,0.0,0.0,0.96551,0.97313,4.52921,5.36795
hgb_quantile,none,0.95,2,13,0.95,26,smooth,2596,0.97759,0.97556,0.02908,3.36944,0.61114,0.0,0.0,0.97389,0.98179,3.03532,3.69734
hgb_quantile,none,0.95,2,13,0.95,26,erratic,1901,0.95599,0.97475,0.03221,6.51459,2.26708,0.0,0.0,0.9451,0.96531,5.53265,7.56129
hgb_quantile,none,0.95,2,13,0.95,26,intermittent,6539,0.96938,0.99276,0.04098,5.99192,2.97681,0.0,0.0,0.96289,0.97495,4.70828,7.48536
hgb_quantile,none,0.95,2,13,0.95,26,lumpy,2808,0.9558,0.98522,0.04489,10.89574,5.87514,0.0,0.0,0.9422,0.96807,8.89814,14.55919
hgb_quantile,quantile,0.95,2,13,0.95,26,all,13844,0.96811,0.98484,0.03648,4.14468,1.23472,0.06704,0.26856,0.96364,0.97177,3.87124,4.43312
hgb_quantile,quantile,0.95,2,13,0.95,26,smooth,2596,0.97736,0.97538,0.02928,3.19795,0.49627,0.01367,0.07666,0.97365,0.98177,2.9238,3.46911
hgb_quantile,quantile,0.95,2,13,0.95,26,erratic,1901,0.95324,0.97358,0.0337,5.07093,1.6869,0.11899,0.293,0.9411,0.963,4.46566,5.73478
hgb_quantile,quantile,0.95,2,13,0.95,26,intermittent,6539,0.96757,0.9923,0.04358,5.06496,2.57435,0.08109,0.28322,0.96029,0.97399,4.02018,6.27068
hgb_quantile,quantile,0.95,2,13,0.95,26,lumpy,2808,0.94857,0.98384,0.04907,7.53294,4.32331,0.2892,0.3953,0.93101,0.96313,6.07443,10.042
hgb_quantile,fixed,0.95,2,13,0.95,26,all,13844,0.95986,0.97713,0.05503,4.37037,1.23525,0.06048,0.59029,0.95481,0.96466,4.03179,4.75825
hgb_quantile,fixed,0.95,2,13,0.95,26,smooth,2596,0.97738,0.97482,0.02995,3.27301,0.54665,0.00894,0.10208,0.97375,0.98158,2.96627,3.5691
hgb_quantile,fixed,0.95,2,13,0.95,26,erratic,1901,0.94065,0.96904,0.0395,5.81832,1.93373,0.07529,0.30037,0.92482,0.95376,4.9861,6.66271
hgb_quantile,fixed,0.95,2,13,0.95,26,intermittent,6539,0.95793,0.98348,0.09349,4.0762,1.54194,0.20217,0.81327,0.94923,0.96584,3.27126,4.99442
hgb_quantile,fixed,0.95,2,13,0.95,26,lumpy,2808,0.89238,0.96997,0.09121,8.0799,3.90316,0.29591,0.71866,0.85792,0.91873,6.60235,10.60509
hgb_quantile,dead13,0.95,2,13,0.95,26,all,13844,0.96849,0.97831,0.05219,4.71225,1.47775,0.01836,0.19532,0.96426,0.97201,4.33317,5.12797
hgb_quantile,dead13,0.95,2,13,0.95,26,smooth,2596,0.97737,0.97421,0.03068,3.31813,0.59152,0.0048,0.06163,0.97369,0.98162,2.97672,3.65556
hgb_quantile,dead13,0.95,2,13,0.95,26,erratic,1901,0.95579,0.97289,0.03459,6.27703,2.16103,0.0221,0.08574,0.94495,0.9651,5.33168,7.25708
hgb_quantile,dead13,0.95,2,13,0.95,26,intermittent,6539,0.96012,0.98196,0.10206,4.7279,2.19677,0.07502,0.27237,0.95096,0.96722,3.72433,5.83356
hgb_quantile,dead13,0.95,2,13,0.95,26,lumpy,2808,0.95044,0.97729,0.06899,10.07192,5.40419,0.06534,0.21368,0.93486,0.96375,8.13772,13.5068
hgb_quantile,dead26,0.95,2,13,0.95,26,all,13844,0.96934,0.98287,0.04121,4.86476,1.54963,0.00502,0.1129,0.96516,0.97287,4.45779,5.27821
hgb_quantile,dead26,0.95,2,13,0.95,26,smooth,2596,0.97757,0.9754,0.02926,3.36002,0.60901,0.00141,0.02273,0.97389,0.98176,3.01999,3.69272
hgb_quantile,dead26,0.95,2,13,0.95,26,erratic,1901,0.95598,0.97453,0.03248,6.45703,2.2451,0.00551,0.03209,0.9451,0.96529,5.47342,7.46636
hgb_quantile,dead26,0.95,2,13,0.95,26,intermittent,6539,0.96657,0.98859,0.06458,5.41602,2.53976,0.02274,0.16746,0.95935,0.97266,4.27319,6.75884
hgb_quantile,dead26,0.95,2,13,0.95,26,lumpy,2808,0.95423,0.98213,0.05429,10.55973,5.63937,0.01723,0.12393,0.94031,0.9666,8.61416,14.08072
hgb_quantile,none,0.99,2,13,0.95,26,all,13844,0.99019,0.99632,0.00886,10.22704,4.6466,0.0,0.0,0.98813,0.99194,9.14851,11.37296
hgb_quantile,none,0.99,2,13,0.95,26,smooth,2596,0.99252,0.99457,0.00646,6.14678,1.53465,0.0,0.0,0.99022,0.99466,5.52665,6.7977
hgb_quantile,none,0.99,2,13,0.95,26,erratic,1901,0.98597,0.9924,0.0097,13.77399,6.46449,0.0,0.0,0.98107,0.98973,11.64069,16.28205
hgb_quantile,none,0.99,2,13,0.95,26,intermittent,6539,0.98954,0.9981,0.01078,14.09858,9.20084,0.0,0.0,0.98516,0.99289,10.99708,17.9204
hgb_quantile,none,0.99,2,13,0.95,26,lumpy,2808,0.9873,0.99645,0.01077,26.45772,18.83974,0.0,0.0,0.98157,0.99141,19.66331,37.20389
hgb_quantile,quantile,0.99,2,13,0.95,26,all,13844,0.98525,0.99404,0.01434,6.80848,2.44307,0.2535,0.68889,0.98212,0.98814,6.41508,7.20501
hgb_quantile,quantile,0.99,2,13,0.95,26,smooth,2596,0.99165,0.99373,0.00746,5.43098,1.0663,0.05471,0.26117,0.98926,0.99404,5.01911,5.84055
hgb_quantile,quantile,0.99,2,13,0.95,26,erratic,1901,0.97401,0.9884,0.01479,8.08297,3.23452,0.44411,0.56023,0.96593,0.98127,7.36444,9.01854
hgb_quantile,quantile,0.99,2,13,0.95,26,intermittent,6539,0.98621,0.99649,0.01986,8.3338,5.02147,0.40098,0.833,0.98101,0.99076,6.7638,10.17128
hgb_quantile,quantile,0.99,2,13,0.95,26,lumpy,2808,0.974,0.99244,0.02296,11.84497,8.31676,1.0151,0.83583,0.9625,0.98133,9.91544,15.07678
hgb_quantile,fixed,0.99,2,13,0.95,26,all,13844,0.97439,0.98208,0.04312,7.0447,2.16766,0.23955,0.74653,0.97013,0.97844,6.58912,7.49796
hgb_quantile,fixed,0.99,2,13,0.95,26,smooth,2596,0.99117,0.99196,0.00956,5.57819,1.13018,0.04298,0.2473,0.98881,0.99365,5.14097,6.00784
hgb_quantile,fixed,0.99,2,13,0.95,26,erratic,1901,0.95737,0.97922,0.0265,9.34468,3.48903,0.32667,0.53603,0.94507,0.96823,8.29004,10.38924
hgb_quantile,fixed,0.99,2,13,0.95,26,intermittent,6539,0.96947,0.98349,0.09341,6.19651,2.27752,0.69535,0.93761,0.95899,0.97752,5.11211,7.47052
hgb_quantile,fixed,0.99,2,13,0.95,26,lumpy,2808,0.90735,0.97161,0.08625,11.09329,5.53065,1.09833,0.90563,0.86995,0.92968,9.46214,14.05929
hgb_quantile,dead13,0.99,2,13,0.95,26,all,13844,0.98874,0.98805,0.02875,9.51774,4.19191,0.03713,0.19604,0.98656,0.99055,8.52945,10.68554
hgb_quantile,dead13,0.99,2,13,0.95,26,smooth,2596,0.99228,0.99314,0.00816,6.02262,1.47336,0.00904,0.06163,0.99005,0.99442,5.4226,6.65787
hgb_quantile,dead13,0.99,2,13,0.95,26,erratic,1901,0.98576,0.99063,0.01196,13.10983,6.10015,0.04186,0.0868,0.98081,0.9895,11.09115,15.30326
hgb_quantile,dead13,0.99,2,13,0.95,26,intermittent,6539,0.97826,0.98587,0.07992,10.31147,6.50144,0.15909,0.27221,0.97182,0.98377,8.05423,12.92979
hgb_quantile,dead13,0.99,2,13,0.95,26,lumpy,2808,0.98003,0.98668,0.04047,23.50541,16.80806,0.14136,0.21688,0.97205,0.98575,16.98977,33.83269
hgb_quantile,dead26,0.99,2,13,0.95,26,all,13844,0.98974,0.99295,0.01696,9.88835,4.42991,0.01696,0.11319,0.98763,0.99151,8.85757,11.0381
hgb_quantile,dead26,0.99,2,13,0.95,26,smooth,2596,0.9925,0.9944,0.00666,6.11362,1.52418,0.00406,0.02273,0.99017,0.99465,5.50195,6.75548
hgb_quantile,dead26,0.99,2,13,0.95,26,erratic,1901,0.98596,0.99218,0.00997,13.53619,6.40045,0.02182,0.03209,0.98106,0.9897,11.46939,15.90294
hgb_quantile,dead26,0.99,2,13,0.95,26,intermittent,6539,0.98542,0.9929,0.04016,11.95086,7.45084,0.06229,0.16822,0.98055,0.98964,9.23306,15.54927
hgb_quantile,dead26,0.99,2,13,0.95,26,lumpy,2808,0.98499,0.99226,0.0235,24.8396,17.7142,0.06392,0.12358,0.97855,0.98957,18.34718,35.26146
hgb_quantile,none,0.9,2,13,0.9,26,all,13844,0.94531,0.97154,0.06848,3.47457,0.97689,0.0,0.0,0.93964,0.95068,3.17178,3.7865
hgb_quantile,none,0.9,2,13,0.9,26,smooth,2596,0.95941,0.94994,0.05955,2.37309,0.35018,0.0,0.0,0.95505,0.96435,2.13598,2.57603
hgb_quantile,none,0.9,2,13,0.9,26,erratic,1901,0.91893,0.95093,0.06258,4.56764,1.38169,0.0,0.0,0.9034,0.93271,3.83617,5.35473
hgb_quantile,none,0.9,2,13,0.9,26,intermittent,6539,0.94785,0.98558,0.08161,3.94518,1.62158,0.0,0.0,0.93907,0.95654,3.12135,4.92878
hgb_quantile,none,0.9,2,13,0.9,26,lumpy,2808,0.92583,0.97279,0.08266,7.84247,3.91807,0.0,0.0,0.90704,0.94061,6.27967,10.56295
hgb_quantile,quantile,0.9,2,13,0.9,26,all,13844,0.9428,0.97064,0.07065,2.90905,0.72825,0.04831,0.20117,0.93597,0.9486,2.69752,3.13301
hgb_quantile,quantile,0.9,2,13,0.9,26,smooth,2596,0.95902,0.94982,0.05969,2.28674,0.29999,0.00759,0.0755,0.95427,0.96416,2.06414,2.49186
hgb_quantile,quantile,0.9,2,13,0.9,26,erratic,1901,0.91333,0.94909,0.06493,3.56382,0.99607,0.08456,0.25197,0.89664,0.92877,3.13284,4.01414
hgb_quantile,quantile,0.9,2,13,0.9,26,intermittent,6539,0.94539,0.98511,0.08425,3.35319,1.41634,0.05909,0.17633,0.93477,0.95487,2.65213,4.16119
hgb_quantile,quantile,0.9,2,13,0.9,26,lumpy,2808,0.91754,0.97078,0.08875,5.1046,2.571,0.22959,0.34081,0.89694,0.93514,4.09624,6.81403
hgb_quantile,fixed,0.9,2,13,0.9,26,all,13844,0.93892,0.96567,0.08261,3.24446,0.8351,0.02954,0.51177,0.93162,0.945,2.9587,3.54481
hgb_quantile,fixed,0.9,2,13,0.9,26,smooth,2596,0.95931,0.94943,0.06015,2.35732,0.34416,0.0027,0.07743,0.95489,0.96427,2.12049,2.5608
hgb_quantile,fixed,0.9,2,13,0.9,26,erratic,1901,0.91172,0.94775,0.06664,4.33721,1.27352,0.0299,0.22251,0.89498,0.926,3.64552,5.04022
hgb_quantile,fixed,0.9,2,13,0.9,26,intermittent,6539,0.93963,0.97901,0.11878,3.00955,0.96805,0.11994,0.72152,0.92855,0.9496,2.40178,3.73774
hgb_quantile,fixed,0.9,2,13,0.9,26,lumpy,2808,0.87479,0.96177,0.11614,6.51249,3.01342,0.16449,0.62073,0.84111,0.90237,5.2449,8.75732
hgb_quantile,dead13,0.9,2,13,0.9,26,all,13844,0.94438,0.96513,0.08392,3.33658,0.91488,0.01251,0.19395,0.93869,0.94978,3.04303,3.64864
hgb_quantile,dead13,0.9,2,13,0.9,26,smooth,2596,0.95923,0.94875,0.06096,2.34282,0.34194,0.00332,0.06125,0.95481,0.96417,2.1086,2.54433
hgb_quantile,dead13,0.9,2,13,0.9,26,erratic,1901,0.91873,0.94917,0.06484,4.42653,1.32308,0.01457,0.08574,0.90319,0.93256,3.71027,5.11924
hgb_quantile,dead13,0.9,2,13,0.9,26,intermittent,6539,0.94057,0.9759,0.13636,3.23323,1.23995,0.04909,0.26977,0.92898,0.95059,2.54198,3.98624
hgb_quantile,dead13,0.9,2,13,0.9,26,lumpy,2808,0.92152,0.96599,0.10331,7.33739,3.68193,0.04746,0.21332,0.90151,0.93709,5.91819,9.94927
hgb_quantile,dead26,0.9,2,13,0.9,26,all,13844,0.94509,0.96926,0.07397,3.43187,0.94942,0.00235,0.11182,0.93938,0.95046,3.12797,3.74316
hgb_quantile,dead26,0.9,2,13,0.9,26,smooth,2596,0.9594,0.94982,0.05969,2.36918,0.34907,0.00062,0.02273,0.95504,0.96435,2.13263,2.57208
hgb_quantile,dead26,0.9,2,13,0.9,26,erratic,1901,0.91891,0.95072,0.06286,4.53821,1.37401,0.00295,0.03261,0.90339,0.9327,3.81131,5.30646
hgb_quantile,dead26,0.9,2,13,0.9,26,intermittent,6539,0.94568,0.98194,0.10218,3.63192,1.37526,0.01022,0.16577,0.93628,0.95489,2.86329,4.55207
hgb_quantile,dead26,0.9,2,13,0.9,26,lumpy,2808,0.92478,0.97026,0.09033,7.66848,3.79173,0.00745,0.12215,0.90548,0.93976,6.14095,10.36346
hgb_quantile,none,0.9,2,13,0.99,26,all,13844,0.94531,0.97154,0.06848,3.47457,0.97689,0.0,0.0,0.93964,0.95068,3.17178,3.7865
hgb_quantile,none,0.9,2,13,0.99,26,smooth,2596,0.95941,0.94994,0.05955,2.37309,0.35018,0.0,0.0,0.95505,0.96435,2.13598,2.57603
hgb_quantile,none,0.9,2,13,0.99,26,erratic,1901,0.91893,0.95093,0.06258,4.56764,1.38169,0.0,0.0,0.9034,0.93271,3.83617,5.35473
hgb_quantile,none,0.9,2,13,0.99,26,intermittent,6539,0.94785,0.98558,0.08161,3.94518,1.62158,0.0,0.0,0.93907,0.95654,3.12135,4.92878
hgb_quantile,none,0.9,2,13,0.99,26,lumpy,2808,0.92583,0.97279,0.08266,7.84247,3.91807,0.0,0.0,0.90704,0.94061,6.27967,10.56295
hgb_quantile,quantile,0.9,2,13,0.99,26,all,13844,0.94515,0.97151,0.06857,3.31339,0.95223,0.01746,0.04255,0.93945,0.95063,3.04726,3.6074
hgb_quantile,quantile,0.9,2,13,0.99,26,smooth,2596,0.95928,0.94992,0.05957,2.35979,0.34683,0.00155,0.00539,0.95479,0.96422,2.12074,2.56403
hgb_quantile,quantile,0.9,2,13,0.99,26,erratic,1901,0.91892,0.95089,0.06264,4.27216,1.34172,0.03054,0.07733,0.90339,0.9327,3.62825,5.01716
hgb_quantile,quantile,0.9,2,13,0.99,26,intermittent,6539,0.94707,0.98555,0.08177,3.82016,1.6061,0.01753,0.02263,0.93708,0.95606,3.0422,4.79325
hgb_quantile,quantile,0.9,2,13,0.99,26,lumpy,2808,0.92538,0.97272,0.08285,6.97206,3.77392,0.0953,0.09972,0.90662,0.94047,5.64367,9.3833
hgb_quantile,fixed,0.9,2,13,0.99,26,all,13844,0.93892,0.96567,0.08261,3.24446,0.8351,0.02954,0.51177,0.93162,0.945,2.9587,3.54481
hgb_quantile,fixed,0.9,2,13,0.99,26,smooth,2596,0.95931,0.94943,0.06015,2.35732,0.34416,0.0027,0.07743,0.95489,0.96427,2.12049,2.5608
hgb_quantile,fixed,0.9,2,13,0.99,26,erratic,1901,0.91172,0.94775,0.06664,4.33721,1.27352,0.0299,0.22251,0.89498,0.926,3.64552,5.04022
hgb_quantile,fixed,0.9,2,13,0.99,26,intermittent,6539,0.93963,0.97901,0.11878,3.00955,0.96805,0.11994,0.72152,0.92855,0.9496,2.40178,3.73774
hgb_quantile,fixed,0.9,2,13,0.99,26,lumpy,2808,0.87479,0.96177,0.11614,6.51249,3.01342,0.16449,0.62073,0.84111,0.90237,5.2449,8.75732
hgb_quantile,dead13,0.9,2,13,0.99,26,all,13844,0.94438,0.96513,0.08392,3.33658,0.91488,0.01251,0.19395,0.93869,0.94978,3.04303,3.64864
hgb_quantile,dead13,0.9,2,13,0.99,26,smooth,2596,0.95923,0.94875,0.06096,2.34282,0.34194,0.00332,0.06125,0.95481,0.96417,2.1086,2.54433
hgb_quantile,dead13,0.9,2,13,0.99,26,erratic,1901,0.91873,0.94917,0.06484,4.42653,1.32308,0.01457,0.08574,0.90319,0.93256,3.71027,5.11924
hgb_quantile,dead13,0.9,2,13,0.99,26,intermittent,6539,0.94057,0.9759,0.13636,3.23323,1.23995,0.04909,0.26977,0.92898,0.95059,2.54198,3.98624
hgb_quantile,dead13,0.9,2,13,0.99,26,lumpy,2808,0.92152,0.96599,0.10331,7.33739,3.68193,0.04746,0.21332,0.90151,0.93709,5.91819,9.94927
hgb_quantile,dead26,0.9,2,13,0.99,26,all,13844,0.94509,0.96926,0.07397,3.43187,0.94942,0.00235,0.11182,0.93938,0.95046,3.12797,3.74316
hgb_quantile,dead26,0.9,2,13,0.99,26,smooth,2596,0.9594,0.94982,0.05969,2.36918,0.34907,0.00062,0.02273,0.95504,0.96435,2.13263,2.57208
hgb_quantile,dead26,0.9,2,13,0.99,26,erratic,1901,0.91891,0.95072,0.06286,4.53821,1.37401,0.00295,0.03261,0.90339,0.9327,3.81131,5.30646
hgb_quantile,dead26,0.9,2,13,0.99,26,intermittent,6539,0.94568,0.98194,0.10218,3.63192,1.37526,0.01022,0.16577,0.93628,0.95489,2.86329,4.55207
hgb_quantile,dead26,0.9,2,13,0.99,26,lumpy,2808,0.92478,0.97026,0.09033,7.66848,3.79173,0.00745,0.12215,0.90548,0.93976,6.14095,10.36346
hgb_quantile,none,0.9,2,13,0.95,13,all,13844,0.94531,0.97154,0.06848,3.47457,0.97689,0.0,0.0,0.93964,0.95068,3.17178,3.7865
hgb_quantile,none,0.9,2,13,0.95,13,smooth,2596,0.95941,0.94994,0.05955,2.37309,0.35018,0.0,0.0,0.95505,0.96435,2.13598,2.57603
hgb_quantile,none,0.9,2,13,0.95,13,erratic,1901,0.91893,0.95093,0.06258,4.56764,1.38169,0.0,0.0,0.9034,0.93271,3.83617,5.35473
hgb_quantile,none,0.9,2,13,0.95,13,intermittent,6539,0.94785,0.98558,0.08161,3.94518,1.62158,0.0,0.0,0.93907,0.95654,3.12135,4.92878
hgb_quantile,none,0.9,2,13,0.95,13,lumpy,2808,0.92583,0.97279,0.08266,7.84247,3.91807,0.0,0.0,0.90704,0.94061,6.27967,10.56295
hgb_quantile,quantile,0.9,2,13,0.95,13,all,13844,0.94429,0.97119,0.06933,3.06545,0.82168,0.03659,0.11687,0.93834,0.94973,2.84031,3.31603
hgb_quantile,quantile,0.9,2,13,0.95,13,smooth,2596,0.95922,0.94992,0.05957,2.31503,0.31343,0.00463,0.03968,0.95468,0.96418,2.08795,2.5092
hgb_quantile,quantile,0.9,2,13,0.95,13,erratic,1901,0.91717,0.95012,0.06362,3.82694,1.14781,0.06477,0.18043,0.90192,0.93112,3.32569,4.36401
hgb_quantile,quantile,0.9,2,13,0.95,13,intermittent,6539,0.94659,0.98539,0.08267,3.5654,1.53162,0.03999,0.08488,0.93627,0.95562,2.8206,4.44565
hgb_quantile,quantile,0.9,2,13,0.95,13,lumpy,2808,0.92112,0.97204,0.08492,5.83938,3.06489,0.18388,0.21973,0.90107,0.93784,4.65888,7.9584
hgb_quantile,fixed,0.9,2,13,0.95,13,all,13844,0.92564,0.95748,0.10233,2.75098,0.52702,0.07409,0.68636,0.91672,0.93293,2.56457,2.94488
hgb_quantile,fixed,0.9,2,13,0.95,13,smooth,2596,0.95741,0.94674,0.06336,2.21703,0.25368,0.01494,0.20146,0.95246,0.96293,2.00995,2.40793
hgb_quantile,fixed,0.9,2,13,0.95,13,erratic,1901,0.88481,0.93384,0.08439,3.50373,0.7873,0.10802,0.49237,0.86222,0.90386,3.08339,3.95735
hgb_quantile,fixed,0.9,2,13,0.95,13,intermittent,6539,0.92561,0.97265,0.15477,2.45685,0.61068,0.17968,0.87322,0.91125,0.93737,1.97701,2.98761
hgb_quantile,fixed,0.9,2,13,0.95,13,lumpy,2808,0.82136,0.94809,0.15769,4.50847,1.6757,0.33083,0.83084,0.761,0.86021,3.81105,5.75762
hgb_quantile,dead13,0.9,2,13,0.95,13,all,13844,0.94438,0.96513,0.08392,3.33658,0.91488,0.01251,0.19395,0.93869,0.94978,3.04303,3.64864
hgb_quantile,dead13,0.9,2,13,0.95,13,smooth,2596,0.95923,0.94875,0.06096,2.34282,0.34194,0.00332,0.06125,0.95481,0.96417,2.1086,2.54433
hgb_quantile,dead13,0.9,2,13,0.95,13,erratic,1901,0.91873,0.94917,0.06484,4.42653,1.32308,0.01457,0.08574,0.90319,0.93256,3.71027,5.11924
hgb_quantile,dead13,0.9,2,13,0.95,13,intermittent,6539,0.94057,0.9759,0.13636,3.23323,1.23995,0.04909,0.26977,0.92898,0.95059,2.54198,3.98624
hgb_quantile,dead13,0.9,2,13,0.95,13,lumpy,2808,0.92152,0.96599,0.10331,7.33739,3.68193,0.04746,0.21332,0.90151,0.93709,5.91819,9.94927
hgb_quantile,dead26,0.9,2,13,0.95,13,all,13844,0.94509,0.96926,0.07397,3.43187,0.94942,0.00235,0.11182,0.93938,0.95046,3.12797,3.74316
hgb_quantile,dead26,0.9,2,13,0.95,13,smooth,2596,0.9594,0.94982,0.05969,2.36918,0.34907,0.00062,0.02273,0.95504,0.96435,2.13263,2.57208
hgb_quantile,dead26,0.9,2,13,0.95,13,erratic,1901,0.91891,0.95072,0.06286,4.53821,1.37401,0.00295,0.03261,0.90339,0.9327,3.81131,5.30646
hgb_quantile,dead26,0.9,2,13,0.95,13,intermittent,6539,0.94568,0.98194,0.10218,3.63192,1.37526,0.01022,0.16577,0.93628,0.95489,2.86329,4.55207
hgb_quantile,dead26,0.9,2,13,0.95,13,lumpy,2808,0.92478,0.97026,0.09033,7.66848,3.79173,0.00745,0.12215,0.90548,0.93976,6.14095,10.36346
hgb_quantile,none,0.9,2,13,0.95,52,all,13844,0.94531,0.97154,0.06848,3.47457,0.97689,0.0,0.0,0.93964,0.95068,3.17178,3.7865
hgb_quantile,none,0.9,2,13,0.95,52,smooth,2596,0.95941,0.94994,0.05955,2.37309,0.35018,0.0,0.0,0.95505,0.96435,2.13598,2.57603
hgb_quantile,none,0.9,2,13,0.95,52,erratic,1901,0.91893,0.95093,0.06258,4.56764,1.38169,0.0,0.0,0.9034,0.93271,3.83617,5.35473
hgb_quantile,none,0.9,2,13,0.95,52,intermittent,6539,0.94785,0.98558,0.08161,3.94518,1.62158,0.0,0.0,0.93907,0.95654,3.12135,4.92878
hgb_quantile,none,0.9,2,13,0.95,52,lumpy,2808,0.92583,0.97279,0.08266,7.84247,3.91807,0.0,0.0,0.90704,0.94061,6.27967,10.56295
hgb_quantile,quantile,0.9,2,13,0.95,52,all,13844,0.94429,0.97119,0.06933,3.06545,0.82168,0.03659,0.11687,0.93834,0.94973,2.84031,3.31603
hgb_quantile,quantile,0.9,2,13,0.95,52,smooth,2596,0.95922,0.94992,0.05957,2.31503,0.31343,0.00463,0.03968,0.95468,0.96418,2.08795,2.5092
hgb_quantile,quantile,0.9,2,13,0.95,52,erratic,1901,0.91717,0.95012,0.06362,3.82694,1.14781,0.06477,0.18043,0.90192,0.93112,3.32569,4.36401
hgb_quantile,quantile,0.9,2,13,0.95,52,intermittent,6539,0.94659,0.98539,0.08267,3.5654,1.53162,0.03999,0.08488,0.93627,0.95562,2.8206,4.44565
hgb_quantile,quantile,0.9,2,13,0.95,52,lumpy,2808,0.92112,0.97204,0.08492,5.83938,3.06489,0.18388,0.21973,0.90107,0.93784,4.65888,7.9584
hgb_quantile,fixed,0.9,2,13,0.95,52,all,13844,0.94389,0.96866,0.07542,3.37827,0.91404,0.01359,0.38508,0.93787,0.94946,3.08081,3.6821
hgb_quantile,fixed,0.9,2,13,0.95,52,smooth,2596,0.95938,0.9497,0.05984,2.36467,0.34687,0.00143,0.04199,0.95499,0.96432,2.1281,2.56696
hgb_quantile,fixed,0.9,2,13,0.95,52,erratic,1901,0.91852,0.95007,0.06368,4.49841,1.34966,0.00989,0.10468,0.90284,0.93238,3.77358,5.26023
hgb_quantile,fixed,0.9,2,13,0.95,52,intermittent,6539,0.94474,0.98181,0.10293,3.41785,1.24773,0.08363,0.57256,0.93487,0.95397,2.71709,4.23928
hgb_quantile,fixed,0.9,2,13,0.95,52,lumpy,2808,0.91132,0.96814,0.09677,7.31363,3.53375,0.06495,0.45548,0.88965,0.92933,5.90134,9.77851
hgb_quantile,dead13,0.9,2,13,0.95,52,all,13844,0.94438,0.96513,0.08392,3.33658,0.91488,0.01251,0.19395,0.93869,0.94978,3.04303,3.64864
hgb_quantile,dead13,0.9,2,13,0.95,52,smooth,2596,0.95923,0.94875,0.06096,2.34282,0.34194,0.00332,0.06125,0.95481,0.96417,2.1086,2.54433
hgb_quantile,dead13,0.9,2,13,0.95,52,erratic,1901,0.91873,0.94917,0.06484,4.42653,1.32308,0.01457,0.08574,0.90319,0.93256,3.71027,5.11924
hgb_quantile,dead13,0.9,2,13,0.95,52,intermittent,6539,0.94057,0.9759,0.13636,3.23323,1.23995,0.04909,0.26977,0.92898,0.95059,2.54198,3.98624
hgb_quantile,dead13,0.9,2,13,0.95,52,lumpy,2808,0.92152,0.96599,0.10331,7.33739,3.68193,0.04746,0.21332,0.90151,0.93709,5.91819,9.94927
hgb_quantile,dead26,0.9,2,13,0.95,52,all,13844,0.94509,0.96926,0.07397,3.43187,0.94942,0.00235,0.11182,0.93938,0.95046,3.12797,3.74316
hgb_quantile,dead26,0.9,2,13,0.95,52,smooth,2596,0.9594,0.94982,0.05969,2.36918,0.34907,0.00062,0.02273,0.95504,0.96435,2.13263,2.57208
hgb_quantile,dead26,0.9,2,13,0.95,52,erratic,1901,0.91891,0.95072,0.06286,4.53821,1.37401,0.00295,0.03261,0.90339,0.9327,3.81131,5.30646
hgb_quantile,dead26,0.9,2,13,0.95,52,intermittent,6539,0.94568,0.98194,0.10218,3.63192,1.37526,0.01022,0.16577,0.93628,0.95489,2.86329,4.55207
hgb_quantile,dead26,0.9,2,13,0.95,52,lumpy,2808,0.92478,0.97026,0.09033,7.66848,3.79173,0.00745,0.12215,0.90548,0.93976,6.14095,10.36346
lgb_quantile,none,0.5,2,13,0.95,26,all,13844,0.79711,0.86894,0.3154,0.96825,0.19919,0.0,0.0,0.78597,0.80786,0.87355,1.08061
lgb_quantile,none,0.5,2,13,0.95,26,smooth,2596,0.83104,0.74357,0.30502,0.71546,0.09901,0.0,0.0,0.82242,0.84059,0.62092,0.82803
lgb_quantile,none,0.5,2,13,0.95,26,erratic,1901,0.74518,0.77631,0.28532,1.15059,0.23168,0.0,0.0,0.7139,0.77337,0.93983,1.39814
lgb_quantile,none,0.5,2,13,0.95,26,intermittent,6539,0.80084,0.93767,0.35265,1.32022,0.45899,0.0,0.0,0.77618,0.82045,1.02249,1.65546
lgb_quantile,none,0.5,2,13,0.95,26,lumpy,2808,0.71163,0.88746,0.34184,2.01466,0.65647,0.0,0.0,0.67451,0.73994,1.66794,2.63338
lgb_quantile,quantile,0.5,2,13,0.95,26,all,13844,0.79708,0.86893,0.31541,0.96344,0.19763,0.00045,0.0047,0.78594,0.80783,0.86964,1.07333
lgb_quantile,quantile,0.5,2,13,0.95,26,smooth,2596,0.83104,0.74357,0.30502,0.71546,0.09901,0.0,0.0,0.82242,0.84059,0.62092,0.82803
lgb_quantile,quantile,0.5,2,13,0.95,26,erratic,1901,0.74518,0.77631,0.28532,1.15046,0.23168,3e-05,0.00053,0.7139,0.77337,0.9397,1.39802
lgb_quantile,quantile,0.5,2,13,0.95,26,intermittent,6539,0.80065,0.93767,0.35268,1.30516,0.45711,0.00183,0.00367,0.77618,0.82028,1.01256,1.63661
lgb_quantile,quantile,0.5,2,13,0.95,26,lumpy,2808,0.71143,0.88746,0.34184,1.96439,0.63754,0.00425,0.01425,0.67436,0.73978,1.6239,2.55786
lgb_quantile,fixed,0.5,2,13,0.95,26,all,13844,0.79671,0.86702,0.32,0.95139,0.18719,0.0047,0.32967,0.78548,0.80743,0.85839,1.06297
lgb_quantile,fixed,0.5,2,13,0.95,26,smooth,2596,0.83104,0.74342,0.30521,0.71508,0.09895,0.00017,0.03659,0.82242,0.84059,0.62054,0.82755
lgb_quantile,fixed,0.5,2,13,0.95,26,erratic,1901,0.74517,0.7761,0.28559,1.14793,0.23124,0.00094,0.07522,0.71389,0.77335,0.9369,1.39525
lgb_quantile,fixed,0.5,2,13,0.95,26,intermittent,6539,0.79869,0.93453,0.37046,1.14987,0.32416,0.05171,0.50206,0.77434,0.81875,0.89044,1.44907
lgb_quantile,fixed,0.5,2,13,0.95,26,lumpy,2808,0.70821,0.88567,0.3473,1.94296,0.60954,0.01537,0.37144,0.67053,0.7375,1.60881,2.54444
lgb_quantile,dead13,0.5,2,13,0.95,26,all,13844,0.79645,0.86409,0.32706,0.92679,0.18589,0.00434,0.19272,0.7853,0.80717,0.83832,1.0365
lgb_quantile,dead13,0.5,2,13,0.95,26,smooth,2596,0.8309,0.74258,0.30621,0.70552,0.09857,0.00142,0.06125,0.82231,0.84041,0.61348,0.81635
lgb_quantile,dead13,0.5,2,13,0.95,26,erratic,1901,0.74506,0.77517,0.28678,1.11962,0.23085,0.00461,0.08522,0.71379,0.77325,0.92058,1.3496
lgb_quantile,dead13,0.5,2,13,0.95,26,intermittent,6539,0.79469,0.93,0.39607,1.04043,0.29736,0.01709,0.26854,0.76687,0.81547,0.80337,1.30638
lgb_quantile,dead13,0.5,2,13,0.95,26,lumpy,2808,0.70945,0.88314,0.35497,1.88232,0.61833,0.01592,0.21047,0.6729,0.73762,1.55722,2.48559
lgb_quantile,dead26,0.5,2,13,0.95,26,all,13844,0.79698,0.86701,0.32002,0.9565,0.18965,0.00031,0.11182,0.78583,0.80772,0.86284,1.06894
lgb_quantile,dead26,0.5,2,13,0.95,26,smooth,2596,0.83104,0.74349,0.30513,0.71531,0.09899,3e-05,0.02273,0.82242,0.84059,0.62074,0.82788
lgb_quantile,dead26,0.5,2,13,0.95,26,erratic,1901,0.74518,0.77619,0.28547,1.15019,0.23157,6e-05,0.03156,0.7139,0.77336,0.93943,1.39777
lgb_quantile,dead26,0.5,2,13,0.95,26,intermittent,6539,0.79914,0.93441,0.37109,1.17193,0.33634,0.0033,0.16654,0.77462,0.81903,0.90898,1.47505
lgb_quantile,dead26,0.5,2,13,0.95,26,lumpy,2808,0.71127,0.88575,0.34705,1.98228,0.63052,0.00087,0.12108,0.67405,0.73965,1.64184,2.59162
lgb_quantile,none,0.8,2,13,0.95,26,all,13844,0.90748,0.94684,0.12792,2.15499,0.49954,0.0,0.0,0.90098,0.91459,1.97857,2.35078
lgb_quantile,none,0.8,2,13,0.95,26,smooth,2596,0.92534,0.90156,0.11709,1.48759,0.17391,0.0,0.0,0.91793,0.93201,1.32946,1.62378
lgb_quantile,none,0.8,2,13,0.95,26,erratic,1901,0.87555,0.90962,0.11529,2.77577,0.68547,0.0,0.0,0.85475,0.89229,2.37029,3.22275
lgb_quantile,none,0.8,2,13,0.95,26,intermittent,6539,0.91232,0.97368,0.14895,2.61706,0.92364,0.0,0.0,0.89841,0.9244,2.03809,3.28161
lgb_quantile,none,0.8,2,13,0.95,26,lumpy,2808,0.8762,0.95142,0.14756,4.80493,2.0415,0.0,0.0,0.84853,0.8977,3.89962,6.40963
lgb_quantile,quantile,0.8,2,13,0.95,26,all,13844,0.90725,0.94678,0.12807,2.10472,0.47813,0.00411,0.0229,0.90076,0.91433,1.93266,2.29084
lgb_quantile,quantile,0.8,2,13,0.95,26,smooth,2596,0.92534,0.90156,0.11709,1.48668,0.17359,8e-05,0.00231,0.91793,0.93201,1.32886,1.62287
lgb_quantile,quantile,0.8,2,13,0.95,26,erratic,1901,0.8753,0.90952,0.11541,2.73988,0.67388,0.00306,0.02104,0.85465,0.89219,2.35185,3.16278
lgb_quantile,quantile,0.8,2,13,0.95,26,intermittent,6539,0.91201,0.97361,0.14934,2.51523,0.8949,0.00947,0.01743,0.89829,0.924,1.98767,3.12956
lgb_quantile,quantile,0.8,2,13,0.95,26,lumpy,2808,0.87434,0.95134,0.14781,4.36236,1.82791,0.03479,0.05591,0.84598,0.89657,3.59822,5.68038
lgb_quantile,fixed,0.8,2,13,0.95,26,all,13844,0.90333,0.94326,0.13653,2.07695,0.45451,0.01338,0.42509,0.89569,0.91126,1.88399,2.26342
lgb_quantile,fixed,0.8,2,13,0.95,26,smooth,2596,0.92531,0.90137,0.11732,1.48388,0.17339,0.00096,0.05663,0.9179,0.93197,1.32571,1.61983
lgb_quantile,fixed,0.8,2,13,0.95,26,erratic,1901,0.87082,0.90806,0.11727,2.7233,0.66719,0.0107,0.15413,0.8468,0.88953,2.32325,3.16504
lgb_quantile,fixed,0.8,2,13,0.95,26,intermittent,6539,0.90729,0.9692,0.17428,2.18608,0.63618,0.07484,0.61171,0.89294,0.91955,1.73888,2.7019
lgb_quantile,fixed,0.8,2,13,0.95,26,lumpy,2808,0.84276,0.94543,0.16576,4.34246,1.75124,0.07009,0.5146,0.80764,0.87194,3.51804,5.68029
lgb_quantile,dead13,0.8,2,13,0.95,26,all,13844,0.90671,0.94133,0.14119,2.0803,0.47899,0.00853,0.19322,0.9,0.91381,1.90021,2.27145
lgb_quantile,dead13,0.8,2,13,0.95,26,smooth,2596,0.9252,0.90048,0.11838,1.46857,0.17124,0.00243,0.06202,0.91788,0.93191,1.31324,1.60557
lgb_quantile,dead13,0.8,2,13,0.95,26,erratic,1901,0.87538,0.90806,0.11727,2.70644,0.6751,0.00954,0.08522,0.85459,0.89209,2.31188,3.1119
lgb_quantile,dead13,0.8,2,13,0.95,26,intermittent,6539,0.90574,0.96509,0.19752,2.20261,0.7391,0.03359,0.26885,0.89028,0.91894,1.74141,2.68985
lgb_quantile,dead13,0.8,2,13,0.95,26,lumpy,2808,0.87308,0.94629,0.16315,4.55069,1.97771,0.03235,0.21154,0.84439,0.8953,3.71154,6.10259
lgb_quantile,dead26,0.8,2,13,0.95,26,all,13844,0.90733,0.94486,0.1327,2.1401,0.48921,0.00078,0.11131,0.90081,0.91442,1.96217,2.33537
lgb_quantile,dead26,0.8,2,13,0.95,26,smooth,2596,0.92534,0.90147,0.1172,1.48662,0.17387,0.00022,0.02273,0.91793,0.93201,1.32856,1.62314
lgb_quantile,dead26,0.8,2,13,0.95,26,erratic,1901,0.87554,0.90943,0.11553,2.77112,0.68445,0.00061,0.03156,0.85475,0.89229,2.36655,3.2184
lgb_quantile,dead26,0.8,2,13,0.95,26,intermittent,6539,0.91058,0.97035,0.16775,2.45982,0.79915,0.00519,0.16532,0.89649,0.92259,1.91793,3.07776
lgb_quantile,dead26,0.8,2,13,0.95,26,lumpy,2808,0.87573,0.94958,0.15317,4.76006,2.01002,0.00217,0.12144,0.84803,0.89736,3.85035,6.35653
lgb_quantile,none,0.9,2,13,0.95,26,all,13844,0.94773,0.97261,0.06591,3.40521,0.90916,0.0,0.0,0.94259,0.95305,3.12626,3.70134
lgb_quantile,none,0.9,2,13,0.95,26,smooth,2596,0.96052,0.95339,0.05544,2.355,0.32713,0.0,0.0,0.95518,0.96572,2.12199,2.55793
lgb_quantile,none,0.9,2,13,0.95,26,erratic,1901,0.92456,0.95335,0.0595,4.42902,1.28149,0.0,0.0,0.91046,0.93857,3.77471,5.07479
lgb_quantile,none,0.9,2,13,0.95,26,intermittent,6539,0.94971,0.98576,0.08055,4.00108,1.66653,0.0,0.0,0.93934,0.95831,3.15323,5.00786
lgb_quantile,none,0.9,2,13,0.95,26,lumpy,2808,0.92761,0.97279,0.08266,7.51628,3.5264,0.0,0.0,0.90768,0.94454,6.12332,10.18199
lgb_quantile,quantile,0.9,2,13,0.95,26,all,13844,0.94751,0.97252,0.06613,3.26048,0.84595,0.01181,0.05381,0.9423,0.95282,2.99917,3.52999
lgb_quantile,quantile,0.9,2,13,0.95,26,smooth,2596,0.96052,0.95339,0.05544,2.33894,0.31722,0.00099,0.00385,0.95518,0.96572,2.10893,2.54886
lgb_quantile,quantile,0.9,2,13,0.95,26,erratic,1901,0.92436,0.95321,0.05969,4.20297,1.18666,0.01807,0.04892,0.91022,0.93842,3.61624,4.80783
lgb_quantile,quantile,0.9,2,13,0.95,26,intermittent,6539,0.94934,0.98569,0.08098,3.76589,1.61753,0.02443,0.04787,0.93869,0.95801,2.97954,4.6786
lgb_quantile,quantile,0.9,2,13,0.95,26,lumpy,2808,0.92564,0.97261,0.0832,6.72805,3.14813,0.06393,0.11717,0.90521,0.94412,5.48323,8.949
lgb_quantile,fixed,0.9,2,13,0.95,26,all,13844,0.941,0.96702,0.07938,3.19804,0.78628,0.02765,0.50592,0.93436,0.9471,2.91016,3.48113
lgb_quantile,fixed,0.9,2,13,0.95,26,smooth,2596,0.96047,0.95302,0.05588,2.34248,0.32354,0.0026,0.0782,0.95506,0.96564,2.11207,2.54163
lgb_quantile,fixed,0.9,2,13,0.95,26,erratic,1901,0.91582,0.95012,0.06362,4.2179,1.18676,0.02949,0.21147,0.89854,0.93059,3.57031,4.84783
lgb_quantile,fixed,0.9,2,13,0.95,26,intermittent,6539,0.94192,0.97933,0.11693,3.05789,0.98584,0.11524,0.71601,0.93044,0.95223,2.43515,3.80759
lgb_quantile,fixed,0.9,2,13,0.95,26,lumpy,2808,0.87681,0.9627,0.11329,6.39912,2.82464,0.14574,0.61147,0.84232,0.90646,5.21861,8.48268
lgb_quantile,dead13,0.9,2,13,0.95,26,all,13844,0.9468,0.96623,0.08126,3.26895,0.8477,0.01214,0.19301,0.94156,0.95209,2.98059,3.55432
lgb_quantile,dead13,0.9,2,13,0.95,26,smooth,2596,0.96035,0.95223,0.05682,2.32502,0.31896,0.00328,0.06125,0.95494,0.96563,2.09633,2.52015
lgb_quantile,dead13,0.9,2,13,0.95,26,erratic,1901,0.92437,0.95158,0.06176,4.30578,1.24529,0.01449,0.08522,0.91021,0.93842,3.64676,4.94278
lgb_quantile,dead13,0.9,2,13,0.95,26,intermittent,6539,0.94217,0.97609,0.1353,3.22655,1.20752,0.04663,0.26854,0.93045,0.95202,2.56397,3.9657
lgb_quantile,dead13,0.9,2,13,0.95,26,lumpy,2808,0.92343,0.96614,0.10287,7.01913,3.28068,0.04518,0.21189,0.90246,0.94128,5.68459,9.5407
lgb_quantile,dead26,0.9,2,13,0.95,26,all,13844,0.9475,0.97034,0.07138,3.35955,0.87613,0.00203,0.11189,0.9423,0.95278,3.07415,3.65706
lgb_quantile,dead26,0.9,2,13,0.95,26,smooth,2596,0.96051,0.95323,0.05563,2.35117,0.32627,0.00062,0.02273,0.95516,0.96571,2.1188,2.55251
lgb_quantile,dead26,0.9,2,13,0.95,26,erratic,1901,0.92455,0.95316,0.05975,4.41092,1.27586,0.00191,0.03209,0.91044,0.93856,3.76295,5.04776
lgb_quantile,dead26,0.9,2,13,0.95,26,intermittent,6539,0.94731,0.98211,0.1012,3.60401,1.33528,0.01009,0.16593,0.93656,0.95615,2.84365,4.49168
lgb_quantile,dead26,0.9,2,13,0.95,26,lumpy,2808,0.92664,0.97036,0.09003,7.33046,3.38628,0.00697,0.12251,0.90673,0.9438,5.91385,9.93167
lgb_quantile,none,0.95,2,13,0.95,26,all,13844,0.97075,0.98622,0.03317,4.76747,1.48164,0.0,0.0,0.96663,0.97432,4.38186,5.15407
lgb_quantile,none,0.95,2,13,0.95,26,smooth,2596,0.97884,0.97808,0.02608,3.23745,0.53336,0.0,0.0,0.97529,0.98319,2.94569,3.52881
lgb_quantile,none,0.95,2,13,0.95,26,erratic,1901,0.95635,0.97583,0.03083,6.32801,2.16854,0.0,0.0,0.94568,0.9656,5.4202,7.2692
lgb_quantile,none,0.95,2,13,0.95,26,intermittent,6539,0.9727,0.99301,0.03953,5.96323,2.93095,0.0,0.0,0.96583,0.9788,4.72326,7.47183
lgb_quantile,none,0.95,2,13,0.95,26,lumpy,2808,0.9566,0.98495,0.04573,10.25448,5.29384,0.0,0.0,0.94155,0.96918,8.5186,13.48739
lgb_quantile,quantile,0.95,2,13,0.95,26,all,13844,0.97046,0.98601,0.03367,4.45441,1.32897,0.02499,0.14895,0.96637,0.97408,4.10585,4.77735
lgb_quantile,quantile,0.95,2,13,0.95,26,smooth,2596,0.97883,0.97808,0.02608,3.19469,0.50402,0.0026,0.01271,0.97528,0.98318,2.91784,3.48373
lgb_quantile,quantile,0.95,2,13,0.95,26,erratic,1901,0.95604,0.97556,0.03117,5.79415,1.91928,0.04262,0.10521,0.94534,0.96547,5.08219,6.54851
lgb_quantile,quantile,0.95,2,13,0.95,26,intermittent,6539,0.97215,0.99283,0.04055,5.39956,2.73945,0.05236,0.17862,0.96486,0.97816,4.26691,6.79018
lgb_quantile,quantile,0.95,2,13,0.95,26,lumpy,2808,0.95433,0.98452,0.04701,8.81212,4.55121,0.11554,0.2354,0.93823,0.96711,7.3737,11.41479
lgb_quantile,fixed,0.95,2,13,0.95,26,all,13844,0.9617,0.97808,0.05275,4.27857,1.18337,0.05496,0.58148,0.95655,0.96626,3.9425,4.62489
lgb_quantile,fixed,0.95,2,13,0.95,26,smooth,2596,0.97861,0.97736,0.02693,3.19405,0.51746,0.00656,0.10208,0.975,0.98288,2.90553,3.48295
lgb_quantile,fixed,0.95,2,13,0.95,26,erratic,1901,0.94306,0.97025,0.03794,5.68688,1.86648,0.06976,0.28669,0.92785,0.95515,4.91921,6.46498
lgb_quantile,fixed,0.95,2,13,0.95,26,intermittent,6539,0.96085,0.98392,0.09097,4.04027,1.44626,0.20196,0.80288,0.95098,0.96986,3.22949,4.98697
lgb_quantile,fixed,0.95,2,13,0.95,26,lumpy,2808,0.89599,0.97044,0.08979,7.98197,3.7636,0.26177,0.70869,0.86073,0.92241,6.63314,10.42878
lgb_quantile,dead13,0.95,2,13,0.95,26,all,13844,0.96957,0.97897,0.0506,4.52538,1.34526,0.0179,0.1951,0.96545,0.9732,4.16102,4.89812
lgb_quantile,dead13,0.95,2,13,0.95,26,smooth,2596,0.97862,0.97673,0.02768,3.18454,0.51222,0.00482,0.06202,0.97504,0.98295,2.89738,3.46923
lgb_quantile,dead13,0.95,2,13,0.95,26,erratic,1901,0.95616,0.97398,0.03318,6.09493,2.05709,0.02159,0.08574,0.94547,0.9654,5.19366,6.97182
lgb_quantile,dead13,0.95,2,13,0.95,26,intermittent,6539,0.96328,0.98218,0.10085,4.63035,2.04845,0.06792,0.27114,0.95401,0.97109,3.68706,5.74367
lgb_quantile,dead13,0.95,2,13,0.95,26,lumpy,2808,0.95114,0.97697,0.06997,9.38309,4.77163,0.06674,0.2151,0.93544,0.9649,7.75526,12.41065
lgb_quantile,dead26,0.95,2,13,0.95,26,all,13844,0.97042,0.98348,0.03975,4.67264,1.41695,0.00494,0.1124,0.96629,0.97398,4.30325,5.04855
lgb_quantile,dead26,0.95,2,13,0.95,26,smooth,2596,0.97882,0.97792,0.02626,3.22737,0.5309,0.00154,0.02273,0.97527,0.98317,2.93478,3.51794
lgb_quantile,dead26,0.95,2,13,0.95,26,erratic,1901,0.95634,0.97561,0.03111,6.26907,2.14689,0.00585,0.03261,0.94567,0.96558,5.3495,7.17552
lgb_quantile,dead26,0.95,2,13,0.95,26,intermittent,6539,0.96955,0.9887,0.06391,5.23302,2.33244,0.01956,0.16654,0.96201,0.97581,4.12987,6.5487
lgb_quantile,dead26,0.95,2,13,0.95,26,lumpy,2808,0.95498,0.98179,0.05532,9.88387,5.0224,0.01642,0.12322,0.9401,0.96815,8.17201,13.02934
lgb_quantile,none,0.99,2,13,0.95,26,all,13844,0.99172,0.99709,0.00701,10.36904,4.50161,0.0,0.0,0.98953,0.99328,9.45646,11.43177
lgb_quantile,none,0.99,2,13,0.95,26,smooth,2596,0.99475,0.9962,0.00452,6.90486,1.85209,0.0,0.0,0.99266,0.99652,6.2739,7.54109
lgb_quantile,none,0.99,2,13,0.95,26,erratic,1901,0.98678,0.99421,0.00738,13.44533,6.04802,0.0,0.0,0.98206,0.99086,11.44961,15.7794
lgb_quantile,none,0.99,2,13,0.95,26,intermittent,6539,0.99071,0.99839,0.00909,13.36237,8.3656,0.0,0.0,0.98663,0.9939,10.6054,16.75439
lgb_quantile,none,0.99,2,13,0.95,26,lumpy,2808,0.9862,0.99681,0.00969,24.15737,16.60124,0.0,0.0,0.98055,0.99135,19.31041,32.81447
lgb_quantile,quantile,0.99,2,13,0.95,26,all,13844,0.98976,0.99593,0.0098,8.2041,3.02302,0.14894,0.62908,0.98729,0.99188,7.72857,8.70677
lgb_quantile,quantile,0.99,2,13,0.95,26,smooth,2596,0.99438,0.99589,0.00489,6.38901,1.48917,0.03362,0.15562,0.99219,0.99618,5.87801,6.88224
lgb_quantile,quantile,0.99,2,13,0.95,26,erratic,1901,0.98186,0.99297,0.00897,10.18388,4.02714,0.2372,0.4182,0.97526,0.98762,9.18978,11.3535
lgb_quantile,quantile,0.99,2,13,0.95,26,intermittent,6539,0.98896,0.99727,0.01546,9.23401,5.49219,0.2794,0.8252,0.98454,0.99257,7.46377,11.33476
lgb_quantile,quantile,0.99,2,13,0.95,26,lumpy,2808,0.98203,0.99485,0.01564,14.57596,9.46252,0.63269,0.75285,0.97308,0.98867,12.22669,18.50134
lgb_quantile,fixed,0.99,2,13,0.95,26,all,13844,0.97714,0.98292,0.04109,7.68914,2.44407,0.21609,0.7409,0.97294,0.98058,7.20006,8.14254
lgb_quantile,fixed,0.99,2,13,0.95,26,smooth,2596,0.99375,0.99385,0.00731,6.36338,1.47235,0.04244,0.24692,0.99132,0.99565,5.85129,6.83075
lgb_quantile,fixed,0.99,2,13,0.95,26,erratic,1901,0.96169,0.98171,0.02333,9.87854,3.71515,0.27918,0.53972,0.9509,0.97177,8.79644,10.95926
lgb_quantile,fixed,0.99,2,13,0.95,26,intermittent,6539,0.97057,0.98338,0.09404,6.33555,2.26836,0.69404,0.93225,0.96152,0.97886,5.26264,7.50839
lgb_quantile,fixed,0.99,2,13,0.95,26,lumpy,2808,0.90725,0.97258,0.0833,11.43389,5.6998,0.96302,0.88818,0.87063,0.93134,9.80777,14.36566
lgb_quantile,dead13,0.99,2,13,0.95,26,all,13844,0.99023,0.98874,0.02709,9.64436,4.01441,0.03815,0.19929,0.98789,0.99184,8.80374,10.68403
lgb_quantile,dead13,0.99,2,13,0.95,26,smooth,2596,0.9945,0.99476,0.00623,6.77797,1.79212,0.00966,0.06202,0.99241,0.99627,6.14775,7.40406
lgb_quantile,dead13,0.99,2,13,0.95,26,erratic,1901,0.98657,0.9924,0.0097,12.81271,5.67988,0.0444,0.08574,0.98166,0.9907,10.90105,15.01605
lgb_quantile,dead13,0.99,2,13,0.95,26,intermittent,6539,0.97909,0.98603,0.07902,9.57176,5.45954,0.1472,0.27802,0.97266,0.98486,7.60306,11.82189
lgb_quantile,dead13,0.99,2,13,0.95,26,lumpy,2808,0.97867,0.98702,0.03944,20.91833,14.31333,0.15051,0.21973,0.97064,0.98547,16.2462,28.84587
lgb_quantile,dead26,0.99,2,13,0.95,26,all,13844,0.99123,0.9937,0.01515,10.02154,4.27257,0.01706,0.11384,0.98903,0.9928,9.14399,11.07479
lgb_quantile,dead26,0.99,2,13,0.95,26,smooth,2596,0.99472,0.99603,0.00473,6.87272,1.84211,0.00418,0.02273,0.99264,0.99648,6.24122,7.50615
lgb_quantile,dead26,0.99,2,13,0.95,26,erratic,1901,0.98677,0.994,0.00766,13.23537,5.9841,0.01991,0.03156,0.98204,0.99085,11.32127,15.46427
lgb_quantile,dead26,0.99,2,13,0.95,26,intermittent,6539,0.98635,0.99315,0.03878,11.07129,6.48547,0.06254,0.16929,0.98171,0.99046,8.74899,14.00891
lgb_quantile,dead26,0.99,2,13,0.95,26,lumpy,2808,0.98363,0.99265,0.02232,22.43377,15.41417,0.07083,0.12464,0.97714,0.98937,17.4545,30.69429
lgb_quantile,none,0.9,1,13,0.95,26,all,13844,0.94351,0.96866,0.07542,2.07385,0.48311,0.0,0.0,0.93764,0.94939,1.89547,2.26567
lgb_quantile,none,0.9,1,13,0.95,26,smooth,2596,0.95432,0.94159,0.06948,1.39104,0.15362,0.0,0.0,0.94744,0.96125,1.25628,1.51977
lgb_quantile,none,0.9,1,13,0.95,26,erratic,1901,0.91923,0.94426,0.07109,2.67206,0.65368,0.0,0.0,0.90434,0.93388,2.24879,3.14386
lgb_quantile,none,0.9,1,13,0.95,26,intermittent,6539,0.95408,0.98535,0.08291,2.55742,0.92002,0.0,0.0,0.94323,0.96313,2.01137,3.1816
lgb_quantile,none,0.9,1,13,0.95,26,lumpy,2808,0.93572,0.97133,0.08708,4.90504,2.09841,0.0,0.0,0.91986,0.94939,4.00714,6.6026
lgb_quantile,quantile,0.9,1,13,0.95,26,all,13844,0.94337,0.96863,0.0755,2.03911,0.46877,0.00294,0.02376,0.93758,0.94936,1.8688,2.22079
lgb_quantile,quantile,0.9,1,13,0.95,26,smooth,2596,0.95432,0.94159,0.06948,1.38995,0.15326,9e-05,0.00231,0.94744,0.96125,1.25501,1.51872
lgb_quantile,quantile,0.9,1,13,0.95,26,erratic,1901,0.91918,0.94422,0.07115,2.63634,0.64158,0.00306,0.01526,0.90434,0.93379,2.23417,3.11512
lgb_quantile,quantile,0.9,1,13,0.95,26,intermittent,6539,0.95383,0.98533,0.08303,2.4983,0.90713,0.00634,0.02019,0.94288,0.96294,1.97359,3.10746
lgb_quantile,quantile,0.9,1,13,0.95,26,lumpy,2808,0.93433,0.97127,0.08728,4.63185,1.96651,0.02201,0.05769,0.91694,0.94879,3.79264,6.12504
lgb_quantile,fixed,0.9,1,13,0.95,26,all,13844,0.94169,0.96579,0.08231,2.00713,0.44314,0.01346,0.42704,0.93604,0.94755,1.83043,2.19017
lgb_quantile,fixed,0.9,1,13,0.95,26,smooth,2596,0.9543,0.94145,0.06965,1.38677,0.15219,0.00089,0.05008,0.94742,0.96122,1.25207,1.51533
lgb_quantile,fixed,0.9,1,13,0.95,26,erratic,1901,0.91707,0.94376,0.07173,2.62675,0.63842,0.00793,0.12467,0.90145,0.93105,2.21881,3.07951
lgb_quantile,fixed,0.9,1,13,0.95,26,intermittent,6539,0.9508,0.98117,0.10655,2.16829,0.65617,0.1021,0.63542,0.93952,0.96043,1.72208,2.69179
lgb_quantile,fixed,0.9,1,13,0.95,26,lumpy,2808,0.92226,0.96741,0.09898,4.53631,1.85189,0.0595,0.49501,0.90074,0.93818,3.67616,6.07539
lgb_quantile,dead13,0.9,1,13,0.95,26,all,13844,0.94276,0.96323,0.08848,1.99555,0.45205,0.00775,0.19272,0.93699,0.94856,1.82234,2.18018
lgb_quantile,dead13,0.9,1,13,0.95,26,smooth,2596,0.95423,0.94075,0.07048,1.37367,0.14923,0.00195,0.06125,0.94732,0.9612,1.24167,1.50164
lgb_quantile,dead13,0.9,1,13,0.95,26,erratic,1901,0.91909,0.9429,0.07283,2.59709,0.63468,0.00915,0.08522,0.9041,0.93378,2.19113,3.04789
lgb_quantile,dead13,0.9,1,13,0.95,26,intermittent,6539,0.94743,0.97681,0.13121,2.10979,0.67839,0.03165,0.26854,0.93495,0.95749,1.65978,2.61203
lgb_quantile,dead13,0.9,1,13,0.95,26,lumpy,2808,0.93244,0.96617,0.10277,4.63705,1.98648,0.02877,0.21047,0.91585,0.9463,3.76599,6.24737
lgb_quantile,dead26,0.9,1,13,0.95,26,all,13844,0.94334,0.96665,0.08025,2.05092,0.46685,0.00112,0.11124,0.93746,0.94924,1.87188,2.24119
lgb_quantile,dead26,0.9,1,13,0.95,26,smooth,2596,0.95431,0.94148,0.06961,1.38887,0.15289,0.00032,0.02273,0.94743,0.96125,1.25419,1.51749
lgb_quantile,dead26,0.9,1,13,0.95,26,erratic,1901,0.91922,0.9441,0.07131,2.66162,0.64907,0.00101,0.03156,0.90433,0.93387,2.24125,3.13517
lgb_quantile,dead26,0.9,1,13,0.95,26,intermittent,6539,0.95225,0.98201,0.10179,2.35399,0.75793,0.0063,0.16532,0.9414,0.96162,1.86086,2.93786
lgb_quantile,dead26,0.9,1,13,0.95,26,lumpy,2808,0.93511,0.96942,0.09288,4.82159,2.03745,0.00352,0.12108,0.91908,0.94901,3.91127,6.48644
lgb_quantile,none,0.9,4,13,0.95,26,all,13844,0.94298,0.97673,0.056,6.00681,1.87131,0.0,0.0,0.9365,0.9491,5.47742,6.54211
lgb_quantile,none,0.9,4,13,0.95,26,smooth,2596,0.96051,0.96691,0.03936,4.22221,0.75699,0.0,0.0,0.95487,0.96716,3.83306,4.61707
lgb_quantile,none,0.9,4,13,0.95,26,erratic,1901,0.91606,0.96248,0.04785,7.42798,2.32864,0.0,0.0,0.89753,0.93224,6.5159,8.45875
lgb_quantile,none,0.9,4,13,0.95,26,intermittent,6539,0.9375,0.98601,0.07913,7.05632,3.13822,0.0,0.0,0.92252,0.94864,5.55547,8.94005
lgb_quantile,none,0.9,4,13,0.95,26,lumpy,2808,0.90508,0.97382,0.07951,14.07407,7.91942,0.0,0.0,0.88216,0.92634,10.79554,20.32677
lgb_quantile,quantile,0.9,4,13,0.95,26,all,13844,0.94213,0.97611,0.05749,5.27932,1.44261,0.05013,0.15407,0.93552,0.94818,4.89655,5.62884
lgb_quantile,quantile,0.9,4,13,0.95,26,smooth,2596,0.96049,0.96682,0.03947,4.09859,0.66511,0.00729,0.03968,0.95486,0.96716,3.75897,4.45306
lgb_quantile,quantile,0.9,4,13,0.95,26,erratic,1901,0.91449,0.96148,0.04913,6.57866,1.94925,0.06181,0.17096,0.89623,0.93072,5.86229,7.3597
lgb_quantile,quantile,0.9,4,13,0.95,26,intermittent,6539,0.93652,0.9856,0.08149,5.88759,2.63985,0.09551,0.14421,0.92147,0.94752,4.70329,7.29357
lgb_quantile,quantile,0.9,4,13,0.95,26,lumpy,2808,0.90043,0.97251,0.08349,9.43352,4.75834,0.30583,0.27137,0.87404,0.92276,7.78441,12.19816
lgb_quantile,fixed,0.9,4,13,0.95,26,all,13844,0.92444,0.96146,0.09274,5.04798,1.27129,0.08596,0.63262,0.91672,0.93169,4.68033,5.44624
lgb_quantile,fixed,0.9,4,13,0.95,26,smooth,2596,0.95968,0.96474,0.04195,4.08226,0.68349,0.01376,0.14522,0.95446,0.96631,3.71649,4.44568
lgb_quantile,fixed,0.9,4,13,0.95,26,erratic,1901,0.88532,0.94182,0.0742,6.39812,1.84851,0.10554,0.39926,0.86187,0.90644,5.63366,7.26731
lgb_quantile,fixed,0.9,4,13,0.95,26,intermittent,6539,0.92025,0.97212,0.15776,4.4825,1.41259,0.22841,0.83698,0.90466,0.93473,3.64834,5.4333
lgb_quantile,fixed,0.9,4,13,0.95,26,lumpy,2808,0.79049,0.94692,0.16123,8.29291,3.71121,0.46465,0.76531,0.72641,0.8385,6.94998,10.82394
lgb_quantile,dead13,0.9,4,13,0.95,26,all,13844,0.94157,0.96858,0.07561,5.73509,1.73971,0.02233,0.19467,0.93516,0.94793,5.22978,6.26694
lgb_quantile,dead13,0.9,4,13,0.95,26,smooth,2596,0.96015,0.96505,0.04157,4.1494,0.73193,0.00711,0.06202,0.95473,0.96686,3.76631,4.52511
lgb_quantile,dead13,0.9,4,13,0.95,26,erratic,1901,0.91577,0.96007,0.05093,7.14576,2.19348,0.02512,0.0868,0.89728,0.93185,6.2687,8.12131
lgb_quantile,dead13,0.9,4,13,0.95,26,intermittent,6539,0.92758,0.97425,0.14572,5.85039,2.48478,0.08003,0.26931,0.91163,0.94052,4.56078,7.27101
lgb_quantile,dead13,0.9,4,13,0.95,26,lumpy,2808,0.89834,0.9644,0.10813,13.04038,7.38968,0.08472,0.21652,0.87334,0.92015,9.82922,19.05996
lgb_quantile,dead26,0.9,4,13,0.95,26,all,13844,0.94263,0.97404,0.06248,5.92069,1.81983,0.00556,0.11225,0.93617,0.94875,5.40277,6.44772
lgb_quantile,dead26,0.9,4,13,0.95,26,smooth,2596,0.96049,0.96671,0.03959,4.21015,0.75421,0.00187,0.02273,0.95487,0.96709,3.82276,4.59993
lgb_quantile,dead26,0.9,4,13,0.95,26,erratic,1901,0.91605,0.96222,0.04819,7.35475,2.3029,0.00702,0.03209,0.89752,0.93223,6.4665,8.35505
lgb_quantile,dead26,0.9,4,13,0.95,26,intermittent,6539,0.93463,0.98187,0.10258,6.54584,2.75266,0.01841,0.16562,0.9198,0.94635,5.18896,8.27296
lgb_quantile,dead26,0.9,4,13,0.95,26,lumpy,2808,0.90302,0.97055,0.08944,13.70681,7.66686,0.0189,0.125,0.87952,0.92424,10.37858,19.81081
lgb_quantile,none,0.9,2,8,0.95,26,all,13844,0.94773,0.97261,0.06591,3.40521,1.36767,0.0,0.0,0.94259,0.95305,3.12626,3.70134
lgb_quantile,none,0.9,2,8,0.95,26,smooth,2596,0.96052,0.95339,0.05544,2.355,0.55205,0.0,0.0,0.95518,0.96572,2.12199,2.55793
lgb_quantile,none,0.9,2,8,0.95,26,erratic,1901,0.92456,0.95335,0.0595,4.42902,2.04072,0.0,0.0,0.91046,0.93857,3.77471,5.07479
lgb_quantile,none,0.9,2,8,0.95,26,intermittent,6539,0.94971,0.98576,0.08055,4.00108,2.13752,0.0,0.0,0.93934,0.95831,3.15323,5.00786
lgb_quantile,none,0.9,2,8,0.95,26,lumpy,2808,0.92761,0.97279,0.08266,7.51628,4.74068,0.0,0.0,0.90768,0.94454,6.12332,10.18199
lgb_quantile,quantile,0.9,2,8,0.95,26,all,13844,0.94572,0.97214,0.06703,3.01595,1.06096,0.03106,0.14671,0.93969,0.95161,2.79372,3.22851
lgb_quantile,quantile,0.9,2,8,0.95,26,smooth,2596,0.96033,0.9532,0.05567,2.2773,0.483,0.00595,0.04622,0.95485,0.96558,2.06996,2.47493
lgb_quantile,quantile,0.9,2,8,0.95,26,erratic,1901,0.91882,0.9523,0.06085,3.75984,1.52405,0.05236,0.17254,0.90157,0.93532,3.30109,4.22957
lgb_quantile,quantile,0.9,2,8,0.95,26,intermittent,6539,0.94814,0.98549,0.08208,3.50624,1.80231,0.04575,0.12724,0.93728,0.95725,2.7899,4.35305
lgb_quantile,quantile,0.9,2,8,0.95,26,lumpy,2808,0.924,0.97201,0.08502,5.76754,3.34299,0.14003,0.26745,0.90332,0.94174,4.78408,7.44772
lgb_quantile,fixed,0.9,2,8,0.95,26,all,13844,0.941,0.96702,0.07938,3.19804,1.21523,0.02765,0.50592,0.93436,0.9471,2.91016,3.48113
lgb_quantile,fixed,0.9,2,8,0.95,26,smooth,2596,0.96047,0.95302,0.05588,2.34248,0.54628,0.0026,0.0782,0.95506,0.96564,2.11207,2.54163
lgb_quantile,fixed,0.9,2,8,0.95,26,erratic,1901,0.91582,0.95012,0.06362,4.2179,1.90972,0.02949,0.21147,0.89854,0.93059,3.57031,4.84783
lgb_quantile,fixed,0.9,2,8,0.95,26,intermittent,6539,0.94192,0.97933,0.11693,3.05789,1.33203,0.11524,0.71601,0.93044,0.95223,2.43515,3.80759
lgb_quantile,fixed,0.9,2,8,0.95,26,lumpy,2808,0.87681,0.9627,0.11329,6.39912,3.89608,0.14574,0.61147,0.84232,0.90646,5.21861,8.48268
lgb_quantile,dead13,0.9,2,8,0.95,26,all,13844,0.9468,0.96623,0.08126,3.26895,1.28473,0.01214,0.19301,0.94156,0.95209,2.98059,3.55432
lgb_quantile,dead13,0.9,2,8,0.95,26,smooth,2596,0.96035,0.95223,0.05682,2.32502,0.53828,0.00328,0.06125,0.95494,0.96563,2.09633,2.52015
lgb_quantile,dead13,0.9,2,8,0.95,26,erratic,1901,0.92437,0.95158,0.06176,4.30578,1.98467,0.01449,0.08522,0.91021,0.93842,3.64676,4.94278
lgb_quantile,dead13,0.9,2,8,0.95,26,intermittent,6539,0.94217,0.97609,0.1353,3.22655,1.57006,0.04663,0.26854,0.93045,0.95202,2.56397,3.9657
lgb_quantile,dead13,0.9,2,8,0.95,26,lumpy,2808,0.92343,0.96614,0.10287,7.01913,4.41388,0.04518,0.21189,0.90246,0.94128,5.68459,9.5407
lgb_quantile,dead26,0.9,2,8,0.95,26,all,13844,0.9475,0.97034,0.07138,3.35955,1.33052,0.00203,0.11189,0.9423,0.95278,3.07415,3.65706
lgb_quantile,dead26,0.9,2,8,0.95,26,smooth,2596,0.96051,0.95323,0.05563,2.35117,0.55057,0.00062,0.02273,0.95516,0.96571,2.1188,2.55251
lgb_quantile,dead26,0.9,2,8,0.95,26,erratic,1901,0.92455,0.95316,0.05975,4.41092,2.03183,0.00191,0.03209,0.91044,0.93856,3.76295,5.04776
lgb_quantile,dead26,0.9,2,8,0.95,26,intermittent,6539,0.94731,0.98211,0.1012,3.60401,1.78117,0.01009,0.16593,0.93656,0.95615,2.84365,4.49168
lgb_quantile,dead26,0.9,2,8,0.95,26,lumpy,2808,0.92664,0.97036,0.09003,7.33046,4.58305,0.00697,0.12251,0.90673,0.9438,5.91385,9.93167
lgb_quantile,none,0.9,2,26,0.95,26,all,13844,0.94773,0.97261,0.06591,3.40521,,0.0,0.0,0.94259,0.95305,3.12626,3.70134
lgb_quantile,none,0.9,2,26,0.95,26,smooth,2596,0.96052,0.95339,0.05544,2.355,,0.0,0.0,0.95518,0.96572,2.12199,2.55793
lgb_quantile,none,0.9,2,26,0.95,26,erratic,1901,0.92456,0.95335,0.0595,4.42902,,0.0,0.0,0.91046,0.93857,3.77471,5.07479
lgb_quantile,none,0.9,2,26,0.95,26,intermittent,6539,0.94971,0.98576,0.08055,4.00108,,0.0,0.0,0.93934,0.95831,3.15323,5.00786
lgb_quantile,none,0.9,2,26,0.95,26,lumpy,2808,0.92761,0.97279,0.08266,7.51628,,0.0,0.0,0.90768,0.94454,6.12332,10.18199
lgb_quantile,quantile,0.9,2,26,0.95,26,all,13844,0.94762,0.97259,0.06597,3.38513,,0.00211,0.0169,0.94247,0.95294,3.10464,3.6783
lgb_quantile,quantile,0.9,2,26,0.95,26,smooth,2596,0.96052,0.95339,0.05544,2.35496,,1e-05,0.00154,0.95518,0.96572,2.12193,2.55788
lgb_quantile,quantile,0.9,2,26,0.95,26,erratic,1901,0.92456,0.95335,0.0595,4.42431,,0.00046,0.00526,0.91046,0.93857,3.77255,5.07181
lgb_quantile,quantile,0.9,2,26,0.95,26,intermittent,6539,0.94965,0.98576,0.08059,3.88976,,0.01226,0.01866,0.9393,0.95828,3.06828,4.84231
lgb_quantile,quantile,0.9,2,26,0.95,26,lumpy,2808,0.9262,0.97269,0.08295,7.35991,,0.01603,0.0349,0.90552,0.94449,6.00056,9.92568
lgb_quantile,fixed,0.9,2,26,0.95,26,all,13844,0.941,0.96702,0.07938,3.19804,,0.02765,0.50592,0.93436,0.9471,2.91016,3.48113
lgb_quantile,fixed,0.9,2,26,0.95,26,smooth,2596,0.96047,0.95302,0.05588,2.34248,,0.0026,0.0782,0.95506,0.96564,2.11207,2.54163
lgb_quantile,fixed,0.9,2,26,0.95,26,erratic,1901,0.91582,0.95012,0.06362,4.2179,,0.02949,0.21147,0.89854,0.93059,3.57031,4.84783
lgb_quantile,fixed,0.9,2,26,0.95,26,intermittent,6539,0.94192,0.97933,0.11693,3.05789,,0.11524,0.71601,0.93044,0.95223,2.43515,3.80759
lgb_quantile,fixed,0.9,2,26,0.95,26,lumpy,2808,0.87681,0.9627,0.11329,6.39912,,0.14574,0.61147,0.84232,0.90646,5.21861,8.48268
lgb_quantile,dead13,0.9,2,26,0.95,26,all,13844,0.9468,0.96623,0.08126,3.26895,,0.01214,0.19301,0.94156,0.95209,2.98059,3.55432
lgb_quantile,dead13,0.9,2,26,0.95,26,smooth,2596,0.96035,0.95223,0.05682,2.32502,,0.00328,0.06125,0.95494,0.96563,2.09633,2.52015
lgb_quantile,dead13,0.9,2,26,0.95,26,erratic,1901,0.92437,0.95158,0.06176,4.30578,,0.01449,0.08522,0.91021,0.93842,3.64676,4.94278
lgb_quantile,dead13,0.9,2,26,0.95,26,intermittent,6539,0.94217,0.97609,0.1353,3.22655,,0.04663,0.26854,0.93045,0.95202,2.56397,3.9657
lgb_quantile,dead13,0.9,2,26,0.95,26,lumpy,2808,0.92343,0.96614,0.10287,7.01913,,0.04518,0.21189,0.90246,0.94128,5.68459,9.5407
lgb_quantile,dead26,0.9,2,26,0.95,26,all,13844,0.9475,0.97034,0.07138,3.35955,,0.00203,0.11189,0.9423,0.95278,3.07415,3.65706
lgb_quantile,dead26,0.9,2,26,0.95,26,smooth,2596,0.96051,0.95323,0.05563,2.35117,,0.00062,0.02273,0.95516,0.96571,2.1188,2.55251
lgb_quantile,dead26,0.9,2,26,0.95,26,erratic,1901,0.92455,0.95316,0.05975,4.41092,,0.00191,0.03209,0.91044,0.93856,3.76295,5.04776
lgb_quantile,dead26,0.9,2,26,0.95,26,intermittent,6539,0.94731,0.98211,0.1012,3.60401,,0.01009,0.16593,0.93656,0.95615,2.84365,4.49168
lgb_quantile,dead26,0.9,2,26,0.95,26,lumpy,2808,0.92664,0.97036,0.09003,7.33046,,0.00697,0.12251,0.90673,0.9438,5.91385,9.93167
lgb_quantile,none,0.9,2,13,0.9,26,all,13844,0.94773,0.97261,0.06591,3.40521,0.90916,0.0,0.0,0.94259,0.95305,3.12626,3.70134
lgb_quantile,none,0.9,2,13,0.9,26,smooth,2596,0.96052,0.95339,0.05544,2.355,0.32713,0.0,0.0,0.95518,0.96572,2.12199,2.55793
lgb_quantile,none,0.9,2,13,0.9,26,erratic,1901,0.92456,0.95335,0.0595,4.42902,1.28149,0.0,0.0,0.91046,0.93857,3.77471,5.07479
lgb_quantile,none,0.9,2,13,0.9,26,intermittent,6539,0.94971,0.98576,0.08055,4.00108,1.66653,0.0,0.0,0.93934,0.95831,3.15323,5.00786
lgb_quantile,none,0.9,2,13,0.9,26,lumpy,2808,0.92761,0.97279,0.08266,7.51628,3.5264,0.0,0.0,0.90768,0.94454,6.12332,10.18199
lgb_quantile,quantile,0.9,2,13,0.9,26,all,13844,0.94688,0.97228,0.0667,3.08049,0.7749,0.02766,0.13493,0.9414,0.95234,2.84248,3.32428
lgb_quantile,quantile,0.9,2,13,0.9,26,smooth,2596,0.96051,0.95334,0.05551,2.32255,0.31034,0.00261,0.02928,0.95517,0.96571,2.09823,2.53469
lgb_quantile,quantile,0.9,2,13,0.9,26,erratic,1901,0.9226,0.95266,0.06039,3.86628,1.06738,0.04868,0.1494,0.90736,0.93689,3.38469,4.38623
lgb_quantile,quantile,0.9,2,13,0.9,26,intermittent,6539,0.94844,0.9855,0.08205,3.50888,1.47885,0.04451,0.12418,0.93747,0.95773,2.79092,4.35974
lgb_quantile,quantile,0.9,2,13,0.9,26,lumpy,2808,0.92442,0.9723,0.08413,5.8853,2.80092,0.13551,0.24786,0.90395,0.94217,4.83863,7.69781
lgb_quantile,fixed,0.9,2,13,0.9,26,all,13844,0.941,0.96702,0.07938,3.19804,0.78628,0.02765,0.50592,0.93436,0.9471,2.91016,3.48113
lgb_quantile,fixed,0.9,2,13,0.9,26,smooth,2596,0.96047,0.95302,0.05588,2.34248,0.32354,0.0026,0.0782,0.95506,0.96564,2.11207,2.54163
lgb_quantile,fixed,0.9,2,13,0.9,26,erratic,1901,0.91582,0.95012,0.06362,4.2179,1.18676,0.02949,0.21147,0.89854,0.93059,3.57031,4.84783
lgb_quantile,fixed,0.9,2,13,0.9,26,intermittent,6539,0.94192,0.97933,0.11693,3.05789,0.98584,0.11524,0.71601,0.93044,0.95223,2.43515,3.80759
lgb_quantile,fixed,0.9,2,13,0.9,26,lumpy,2808,0.87681,0.9627,0.11329,6.39912,2.82464,0.14574,0.61147,0.84232,0.90646,5.21861,8.48268
lgb_quantile,dead13,0.9,2,13,0.9,26,all,13844,0.9468,0.96623,0.08126,3.26895,0.8477,0.01214,0.19301,0.94156,0.95209,2.98059,3.55432
lgb_quantile,dead13,0.9,2,13,0.9,26,smooth,2596,0.96035,0.95223,0.05682,2.32502,0.31896,0.00328,0.06125,0.95494,0.96563,2.09633,2.52015
lgb_quantile,dead13,0.9,2,13,0.9,26,erratic,1901,0.92437,0.95158,0.06176,4.30578,1.24529,0.01449,0.08522,0.91021,0.93842,3.64676,4.94278
lgb_quantile,dead13,0.9,2,13,0.9,26,intermittent,6539,0.94217,0.97609,0.1353,3.22655,1.20752,0.04663,0.26854,0.93045,0.95202,2.56397,3.9657
lgb_quantile,dead13,0.9,2,13,0.9,26,lumpy,2808,0.92343,0.96614,0.10287,7.01913,3.28068,0.04518,0.21189,0.90246,0.94128,5.68459,9.5407
lgb_quantile,dead26,0.9,2,13,0.9,26,all,13844,0.9475,0.97034,0.07138,3.35955,0.87613,0.00203,0.11189,0.9423,0.95278,3.07415,3.65706
lgb_quantile,dead26,0.9,2,13,0.9,26,smooth,2596,0.96051,0.95323,0.05563,2.35117,0.32627,0.00062,0.02273,0.95516,0.96571,2.1188,2.55251
lgb_quantile,dead26,0.9,2,13,0.9,26,erratic,1901,0.92455,0.95316,0.05975,4.41092,1.27586,0.00191,0.03209,0.91044,0.93856,3.76295,5.04776
lgb_quantile,dead26,0.9,2,13,0.9,26,intermittent,6539,0.94731,0.98211,0.1012,3.60401,1.33528,0.01009,0.16593,0.93656,0.95615,2.84365,4.49168
lgb_quantile,dead26,0.9,2,13,0.9,26,lumpy,2808,0.92664,0.97036,0.09003,7.33046,3.38628,0.00697,0.12251,0.90673,0.9438,5.91385,9.93167
lgb_quantile,none,0.9,2,13,0.99,26,all,13844,0.94773,0.97261,0.06591,3.40521,0.90916,0.0,0.0,0.94259,0.95305,3.12626,3.70134
lgb_quantile,none,0.9,2,13,0.99,26,smooth,2596,0.96052,0.95339,0.05544,2.355,0.32713,0.0,0.0,0.95518,0.96572,2.12199,2.55793
lgb_quantile,none,0.9,2,13,0.99,26,erratic,1901,0.92456,0.95335,0.0595,4.42902,1.28149,0.0,0.0,0.91046,0.93857,3.77471,5.07479
lgb_quantile,none,0.9,2,13,0.99,26,intermittent,6539,0.94971,0.98576,0.08055,4.00108,1.66653,0.0,0.0,0.93934,0.95831,3.15323,5.00786
lgb_quantile,none,0.9,2,13,0.99,26,lumpy,2808,0.92761,0.97279,0.08266,7.51628,3.5264,0.0,0.0,0.90768,0.94454,6.12332,10.18199
lgb_quantile,quantile,0.9,2,13,0.99,26,all,13844,0.94773,0.97261,0.06592,3.37911,0.90128,0.00226,0.01279,0.94259,0.95305,3.10231,3.66683
lgb_quantile,quantile,0.9,2,13,0.99,26,smooth,2596,0.96052,0.95339,0.05544,2.35346,0.32664,0.00011,0.00231,0.95518,0.96572,2.11918,2.5579
lgb_quantile,quantile,0.9,2,13,0.99,26,erratic,1901,0.92456,0.95335,0.0595,4.40903,1.27511,0.00148,0.00631,0.91046,0.93857,3.74628,5.06998
lgb_quantile,quantile,0.9,2,13,0.99,26,intermittent,6539,0.94971,0.98576,0.08059,3.91817,1.65695,0.00953,0.01223,0.93933,0.95831,3.09155,4.90126
lgb_quantile,quantile,0.9,2,13,0.99,26,lumpy,2808,0.92761,0.97279,0.08266,7.32359,3.4573,0.01579,0.02813,0.90768,0.94454,5.99586,9.83589
lgb_quantile,fixed,0.9,2,13,0.99,26,all,13844,0.941,0.96702,0.07938,3.19804,0.78628,0.02765,0.50592,0.93436,0.9471,2.91016,3.48113
lgb_quantile,fixed,0.9,2,13,0.99,26,smooth,2596,0.96047,0.95302,0.05588,2.34248,0.32354,0.0026,0.0782,0.95506,0.96564,2.11207,2.54163
lgb_quantile,fixed,0.9,2,13,0.99,26,erratic,1901,0.91582,0.95012,0.06362,4.2179,1.18676,0.02949,0.21147,0.89854,0.93059,3.57031,4.84783
lgb_quantile,fixed,0.9,2,13,0.99,26,intermittent,6539,0.94192,0.97933,0.11693,3.05789,0.98584,0.11524,0.71601,0.93044,0.95223,2.43515,3.80759
lgb_quantile,fixed,0.9,2,13,0.99,26,lumpy,2808,0.87681,0.9627,0.11329,6.39912,2.82464,0.14574,0.61147,0.84232,0.90646,5.21861,8.48268
lgb_quantile,dead13,0.9,2,13,0.99,26,all,13844,0.9468,0.96623,0.08126,3.26895,0.8477,0.01214,0.19301,0.94156,0.95209,2.98059,3.55432
lgb_quantile,dead13,0.9,2,13,0.99,26,smooth,2596,0.96035,0.95223,0.05682,2.32502,0.31896,0.00328,0.06125,0.95494,0.96563,2.09633,2.52015
lgb_quantile,dead13,0.9,2,13,0.99,26,erratic,1901,0.92437,0.95158,0.06176,4.30578,1.24529,0.01449,0.08522,0.91021,0.93842,3.64676,4.94278
lgb_quantile,dead13,0.9,2,13,0.99,26,intermittent,6539,0.94217,0.97609,0.1353,3.22655,1.20752,0.04663,0.26854,0.93045,0.95202,2.56397,3.9657
lgb_quantile,dead13,0.9,2,13,0.99,26,lumpy,2808,0.92343,0.96614,0.10287,7.01913,3.28068,0.04518,0.21189,0.90246,0.94128,5.68459,9.5407
lgb_quantile,dead26,0.9,2,13,0.99,26,all,13844,0.9475,0.97034,0.07138,3.35955,0.87613,0.00203,0.11189,0.9423,0.95278,3.07415,3.65706
lgb_quantile,dead26,0.9,2,13,0.99,26,smooth,2596,0.96051,0.95323,0.05563,2.35117,0.32627,0.00062,0.02273,0.95516,0.96571,2.1188,2.55251
lgb_quantile,dead26,0.9,2,13,0.99,26,erratic,1901,0.92455,0.95316,0.05975,4.41092,1.27586,0.00191,0.03209,0.91044,0.93856,3.76295,5.04776
lgb_quantile,dead26,0.9,2,13,0.99,26,intermittent,6539,0.94731,0.98211,0.1012,3.60401,1.33528,0.01009,0.16593,0.93656,0.95615,2.84365,4.49168
lgb_quantile,dead26,0.9,2,13,0.99,26,lumpy,2808,0.92664,0.97036,0.09003,7.33046,3.38628,0.00697,0.12251,0.90673,0.9438,5.91385,9.93167
lgb_quantile,none,0.9,2,13,0.95,13,all,13844,0.94773,0.97261,0.06591,3.40521,0.90916,0.0,0.0,0.94259,0.95305,3.12626,3.70134
lgb_quantile,none,0.9,2,13,0.95,13,smooth,2596,0.96052,0.95339,0.05544,2.355,0.32713,0.0,0.0,0.95518,0.96572,2.12199,2.55793
lgb_quantile,none,0.9,2,13,0.95,13,erratic,1901,0.92456,0.95335,0.0595,4.42902,1.28149,0.0,0.0,0.91046,0.93857,3.77471,5.07479
lgb_quantile,none,0.9,2,13,0.95,13,intermittent,6539,0.94971,0.98576,0.08055,4.00108,1.66653,0.0,0.0,0.93934,0.95831,3.15323,5.00786
lgb_quantile,none,0.9,2,13,0.95,13,lumpy,2808,0.92761,0.97279,0.08266,7.51628,3.5264,0.0,0.0,0.90768,0.94454,6.12332,10.18199
lgb_quantile,quantile,0.9,2,13,0.95,13,all,13844,0.94751,0.97252,0.06613,3.26048,0.84595,0.01181,0.05381,0.9423,0.95282,2.99917,3.52999
lgb_quantile,quantile,0.9,2,13,0.95,13,smooth,2596,0.96052,0.95339,0.05544,2.33894,0.31722,0.00099,0.00385,0.95518,0.96572,2.10893,2.54886
lgb_quantile,quantile,0.9,2,13,0.95,13,erratic,1901,0.92436,0.95321,0.05969,4.20297,1.18666,0.01807,0.04892,0.91022,0.93842,3.61624,4.80783
lgb_quantile,quantile,0.9,2,13,0.95,13,intermittent,6539,0.94934,0.98569,0.08098,3.76589,1.61753,0.02443,0.04787,0.93869,0.95801,2.97954,4.6786
lgb_quantile,quantile,0.9,2,13,0.95,13,lumpy,2808,0.92564,0.97261,0.0832,6.72805,3.14813,0.06393,0.11717,0.90521,0.94412,5.48323,8.949
lgb_quantile,fixed,0.9,2,13,0.95,13,all,13844,0.92855,0.95928,0.09799,2.76723,0.52841,0.07052,0.69301,0.91966,0.93606,2.56204,2.97111
lgb_quantile,fixed,0.9,2,13,0.95,13,smooth,2596,0.95928,0.95082,0.0585,2.22962,0.25112,0.01233,0.19915,0.95369,0.96489,2.02668,2.42504
lgb_quantile,fixed,0.9,2,13,0.95,13,erratic,1901,0.89007,0.93771,0.07945,3.50455,0.78826,0.10251,0.50342,0.86497,0.90932,3.08162,3.96938
lgb_quantile,fixed,0.9,2,13,0.95,13,intermittent,6539,0.92819,0.97323,0.15147,2.49899,0.61067,0.1766,0.88224,0.91383,0.94091,2.02276,3.025
lgb_quantile,fixed,0.9,2,13,0.95,13,lumpy,2808,0.82436,0.94922,0.15425,4.58628,1.71034,0.32621,0.83725,0.76247,0.8623,3.85885,5.90126
lgb_quantile,dead13,0.9,2,13,0.95,13,all,13844,0.9468,0.96623,0.08126,3.26895,0.8477,0.01214,0.19301,0.94156,0.95209,2.98059,3.55432
lgb_quantile,dead13,0.9,2,13,0.95,13,smooth,2596,0.96035,0.95223,0.05682,2.32502,0.31896,0.00328,0.06125,0.95494,0.96563,2.09633,2.52015
lgb_quantile,dead13,0.9,2,13,0.95,13,erratic,1901,0.92437,0.95158,0.06176,4.30578,1.24529,0.01449,0.08522,0.91021,0.93842,3.64676,4.94278
lgb_quantile,dead13,0.9,2,13,0.95,13,intermittent,6539,0.94217,0.97609,0.1353,3.22655,1.20752,0.04663,0.26854,0.93045,0.95202,2.56397,3.9657
lgb_quantile,dead13,0.9,2,13,0.95,13,lumpy,2808,0.92343,0.96614,0.10287,7.01913,3.28068,0.04518,0.21189,0.90246,0.94128,5.68459,9.5407
lgb_quantile,dead26,0.9,2,13,0.95,13,all,13844,0.9475,0.97034,0.07138,3.35955,0.87613,0.00203,0.11189,0.9423,0.95278,3.07415,3.65706
lgb_quantile,dead26,0.9,2,13,0.95,13,smooth,2596,0.96051,0.95323,0.05563,2.35117,0.32627,0.00062,0.02273,0.95516,0.96571,2.1188,2.55251
lgb_quantile,dead26,0.9,2,13,0.95,13,erratic,1901,0.92455,0.95316,0.05975,4.41092,1.27586,0.00191,0.03209,0.91044,0.93856,3.76295,5.04776
lgb_quantile,dead26,0.9,2,13,0.95,13,intermittent,6539,0.94731,0.98211,0.1012,3.60401,1.33528,0.01009,0.16593,0.93656,0.95615,2.84365,4.49168
lgb_quantile,dead26,0.9,2,13,0.95,13,lumpy,2808,0.92664,0.97036,0.09003,7.33046,3.38628,0.00697,0.12251,0.90673,0.9438,5.91385,9.93167
lgb_quantile,none,0.9,2,13,0.95,52,all,13844,0.94773,0.97261,0.06591,3.40521,0.90916,0.0,0.0,0.94259,0.95305,3.12626,3.70134
lgb_quantile,none,0.9,2,13,0.95,52,smooth,2596,0.96052,0.95339,0.05544,2.355,0.32713,0.0,0.0,0.95518,0.96572,2.12199,2.55793
lgb_quantile,none,0.9,2,13,0.95,52,erratic,1901,0.92456,0.95335,0.0595,4.42902,1.28149,0.0,0.0,0.91046,0.93857,3.77471,5.07479
lgb_quantile,none,0.9,2,13,0.95,52,intermittent,6539,0.94971,0.98576,0.08055,4.00108,1.66653,0.0,0.0,0.93934,0.95831,3.15323,5.00786
lgb_quantile,none,0.9,2,13,0.95,52,lumpy,2808,0.92761,0.97279,0.08266,7.51628,3.5264,0.0,0.0,0.90768,0.94454,6.12332,10.18199
lgb_quantile,quantile,0.9,2,13,0.95,52,all,13844,0.94751,0.97252,0.06613,3.26048,0.84595,0.01181,0.05381,0.9423,0.95282,2.99917,3.52999
lgb_quantile,quantile,0.9,2,13,0.95,52,smooth,2596,0.96052,0.95339,0.05544,2.33894,0.31722,0.00099,0.00385,0.95518,0.96572,2.10893,2.54886
lgb_quantile,quantile,0.9,2,13,0.95,52,erratic,1901,0.92436,0.95321,0.05969,4.20297,1.18666,0.01807,0.04892,0.91022,0.93842,3.61624,4.80783
lgb_quantile,quantile,0.9,2,13,0.95,52,intermittent,6539,0.94934,0.98569,0.08098,3.76589,1.61753,0.02443,0.04787,0.93869,0.95801,2.97954,4.6786
lgb_quantile,quantile,0.9,2,13,0.95,52,lumpy,2808,0.92564,0.97261,0.0832,6.72805,3.14813,0.06393,0.11717,0.90521,0.94412,5.48323,8.949
lgb_quantile,fixed,0.9,2,13,0.95,52,all,13844,0.94632,0.96982,0.07264,3.31981,0.85668,0.01237,0.37944,0.94094,0.95174,3.02927,3.61489
lgb_quantile,fixed,0.9,2,13,0.95,52,smooth,2596,0.9605,0.95314,0.05573,2.34801,0.32519,0.00143,0.04122,0.95514,0.9657,2.11651,2.54844
lgb_quantile,fixed,0.9,2,13,0.95,52,erratic,1901,0.92417,0.95266,0.06039,4.37832,1.2662,0.00928,0.10521,0.90981,0.93842,3.73572,5.01927
lgb_quantile,fixed,0.9,2,13,0.95,52,intermittent,6539,0.94652,0.98198,0.10199,3.42791,1.235,0.08125,0.56645,0.93564,0.95579,2.7309,4.2811
lgb_quantile,fixed,0.9,2,13,0.95,52,lumpy,2808,0.91327,0.96853,0.09559,7.09061,3.25467,0.05312,0.44231,0.89224,0.93253,5.69288,9.54817
lgb_quantile,dead13,0.9,2,13,0.95,52,all,13844,0.9468,0.96623,0.08126,3.26895,0.8477,0.01214,0.19301,0.94156,0.95209,2.98059,3.55432
lgb_quantile,dead13,0.9,2,13,0.95,52,smooth,2596,0.96035,0.95223,0.05682,2.32502,0.31896,0.00328,0.06125,0.95494,0.96563,2.09633,2.52015
lgb_quantile,dead13,0.9,2,13,0.95,52,erratic,1901,0.92437,0.95158,0.06176,4.30578,1.24529,0.01449,0.08522,0.91021,0.93842,3.64676,4.94278
lgb_quantile,dead13,0.9,2,13,0.95,52,intermittent,6539,0.94217,0.97609,0.1353,3.22655,1.20752,0.04663,0.26854,0.93045,0.95202,2.56397,3.9657
lgb_quantile,dead13,0.9,2,13,0.95,52,lumpy,2808,0.92343,0.96614,0.10287,7.01913,3.28068,0.04518,0.21189,0.90246,0.94128,5.68459,9.5407
lgb_quantile,dead26,0.9,2,13,0.95,52,all,13844,0.9475,0.97034,0.07138,3.35955,0.87613,0.00203,0.11189,0.9423,0.95278,3.07415,3.65706
lgb_quantile,dead26,0.9,2,13,0.95,52,smooth,2596,0.96051,0.95323,0.05563,2.35117,0.32627,0.00062,0.02273,0.95516,0.96571,2.1188,2.55251
lgb_quantile,dead26,0.9,2,13,0.95,52,erratic,1901,0.92455,0.95316,0.05975,4.41092,1.27586,0.00191,0.03209,0.91044,0.93856,3.76295,5.04776
lgb_quantile,dead26,0.9,2,13,0.95,52,intermittent,6539,0.94731,0.98211,0.1012,3.60401,1.33528,0.01009,0.16593,0.93656,0.95615,2.84365,4.49168
lgb_quantile,dead26,0.9,2,13,0.95,52,lumpy,2808,0.92664,0.97036,0.09003,7.33046,3.38628,0.00697,0.12251,0.90673,0.9438,5.91385,9.93167
