model,policy,tau,L,H,q_liq,k,group,n_series,fill_rate,csl,stockout_rate_demand_weeks,inventory_weeks,excess_weeks_of_demand,liquidated_share,liq_series_share,fill_rate_lo,fill_rate_hi,inventory_weeks_lo,inventory_weeks_hi
empirical,none,0.5,2,13,0.95,26,all,29917,0.72328,0.66111,0.43982,0.6366,0.10296,0.0,0.0,0.71824,0.7287,0.6171,0.65515
empirical,none,0.5,2,13,0.95,26,smooth,15705,0.78684,0.6763,0.37126,0.64868,0.11065,0.0,0.0,0.78245,0.79182,0.62357,0.6761
empirical,none,0.5,2,13,0.95,26,erratic,1671,0.6361,0.65527,0.41434,0.6571,0.04319,0.0,0.0,0.61584,0.66066,0.59923,0.71802
empirical,none,0.5,2,13,0.95,26,intermittent,10360,0.51676,0.64856,0.5553,0.59775,0.10337,0.0,0.0,0.50623,0.53044,0.55246,0.65138
empirical,none,0.5,2,13,0.95,26,lumpy,2181,0.42384,0.61584,0.59346,0.48609,0.07482,0.0,0.0,0.3965,0.45327,0.44058,0.54522
empirical,quantile,0.5,2,13,0.95,26,all,29917,0.72328,0.66111,0.43982,0.6366,0.10296,0.0,0.0,0.71824,0.7287,0.6171,0.65515
empirical,quantile,0.5,2,13,0.95,26,smooth,15705,0.78684,0.6763,0.37126,0.64868,0.11065,0.0,0.0,0.78245,0.79182,0.62357,0.6761
empirical,quantile,0.5,2,13,0.95,26,erratic,1671,0.6361,0.65527,0.41434,0.6571,0.04319,0.0,0.0,0.61584,0.66066,0.59923,0.71802
empirical,quantile,0.5,2,13,0.95,26,intermittent,10360,0.51676,0.64856,0.5553,0.59775,0.10337,0.0,0.0,0.50623,0.53044,0.55246,0.65138
empirical,quantile,0.5,2,13,0.95,26,lumpy,2181,0.42384,0.61584,0.59346,0.48609,0.07482,0.0,0.0,0.3965,0.45327,0.44058,0.54522
empirical,fixed,0.5,2,13,0.95,26,all,29917,0.72239,0.66029,0.44088,0.59359,0.07968,0.01176,0.03276,0.71719,0.72774,0.57586,0.61152
empirical,fixed,0.5,2,13,0.95,26,smooth,15705,0.78591,0.67551,0.37217,0.60029,0.08487,0.01377,0.0291,0.7815,0.79093,0.58177,0.62361
empirical,fixed,0.5,2,13,0.95,26,erratic,1671,0.63576,0.65451,0.41526,0.64737,0.03839,0.0019,0.02633,0.61545,0.66023,0.5876,0.70562
empirical,fixed,0.5,2,13,0.95,26,intermittent,10360,0.51579,0.64768,0.55668,0.55957,0.07962,0.00851,0.03822,0.50526,0.52956,0.515,0.61011
empirical,fixed,0.5,2,13,0.95,26,lumpy,2181,0.42279,0.61502,0.59472,0.46089,0.06427,0.00541,0.03806,0.396,0.45256,0.41542,0.52044
empirical,dead13,0.5,2,13,0.95,26,all,29917,0.72021,0.65759,0.44439,0.55557,0.05089,0.00521,0.06505,0.71499,0.72575,0.53906,0.57279
empirical,dead13,0.5,2,13,0.95,26,smooth,15705,0.78435,0.67325,0.37476,0.56243,0.0512,0.00472,0.05043,0.77987,0.78945,0.54517,0.58419
empirical,dead13,0.5,2,13,0.95,26,erratic,1671,0.635,0.65263,0.41751,0.63154,0.03282,0.00246,0.04608,0.61453,0.65949,0.57096,0.69109
empirical,dead13,0.5,2,13,0.95,26,intermittent,10360,0.50977,0.64417,0.56223,0.50802,0.06073,0.00913,0.08446,0.49777,0.52384,0.47183,0.55316
empirical,dead13,0.5,2,13,0.95,26,lumpy,2181,0.42033,0.61229,0.59894,0.42523,0.04431,0.00576,0.09262,0.39342,0.45023,0.38106,0.48164
empirical,dead26,0.5,2,13,0.95,26,all,29917,0.72263,0.66052,0.44059,0.60126,0.0862,0.00264,0.02049,0.71744,0.72805,0.58241,0.62054
empirical,dead26,0.5,2,13,0.95,26,smooth,15705,0.7862,0.6758,0.37184,0.60898,0.09259,0.00305,0.01891,0.78179,0.7912,0.58875,0.63337
empirical,dead26,0.5,2,13,0.95,26,erratic,1671,0.63586,0.65453,0.41522,0.65046,0.03917,0.00054,0.01317,0.61556,0.66032,0.5894,0.70945
empirical,dead26,0.5,2,13,0.95,26,intermittent,10360,0.51587,0.64784,0.55643,0.56534,0.08436,0.00195,0.02317,0.50538,0.52966,0.52033,0.61607
empirical,dead26,0.5,2,13,0.95,26,lumpy,2181,0.4232,0.61527,0.59433,0.4656,0.06591,0.00161,0.02476,0.39612,0.45272,0.41976,0.52417
empirical,none,0.8,2,13,0.95,26,all,29917,0.88414,0.8467,0.19896,1.38929,0.19599,0.0,0.0,0.8804,0.88768,1.3537,1.43418
empirical,none,0.8,2,13,0.95,26,smooth,15705,0.90979,0.85275,0.16889,1.28045,0.16539,0.0,0.0,0.90665,0.91363,1.24402,1.32363
empirical,none,0.8,2,13,0.95,26,erratic,1671,0.84106,0.85218,0.17766,1.81163,0.14973,0.0,0.0,0.82532,0.85679,1.67053,1.98539
empirical,none,0.8,2,13,0.95,26,intermittent,10360,0.80814,0.84021,0.25248,1.62563,0.33785,0.0,0.0,0.79927,0.81866,1.53336,1.7119
empirical,none,0.8,2,13,0.95,26,lumpy,2181,0.74978,0.82975,0.26301,1.75183,0.36838,0.0,0.0,0.72842,0.76897,1.58965,1.91751
empirical,quantile,0.8,2,13,0.95,26,all,29917,0.88413,0.84669,0.19896,1.38929,0.19599,0.0,0.00017,0.8804,0.88767,1.3537,1.43417
empirical,quantile,0.8,2,13,0.95,26,smooth,15705,0.90979,0.85275,0.16889,1.28045,0.16539,0.0,0.0,0.90665,0.91363,1.24402,1.32363
empirical,quantile,0.8,2,13,0.95,26,erratic,1671,0.84106,0.85218,0.17766,1.81163,0.14973,0.0,0.0,0.82532,0.85679,1.67053,1.98539
empirical,quantile,0.8,2,13,0.95,26,intermittent,10360,0.80811,0.8402,0.2525,1.62561,0.33785,3e-05,0.00048,0.79925,0.81862,1.53332,1.71187
empirical,quantile,0.8,2,13,0.95,26,lumpy,2181,0.74978,0.82975,0.26301,1.75183,0.36838,0.0,0.0,0.72842,0.76897,1.58965,1.91751
empirical,fixed,0.8,2,13,0.95,26,all,29917,0.88223,0.84466,0.2016,1.29733,0.14055,0.02743,0.05779,0.87844,0.88585,1.26189,1.3352
empirical,fixed,0.8,2,13,0.95,26,smooth,15705,0.90862,0.85158,0.17023,1.20752,0.12445,0.02176,0.03629,0.90545,0.9125,1.17658,1.24546
empirical,fixed,0.8,2,13,0.95,26,erratic,1671,0.83992,0.85001,0.18028,1.74876,0.10969,0.01712,0.04129,0.82361,0.8554,1.61535,1.92184
empirical,fixed,0.8,2,13,0.95,26,intermittent,10360,0.8026,0.83715,0.25731,1.45034,0.22222,0.05356,0.08523,0.79387,0.81321,1.3787,1.52547
empirical,fixed,0.8,2,13,0.95,26,lumpy,2181,0.74585,0.82641,0.26816,1.52975,0.216,0.06433,0.09491,0.72384,0.76503,1.38151,1.69794
empirical,dead13,0.8,2,13,0.95,26,all,29917,0.87919,0.84084,0.20657,1.24729,0.10184,0.00854,0.06959,0.87553,0.88277,1.21262,1.28253
empirical,dead13,0.8,2,13,0.95,26,smooth,15705,0.90676,0.84884,0.17338,1.16146,0.08256,0.00652,0.05043,0.90363,0.91075,1.13178,1.19636
empirical,dead13,0.8,2,13,0.95,26,erratic,1671,0.83952,0.84854,0.18204,1.76355,0.12557,0.00412,0.04608,0.82357,0.85508,1.61788,1.93985
empirical,dead13,0.8,2,13,0.95,26,intermittent,10360,0.79221,0.83127,0.2666,1.34397,0.16952,0.01991,0.09604,0.78426,0.80295,1.27822,1.41114
empirical,dead13,0.8,2,13,0.95,26,lumpy,2181,0.74245,0.82277,0.27379,1.48151,0.17669,0.01412,0.09995,0.72156,0.76069,1.31988,1.64543
empirical,dead26,0.8,2,13,0.95,26,all,29917,0.88302,0.84554,0.20046,1.3232,0.15777,0.00396,0.02296,0.87929,0.88652,1.28529,1.36049
empirical,dead26,0.8,2,13,0.95,26,smooth,15705,0.90906,0.85216,0.16956,1.22515,0.1379,0.00403,0.01891,0.90599,0.91297,1.19355,1.26442
empirical,dead26,0.8,2,13,0.95,26,erratic,1671,0.84073,0.85123,0.17881,1.79786,0.14135,0.00099,0.01317,0.8248,0.85625,1.64752,1.97211
empirical,dead26,0.8,2,13,0.95,26,intermittent,10360,0.80478,0.83824,0.25559,1.49479,0.24407,0.00484,0.02896,0.79572,0.81531,1.41887,1.57311
empirical,dead26,0.8,2,13,0.95,26,lumpy,2181,0.74812,0.82814,0.26549,1.60158,0.26202,0.00563,0.03118,0.72658,0.76772,1.44589,1.77183
empirical,none,0.9,2,13,0.95,26,all,29917,0.93298,0.90944,0.11754,1.95607,0.26315,0.0,0.0,0.93051,0.93531,1.9044,2.02097
empirical,none,0.9,2,13,0.95,26,smooth,15705,0.94781,0.91286,0.09995,1.7306,0.19957,0.0,0.0,0.94569,0.95026,1.68629,1.78375
empirical,none,0.9,2,13,0.95,26,erratic,1671,0.91365,0.91948,0.09678,2.99219,0.31428,0.0,0.0,0.90337,0.92429,2.7428,3.249
empirical,none,0.9,2,13,0.95,26,intermittent,10360,0.88496,0.90396,0.15175,2.30525,0.47133,0.0,0.0,0.87749,0.89253,2.18913,2.41676
empirical,none,0.9,2,13,0.95,26,lumpy,2181,0.85989,0.90311,0.14968,2.93754,0.64474,0.0,0.0,0.84557,0.87192,2.6383,3.28132
empirical,quantile,0.9,2,13,0.95,26,all,29917,0.93288,0.90938,0.11761,1.95475,0.26293,0.00013,0.00114,0.93033,0.93522,1.904,2.02024
empirical,quantile,0.9,2,13,0.95,26,smooth,15705,0.94781,0.91286,0.09995,1.7306,0.19957,0.0,0.0,0.94569,0.95026,1.68629,1.78375
empirical,quantile,0.9,2,13,0.95,26,erratic,1671,0.91363,0.91945,0.09681,2.98974,0.31348,0.00017,0.0006,0.90334,0.92429,2.73831,3.24893
empirical,quantile,0.9,2,13,0.95,26,intermittent,10360,0.88433,0.9038,0.152,2.29767,0.47034,0.00081,0.00299,0.87693,0.89211,2.18471,2.40661
empirical,quantile,0.9,2,13,0.95,26,lumpy,2181,0.85989,0.90311,0.14968,2.93731,0.64462,3e-05,0.00092,0.84557,0.87192,2.6383,3.28095
empirical,fixed,0.9,2,13,0.95,26,all,29917,0.93046,0.90668,0.12111,1.83201,0.18752,0.03641,0.06943,0.92802,0.9328,1.78825,1.88355
empirical,fixed,0.9,2,13,0.95,26,smooth,15705,0.94655,0.91155,0.10145,1.64453,0.15096,0.02561,0.03922,0.94445,0.94914,1.60649,1.6911
empirical,fixed,0.9,2,13,0.95,26,erratic,1671,0.91143,0.91663,0.10021,2.88108,0.24245,0.02794,0.06104,0.9016,0.92236,2.63212,3.14324
empirical,fixed,0.9,2,13,0.95,26,intermittent,10360,0.87679,0.89955,0.15871,2.04278,0.30024,0.07774,0.10444,0.86962,0.88499,1.95132,2.13852
empirical,fixed,0.9,2,13,0.95,26,lumpy,2181,0.85349,0.89794,0.15766,2.54065,0.37522,0.11695,0.12701,0.83961,0.86588,2.27651,2.839
empirical,dead13,0.9,2,13,0.95,26,all,29917,0.9274,0.90271,0.12626,1.78113,0.14595,0.0102,0.06979,0.9249,0.92973,1.73573,1.83294
empirical,dead13,0.9,2,13,0.95,26,smooth,15705,0.94463,0.90862,0.10481,1.59568,0.10568,0.00745,0.05043,0.94243,0.9473,1.5585,1.63723
empirical,dead13,0.9,2,13,0.95,26,erratic,1671,0.91199,0.91573,0.10129,2.92665,0.27727,0.00533,0.04608,0.90165,0.9228,2.68383,3.19552
empirical,dead13,0.9,2,13,0.95,26,intermittent,10360,0.86594,0.89332,0.16857,1.92487,0.23679,0.02465,0.09643,0.85869,0.87513,1.8446,2.01073
empirical,dead13,0.9,2,13,0.95,26,lumpy,2181,0.85051,0.89481,0.16249,2.50533,0.32664,0.01967,0.10087,0.8368,0.86255,2.24295,2.79498
empirical,dead26,0.9,2,13,0.95,26,all,29917,0.93159,0.90798,0.11942,1.873,0.21312,0.00461,0.0232,0.9292,0.93412,1.82474,1.93014
empirical,dead26,0.9,2,13,0.95,26,smooth,15705,0.94706,0.91225,0.10065,1.66842,0.16826,0.00452,0.01891,0.94498,0.94966,1.62797,1.71596
empirical,dead26,0.9,2,13,0.95,26,erratic,1671,0.91329,0.9185,0.09795,2.97383,0.30315,0.00133,0.01317,0.90316,0.92402,2.72883,3.23183
empirical,dead26,0.9,2,13,0.95,26,intermittent,10360,0.88002,0.90128,0.15598,2.11788,0.33455,0.00605,0.02963,0.87257,0.8885,2.02491,2.22377
empirical,dead26,0.9,2,13,0.95,26,lumpy,2181,0.85724,0.90105,0.15287,2.68794,0.4629,0.0084,0.03118,0.84292,0.86977,2.41493,3.02125
empirical,none,0.95,2,13,0.95,26,all,29917,0.95863,0.9434,0.07346,2.51608,0.34561,0.0,0.0,0.95689,0.9604,2.4488,2.59032
empirical,none,0.95,2,13,0.95,26,smooth,15705,0.9679,0.94561,0.06238,2.17508,0.23422,0.0,0.0,0.9664,0.9695,2.12331,2.23622
empirical,none,0.95,2,13,0.95,26,erratic,1671,0.95249,0.95338,0.05604,4.27335,0.65132,0.0,0.0,0.94609,0.95963,3.93122,4.64217
empirical,none,0.95,2,13,0.95,26,intermittent,10360,0.92476,0.93855,0.0971,2.90182,0.58357,0.0,0.0,0.9182,0.9311,2.77023,3.03379
empirical,none,0.95,2,13,0.95,26,lumpy,2181,0.91567,0.94285,0.08828,4.16757,1.0475,0.0,0.0,0.90482,0.92493,3.73552,4.67573
empirical,quantile,0.95,2,13,0.95,26,all,29917,0.95848,0.94328,0.07361,2.5135,0.3449,0.0002,0.00214,0.95679,0.96028,2.44685,2.58761
empirical,quantile,0.95,2,13,0.95,26,smooth,15705,0.9679,0.94561,0.06238,2.17508,0.23422,0.0,0.0,0.9664,0.9695,2.12331,2.23622
empirical,quantile,0.95,2,13,0.95,26,erratic,1671,0.95249,0.95338,0.05604,4.26959,0.6498,0.00026,0.0006,0.94609,0.95963,3.93113,4.63839
empirical,quantile,0.95,2,13,0.95,26,intermittent,10360,0.92377,0.93824,0.09759,2.88761,0.58001,0.00117,0.00502,0.91731,0.93,2.75939,3.01749
empirical,quantile,0.95,2,13,0.95,26,lumpy,2181,0.91556,0.94273,0.08847,4.16179,1.04546,0.00037,0.00504,0.90476,0.92479,3.7328,4.66309
empirical,fixed,0.95,2,13,0.95,26,all,29917,0.95571,0.94013,0.07771,2.35543,0.24474,0.04628,0.08102,0.95408,0.95747,2.29723,2.41977
empirical,fixed,0.95,2,13,0.95,26,smooth,15705,0.96659,0.94422,0.06398,2.07565,0.17764,0.02899,0.04292,0.96509,0.9683,2.02957,2.13102
empirical,fixed,0.95,2,13,0.95,26,erratic,1671,0.94927,0.94927,0.06098,4.04072,0.48413,0.0585,0.08498,0.94281,0.95615,3.72238,4.41217
empirical,fixed,0.95,2,13,0.95,26,intermittent,10360,0.91509,0.93322,0.10551,2.56732,0.36571,0.0994,0.12104,0.90882,0.92177,2.46637,2.67376
empirical,fixed,0.95,2,13,0.95,26,lumpy,2181,0.90708,0.93643,0.0982,3.57648,0.63105,0.17005,0.16231,0.89655,0.91622,3.20326,3.99702
empirical,dead13,0.95,2,13,0.95,26,all,29917,0.95272,0.93617,0.08284,2.31326,0.20838,0.01161,0.07029,0.95094,0.95454,2.25683,2.37809
empirical,dead13,0.95,2,13,0.95,26,smooth,15705,0.96465,0.9412,0.06744,2.02546,0.12967,0.00827,0.05043,0.96305,0.96639,1.97878,2.07828
empirical,dead13,0.95,2,13,0.95,26,erratic,1671,0.95075,0.94938,0.06084,4.19267,0.60415,0.00648,0.04608,0.9444,0.95772,3.85264,4.5736
empirical,dead13,0.95,2,13,0.95,26,intermittent,10360,0.90417,0.92693,0.11545,2.44765,0.29882,0.02818,0.09768,0.89774,0.91164,2.35378,2.55038
empirical,dead13,0.95,2,13,0.95,26,lumpy,2181,0.90496,0.93373,0.10238,3.58285,0.60772,0.0256,0.10179,0.89447,0.91376,3.20299,3.99399
empirical,dead26,0.95,2,13,0.95,26,all,29917,0.9571,0.94181,0.07552,2.4191,0.286,0.0052,0.02333,0.95549,0.95897,2.35755,2.48678
empirical,dead26,0.95,2,13,0.95,26,smooth,15705,0.96715,0.945,0.06308,2.10641,0.19936,0.00498,0.01891,0.96558,0.96883,2.05779,2.16494
empirical,dead26,0.95,2,13,0.95,26,erratic,1671,0.95211,0.95242,0.05718,4.25206,0.63849,0.00159,0.01317,0.94568,0.95909,3.9057,4.62754
empirical,dead26,0.95,2,13,0.95,26,intermittent,10360,0.91897,0.93552,0.10188,2.67271,0.41536,0.00704,0.02992,0.91231,0.92515,2.56342,2.79757
empirical,dead26,0.95,2,13,0.95,26,lumpy,2181,0.91244,0.94058,0.09179,3.83355,0.79769,0.01073,0.03164,0.90183,0.92181,3.43337,4.30277
empirical,none,0.99,2,13,0.95,26,all,29917,0.98063,0.97339,0.03453,3.50879,0.52358,0.0,0.0,0.97967,0.98167,3.40896,3.60769
empirical,none,0.99,2,13,0.95,26,smooth,15705,0.98486,0.97454,0.0292,2.97668,0.30963,0.0,0.0,0.9839,0.98579,2.90004,3.05673
empirical,none,0.99,2,13,0.95,26,erratic,1671,0.98037,0.98003,0.024,6.44643,1.41269,0.0,0.0,0.97639,0.98436,5.95339,6.97467
empirical,none,0.99,2,13,0.95,26,intermittent,10360,0.96374,0.97027,0.04697,3.9321,0.79461,0.0,0.0,0.96052,0.96725,3.76587,4.11011
empirical,none,0.99,2,13,0.95,26,lumpy,2181,0.96105,0.97487,0.03883,6.40262,1.95842,0.0,0.0,0.95455,0.96664,5.76451,7.13266
empirical,quantile,0.99,2,13,0.95,26,all,29917,0.97954,0.97293,0.03513,3.49723,0.51702,0.00162,0.00996,0.97843,0.98075,3.39783,3.59515
empirical,quantile,0.99,2,13,0.95,26,smooth,15705,0.98486,0.97454,0.0292,2.97663,0.30961,1e-05,0.00025,0.9839,0.98577,2.9,3.05671
empirical,quantile,0.99,2,13,0.95,26,erratic,1671,0.98013,0.97992,0.02413,6.4023,1.39094,0.00444,0.01317,0.97607,0.98433,5.9213,6.88709
empirical,quantile,0.99,2,13,0.95,26,intermittent,10360,0.95709,0.96916,0.04872,3.90288,0.78139,0.00698,0.01979,0.95214,0.96214,3.73742,4.06819
empirical,quantile,0.99,2,13,0.95,26,lumpy,2181,0.95816,0.97393,0.04028,6.28989,1.8708,0.00701,0.03072,0.94993,0.9645,5.67879,6.97754
empirical,fixed,0.99,2,13,0.95,26,all,29917,0.97714,0.96924,0.03992,3.25991,0.35824,0.06828,0.10372,0.97608,0.97823,3.17928,3.34523
empirical,fixed,0.99,2,13,0.95,26,smooth,15705,0.98348,0.97298,0.03099,2.84933,0.23565,0.03575,0.04877,0.98247,0.98451,2.7834,2.9194
empirical,fixed,0.99,2,13,0.95,26,erratic,1671,0.97513,0.9737,0.03162,5.83415,0.94108,0.14974,0.14722,0.97091,0.97938,5.40877,6.26764
empirical,fixed,0.99,2,13,0.95,26,intermittent,10360,0.95253,0.96367,0.0574,3.46908,0.49673,0.13675,0.15261,0.94886,0.95674,3.34314,3.62051
empirical,fixed,0.99,2,13,0.95,26,lumpy,2181,0.9487,0.96536,0.05351,5.25793,1.07381,0.29733,0.23384,0.94207,0.95492,4.75063,5.77769
empirical,dead13,0.99,2,13,0.95,26,all,29917,0.97444,0.96568,0.04454,3.26177,0.35277,0.01378,0.07033,0.97325,0.97559,3.1751,3.35163
empirical,dead13,0.99,2,13,0.95,26,smooth,15705,0.98156,0.96995,0.03447,2.80142,0.18553,0.00957,0.05043,0.98047,0.98265,2.73129,2.87627
empirical,dead13,0.99,2,13,0.95,26,erratic,1671,0.9785,0.97587,0.029,6.34586,1.35321,0.00831,0.04608,0.97448,0.98245,5.85184,6.87399
empirical,dead13,0.99,2,13,0.95,26,intermittent,10360,0.94183,0.9577,0.06684,3.36608,0.42899,0.03355,0.09778,0.937,0.9465,3.23883,3.50999
empirical,dead13,0.99,2,13,0.95,26,lumpy,2181,0.94917,0.96505,0.05399,5.59627,1.326,0.03389,0.10179,0.94303,0.95454,5.03079,6.17476
empirical,dead26,0.99,2,13,0.95,26,all,29917,0.97901,0.97165,0.03679,3.38984,0.4492,0.00623,0.0235,0.97792,0.9801,3.29527,3.4857
empirical,dead26,0.99,2,13,0.95,26,smooth,15705,0.98412,0.97393,0.02991,2.89682,0.26935,0.00585,0.01891,0.98315,0.98514,2.82929,2.97145
empirical,dead26,0.99,2,13,0.95,26,erratic,1671,0.97998,0.979,0.02524,6.41994,1.3969,0.00204,0.01317,0.97594,0.98381,5.92807,6.95103
empirical,dead26,0.99,2,13,0.95,26,intermittent,10360,0.95755,0.96688,0.05233,3.64158,0.57864,0.00862,0.03041,0.95398,0.9613,3.504,3.81159
empirical,dead26,0.99,2,13,0.95,26,lumpy,2181,0.95702,0.97232,0.04276,5.93783,1.60049,0.01434,0.03164,0.95065,0.96292,5.37181,6.56773
tsb,none,0.5,2,13,0.95,26,all,29917,0.81982,0.73961,0.33794,0.71177,0.05423,0.0,0.0,0.8175,0.82239,0.69538,0.72842
tsb,none,0.5,2,13,0.95,26,smooth,15705,0.83757,0.71603,0.3257,0.62575,0.04198,0.0,0.0,0.83502,0.84021,0.61206,0.64384
tsb,none,0.5,2,13,0.95,26,erratic,1671,0.79019,0.7279,0.32705,0.88728,0.04374,0.0,0.0,0.78237,0.79889,0.8355,0.93592
tsb,none,0.5,2,13,0.95,26,intermittent,10360,0.76324,0.76942,0.36433,0.97479,0.1072,0.0,0.0,0.75747,0.77029,0.91549,1.0383
tsb,none,0.5,2,13,0.95,26,lumpy,2181,0.74426,0.77675,0.34488,1.04821,0.12065,0.0,0.0,0.73479,0.75483,0.96774,1.13995
tsb,quantile,0.5,2,13,0.95,26,all,29917,0.81553,0.73557,0.34319,0.64572,0.04525,0.0104,0.12491,0.81335,0.81826,0.6334,0.65832
tsb,quantile,0.5,2,13,0.95,26,smooth,15705,0.83426,0.7122,0.33009,0.5759,0.03567,0.00789,0.10411,0.83162,0.83705,0.56404,0.59005
tsb,quantile,0.5,2,13,0.95,26,erratic,1671,0.7876,0.72401,0.33172,0.84275,0.03901,0.00966,0.13285,0.77976,0.79679,0.79298,0.88782
tsb,quantile,0.5,2,13,0.95,26,intermittent,10360,0.75309,0.76511,0.37114,0.82297,0.0827,0.0221,0.14402,0.74702,0.76153,0.79336,0.85515
tsb,quantile,0.5,2,13,0.95,26,lumpy,2181,0.73987,0.77235,0.35167,0.94635,0.10979,0.01666,0.1779,0.73017,0.75039,0.88173,1.02175
tsb,fixed,0.5,2,13,0.95,26,all,29917,0.8197,0.73945,0.33814,0.71018,0.05418,0.00053,0.01718,0.81738,0.82228,0.69398,0.72664
tsb,fixed,0.5,2,13,0.95,26,smooth,15705,0.83751,0.71596,0.32578,0.62478,0.04195,0.00032,0.01535,0.83496,0.84015,0.61114,0.64279
tsb,fixed,0.5,2,13,0.95,26,erratic,1671,0.79017,0.72782,0.32714,0.88649,0.04361,0.00029,0.01137,0.78236,0.79887,0.83457,0.93503
tsb,fixed,0.5,2,13,0.95,26,intermittent,10360,0.76279,0.76919,0.36469,0.97019,0.10716,0.0016,0.01988,0.75701,0.76981,0.91055,1.03376
tsb,fixed,0.5,2,13,0.95,26,lumpy,2181,0.74393,0.77629,0.34559,1.04408,0.11999,0.00123,0.02201,0.73446,0.75463,0.96386,1.13435
tsb,dead13,0.5,2,13,0.95,26,all,29917,0.81785,0.73703,0.34129,0.6866,0.0522,0.00449,0.06488,0.81564,0.82041,0.67192,0.70102
tsb,dead13,0.5,2,13,0.95,26,smooth,15705,0.83627,0.71387,0.32818,0.60694,0.04022,0.0033,0.04928,0.83374,0.83903,0.59357,0.62329
tsb,dead13,0.5,2,13,0.95,26,erratic,1671,0.78942,0.72594,0.3294,0.87326,0.04232,0.00247,0.04608,0.7813,0.79822,0.8211,0.9197
tsb,dead13,0.5,2,13,0.95,26,intermittent,10360,0.75737,0.7662,0.36942,0.91426,0.10385,0.01097,0.086,0.75165,0.76545,0.86737,0.97317
tsb,dead13,0.5,2,13,0.95,26,lumpy,2181,0.74152,0.77371,0.34958,1.00992,0.11659,0.00752,0.09124,0.73212,0.75214,0.93305,1.09749
tsb,dead26,0.5,2,13,0.95,26,all,29917,0.81979,0.73956,0.338,0.7111,0.05421,0.00022,0.00999,0.81747,0.82236,0.69465,0.72766
tsb,dead26,0.5,2,13,0.95,26,smooth,15705,0.83754,0.716,0.32573,0.62516,0.04197,0.0002,0.01051,0.83499,0.84019,0.61142,0.64321
tsb,dead26,0.5,2,13,0.95,26,erratic,1671,0.79018,0.72782,0.32714,0.88695,0.04364,6e-05,0.00658,0.78236,0.79888,0.83524,0.93538
tsb,dead26,0.5,2,13,0.95,26,intermittent,10360,0.76318,0.76936,0.36442,0.97379,0.10718,0.00039,0.00985,0.7574,0.77024,0.91451,1.03718
tsb,dead26,0.5,2,13,0.95,26,lumpy,2181,0.74421,0.77669,0.34498,1.04663,0.12054,0.00028,0.00963,0.73473,0.75481,0.96526,1.13769
tsb,none,0.8,2,13,0.95,26,all,29917,0.87372,0.84107,0.20626,0.95692,0.06884,0.0,0.0,0.8719,0.87587,0.93632,0.97611
tsb,none,0.8,2,13,0.95,26,smooth,15705,0.88652,0.82495,0.20077,0.83338,0.05171,0.0,0.0,0.8845,0.88898,0.81722,0.85545
tsb,none,0.8,2,13,0.95,26,erratic,1671,0.83525,0.81318,0.22455,1.10623,0.05657,0.0,0.0,0.8264,0.84348,1.04503,1.16914
tsb,none,0.8,2,13,0.95,26,intermittent,10360,0.84243,0.86681,0.21045,1.38082,0.13945,0.0,0.0,0.83721,0.84877,1.31424,1.44862
tsb,none,0.8,2,13,0.95,26,lumpy,2181,0.81889,0.85628,0.22202,1.48791,0.17114,0.0,0.0,0.81125,0.8284,1.3759,1.61568
tsb,quantile,0.8,2,13,0.95,26,all,29917,0.86888,0.83613,0.21268,0.87229,0.05623,0.01301,0.15182,0.86683,0.87114,0.85564,0.88791
tsb,quantile,0.8,2,13,0.95,26,smooth,15705,0.88285,0.82051,0.20587,0.77053,0.04269,0.00957,0.12047,0.88072,0.88525,0.75548,0.78908
tsb,quantile,0.8,2,13,0.95,26,erratic,1671,0.8322,0.80885,0.22975,1.04747,0.04973,0.01241,0.16697,0.82318,0.84053,0.99113,1.10373
tsb,quantile,0.8,2,13,0.95,26,intermittent,10360,0.83083,0.86104,0.21956,1.18671,0.10712,0.02837,0.17992,0.82457,0.83793,1.14765,1.22916
tsb,quantile,0.8,2,13,0.95,26,lumpy,2181,0.8134,0.85111,0.23001,1.33594,0.15128,0.02361,0.23246,0.80543,0.82308,1.2487,1.44362
tsb,fixed,0.8,2,13,0.95,26,all,29917,0.87352,0.84077,0.20665,0.95416,0.06869,0.00083,0.02821,0.87166,0.87568,0.93368,0.97308
tsb,fixed,0.8,2,13,0.95,26,smooth,15705,0.88643,0.8248,0.20095,0.83174,0.05164,0.00048,0.02165,0.88441,0.88888,0.81562,0.85349
tsb,fixed,0.8,2,13,0.95,26,erratic,1671,0.83519,0.81301,0.22474,1.10501,0.05636,0.00043,0.01735,0.82636,0.84343,1.04397,1.16706
tsb,fixed,0.8,2,13,0.95,26,intermittent,10360,0.84171,0.86634,0.21119,1.37278,0.13919,0.00252,0.03755,0.83636,0.8481,1.3062,1.4389
tsb,fixed,0.8,2,13,0.95,26,lumpy,2181,0.81834,0.85557,0.22312,1.4797,0.16949,0.00217,0.03943,0.81072,0.82805,1.37006,1.60561
tsb,dead13,0.8,2,13,0.95,26,all,29917,0.87146,0.83783,0.21047,0.92577,0.06553,0.00535,0.06979,0.86961,0.87358,0.90646,0.94282
tsb,dead13,0.8,2,13,0.95,26,smooth,15705,0.88507,0.82245,0.20365,0.81043,0.049,0.00386,0.05043,0.88306,0.88751,0.79349,0.8304
tsb,dead13,0.8,2,13,0.95,26,erratic,1671,0.83437,0.81111,0.22703,1.08887,0.05461,0.00297,0.04608,0.82522,0.84273,1.03085,1.1465
tsb,dead13,0.8,2,13,0.95,26,intermittent,10360,0.8356,0.86232,0.21755,1.30543,0.13326,0.01319,0.09653,0.82982,0.84261,1.25116,1.36691
tsb,dead13,0.8,2,13,0.95,26,lumpy,2181,0.81563,0.85274,0.2275,1.43506,0.16385,0.00985,0.10041,0.80782,0.82533,1.33214,1.5574
tsb,dead26,0.8,2,13,0.95,26,all,29917,0.87366,0.84097,0.20639,0.95572,0.06878,0.00032,0.01551,0.87185,0.87583,0.93515,0.97478
tsb,dead26,0.8,2,13,0.95,26,smooth,15705,0.88648,0.82488,0.20085,0.83237,0.05168,0.00028,0.01541,0.88446,0.88893,0.81629,0.8541
tsb,dead26,0.8,2,13,0.95,26,erratic,1671,0.83522,0.8131,0.22465,1.10568,0.05641,0.0001,0.01137,0.82636,0.84346,1.04455,1.16875
tsb,dead26,0.8,2,13,0.95,26,intermittent,10360,0.84231,0.86666,0.21069,1.37863,0.1393,0.00062,0.01631,0.83712,0.84863,1.31188,1.44655
tsb,dead26,0.8,2,13,0.95,26,lumpy,2181,0.81882,0.85618,0.22218,1.48493,0.17089,0.00048,0.01559,0.81123,0.82838,1.37431,1.6118
tsb,none,0.9,2,13,0.95,26,all,29917,0.89574,0.88232,0.15272,1.11376,0.07836,0.0,0.0,0.89399,0.8978,1.09023,1.1349
tsb,none,0.9,2,13,0.95,26,smooth,15705,0.90654,0.87018,0.1489,0.96602,0.05759,0.0,0.0,0.90456,0.90889,0.94673,0.99033
tsb,none,0.9,2,13,0.95,26,erratic,1671,0.85512,0.84878,0.18175,1.23866,0.06463,0.0,0.0,0.84624,0.86349,1.17106,1.31339
tsb,none,0.9,2,13,0.95,26,intermittent,10360,0.87369,0.90446,0.15096,1.64703,0.16272,0.0,0.0,0.86888,0.8798,1.57389,1.71697
tsb,none,0.9,2,13,0.95,26,lumpy,2181,0.85034,0.89029,0.16948,1.76341,0.20512,0.0,0.0,0.84276,0.85849,1.62854,1.9103
tsb,quantile,0.9,2,13,0.95,26,all,29917,0.8906,0.87698,0.15966,1.01761,0.06309,0.01458,0.16586,0.8887,0.89286,0.99845,1.03593
tsb,quantile,0.9,2,13,0.95,26,smooth,15705,0.90268,0.86551,0.15425,0.89548,0.0467,0.01055,0.12811,0.90079,0.90493,0.87866,0.91662
tsb,quantile,0.9,2,13,0.95,26,erratic,1671,0.85181,0.84435,0.18708,1.17133,0.05642,0.01399,0.17415,0.8425,0.86066,1.10928,1.23664
tsb,quantile,0.9,2,13,0.95,26,intermittent,10360,0.86133,0.89813,0.16097,1.42537,0.12402,0.03227,0.20183,0.85491,0.86781,1.38597,1.46984
tsb,quantile,0.9,2,13,0.95,26,lumpy,2181,0.84421,0.88414,0.17898,1.57813,0.17813,0.02817,0.26043,0.83646,0.85223,1.4718,1.70407
tsb,fixed,0.9,2,13,0.95,26,all,29917,0.8955,0.88189,0.15329,1.11007,0.07807,0.00105,0.03513,0.89375,0.89757,1.08658,1.13106
tsb,fixed,0.9,2,13,0.95,26,smooth,15705,0.90643,0.86998,0.14912,0.96393,0.05747,0.00058,0.02375,0.90446,0.90879,0.94455,0.98808
tsb,fixed,0.9,2,13,0.95,26,erratic,1671,0.85504,0.84859,0.18198,1.23708,0.06433,0.00052,0.01855,0.84614,0.86342,1.17013,1.31109
tsb,fixed,0.9,2,13,0.95,26,intermittent,10360,0.87277,0.90375,0.15209,1.63588,0.16208,0.00329,0.05174,0.86783,0.87903,1.56246,1.70645
tsb,fixed,0.9,2,13,0.95,26,lumpy,2181,0.8496,0.88929,0.17102,1.75172,0.2025,0.00294,0.05089,0.84209,0.85779,1.61861,1.89766
tsb,dead13,0.9,2,13,0.95,26,all,29917,0.89333,0.87878,0.15732,1.07899,0.07413,0.00583,0.07023,0.89161,0.89537,1.05742,1.0982
tsb,dead13,0.9,2,13,0.95,26,smooth,15705,0.905,0.86756,0.1519,0.9407,0.05426,0.00417,0.05043,0.903,0.90735,0.92084,0.96297
tsb,dead13,0.9,2,13,0.95,26,erratic,1671,0.85418,0.84655,0.18443,1.21942,0.06228,0.00323,0.04608,0.8451,0.86263,1.1559,1.28866
tsb,dead13,0.9,2,13,0.95,26,intermittent,10360,0.86636,0.89943,0.15891,1.56199,0.15407,0.01447,0.09749,0.86085,0.87246,1.50221,1.6275
tsb,dead13,0.9,2,13,0.95,26,lumpy,2181,0.84672,0.88617,0.17585,1.70117,0.19549,0.01118,0.10179,0.83881,0.85482,1.58036,1.84527
tsb,dead26,0.9,2,13,0.95,26,all,29917,0.89567,0.88218,0.15292,1.11213,0.07821,0.00039,0.01832,0.89392,0.89773,1.08861,1.13298
tsb,dead26,0.9,2,13,0.95,26,smooth,15705,0.90648,0.87009,0.149,0.96473,0.05751,0.00032,0.01713,0.9045,0.90884,0.94541,0.98899
tsb,dead26,0.9,2,13,0.95,26,erratic,1671,0.85508,0.8487,0.18185,1.23793,0.06441,0.00012,0.01257,0.8462,0.86346,1.17031,1.3124
tsb,dead26,0.9,2,13,0.95,26,intermittent,10360,0.87352,0.90423,0.15133,1.64368,0.16232,0.0008,0.02085,0.86873,0.87962,1.57093,1.71369
tsb,dead26,0.9,2,13,0.95,26,lumpy,2181,0.85022,0.89008,0.1698,1.75929,0.20464,0.00064,0.01926,0.84269,0.85836,1.62495,1.90538
tsb,none,0.95,2,13,0.95,26,all,29917,0.91082,0.90909,0.11798,1.25753,0.08723,0.0,0.0,0.90898,0.91289,1.23095,1.2832
tsb,none,0.95,2,13,0.95,26,smooth,15705,0.92027,0.90002,0.11467,1.08772,0.06296,0.0,0.0,0.91832,0.92259,1.06551,1.11349
tsb,none,0.95,2,13,0.95,26,erratic,1671,0.86962,0.87308,0.15255,1.35761,0.07202,0.0,0.0,0.86102,0.87788,1.28497,1.44149
tsb,none,0.95,2,13,0.95,26,intermittent,10360,0.89443,0.92795,0.11385,1.89253,0.1849,0.0,0.0,0.88965,0.90023,1.81409,1.97325
tsb,none,0.95,2,13,0.95,26,lumpy,2181,0.87203,0.91243,0.13529,2.01303,0.23732,0.0,0.0,0.86466,0.88075,1.86115,2.18074
tsb,quantile,0.95,2,13,0.95,26,all,29917,0.90543,0.90345,0.12531,1.15119,0.06945,0.01597,0.17562,0.9037,0.90761,1.12958,1.17298
tsb,quantile,0.95,2,13,0.95,26,smooth,15705,0.91625,0.89517,0.12024,1.01043,0.0503,0.0114,0.13238,0.91433,0.91854,0.99192,1.03369
tsb,quantile,0.95,2,13,0.95,26,erratic,1671,0.86606,0.86856,0.15798,1.28247,0.06236,0.0154,0.18312,0.85702,0.87467,1.21675,1.35386
tsb,quantile,0.95,2,13,0.95,26,intermittent,10360,0.88139,0.92119,0.12453,1.6463,0.1403,0.03576,0.21805,0.87497,0.88771,1.60065,1.69391
tsb,quantile,0.95,2,13,0.95,26,lumpy,2181,0.86541,0.90555,0.14591,1.79772,0.20333,0.03222,0.27969,0.85797,0.87291,1.67373,1.94034
tsb,fixed,0.95,2,13,0.95,26,all,29917,0.91051,0.90848,0.11878,1.25289,0.08678,0.00127,0.04075,0.90868,0.91258,1.22633,1.27839
tsb,fixed,0.95,2,13,0.95,26,smooth,15705,0.92013,0.89975,0.11498,1.0852,0.06279,0.00068,0.02592,0.91818,0.92242,1.06311,1.1109
tsb,fixed,0.95,2,13,0.95,26,erratic,1671,0.86951,0.87283,0.15285,1.35567,0.07161,0.00061,0.02035,0.86088,0.87775,1.2833,1.43931
tsb,fixed,0.95,2,13,0.95,26,intermittent,10360,0.89333,0.92689,0.11552,1.8781,0.18377,0.00408,0.06207,0.88854,0.8992,1.79871,1.95964
tsb,fixed,0.95,2,13,0.95,26,lumpy,2181,0.87108,0.91118,0.13722,1.99745,0.23334,0.00379,0.0619,0.86346,0.87985,1.8466,2.16312
tsb,dead13,0.95,2,13,0.95,26,all,29917,0.90828,0.90534,0.12285,1.21964,0.08219,0.00624,0.07029,0.90663,0.91031,1.19516,1.24255
tsb,dead13,0.95,2,13,0.95,26,smooth,15705,0.91866,0.89732,0.11777,1.06033,0.05907,0.00443,0.05043,0.91665,0.92091,1.03884,1.08306
tsb,dead13,0.95,2,13,0.95,26,erratic,1671,0.86862,0.87087,0.1552,1.33662,0.06932,0.00347,0.04608,0.85981,0.87712,1.26776,1.41364
tsb,dead13,0.95,2,13,0.95,26,intermittent,10360,0.88666,0.92249,0.12247,1.79935,0.17433,0.01554,0.09768,0.88129,0.89258,1.73221,1.86734
tsb,dead13,0.95,2,13,0.95,26,lumpy,2181,0.86812,0.90803,0.14208,1.94301,0.22534,0.01228,0.10179,0.86017,0.87666,1.80329,2.10898
tsb,dead26,0.95,2,13,0.95,26,all,29917,0.91073,0.90891,0.11822,1.25552,0.087,0.00044,0.01985,0.90889,0.91282,1.22895,1.28092
tsb,dead26,0.95,2,13,0.95,26,smooth,15705,0.9202,0.89992,0.11478,1.08617,0.06284,0.00036,0.01815,0.91827,0.92251,1.0639,1.11188
tsb,dead26,0.95,2,13,0.95,26,erratic,1671,0.86957,0.87299,0.15265,1.35671,0.07174,0.00015,0.01317,0.86096,0.87782,1.28381,1.44034
tsb,dead26,0.95,2,13,0.95,26,intermittent,10360,0.89422,0.92762,0.11436,1.88834,0.1843,0.00093,0.02297,0.88945,0.90003,1.81009,1.96912
tsb,dead26,0.95,2,13,0.95,26,lumpy,2181,0.8719,0.9122,0.13564,2.00757,0.23631,0.00077,0.02247,0.86448,0.88062,1.8559,2.17416
tsb,none,0.99,2,13,0.95,26,all,29917,0.93237,0.94401,0.07267,1.55989,0.10724,0.0,0.0,0.93063,0.93441,1.52949,1.59155
tsb,none,0.99,2,13,0.95,26,smooth,15705,0.93991,0.93877,0.07022,1.34333,0.07432,0.0,0.0,0.9379,0.94228,1.31595,1.37476
tsb,none,0.99,2,13,0.95,26,erratic,1671,0.8924,0.91138,0.10652,1.60287,0.08761,0.0,0.0,0.88428,0.90097,1.51515,1.69278
tsb,none,0.99,2,13,0.95,26,intermittent,10360,0.92267,0.95751,0.06713,2.41321,0.23905,0.0,0.0,0.91812,0.92816,2.32348,2.50575
tsb,none,0.99,2,13,0.95,26,lumpy,2181,0.9039,0.94256,0.08873,2.53786,0.31147,0.0,0.0,0.89683,0.91137,2.35313,2.74751
tsb,quantile,0.99,2,13,0.95,26,all,29917,0.92649,0.93769,0.08086,1.43085,0.08298,0.01894,0.20447,0.92483,0.92858,1.40436,1.46
tsb,quantile,0.99,2,13,0.95,26,smooth,15705,0.93557,0.93354,0.07622,1.25163,0.05742,0.01317,0.14893,0.93359,0.93798,1.2275,1.27844
tsb,quantile,0.99,2,13,0.95,26,erratic,1671,0.88837,0.90615,0.1128,1.51055,0.0742,0.01835,0.20766,0.87976,0.89706,1.43278,1.59324
tsb,quantile,0.99,2,13,0.95,26,intermittent,10360,0.90831,0.94957,0.07968,2.10987,0.1782,0.04345,0.26284,0.90224,0.91463,2.04868,2.17503
tsb,quantile,0.99,2,13,0.95,26,lumpy,2181,0.89643,0.93533,0.0999,2.25263,0.25747,0.04124,0.32462,0.88859,0.90387,2.0941,2.4291
tsb,fixed,0.99,2,13,0.95,26,all,29917,0.93194,0.94304,0.07392,1.55269,0.10634,0.00186,0.05382,0.9302,0.93399,1.52247,1.58377
tsb,fixed,0.99,2,13,0.95,26,smooth,15705,0.93973,0.93842,0.07063,1.33985,0.07407,0.0009,0.02846,0.93773,0.94214,1.31204,1.37045
tsb,fixed,0.99,2,13,0.95,26,erratic,1671,0.89226,0.91108,0.10688,1.60016,0.08704,0.00082,0.02274,0.88411,0.90081,1.51221,1.69024
tsb,fixed,0.99,2,13,0.95,26,intermittent,10360,0.92105,0.95567,0.07004,2.38892,0.23607,0.00641,0.09015,0.91634,0.92653,2.29999,2.48006
tsb,fixed,0.99,2,13,0.95,26,lumpy,2181,0.90246,0.94083,0.0914,2.51168,0.30407,0.00598,0.08757,0.89506,0.91032,2.3261,2.71855
tsb,dead13,0.99,2,13,0.95,26,all,29917,0.92961,0.93974,0.07821,1.51563,0.10046,0.00704,0.07033,0.92788,0.93162,1.48786,1.54643
tsb,dead13,0.99,2,13,0.95,26,smooth,15705,0.93818,0.93584,0.07358,1.31185,0.06933,0.00494,0.05043,0.93608,0.94067,1.28458,1.33958
tsb,dead13,0.99,2,13,0.95,26,erratic,1671,0.89131,0.90901,0.10936,1.57864,0.0843,0.00393,0.04608,0.88293,0.90005,1.49581,1.66744
tsb,dead13,0.99,2,13,0.95,26,intermittent,10360,0.9141,0.95103,0.07738,2.3028,0.22367,0.0177,0.09778,0.90916,0.92001,2.22839,2.38134
tsb,dead13,0.99,2,13,0.95,26,lumpy,2181,0.89952,0.93775,0.09617,2.45075,0.29402,0.01452,0.10179,0.89183,0.90786,2.27171,2.65655
tsb,dead26,0.99,2,13,0.95,26,all,29917,0.93225,0.94374,0.07302,1.55702,0.10682,0.00056,0.02209,0.93052,0.9343,1.52657,1.5887
tsb,dead26,0.99,2,13,0.95,26,smooth,15705,0.93983,0.93865,0.07036,1.34128,0.07415,0.00045,0.01866,0.93784,0.94222,1.31372,1.3722
tsb,dead26,0.99,2,13,0.95,26,erratic,1671,0.89233,0.91121,0.10672,1.60172,0.08726,0.00019,0.01317,0.88419,0.90089,1.51417,1.69143
tsb,dead26,0.99,2,13,0.95,26,intermittent,10360,0.92236,0.957,0.06794,2.40651,0.23764,0.00125,0.02732,0.91783,0.92781,2.31628,2.49905
tsb,dead26,0.99,2,13,0.95,26,lumpy,2181,0.90371,0.94227,0.08918,2.52927,0.30939,0.00107,0.02889,0.89659,0.91122,2.34486,2.73671
tsb_nb,none,0.5,2,13,0.95,26,all,29917,0.79651,0.71536,0.36941,0.65031,0.04829,0.0,0.0,0.79355,0.79943,0.63526,0.66532
tsb_nb,none,0.5,2,13,0.95,26,smooth,15705,0.82037,0.69541,0.34935,0.58159,0.03799,0.0,0.0,0.8176,0.82328,0.56838,0.59822
tsb_nb,none,0.5,2,13,0.95,26,erratic,1671,0.7177,0.63653,0.43687,0.7195,0.03409,0.0,0.0,0.70583,0.72935,0.66894,0.76724
tsb_nb,none,0.5,2,13,0.95,26,intermittent,10360,0.7443,0.75594,0.38563,0.91286,0.09876,0.0,0.0,0.73811,0.75221,0.85575,0.97428
tsb_nb,none,0.5,2,13,0.95,26,lumpy,2181,0.68464,0.72669,0.42222,0.85998,0.09076,0.0,0.0,0.67149,0.69677,0.79257,0.93636
tsb_nb,quantile,0.5,2,13,0.95,26,all,29917,0.79423,0.71295,0.37254,0.61835,0.04602,0.00531,0.07618,0.79132,0.79718,0.6054,0.63172
tsb_nb,quantile,0.5,2,13,0.95,26,smooth,15705,0.81874,0.69309,0.35201,0.55751,0.03657,0.00398,0.0645,0.81592,0.82174,0.5455,0.57184
tsb_nb,quantile,0.5,2,13,0.95,26,erratic,1671,0.7168,0.63479,0.43896,0.70471,0.03307,0.0025,0.05745,0.70448,0.7284,0.65762,0.7498
tsb_nb,quantile,0.5,2,13,0.95,26,intermittent,10360,0.73799,0.75331,0.38979,0.83288,0.09145,0.01307,0.09151,0.73229,0.74634,0.7935,0.88016
tsb_nb,quantile,0.5,2,13,0.95,26,lumpy,2181,0.68219,0.72413,0.42618,0.82225,0.08878,0.00745,0.10179,0.66888,0.69442,0.76195,0.89061
tsb_nb,fixed,0.5,2,13,0.95,26,all,29917,0.79644,0.71528,0.36951,0.6495,0.04829,0.00034,0.00923,0.79347,0.79938,0.6346,0.66417
tsb_nb,fixed,0.5,2,13,0.95,26,smooth,15705,0.82034,0.69536,0.34941,0.58107,0.03799,0.00021,0.00751,0.81758,0.82324,0.56788,0.5976
tsb_nb,fixed,0.5,2,13,0.95,26,erratic,1671,0.7177,0.6365,0.4369,0.71917,0.03409,0.00018,0.00419,0.70582,0.72934,0.66869,0.76675
tsb_nb,fixed,0.5,2,13,0.95,26,intermittent,10360,0.74404,0.75581,0.38584,0.91032,0.09875,0.00106,0.01264,0.73783,0.75191,0.85295,0.97174
tsb_nb,fixed,0.5,2,13,0.95,26,lumpy,2181,0.68453,0.72661,0.42234,0.85908,0.09077,0.0005,0.00917,0.67141,0.69671,0.7919,0.93593
tsb_nb,dead13,0.5,2,13,0.95,26,all,29917,0.7947,0.71307,0.37238,0.62845,0.04716,0.00402,0.05365,0.79184,0.79772,0.61462,0.64209
tsb_nb,dead13,0.5,2,13,0.95,26,smooth,15705,0.81915,0.69335,0.35171,0.56509,0.03702,0.00302,0.04158,0.81634,0.82219,0.55223,0.58064
tsb_nb,dead13,0.5,2,13,0.95,26,erratic,1671,0.71706,0.635,0.4387,0.70913,0.03332,0.0019,0.04069,0.7048,0.72872,0.66106,0.75583
tsb_nb,dead13,0.5,2,13,0.95,26,intermittent,10360,0.73894,0.75314,0.39006,0.85828,0.09667,0.00992,0.07056,0.73306,0.74706,0.81212,0.91495
tsb_nb,dead13,0.5,2,13,0.95,26,lumpy,2181,0.68262,0.72454,0.42553,0.8347,0.0895,0.00549,0.07015,0.66907,0.69482,0.76882,0.90562
tsb_nb,dead26,0.5,2,13,0.95,26,all,29917,0.79649,0.71533,0.36945,0.64999,0.04829,0.00014,0.00435,0.79353,0.79942,0.63501,0.66489
tsb_nb,dead26,0.5,2,13,0.95,26,smooth,15705,0.82036,0.69539,0.34937,0.5813,0.03799,0.00013,0.00363,0.8176,0.82326,0.56806,0.59786
tsb_nb,dead26,0.5,2,13,0.95,26,erratic,1671,0.7177,0.6365,0.4369,0.71945,0.03409,2e-05,0.0018,0.70582,0.72934,0.66887,0.76714
tsb_nb,dead26,0.5,2,13,0.95,26,intermittent,10360,0.74426,0.75589,0.38571,0.91226,0.09875,0.00027,0.00608,0.73808,0.75217,0.85508,0.97353
tsb_nb,dead26,0.5,2,13,0.95,26,lumpy,2181,0.68464,0.72669,0.42222,0.85965,0.09076,8e-05,0.00321,0.67149,0.69677,0.79255,0.93628
tsb_nb,none,0.8,2,13,0.95,26,all,29917,0.91759,0.87991,0.15586,1.2727,0.08431,0.0,0.0,0.91591,0.91926,1.2472,1.29609
tsb_nb,none,0.8,2,13,0.95,26,smooth,15705,0.92847,0.87259,0.14613,1.11551,0.06267,0.0,0.0,0.92675,0.93041,1.09853,1.1416
tsb_nb,none,0.8,2,13,0.95,26,erratic,1671,0.90646,0.88839,0.13415,1.75529,0.08132,0.0,0.0,0.89964,0.91328,1.66675,1.84097
tsb_nb,none,0.8,2,13,0.95,26,intermittent,10360,0.87883,0.88688,0.17874,1.64142,0.16467,0.0,0.0,0.87357,0.8848,1.5685,1.72063
tsb_nb,none,0.8,2,13,0.95,26,lumpy,2181,0.872,0.89294,0.16539,1.98855,0.22194,0.0,0.0,0.86495,0.87923,1.84502,2.14108
tsb_nb,quantile,0.8,2,13,0.95,26,all,29917,0.91441,0.87639,0.16043,1.21117,0.07753,0.00937,0.10867,0.91271,0.91616,1.18857,1.23265
tsb_nb,quantile,0.8,2,13,0.95,26,smooth,15705,0.92624,0.86953,0.14964,1.07026,0.05779,0.00679,0.08755,0.92434,0.92824,1.05294,1.09594
tsb_nb,quantile,0.8,2,13,0.95,26,erratic,1671,0.90461,0.88496,0.13827,1.71557,0.07788,0.00604,0.08618,0.89772,0.91152,1.63234,1.79672
tsb_nb,quantile,0.8,2,13,0.95,26,intermittent,10360,0.87039,0.88277,0.18524,1.49745,0.14709,0.02215,0.13378,0.86518,0.87694,1.44503,1.55227
tsb_nb,quantile,0.8,2,13,0.95,26,lumpy,2181,0.86789,0.88885,0.1717,1.87368,0.21251,0.01873,0.15864,0.86059,0.87567,1.74172,2.00726
tsb_nb,fixed,0.8,2,13,0.95,26,all,29917,0.91729,0.87955,0.15633,1.26897,0.08417,0.00118,0.02547,0.91568,0.919,1.24341,1.29238
tsb_nb,fixed,0.8,2,13,0.95,26,smooth,15705,0.92835,0.87241,0.14634,1.11364,0.06261,0.00064,0.01662,0.92664,0.93028,1.09673,1.13931
tsb_nb,fixed,0.8,2,13,0.95,26,erratic,1671,0.90641,0.88825,0.13431,1.75398,0.0813,0.00048,0.01257,0.89962,0.91326,1.66548,1.83911
tsb_nb,fixed,0.8,2,13,0.95,26,intermittent,10360,0.87767,0.88632,0.17963,1.62814,0.1643,0.00388,0.03861,0.87241,0.88366,1.55765,1.70513
tsb_nb,fixed,0.8,2,13,0.95,26,lumpy,2181,0.87122,0.89213,0.16665,1.97979,0.22082,0.00291,0.03668,0.86403,0.87827,1.83787,2.13254
tsb_nb,dead13,0.8,2,13,0.95,26,all,29917,0.91521,0.8767,0.16002,1.23761,0.08122,0.00613,0.06652,0.91358,0.91706,1.21356,1.25862
tsb_nb,dead13,0.8,2,13,0.95,26,smooth,15705,0.92693,0.87009,0.149,1.08971,0.06016,0.00442,0.04916,0.92509,0.92894,1.07244,1.1148
tsb_nb,dead13,0.8,2,13,0.95,26,erratic,1671,0.90546,0.88616,0.13683,1.73389,0.0794,0.00374,0.04488,0.89841,0.91234,1.6498,1.81577
tsb_nb,dead13,0.8,2,13,0.95,26,intermittent,10360,0.87167,0.88252,0.18563,1.55701,0.15847,0.01492,0.09151,0.86685,0.87834,1.49798,1.62672
tsb_nb,dead13,0.8,2,13,0.95,26,lumpy,2181,0.86878,0.88942,0.17083,1.93025,0.21681,0.0114,0.08941,0.86152,0.87653,1.79084,2.07636
tsb_nb,dead26,0.8,2,13,0.95,26,all,29917,0.91754,0.87983,0.15596,1.27174,0.08429,0.00033,0.00939,0.91587,0.91922,1.24629,1.29501
tsb_nb,dead26,0.8,2,13,0.95,26,smooth,15705,0.92844,0.87255,0.14617,1.11473,0.06267,0.00029,0.00821,0.9267,0.93037,1.09778,1.14053
tsb_nb,dead26,0.8,2,13,0.95,26,erratic,1671,0.90644,0.88834,0.13421,1.75493,0.0813,8e-05,0.00539,0.89962,0.91326,1.66656,1.84066
tsb_nb,dead26,0.8,2,13,0.95,26,intermittent,10360,0.87874,0.88675,0.17894,1.63948,0.16454,0.00065,0.01207,0.87346,0.8847,1.56698,1.71872
tsb_nb,dead26,0.8,2,13,0.95,26,lumpy,2181,0.87196,0.89286,0.16552,1.98675,0.22191,0.00036,0.00825,0.86489,0.87921,1.84406,2.14008
tsb_nb,none,0.9,2,13,0.95,26,all,29917,0.953,0.93416,0.08545,1.78506,0.11704,0.0,0.0,0.95163,0.95437,1.7498,1.8186
tsb_nb,none,0.9,2,13,0.95,26,smooth,15705,0.96018,0.93177,0.07826,1.54003,0.0826,0.0,0.0,0.95888,0.96166,1.51709,1.57273
tsb_nb,none,0.9,2,13,0.95,26,erratic,1671,0.95107,0.95025,0.0598,2.76994,0.14005,0.0,0.0,0.94592,0.95615,2.63206,2.907
tsb_nb,none,0.9,2,13,0.95,26,intermittent,10360,0.9239,0.93306,0.10577,2.20262,0.22154,0.0,0.0,0.91932,0.92932,2.11908,2.29235
tsb_nb,none,0.9,2,13,0.95,26,lumpy,2181,0.92537,0.94425,0.08612,3.03003,0.37247,0.0,0.0,0.91902,0.93239,2.78996,3.254
tsb_nb,quantile,0.9,2,13,0.95,26,all,29917,0.94914,0.93002,0.09082,1.69796,0.10449,0.01283,0.13374,0.94784,0.95072,1.66518,1.72834
tsb_nb,quantile,0.9,2,13,0.95,26,smooth,15705,0.9575,0.92833,0.0822,1.47751,0.07349,0.00903,0.10264,0.95619,0.95916,1.45492,1.50756
tsb_nb,quantile,0.9,2,13,0.95,26,erratic,1671,0.94881,0.94638,0.06444,2.70218,0.13307,0.01016,0.11849,0.94345,0.95375,2.57724,2.83302
tsb_nb,quantile,0.9,2,13,0.95,26,intermittent,10360,0.91358,0.92804,0.11371,2.00633,0.19089,0.02946,0.16651,0.90859,0.91922,1.94808,2.06469
tsb_nb,quantile,0.9,2,13,0.95,26,lumpy,2181,0.91999,0.93912,0.09404,2.82728,0.34914,0.0309,0.21366,0.91311,0.92736,2.61812,3.03088
tsb_nb,fixed,0.9,2,13,0.95,26,all,29917,0.95241,0.93339,0.08645,1.77693,0.11647,0.00231,0.04071,0.95111,0.95379,1.74209,1.8104
tsb_nb,fixed,0.9,2,13,0.95,26,smooth,15705,0.95995,0.93139,0.07869,1.53616,0.0824,0.00119,0.02381,0.95861,0.96142,1.51332,1.56849
tsb_nb,fixed,0.9,2,13,0.95,26,erratic,1671,0.95096,0.95,0.06009,2.7664,0.13988,0.001,0.02513,0.94584,0.95599,2.62956,2.90375
tsb_nb,fixed,0.9,2,13,0.95,26,intermittent,10360,0.92163,0.93181,0.10775,2.17509,0.22013,0.00744,0.06158,0.9168,0.92681,2.0932,2.26112
tsb_nb,fixed,0.9,2,13,0.95,26,lumpy,2181,0.92308,0.94248,0.08886,3.00111,0.36628,0.00806,0.07519,0.91628,0.92957,2.76959,3.22343
tsb_nb,dead13,0.9,2,13,0.95,26,all,29917,0.95017,0.93036,0.09037,1.73975,0.11157,0.00765,0.06949,0.94882,0.95165,1.70568,1.77182
tsb_nb,dead13,0.9,2,13,0.95,26,smooth,15705,0.95841,0.92898,0.08146,1.50722,0.07825,0.00537,0.05024,0.95712,0.95995,1.4842,1.53784
tsb_nb,dead13,0.9,2,13,0.95,26,erratic,1671,0.9499,0.94777,0.06277,2.73937,0.13681,0.00517,0.04608,0.94448,0.95493,2.61063,2.87168
tsb_nb,dead13,0.9,2,13,0.95,26,intermittent,10360,0.91511,0.92763,0.11435,2.09629,0.21057,0.0185,0.09662,0.91072,0.92058,2.02729,2.17256
tsb_nb,dead13,0.9,2,13,0.95,26,lumpy,2181,0.92121,0.94,0.09269,2.93869,0.36052,0.01661,0.0972,0.91431,0.92864,2.72285,3.1517
tsb_nb,dead26,0.9,2,13,0.95,26,all,29917,0.95293,0.93402,0.08563,1.78327,0.11698,0.00052,0.01317,0.95156,0.95429,1.74814,1.81677
tsb_nb,dead26,0.9,2,13,0.95,26,smooth,15705,0.96012,0.93169,0.07835,1.53861,0.0826,0.00045,0.01178,0.95879,0.9616,1.5158,1.57115
tsb_nb,dead26,0.9,2,13,0.95,26,erratic,1671,0.95105,0.95017,0.0599,2.76908,0.13993,0.00016,0.00838,0.94588,0.9561,2.63159,2.90669
tsb_nb,dead26,0.9,2,13,0.95,26,intermittent,10360,0.92375,0.93283,0.10613,2.19909,0.22126,0.00101,0.01593,0.91913,0.92914,2.11559,2.28907
tsb_nb,dead26,0.9,2,13,0.95,26,lumpy,2181,0.92527,0.9441,0.08635,3.02548,0.37225,0.00079,0.01376,0.9189,0.93223,2.78741,3.24653
tsb_nb,none,0.95,2,13,0.95,26,all,29917,0.97074,0.9612,0.05035,2.30253,0.16032,0.0,0.0,0.96956,0.97186,2.25873,2.34685
tsb_nb,none,0.95,2,13,0.95,26,smooth,15705,0.97597,0.96095,0.04479,1.96188,0.1055,0.0,0.0,0.97493,0.97731,1.93214,2.00259
tsb_nb,none,0.95,2,13,0.95,26,erratic,1671,0.97208,0.97342,0.03194,3.84596,0.25328,0.0,0.0,0.96799,0.97615,3.6489,4.04104
tsb_nb,none,0.95,2,13,0.95,26,intermittent,10360,0.94795,0.95849,0.06559,2.76318,0.28665,0.0,0.0,0.94375,0.95236,2.67058,2.86924
tsb_nb,none,0.95,2,13,0.95,26,lumpy,2181,0.95097,0.96655,0.05167,4.13959,0.60669,0.0,0.0,0.94519,0.95661,3.81624,4.46926
tsb_nb,quantile,0.95,2,13,0.95,26,all,29917,0.96615,0.95639,0.0566,2.18489,0.13852,0.01711,0.15326,0.96493,0.96753,2.14533,2.22392
tsb_nb,quantile,0.95,2,13,0.95,26,smooth,15705,0.97282,0.95709,0.04922,1.87953,0.09001,0.01157,0.11442,0.97164,0.97437,1.84975,1.9142
tsb_nb,quantile,0.95,2,13,0.95,26,erratic,1671,0.96895,0.96896,0.0373,3.73897,0.23868,0.01773,0.1532,0.96481,0.97339,3.54447,3.9235
tsb_nb,quantile,0.95,2,13,0.95,26,intermittent,10360,0.93571,0.95246,0.07512,2.50726,0.23643,0.03781,0.19131,0.93102,0.9409,2.43996,2.57696
tsb_nb,quantile,0.95,2,13,0.95,26,lumpy,2181,0.94439,0.96042,0.06114,3.81556,0.55152,0.04852,0.25218,0.93846,0.94994,3.53947,4.09317
tsb_nb,fixed,0.95,2,13,0.95,26,all,29917,0.96978,0.95993,0.05201,2.28598,0.15847,0.00431,0.05739,0.96862,0.97098,2.24364,2.32894
tsb_nb,fixed,0.95,2,13,0.95,26,smooth,15705,0.97559,0.96038,0.04544,1.95433,0.10493,0.00205,0.03044,0.9745,0.97692,1.92441,1.99377
tsb_nb,fixed,0.95,2,13,0.95,26,erratic,1671,0.97167,0.97258,0.03296,3.83281,0.25156,0.00318,0.04309,0.96749,0.97564,3.63793,4.02794
tsb_nb,fixed,0.95,2,13,0.95,26,intermittent,10360,0.94445,0.95644,0.06883,2.71491,0.28311,0.0127,0.08533,0.94009,0.94869,2.62398,2.81098
tsb_nb,fixed,0.95,2,13,0.95,26,lumpy,2181,0.94694,0.96355,0.05631,4.05296,0.58328,0.02078,0.12976,0.94072,0.9532,3.7358,4.37573
tsb_nb,dead13,0.95,2,13,0.95,26,all,29917,0.96745,0.95681,0.05605,2.24581,0.15142,0.00917,0.07013,0.96623,0.96876,2.20376,2.28705
tsb_nb,dead13,0.95,2,13,0.95,26,smooth,15705,0.97396,0.95781,0.04839,1.92127,0.09848,0.00632,0.05037,0.97287,0.97532,1.89054,1.95759
tsb_nb,dead13,0.95,2,13,0.95,26,erratic,1671,0.97074,0.97068,0.03524,3.8051,0.24805,0.00663,0.04608,0.96626,0.97478,3.60742,3.99876
tsb_nb,dead13,0.95,2,13,0.95,26,intermittent,10360,0.93748,0.95209,0.0757,2.63308,0.26936,0.02205,0.09759,0.93312,0.94243,2.55277,2.71617
tsb_nb,dead13,0.95,2,13,0.95,26,lumpy,2181,0.94604,0.96142,0.05959,4.00733,0.58384,0.02232,0.10041,0.93992,0.95148,3.71094,4.32022
tsb_nb,dead26,0.95,2,13,0.95,26,all,29917,0.97062,0.96097,0.05065,2.29946,0.16016,0.00077,0.01651,0.96946,0.97177,2.25558,2.34378
tsb_nb,dead26,0.95,2,13,0.95,26,smooth,15705,0.97588,0.9608,0.04496,1.95947,0.10548,0.00065,0.01471,0.97481,0.97721,1.92965,2.00006
tsb_nb,dead26,0.95,2,13,0.95,26,erratic,1671,0.97201,0.97329,0.03211,3.8442,0.25277,0.00028,0.01137,0.96793,0.97606,3.64605,4.0392
tsb_nb,dead26,0.95,2,13,0.95,26,intermittent,10360,0.94771,0.95812,0.06618,2.75746,0.28612,0.00146,0.01988,0.94345,0.95214,2.66536,2.86379
tsb_nb,dead26,0.95,2,13,0.95,26,lumpy,2181,0.95083,0.96634,0.052,4.13035,0.60597,0.00143,0.01742,0.94502,0.95639,3.80594,4.45678
tsb_nb,none,0.99,2,13,0.95,26,all,29917,0.98778,0.98604,0.01812,3.49289,0.33168,0.0,0.0,0.98688,0.98853,3.4223,3.56232
tsb_nb,none,0.99,2,13,0.95,26,smooth,15705,0.99088,0.98735,0.01451,2.90867,0.17619,0.0,0.0,0.9901,0.99169,2.86116,2.96442
tsb_nb,none,0.99,2,13,0.95,26,erratic,1671,0.99156,0.99195,0.00968,6.46332,0.96428,0.0,0.0,0.98903,0.99383,6.05929,6.8618
tsb_nb,none,0.99,2,13,0.95,26,intermittent,10360,0.97243,0.98299,0.02687,4.05442,0.49186,0.0,0.0,0.96932,0.97588,3.93092,4.18265
tsb_nb,none,0.99,2,13,0.95,26,lumpy,2181,0.97687,0.98654,0.0208,6.86746,1.57311,0.0,0.0,0.97229,0.98051,6.28308,7.50012
tsb_nb,quantile,0.99,2,13,0.95,26,all,29917,0.98168,0.97963,0.02644,3.26974,0.26332,0.03056,0.19611,0.98061,0.98263,3.21065,3.33291
tsb_nb,quantile,0.99,2,13,0.95,26,smooth,15705,0.98684,0.9824,0.02019,2.76482,0.13349,0.01841,0.13671,0.9859,0.98777,2.71866,2.81404
tsb_nb,quantile,0.99,2,13,0.95,26,erratic,1671,0.98622,0.98534,0.01762,6.15084,0.87056,0.05777,0.25194,0.98322,0.98914,5.78311,6.49862
tsb_nb,quantile,0.99,2,13,0.95,26,intermittent,10360,0.95638,0.97479,0.03983,3.60903,0.35671,0.05943,0.24585,0.95235,0.96099,3.52204,3.70271
tsb_nb,quantile,0.99,2,13,0.95,26,lumpy,2181,0.96681,0.97828,0.03355,6.06388,1.28494,0.10942,0.3448,0.96192,0.97176,5.60278,6.54493
tsb_nb,fixed,0.99,2,13,0.95,26,all,29917,0.98574,0.98328,0.0217,3.41117,0.29866,0.01845,0.0959,0.98483,0.98662,3.34661,3.4748
tsb_nb,fixed,0.99,2,13,0.95,26,smooth,15705,0.99011,0.98626,0.01576,2.88245,0.17162,0.00531,0.04292,0.98936,0.99092,2.83435,2.93678
tsb_nb,fixed,0.99,2,13,0.95,26,erratic,1671,0.98838,0.98724,0.01533,6.17105,0.76888,0.06925,0.13106,0.98561,0.99122,5.82503,6.5078
tsb_nb,fixed,0.99,2,13,0.95,26,intermittent,10360,0.96628,0.97901,0.03317,3.92216,0.47432,0.03308,0.13822,0.96284,0.97007,3.8043,4.04941
tsb_nb,fixed,0.99,2,13,0.95,26,lumpy,2181,0.96753,0.97905,0.03236,6.27534,1.22754,0.12493,0.24943,0.96311,0.97209,5.81887,6.7331
tsb_nb,dead13,0.99,2,13,0.95,26,all,29917,0.9835,0.9804,0.02543,3.40204,0.30899,0.01285,0.07033,0.98256,0.98433,3.33742,3.4702
tsb_nb,dead13,0.99,2,13,0.95,26,smooth,15705,0.98833,0.98346,0.01897,2.84478,0.15837,0.00852,0.05043,0.98746,0.98926,2.79716,2.89744
tsb_nb,dead13,0.99,2,13,0.95,26,erratic,1671,0.98991,0.98825,0.01412,6.39393,0.9498,0.01016,0.04608,0.98724,0.99203,5.98338,6.77559
tsb_nb,dead13,0.99,2,13,0.95,26,intermittent,10360,0.95855,0.97459,0.04015,3.85302,0.45025,0.03073,0.09778,0.95484,0.96273,3.74278,3.96791
tsb_nb,dead13,0.99,2,13,0.95,26,lumpy,2181,0.97009,0.98003,0.03084,6.60796,1.50436,0.0375,0.10179,0.96558,0.97448,6.09466,7.19403
tsb_nb,dead26,0.99,2,13,0.95,26,all,29917,0.98748,0.98556,0.01875,3.48395,0.33065,0.00163,0.02052,0.98652,0.98826,3.41317,3.55329
tsb_nb,dead26,0.99,2,13,0.95,26,smooth,15705,0.99062,0.987,0.01491,2.90133,0.1757,0.00139,0.01821,0.98983,0.99137,2.85356,2.95633
tsb_nb,dead26,0.99,2,13,0.95,26,erratic,1671,0.99133,0.9913,0.01046,6.45752,0.96165,0.0007,0.01317,0.98881,0.99353,6.05435,6.84914
tsb_nb,dead26,0.99,2,13,0.95,26,intermittent,10360,0.97192,0.98231,0.02795,4.04026,0.49001,0.00284,0.0249,0.96879,0.9753,3.91773,4.16821
tsb_nb,dead26,0.99,2,13,0.95,26,lumpy,2181,0.97653,0.98616,0.02138,6.83778,1.56737,0.00381,0.02201,0.97202,0.98021,6.26586,7.4575
ets,none,0.5,2,13,0.95,26,all,29917,0.83398,0.77175,0.29622,0.81649,0.05939,0.0,0.0,0.83192,0.83621,0.79909,0.83278
ets,none,0.5,2,13,0.95,26,smooth,15705,0.84752,0.74288,0.2949,0.70328,0.04455,0.0,0.0,0.84537,0.84999,0.68862,0.72296
ets,none,0.5,2,13,0.95,26,erratic,1671,0.80946,0.76106,0.28719,1.01726,0.05338,0.0,0.0,0.802,0.81759,0.95728,1.07626
ets,none,0.5,2,13,0.95,26,intermittent,10360,0.7927,0.80945,0.30109,1.17822,0.11775,0.0,0.0,0.78861,0.79841,1.11514,1.24257
ets,none,0.5,2,13,0.95,26,lumpy,2181,0.77288,0.80882,0.29533,1.26455,0.14905,0.0,0.0,0.76445,0.78209,1.17782,1.36263
ets,quantile,0.5,2,13,0.95,26,all,29917,0.83398,0.77174,0.29624,0.81638,0.05938,3e-05,0.00033,0.83192,0.8362,0.79898,0.83267
ets,quantile,0.5,2,13,0.95,26,smooth,15705,0.84752,0.74288,0.2949,0.70324,0.04455,0.0,6e-05,0.84537,0.84999,0.68853,0.72292
ets,quantile,0.5,2,13,0.95,26,erratic,1671,0.80946,0.76106,0.28719,1.01726,0.05338,0.0,0.0,0.802,0.81759,0.95728,1.07626
ets,quantile,0.5,2,13,0.95,26,intermittent,10360,0.79268,0.80942,0.30114,1.17773,0.11772,0.00017,0.00077,0.78859,0.79839,1.11439,1.24226
ets,quantile,0.5,2,13,0.95,26,lumpy,2181,0.77288,0.80882,0.29533,1.26422,0.14899,3e-05,0.00046,0.76445,0.78209,1.17782,1.36261
ets,fixed,0.5,2,13,0.95,26,all,29917,0.83383,0.77142,0.29666,0.81304,0.05811,0.00111,0.04436,0.83176,0.83609,0.79602,0.82922
ets,fixed,0.5,2,13,0.95,26,smooth,15705,0.84747,0.74277,0.29503,0.70188,0.04434,0.00047,0.02375,0.84533,0.84993,0.68729,0.72153
ets,fixed,0.5,2,13,0.95,26,erratic,1671,0.80939,0.76087,0.28742,1.01622,0.0532,0.00039,0.01915,0.80196,0.81751,0.95578,1.07557
ets,fixed,0.5,2,13,0.95,26,intermittent,10360,0.79206,0.80881,0.30209,1.16541,0.11207,0.00416,0.07268,0.78804,0.79768,1.10237,1.22921
ets,fixed,0.5,2,13,0.95,26,lumpy,2181,0.7725,0.80818,0.29633,1.25065,0.14068,0.00381,0.07749,0.76415,0.78187,1.16562,1.3476
ets,dead13,0.5,2,13,0.95,26,all,29917,0.83188,0.76862,0.30029,0.78826,0.05514,0.00455,0.07033,0.82989,0.83423,0.77035,0.8029
ets,dead13,0.5,2,13,0.95,26,smooth,15705,0.84615,0.7406,0.29752,0.68307,0.04185,0.00336,0.05043,0.84387,0.84865,0.66918,0.7006
ets,dead13,0.5,2,13,0.95,26,erratic,1671,0.80868,0.75924,0.28938,1.00182,0.05155,0.00263,0.04608,0.80128,0.81681,0.94144,1.05646
ets,dead13,0.5,2,13,0.95,26,intermittent,10360,0.78638,0.80495,0.30819,1.10795,0.10641,0.01078,0.09778,0.78206,0.7928,1.05855,1.1674
ets,dead13,0.5,2,13,0.95,26,lumpy,2181,0.76962,0.80501,0.30122,1.21136,0.13542,0.00842,0.10179,0.76133,0.77916,1.12471,1.30369
ets,dead26,0.5,2,13,0.95,26,all,29917,0.83387,0.77146,0.2966,0.81384,0.05824,0.00028,0.0235,0.8318,0.8361,0.79655,0.83002
ets,dead26,0.5,2,13,0.95,26,smooth,15705,0.84748,0.74279,0.295,0.7021,0.04434,0.00021,0.01891,0.84534,0.84996,0.68745,0.72174
ets,dead26,0.5,2,13,0.95,26,erratic,1671,0.8094,0.76089,0.28739,1.01661,0.05321,0.00011,0.01317,0.80195,0.81753,0.95632,1.07585
ets,dead26,0.5,2,13,0.95,26,intermittent,10360,0.79222,0.80888,0.30198,1.16867,0.11231,0.00063,0.03041,0.78811,0.79792,1.10595,1.23278
ets,dead26,0.5,2,13,0.95,26,lumpy,2181,0.77256,0.80828,0.29617,1.2545,0.14342,0.00059,0.03164,0.76417,0.78189,1.16701,1.35144
ets,none,0.8,2,13,0.95,26,all,29917,0.9377,0.91215,0.11401,1.5594,0.12886,0.0,0.0,0.93642,0.93908,1.52662,1.59008
ets,none,0.8,2,13,0.95,26,smooth,15705,0.9445,0.90363,0.11053,1.3357,0.08877,0.0,0.0,0.94317,0.94601,1.31229,1.36738
ets,none,0.8,2,13,0.95,26,erratic,1671,0.93612,0.93118,0.08272,2.24032,0.13367,0.0,0.0,0.93048,0.94114,2.12973,2.36281
ets,none,0.8,2,13,0.95,26,intermittent,10360,0.91179,0.91905,0.12791,2.08279,0.25614,0.0,0.0,0.90817,0.91611,1.99937,2.1736
ets,none,0.8,2,13,0.95,26,lumpy,2181,0.9036,0.92614,0.1141,2.59918,0.45545,0.0,0.0,0.89668,0.91014,2.40685,2.83734
ets,quantile,0.8,2,13,0.95,26,all,29917,0.93769,0.91214,0.11402,1.55926,0.12886,4e-05,0.00037,0.93642,0.93907,1.52652,1.58993
ets,quantile,0.8,2,13,0.95,26,smooth,15705,0.94449,0.90363,0.11053,1.33565,0.08877,1e-05,6e-05,0.94317,0.94601,1.31225,1.36724
ets,quantile,0.8,2,13,0.95,26,erratic,1671,0.93612,0.93118,0.08272,2.24032,0.13367,0.0,0.0,0.93048,0.94114,2.12973,2.36281
ets,quantile,0.8,2,13,0.95,26,intermittent,10360,0.91178,0.91903,0.12794,2.08218,0.25612,0.00021,0.00077,0.90815,0.91609,1.99922,2.17294
ets,quantile,0.8,2,13,0.95,26,lumpy,2181,0.9036,0.92614,0.1141,2.59861,0.45539,6e-05,0.00092,0.89668,0.91014,2.40683,2.83644
ets,fixed,0.8,2,13,0.95,26,all,29917,0.93665,0.9107,0.1159,1.52827,0.11202,0.01014,0.0606,0.93533,0.93809,1.4976,1.55831
ets,fixed,0.8,2,13,0.95,26,smooth,15705,0.94405,0.90308,0.11116,1.32003,0.08218,0.00539,0.03025,0.94269,0.94558,1.29767,1.34939
ets,fixed,0.8,2,13,0.95,26,erratic,1671,0.93569,0.93001,0.08412,2.22368,0.12339,0.00498,0.03172,0.93009,0.94062,2.11432,2.34432
ets,fixed,0.8,2,13,0.95,26,intermittent,10360,0.90795,0.91658,0.13181,1.99548,0.20768,0.02781,0.10068,0.90425,0.91251,1.91121,2.08206
ets,fixed,0.8,2,13,0.95,26,lumpy,2181,0.89997,0.92276,0.11932,2.43325,0.3314,0.05158,0.11096,0.89279,0.90728,2.25846,2.62914
ets,dead13,0.8,2,13,0.95,26,all,29917,0.93406,0.90717,0.12048,1.48644,0.09763,0.00718,0.07033,0.93276,0.93553,1.4579,1.51354
ets,dead13,0.8,2,13,0.95,26,smooth,15705,0.94246,0.90045,0.11417,1.28708,0.06818,0.00503,0.05043,0.94103,0.94401,1.26495,1.3158
ets,dead13,0.8,2,13,0.95,26,erratic,1671,0.93484,0.92821,0.08628,2.20469,0.1232,0.00444,0.04608,0.9294,0.93995,2.09951,2.31797
ets,dead13,0.8,2,13,0.95,26,intermittent,10360,0.89953,0.91139,0.14002,1.90261,0.1853,0.01736,0.09778,0.89543,0.90476,1.83383,1.9778
ets,dead13,0.8,2,13,0.95,26,lumpy,2181,0.89662,0.91939,0.12453,2.36239,0.30906,0.01702,0.10179,0.8893,0.90392,2.18896,2.55457
ets,dead26,0.8,2,13,0.95,26,all,29917,0.937,0.91127,0.11516,1.53492,0.11488,0.00134,0.0235,0.9357,0.93843,1.50327,1.56505
ets,dead26,0.8,2,13,0.95,26,smooth,15705,0.9442,0.90329,0.11092,1.32219,0.08288,0.00115,0.01891,0.94286,0.94573,1.29985,1.35132
ets,dead26,0.8,2,13,0.95,26,erratic,1671,0.93592,0.93058,0.08344,2.23388,0.12967,0.00046,0.01317,0.93026,0.94092,2.12068,2.35335
ets,dead26,0.8,2,13,0.95,26,intermittent,10360,0.90908,0.91746,0.13042,2.0153,0.21392,0.00234,0.03041,0.90525,0.9137,1.93223,2.10098
ets,dead26,0.8,2,13,0.95,26,lumpy,2181,0.90166,0.92449,0.11665,2.47399,0.3596,0.00348,0.03164,0.89468,0.90851,2.29193,2.67229
ets,none,0.9,2,13,0.95,26,all,29917,0.96275,0.9497,0.06528,2.04017,0.17462,0.0,0.0,0.96168,0.96384,2.0012,2.07764
ets,none,0.9,2,13,0.95,26,smooth,15705,0.96793,0.94711,0.06066,1.752,0.11607,0.0,0.0,0.96682,0.96922,1.72368,1.79043
ets,none,0.9,2,13,0.95,26,erratic,1671,0.96053,0.96189,0.04581,3.01305,0.2052,0.0,0.0,0.9563,0.96458,2.86908,3.17834
ets,none,0.9,2,13,0.95,26,intermittent,10360,0.94378,0.95068,0.07794,2.65305,0.34621,0.0,0.0,0.94076,0.94759,2.55904,2.76015
ets,none,0.9,2,13,0.95,26,lumpy,2181,0.93586,0.95438,0.07048,3.41743,0.65731,0.0,0.0,0.92907,0.94205,3.15834,3.71978
ets,quantile,0.9,2,13,0.95,26,all,29917,0.96275,0.9497,0.06529,2.03999,0.17462,4e-05,0.0004,0.96167,0.96383,2.00094,2.07745
ets,quantile,0.9,2,13,0.95,26,smooth,15705,0.96793,0.94711,0.06066,1.75195,0.11607,1e-05,6e-05,0.96682,0.96921,1.72368,1.79031
ets,quantile,0.9,2,13,0.95,26,erratic,1671,0.96053,0.96189,0.04581,3.01305,0.2052,0.0,0.0,0.9563,0.96458,2.86908,3.17834
ets,quantile,0.9,2,13,0.95,26,intermittent,10360,0.94377,0.95066,0.07796,2.65237,0.34619,0.00023,0.00087,0.94076,0.94757,2.55889,2.75886
ets,quantile,0.9,2,13,0.95,26,lumpy,2181,0.93586,0.95438,0.07048,3.41626,0.65715,0.00011,0.00092,0.92907,0.94205,3.15827,3.71769
ets,fixed,0.9,2,13,0.95,26,all,29917,0.96118,0.94761,0.06799,1.99087,0.14754,0.0159,0.07003,0.96011,0.96232,1.95403,2.02926
ets,fixed,0.9,2,13,0.95,26,smooth,15705,0.96729,0.94631,0.06157,1.72745,0.10531,0.00828,0.03298,0.9661,0.9687,1.69837,1.76267
ets,fixed,0.9,2,13,0.95,26,erratic,1671,0.95987,0.96018,0.04787,2.98047,0.18647,0.00951,0.04369,0.95546,0.96398,2.84349,3.14185
ets,fixed,0.9,2,13,0.95,26,intermittent,10360,0.93791,0.94712,0.08356,2.51785,0.27,0.04328,0.11554,0.93457,0.9421,2.42356,2.61115
ets,fixed,0.9,2,13,0.95,26,lumpy,2181,0.93033,0.94969,0.07772,3.15076,0.45977,0.0817,0.14076,0.92391,0.93738,2.91359,3.40667
ets,dead13,0.9,2,13,0.95,26,all,29917,0.9584,0.94392,0.07279,1.94304,0.12777,0.00856,0.07033,0.95721,0.95964,1.9057,1.9762
ets,dead13,0.9,2,13,0.95,26,smooth,15705,0.96557,0.94355,0.06475,1.68831,0.08556,0.00591,0.05043,0.96437,0.96697,1.66092,1.72222
ets,dead13,0.9,2,13,0.95,26,erratic,1671,0.95909,0.95844,0.04996,2.96644,0.1895,0.0054,0.04608,0.95458,0.96309,2.81937,3.12707
ets,dead13,0.9,2,13,0.95,26,intermittent,10360,0.92865,0.94158,0.09231,2.41235,0.23839,0.0208,0.09778,0.9245,0.93332,2.33536,2.49585
ets,dead13,0.9,2,13,0.95,26,lumpy,2181,0.92737,0.94656,0.08255,3.08081,0.43597,0.02158,0.10179,0.92008,0.93403,2.8532,3.34239
ets,dead26,0.9,2,13,0.95,26,all,29917,0.96179,0.94859,0.06672,2.00374,0.15319,0.00191,0.0235,0.96072,0.96298,1.96681,2.04047
ets,dead26,0.9,2,13,0.95,26,smooth,15705,0.96752,0.94669,0.06114,1.73191,0.10701,0.00164,0.01891,0.96633,0.9689,1.70315,1.76761
ets,dead26,0.9,2,13,0.95,26,erratic,1671,0.96029,0.96116,0.04669,3.00345,0.19902,0.00064,0.01317,0.9559,0.96437,2.86273,3.16634
ets,dead26,0.9,2,13,0.95,26,intermittent,10360,0.94003,0.94861,0.08119,2.55292,0.28156,0.00327,0.03041,0.93684,0.9441,2.46019,2.6489
ets,dead26,0.9,2,13,0.95,26,lumpy,2181,0.93326,0.95248,0.07341,3.22978,0.51137,0.00504,0.03164,0.92651,0.93939,2.98561,3.48478
ets,none,0.95,2,13,0.95,26,all,29917,0.97512,0.96804,0.04147,2.46369,0.21764,0.0,0.0,0.9742,0.9761,2.41511,2.50573
ets,none,0.95,2,13,0.95,26,smooth,15705,0.9793,0.96772,0.03703,2.12102,0.14085,0.0,0.0,0.97831,0.98035,2.08869,2.16257
ets,none,0.95,2,13,0.95,26,erratic,1671,0.97303,0.9762,0.02861,3.67682,0.28311,0.0,0.0,0.96952,0.97647,3.50167,3.87642
ets,none,0.95,2,13,0.95,26,intermittent,10360,0.96017,0.96707,0.05203,3.15603,0.42967,0.0,0.0,0.95762,0.96361,3.05026,3.27457
ets,none,0.95,2,13,0.95,26,lumpy,2181,0.9526,0.96876,0.04826,4.12552,0.84598,0.0,0.0,0.94571,0.95826,3.81248,4.48597
ets,quantile,0.95,2,13,0.95,26,all,29917,0.97512,0.96804,0.04148,2.46348,0.21763,5e-05,0.0004,0.9742,0.9761,2.41484,2.5055
ets,quantile,0.95,2,13,0.95,26,smooth,15705,0.97929,0.96771,0.03703,2.12096,0.14085,1e-05,6e-05,0.97831,0.98034,2.08863,2.16247
ets,quantile,0.95,2,13,0.95,26,erratic,1671,0.97303,0.9762,0.02861,3.67682,0.28311,0.0,0.0,0.96952,0.97647,3.50167,3.87642
ets,quantile,0.95,2,13,0.95,26,intermittent,10360,0.96016,0.96706,0.05205,3.15529,0.42965,0.00024,0.00087,0.95761,0.9636,3.05005,3.27315
ets,quantile,0.95,2,13,0.95,26,lumpy,2181,0.9526,0.96876,0.04826,4.12382,0.84573,0.00015,0.00092,0.94571,0.95826,3.81109,4.48278
ets,fixed,0.95,2,13,0.95,26,all,29917,0.97312,0.96548,0.0448,2.39722,0.18094,0.0212,0.07825,0.97213,0.97414,2.35231,2.44003
ets,fixed,0.95,2,13,0.95,26,smooth,15705,0.97848,0.96673,0.03816,2.08832,0.12626,0.01083,0.03636,0.97737,0.97956,2.05515,2.12929
ets,fixed,0.95,2,13,0.95,26,erratic,1671,0.97194,0.97386,0.03142,3.62245,0.25223,0.01564,0.05625,0.9686,0.97548,3.45766,3.81573
ets,fixed,0.95,2,13,0.95,26,intermittent,10360,0.95281,0.96274,0.05887,2.97806,0.32884,0.05699,0.12712,0.94977,0.95667,2.87345,3.08073
ets,fixed,0.95,2,13,0.95,26,lumpy,2181,0.94574,0.96305,0.05708,3.76349,0.58121,0.10962,0.1646,0.93949,0.95213,3.47284,4.07081
ets,dead13,0.95,2,13,0.95,26,all,29917,0.97026,0.96177,0.04962,2.34636,0.15749,0.00969,0.07033,0.96922,0.97145,2.30117,2.38393
ets,dead13,0.95,2,13,0.95,26,smooth,15705,0.97669,0.96389,0.04142,2.04481,0.10203,0.00663,0.05043,0.97557,0.97788,2.01362,2.08635
ets,dead13,0.95,2,13,0.95,26,erratic,1671,0.97147,0.97255,0.03299,3.62109,0.26268,0.00619,0.04608,0.96827,0.97485,3.4481,3.81658
ets,dead13,0.95,2,13,0.95,26,intermittent,10360,0.94311,0.95711,0.06777,2.86439,0.29006,0.02363,0.09778,0.93917,0.9475,2.77659,2.95562
ets,dead13,0.95,2,13,0.95,26,lumpy,2181,0.94325,0.96038,0.0612,3.70498,0.56033,0.02526,0.10179,0.93654,0.94933,3.4343,4.01867
ets,dead26,0.95,2,13,0.95,26,all,29917,0.97396,0.96678,0.04311,2.41736,0.18987,0.00237,0.0235,0.97298,0.97499,2.37286,2.45802
ets,dead26,0.95,2,13,0.95,26,smooth,15705,0.97879,0.96723,0.03758,2.09549,0.12911,0.00204,0.01891,0.97775,0.9799,2.06219,2.1374
ets,dead26,0.95,2,13,0.95,26,erratic,1671,0.97275,0.97544,0.02952,3.66454,0.27497,0.00079,0.01317,0.96934,0.97617,3.49151,3.861
ets,dead26,0.95,2,13,0.95,26,intermittent,10360,0.95567,0.96474,0.05571,3.02898,0.3458,0.00404,0.03041,0.95284,0.95932,2.92836,3.13286
ets,dead26,0.95,2,13,0.95,26,lumpy,2181,0.94963,0.96663,0.05155,3.88526,0.6575,0.00631,0.03164,0.94323,0.95543,3.59384,4.19115
ets,none,0.99,2,13,0.95,26,all,29917,0.9874,0.9855,0.01882,3.29236,0.31279,0.0,0.0,0.9866,0.98806,3.2296,3.34413
ets,none,0.99,2,13,0.95,26,smooth,15705,0.9903,0.98684,0.01509,2.84529,0.19374,0.0,0.0,0.98956,0.99106,2.80181,2.90114
ets,none,0.99,2,13,0.95,26,erratic,1671,0.98662,0.98901,0.01321,4.95389,0.47969,0.0,0.0,0.98407,0.9891,4.72372,5.23004
ets,none,0.99,2,13,0.95,26,intermittent,10360,0.97677,0.98332,0.02635,4.14426,0.61285,0.0,0.0,0.97472,0.97958,4.01258,4.28343
ets,none,0.99,2,13,0.95,26,lumpy,2181,0.97124,0.98351,0.02547,5.496,1.25375,0.0,0.0,0.96554,0.97578,5.08112,5.96901
ets,quantile,0.99,2,13,0.95,26,all,29917,0.9874,0.9855,0.01882,3.29208,0.31277,5e-05,0.00043,0.98659,0.98806,3.22932,3.3438
ets,quantile,0.99,2,13,0.95,26,smooth,15705,0.9903,0.98684,0.01509,2.84519,0.19373,1e-05,0.00013,0.98956,0.99106,2.80153,2.90087
ets,quantile,0.99,2,13,0.95,26,erratic,1671,0.98662,0.98901,0.01321,4.95389,0.47969,0.0,0.0,0.98407,0.9891,4.72372,5.23004
ets,quantile,0.99,2,13,0.95,26,intermittent,10360,0.97676,0.98331,0.02637,4.14341,0.61283,0.00027,0.00087,0.97472,0.97958,4.01237,4.28183
ets,quantile,0.99,2,13,0.95,26,lumpy,2181,0.97124,0.98351,0.02547,5.49338,1.25335,0.00022,0.00092,0.96554,0.97578,5.07873,5.9639
ets,fixed,0.99,2,13,0.95,26,all,29917,0.98462,0.98209,0.02324,3.18711,0.25399,0.03254,0.09339,0.98381,0.98548,3.12965,3.23812
ets,fixed,0.99,2,13,0.95,26,smooth,15705,0.98916,0.98558,0.01654,2.79533,0.17091,0.01593,0.04126,0.98832,0.98998,2.75541,2.84945
ets,fixed,0.99,2,13,0.95,26,erratic,1671,0.98459,0.9861,0.01671,4.83211,0.40533,0.0341,0.08199,0.98178,0.98711,4.61814,5.09281
ets,fixed,0.99,2,13,0.95,26,intermittent,10360,0.96671,0.97748,0.03558,3.87328,0.45893,0.08525,0.14981,0.9638,0.9701,3.74824,3.99484
ets,fixed,0.99,2,13,0.95,26,lumpy,2181,0.96201,0.9758,0.03738,4.92094,0.84433,0.16893,0.20954,0.95684,0.96742,4.54253,5.31458
ets,dead13,0.99,2,13,0.95,26,all,29917,0.98182,0.97846,0.02796,3.13632,0.22659,0.01184,0.07033,0.98092,0.98269,3.07877,3.18716
ets,dead13,0.99,2,13,0.95,26,smooth,15705,0.98733,0.98264,0.01991,2.74532,0.13883,0.00799,0.05043,0.98642,0.9882,2.7063,2.79716
ets,dead13,0.99,2,13,0.95,26,erratic,1671,0.98491,0.98509,0.01792,4.88077,0.44945,0.00769,0.04608,0.98237,0.9873,4.65868,5.13876
ets,dead13,0.99,2,13,0.95,26,intermittent,10360,0.95695,0.97194,0.04434,3.75339,0.40964,0.02901,0.09778,0.95331,0.96107,3.64306,3.86675
ets,dead13,0.99,2,13,0.95,26,lumpy,2181,0.96074,0.97422,0.03983,4.91599,0.84412,0.03234,0.10179,0.95545,0.966,4.5624,5.32825
ets,dead26,0.99,2,13,0.95,26,all,29917,0.98595,0.98397,0.0208,3.22718,0.27275,0.00325,0.0235,0.98509,0.98678,3.16829,3.27997
ets,dead26,0.99,2,13,0.95,26,smooth,15705,0.98965,0.98629,0.01573,2.80942,0.17684,0.0028,0.01891,0.98882,0.99045,2.76815,2.8648
ets,dead26,0.99,2,13,0.95,26,erratic,1671,0.98629,0.98809,0.01432,4.93663,0.46808,0.00108,0.01317,0.9837,0.9888,4.70919,5.2039
ets,dead26,0.99,2,13,0.95,26,intermittent,10360,0.97109,0.98041,0.03095,3.96538,0.4911,0.00548,0.03041,0.96833,0.97413,3.84539,4.09104
ets,dead26,0.99,2,13,0.95,26,lumpy,2181,0.96779,0.98103,0.0293,5.1573,0.98475,0.00875,0.03164,0.96222,0.97303,4.76735,5.56574
lgb_tweedie,none,0.5,2,13,0.95,26,all,29917,0.8201,0.76312,0.30743,0.71435,0.06535,0.0,0.0,0.81803,0.82245,0.69708,0.73121
lgb_tweedie,none,0.5,2,13,0.95,26,smooth,15705,0.83358,0.72763,0.31239,0.60839,0.04905,0.0,0.0,0.83145,0.83606,0.59359,0.62621
lgb_tweedie,none,0.5,2,13,0.95,26,erratic,1671,0.78943,0.75118,0.29906,0.85765,0.04507,0.0,0.0,0.78204,0.79654,0.80323,0.91467
lgb_tweedie,none,0.5,2,13,0.95,26,intermittent,10360,0.78235,0.80937,0.30121,1.07151,0.13548,0.0,0.0,0.77786,0.78754,1.0126,1.14129
lgb_tweedie,none,0.5,2,13,0.95,26,lumpy,2181,0.75958,0.80807,0.29649,1.16065,0.17074,0.0,0.0,0.75243,0.76646,1.05963,1.26389
lgb_tweedie,quantile,0.5,2,13,0.95,26,all,29917,0.82008,0.76311,0.30744,0.71416,0.06527,2e-05,0.0001,0.81801,0.82241,0.69678,0.73098
lgb_tweedie,quantile,0.5,2,13,0.95,26,smooth,15705,0.83358,0.72763,0.31239,0.60839,0.04905,0.0,0.0,0.83145,0.83606,0.59359,0.62621
lgb_tweedie,quantile,0.5,2,13,0.95,26,erratic,1671,0.78943,0.75118,0.29906,0.85765,0.04507,0.0,0.0,0.78204,0.79654,0.80323,0.91467
lgb_tweedie,quantile,0.5,2,13,0.95,26,intermittent,10360,0.78223,0.80936,0.30123,1.07082,0.13548,0.00014,0.00019,0.7776,0.78735,1.01194,1.141
lgb_tweedie,quantile,0.5,2,13,0.95,26,lumpy,2181,0.75958,0.80807,0.29649,1.15791,0.16834,0.00014,0.00046,0.75243,0.76646,1.05899,1.25988
lgb_tweedie,fixed,0.5,2,13,0.95,26,all,29917,0.81938,0.76215,0.30869,0.69985,0.06037,0.00367,0.05475,0.81725,0.82178,0.68213,0.71617
lgb_tweedie,fixed,0.5,2,13,0.95,26,smooth,15705,0.83327,0.72723,0.31285,0.60044,0.04678,0.00233,0.02713,0.83109,0.83574,0.58551,0.61758
lgb_tweedie,fixed,0.5,2,13,0.95,26,erratic,1671,0.78923,0.75039,0.30001,0.8541,0.04425,0.00101,0.02573,0.78178,0.79628,0.80021,0.9112
lgb_tweedie,fixed,0.5,2,13,0.95,26,intermittent,10360,0.77964,0.80777,0.30374,1.02716,0.12009,0.01022,0.09237,0.77527,0.78532,0.96393,1.09084
lgb_tweedie,fixed,0.5,2,13,0.95,26,lumpy,2181,0.75736,0.80593,0.29981,1.10453,0.14073,0.01119,0.0972,0.75035,0.76427,1.01128,1.20042
lgb_tweedie,dead13,0.5,2,13,0.95,26,all,29917,0.81745,0.7597,0.31187,0.6775,0.0535,0.00472,0.07143,0.81539,0.81981,0.66162,0.69226
lgb_tweedie,dead13,0.5,2,13,0.95,26,smooth,15705,0.83203,0.72545,0.3149,0.58207,0.03968,0.00328,0.05158,0.82993,0.8343,0.56823,0.59964
lgb_tweedie,dead13,0.5,2,13,0.95,26,erratic,1671,0.78854,0.74914,0.30151,0.84193,0.04224,0.00251,0.05087,0.78118,0.79553,0.78839,0.89781
lgb_tweedie,dead13,0.5,2,13,0.95,26,intermittent,10360,0.77362,0.80413,0.30948,0.98122,0.11157,0.0123,0.09846,0.76887,0.77923,0.93053,1.04579
lgb_tweedie,dead13,0.5,2,13,0.95,26,lumpy,2181,0.75479,0.80334,0.3038,1.07241,0.13449,0.0089,0.10179,0.74792,0.76198,0.98091,1.17057
lgb_tweedie,dead26,0.5,2,13,0.95,26,all,29917,0.81976,0.76262,0.30807,0.70479,0.06127,0.00064,0.02353,0.81766,0.82209,0.68733,0.72164
lgb_tweedie,dead26,0.5,2,13,0.95,26,smooth,15705,0.83339,0.72744,0.31261,0.60203,0.04711,0.00058,0.01891,0.83126,0.83587,0.58709,0.61949
lgb_tweedie,dead26,0.5,2,13,0.95,26,erratic,1671,0.78932,0.7508,0.29952,0.85615,0.04449,0.00018,0.01317,0.78189,0.79644,0.8016,0.91337
lgb_tweedie,dead26,0.5,2,13,0.95,26,intermittent,10360,0.78131,0.80849,0.3026,1.04739,0.12243,0.00106,0.0305,0.77682,0.78662,0.98588,1.11497
lgb_tweedie,dead26,0.5,2,13,0.95,26,lumpy,2181,0.75844,0.80714,0.29794,1.12377,0.1498,0.00118,0.03164,0.75151,0.76546,1.02655,1.22468
lgb_tweedie,none,0.8,2,13,0.95,26,all,29917,0.92165,0.89288,0.13902,1.32311,0.11844,0.0,0.0,0.92021,0.9232,1.29476,1.35181
lgb_tweedie,none,0.8,2,13,0.95,26,smooth,15705,0.92959,0.87776,0.1402,1.13619,0.08543,0.0,0.0,0.92811,0.93131,1.11367,1.16505
lgb_tweedie,none,0.8,2,13,0.95,26,erratic,1671,0.90175,0.88888,0.13356,1.69995,0.09578,0.0,0.0,0.8949,0.90865,1.59127,1.8205
lgb_tweedie,none,0.8,2,13,0.95,26,intermittent,10360,0.90155,0.91334,0.13693,1.87023,0.24672,0.0,0.0,0.89833,0.90552,1.78728,1.96724
lgb_tweedie,none,0.8,2,13,0.95,26,lumpy,2181,0.88104,0.90763,0.14269,2.17513,0.3478,0.0,0.0,0.87481,0.88743,1.99861,2.36968
lgb_tweedie,quantile,0.8,2,13,0.95,26,all,29917,0.92163,0.89288,0.13903,1.32286,0.11831,3e-05,0.00017,0.92018,0.92318,1.29434,1.35147
lgb_tweedie,quantile,0.8,2,13,0.95,26,smooth,15705,0.92959,0.87776,0.1402,1.13619,0.08543,0.0,6e-05,0.92811,0.93131,1.11367,1.16505
lgb_tweedie,quantile,0.8,2,13,0.95,26,erratic,1671,0.90175,0.88888,0.13356,1.69995,0.09578,0.0,0.0,0.8949,0.90865,1.59127,1.8205
lgb_tweedie,quantile,0.8,2,13,0.95,26,intermittent,10360,0.90143,0.91332,0.13695,1.86948,0.24672,0.00014,0.00029,0.89817,0.90552,1.78644,1.96677
lgb_tweedie,quantile,0.8,2,13,0.95,26,lumpy,2181,0.88104,0.90763,0.14269,2.17087,0.34407,0.00021,0.00046,0.87481,0.88743,1.99833,2.36501
lgb_tweedie,fixed,0.8,2,13,0.95,26,all,29917,0.92042,0.89119,0.14121,1.2928,0.1077,0.00771,0.06418,0.91893,0.922,1.26432,1.32045
lgb_tweedie,fixed,0.8,2,13,0.95,26,smooth,15705,0.92892,0.87699,0.14108,1.11696,0.07946,0.00533,0.03107,0.92735,0.93068,1.09556,1.1453
lgb_tweedie,fixed,0.8,2,13,0.95,26,erratic,1671,0.9014,0.88771,0.13496,1.6916,0.09337,0.00213,0.03112,0.89452,0.90814,1.58221,1.81185
lgb_tweedie,fixed,0.8,2,13,0.95,26,intermittent,10360,0.89745,0.91042,0.14154,1.78835,0.21697,0.01953,0.10956,0.89414,0.90199,1.70901,1.87822
lgb_tweedie,fixed,0.8,2,13,0.95,26,lumpy,2181,0.8778,0.90478,0.1471,2.07054,0.29365,0.02247,0.11233,0.87123,0.88458,1.90372,2.24336
lgb_tweedie,dead13,0.8,2,13,0.95,26,all,29917,0.91763,0.88774,0.1457,1.25557,0.08846,0.0071,0.07163,0.91597,0.91935,1.22956,1.27997
lgb_tweedie,dead13,0.8,2,13,0.95,26,smooth,15705,0.92727,0.87454,0.14389,1.08706,0.0607,0.00476,0.05202,0.92569,0.92892,1.06683,1.11354
lgb_tweedie,dead13,0.8,2,13,0.95,26,erratic,1671,0.90042,0.88602,0.13699,1.6719,0.08844,0.00382,0.04967,0.89338,0.90703,1.56443,1.79029
lgb_tweedie,dead13,0.8,2,13,0.95,26,intermittent,10360,0.88809,0.90522,0.14976,1.7106,0.18973,0.01901,0.09855,0.884,0.8934,1.64239,1.79543
lgb_tweedie,dead13,0.8,2,13,0.95,26,lumpy,2181,0.874,0.90098,0.15296,2.00536,0.26382,0.01491,0.10179,0.86689,0.88076,1.84016,2.17094
lgb_tweedie,dead26,0.8,2,13,0.95,26,all,29917,0.92104,0.89206,0.14008,1.30303,0.11036,0.00159,0.02353,0.91958,0.92262,1.27425,1.33028
lgb_tweedie,dead26,0.8,2,13,0.95,26,smooth,15705,0.92918,0.87737,0.14065,1.1211,0.08092,0.00147,0.01891,0.92764,0.93086,1.09918,1.14935
lgb_tweedie,dead26,0.8,2,13,0.95,26,erratic,1671,0.90154,0.8882,0.13438,1.69673,0.09472,0.00045,0.01317,0.89474,0.90831,1.58857,1.81606
lgb_tweedie,dead26,0.8,2,13,0.95,26,intermittent,10360,0.89995,0.91194,0.13914,1.82654,0.22369,0.00247,0.0305,0.89672,0.90412,1.74623,1.92096
lgb_tweedie,dead26,0.8,2,13,0.95,26,lumpy,2181,0.87936,0.9064,0.14459,2.10621,0.30865,0.00315,0.03164,0.87292,0.88589,1.9383,2.28105
lgb_tweedie,none,0.9,2,13,0.95,26,all,29917,0.94943,0.93255,0.08754,1.7227,0.15241,0.0,0.0,0.94818,0.95077,1.68888,1.75808
lgb_tweedie,none,0.9,2,13,0.95,26,smooth,15705,0.95569,0.92451,0.08658,1.48803,0.10726,0.0,0.0,0.95442,0.95733,1.45945,1.52439
lgb_tweedie,none,0.9,2,13,0.95,26,erratic,1671,0.93258,0.92639,0.08847,2.23784,0.13956,0.0,0.0,0.92631,0.93893,2.10573,2.39353
lgb_tweedie,none,0.9,2,13,0.95,26,intermittent,10360,0.93461,0.94503,0.08685,2.38253,0.31829,0.0,0.0,0.9316,0.93852,2.28549,2.49095
lgb_tweedie,none,0.9,2,13,0.95,26,lumpy,2181,0.91552,0.93583,0.09913,2.80968,0.46421,0.0,0.0,0.9095,0.92138,2.58833,3.04672
lgb_tweedie,quantile,0.9,2,13,0.95,26,all,29917,0.94941,0.93254,0.08755,1.72238,0.15224,3e-05,0.00023,0.94816,0.95077,1.68831,1.75784
lgb_tweedie,quantile,0.9,2,13,0.95,26,smooth,15705,0.95569,0.92451,0.08658,1.48799,0.10724,0.0,6e-05,0.95442,0.95733,1.45936,1.52435
lgb_tweedie,quantile,0.9,2,13,0.95,26,erratic,1671,0.93258,0.92639,0.08847,2.23784,0.13956,0.0,0.0,0.92631,0.93893,2.10573,2.39353
lgb_tweedie,quantile,0.9,2,13,0.95,26,intermittent,10360,0.93452,0.94502,0.08687,2.3817,0.31829,0.00015,0.00029,0.93151,0.93848,2.28454,2.49047
lgb_tweedie,quantile,0.9,2,13,0.95,26,lumpy,2181,0.91551,0.93583,0.09913,2.8045,0.45969,0.00027,0.00138,0.90949,0.92137,2.58801,3.04106
lgb_tweedie,fixed,0.9,2,13,0.95,26,all,29917,0.94798,0.93053,0.09016,1.68234,0.13781,0.01011,0.06943,0.9467,0.94935,1.64828,1.71318
lgb_tweedie,fixed,0.9,2,13,0.95,26,smooth,15705,0.95488,0.92355,0.08769,1.46193,0.09882,0.007,0.03286,0.9536,0.95662,1.4347,1.49723
lgb_tweedie,fixed,0.9,2,13,0.95,26,erratic,1671,0.93216,0.92509,0.09004,2.22321,0.13512,0.0032,0.03411,0.92587,0.93843,2.0912,2.37651
lgb_tweedie,fixed,0.9,2,13,0.95,26,intermittent,10360,0.92991,0.94157,0.09232,2.27762,0.27963,0.02524,0.11931,0.92655,0.93372,2.18703,2.37686
lgb_tweedie,fixed,0.9,2,13,0.95,26,lumpy,2181,0.91166,0.93256,0.10419,2.6717,0.3927,0.03008,0.12288,0.90511,0.91767,2.46492,2.88594
lgb_tweedie,dead13,0.9,2,13,0.95,26,all,29917,0.94488,0.92667,0.09517,1.63818,0.11234,0.00835,0.0715,0.94353,0.94629,1.60909,1.66678
lgb_tweedie,dead13,0.9,2,13,0.95,26,smooth,15705,0.95307,0.92082,0.09082,1.42637,0.07422,0.00553,0.05189,0.95175,0.95467,1.40004,1.45969
lgb_tweedie,dead13,0.9,2,13,0.95,26,erratic,1671,0.93107,0.92313,0.0924,2.20298,0.12944,0.0045,0.04847,0.92507,0.93744,2.06868,2.355
lgb_tweedie,dead13,0.9,2,13,0.95,26,intermittent,10360,0.91939,0.93573,0.10155,2.18401,0.2419,0.02255,0.09846,0.9152,0.92443,2.10602,2.27781
lgb_tweedie,dead13,0.9,2,13,0.95,26,lumpy,2181,0.90763,0.92843,0.11056,2.59516,0.35357,0.01807,0.10225,0.90053,0.91362,2.38823,2.80032
lgb_tweedie,dead26,0.9,2,13,0.95,26,all,29917,0.9487,0.9316,0.08877,1.69692,0.14214,0.00208,0.0235,0.94745,0.95008,1.66256,1.73019
lgb_tweedie,dead26,0.9,2,13,0.95,26,smooth,15705,0.95519,0.92404,0.08712,1.46822,0.10135,0.00193,0.01891,0.95392,0.95689,1.44036,1.50326
lgb_tweedie,dead26,0.9,2,13,0.95,26,erratic,1671,0.93233,0.92571,0.08929,2.23361,0.13825,0.0006,0.01317,0.92614,0.93859,2.10241,2.38991
lgb_tweedie,dead26,0.9,2,13,0.95,26,intermittent,10360,0.93275,0.94341,0.08942,2.32826,0.28979,0.0032,0.03041,0.92962,0.93667,2.2348,2.43685
lgb_tweedie,dead26,0.9,2,13,0.95,26,lumpy,2181,0.9136,0.93443,0.10129,2.72294,0.41476,0.00417,0.03164,0.90737,0.91978,2.50871,2.94026
lgb_tweedie,none,0.95,2,13,0.95,26,all,29917,0.96415,0.9541,0.05957,2.08022,0.18403,0.0,0.0,0.96302,0.96534,2.04064,2.11867
lgb_tweedie,none,0.95,2,13,0.95,26,smooth,15705,0.96951,0.94999,0.05736,1.80376,0.12701,0.0,0.0,0.96842,0.97099,1.76971,1.84991
lgb_tweedie,none,0.95,2,13,0.95,26,erratic,1671,0.94931,0.94698,0.06372,2.71362,0.18325,0.0,0.0,0.94293,0.9551,2.56383,2.89781
lgb_tweedie,none,0.95,2,13,0.95,26,intermittent,10360,0.95166,0.96185,0.06029,2.8418,0.38579,0.0,0.0,0.94868,0.95535,2.73817,2.96456
lgb_tweedie,none,0.95,2,13,0.95,26,lumpy,2181,0.93516,0.95238,0.07357,3.36599,0.57427,0.0,0.0,0.9298,0.94074,3.10298,3.63824
lgb_tweedie,quantile,0.95,2,13,0.95,26,all,29917,0.96414,0.9541,0.05957,2.07981,0.18381,4e-05,0.00037,0.963,0.96533,2.04033,2.11838
lgb_tweedie,quantile,0.95,2,13,0.95,26,smooth,15705,0.96951,0.94999,0.05736,1.80368,0.12697,1e-05,0.00013,0.96842,0.97099,1.76971,1.84991
lgb_tweedie,quantile,0.95,2,13,0.95,26,erratic,1671,0.94931,0.94698,0.06372,2.71362,0.18325,0.0,0.0,0.94293,0.9551,2.56383,2.89781
lgb_tweedie,quantile,0.95,2,13,0.95,26,intermittent,10360,0.9516,0.96183,0.06031,2.84089,0.38579,0.00015,0.00029,0.9486,0.95517,2.73732,2.96404
lgb_tweedie,quantile,0.95,2,13,0.95,26,lumpy,2181,0.93514,0.95238,0.07357,3.35907,0.56834,0.0004,0.00275,0.92978,0.94074,3.10245,3.63483
lgb_tweedie,fixed,0.95,2,13,0.95,26,all,29917,0.96246,0.95185,0.06249,2.03061,0.16574,0.0122,0.07487,0.96135,0.96364,1.99207,2.06681
lgb_tweedie,fixed,0.95,2,13,0.95,26,smooth,15705,0.96859,0.94892,0.05858,1.7716,0.11629,0.00841,0.03521,0.96747,0.97008,1.73959,1.81278
lgb_tweedie,fixed,0.95,2,13,0.95,26,erratic,1671,0.94882,0.94554,0.06545,2.69227,0.17677,0.0044,0.0383,0.94245,0.95458,2.54298,2.87266
lgb_tweedie,fixed,0.95,2,13,0.95,26,intermittent,10360,0.94604,0.95798,0.06639,2.71495,0.3382,0.0302,0.12934,0.94248,0.94989,2.6143,2.825
lgb_tweedie,fixed,0.95,2,13,0.95,26,lumpy,2181,0.93094,0.94863,0.07936,3.19686,0.48664,0.03665,0.12976,0.9248,0.9368,2.95313,3.44719
lgb_tweedie,dead13,0.95,2,13,0.95,26,all,29917,0.95925,0.94782,0.06773,1.98124,0.13537,0.00939,0.0716,0.95809,0.96054,1.94816,2.01597
lgb_tweedie,dead13,0.95,2,13,0.95,26,smooth,15705,0.96668,0.94606,0.06186,1.73153,0.08696,0.00618,0.05209,0.96548,0.96819,1.69994,1.77072
lgb_tweedie,dead13,0.95,2,13,0.95,26,erratic,1671,0.94772,0.94337,0.06807,2.6728,0.17078,0.00511,0.04967,0.94152,0.95353,2.51624,2.84931
lgb_tweedie,dead13,0.95,2,13,0.95,26,intermittent,10360,0.93533,0.95185,0.07608,2.60952,0.29243,0.02546,0.09826,0.93123,0.94008,2.52223,2.71156
lgb_tweedie,dead13,0.95,2,13,0.95,26,lumpy,2181,0.92673,0.94471,0.08542,3.11401,0.44101,0.02067,0.10225,0.9204,0.93251,2.88044,3.35219
lgb_tweedie,dead26,0.95,2,13,0.95,26,all,29917,0.96333,0.95308,0.06089,2.04967,0.1719,0.00249,0.02353,0.96222,0.96437,2.01024,2.0871
lgb_tweedie,dead26,0.95,2,13,0.95,26,smooth,15705,0.96895,0.94948,0.05794,1.78001,0.1199,0.00232,0.01891,0.96787,0.97042,1.74801,1.82108
lgb_tweedie,dead26,0.95,2,13,0.95,26,erratic,1671,0.94903,0.94625,0.0646,2.70854,0.18174,0.00071,0.01317,0.94273,0.95478,2.55979,2.8895
lgb_tweedie,dead26,0.95,2,13,0.95,26,intermittent,10360,0.94959,0.9601,0.06304,2.77852,0.35253,0.00381,0.0305,0.94648,0.95336,2.67401,2.89927
lgb_tweedie,dead26,0.95,2,13,0.95,26,lumpy,2181,0.93313,0.9509,0.07585,3.26456,0.51673,0.00503,0.03164,0.92749,0.93874,3.01064,3.51523
lgb_tweedie,none,0.99,2,13,0.95,26,all,29917,0.97986,0.97676,0.03016,2.79191,0.25284,0.0,0.0,0.97882,0.98088,2.74059,2.84374
lgb_tweedie,none,0.99,2,13,0.95,26,smooth,15705,0.98418,0.97646,0.027,2.43426,0.16894,0.0,0.0,0.98327,0.98528,2.38988,2.495
lgb_tweedie,none,0.99,2,13,0.95,26,erratic,1671,0.96817,0.97051,0.03544,3.65438,0.288,0.0,0.0,0.9626,0.97294,3.45233,3.89163
lgb_tweedie,none,0.99,2,13,0.95,26,intermittent,10360,0.96931,0.97958,0.03227,3.752,0.53148,0.0,0.0,0.96644,0.97255,3.62246,3.90234
lgb_tweedie,none,0.99,2,13,0.95,26,lumpy,2181,0.95803,0.97036,0.04578,4.46118,0.8187,0.0,0.0,0.95303,0.96317,4.13564,4.81382
lgb_tweedie,quantile,0.99,2,13,0.95,26,all,29917,0.97985,0.97676,0.03017,2.79116,0.2524,9e-05,0.00117,0.97881,0.98088,2.74003,2.84294
lgb_tweedie,quantile,0.99,2,13,0.95,26,smooth,15705,0.98418,0.97646,0.027,2.434,0.16882,4e-05,0.0007,0.98327,0.98528,2.38958,2.49481
lgb_tweedie,quantile,0.99,2,13,0.95,26,erratic,1671,0.96817,0.97051,0.03544,3.65415,0.28781,2e-05,0.0012,0.9626,0.97294,3.4521,3.89129
lgb_tweedie,quantile,0.99,2,13,0.95,26,intermittent,10360,0.9693,0.97957,0.03228,3.75079,0.53146,0.00019,0.00125,0.96643,0.97255,3.62118,3.90172
lgb_tweedie,quantile,0.99,2,13,0.95,26,lumpy,2181,0.95803,0.97036,0.04578,4.4503,0.80846,0.00081,0.00413,0.95303,0.96317,4.13212,4.79995
lgb_tweedie,fixed,0.99,2,13,0.95,26,all,29917,0.97781,0.97408,0.03364,2.72227,0.22629,0.01669,0.086,0.97679,0.97899,2.6743,2.77057
lgb_tweedie,fixed,0.99,2,13,0.95,26,smooth,15705,0.98308,0.97523,0.02841,2.3893,0.15314,0.01131,0.03999,0.98223,0.98434,2.34669,2.44315
lgb_tweedie,fixed,0.99,2,13,0.95,26,erratic,1671,0.96735,0.96885,0.03744,3.61531,0.27502,0.00747,0.05206,0.96157,0.97231,3.41987,3.85216
lgb_tweedie,fixed,0.99,2,13,0.95,26,intermittent,10360,0.96246,0.97489,0.03967,3.57804,0.46428,0.04129,0.1471,0.95904,0.96612,3.45766,3.70789
lgb_tweedie,fixed,0.99,2,13,0.95,26,lumpy,2181,0.95286,0.96586,0.05274,4.22395,0.69727,0.05113,0.15314,0.94722,0.95825,3.92829,4.54449
lgb_tweedie,dead13,0.99,2,13,0.95,26,all,29917,0.97453,0.96991,0.03905,2.66488,0.18761,0.01137,0.0715,0.97346,0.97575,2.62125,2.70959
lgb_tweedie,dead13,0.99,2,13,0.95,26,smooth,15705,0.98107,0.97212,0.03198,2.34153,0.11542,0.00742,0.05183,0.98015,0.98229,2.30016,2.39328
lgb_tweedie,dead13,0.99,2,13,0.95,26,erratic,1671,0.96648,0.96676,0.03995,3.60214,0.27085,0.00625,0.04907,0.96089,0.9713,3.40291,3.8331
lgb_tweedie,dead13,0.99,2,13,0.95,26,intermittent,10360,0.95161,0.96877,0.04935,3.45421,0.40546,0.03097,0.09855,0.94746,0.95588,3.34176,3.57362
lgb_tweedie,dead13,0.99,2,13,0.95,26,lumpy,2181,0.94881,0.96188,0.05889,4.1369,0.64165,0.02564,0.10179,0.94336,0.95448,3.85071,4.4375
lgb_tweedie,dead26,0.99,2,13,0.95,26,all,29917,0.97891,0.97563,0.03162,2.75231,0.23718,0.00327,0.0235,0.97796,0.98,2.70237,2.80298
lgb_tweedie,dead26,0.99,2,13,0.95,26,smooth,15705,0.98352,0.9759,0.02764,2.40302,0.15949,0.00304,0.01891,0.98271,0.98467,2.36047,2.45722
lgb_tweedie,dead26,0.99,2,13,0.95,26,erratic,1671,0.96785,0.9697,0.03642,3.64773,0.28612,0.00093,0.01317,0.96221,0.9727,3.4472,3.88525
lgb_tweedie,dead26,0.99,2,13,0.95,26,intermittent,10360,0.9669,0.97765,0.03531,3.67191,0.4896,0.00497,0.03041,0.96397,0.97024,3.54848,3.81685
lgb_tweedie,dead26,0.99,2,13,0.95,26,lumpy,2181,0.95581,0.96865,0.04842,4.33192,0.74587,0.00661,0.03164,0.95072,0.96088,4.0132,4.64817
lgb_conformal,none,0.5,2,13,0.95,26,all,29917,0.80694,0.74291,0.33365,0.67132,0.05981,0.0,0.0,0.80457,0.80938,0.65523,0.68748
lgb_conformal,none,0.5,2,13,0.95,26,smooth,15705,0.83433,0.72875,0.3111,0.61074,0.04886,0.0,0.0,0.83219,0.83674,0.59596,0.62853
lgb_conformal,none,0.5,2,13,0.95,26,erratic,1671,0.76316,0.72107,0.33525,0.76447,0.03986,0.0,0.0,0.75601,0.76986,0.71536,0.81658
lgb_conformal,none,0.5,2,13,0.95,26,intermittent,10360,0.72075,0.76614,0.36952,0.87704,0.10992,0.0,0.0,0.71754,0.72425,0.82195,0.9384
lgb_conformal,none,0.5,2,13,0.95,26,lumpy,2181,0.68067,0.75128,0.38422,0.89198,0.13272,0.0,0.0,0.67424,0.68712,0.80755,0.98365
lgb_conformal,quantile,0.5,2,13,0.95,26,all,29917,0.80689,0.74289,0.33368,0.67079,0.05966,8e-05,0.00084,0.8045,0.80936,0.65479,0.68693
lgb_conformal,quantile,0.5,2,13,0.95,26,smooth,15705,0.83433,0.72875,0.3111,0.61061,0.04886,2e-05,0.00057,0.83219,0.83674,0.59581,0.6285
lgb_conformal,quantile,0.5,2,13,0.95,26,erratic,1671,0.76316,0.72107,0.33525,0.76447,0.03986,0.0,0.0,0.75601,0.76986,0.71536,0.81658
lgb_conformal,quantile,0.5,2,13,0.95,26,intermittent,10360,0.72047,0.76609,0.36959,0.87518,0.1096,0.00038,0.00106,0.71723,0.72422,0.8189,0.93667
lgb_conformal,quantile,0.5,2,13,0.95,26,lumpy,2181,0.68049,0.75124,0.38429,0.88712,0.12946,0.00034,0.00229,0.67403,0.68701,0.80476,0.97632
lgb_conformal,fixed,0.5,2,13,0.95,26,all,29917,0.80629,0.74206,0.33476,0.65849,0.05563,0.00318,0.05311,0.80391,0.80873,0.64305,0.67453
lgb_conformal,fixed,0.5,2,13,0.95,26,smooth,15705,0.83402,0.72837,0.31155,0.60288,0.04663,0.00223,0.02713,0.83187,0.83647,0.58792,0.62024
lgb_conformal,fixed,0.5,2,13,0.95,26,erratic,1671,0.76299,0.72055,0.33587,0.76142,0.03921,0.00084,0.02454,0.75581,0.76965,0.71172,0.81407
lgb_conformal,fixed,0.5,2,13,0.95,26,intermittent,10360,0.71843,0.76474,0.37172,0.84085,0.09831,0.00813,0.08861,0.71497,0.72219,0.78504,0.89723
lgb_conformal,fixed,0.5,2,13,0.95,26,lumpy,2181,0.67878,0.74943,0.38709,0.84699,0.10902,0.00827,0.09354,0.67236,0.68561,0.7695,0.9252
lgb_conformal,dead13,0.5,2,13,0.95,26,all,29917,0.80451,0.73989,0.33758,0.63789,0.04962,0.00439,0.0714,0.80217,0.80699,0.62337,0.65183
lgb_conformal,dead13,0.5,2,13,0.95,26,smooth,15705,0.83278,0.72662,0.31355,0.58449,0.03959,0.00327,0.05158,0.83066,0.83505,0.57069,0.60196
lgb_conformal,dead13,0.5,2,13,0.95,26,erratic,1671,0.76236,0.71922,0.33747,0.75047,0.03752,0.0023,0.04907,0.75527,0.76907,0.69998,0.80017
lgb_conformal,dead13,0.5,2,13,0.95,26,intermittent,10360,0.71339,0.76177,0.37642,0.80408,0.09373,0.01057,0.09865,0.70968,0.71781,0.75951,0.85789
lgb_conformal,dead13,0.5,2,13,0.95,26,lumpy,2181,0.67662,0.7473,0.39037,0.82491,0.10937,0.00733,0.10179,0.66992,0.68352,0.75098,0.90374
lgb_conformal,dead26,0.5,2,13,0.95,26,all,29917,0.80663,0.74248,0.33422,0.66289,0.05644,0.00057,0.0235,0.80426,0.80907,0.64703,0.67948
lgb_conformal,dead26,0.5,2,13,0.95,26,smooth,15705,0.83414,0.72857,0.31132,0.60442,0.04695,0.00058,0.01891,0.83201,0.83657,0.58952,0.62177
lgb_conformal,dead26,0.5,2,13,0.95,26,erratic,1671,0.76307,0.72085,0.33551,0.76319,0.03937,0.00015,0.01317,0.75591,0.76975,0.71335,0.81551
lgb_conformal,dead26,0.5,2,13,0.95,26,intermittent,10360,0.71987,0.76537,0.37073,0.85836,0.10027,0.00072,0.03041,0.71652,0.72346,0.80279,0.91615
lgb_conformal,dead26,0.5,2,13,0.95,26,lumpy,2181,0.67965,0.75045,0.38551,0.86378,0.1173,0.00069,0.03164,0.67324,0.6864,0.78294,0.94986
lgb_conformal,none,0.8,2,13,0.95,26,all,29917,0.93407,0.9068,0.12096,1.47014,0.11744,0.0,0.0,0.93237,0.93602,1.44462,1.4954
lgb_conformal,none,0.8,2,13,0.95,26,smooth,15705,0.94254,0.89696,0.11818,1.28122,0.08603,0.0,0.0,0.94068,0.94426,1.25968,1.30966
lgb_conformal,none,0.8,2,13,0.95,26,erratic,1671,0.90542,0.89326,0.12829,1.66764,0.07838,0.0,0.0,0.89754,0.9133,1.5802,1.75827
lgb_conformal,none,0.8,2,13,0.95,26,intermittent,10360,0.91624,0.92266,0.1222,2.14253,0.2565,0.0,0.0,0.91261,0.92076,2.05161,2.2418
lgb_conformal,none,0.8,2,13,0.95,26,lumpy,2181,0.89276,0.91263,0.13496,2.24997,0.30298,0.0,0.0,0.88559,0.90174,2.09938,2.41479
lgb_conformal,quantile,0.8,2,13,0.95,26,all,29917,0.934,0.90677,0.12099,1.46932,0.11723,0.00012,0.00144,0.93231,0.93598,1.44409,1.49456
lgb_conformal,quantile,0.8,2,13,0.95,26,smooth,15705,0.94254,0.89696,0.11818,1.28098,0.08603,3e-05,0.00064,0.94068,0.94426,1.25941,1.30937
lgb_conformal,quantile,0.8,2,13,0.95,26,erratic,1671,0.90542,0.89326,0.12829,1.66761,0.07838,0.0,0.0006,0.89754,0.9133,1.5802,1.75824
lgb_conformal,quantile,0.8,2,13,0.95,26,intermittent,10360,0.91582,0.9226,0.1223,2.13984,0.25604,0.00057,0.00241,0.91198,0.92044,2.04876,2.2395
lgb_conformal,quantile,0.8,2,13,0.95,26,lumpy,2181,0.89252,0.91257,0.13506,2.2426,0.29853,0.00055,0.00321,0.88535,0.90169,2.09407,2.40317
lgb_conformal,fixed,0.8,2,13,0.95,26,all,29917,0.93283,0.9052,0.12304,1.44061,0.10587,0.00745,0.06224,0.93106,0.93483,1.41551,1.46431
lgb_conformal,fixed,0.8,2,13,0.95,26,smooth,15705,0.94188,0.89621,0.11904,1.26262,0.07952,0.00509,0.03044,0.93995,0.94366,1.24099,1.28942
lgb_conformal,fixed,0.8,2,13,0.95,26,erratic,1671,0.90506,0.89212,0.12967,1.66055,0.07651,0.00196,0.02932,0.89706,0.91294,1.57319,1.75041
lgb_conformal,fixed,0.8,2,13,0.95,26,intermittent,10360,0.91204,0.91994,0.12651,2.06026,0.22307,0.01934,0.10598,0.90781,0.91695,1.97213,2.15746
lgb_conformal,fixed,0.8,2,13,0.95,26,lumpy,2181,0.88949,0.9099,0.13918,2.15335,0.25053,0.02106,0.10867,0.8817,0.89877,2.01146,2.29965
lgb_conformal,dead13,0.8,2,13,0.95,26,all,29917,0.9302,0.90192,0.12729,1.40392,0.08872,0.00697,0.0711,0.92869,0.93248,1.38089,1.42687
lgb_conformal,dead13,0.8,2,13,0.95,26,smooth,15705,0.94028,0.89393,0.12166,1.23303,0.06272,0.00473,0.05138,0.93837,0.94216,1.21195,1.25893
lgb_conformal,dead13,0.8,2,13,0.95,26,erratic,1671,0.90416,0.89046,0.13166,1.64327,0.07273,0.00353,0.04788,0.89636,0.91215,1.55707,1.72929
lgb_conformal,dead13,0.8,2,13,0.95,26,intermittent,10360,0.90338,0.91497,0.13435,1.98147,0.19823,0.01875,0.09817,0.89873,0.90919,1.90859,2.06252
lgb_conformal,dead13,0.8,2,13,0.95,26,lumpy,2181,0.88621,0.90619,0.14491,2.09656,0.22675,0.01352,0.10225,0.87863,0.89616,1.95015,2.24436
lgb_conformal,dead26,0.8,2,13,0.95,26,all,29917,0.93345,0.90601,0.12198,1.44984,0.10829,0.00148,0.02353,0.93171,0.93543,1.42473,1.47357
lgb_conformal,dead26,0.8,2,13,0.95,26,smooth,15705,0.94213,0.89658,0.11861,1.26627,0.08082,0.00136,0.01891,0.94026,0.94388,1.2448,1.29337
lgb_conformal,dead26,0.8,2,13,0.95,26,erratic,1671,0.90522,0.89261,0.12908,1.66501,0.07731,0.00037,0.01317,0.89725,0.9131,1.5781,1.75618
lgb_conformal,dead26,0.8,2,13,0.95,26,intermittent,10360,0.91459,0.92132,0.12432,2.09539,0.22954,0.00238,0.0305,0.91079,0.91923,2.00455,2.19342
lgb_conformal,dead26,0.8,2,13,0.95,26,lumpy,2181,0.89127,0.91143,0.13683,2.18471,0.2643,0.00274,0.03164,0.88375,0.90076,2.03569,2.33281
lgb_conformal,none,0.9,2,13,0.95,26,all,29917,0.96686,0.95596,0.05715,2.2249,0.17395,0.0,0.0,0.96557,0.96819,2.1938,2.26048
lgb_conformal,none,0.9,2,13,0.95,26,smooth,15705,0.97152,0.95048,0.05679,1.88415,0.11587,0.0,0.0,0.9702,0.97308,1.85957,1.91817
lgb_conformal,none,0.9,2,13,0.95,26,erratic,1671,0.94922,0.95101,0.05888,2.57229,0.12974,0.0,0.0,0.94372,0.95506,2.44928,2.6966
lgb_conformal,none,0.9,2,13,0.95,26,intermittent,10360,0.95746,0.96428,0.05644,3.4099,0.4189,0.0,0.0,0.95464,0.96114,3.28495,3.54231
lgb_conformal,none,0.9,2,13,0.95,26,lumpy,2181,0.94676,0.95971,0.06223,3.77768,0.5022,0.0,0.0,0.94157,0.95229,3.54857,3.99405
lgb_conformal,quantile,0.9,2,13,0.95,26,all,29917,0.96676,0.95593,0.0572,2.22368,0.17369,0.00019,0.00201,0.96547,0.96815,2.1923,2.25961
lgb_conformal,quantile,0.9,2,13,0.95,26,smooth,15705,0.97152,0.95048,0.05679,1.88374,0.11587,5e-05,0.00089,0.9702,0.97308,1.85909,1.91795
lgb_conformal,quantile,0.9,2,13,0.95,26,erratic,1671,0.94922,0.95101,0.05888,2.57208,0.12967,2e-05,0.0012,0.94372,0.95506,2.44896,2.69659
lgb_conformal,quantile,0.9,2,13,0.95,26,intermittent,10360,0.95686,0.9642,0.05657,3.40597,0.41833,0.00087,0.00328,0.95371,0.96039,3.28204,3.53962
lgb_conformal,quantile,0.9,2,13,0.95,26,lumpy,2181,0.94647,0.95963,0.06236,3.76795,0.49679,0.0008,0.00459,0.94128,0.95189,3.54077,3.98168
lgb_conformal,fixed,0.9,2,13,0.95,26,all,29917,0.9652,0.95385,0.05989,2.17964,0.1554,0.01103,0.07009,0.96384,0.96668,2.14913,2.21266
lgb_conformal,fixed,0.9,2,13,0.95,26,smooth,15705,0.97064,0.94958,0.05783,1.8564,0.10564,0.00725,0.03349,0.96923,0.97217,1.83026,1.8893
lgb_conformal,fixed,0.9,2,13,0.95,26,erratic,1671,0.94872,0.94949,0.06071,2.55974,0.12618,0.0032,0.03351,0.9433,0.95468,2.43617,2.67775
lgb_conformal,fixed,0.9,2,13,0.95,26,intermittent,10360,0.95182,0.96059,0.06228,3.28273,0.36482,0.02915,0.11931,0.94821,0.95564,3.16854,3.42229
lgb_conformal,fixed,0.9,2,13,0.95,26,lumpy,2181,0.94253,0.956,0.06797,3.62175,0.41722,0.03482,0.12792,0.93694,0.94833,3.41024,3.81901
lgb_conformal,dead13,0.9,2,13,0.95,26,all,29917,0.96228,0.95016,0.06468,2.13228,0.13049,0.00889,0.071,0.96092,0.96402,2.10357,2.16359
lgb_conformal,dead13,0.9,2,13,0.95,26,smooth,15705,0.96885,0.94689,0.06091,1.81954,0.08247,0.00575,0.05132,0.96745,0.97037,1.7924,1.85107
lgb_conformal,dead13,0.9,2,13,0.95,26,erratic,1671,0.94775,0.94772,0.06284,2.53874,0.12098,0.00452,0.04847,0.94201,0.95377,2.41606,2.65733
lgb_conformal,dead13,0.9,2,13,0.95,26,intermittent,10360,0.94227,0.95501,0.07109,3.17389,0.3234,0.025,0.09797,0.93807,0.94658,3.07719,3.27839
lgb_conformal,dead13,0.9,2,13,0.95,26,lumpy,2181,0.93891,0.95252,0.07334,3.54692,0.37785,0.01872,0.10179,0.93339,0.94498,3.33101,3.74144
lgb_conformal,dead26,0.9,2,13,0.95,26,all,29917,0.96604,0.955,0.05841,2.19506,0.16019,0.00216,0.0235,0.96467,0.96742,2.16427,2.22802
lgb_conformal,dead26,0.9,2,13,0.95,26,smooth,15705,0.97096,0.95005,0.05729,1.86255,0.10819,0.00193,0.01891,0.9696,0.9725,1.83709,1.89474
lgb_conformal,dead26,0.9,2,13,0.95,26,erratic,1671,0.94896,0.9503,0.05973,2.56813,0.12805,0.00055,0.01317,0.94353,0.95488,2.44582,2.68993
lgb_conformal,dead26,0.9,2,13,0.95,26,intermittent,10360,0.95528,0.96256,0.05916,3.33955,0.37772,0.00368,0.03041,0.95227,0.9589,3.21939,3.47467
lgb_conformal,dead26,0.9,2,13,0.95,26,lumpy,2181,0.94493,0.9583,0.06442,3.67944,0.44333,0.00451,0.03164,0.93979,0.95059,3.45836,3.88769
lgb_conformal,none,0.95,2,13,0.95,26,all,29917,0.98202,0.97906,0.02718,3.12568,0.25953,0.0,0.0,0.981,0.9829,3.08588,3.17335
lgb_conformal,none,0.95,2,13,0.95,26,smooth,15705,0.98493,0.97641,0.02706,2.5572,0.15079,0.0,0.0,0.98402,0.98596,2.52744,2.59553
lgb_conformal,none,0.95,2,13,0.95,26,erratic,1671,0.97215,0.97672,0.02799,3.6771,0.21364,0.0,0.0,0.96869,0.97603,3.51615,3.84622
lgb_conformal,none,0.95,2,13,0.95,26,intermittent,10360,0.97489,0.98283,0.02713,5.06745,0.68829,0.0,0.0,0.97219,0.97771,4.9049,5.2492
lgb_conformal,none,0.95,2,13,0.95,26,lumpy,2181,0.97253,0.98199,0.02782,5.94414,0.91635,0.0,0.0,0.96865,0.97708,5.62584,6.24849
lgb_conformal,quantile,0.95,2,13,0.95,26,all,29917,0.98188,0.97899,0.02727,3.12374,0.25917,0.00031,0.00314,0.98085,0.9828,3.08448,3.17174
lgb_conformal,quantile,0.95,2,13,0.95,26,smooth,15705,0.98493,0.97641,0.02706,2.55655,0.15079,8e-05,0.00108,0.98402,0.98596,2.52644,2.59516
lgb_conformal,quantile,0.95,2,13,0.95,26,erratic,1671,0.97215,0.97672,0.02799,3.67645,0.21344,6e-05,0.0018,0.96868,0.97602,3.51613,3.84427
lgb_conformal,quantile,0.95,2,13,0.95,26,intermittent,10360,0.97405,0.98267,0.02738,5.06103,0.68755,0.00136,0.00579,0.97148,0.977,4.90007,5.24424
lgb_conformal,quantile,0.95,2,13,0.95,26,lumpy,2181,0.97199,0.98183,0.02807,5.92974,0.9091,0.00129,0.00642,0.96821,0.97647,5.61916,6.22696
lgb_conformal,fixed,0.95,2,13,0.95,26,all,29917,0.97992,0.97637,0.03067,3.05743,0.23057,0.01592,0.08183,0.97879,0.98101,3.01827,3.10047
lgb_conformal,fixed,0.95,2,13,0.95,26,smooth,15705,0.98384,0.97525,0.02838,2.51822,0.13602,0.00976,0.03623,0.98276,0.9849,2.48616,2.55586
lgb_conformal,fixed,0.95,2,13,0.95,26,erratic,1671,0.97141,0.97484,0.03024,3.65343,0.20463,0.0053,0.04548,0.96787,0.97526,3.49628,3.82076
lgb_conformal,fixed,0.95,2,13,0.95,26,intermittent,10360,0.96775,0.97822,0.03442,4.87004,0.6025,0.04364,0.14073,0.96473,0.97107,4.72267,5.04462
lgb_conformal,fixed,0.95,2,13,0.95,26,lumpy,2181,0.96662,0.9768,0.03583,5.68071,0.77111,0.05756,0.15818,0.96178,0.97128,5.37741,5.98831
lgb_conformal,dead13,0.95,2,13,0.95,26,all,29917,0.9769,0.97248,0.03571,3.00064,0.19784,0.01115,0.0708,0.97586,0.9781,2.96188,3.04257
lgb_conformal,dead13,0.95,2,13,0.95,26,smooth,15705,0.98197,0.97239,0.03167,2.47431,0.10649,0.00682,0.05107,0.98076,0.98313,2.44142,2.5101
lgb_conformal,dead13,0.95,2,13,0.95,26,erratic,1671,0.97051,0.97315,0.03227,3.63262,0.20103,0.00561,0.04668,0.9668,0.97434,3.47147,3.80311
lgb_conformal,dead13,0.95,2,13,0.95,26,intermittent,10360,0.95781,0.97232,0.04374,4.73329,0.54201,0.03276,0.09807,0.95401,0.96151,4.61218,4.86848
lgb_conformal,dead13,0.95,2,13,0.95,26,lumpy,2181,0.9633,0.97343,0.04105,5.60139,0.71811,0.02599,0.10179,0.95854,0.96794,5.29837,5.88691
lgb_conformal,dead26,0.95,2,13,0.95,26,all,29917,0.98103,0.97789,0.02869,3.08421,0.23993,0.00296,0.02353,0.97995,0.98196,3.04511,3.13031
lgb_conformal,dead26,0.95,2,13,0.95,26,smooth,15705,0.98427,0.97586,0.02769,2.52815,0.14039,0.00255,0.01891,0.98319,0.98535,2.4975,2.56498
lgb_conformal,dead26,0.95,2,13,0.95,26,erratic,1671,0.97184,0.97593,0.02893,3.67104,0.21121,0.00076,0.01317,0.96834,0.9757,3.51209,3.83998
lgb_conformal,dead26,0.95,2,13,0.95,26,intermittent,10360,0.97212,0.9808,0.03034,4.96686,0.62815,0.00531,0.0305,0.96942,0.97522,4.81073,5.14059
lgb_conformal,dead26,0.95,2,13,0.95,26,lumpy,2181,0.97025,0.98018,0.03062,5.79821,0.82747,0.00701,0.03164,0.96614,0.97502,5.48984,6.09801
lgb_conformal,none,0.99,2,13,0.95,26,all,29917,0.99467,0.99578,0.00548,6.61574,1.26864,0.0,0.0,0.9941,0.99517,6.51781,6.7232
lgb_conformal,none,0.99,2,13,0.95,26,smooth,15705,0.99593,0.99519,0.00551,4.39836,0.26159,0.0,0.0,0.99542,0.99647,4.3528,4.45809
lgb_conformal,none,0.99,2,13,0.95,26,erratic,1671,0.99284,0.99559,0.0053,7.48417,0.69216,0.0,0.0,0.99016,0.99477,7.20204,7.81401
lgb_conformal,none,0.99,2,13,0.95,26,intermittent,10360,0.99002,0.99656,0.00544,15.15553,5.56828,0.0,0.0,0.98788,0.99195,14.7256,15.59178
lgb_conformal,none,0.99,2,13,0.95,26,lumpy,2181,0.99154,0.99646,0.00547,16.4533,6.25194,0.0,0.0,0.98866,0.99369,15.67069,17.26958
lgb_conformal,quantile,0.99,2,13,0.95,26,all,29917,0.9944,0.9956,0.0057,6.59212,1.26272,0.00275,0.02905,0.99386,0.99491,6.49398,6.69946
lgb_conformal,quantile,0.99,2,13,0.95,26,smooth,15705,0.99593,0.99519,0.00551,4.39687,0.26159,0.00022,0.00248,0.99542,0.99647,4.35065,4.45673
lgb_conformal,quantile,0.99,2,13,0.95,26,erratic,1671,0.99279,0.99559,0.0053,7.48086,0.69143,0.00044,0.00419,0.99007,0.99477,7.20053,7.8111
lgb_conformal,quantile,0.99,2,13,0.95,26,intermittent,10360,0.9885,0.99613,0.00611,15.02613,5.53558,0.01486,0.06853,0.9859,0.99068,14.60267,15.44806
lgb_conformal,quantile,0.99,2,13,0.95,26,lumpy,2181,0.99,0.99606,0.00608,16.35176,6.21894,0.01178,0.05181,0.98698,0.99257,15.58886,17.16769
lgb_conformal,fixed,0.99,2,13,0.95,26,all,29917,0.99108,0.99073,0.01202,6.25752,1.05517,0.0677,0.25066,0.99037,0.99171,6.16498,6.35912
lgb_conformal,fixed,0.99,2,13,0.95,26,smooth,15705,0.99448,0.99355,0.00739,4.31306,0.23257,0.02008,0.04852,0.99371,0.99516,4.26493,4.37012
lgb_conformal,fixed,0.99,2,13,0.95,26,erratic,1671,0.99083,0.99244,0.00909,7.37006,0.65548,0.02554,0.10413,0.98818,0.99267,7.10888,7.70704
lgb_conformal,fixed,0.99,2,13,0.95,26,intermittent,10360,0.97685,0.98739,0.01992,13.6468,4.58626,0.25656,0.5055,0.97401,0.9796,13.31198,14.03155
lgb_conformal,fixed,0.99,2,13,0.95,26,lumpy,2181,0.97829,0.98502,0.02315,14.46076,4.86437,0.40487,0.60798,0.97394,0.98209,13.84055,15.03314
lgb_conformal,dead13,0.99,2,13,0.95,26,all,29917,0.98873,0.9881,0.01544,6.32859,1.11197,0.0221,0.07066,0.98791,0.98947,6.22597,6.42202
lgb_conformal,dead13,0.99,2,13,0.95,26,smooth,15705,0.99267,0.99068,0.01069,4.2589,0.18864,0.01,0.05081,0.99192,0.99343,4.21057,4.31143
lgb_conformal,dead13,0.99,2,13,0.95,26,erratic,1671,0.99104,0.99151,0.0102,7.40119,0.66467,0.0092,0.04728,0.98865,0.99299,7.13015,7.72964
lgb_conformal,dead13,0.99,2,13,0.95,26,intermittent,10360,0.96942,0.98397,0.02533,14.14448,5.01733,0.08189,0.09797,0.96571,0.97293,13.82466,14.50706
lgb_conformal,dead13,0.99,2,13,0.95,26,lumpy,2181,0.9802,0.98658,0.02073,15.55759,5.64512,0.0604,0.10179,0.97629,0.98368,14.81631,16.25036
lgb_conformal,dead26,0.99,2,13,0.95,26,all,29917,0.99338,0.99424,0.00748,6.51894,1.21899,0.00621,0.0235,0.99277,0.99405,6.42317,6.61908
lgb_conformal,dead26,0.99,2,13,0.95,26,smooth,15705,0.99519,0.99459,0.0062,4.34599,0.24379,0.00432,0.01891,0.99449,0.99585,4.30137,4.40427
lgb_conformal,dead26,0.99,2,13,0.95,26,erratic,1671,0.99247,0.99459,0.00651,7.47093,0.68741,0.00151,0.01317,0.98993,0.99435,7.19508,7.80233
lgb_conformal,dead26,0.99,2,13,0.95,26,intermittent,10360,0.98585,0.99366,0.01001,14.85093,5.37474,0.01551,0.03041,0.98303,0.98816,14.44262,15.27455
lgb_conformal,dead26,0.99,2,13,0.95,26,lumpy,2181,0.98837,0.99412,0.00908,16.0736,6.01405,0.01881,0.03164,0.98515,0.99106,15.31004,16.86981
hgb_quantile,none,0.5,2,13,0.95,26,all,29917,0.81419,0.74798,0.32708,0.67144,0.05306,0.0,0.0,0.81188,0.81672,0.65546,0.6883
hgb_quantile,none,0.5,2,13,0.95,26,smooth,15705,0.8293,0.71451,0.32744,0.57853,0.03928,0.0,0.0,0.82707,0.83191,0.56463,0.59473
hgb_quantile,none,0.5,2,13,0.95,26,erratic,1671,0.78082,0.73353,0.32028,0.80717,0.03929,0.0,0.0,0.77342,0.78776,0.75359,0.86242
hgb_quantile,none,0.5,2,13,0.95,26,intermittent,10360,0.77172,0.79244,0.32796,0.9851,0.11306,0.0,0.0,0.76708,0.77726,0.92488,1.05164
hgb_quantile,none,0.5,2,13,0.95,26,lumpy,2181,0.74458,0.78886,0.32618,1.03569,0.13057,0.0,0.0,0.73657,0.75123,0.94993,1.13085
hgb_quantile,quantile,0.5,2,13,0.95,26,all,29917,0.81419,0.74798,0.32708,0.67144,0.05306,0.0,3e-05,0.81188,0.81672,0.65546,0.6883
hgb_quantile,quantile,0.5,2,13,0.95,26,smooth,15705,0.8293,0.71451,0.32744,0.57853,0.03928,0.0,0.0,0.82707,0.83191,0.56463,0.59473
hgb_quantile,quantile,0.5,2,13,0.95,26,erratic,1671,0.78082,0.73353,0.32028,0.80717,0.03929,0.0,0.0,0.77342,0.78776,0.75359,0.86242
hgb_quantile,quantile,0.5,2,13,0.95,26,intermittent,10360,0.77172,0.79244,0.32796,0.9851,0.11306,0.0,0.0001,0.76708,0.77726,0.92488,1.05164
hgb_quantile,quantile,0.5,2,13,0.95,26,lumpy,2181,0.74458,0.78886,0.32618,1.03569,0.13057,0.0,0.0,0.73657,0.75123,0.94993,1.13085
hgb_quantile,fixed,0.5,2,13,0.95,26,all,29917,0.81386,0.74742,0.3278,0.66613,0.05147,0.0014,0.05101,0.81159,0.81636,0.65004,0.68229
hgb_quantile,fixed,0.5,2,13,0.95,26,smooth,15705,0.8292,0.71429,0.32769,0.5768,0.03893,0.00053,0.02572,0.82695,0.83181,0.56315,0.59339
hgb_quantile,fixed,0.5,2,13,0.95,26,erratic,1671,0.78069,0.73312,0.32077,0.80575,0.03895,0.00051,0.02274,0.77329,0.78757,0.75282,0.86133
hgb_quantile,fixed,0.5,2,13,0.95,26,intermittent,10360,0.77027,0.79151,0.32943,0.96322,0.10678,0.00552,0.08542,0.76573,0.77622,0.90451,1.02916
hgb_quantile,fixed,0.5,2,13,0.95,26,lumpy,2181,0.74351,0.78757,0.32817,1.01378,0.11884,0.0049,0.09124,0.73526,0.75029,0.92983,1.10442
hgb_quantile,dead13,0.5,2,13,0.95,26,all,29917,0.81219,0.7453,0.33055,0.64793,0.04998,0.00415,0.07053,0.81008,0.81479,0.63328,0.66241
hgb_quantile,dead13,0.5,2,13,0.95,26,smooth,15705,0.82812,0.71278,0.32943,0.56283,0.03782,0.0029,0.05062,0.82584,0.83058,0.54921,0.57793
hgb_quantile,dead13,0.5,2,13,0.95,26,erratic,1671,0.78008,0.73179,0.32237,0.79543,0.03808,0.00223,0.04788,0.77258,0.78691,0.74212,0.84813
hgb_quantile,dead13,0.5,2,13,0.95,26,intermittent,10360,0.76519,0.78839,0.33436,0.9207,0.1025,0.01073,0.09778,0.76025,0.77104,0.87262,0.98074
hgb_quantile,dead13,0.5,2,13,0.95,26,lumpy,2181,0.74137,0.78523,0.33178,0.98932,0.11958,0.00766,0.10179,0.73335,0.74795,0.9081,1.07674
hgb_quantile,dead26,0.5,2,13,0.95,26,all,29917,0.81408,0.74769,0.32745,0.66914,0.05189,0.00019,0.0235,0.81176,0.8166,0.65312,0.68599
hgb_quantile,dead26,0.5,2,13,0.95,26,smooth,15705,0.82927,0.71442,0.32755,0.57778,0.03908,0.00013,0.01891,0.82704,0.83187,0.56396,0.59401
hgb_quantile,dead26,0.5,2,13,0.95,26,erratic,1671,0.78076,0.73334,0.32051,0.80674,0.03913,9e-05,0.01317,0.77336,0.7877,0.75317,0.86208
hgb_quantile,dead26,0.5,2,13,0.95,26,intermittent,10360,0.77123,0.79189,0.32882,0.97546,0.10745,0.00054,0.03041,0.76657,0.77683,0.9158,1.04141
hgb_quantile,dead26,0.5,2,13,0.95,26,lumpy,2181,0.74425,0.78836,0.32695,1.02653,0.12475,0.00042,0.03164,0.73624,0.75084,0.94074,1.12067
hgb_quantile,none,0.8,2,13,0.95,26,all,29917,0.91862,0.88923,0.14376,1.23066,0.10092,0.0,0.0,0.91725,0.9203,1.20496,1.25416
hgb_quantile,none,0.8,2,13,0.95,26,smooth,15705,0.92663,0.87383,0.14471,1.05916,0.0731,0.0,0.0,0.92498,0.92827,1.03833,1.08479
hgb_quantile,none,0.8,2,13,0.95,26,erratic,1671,0.89446,0.87577,0.14932,1.4547,0.07772,0.0,0.0,0.88735,0.90122,1.37301,1.54673
hgb_quantile,none,0.8,2,13,0.95,26,intermittent,10360,0.90025,0.91145,0.13991,1.80244,0.21491,0.0,0.0,0.89714,0.90418,1.71694,1.89896
hgb_quantile,none,0.8,2,13,0.95,26,lumpy,2181,0.87929,0.90484,0.14701,2.00085,0.27822,0.0,0.0,0.87422,0.88467,1.83372,2.15554
hgb_quantile,quantile,0.8,2,13,0.95,26,all,29917,0.91862,0.88922,0.14377,1.23051,0.10091,3e-05,0.00074,0.91725,0.9203,1.20476,1.25404
hgb_quantile,quantile,0.8,2,13,0.95,26,smooth,15705,0.92663,0.87383,0.14471,1.05913,0.0731,1e-05,0.00064,0.92498,0.92827,1.03827,1.08474
hgb_quantile,quantile,0.8,2,13,0.95,26,erratic,1671,0.89446,0.87577,0.14932,1.4546,0.0777,1e-05,0.0006,0.88735,0.90122,1.37281,1.54662
hgb_quantile,quantile,0.8,2,13,0.95,26,intermittent,10360,0.90024,0.91145,0.13992,1.80218,0.2149,6e-05,0.00068,0.89711,0.90416,1.71681,1.89838
hgb_quantile,quantile,0.8,2,13,0.95,26,lumpy,2181,0.87922,0.90482,0.14704,1.9986,0.27803,0.00027,0.00183,0.87415,0.88466,1.82967,2.15329
hgb_quantile,fixed,0.8,2,13,0.95,26,all,29917,0.91741,0.88748,0.14603,1.20688,0.09502,0.00511,0.06909,0.91603,0.91918,1.18104,1.22993
hgb_quantile,fixed,0.8,2,13,0.95,26,smooth,15705,0.92611,0.87304,0.14561,1.04628,0.07054,0.00269,0.03209,0.9244,0.92787,1.02512,1.0704
hgb_quantile,fixed,0.8,2,13,0.95,26,erratic,1671,0.89386,0.87463,0.15069,1.44562,0.07586,0.00226,0.03351,0.88695,0.90032,1.36524,1.53513
hgb_quantile,fixed,0.8,2,13,0.95,26,intermittent,10360,0.89567,0.90845,0.14465,1.72909,0.19572,0.0165,0.12008,0.89229,0.89983,1.6441,1.8124
hgb_quantile,fixed,0.8,2,13,0.95,26,lumpy,2181,0.87581,0.90165,0.15193,1.91578,0.2459,0.01605,0.12059,0.8703,0.88132,1.76563,2.06264
hgb_quantile,dead13,0.8,2,13,0.95,26,all,29917,0.9151,0.88455,0.14983,1.17852,0.08422,0.0067,0.07223,0.91372,0.91697,1.15506,1.19993
hgb_quantile,dead13,0.8,2,13,0.95,26,smooth,15705,0.92452,0.87072,0.14828,1.02097,0.05927,0.00465,0.05272,0.92291,0.92621,1.00127,1.0452
hgb_quantile,dead13,0.8,2,13,0.95,26,erratic,1671,0.89323,0.87316,0.15246,1.43128,0.07261,0.00348,0.05087,0.88636,0.89974,1.34643,1.52068
hgb_quantile,dead13,0.8,2,13,0.95,26,intermittent,10360,0.88888,0.90436,0.15112,1.67884,0.18279,0.01737,0.09894,0.88491,0.89359,1.60973,1.76257
hgb_quantile,dead13,0.8,2,13,0.95,26,lumpy,2181,0.87335,0.89877,0.15637,1.88182,0.23667,0.01319,0.10225,0.86804,0.87906,1.73525,2.02939
hgb_quantile,dead26,0.8,2,13,0.95,26,all,29917,0.91819,0.88853,0.14467,1.21872,0.09707,0.00105,0.02353,0.91678,0.91988,1.19324,1.24174
hgb_quantile,dead26,0.8,2,13,0.95,26,smooth,15705,0.92637,0.87347,0.14512,1.05038,0.07129,0.00096,0.01891,0.92469,0.92806,1.02936,1.07452
hgb_quantile,dead26,0.8,2,13,0.95,26,erratic,1671,0.89427,0.87525,0.14994,1.45221,0.07704,0.00038,0.01317,0.88721,0.90104,1.37071,1.54433
hgb_quantile,dead26,0.8,2,13,0.95,26,intermittent,10360,0.89902,0.91032,0.14171,1.7757,0.20197,0.00167,0.0305,0.8959,0.90301,1.69037,1.87196
hgb_quantile,dead26,0.8,2,13,0.95,26,lumpy,2181,0.87801,0.90367,0.14881,1.96031,0.26089,0.00202,0.03164,0.87285,0.88368,1.7952,2.10762
hgb_quantile,none,0.9,2,13,0.95,26,all,29917,0.95194,0.9373,0.08137,1.66002,0.14822,0.0,0.0,0.95068,0.95326,1.62785,1.69067
hgb_quantile,none,0.9,2,13,0.95,26,smooth,15705,0.95755,0.92858,0.08192,1.42979,0.10478,0.0,0.0,0.95627,0.95884,1.40635,1.4609
hgb_quantile,none,0.9,2,13,0.95,26,erratic,1671,0.93251,0.92547,0.08958,1.97634,0.11728,0.0,0.0,0.92642,0.93818,1.86324,2.10332
hgb_quantile,none,0.9,2,13,0.95,26,intermittent,10360,0.94043,0.951,0.07742,2.40319,0.31882,0.0,0.0,0.93787,0.94366,2.30845,2.51796
hgb_quantile,none,0.9,2,13,0.95,26,lumpy,2181,0.92471,0.94408,0.08638,2.76494,0.44495,0.0,0.0,0.92013,0.92966,2.54215,2.96934
hgb_quantile,quantile,0.9,2,13,0.95,26,all,29917,0.95192,0.93729,0.08139,1.65904,0.14817,0.00015,0.00244,0.95067,0.95322,1.62688,1.68985
hgb_quantile,quantile,0.9,2,13,0.95,26,smooth,15705,0.95755,0.92858,0.08192,1.42929,0.10478,8e-05,0.00191,0.95627,0.95884,1.40576,1.46056
hgb_quantile,quantile,0.9,2,13,0.95,26,erratic,1671,0.93251,0.92547,0.08958,1.9759,0.11711,3e-05,0.0006,0.92642,0.93818,1.86323,2.10286
hgb_quantile,quantile,0.9,2,13,0.95,26,intermittent,10360,0.94031,0.95099,0.07744,2.40124,0.31872,0.00036,0.00299,0.93775,0.94356,2.30644,2.51483
hgb_quantile,quantile,0.9,2,13,0.95,26,lumpy,2181,0.92441,0.944,0.08651,2.75628,0.44412,0.00107,0.00504,0.91981,0.9294,2.52813,2.95694
hgb_quantile,fixed,0.9,2,13,0.95,26,all,29917,0.94996,0.93454,0.08496,1.61067,0.1304,0.00994,0.07969,0.94875,0.95138,1.57956,1.64086
hgb_quantile,fixed,0.9,2,13,0.95,26,smooth,15705,0.95669,0.92747,0.08319,1.40266,0.09676,0.00555,0.03502,0.95526,0.95808,1.37892,1.43224
hgb_quantile,fixed,0.9,2,13,0.95,26,erratic,1671,0.93164,0.92392,0.09145,1.95774,0.11239,0.00437,0.0401,0.92588,0.93712,1.84915,2.08393
hgb_quantile,fixed,0.9,2,13,0.95,26,intermittent,10360,0.93307,0.94604,0.08526,2.25624,0.26212,0.03006,0.14073,0.93015,0.93638,2.16427,2.35758
hgb_quantile,fixed,0.9,2,13,0.95,26,lumpy,2181,0.91867,0.93891,0.09437,2.57327,0.34703,0.03309,0.14168,0.91385,0.92416,2.37987,2.77761
hgb_quantile,dead13,0.9,2,13,0.95,26,all,29917,0.94738,0.93129,0.08917,1.57724,0.11187,0.00829,0.07237,0.9461,0.94889,1.54788,1.60575
hgb_quantile,dead13,0.9,2,13,0.95,26,smooth,15705,0.95492,0.92478,0.08628,1.3703,0.07673,0.00574,0.05298,0.95352,0.95636,1.34717,1.40023
hgb_quantile,dead13,0.9,2,13,0.95,26,erratic,1671,0.93099,0.9222,0.09351,1.94453,0.10855,0.00418,0.04967,0.92475,0.93707,1.84035,2.06802
hgb_quantile,dead13,0.9,2,13,0.95,26,intermittent,10360,0.92524,0.94151,0.09241,2.20394,0.24117,0.02164,0.09903,0.92163,0.92923,2.12777,2.30392
hgb_quantile,dead13,0.9,2,13,0.95,26,lumpy,2181,0.91642,0.93664,0.09788,2.55016,0.33722,0.01656,0.10271,0.9117,0.92135,2.35628,2.73549
hgb_quantile,dead26,0.9,2,13,0.95,26,all,29917,0.95115,0.93618,0.08282,1.63198,0.13563,0.00197,0.0241,0.94998,0.95251,1.60083,1.66237
hgb_quantile,dead26,0.9,2,13,0.95,26,smooth,15705,0.9571,0.92808,0.08249,1.41074,0.09879,0.00179,0.01891,0.95577,0.9584,1.38708,1.44131
hgb_quantile,dead26,0.9,2,13,0.95,26,erratic,1671,0.93225,0.92476,0.09043,1.97111,0.11519,0.00056,0.01317,0.92622,0.93792,1.85884,2.09872
hgb_quantile,dead26,0.9,2,13,0.95,26,intermittent,10360,0.93794,0.949,0.08058,2.33387,0.27764,0.00319,0.03214,0.93525,0.94134,2.23595,2.44743
hgb_quantile,dead26,0.9,2,13,0.95,26,lumpy,2181,0.92229,0.94244,0.08892,2.66179,0.38471,0.00399,0.03164,0.91733,0.92727,2.44315,2.86492
hgb_quantile,none,0.95,2,13,0.95,26,all,29917,0.97139,0.96541,0.04489,2.12652,0.20546,0.0,0.0,0.97028,0.97236,2.08591,2.16422
hgb_quantile,none,0.95,2,13,0.95,26,smooth,15705,0.97522,0.96076,0.045,1.82207,0.14025,0.0,0.0,0.97421,0.97622,1.79397,1.8613
hgb_quantile,none,0.95,2,13,0.95,26,erratic,1671,0.95676,0.95699,0.05169,2.59318,0.17969,0.0,0.0,0.95144,0.96158,2.46,2.75734
hgb_quantile,none,0.95,2,13,0.95,26,intermittent,10360,0.96415,0.97332,0.04216,3.06572,0.44253,0.0,0.0,0.96189,0.96678,2.96344,3.19378
hgb_quantile,none,0.95,2,13,0.95,26,lumpy,2181,0.95312,0.96774,0.04984,3.66332,0.68496,0.0,0.0,0.94915,0.95708,3.37652,3.94784
hgb_quantile,quantile,0.95,2,13,0.95,26,all,29917,0.97135,0.96538,0.04493,2.12416,0.20515,0.00033,0.00568,0.97024,0.97235,2.0839,2.16218
hgb_quantile,quantile,0.95,2,13,0.95,26,smooth,15705,0.97522,0.96076,0.045,1.82113,0.14025,0.00016,0.00331,0.97421,0.97622,1.79329,1.86061
hgb_quantile,quantile,0.95,2,13,0.95,26,erratic,1671,0.95675,0.95699,0.05169,2.59216,0.17944,0.00011,0.0018,0.95143,0.96157,2.45959,2.75674
hgb_quantile,quantile,0.95,2,13,0.95,26,intermittent,10360,0.96397,0.97327,0.04223,3.06039,0.4414,0.00076,0.00801,0.96176,0.96659,2.95825,3.18681
hgb_quantile,quantile,0.95,2,13,0.95,26,lumpy,2181,0.95263,0.96759,0.05006,3.63865,0.681,0.00272,0.01467,0.94876,0.95677,3.35219,3.90993
hgb_quantile,fixed,0.95,2,13,0.95,26,all,29917,0.96874,0.96169,0.04972,2.04421,0.17177,0.01747,0.09299,0.96771,0.9699,2.0087,2.08118
hgb_quantile,fixed,0.95,2,13,0.95,26,smooth,15705,0.97406,0.95939,0.04657,1.77803,0.12472,0.00961,0.0391,0.97281,0.97521,1.74914,1.81379
hgb_quantile,fixed,0.95,2,13,0.95,26,erratic,1671,0.95528,0.95479,0.05434,2.55279,0.16562,0.00844,0.04668,0.94982,0.95992,2.42105,2.72454
hgb_quantile,fixed,0.95,2,13,0.95,26,intermittent,10360,0.95453,0.96646,0.05299,2.8276,0.34274,0.05228,0.16525,0.95165,0.95752,2.72648,2.94546
hgb_quantile,fixed,0.95,2,13,0.95,26,lumpy,2181,0.94495,0.96082,0.06053,3.3079,0.48704,0.06174,0.17331,0.93983,0.95049,3.06923,3.56383
hgb_quantile,dead13,0.95,2,13,0.95,26,all,29917,0.96612,0.95844,0.05394,2.00943,0.14526,0.00977,0.07263,0.96505,0.96725,1.97493,2.04534
hgb_quantile,dead13,0.95,2,13,0.95,26,smooth,15705,0.97224,0.9565,0.04989,1.74054,0.09599,0.00671,0.05323,0.97106,0.9734,1.7126,1.77585
hgb_quantile,dead13,0.95,2,13,0.95,26,erratic,1671,0.95511,0.95329,0.05614,2.54938,0.16531,0.00514,0.05027,0.94964,0.95996,2.4123,2.70678
hgb_quantile,dead13,0.95,2,13,0.95,26,intermittent,10360,0.94634,0.96211,0.05986,2.78054,0.30873,0.02527,0.09932,0.94265,0.94998,2.69072,2.88799
hgb_quantile,dead13,0.95,2,13,0.95,26,lumpy,2181,0.94314,0.9589,0.06349,3.31209,0.48001,0.02108,0.10271,0.93851,0.9479,3.07125,3.54553
hgb_quantile,dead26,0.95,2,13,0.95,26,all,29917,0.97032,0.96401,0.04671,2.08158,0.18421,0.00289,0.0236,0.96926,0.97137,2.04467,2.1179
hgb_quantile,dead26,0.95,2,13,0.95,26,smooth,15705,0.97462,0.9602,0.04565,1.79348,0.13058,0.0026,0.01891,0.97348,0.97566,1.76559,1.83013
hgb_quantile,dead26,0.95,2,13,0.95,26,erratic,1671,0.95645,0.95618,0.05267,2.58491,0.17626,0.00083,0.01317,0.95104,0.96129,2.45012,2.74964
hgb_quantile,dead26,0.95,2,13,0.95,26,intermittent,10360,0.96079,0.97074,0.04623,2.95008,0.37344,0.00467,0.03069,0.95842,0.96367,2.84421,3.07741
hgb_quantile,dead26,0.95,2,13,0.95,26,lumpy,2181,0.94997,0.96542,0.05341,3.47372,0.57143,0.0066,0.03164,0.94535,0.9544,3.18605,3.72905
hgb_quantile,none,0.99,2,13,0.95,26,all,29917,0.99022,0.9911,0.01155,3.43229,0.41985,0.0,0.0,0.98955,0.99078,3.37222,3.49224
hgb_quantile,none,0.99,2,13,0.95,26,smooth,15705,0.99217,0.99044,0.01097,2.9273,0.26881,0.0,0.0,0.99155,0.99288,2.87614,2.98369
hgb_quantile,none,0.99,2,13,0.95,26,erratic,1671,0.98313,0.9864,0.01635,4.415,0.57241,0.0,0.0,0.97981,0.98608,4.18821,4.70309
hgb_quantile,none,0.99,2,13,0.95,26,intermittent,10360,0.98586,0.99302,0.01102,4.83358,0.85165,0.0,0.0,0.98363,0.98793,4.68411,4.99764
hgb_quantile,none,0.99,2,13,0.95,26,lumpy,2181,0.98302,0.99033,0.01494,6.16651,1.53097,0.0,0.0,0.98004,0.98533,5.71226,6.70208
hgb_quantile,quantile,0.99,2,13,0.95,26,all,29917,0.99002,0.99095,0.01175,3.40443,0.40942,0.00282,0.02788,0.98936,0.99059,3.34284,3.46394
hgb_quantile,quantile,0.99,2,13,0.95,26,smooth,15705,0.99217,0.99043,0.01097,2.92014,0.26829,0.001,0.00853,0.99155,0.99288,2.87037,2.97671
hgb_quantile,quantile,0.99,2,13,0.95,26,erratic,1671,0.98276,0.9861,0.01671,4.30784,0.51697,0.00745,0.02394,0.97919,0.9859,4.10266,4.55934
hgb_quantile,quantile,0.99,2,13,0.95,26,intermittent,10360,0.9852,0.99279,0.01139,4.78425,0.83361,0.00592,0.04797,0.98315,0.98739,4.63803,4.93804
hgb_quantile,quantile,0.99,2,13,0.95,26,lumpy,2181,0.98098,0.98962,0.01603,5.96192,1.44111,0.01877,0.07474,0.97787,0.98371,5.51987,6.43857
hgb_quantile,fixed,0.99,2,13,0.95,26,all,29917,0.98623,0.98589,0.01832,3.20988,0.30258,0.04321,0.12752,0.98552,0.98705,3.15601,3.26375
hgb_quantile,fixed,0.99,2,13,0.95,26,smooth,15705,0.99053,0.98867,0.013,2.80931,0.20796,0.02499,0.04903,0.98961,0.99133,2.76845,2.85976
hgb_quantile,fixed,0.99,2,13,0.95,26,erratic,1671,0.97986,0.98273,0.02076,4.13426,0.40256,0.03227,0.09455,0.97603,0.98296,3.93945,4.38039
hgb_quantile,fixed,0.99,2,13,0.95,26,intermittent,10360,0.97176,0.9834,0.02623,4.28571,0.5856,0.11577,0.22278,0.96891,0.97469,4.14559,4.42113
hgb_quantile,fixed,0.99,2,13,0.95,26,lumpy,2181,0.96933,0.98012,0.03071,5.18015,0.93165,0.15808,0.26547,0.96491,0.97321,4.84508,5.56622
hgb_quantile,dead13,0.99,2,13,0.95,26,all,29917,0.98415,0.98321,0.0218,3.20528,0.27855,0.01357,0.07217,0.98333,0.985,3.15084,3.25804
hgb_quantile,dead13,0.99,2,13,0.95,26,smooth,15705,0.98888,0.98581,0.01628,2.76633,0.16191,0.00925,0.05259,0.98807,0.98975,2.72483,2.81953
hgb_quantile,dead13,0.99,2,13,0.95,26,erratic,1671,0.98134,0.98235,0.02122,4.332,0.53334,0.00727,0.05027,0.97792,0.98458,4.11055,4.59868
hgb_quantile,dead13,0.99,2,13,0.95,26,intermittent,10360,0.96481,0.98007,0.03149,4.30999,0.55998,0.03468,0.09894,0.96116,0.9686,4.18509,4.44423
hgb_quantile,dead13,0.99,2,13,0.95,26,lumpy,2181,0.97062,0.97999,0.03091,5.41542,1.03051,0.03251,0.10271,0.96649,0.97387,5.04339,5.77852
hgb_quantile,dead26,0.99,2,13,0.95,26,all,29917,0.98875,0.98934,0.01384,3.32546,0.36238,0.00598,0.0239,0.98804,0.9894,3.27204,3.38411
hgb_quantile,dead26,0.99,2,13,0.95,26,smooth,15705,0.99143,0.98982,0.01167,2.85551,0.23693,0.00549,0.01891,0.99065,0.99226,2.81336,2.90863
hgb_quantile,dead26,0.99,2,13,0.95,26,erratic,1671,0.98276,0.98539,0.01756,4.39119,0.56029,0.00182,0.01317,0.97951,0.98575,4.16855,4.66842
hgb_quantile,dead26,0.99,2,13,0.95,26,intermittent,10360,0.98078,0.98962,0.0164,4.58015,0.68914,0.00883,0.03156,0.97853,0.98346,4.43098,4.72808
hgb_quantile,dead26,0.99,2,13,0.95,26,lumpy,2181,0.97846,0.9875,0.01932,5.7169,1.25172,0.01457,0.03164,0.97532,0.98147,5.25998,6.10371
lgb_quantile,none,0.5,2,13,0.95,26,all,29917,0.81301,0.74634,0.3292,0.66417,0.05328,0.0,0.0,0.81087,0.81553,0.64798,0.68006
lgb_quantile,none,0.5,2,13,0.95,26,smooth,15705,0.8279,0.71228,0.33,0.57061,0.03955,0.0,0.0,0.82547,0.83041,0.55672,0.58696
lgb_quantile,none,0.5,2,13,0.95,26,erratic,1671,0.77817,0.73157,0.32263,0.79541,0.03968,0.0,0.0,0.77069,0.78578,0.7418,0.84964
lgb_quantile,none,0.5,2,13,0.95,26,intermittent,10360,0.77243,0.79158,0.32932,0.98517,0.11351,0.0,0.0,0.76818,0.778,0.92421,1.05498
lgb_quantile,none,0.5,2,13,0.95,26,lumpy,2181,0.74374,0.78811,0.32733,1.02115,0.12828,0.0,0.0,0.73585,0.75073,0.93292,1.11572
lgb_quantile,quantile,0.5,2,13,0.95,26,all,29917,0.81301,0.74634,0.3292,0.66416,0.05328,0.0,0.0003,0.81087,0.81553,0.64797,0.68006
lgb_quantile,quantile,0.5,2,13,0.95,26,smooth,15705,0.8279,0.71228,0.33,0.57061,0.03955,0.0,0.0,0.82547,0.83041,0.55672,0.58696
lgb_quantile,quantile,0.5,2,13,0.95,26,erratic,1671,0.77817,0.73157,0.32263,0.79541,0.03968,0.0,0.0,0.77069,0.78578,0.7418,0.84964
lgb_quantile,quantile,0.5,2,13,0.95,26,intermittent,10360,0.77243,0.79158,0.32932,0.98514,0.11351,1e-05,0.00087,0.76818,0.778,0.92419,1.05495
lgb_quantile,quantile,0.5,2,13,0.95,26,lumpy,2181,0.74374,0.78811,0.32733,1.02115,0.12828,0.0,0.0,0.73585,0.75073,0.93292,1.11572
lgb_quantile,fixed,0.5,2,13,0.95,26,all,29917,0.81264,0.74577,0.32995,0.65773,0.05149,0.00154,0.05138,0.81049,0.81517,0.64126,0.67335
lgb_quantile,fixed,0.5,2,13,0.95,26,smooth,15705,0.8278,0.71209,0.33022,0.56826,0.03913,0.00062,0.02623,0.82536,0.83032,0.55422,0.58504
lgb_quantile,fixed,0.5,2,13,0.95,26,erratic,1671,0.77807,0.73119,0.32309,0.79343,0.03909,0.00052,0.02394,0.7706,0.78565,0.74053,0.84813
lgb_quantile,fixed,0.5,2,13,0.95,26,intermittent,10360,0.77073,0.79057,0.33091,0.95983,0.10671,0.00594,0.08571,0.76607,0.77652,0.90075,1.02818
lgb_quantile,fixed,0.5,2,13,0.95,26,lumpy,2181,0.74249,0.78661,0.32965,0.99587,0.1147,0.00522,0.09033,0.7345,0.74949,0.91254,1.08745
lgb_quantile,dead13,0.5,2,13,0.95,26,all,29917,0.81095,0.74364,0.3327,0.63984,0.04976,0.00417,0.07006,0.80884,0.81348,0.62522,0.6534
lgb_quantile,dead13,0.5,2,13,0.95,26,smooth,15705,0.82669,0.71054,0.332,0.55411,0.03758,0.00291,0.0503,0.82434,0.82919,0.54022,0.5693
lgb_quantile,dead13,0.5,2,13,0.95,26,erratic,1671,0.77744,0.72991,0.32463,0.78361,0.03837,0.00222,0.04608,0.76997,0.78507,0.72887,0.83629
lgb_quantile,dead13,0.5,2,13,0.95,26,intermittent,10360,0.76568,0.78749,0.33579,0.9199,0.10282,0.01083,0.0972,0.76107,0.77141,0.87088,0.98232
lgb_quantile,dead13,0.5,2,13,0.95,26,lumpy,2181,0.74025,0.78429,0.33323,0.9719,0.11635,0.00756,0.10179,0.73247,0.74707,0.89147,1.05856
lgb_quantile,dead26,0.5,2,13,0.95,26,all,29917,0.81289,0.74606,0.32957,0.66122,0.05198,0.00022,0.02343,0.81075,0.81539,0.64509,0.67728
lgb_quantile,dead26,0.5,2,13,0.95,26,smooth,15705,0.82787,0.71222,0.33007,0.56929,0.03928,0.00015,0.01891,0.82545,0.83039,0.55541,0.58574
lgb_quantile,dead26,0.5,2,13,0.95,26,erratic,1671,0.77813,0.73146,0.32276,0.79468,0.03932,7e-05,0.01317,0.77065,0.78572,0.74093,0.84895
lgb_quantile,dead26,0.5,2,13,0.95,26,intermittent,10360,0.77189,0.791,0.33024,0.97482,0.10767,0.00055,0.03021,0.7676,0.77749,0.91397,1.04411
lgb_quantile,dead26,0.5,2,13,0.95,26,lumpy,2181,0.74314,0.78744,0.32836,1.00901,0.12171,0.00051,0.03164,0.73539,0.75006,0.92263,1.10163
lgb_quantile,none,0.8,2,13,0.95,26,all,29917,0.92131,0.89142,0.14092,1.247,0.10083,0.0,0.0,0.91995,0.923,1.22121,1.27044
lgb_quantile,none,0.8,2,13,0.95,26,smooth,15705,0.92927,0.87623,0.14196,1.07395,0.07274,0.0,0.0,0.9277,0.93087,1.05479,1.09927
lgb_quantile,none,0.8,2,13,0.95,26,erratic,1671,0.89721,0.87917,0.14523,1.48608,0.07666,0.0,0.0,0.89012,0.90355,1.40356,1.58562
lgb_quantile,none,0.8,2,13,0.95,26,intermittent,10360,0.90299,0.91318,0.13719,1.81298,0.21285,0.0,0.0,0.89996,0.90687,1.72675,1.90899
lgb_quantile,none,0.8,2,13,0.95,26,lumpy,2181,0.88284,0.90682,0.14395,2.04093,0.29514,0.0,0.0,0.87721,0.88831,1.88515,2.20076
lgb_quantile,quantile,0.8,2,13,0.95,26,all,29917,0.92128,0.89141,0.14093,1.24637,0.10079,9e-05,0.00084,0.91992,0.92297,1.22046,1.27003
lgb_quantile,quantile,0.8,2,13,0.95,26,smooth,15705,0.92927,0.87623,0.14196,1.07372,0.07274,3e-05,0.00032,0.9277,0.93087,1.05441,1.09923
lgb_quantile,quantile,0.8,2,13,0.95,26,erratic,1671,0.89719,0.87917,0.14523,1.48601,0.07666,2e-05,0.0006,0.89008,0.90355,1.40337,1.58555
lgb_quantile,quantile,0.8,2,13,0.95,26,intermittent,10360,0.90285,0.91316,0.13722,1.81203,0.21285,0.00023,0.00135,0.89979,0.90686,1.72614,1.90727
lgb_quantile,quantile,0.8,2,13,0.95,26,lumpy,2181,0.88261,0.90678,0.14401,2.03151,0.29395,0.00093,0.00229,0.87715,0.88793,1.86393,2.18803
lgb_quantile,fixed,0.8,2,13,0.95,26,all,29917,0.91996,0.88954,0.14335,1.22028,0.0932,0.00571,0.06852,0.91858,0.9216,1.19514,1.24371
lgb_quantile,fixed,0.8,2,13,0.95,26,smooth,15705,0.92875,0.87548,0.14282,1.05993,0.06998,0.00322,0.03184,0.92714,0.93042,1.04029,1.0845
lgb_quantile,fixed,0.8,2,13,0.95,26,erratic,1671,0.89665,0.87805,0.14657,1.47638,0.07425,0.00221,0.03411,0.88956,0.90321,1.3921,1.57443
lgb_quantile,fixed,0.8,2,13,0.95,26,intermittent,10360,0.89769,0.90983,0.14247,1.73279,0.18821,0.01755,0.11873,0.89442,0.90198,1.65323,1.81663
lgb_quantile,fixed,0.8,2,13,0.95,26,lumpy,2181,0.87814,0.90328,0.14942,1.92404,0.24059,0.01783,0.12059,0.87234,0.884,1.78282,2.07132
lgb_quantile,dead13,0.8,2,13,0.95,26,all,29917,0.91773,0.88671,0.14703,1.19277,0.08351,0.00652,0.07243,0.91623,0.91958,1.16857,1.21398
lgb_quantile,dead13,0.8,2,13,0.95,26,smooth,15705,0.92719,0.87323,0.1454,1.03552,0.05978,0.00453,0.05285,0.92556,0.92892,1.01688,1.06065
lgb_quantile,dead13,0.8,2,13,0.95,26,erratic,1671,0.89601,0.87658,0.14834,1.46232,0.07138,0.00344,0.05147,0.8892,0.90264,1.37842,1.56061
lgb_quantile,dead13,0.8,2,13,0.95,26,intermittent,10360,0.89115,0.90588,0.14872,1.68287,0.1765,0.01688,0.09923,0.88721,0.89575,1.61731,1.76643
lgb_quantile,dead13,0.8,2,13,0.95,26,lumpy,2181,0.87608,0.9005,0.1537,1.89329,0.23471,0.01299,0.10225,0.87049,0.88154,1.7506,2.03517
lgb_quantile,dead26,0.8,2,13,0.95,26,all,29917,0.92079,0.89064,0.14193,1.23188,0.09526,0.00097,0.02373,0.91935,0.92248,1.20681,1.25501
lgb_quantile,dead26,0.8,2,13,0.95,26,smooth,15705,0.929,0.87589,0.14235,1.06418,0.07074,0.00086,0.01891,0.92741,0.93062,1.04431,1.08945
lgb_quantile,dead26,0.8,2,13,0.95,26,erratic,1671,0.89703,0.87865,0.14585,1.48264,0.07518,0.00033,0.01317,0.88984,0.9034,1.39857,1.58262
lgb_quantile,dead26,0.8,2,13,0.95,26,intermittent,10360,0.90133,0.91181,0.13934,1.77664,0.19404,0.00159,0.03108,0.89824,0.90531,1.69229,1.87306
lgb_quantile,dead26,0.8,2,13,0.95,26,lumpy,2181,0.88066,0.90544,0.14607,1.97095,0.25799,0.00203,0.03164,0.87514,0.88592,1.81378,2.12189
lgb_quantile,none,0.9,2,13,0.95,26,all,29917,0.95509,0.94086,0.07675,1.67785,0.14703,0.0,0.0,0.95383,0.9564,1.64456,1.70917
lgb_quantile,none,0.9,2,13,0.95,26,smooth,15705,0.96033,0.93242,0.07751,1.43913,0.10201,0.0,0.0,0.95909,0.96163,1.41481,1.47294
lgb_quantile,none,0.9,2,13,0.95,26,erratic,1671,0.93632,0.9296,0.08461,2.00553,0.11835,0.0,0.0,0.93016,0.94197,1.89657,2.13983
lgb_quantile,none,0.9,2,13,0.95,26,intermittent,10360,0.94425,0.95384,0.07294,2.44315,0.32045,0.0,0.0,0.94171,0.94723,2.34417,2.55886
lgb_quantile,none,0.9,2,13,0.95,26,lumpy,2181,0.93124,0.94861,0.07939,2.84801,0.46138,0.0,0.0,0.92694,0.93574,2.62686,3.06344
lgb_quantile,quantile,0.9,2,13,0.95,26,all,29917,0.95505,0.94085,0.07677,1.67672,0.14691,0.00015,0.00117,0.95378,0.95637,1.64329,1.70763
lgb_quantile,quantile,0.9,2,13,0.95,26,smooth,15705,0.96033,0.93242,0.07751,1.43884,0.10201,4e-05,0.00038,0.95909,0.96163,1.41441,1.47288
lgb_quantile,quantile,0.9,2,13,0.95,26,erratic,1671,0.9363,0.9296,0.08461,2.00526,0.11834,4e-05,0.0006,0.93011,0.94195,1.89632,2.13982
lgb_quantile,quantile,0.9,2,13,0.95,26,intermittent,10360,0.94404,0.95381,0.07298,2.44024,0.31996,0.00046,0.00193,0.94143,0.94712,2.34181,2.55501
lgb_quantile,quantile,0.9,2,13,0.95,26,lumpy,2181,0.93101,0.94856,0.07946,2.83375,0.45978,0.00147,0.00367,0.92669,0.93536,2.60573,3.04576
lgb_quantile,fixed,0.9,2,13,0.95,26,all,29917,0.95306,0.93813,0.08029,1.62692,0.1297,0.01081,0.07929,0.95187,0.95445,1.59448,1.6576
lgb_quantile,fixed,0.9,2,13,0.95,26,smooth,15705,0.95949,0.93135,0.07874,1.41183,0.09562,0.00614,0.03508,0.95814,0.96089,1.38667,1.44351
lgb_quantile,fixed,0.9,2,13,0.95,26,erratic,1671,0.93532,0.92819,0.08631,1.98715,0.11406,0.00434,0.04129,0.92953,0.94096,1.87664,2.12016
lgb_quantile,fixed,0.9,2,13,0.95,26,intermittent,10360,0.93663,0.94892,0.08071,2.29145,0.26184,0.03229,0.13909,0.93361,0.93961,2.20032,2.39222
lgb_quantile,fixed,0.9,2,13,0.95,26,lumpy,2181,0.92472,0.94337,0.08748,2.63264,0.34872,0.0363,0.1426,0.91996,0.92991,2.44152,2.83614
lgb_quantile,dead13,0.9,2,13,0.95,26,all,29917,0.9505,0.93484,0.08456,1.59489,0.11259,0.00819,0.073,0.94924,0.95207,1.56485,1.6241
lgb_quantile,dead13,0.9,2,13,0.95,26,smooth,15705,0.95769,0.92861,0.08188,1.38077,0.0773,0.0056,0.05323,0.95629,0.9591,1.35592,1.41178
lgb_quantile,dead13,0.9,2,13,0.95,26,erratic,1671,0.93483,0.92631,0.08857,1.97251,0.10924,0.00435,0.05147,0.92895,0.94068,1.85714,2.10178
lgb_quantile,dead13,0.9,2,13,0.95,26,intermittent,10360,0.92899,0.94435,0.08793,2.24287,0.24262,0.02148,0.1,0.92539,0.9329,2.16272,2.34426
lgb_quantile,dead13,0.9,2,13,0.95,26,lumpy,2181,0.9227,0.9411,0.09099,2.60978,0.33826,0.01685,0.10362,0.91803,0.92745,2.41359,2.80763
lgb_quantile,dead26,0.9,2,13,0.95,26,all,29917,0.95426,0.93975,0.0782,1.64899,0.13498,0.00177,0.02353,0.95297,0.95566,1.61621,1.67949
lgb_quantile,dead26,0.9,2,13,0.95,26,smooth,15705,0.95987,0.93192,0.07808,1.42026,0.09761,0.00159,0.01891,0.9586,0.96121,1.39519,1.45208
lgb_quantile,dead26,0.9,2,13,0.95,26,erratic,1671,0.93607,0.92889,0.08546,2.00024,0.1163,0.00054,0.01317,0.92997,0.94175,1.89111,2.13375
lgb_quantile,dead26,0.9,2,13,0.95,26,intermittent,10360,0.94171,0.95187,0.07604,2.37221,0.278,0.00287,0.0305,0.93906,0.94487,2.27596,2.48804
lgb_quantile,dead26,0.9,2,13,0.95,26,lumpy,2181,0.92853,0.94679,0.0822,2.72292,0.3875,0.00393,0.03164,0.92436,0.93306,2.50902,2.92509
lgb_quantile,none,0.95,2,13,0.95,26,all,29917,0.97401,0.96829,0.04115,2.14712,0.20432,0.0,0.0,0.97296,0.97504,2.1066,2.18708
lgb_quantile,none,0.95,2,13,0.95,26,smooth,15705,0.97749,0.96382,0.0415,1.83563,0.13817,0.0,0.0,0.97655,0.97854,1.80558,1.8768
lgb_quantile,none,0.95,2,13,0.95,26,erratic,1671,0.95996,0.96053,0.04744,2.60013,0.17903,0.0,0.0,0.95523,0.96464,2.46391,2.76719
lgb_quantile,none,0.95,2,13,0.95,26,intermittent,10360,0.96745,0.9758,0.03823,3.11739,0.44487,0.0,0.0,0.96532,0.96991,3.00881,3.24178
lgb_quantile,none,0.95,2,13,0.95,26,lumpy,2181,0.95918,0.9708,0.04511,3.73792,0.68822,0.0,0.0,0.95574,0.96316,3.44895,4.03431
lgb_quantile,quantile,0.95,2,13,0.95,26,all,29917,0.97396,0.96827,0.04118,2.14528,0.20404,0.00023,0.00204,0.97293,0.97496,2.10479,2.18545
lgb_quantile,quantile,0.95,2,13,0.95,26,smooth,15705,0.97749,0.96382,0.0415,1.83525,0.13817,5e-05,0.00051,0.97655,0.97854,1.80507,1.87654
lgb_quantile,quantile,0.95,2,13,0.95,26,erratic,1671,0.95995,0.96053,0.04744,2.59986,0.17902,4e-05,0.0006,0.95522,0.96463,2.46328,2.76691
lgb_quantile,quantile,0.95,2,13,0.95,26,intermittent,10360,0.96717,0.97576,0.0383,3.1117,0.44393,0.00081,0.00367,0.96502,0.96965,3.00412,3.23573
lgb_quantile,quantile,0.95,2,13,0.95,26,lumpy,2181,0.95886,0.9707,0.04527,3.7165,0.68378,0.00225,0.00642,0.95539,0.96254,3.42233,4.00003
lgb_quantile,fixed,0.95,2,13,0.95,26,all,29917,0.97129,0.96469,0.04582,2.06353,0.17115,0.01864,0.09145,0.97033,0.97251,2.02617,2.10187
lgb_quantile,fixed,0.95,2,13,0.95,26,smooth,15705,0.97637,0.96252,0.04299,1.7916,0.1241,0.01012,0.0391,0.9753,0.9775,1.76096,1.82974
lgb_quantile,fixed,0.95,2,13,0.95,26,erratic,1671,0.95848,0.95841,0.04999,2.56617,0.16959,0.00739,0.04488,0.95388,0.96289,2.43145,2.73487
lgb_quantile,fixed,0.95,2,13,0.95,26,intermittent,10360,0.95742,0.96918,0.04869,2.86976,0.34224,0.05623,0.161,0.95468,0.96046,2.77051,2.98688
lgb_quantile,fixed,0.95,2,13,0.95,26,lumpy,2181,0.95013,0.9638,0.05592,3.37015,0.47469,0.07121,0.17377,0.94558,0.95472,3.13309,3.63252
lgb_quantile,dead13,0.95,2,13,0.95,26,all,29917,0.96868,0.96132,0.0502,2.02972,0.146,0.00977,0.07294,0.96756,0.96996,1.99401,2.0664
lgb_quantile,dead13,0.95,2,13,0.95,26,smooth,15705,0.9745,0.95955,0.04639,1.75484,0.09598,0.00661,0.0533,0.97343,0.97565,1.72476,1.79401
lgb_quantile,dead13,0.95,2,13,0.95,26,erratic,1671,0.95829,0.95675,0.05198,2.55708,0.16475,0.00523,0.05147,0.95358,0.96324,2.41676,2.71951
lgb_quantile,dead13,0.95,2,13,0.95,26,intermittent,10360,0.94939,0.96466,0.05583,2.82968,0.31635,0.02578,0.09971,0.9459,0.9531,2.74081,2.94257
lgb_quantile,dead13,0.95,2,13,0.95,26,lumpy,2181,0.94885,0.96171,0.05914,3.37004,0.46989,0.02085,0.10362,0.94477,0.95325,3.12575,3.60881
lgb_quantile,dead26,0.95,2,13,0.95,26,all,29917,0.97291,0.96691,0.04295,2.10061,0.18259,0.00275,0.02393,0.97192,0.97403,2.06198,2.13817
lgb_quantile,dead26,0.95,2,13,0.95,26,smooth,15705,0.97688,0.96326,0.04214,1.80644,0.12923,0.00247,0.01891,0.97582,0.97798,1.7767,1.84646
lgb_quantile,dead26,0.95,2,13,0.95,26,erratic,1671,0.95965,0.95971,0.04842,2.59209,0.17565,0.00077,0.01317,0.95503,0.96432,2.45328,2.76031
lgb_quantile,dead26,0.95,2,13,0.95,26,intermittent,10360,0.96394,0.97329,0.04221,2.99795,0.37291,0.00442,0.03166,0.96156,0.96666,2.88845,3.12244
lgb_quantile,dead26,0.95,2,13,0.95,26,lumpy,2181,0.95589,0.96843,0.04878,3.53062,0.55631,0.00634,0.03164,0.95185,0.95996,3.25581,3.78651
lgb_quantile,none,0.99,2,13,0.95,26,all,29917,0.99225,0.99283,0.0093,3.50078,0.41113,0.0,0.0,0.99168,0.99285,3.43868,3.5622
lgb_quantile,none,0.99,2,13,0.95,26,smooth,15705,0.9939,0.99226,0.00887,2.99403,0.26337,0.0,0.0,0.99341,0.99447,2.94338,3.05372
lgb_quantile,none,0.99,2,13,0.95,26,erratic,1671,0.98763,0.98966,0.01242,4.47046,0.52541,0.0,0.0,0.9848,0.99002,4.25897,4.76211
lgb_quantile,none,0.99,2,13,0.95,26,intermittent,10360,0.98785,0.99434,0.00894,4.92831,0.86152,0.0,0.0,0.98572,0.98973,4.77235,5.1033
lgb_quantile,none,0.99,2,13,0.95,26,lumpy,2181,0.98616,0.99218,0.01207,6.18948,1.45928,0.0,0.0,0.98361,0.98835,5.75241,6.70755
lgb_quantile,quantile,0.99,2,13,0.95,26,all,29917,0.99212,0.99274,0.00942,3.48948,0.40793,0.00136,0.0118,0.99157,0.99274,3.42445,3.55092
lgb_quantile,quantile,0.99,2,13,0.95,26,smooth,15705,0.9939,0.99226,0.00887,2.99091,0.26335,0.00038,0.0014,0.99341,0.99447,2.94159,3.05105
lgb_quantile,quantile,0.99,2,13,0.95,26,erratic,1671,0.98747,0.98955,0.01255,4.44721,0.51366,0.00192,0.00838,0.98456,0.98991,4.23742,4.7405
lgb_quantile,quantile,0.99,2,13,0.95,26,intermittent,10360,0.98725,0.99417,0.00921,4.90252,0.85384,0.00395,0.02249,0.9852,0.98923,4.7468,5.07292
lgb_quantile,quantile,0.99,2,13,0.95,26,lumpy,2181,0.98525,0.99185,0.01259,6.08739,1.42509,0.01071,0.03851,0.98258,0.98769,5.66906,6.57391
lgb_quantile,fixed,0.99,2,13,0.95,26,all,29917,0.98831,0.98764,0.01604,3.28927,0.30285,0.04575,0.12735,0.98758,0.98915,3.23333,3.34648
lgb_quantile,fixed,0.99,2,13,0.95,26,smooth,15705,0.99236,0.99054,0.01085,2.87845,0.20676,0.02606,0.0482,0.99167,0.99305,2.83593,2.93447
lgb_quantile,fixed,0.99,2,13,0.95,26,erratic,1671,0.98432,0.98605,0.01677,4.28108,0.406,0.02715,0.09515,0.98111,0.98731,4.08823,4.54044
lgb_quantile,fixed,0.99,2,13,0.95,26,intermittent,10360,0.97337,0.98468,0.02421,4.37281,0.59575,0.12886,0.22384,0.97013,0.97651,4.22958,4.51264
lgb_quantile,fixed,0.99,2,13,0.95,26,lumpy,2181,0.97333,0.98206,0.02772,5.29022,0.91307,0.16568,0.26364,0.96934,0.9771,4.9439,5.68203
lgb_quantile,dead13,0.99,2,13,0.95,26,all,29917,0.98617,0.98489,0.0196,3.2747,0.27421,0.01358,0.07253,0.98534,0.98701,3.21952,3.32781
lgb_quantile,dead13,0.99,2,13,0.95,26,smooth,15705,0.99059,0.98761,0.01421,2.83511,0.16164,0.00907,0.05298,0.98985,0.99135,2.79231,2.88768
lgb_quantile,dead13,0.99,2,13,0.95,26,erratic,1671,0.98584,0.98558,0.01733,4.39811,0.49292,0.00724,0.05087,0.98319,0.9884,4.18725,4.67893
lgb_quantile,dead13,0.99,2,13,0.95,26,intermittent,10360,0.9667,0.9813,0.02955,4.39343,0.56866,0.03589,0.09932,0.96284,0.97024,4.26672,4.53102
lgb_quantile,dead13,0.99,2,13,0.95,26,lumpy,2181,0.97392,0.98187,0.02801,5.44459,0.96508,0.0315,0.10271,0.97016,0.9773,5.07695,5.8182
lgb_quantile,dead26,0.99,2,13,0.95,26,all,29917,0.99078,0.99107,0.01159,3.39134,0.35301,0.00564,0.02397,0.99008,0.9915,3.3338,3.45158
lgb_quantile,dead26,0.99,2,13,0.95,26,smooth,15705,0.99315,0.99164,0.00958,2.91939,0.23093,0.00515,0.01891,0.99246,0.99373,2.87666,2.97934
lgb_quantile,dead26,0.99,2,13,0.95,26,erratic,1671,0.98725,0.98866,0.01363,4.45294,0.5165,0.00153,0.01317,0.9844,0.98976,4.24323,4.74296
lgb_quantile,dead26,0.99,2,13,0.95,26,intermittent,10360,0.98276,0.99095,0.01429,4.66796,0.69577,0.0086,0.03176,0.98039,0.98514,4.51858,4.82963
lgb_quantile,dead26,0.99,2,13,0.95,26,lumpy,2181,0.98174,0.98929,0.01655,5.74022,1.17959,0.01367,0.03164,0.9784,0.98456,5.31353,6.14206
