series_id,start_week,ADI,CV2,demand_class
0_1_367,0,1.1805555555555556,0.14440569327929106,smooth
0_1_639,42,1.0158730158730158,0.25501816588935533,smooth
0_1_655,0,1.0303030303030303,0.29989431963106167,smooth
0_1_1149,0,1.1888111888111887,0.173017186693911,smooth
0_1_1485,140,1.1111111111111112,0.9961689470553243,erratic
0_1_1965,0,1.0493827160493827,0.13937343373827804,smooth
0_1_1969,3,1.0774193548387097,0.294955000179282,smooth
0_1_3179,77,1.1341463414634145,0.38916881571116835,smooth
0_1_3234,0,1.2781954887218046,0.1722372832672283,smooth
0_1_3463,3,1.2279411764705883,0.17898228965081434,smooth
0_1_3515,0,1.297709923664122,0.16031700478252287,smooth
0_1_4337,0,1.0759493670886076,0.3022228866147771,smooth
0_1_4431,0,1.0365853658536586,0.16818117399022084,smooth
0_1_5317,0,1.2781954887218046,0.15409461298112745,smooth
0_1_5619,0,1.0429447852760736,0.22826059544497887,smooth
0_1_5657,0,1.223021582733813,0.21057999735764293,smooth
0_1_5871,0,1.0429447852760736,0.24706004021832814,smooth
0_1_6341,3,1.3046875,0.41959000661279655,smooth
0_1_6898,3,1.091503267973856,0.25965716676618406,smooth
0_1_7022,0,1.103896103896104,0.391771564544914,smooth
0_1_7186,0,1.0303030303030303,0.24414870474840691,smooth
0_1_7457,0,1.1643835616438356,0.16641272563538426,smooth
0_1_7469,140,1.3043478260869565,0.6416874332502669,erratic
0_1_7661,0,1.0240963855421688,0.09045549287973534,smooth
0_1_7984,0,1.297709923664122,0.10401786213741511,smooth
0_1_8011,0,1.0240963855421688,0.11216199119797919,smooth
0_1_8157,0,1.2781954887218046,0.15689113162905893,smooth
0_1_8264,0,1.069182389937107,0.13893656837542104,smooth
0_1_8468,38,1.434782608695652,0.13580246913580277,intermittent
0_1_8587,0,1.1333333333333333,0.26132438227361476,smooth
0_1_8869,0,1.0625,0.2913887386575327,smooth
0_1_10705,0,1.0828025477707006,0.13655630824653472,smooth
0_1_11000,86,1.024390243902439,0.3554413152948146,smooth
0_1_11015,0,1.297709923664122,0.13761675165556816,smooth
0_1_11526,3,1.143835616438356,0.2238743465351659,smooth
0_1_11983,0,1.3709677419354838,0.21479673853443632,intermittent
0_1_12171,0,1.1805555555555556,0.31280815988558086,smooth
0_1_12298,143,2.7,0.4876033057851238,intermittent
0_1_14160,121,1.4848484848484849,1.6973057344872975,lumpy
0_1_14311,94,1.0704225352112675,0.6386303358753389,erratic
0_3_0,38,1.1092436974789917,1.9567916734628465,erratic
0_3_400,0,1.0240963855421688,0.11847463176596854,smooth
0_3_439,42,1.0078740157480315,0.43554133197688066,smooth
0_3_1102,0,1.0240963855421688,0.28917393442376843,smooth
0_3_1154,0,1.0179640718562875,1.2714081081368371,erratic
0_3_1181,112,1.0,5.38293428808376,erratic
0_3_1274,112,1.5675675675675675,4.079955191486382,lumpy
0_3_1536,0,1.0240963855421688,0.26718250953656386,smooth
0_3_1704,3,1.0705128205128205,2.670075629204331,erratic
0_3_2119,128,1.0,1.3231182665694488,erratic
0_3_2391,112,1.0,0.6972626004382761,erratic
0_3_2506,8,1.0253164556962024,0.574836724064834,erratic
0_3_2628,0,1.0240963855421688,0.6564226818283981,erratic
0_3_2838,120,4.545454545454546,3.1038997393263728,lumpy
0_3_2884,0,1.0240963855421688,0.3702211620643129,smooth
0_3_2949,21,1.0275862068965518,0.31684330500588,smooth
0_3_3401,38,1.0819672131147542,2.4203700036180664,erratic
0_3_3419,47,1.0,0.41015647808340394,smooth
0_3_3520,0,1.0240963855421688,0.0617149762929403,smooth
0_3_3583,0,1.0240963855421688,0.17232258850928384,smooth
0_3_3702,94,1.0,0.3245384390847567,smooth
0_3_3751,112,1.0,1.0954777565518683,erratic
0_3_3778,112,1.0,0.2696197100490862,smooth
0_3_4285,0,1.0179640718562875,0.1157934654984878,smooth
0_3_4520,112,1.0,2.359722612967452,erratic
0_3_4592,0,1.0240963855421688,0.22560699074036006,smooth
0_3_5023,152,1.0,0.19099265170071478,smooth
0_3_5274,99,1.0,0.2365879421151383,smooth
0_3_5376,69,1.0,0.6140930348315145,erratic
0_3_5456,0,1.0240963855421688,0.09603312358944463,smooth
0_3_5493,0,1.0240963855421688,0.26385464608049686,smooth
0_3_5599,112,1.0,1.0950290472057143,erratic
0_3_5824,112,1.45,0.24178232286340381,intermittent
0_3_5901,51,1.0818181818181818,1.412303688935221,erratic
0_3_5933,38,1.0153846153846153,0.3475941361604009,smooth
0_3_6100,38,1.0153846153846153,0.4025768173137829,smooth
0_3_6289,112,1.0175438596491229,0.41179407336368296,smooth
0_3_6436,0,1.0179640718562875,0.11803881248928232,smooth
0_3_6581,114,1.0769230769230769,6.397660901910625,erratic
0_3_6614,112,1.0175438596491229,0.650422781748627,erratic
0_3_6816,150,2.5,3.219317987083,lumpy
0_3_6838,112,1.8125,1.638848,lumpy
0_3_7256,0,1.0429447852760736,0.27832695820863973,smooth
0_3_7299,0,1.0240963855421688,0.10099823563068587,smooth
0_3_7363,0,1.0240963855421688,0.4102767195983764,smooth
0_3_7918,0,1.0240963855421688,0.10815086895388325,smooth
0_3_8087,150,2.5,2.035743270922812,lumpy
0_3_8123,0,1.0240963855421688,0.1192904797409739,smooth
0_3_8196,112,1.0,1.0920770969634028,erratic
0_3_8313,0,1.0240963855421688,0.07879839271399372,smooth
0_3_8439,8,1.0253164556962024,2.417454341216525,erratic
0_3_8689,34,1.0149253731343284,0.6704566678309073,erratic
0_3_8754,0,1.0240963855421688,0.22083505958017674,smooth
0_3_8851,0,1.0240963855421688,0.33938229596155756,smooth
0_3_8868,112,1.0545454545454545,0.4963636363636363,smooth
0_3_8874,0,1.0240963855421688,0.11602120973948918,smooth
0_3_9003,112,1.0,0.2825146806437137,smooth
0_3_9025,157,1.0,0.3635413428858234,smooth
0_3_9055,108,1.1923076923076923,0.480041946343183,smooth
0_3_9771,0,1.0240963855421688,0.16070326904677645,smooth
0_3_9841,0,1.0240963855421688,0.07244855922247467,smooth
0_3_10278,113,1.8387096774193548,0.3794944820220719,intermittent
0_3_10359,0,1.0240963855421688,0.12747913790521018,smooth
0_3_10500,38,1.0153846153846153,0.3937138225502148,smooth
0_3_11146,0,1.0240963855421688,0.32940866117476403,smooth
0_3_11374,0,1.0493827160493827,0.14793021092759584,smooth
0_3_11418,0,1.0240963855421688,0.18174075347150506,smooth
0_3_11496,12,1.025974025974026,0.07390502427272687,smooth
0_3_11611,112,1.4871794871794872,1.343248066627008,lumpy
0_3_12086,0,1.0240963855421688,1.6990150297303643,erratic
0_3_12167,114,4.0,0.20312500000000008,intermittent
0_3_12288,0,1.0240963855421688,0.09495437734306875,smooth
0_3_12346,112,2.761904761904762,3.7707884522882384,lumpy
0_3_12891,8,1.0253164556962024,1.6320055101555473,erratic
0_3_13799,103,1.0,2.196603815625519,erratic
0_3_13830,113,4.384615384615385,0.11718749999999985,intermittent
0_3_13842,0,1.0240963855421688,0.30200587484696884,smooth
0_3_13867,69,1.0,0.9030107101904806,erratic
0_3_13996,155,1.0,0.5073267002667865,erratic
0_3_14320,112,1.0,0.2768354920096009,smooth
0_20_4337,0,4.722222222222222,0.11668650749084722,intermittent
0_20_4431,0,3.617021276595745,0.11034708133059196,intermittent
0_20_7457,25,20.714285714285715,0.33057851239669417,intermittent
0_20_8011,55,3.8333333333333335,0.18655692729766793,intermittent
0_20_8264,12,2.507936507936508,0.10890200708382529,intermittent
0_20_8587,12,26.333333333333332,0.17187500000000014,intermittent
0_44_207,0,1.3709677419354838,0.8899652026709302,lumpy
0_44_355,0,1.3934426229508197,1.0430591450294828,lumpy
0_44_394,147,1.9166666666666667,0.9644970414201184,lumpy
0_44_1345,64,2.65,0.4440809042236764,intermittent
0_44_1768,0,1.2781954887218046,0.32502239048134085,smooth
0_44_2277,21,1.5204081632653061,4.617308949079602,lumpy
0_44_2622,64,2.3043478260869565,0.4670811766191138,intermittent
0_44_2762,0,1.588785046728972,0.25545529076166285,intermittent
0_44_3283,0,1.1643835616438356,1.7728112577193555,erratic
0_44_4673,0,1.2592592592592593,2.144776470689651,erratic
0_44_4801,114,4.0,1.673794136588431,lumpy
0_44_4893,3,1.31496062992126,0.7086681599999998,erratic
0_44_5147,0,1.317829457364341,0.8469819906808155,erratic
0_44_5513,3,1.4778761061946903,0.6080460431281647,lumpy
0_44_5563,64,2.717948717948718,0.8600390457820589,lumpy
0_44_5921,0,1.5596330275229358,0.280086945643335,intermittent
0_44_5924,0,1.4912280701754386,0.7801797085075649,lumpy
0_44_8654,132,3.8,0.5192743764172335,lumpy
0_44_8726,0,1.4655172413793103,0.6053056714937164,lumpy
0_44_9290,0,1.619047619047619,0.5968172983479108,lumpy
0_44_9438,0,1.297709923664122,1.6762078473181665,erratic
0_44_9541,64,1.9272727272727272,0.14760096515169502,intermittent
0_44_10021,42,1.1636363636363636,1.5797757216676132,erratic
0_44_10424,21,1.3303571428571428,0.5113614106311162,erratic
0_44_10798,0,1.4166666666666667,1.0375457303749578,lumpy
0_44_11524,0,1.1333333333333333,1.9752217314545928,erratic
0_44_11575,147,1.9166666666666667,1.4280496712929143,lumpy
0_44_11756,73,2.3658536585365852,10.057539596547125,lumpy
0_44_12063,0,1.4166666666666667,1.5410832204400209,lumpy
0_44_12276,0,1.317829457364341,0.8200253455735431,erratic
0_44_12360,8,2.3823529411764706,0.3784552596673809,intermittent
0_44_12651,114,18.666666666666668,1.676931292274831,lumpy
0_44_12908,82,2.1463414634146343,0.586472549288916,lumpy
0_44_13089,64,2.0384615384615383,0.3203509657871483,intermittent
0_44_13707,3,1.403361344537815,1.3598758205829833,lumpy
0_44_13734,0,1.223021582733813,2.2517900219352267,erratic
0_44_14239,0,1.2878787878787878,2.480865325985533,erratic
0_47_367,0,1.8888888888888888,0.10320661157024807,intermittent
0_47_639,42,1.2190476190476192,0.22240982557427028,smooth
0_47_655,0,1.1805555555555556,0.13293656553926536,smooth
0_47_1149,0,2.0238095238095237,0.14930703422454042,intermittent
0_47_1485,141,1.7058823529411764,0.7923010629129561,lumpy
0_47_1969,3,1.2279411764705883,0.13597862626796434,smooth
0_47_3179,82,1.6,0.3717806971904267,intermittent
0_47_3234,0,1.4912280701754386,0.10240705734089486,intermittent
0_47_3463,3,1.5045045045045045,0.10725925925925926,intermittent
0_47_3515,0,1.1564625850340136,0.15348273512854527,smooth
0_47_4337,0,1.1409395973154361,0.17918964067994836,smooth
0_47_4431,0,1.223021582733813,0.09741456378305136,smooth
0_47_5317,0,1.2878787878787878,0.11901878430261002,smooth
0_47_5619,0,1.118421052631579,0.17617536602390343,smooth
0_47_5657,0,1.8085106382978724,0.0547645216929078,intermittent
0_47_5871,0,1.2781954887218046,0.12807463952502116,smooth
0_47_6341,3,1.210144927536232,0.3686839999999999,smooth
0_47_6898,3,1.3688524590163935,0.12036908442330574,intermittent
0_47_7022,0,1.3492063492063493,0.11353788035110558,intermittent
0_47_7186,0,1.1258278145695364,0.23326201887641884,smooth
0_47_7457,0,1.297709923664122,0.14781358506944467,smooth
0_47_7469,141,2.230769230769231,0.1550094517958413,intermittent
0_47_7984,0,1.2056737588652482,0.1400567324177923,smooth
0_47_8011,0,1.118421052631579,0.1846117512828139,smooth
0_47_8157,0,1.4166666666666667,0.14496630994847398,intermittent
0_47_8264,0,1.118421052631579,0.14715258974582918,smooth
0_47_8468,38,1.736842105263158,0.08250098881165273,intermittent
0_47_8587,0,1.4049586776859504,0.08263157894736829,intermittent
0_47_8869,0,1.1564625850340136,0.18208632535680028,smooth
0_47_10705,3,1.403361344537815,0.12376039675261238,intermittent
0_47_11000,86,1.5555555555555556,0.32083617720353663,intermittent
0_47_11015,0,1.5178571428571428,0.11143005573704078,intermittent
0_47_11526,3,1.3046875,0.10378119439193641,smooth
0_47_11721,0,1.1486486486486487,0.12136234693050321,smooth
0_47_11983,0,2.236842105263158,0.20891067485258077,intermittent
0_47_12171,0,1.5044247787610618,0.06378831096036376,intermittent
0_47_12298,143,6.75,0.3333333333333333,intermittent
0_47_13522,0,1.1486486486486487,0.10235446236744163,smooth
0_47_14160,122,1.6,1.7702836738742316,lumpy
0_47_14311,94,2.6206896551724137,0.3073339889239687,intermittent
0_48_182,113,1.9655172413793103,0.8908179012345677,lumpy
0_48_1228,113,1.9655172413793103,0.9754175267404769,lumpy
0_48_3067,0,1.3492063492063493,0.105043678264128,intermittent
0_48_3120,0,1.0365853658536586,0.3451119582017629,smooth
0_48_3227,0,1.4782608695652173,0.7181851851851853,lumpy
0_48_3718,0,1.8085106382978724,2.2548888564598326,lumpy
0_48_4354,77,1.2567567567567568,1.7576641014033496,erratic
0_48_4455,38,1.03125,0.35114246022786944,smooth
0_48_4466,0,1.3385826771653544,0.17316250000000002,intermittent
0_48_5805,0,1.1258278145695364,0.4552952844605536,smooth
0_48_5985,0,1.1486486486486487,0.37809885252012787,smooth
0_48_6061,0,1.069182389937107,0.6588629813913435,erratic
0_48_6868,0,1.2686567164179106,0.11042878277726763,smooth
0_48_6878,0,1.0365853658536586,0.8148660444512312,erratic
0_48_7689,113,1.8387096774193548,0.9617139456457051,lumpy
0_48_8398,0,1.0365853658536586,0.33641888614163745,smooth
0_48_9145,0,1.0429447852760736,0.20966786385761316,smooth
0_48_9637,99,1.2241379310344827,1.579277914043338,erratic
0_48_11171,0,1.0559006211180124,0.3305785123966942,smooth
0_48_11497,113,1.9655172413793103,0.8908179012345677,lumpy
0_48_12094,113,1.9,0.9444444444444444,lumpy
0_48_12238,113,1.8387096774193548,0.9617139456457051,lumpy
0_48_12821,0,1.1409395973154361,0.570256258653633,erratic
0_48_13779,38,1.0393700787401574,0.380665011645851,smooth
0_83_367,0,1.0559006211180124,0.20109363698524574,smooth
0_83_639,42,1.0756302521008403,0.24196841804184466,smooth
0_83_655,0,1.0303030303030303,0.1461496159705728,smooth
0_83_1018,0,1.0493827160493827,0.15336328731231616,smooth
0_83_1149,0,1.0429447852760736,0.5833994420987026,erratic
0_83_1485,140,1.0,0.4621651129587638,smooth
0_83_1969,3,1.0372670807453417,0.16183055038611535,smooth
0_83_3053,0,1.0828025477707006,0.2798310500670855,smooth
0_83_3179,77,1.0813953488372092,0.42055140880255565,smooth
0_83_3234,0,1.0493827160493827,0.2674641710392358,smooth
0_83_3463,3,1.218978102189781,0.1530346978274291,smooth
0_83_3515,0,1.0365853658536586,0.13393657536506598,smooth
0_83_4337,0,1.0179640718562875,0.17653779344763265,smooth
0_83_4431,0,1.0240963855421688,0.1604062275409468,smooth
0_83_5317,0,1.0759493670886076,0.17765140010403455,smooth
0_83_5619,0,1.0179640718562875,0.17560089478162946,smooth
0_83_5657,0,1.0493827160493827,0.13244091854934614,smooth
0_83_5871,0,1.0240963855421688,0.1643093420393431,smooth
0_83_6341,3,1.1208053691275168,0.3864394700321424,smooth
0_83_6898,3,1.0372670807453417,0.24263920087068416,smooth
0_83_7022,0,1.0240963855421688,0.2611837632576254,smooth
0_83_7186,0,1.0179640718562875,0.30920717172257006,smooth
0_83_7457,0,1.0759493670886076,0.14870154236323163,smooth
0_83_7469,140,1.0344827586206897,0.6554166666666664,erratic
0_83_7984,0,1.1486486486486487,0.23835533167358713,smooth
0_83_8011,0,1.069182389937107,0.15444357387103647,smooth
0_83_8157,0,1.1111111111111112,0.13419051637460502,smooth
0_83_8264,0,1.0303030303030303,0.4167878699367208,smooth
0_83_8468,38,1.1282051282051282,0.34895291363163383,smooth
0_83_8587,0,1.0897435897435896,0.15969641795481557,smooth
0_83_8869,0,1.0828025477707006,0.262717724491818,smooth
0_83_10705,0,1.0429447852760736,0.2520333155516688,smooth
0_83_11000,86,1.0632911392405062,0.3301122457591355,smooth
0_83_11015,0,1.1643835616438356,0.23164881678578295,smooth
0_83_11526,3,1.0705128205128205,0.1348054846938776,smooth
0_83_11983,0,1.3076923076923077,0.16917430237401077,smooth
0_83_12171,0,1.1409395973154361,0.23161142129000917,smooth
0_83_12298,143,2.076923076923077,0.7722448979591835,lumpy
0_83_13522,0,1.0240963855421688,0.14089155754407148,smooth
0_83_14160,123,1.0217391304347827,0.6661692626684331,erratic
0_83_14311,94,1.4339622641509433,1.7740520401418185,lumpy
0_95_367,103,13.4,0.06659729448491142,intermittent
0_95_639,51,3.4,0.08174725651577505,intermittent
0_95_655,0,1.4655172413793103,0.07244365259713503,intermittent
0_95_1149,3,1.835164835164835,0.11991106185121103,intermittent
0_95_1969,8,1.7419354838709677,0.08400720009502656,intermittent
0_95_3179,82,5.866666666666666,0.07041587901701309,intermittent
0_95_3234,21,8.764705882352942,0.5068411659726357,lumpy
0_95_3463,3,9.823529411764707,0.34406249999999994,intermittent
0_95_3515,86,16.8,0.03537981269510906,intermittent
0_95_4337,0,2.0,0.20268492210293443,intermittent
0_95_4431,0,1.2781954887218046,0.1034948802098405,smooth
0_95_5619,0,1.3709677419354838,0.1431468313409048,intermittent
0_95_5657,21,2.442622950819672,0.10817724592438452,intermittent
0_95_5871,16,2.75,0.11540971623985154,intermittent
0_95_6341,3,4.394736842105263,0.17791234140715115,intermittent
0_95_6898,8,1.8,0.11296296296296306,intermittent
0_95_7022,30,7.368421052631579,0.520478890989288,lumpy
0_95_7186,0,2.6153846153846154,0.182638888888889,intermittent
0_95_7457,16,7.333333333333333,0.15527147371445005,intermittent
0_95_8011,0,1.1888111888111887,0.18857425654626328,smooth
0_95_8157,3,3.150943396226415,0.09506895313515991,intermittent
0_95_8264,0,1.1724137931034482,0.13234146535961877,smooth
0_95_8468,55,9.583333333333334,0.2299687825182102,intermittent
0_95_8869,0,3.5416666666666665,0.30615822923515235,intermittent
0_95_10705,0,3.207547169811321,0.16992919616826324,intermittent
0_95_11000,90,3.3333333333333335,0.13382716049382717,intermittent
0_95_11721,0,1.2592592592592593,0.14291857681853212,smooth
0_95_11983,0,5.0,0.131091211995002,intermittent
0_95_12171,16,11.846153846153847,0.3577777777777781,intermittent
0_95_13522,0,1.1643835616438356,0.12485617599585846,smooth
0_95_14160,127,21.5,0.0,intermittent
0_100_367,0,1.25,0.12896385284213552,smooth
0_100_639,42,1.1228070175438596,0.2734034763171081,smooth
0_100_655,0,1.0240963855421688,0.2024443086139635,smooth
0_100_1149,0,1.3934426229508197,0.12852464103199648,intermittent
0_100_1969,3,1.04375,0.22993423280675893,smooth
0_100_3234,0,1.25,0.14099663515462282,smooth
0_100_3463,3,1.0705128205128205,0.14260502872555117,smooth
0_100_3515,0,1.1111111111111112,0.17442634604860055,smooth
0_100_4337,0,1.0759493670886076,0.2113753544205083,smooth
0_100_4431,0,1.0429447852760736,0.1576810617031554,smooth
0_100_5317,0,1.297709923664122,0.14781358506944467,smooth
0_100_5619,0,1.118421052631579,0.17093491468921362,smooth
0_100_5657,0,1.328125,0.11425231161653736,smooth
0_100_5871,0,1.103896103896104,0.2053431818712222,smooth
0_100_6341,3,1.167832167832168,0.21090977185481125,smooth
0_100_6898,3,1.1360544217687074,0.17003567181926266,smooth
0_100_7022,0,1.118421052631579,0.2341205922878378,smooth
0_100_7186,0,1.069182389937107,0.1528088017751479,smooth
0_100_7457,0,1.25,0.15874949382009687,smooth
0_100_7984,0,1.25,0.12565426351059006,smooth
0_100_8011,0,1.0240963855421688,0.09491636226050822,smooth
0_100_8157,0,1.1333333333333333,0.14851259344962617,smooth
0_100_8264,0,1.0828025477707006,0.1785409842508478,smooth
0_100_8468,38,1.2110091743119267,0.2829582907956515,smooth
0_100_8587,0,1.1724137931034482,0.13523219849511017,smooth
0_100_8869,0,1.103896103896104,0.14994632088536602,smooth
0_100_10705,0,1.0897435897435896,0.15363567995989105,smooth
0_100_10789,0,1.0493827160493827,0.13674190218346757,smooth
0_100_11015,0,1.2781954887218046,0.1508923742563549,smooth
0_100_11526,3,1.210144927536232,0.09208002034023675,smooth
0_100_11983,0,1.5315315315315314,0.13574760382637327,intermittent
0_100_12171,0,1.9318181818181819,0.15954554399379886,intermittent
0_100_14311,94,1.6521739130434783,0.46749387755102045,intermittent
0_120_367,0,2.463768115942029,0.22073935072246173,intermittent
0_120_639,47,1.4642857142857142,0.192067188428858,intermittent
0_120_655,0,1.3709677419354838,0.09057580733257697,intermittent
0_120_1149,3,3.4081632653061225,0.1522307730999448,intermittent
0_120_1485,140,2.727272727272727,0.3127572016460905,intermittent
0_120_1969,8,1.975609756097561,0.06789320699525866,intermittent
0_120_3179,77,1.603448275862069,0.34243046330958427,intermittent
0_120_3234,0,1.5315315315315314,0.14692942518379357,intermittent
0_120_3463,8,3.4468085106382977,0.11534082086848504,intermittent
0_120_3515,3,1.4649122807017543,0.09901407055093132,intermittent
0_120_4337,0,1.1971830985915493,0.1969933145103854,smooth
0_120_4431,0,1.1724137931034482,0.12704506061149431,smooth
0_120_5317,0,1.5596330275229358,0.1012971774982076,intermittent
0_120_5619,3,1.8977272727272727,0.17354747989265024,intermittent
0_120_5657,3,1.7578947368421052,0.14580558367520904,intermittent
0_120_5871,0,1.619047619047619,0.19701579817804693,intermittent
0_120_6341,3,1.3253968253968254,0.09375000000000012,smooth
0_120_6898,8,1.9058823529411764,0.06438278733150946,intermittent
0_120_7022,0,1.2781954887218046,0.12411158771408018,smooth
0_120_7186,0,1.1888111888111887,0.1472873364765255,smooth
0_120_7457,0,3.1481481481481484,0.09422936449963483,intermittent
0_120_7469,140,2.727272727272727,0.33431952662721864,intermittent
0_120_7984,0,2.0987654320987654,0.12017430120097772,intermittent
0_120_8011,0,1.2142857142857142,0.16089240170702762,smooth
0_120_8157,0,1.8681318681318682,0.19491790217000735,intermittent
0_120_8264,0,1.3934426229508197,0.134613761404532,intermittent
0_120_8468,47,3.4166666666666665,0.2365835222978081,intermittent
0_120_8587,0,2.9310344827586206,0.18840235750168133,intermittent
0_120_8869,0,1.7171717171717171,0.14963740308559806,intermittent
0_120_10705,0,1.4912280701754386,0.10470992563054866,intermittent
0_120_10774,0,1.3076923076923077,0.08283384697517525,smooth
0_120_11000,86,1.7872340425531914,0.285972222222222,intermittent
0_120_11015,0,1.8085106382978724,0.12073205715409234,intermittent
0_120_11526,8,1.9518072289156627,0.15722071213166164,intermittent
0_120_11983,0,4.358974358974359,0.12834718374884596,intermittent
0_120_12171,0,2.151898734177215,0.09437199873790328,intermittent
0_120_13522,0,1.1643835616438356,0.1185551045690908,smooth
0_120_14160,121,2.130434782608696,0.7176172591492703,lumpy
0_120_14311,137,33.0,0.0,intermittent
0_121_367,0,1.0240963855421688,0.17154011647852693,smooth
0_121_639,30,1.0769230769230769,0.2192276306887373,smooth
0_121_655,0,1.0240963855421688,0.0695216078037616,smooth
0_121_1149,0,1.0240963855421688,0.18688560453606645,smooth
0_121_1183,0,1.0240963855421688,0.0605355589305666,smooth
0_121_1485,132,1.0,0.2778441718773319,smooth
0_121_1969,0,1.0429447852760736,0.1939850758967549,smooth
0_121_2869,0,1.0240963855421688,0.10037263309021947,smooth
0_121_2950,0,1.0240963855421688,0.17926891340039322,smooth
0_121_3053,8,1.35,0.45882239611920045,intermittent
0_121_3179,42,1.1228070175438596,0.5616402794117259,erratic
0_121_3234,0,1.0240963855421688,0.1379551518357381,smooth
0_121_3264,0,1.0240963855421688,0.06601246403155141,smooth
0_121_3463,0,1.0493827160493827,0.17295972864288575,smooth
0_121_4233,139,2.5833333333333335,1.7492609513571626,lumpy
0_121_4337,0,1.0240963855421688,0.07077405361928615,smooth
0_121_4836,155,1.0714285714285714,1.4677233910830285,erratic
0_121_5317,0,1.0240963855421688,0.06898887644297087,smooth
0_121_5604,0,1.0240963855421688,0.07091002225380769,smooth
0_121_5619,0,1.0240963855421688,0.07760896824673297,smooth
0_121_5657,0,1.0240963855421688,0.07093876105132724,smooth
0_121_5871,0,1.0240963855421688,0.07276161451884806,smooth
0_121_6212,155,1.0714285714285714,1.4677233910830285,erratic
0_121_6341,0,1.0429447852760736,0.25397006856457477,smooth
0_121_6416,148,7.333333333333333,0.0,intermittent
0_121_6680,155,1.0714285714285714,1.4677233910830285,erratic
0_121_6898,3,1.0245398773006136,0.1279318488654231,smooth
0_121_7022,0,1.0240963855421688,0.10934995354550212,smooth
0_121_7186,0,1.0240963855421688,0.11370881547089964,smooth
0_121_7457,0,1.0240963855421688,0.06353685033733181,smooth
0_121_7469,132,1.0,0.39098526753929574,smooth
0_121_7984,0,1.0240963855421688,0.20153452571344566,smooth
0_121_8011,0,1.0240963855421688,0.17677820714580367,smooth
0_121_8157,0,1.0240963855421688,0.09312561207604934,smooth
0_121_8264,0,1.0365853658536586,0.14542543053598445,smooth
0_121_8468,21,1.0275862068965518,0.2723777668558658,smooth
0_121_8512,0,2.463768115942029,0.8481204831332679,lumpy
0_121_8587,0,1.0240963855421688,0.09373482243767463,smooth
0_121_8869,0,1.0240963855421688,0.16767527357063897,smooth
0_121_9127,112,1.0,0.2630650884965504,smooth
0_121_9921,0,1.1724137931034482,0.39346694667640636,smooth
0_121_10090,113,1.0961538461538463,0.35131839658588626,smooth
0_121_10438,121,1.3243243243243243,0.41185905827647434,smooth
0_121_10705,0,1.0240963855421688,0.08417979929126768,smooth
0_121_10999,113,2.111111111111111,0.33313503866745975,intermittent
0_121_11000,77,1.0,0.11119077894567994,smooth
0_121_11015,0,1.0759493670886076,0.29878850220559233,smooth
0_121_11161,114,2.9473684210526314,4.333659644451406,lumpy
0_121_11526,0,1.0240963855421688,0.061715492668990374,smooth
0_121_11552,0,1.0759493670886076,0.13110828040889805,smooth
0_121_11983,0,1.069182389937107,0.2764939936357403,smooth
0_121_12018,0,1.0240963855421688,0.14663053925407044,smooth
0_121_12171,0,1.0240963855421688,2.401721114191871,erratic
0_121_12298,131,1.0,4.780462054490777,erratic
0_121_14160,115,1.0,0.4313830618031525,smooth
0_123_367,0,1.3385826771653544,0.10637869473005995,intermittent
0_123_639,47,1.3666666666666667,0.14326477050781247,intermittent
0_123_655,0,1.2056737588652482,0.1619671648384009,smooth
0_123_1018,0,1.2056737588652482,0.12905530215625202,smooth
0_123_1149,0,8.095238095238095,0.18616257088846863,intermittent
0_123_1485,141,3.625,0.6885813148788927,lumpy
0_123_1969,25,2.265625,0.2071389940508383,intermittent
0_123_3234,34,3.4871794871794872,0.19531250000000006,intermittent
0_123_3463,8,2.076923076923077,0.08186773051637918,intermittent
0_123_3515,12,2.5483870967741935,0.21627252035029512,intermittent
0_123_4337,0,1.297709923664122,0.17746804126798194,smooth
0_123_4431,0,1.297709923664122,0.12130283739452194,smooth
0_123_5317,34,2.3859649122807016,0.22606011118443875,intermittent
0_123_5619,69,3.4827586206896552,0.051889995473064804,intermittent
0_123_5657,16,3.422222222222222,0.10192005796401411,intermittent
0_123_5871,3,1.3253968253968254,0.16618798131549034,smooth
0_123_6898,8,1.4727272727272727,0.1415454650669342,intermittent
0_123_7022,0,1.4406779661016949,0.12291358514312802,intermittent
0_123_7186,0,1.3821138211382114,0.09433318866637735,intermittent
0_123_7457,0,1.3709677419354838,0.1684692103947926,intermittent
0_123_7469,155,5.0,0.78125,lumpy
0_123_7984,0,3.8636363636363638,0.14321019771071794,intermittent
0_123_8011,0,1.4782608695652173,0.1317774819223642,intermittent
0_123_8157,12,1.58,0.14514632756733228,intermittent
0_123_8264,0,1.297709923664122,0.11026293469041566,smooth
0_123_8468,38,3.142857142857143,0.12601358755204906,intermittent
0_123_8587,30,4.375,0.12465326431982614,intermittent
0_123_8869,153,17.0,0.0,intermittent
0_123_11000,86,2.0,0.26095238095238105,intermittent
0_123_11015,0,2.463768115942029,0.21617390903998573,intermittent
0_123_11526,3,2.4558823529411766,0.1023919223605529,intermittent
0_123_11983,0,2.982456140350877,0.11534602076124569,intermittent
0_123_12171,3,4.638888888888889,0.17000000000000015,intermittent
0_123_13522,0,1.4049586776859504,0.07381239549354453,intermittent
0_123_14160,123,4.2727272727272725,0.0694444444444446,intermittent
0_123_14311,99,8.875,0.40312213039485767,intermittent
0_154_367,112,1.8125,0.555246974806586,lumpy
0_154_639,114,2.0,0.27272727272727276,intermittent
0_154_655,114,1.8666666666666667,0.5041572184429328,lumpy
0_154_1149,112,11.6,0.11111111111111122,intermittent
0_154_1485,140,2.727272727272727,0.22222222222222246,intermittent
0_154_1969,116,3.6,0.20000000000000004,intermittent
0_154_3179,116,2.8421052631578947,0.23668639053254437,intermittent
0_154_3234,113,2.590909090909091,0.16753381893860558,intermittent
0_154_3463,114,14.0,0.0,intermittent
0_154_3515,124,5.75,0.0,intermittent
0_154_4337,119,17.0,0.0,intermittent
0_154_4431,113,2.375,0.43801652892561993,intermittent
0_154_5317,116,4.909090909090909,0.12444444444444452,intermittent
0_154_5619,125,45.0,0.0,intermittent
0_154_5657,116,6.75,0.08641975308641975,intermittent
0_154_5871,118,7.428571428571429,0.3305785123966942,intermittent
0_154_6341,114,5.090909090909091,0.10650887573964475,intermittent
0_154_6898,116,3.6,0.20498614958448763,intermittent
0_154_7022,116,13.5,0.375,intermittent
0_154_7186,112,1.5263157894736843,0.36515432619328747,intermittent
0_154_7457,142,3.5,0.5488,lumpy
0_154_7469,140,4.285714285714286,0.26000000000000006,intermittent
0_154_8011,112,2.1481481481481484,0.31683873264506945,intermittent
0_154_8157,112,3.0526315789473686,0.22496570644718797,intermittent
0_154_8264,119,12.75,0.30864197530864196,intermittent
0_154_8468,124,15.333333333333334,0.0,intermittent
0_154_8587,113,5.181818181818182,0.179930795847751,intermittent
0_154_8869,112,2.6363636363636362,0.2684310018903594,intermittent
0_154_8880,112,1.2340425531914894,0.633013839307546,erratic
0_154_10705,135,35.0,0.0,intermittent
0_154_11000,114,7.0,0.3727810650887574,intermittent
0_154_11015,116,9.0,0.31250000000000017,intermittent
0_154_11526,116,5.4,0.4062499999999998,intermittent
0_154_11983,134,36.0,0.0,intermittent
0_154_12171,112,3.625,0.19008264462809918,intermittent
0_154_12298,146,12.0,0.1111111111111111,intermittent
0_154_14160,121,3.769230769230769,0.7604166666666664,lumpy
0_154_14311,116,7.714285714285714,0.6428571428571428,lumpy
0_155_367,3,9.823529411764707,0.1885872576177286,intermittent
0_155_639,90,7.2727272727272725,0.12631013168503066,intermittent
0_155_655,8,20.25,0.31265306122448977,intermittent
0_155_4337,34,3.1627906976744184,0.2512015121961027,intermittent
0_155_4431,12,7.9,0.17330191061358474,intermittent
0_155_5619,0,11.333333333333334,0.13432647393005911,intermittent
0_155_5871,3,16.7,0.3626075147125395,intermittent
0_155_7022,0,12.142857142857142,0.08109504132231414,intermittent
0_155_7186,16,9.625,0.13994459833795014,intermittent
0_155_7984,0,28.333333333333332,0.26278240190249724,intermittent
0_155_8011,30,1.8421052631578947,0.16322336398052995,intermittent
0_155_8264,21,2.2238805970149254,0.17667590027700797,intermittent
0_155_8869,99,8.875,0.40312213039485767,intermittent
0_155_11000,90,4.2105263157894735,0.5152936761118408,lumpy
0_155_11526,3,9.823529411764707,0.13897691263014936,intermittent
0_155_14311,135,35.0,0.0,intermittent
0_161_639,123,47.0,0.0,intermittent
0_161_1485,156,3.5,0.0,intermittent
0_161_4431,116,18.0,0.07407407407407401,intermittent
0_161_7022,150,20.0,0.0,intermittent
0_161_7186,134,9.0,0.13580246913580246,intermittent
0_161_7469,156,3.5,0.0,intermittent
0_161_8011,125,6.428571428571429,0.09917355371900838,intermittent
0_161_8264,121,24.5,0.0,intermittent
0_161_11000,116,27.0,0.6049382716049383,lumpy
0_161_14160,139,5.166666666666667,0.041322314049586896,intermittent
0_167_367,113,5.7,0.3777777777777778,intermittent
0_167_639,123,23.5,0.0,intermittent
0_167_655,123,6.714285714285714,0.44628099173553737,intermittent
0_167_1485,155,15.0,0.0,intermittent
0_167_1969,123,7.833333333333333,0.0,intermittent
0_167_3179,122,16.0,0.0,intermittent
0_167_3234,130,40.0,0.0,intermittent
0_167_4337,116,9.0,0.0,intermittent
0_167_4431,116,6.0,0.11570247933884288,intermittent
0_167_5871,125,11.25,0.30177514792899407,intermittent
0_167_6898,123,9.4,0.0,intermittent
0_167_7022,128,42.0,0.0,intermittent
0_167_7186,121,4.454545454545454,0.0694444444444446,intermittent
0_167_7457,113,19.0,0.12500000000000006,intermittent
0_167_7469,144,13.0,0.0,intermittent
0_167_8011,123,5.875,0.4444444444444444,intermittent
0_167_8157,121,12.25,0.0,intermittent
0_167_8468,151,9.5,0.0,intermittent
0_167_8869,113,3.1666666666666665,0.1999999999999999,intermittent
0_167_10789,113,2.590909090909091,0.5909422936449962,lumpy
0_167_11000,113,6.333333333333333,0.12500000000000006,intermittent
0_167_11526,116,13.5,0.0,intermittent
0_167_12171,156,14.0,0.0,intermittent
0_167_14160,122,16.0,0.12500000000000006,intermittent
0_168_639,116,6.0,0.07999999999999981,intermittent
0_168_655,114,2.5454545454545454,0.5476660092044706,lumpy
0_168_1485,140,2.5,0.12500000000000006,intermittent
0_168_1969,122,12.0,0.0,intermittent
0_168_3179,116,13.5,0.12,intermittent
0_168_3234,124,9.2,0.32653061224489816,intermittent
0_168_3463,154,5.333333333333333,0.0,intermittent
0_168_3515,124,11.5,0.0,intermittent
0_168_4337,113,14.25,0.12,intermittent
0_168_4431,114,2.1538461538461537,0.47448015122873344,intermittent
0_168_5619,156,4.666666666666667,0.12500000000000006,intermittent
0_168_5871,115,2.1153846153846154,0.2724616508400292,intermittent
0_168_6341,155,7.5,0.1111111111111111,intermittent
0_168_6898,125,15.0,0.0,intermittent
0_168_7022,120,25.0,0.0,intermittent
0_168_7186,113,2.111111111111111,0.7186198691255203,lumpy
0_168_7457,113,3.5625,0.061224489795918366,intermittent
0_168_7469,140,5.0,0.1111111111111111,intermittent
0_168_7984,130,20.0,0.0,intermittent
0_168_8011,114,3.111111111111111,0.2781065088757396,intermittent
0_168_8157,155,15.0,0.0,intermittent
0_168_8264,115,6.111111111111111,0.12500000000000006,intermittent
0_168_8468,115,7.857142857142857,0.12345679012345664,intermittent
0_168_8587,113,4.75,0.06508875739644986,intermittent
0_168_8869,121,16.333333333333332,0.0,intermittent
0_168_10789,115,2.2,0.9896193771626296,lumpy
0_168_11000,113,5.7,0.42857142857142866,intermittent
0_168_11015,115,55.0,0.0,intermittent
0_168_11983,133,12.333333333333334,0.0,intermittent
0_168_12171,119,5.1,0.0,intermittent
0_168_12298,149,21.0,0.0,intermittent
0_168_14160,121,4.083333333333333,0.4421768707482994,intermittent
0_168_14311,119,7.285714285714286,1.2711111111111113,lumpy
0_199_655,114,14.0,0.22448979591836735,intermittent
0_199_1969,117,17.666666666666668,0.0,intermittent
0_199_4431,114,56.0,0.0,intermittent
0_199_6341,156,4.666666666666667,0.0,intermittent
0_199_6898,124,23.0,0.0,intermittent
0_199_14160,156,4.666666666666667,0.07999999999999986,intermittent
0_219_15,0,1.0179640718562875,0.2969038895281523,smooth
0_219_2083,21,1.0347222222222223,0.308353676008241,smooth
0_219_2485,0,1.0179640718562875,0.16988471941493516,smooth
0_219_2552,0,1.1564625850340136,0.2025187131210776,smooth
0_219_3431,116,2.7,0.5111111111111112,lumpy
0_219_3476,0,1.0179640718562875,0.15433386854632256,smooth
0_219_3632,0,1.069182389937107,0.2019876788598316,smooth
0_219_4317,0,1.0625,0.585455836418242,erratic
0_219_4530,0,1.0625,0.4113667908539704,smooth
0_219_4651,0,1.0179640718562875,0.1377872114834351,smooth
0_219_4842,0,1.0179640718562875,0.10272089694263493,smooth
0_219_5317,0,1.0179640718562875,0.09887878434141825,smooth
0_219_6776,0,1.0365853658536586,0.35264493557284354,smooth
0_219_6939,0,1.0179640718562875,0.07046149521763596,smooth
0_219_8064,0,1.0179640718562875,0.14021785321476293,smooth
0_219_8174,0,1.0179640718562875,0.0761377779926169,smooth
0_219_9039,112,1.0,0.257108550019189,smooth
0_219_9064,0,1.0179640718562875,0.10529752896978195,smooth
0_219_9272,0,1.0179640718562875,0.24767320203738333,smooth
0_219_9570,0,1.1564625850340136,0.22481680144881797,smooth
0_219_9638,113,1.1176470588235294,0.5625981489525211,erratic
0_219_10214,0,1.0179640718562875,0.05652050540687019,smooth
0_219_10573,0,1.0179640718562875,0.0744260842895982,smooth
0_219_10717,0,1.0179640718562875,0.5514976878871847,erratic
0_219_11015,0,1.0179640718562875,0.21139566369825147,smooth
0_219_11200,0,1.0179640718562875,0.1947162187055314,smooth
0_219_11551,0,1.0240963855421688,0.12006649487271315,smooth
0_219_12829,21,1.0205479452054795,0.07655322459856766,smooth
0_219_13501,0,1.069182389937107,0.30263379056565987,smooth
0_219_14208,0,1.0179640718562875,0.3335993953232947,smooth
0_234_260,0,1.0240963855421688,0.06707214820323947,smooth
0_234_672,113,1.6285714285714286,0.32222222222222235,intermittent
0_234_704,0,1.0240963855421688,0.12196006628943785,smooth
0_234_1657,0,1.0240963855421688,0.09847471702790742,smooth
0_234_2610,112,1.0,0.34497367752108216,smooth
0_234_3234,0,1.0240963855421688,0.11831529527303968,smooth
0_234_3855,0,1.0240963855421688,0.16358263115505847,smooth
0_234_4029,0,1.0240963855421688,0.07828377865284379,smooth
0_234_4548,0,1.0240963855421688,0.06763696436228207,smooth
0_234_4572,0,1.0365853658536586,0.2271041712963747,smooth
0_234_4929,0,1.0240963855421688,0.11717015667121843,smooth
0_234_5027,0,1.0240963855421688,0.13111549999533054,smooth
0_234_5141,0,1.0240963855421688,0.12379042778769855,smooth
0_234_5174,113,1.0,0.259825633304739,smooth
0_234_5347,0,1.0240963855421688,0.1419066673465963,smooth
0_234_5525,153,1.0,0.46566571624265124,smooth
0_234_5571,0,1.0559006211180124,0.11813745298241722,smooth
0_234_6432,0,1.0240963855421688,0.11997547858204573,smooth
0_234_6958,0,1.0493827160493827,0.20822904095914113,smooth
0_234_8152,112,1.0,0.20876989883673933,smooth
0_234_8157,0,1.0240963855421688,0.11589819481879086,smooth
0_234_8230,0,1.0240963855421688,0.13379316202660566,smooth
0_234_8287,0,1.0240963855421688,0.10410630402851728,smooth
0_234_9419,0,1.0240963855421688,0.1360093430435225,smooth
0_234_9451,0,1.0240963855421688,0.1613916922192567,smooth
0_234_9927,0,1.1409395973154361,0.15641500768190977,smooth
0_234_9962,0,1.0240963855421688,0.12365136994193304,smooth
0_234_9973,117,4.076923076923077,0.30000000000000004,intermittent
0_234_10114,0,1.0240963855421688,0.644505362173535,erratic
0_234_10546,0,1.0240963855421688,0.18741226002985456,smooth
0_234_10967,51,1.0,0.08854196750003468,smooth
0_234_11075,0,1.0240963855421688,0.08121123753898309,smooth
0_234_11492,30,1.1475409836065573,0.5125695790678957,erratic
0_234_11894,0,1.0759493670886076,0.38417582010654794,smooth
0_234_11976,0,1.0240963855421688,0.15008675882168077,smooth
0_234_11988,0,1.0240963855421688,0.10607436277164663,smooth
0_234_12511,0,1.1111111111111112,0.21837759045554309,smooth
0_234_14147,77,1.0,0.11228780613922029,smooth
0_242_207,0,1.1643835616438356,2.1873511506138033,erratic
0_242_355,0,1.0897435897435896,0.6822268863758412,erratic
0_242_394,149,1.6153846153846154,1.9909312604785858,lumpy
0_242_536,114,1.0566037735849056,0.6199371627621063,erratic
0_242_899,0,1.0179640718562875,2.229537019113716,erratic
0_242_1226,103,1.0,0.8305396013799687,erratic
0_242_1345,69,1.2023809523809523,0.7954354953368208,erratic
0_242_1552,69,1.364864864864865,1.8195557684370358,lumpy
0_242_1724,0,1.0429447852760736,1.1686206202097131,erratic
0_242_1768,0,1.103896103896104,0.9053115861329013,erratic
0_242_1798,0,1.0179640718562875,1.485411883688057,erratic
0_242_1936,64,1.1157894736842104,3.9972027820116813,erratic
0_242_2088,8,1.2366412213740459,1.4186486587498452,erratic
0_242_2195,115,1.896551724137931,1.3316006845074633,lumpy
0_242_2277,21,1.3423423423423424,2.7205582085625104,lumpy
0_242_2622,69,1.2625,0.859029999294567,erratic
0_242_2762,0,1.3385826771653544,0.7130905510782112,lumpy
0_242_3283,0,1.0625,1.043114309703646,erratic
0_242_3789,147,1.0,0.42465533031360586,smooth
0_242_4009,0,1.0493827160493827,0.3671960796315833,smooth
0_242_4673,0,1.069182389937107,1.7027337826143378,erratic
0_242_4801,115,2.1153846153846154,2.4668096623191373,lumpy
0_242_4893,3,1.0986842105263157,0.34654894015231086,smooth
0_242_5147,0,1.0828025477707006,0.7647388679742145,erratic
0_242_5513,3,1.1059602649006623,0.9755822123226758,erratic
0_242_5526,0,1.0493827160493827,2.489851089785295,erratic
0_242_5563,69,1.4225352112676057,0.543534476974775,lumpy
0_242_5760,51,1.1121495327102804,2.055462802454634,erratic
0_242_5921,0,1.328125,1.3971992522620027,erratic
0_242_5924,0,1.1724137931034482,0.420130137640762,smooth
0_242_7006,0,1.0179640718562875,0.35039006077201224,smooth
0_242_7072,3,1.1517241379310346,4.124549098795614,erratic
0_242_7344,147,1.0,0.5917204355704583,erratic
0_242_7399,0,1.0179640718562875,0.5044419100947606,erratic
0_242_7411,0,1.0365853658536586,0.35631251248966866,smooth
0_242_7524,34,1.0303030303030303,4.629979165249988,erratic
0_242_8140,154,1.4545454545454546,1.5471186295869113,lumpy
0_242_8654,131,1.5,1.4192241070730598,lumpy
0_242_8726,0,1.0828025477707006,0.46447111244551237,smooth
0_242_8884,77,1.0333333333333334,0.22804470895630732,smooth
0_242_9047,82,1.035294117647059,1.166932226326018,erratic
0_242_9268,0,1.1111111111111112,0.6842515398721352,erratic
0_242_9290,0,1.1643835616438356,0.556142165701563,erratic
0_242_9438,0,1.069182389937107,0.7969921159076389,erratic
0_242_9541,69,1.2023809523809523,0.48779746100044025,smooth
0_242_10021,42,1.0756302521008403,0.6875825949917482,erratic
0_242_10260,120,1.25,0.44044321329639874,smooth
0_242_10424,25,1.1068702290076335,0.7964789948440264,erratic
0_242_10476,3,1.0774193548387097,0.19172176482433437,smooth
0_242_10798,0,1.096774193548387,0.4828754119450087,smooth
0_242_11030,3,1.0182926829268293,0.5549192611606852,erratic
0_242_11405,0,1.0625,0.5706061837634002,erratic
0_242_11524,0,1.0625,0.8414827267578616,erratic
0_242_11575,149,1.6153846153846154,1.1130838237563094,lumpy
0_242_11756,73,1.3857142857142857,1.655674279144678,lumpy
0_242_11977,0,1.0179640718562875,6.341476792852747,erratic
0_242_12063,0,1.1333333333333333,0.5232522274839647,erratic
0_242_12073,12,1.264,0.30460852914937275,smooth
0_242_12276,0,1.096774193548387,0.8336571810445514,erratic
0_242_12360,12,1.234375,0.35927354351596774,smooth
0_242_12367,114,1.018181818181818,0.8696931820280897,erratic
0_242_12427,128,1.68,1.9400159897499827,lumpy
0_242_12586,0,1.0365853658536586,4.224790701981112,erratic
0_242_12625,3,1.0182926829268293,0.365847706813182,smooth
0_242_12908,77,1.1923076923076923,0.9150819847246704,erratic
0_242_13089,69,1.216867469879518,0.9514384066879763,erratic
0_242_13524,73,1.0104166666666667,0.400015986181149,smooth
0_242_13707,3,1.0986842105263157,0.8777766848793804,erratic
0_242_13734,0,1.0828025477707006,0.613692282449759,erratic
0_242_14239,0,1.1333333333333333,1.519914350016166,erratic
0_242_14307,115,1.1702127659574468,0.4270950168242268,smooth
0_261_135,0,1.0240963855421688,0.09073509458609176,smooth
0_261_686,0,1.0303030303030303,0.27632497640776654,smooth
0_261_825,0,1.0240963855421688,0.18921660814175073,smooth
0_261_1286,0,1.0429447852760736,0.27904326316060707,smooth
0_261_1834,108,1.0,0.22313377743903132,smooth
0_261_3161,0,1.0240963855421688,0.0735171438586674,smooth
0_261_3488,0,1.0240963855421688,0.1280872366525285,smooth
0_261_3696,94,1.2063492063492063,0.5284659869172715,erratic
0_261_3955,0,1.0303030303030303,0.28562857700312166,smooth
0_261_4020,0,1.0303030303030303,1.2895314828593196,erratic
0_261_4560,0,1.0493827160493827,0.10379921627319111,smooth
0_261_6014,0,1.0240963855421688,0.0653257913793246,smooth
0_261_6318,108,1.0,0.24163754152914668,smooth
0_261_6379,116,1.8620689655172413,0.7328395061728394,lumpy
0_261_6465,86,1.105263157894737,0.16306079597299825,smooth
0_261_6531,34,1.0149253731343284,0.13061100244396992,smooth
0_261_6564,0,1.0240963855421688,0.12456465309320924,smooth
0_261_6750,116,1.8620689655172413,0.7328395061728394,lumpy
0_261_6772,51,1.0,0.10377308370730369,smooth
0_261_6892,0,1.1805555555555556,0.21090213062546198,smooth
0_261_6938,77,1.0,0.1061863931472865,smooth
0_261_7071,0,1.0240963855421688,0.12968556252158236,smooth
0_261_7387,103,1.0,0.6949413108211211,erratic
0_261_8218,112,1.0,0.2459169247102906,smooth
0_261_8256,0,1.069182389937107,0.30594021081924433,smooth
0_261_8972,132,1.0555555555555556,2.051008991171638,erratic
0_261_9270,94,1.2063492063492063,0.5085251376034304,erratic
0_261_9724,0,1.1409395973154361,0.1863174010666208,smooth
0_261_10410,8,1.208955223880597,0.5635926491787862,erratic
0_261_11218,0,1.0303030303030303,1.215338488994646,erratic
0_261_12394,0,1.0240963855421688,0.9450518947384345,erratic
0_261_12441,73,1.0,0.2629001251781509,smooth
0_261_12477,0,1.0559006211180124,0.16590226905035577,smooth
0_261_13609,0,1.0559006211180124,0.24685986529516882,smooth
0_261_14171,0,1.0303030303030303,0.832667319339856,erratic
0_266_208,0,1.0240963855421688,0.26777421551053726,smooth
0_266_831,112,1.0175438596491229,0.5675296380826819,erratic
0_266_1148,0,1.0240963855421688,0.04692101617115613,smooth
0_266_1498,113,1.0363636363636364,0.4200856261667073,smooth
0_266_1719,0,1.0365853658536586,0.05089614955946607,smooth
0_266_2057,112,1.0175438596491229,0.1989027932159632,smooth
0_266_2560,112,1.0175438596491229,0.5658312270283993,erratic
0_266_2890,108,1.169811320754717,0.8143419408280627,erratic
0_266_2914,16,1.0547945205479452,0.20718313303650035,smooth
0_266_2940,0,1.0240963855421688,0.202299297208456,smooth
0_266_3326,47,1.0081967213114753,0.04310179332879847,smooth
0_266_3638,0,1.0240963855421688,0.04487026491782361,smooth
0_266_3775,108,2.9523809523809526,0.3799804524121901,intermittent
0_266_3779,0,1.0303030303030303,0.2104762667649896,smooth
0_266_3887,108,1.0163934426229508,0.801933507431222,erratic
0_266_4057,112,1.0175438596491229,0.25415478922335416,smooth
0_266_4241,0,1.0240963855421688,0.20760966477232137,smooth
0_266_5222,0,1.0240963855421688,0.0748200198341892,smooth
0_266_5330,69,1.01,1.3531844723183395,erratic
0_266_5346,0,1.0240963855421688,0.17261471712902748,smooth
0_266_6271,138,1.032258064516129,1.7728981237241683,erratic
0_266_6314,150,1.0,1.0538269846920612,erratic
0_266_6662,108,1.1272727272727272,0.7458673101595684,erratic
0_266_6753,0,1.0240963855421688,0.06309135177260161,smooth
0_266_7053,0,1.0240963855421688,0.04131639741089018,smooth
0_266_7614,51,1.0084745762711864,0.13022765481642234,smooth
0_266_8644,0,1.328125,0.08819908560091051,smooth
0_266_8915,0,1.0303030303030303,0.14429429017844908,smooth
0_266_8998,0,1.0240963855421688,0.04146183171611198,smooth
0_266_9448,112,1.0175438596491229,0.5675296380826819,erratic
0_266_10022,0,1.0240963855421688,0.12610993602936993,smooth
0_266_10844,0,1.0240963855421688,0.09815619256271976,smooth
0_266_11069,108,1.0508474576271187,1.2449130140150308,erratic
0_266_11081,0,1.0240963855421688,0.09471358398280713,smooth
0_266_11459,112,1.0175438596491229,0.5581271771053892,erratic
0_266_12869,108,1.0163934426229508,1.0713046297353754,erratic
0_266_13440,0,1.0303030303030303,0.22763929532537908,smooth
0_266_14144,21,1.0275862068965518,0.09253267474683352,smooth
0_266_14177,0,1.0240963855421688,0.13084260557596458,smooth
0_278_367,0,1.1643835616438356,0.16254685230241342,smooth
0_278_639,42,1.024,0.2042838123580549,smooth
0_278_655,0,1.0429447852760736,0.13843680347305123,smooth
0_278_1149,0,2.151898734177215,0.08609076861058852,intermittent
0_278_1485,140,1.1538461538461537,0.3431122448979593,smooth
0_278_1969,3,1.1133333333333333,0.18013746070648387,smooth
0_278_3179,77,1.603448275862069,0.31603435467685,intermittent
0_278_3234,0,1.297709923664122,0.11168699271592088,smooth
0_278_3463,3,1.1283783783783783,0.1641590462566109,smooth
0_278_3515,0,1.1971830985915493,0.17251172448753088,smooth
0_278_4337,0,1.0429447852760736,0.23454786172319259,smooth
0_278_4431,0,1.0365853658536586,0.2241506033342079,smooth
0_278_5317,0,1.2408759124087592,0.1306325894130462,smooth
0_278_5619,0,1.1258278145695364,0.15654393980112874,smooth
0_278_5657,0,1.7171717171717171,0.10187866636964431,intermittent
0_278_5871,0,1.1111111111111112,0.16640000000000005,smooth
0_278_6341,3,1.1283783783783783,0.22822450126999438,smooth
0_278_6898,3,1.0986842105263157,0.15397228274297545,smooth
0_278_7022,0,1.0429447852760736,0.22202998846597458,smooth
0_278_7186,0,1.0365853658536586,0.21427738341812616,smooth
0_278_7457,0,1.2318840579710144,0.13228039041703654,smooth
0_278_7469,140,1.4285714285714286,0.4366448542534207,intermittent
0_278_7984,3,1.403361344537815,0.09833719971917829,intermittent
0_278_8011,0,1.0240963855421688,0.11530069056550812,smooth
0_278_8157,0,1.1564625850340136,0.16132189822080564,smooth
0_278_8264,0,1.1333333333333333,0.1291012813575389,smooth
0_278_8468,38,1.4042553191489362,0.2189480814825565,intermittent
0_278_8587,0,1.0759493670886076,0.178838856581697,smooth
0_278_8869,0,1.0759493670886076,0.2048471507827766,smooth
0_278_8880,0,1.0559006211180124,0.1284411965019024,smooth
0_278_10705,0,1.297709923664122,0.11508225739275293,smooth
0_278_11000,86,1.1666666666666667,0.4271999999999998,smooth
0_278_11015,0,1.3934426229508197,0.11348062381852572,intermittent
0_278_11526,3,1.0774193548387097,0.22332587071726132,smooth
0_278_11983,0,1.5315315315315314,0.11982871244012185,intermittent
0_278_12171,0,1.0759493670886076,0.23435476732941063,smooth
0_278_12298,143,1.9285714285714286,2.230769230769231,lumpy
0_278_14160,121,1.4411764705882353,1.2807844457537243,lumpy
0_278_14311,99,1.9189189189189189,0.6794024705544384,lumpy
0_302_655,0,2.328767123287671,0.04972699705856926,intermittent
0_302_1965,0,1.5596330275229358,0.08933775942378641,intermittent
0_302_1969,12,3.95,0.09157900173895066,intermittent
0_302_3179,86,3.8181818181818183,0.16402116402116376,intermittent
0_302_3234,38,3.0697674418604652,0.09408284023668646,intermittent
0_302_4337,0,2.7868852459016393,0.13098572762438318,intermittent
0_302_4431,0,1.588785046728972,0.3651369365715819,intermittent
0_302_5317,0,1.4285714285714286,0.08741803520793937,intermittent
0_302_5619,0,2.0481927710843375,0.06362297938825781,intermittent
0_302_5657,12,4.27027027027027,0.0785255198487715,intermittent
0_302_5871,69,4.809523809523809,0.30722478188412905,intermittent
0_302_6898,12,4.051282051282051,0.0724999999999999,intermittent
0_302_7022,0,1.5454545454545454,0.06138053692215031,intermittent
0_302_7186,3,2.352112676056338,0.1493143852865297,intermittent
0_302_7457,12,3.95,0.22041420118343183,intermittent
0_302_7661,0,1.4655172413793103,0.09809958341598896,intermittent
0_302_8011,0,1.7708333333333333,0.16883576251261398,intermittent
0_302_8157,12,17.555555555555557,0.1285649615210503,intermittent
0_302_8264,0,1.223021582733813,0.17356538404262886,smooth
0_302_10705,0,1.7346938775510203,0.04667161375486448,intermittent
0_302_11000,86,1.68,0.3265457788347206,intermittent
0_302_11015,3,6.68,0.07522347782088037,intermittent
0_302_11983,25,8.529411764705882,0.16591217745586248,intermittent
0_302_12298,143,27.0,0.0,intermittent
0_302_14311,103,11.166666666666666,0.20703125000000014,intermittent
0_323_1485,140,15.0,0.1111111111111111,intermittent
0_323_4337,0,15.454545454545455,0.19513696522006793,intermittent
0_323_7022,60,11.0,0.06691749529696343,intermittent
0_323_7469,140,15.0,0.1111111111111111,intermittent
0_323_11000,140,30.0,0.0,intermittent
0_323_14311,148,11.0,0.0,intermittent
0_328_295,99,1.0757575757575757,2.5129139072775497,erratic
0_328_633,0,1.0303030303030303,0.6970891230651604,erratic
0_328_1537,0,1.0303030303030303,0.2644049159719672,smooth
0_328_2950,0,1.0240963855421688,0.9349517176056895,erratic
0_328_3234,0,1.0240963855421688,0.8979662450905261,erratic
0_328_4011,0,2.5,2.549297777777778,lumpy
0_328_4129,0,1.0365853658536586,0.44239605971455775,smooth
0_328_6497,0,1.0303030303030303,0.278004644633766,smooth
0_328_7133,0,1.0303030303030303,0.11502772057205325,smooth
0_328_7847,0,1.1971830985915493,1.0162322584425934,erratic
0_328_8157,0,1.0240963855421688,0.5931274313925016,erratic
0_328_10336,0,1.0493827160493827,0.16102435586185296,smooth
0_328_10983,0,1.0429447852760736,0.22457377418401936,smooth
0_328_11015,0,1.0429447852760736,0.4683542981014041,smooth
0_328_11161,115,6.111111111111111,1.5088449531737775,lumpy
0_328_12206,0,1.0759493670886076,0.21284753028018236,smooth
0_332_1485,140,10.0,0.2857142857142855,intermittent
0_332_5871,140,30.0,0.0,intermittent
0_332_8869,123,23.5,0.0,intermittent
0_332_14160,123,23.5,0.0,intermittent
1_36_6101,70,16.666666666666668,0.0,intermittent
1_36_6795,114,9.333333333333334,0.0,intermittent
1_36_11992,94,3.04,0.08418367346938768,intermittent
1_40_7628,105,5.416666666666667,0.06508875739644986,intermittent
1_46_544,154,16.0,0.0,intermittent
1_46_919,150,20.0,0.0,intermittent
1_46_2467,151,4.75,0.0,intermittent
1_46_2584,147,5.75,0.0,intermittent
1_46_2883,155,15.0,0.0,intermittent
1_46_3462,147,11.5,0.0,intermittent
1_46_3686,155,5.0,0.12500000000000006,intermittent
1_46_3851,146,6.0,0.1111111111111111,intermittent
1_46_3864,154,5.333333333333333,0.12500000000000006,intermittent
1_46_4210,147,11.5,0.0,intermittent
1_46_4478,151,3.8,0.12244897959183697,intermittent
1_46_4666,147,5.75,0.0,intermittent
1_46_5326,146,8.0,0.12500000000000006,intermittent
1_46_5519,146,12.0,0.0,intermittent
1_46_5906,146,8.0,0.0,intermittent
1_46_6101,154,8.0,0.1111111111111111,intermittent
1_46_6280,146,4.8,0.0,intermittent
1_46_7088,147,7.666666666666667,0.0,intermittent
1_46_7262,146,12.0,0.0,intermittent
1_46_9390,147,11.5,0.0,intermittent
1_46_9454,150,6.666666666666667,0.12500000000000006,intermittent
1_46_11017,147,4.6,0.5624999999999997,lumpy
1_46_11084,147,11.5,0.0,intermittent
1_46_11403,147,23.0,0.0,intermittent
1_46_12588,146,24.0,0.0,intermittent
1_46_13238,146,24.0,0.0,intermittent
1_46_13815,150,2.2222222222222223,0.1183431952662723,intermittent
1_46_14134,147,3.2857142857142856,0.6153846153846153,lumpy
1_75_9,152,1.0,0.3319107836751198,smooth
1_75_45,85,1.5178571428571428,0.41001485109229197,intermittent
1_75_81,65,2.6923076923076925,0.3717948717948718,intermittent
1_75_145,117,8.833333333333334,0.0,intermittent
1_75_213,82,1.1733333333333333,0.6346591505899652,erratic
1_75_240,126,2.933333333333333,1.5520833333333328,lumpy
1_75_333,131,3.5454545454545454,0.40830449826989634,intermittent
1_75_354,157,4.333333333333333,0.0,intermittent
1_75_371,129,1.7826086956521738,0.31314878892733583,intermittent
1_75_417,96,1.0136986301369864,0.29042474337952856,smooth
1_75_521,116,7.714285714285714,0.29629629629629606,intermittent
1_75_539,65,1.206896551724138,0.536853704309499,erratic
1_75_544,60,1.0377358490566038,0.4714294217538211,smooth
1_75_705,69,1.6557377049180328,0.31846123339282206,intermittent
1_75_748,111,2.95,0.5555555555555556,lumpy
1_75_758,136,3.4,0.473922902494331,intermittent
1_75_766,125,15.0,0.12500000000000006,intermittent
1_75_788,86,10.5,0.7777777777777778,lumpy
1_75_884,130,2.857142857142857,0.15702479338842984,intermittent
1_75_919,64,1.452054794520548,0.2693795866563487,intermittent
1_75_948,92,8.666666666666666,0.11570247933884288,intermittent
1_75_1028,60,1.25,0.3781182900208014,smooth
1_75_1073,104,4.125,0.36,intermittent
1_75_1170,113,7.125,1.0861678004535147,lumpy
1_75_1191,115,27.5,0.0,intermittent
1_75_1224,60,1.0091743119266054,0.1871489117222951,smooth
1_75_1241,69,2.148936170212766,0.40805785123966937,intermittent
1_75_1252,60,1.0,0.4159412655646859,smooth
1_75_1299,98,4.8,0.25850340136054445,intermittent
1_75_1409,106,1.7297297297297298,0.4543312282024696,intermittent
1_75_1410,60,2.2448979591836733,0.45610586011342136,intermittent
1_75_1447,83,1.74,0.40645904249013515,intermittent
1_75_1571,122,8.0,0.10204081632653039,intermittent
1_75_1575,60,3.3333333333333335,0.3549338374291114,intermittent
1_75_1606,122,12.0,0.3333333333333333,intermittent
1_75_1613,64,3.6551724137931036,0.16000000000000014,intermittent
1_75_1617,109,1.22,0.43909855323703084,smooth
1_75_1645,129,1.28125,0.45391203367687616,smooth
1_75_1723,152,1.125,5.9606008029280275,erratic
1_75_1730,69,1.9056603773584906,0.65625,lumpy
1_75_1738,72,1.96,0.4049586776859502,intermittent
1_75_1773,101,6.2727272727272725,0.12444444444444452,intermittent
1_75_1812,82,3.6666666666666665,0.17187500000000014,intermittent
1_75_1876,87,5.928571428571429,0.057777777777777796,intermittent
1_75_1910,64,1.3417721518987342,0.3628196649029982,intermittent
1_75_2014,114,6.222222222222222,0.0,intermittent
1_75_2015,144,2.0,0.11718749999999985,intermittent
1_75_2043,104,3.473684210526316,0.35714285714285726,intermittent
1_75_2055,102,3.7777777777777777,0.16999999999999985,intermittent
1_75_2067,60,1.6176470588235294,0.45480199576707003,intermittent
1_75_2158,129,1.4137931034482758,0.32055363321799335,intermittent
1_75_2217,69,1.463768115942029,0.38613283999276055,intermittent
1_75_2232,63,1.4657534246575343,0.539266991374182,lumpy
1_75_2274,148,1.5714285714285714,0.38397502601456796,intermittent
1_75_2306,126,1.1891891891891893,0.7637329101562498,erratic
1_75_2336,127,6.142857142857143,0.12345679012345664,intermittent
1_75_2433,60,1.1,0.49792752493125964,smooth
1_75_2451,113,3.8,0.36363636363636376,intermittent
1_75_2467,80,1.0465116279069768,0.4379793644996348,smooth
1_75_2471,138,6.4,0.0,intermittent
1_75_2476,126,2.0,0.2797783933518006,intermittent
1_75_2493,119,10.2,0.11111111111111122,intermittent
1_75_2500,60,1.2087912087912087,0.5505024743393561,erratic
1_75_2554,143,3.0,0.11570247933884288,intermittent
1_75_2561,69,1.5538461538461539,0.5760848067718838,lumpy
1_75_2587,60,1.0091743119266054,0.2235876449702839,smooth
1_75_2640,60,1.0,0.4475288962063379,smooth
1_75_2642,67,1.0842105263157895,0.34385059868337514,smooth
1_75_2646,65,1.2804878048780488,0.5241876543209876,erratic
1_75_2650,65,1.3636363636363635,0.7465483234714007,lumpy
1_75_2652,60,1.4864864864864864,0.38418507080006997,intermittent
1_75_2653,88,1.5471698113207548,0.2512309051887386,intermittent
1_75_2699,72,1.75,0.6342857142857141,lumpy
1_75_2817,126,2.933333333333333,0.19047619047619072,intermittent
1_75_2844,60,1.5277777777777777,0.744997295835587,lumpy
1_75_2874,60,1.1578947368421053,0.279974200972122,smooth
1_75_2880,153,8.5,0.0,intermittent
1_75_2883,60,1.0,0.12970532600333348,smooth
1_75_2947,114,5.6,0.11111111111111122,intermittent
1_75_2973,72,3.161290322580645,0.3993055555555557,intermittent
1_75_2989,119,6.375,0.2222222222222222,intermittent
1_75_3007,69,1.9423076923076923,0.49357906087638476,intermittent
1_75_3013,123,7.833333333333333,0.0,intermittent
1_75_3026,98,3.0,0.5965386695511086,lumpy
1_75_3027,60,3.5483870967741935,0.3340848936378785,intermittent
1_75_3036,115,2.391304347826087,0.37999999999999995,intermittent
1_75_3050,121,4.083333333333333,0.2592592592592593,intermittent
1_75_3106,139,3.4444444444444446,0.11570247933884288,intermittent
1_75_3199,123,2.0434782608695654,0.40562466197944813,intermittent
1_75_3213,107,4.846153846153846,0.20370370370370372,intermittent
1_75_3215,60,1.0784313725490196,0.5212252533308313,erratic
1_75_3251,115,3.235294117647059,0.2142857142857143,intermittent
1_75_3255,127,3.5833333333333335,0.2266666666666667,intermittent
1_75_3260,66,2.2127659574468086,0.2856648199445986,intermittent
1_75_3271,124,2.1904761904761907,0.7548209366391184,lumpy
1_75_3307,109,1.525,0.46133941493794134,intermittent
1_75_3321,103,1.1551724137931034,0.4786325302295816,smooth
1_75_3355,148,7.333333333333333,0.12500000000000006,intermittent
1_75_3361,60,1.0476190476190477,0.3197496628883837,smooth
1_75_3462,60,1.0891089108910892,0.2718812556528598,smooth
1_75_3543,129,3.1538461538461537,0.23499999999999988,intermittent
1_75_3629,115,1.6176470588235294,1.2257488593533024,lumpy
1_75_3673,60,1.0185185185185186,0.23924628742620305,smooth
1_75_3691,121,3.0625,0.46745562130177515,intermittent
1_75_3710,71,2.4146341463414633,0.2590830449826991,intermittent
1_75_3715,134,4.5,0.5206611570247934,lumpy
1_75_3833,62,1.08,0.40811763624380265,smooth
1_75_3837,123,4.7,0.12244897959183697,intermittent
1_75_3850,61,1.0380952380952382,0.2067266392531191,smooth
1_75_3863,120,10.0,0.0,intermittent
1_75_3871,104,1.7837837837837838,0.8779149519890264,lumpy
1_75_3880,150,5.0,0.0,intermittent
1_75_3971,60,1.0185185185185186,0.2377050061009469,smooth
1_75_4067,120,2.0,0.29757785467128,intermittent
1_75_4094,80,1.5789473684210527,0.2749112426035503,intermittent
1_75_4175,122,2.823529411764706,0.10499999999999983,intermittent
1_75_4244,67,4.904761904761905,0.17360285374554102,intermittent
1_75_4290,115,4.230769230769231,0.09777777777777796,intermittent
1_75_4291,125,3.75,0.21874999999999997,intermittent
1_75_4458,132,5.428571428571429,0.29629629629629606,intermittent
1_75_4478,60,1.0,0.21908136956360286,smooth
1_75_4491,105,3.4210526315789473,0.22460937500000025,intermittent
1_75_4544,122,5.333333333333333,0.07999999999999981,intermittent
1_75_4562,122,3.0,0.19008264462809918,intermittent
1_75_4595,120,1.9230769230769231,0.18877320054323227,intermittent
1_75_4611,104,2.64,0.16326530612244902,intermittent
1_75_4615,124,4.6,0.11111111111111122,intermittent
1_75_4747,129,10.25,0.3333333333333333,intermittent
1_75_4840,60,1.0091743119266054,0.5537766682042407,erratic
1_75_4848,122,3.6923076923076925,0.09777777777777796,intermittent
1_75_4854,92,1.5294117647058822,0.26016620498614934,intermittent
1_75_4907,143,1.2857142857142858,0.23671358804941142,smooth
1_75_4997,122,1.263157894736842,1.1399338096025384,erratic
1_75_5012,60,1.0476190476190477,0.870988254208209,erratic
1_75_5116,66,2.5365853658536586,0.2768166089965399,intermittent
1_75_5137,65,1.6666666666666667,0.5491124260355028,lumpy
1_75_5159,100,2.5,1.334577777777778,lumpy
1_75_5177,68,12.75,0.6483931947069943,lumpy
1_75_5188,88,1.2424242424242424,0.3127572016460905,smooth
1_75_5312,100,6.363636363636363,0.2366863905325442,intermittent
1_75_5314,136,1.4782608695652173,0.4603174603174607,intermittent
1_75_5401,130,2.2222222222222223,0.3359375000000001,intermittent
1_75_5419,60,1.0,0.5815261392694042,erratic
1_75_5431,81,1.2535211267605635,0.34186861758878195,smooth
1_75_5467,134,12.0,0.0,intermittent
1_75_5472,105,3.611111111111111,0.18080000000000002,intermittent
1_75_5488,98,10.285714285714286,0.09375000000000011,intermittent
1_75_5543,65,1.640625,0.3457545914293319,intermittent
1_75_5661,144,8.666666666666666,0.07999999999999986,intermittent
1_75_5750,62,1.7419354838709677,0.43033725824497854,intermittent
1_75_5751,127,8.6,0.11111111111111122,intermittent
1_75_5835,83,5.4375,0.2777777777777778,intermittent
1_75_5960,124,4.181818181818182,0.10650887573964475,intermittent
1_75_6066,132,3.8,0.0,intermittent
1_75_6101,60,1.0,0.5610242088763127,erratic
1_75_6127,100,1.1864406779661016,0.4988010579675296,smooth
1_75_6195,142,9.333333333333334,0.0,intermittent
1_75_6211,142,2.1538461538461537,0.22719999999999996,intermittent
1_75_6213,119,4.25,0.25999999999999984,intermittent
1_75_6233,98,1.894736842105263,0.3208848032174663,intermittent
1_75_6275,120,2.7777777777777777,0.2248520710059171,intermittent
1_75_6286,132,7.6,0.0,intermittent
1_75_6334,130,1.9047619047619047,0.48961937716262977,intermittent
1_75_6355,126,3.6666666666666665,0.6193771626297576,lumpy
1_75_6407,65,1.2962962962962963,0.33194975472924765,smooth
1_75_6428,60,1.6666666666666667,0.5161149445366411,lumpy
1_75_6460,150,1.0526315789473684,0.45091788469166066,smooth
1_75_6474,81,1.1710526315789473,0.43828078524687675,smooth
1_75_6537,137,11.0,0.0,intermittent
1_75_6548,113,4.75,0.2266666666666667,intermittent
1_75_6555,122,1.0909090909090908,0.4213238208481965,smooth
1_75_6560,69,1.3289473684210527,0.40561224489795944,smooth
1_75_6654,60,1.0891089108910892,0.1299962620555031,smooth
1_75_6668,115,3.6666666666666665,0.0,intermittent
1_75_6674,70,3.3333333333333335,0.568877551020408,lumpy
1_75_6747,64,1.7377049180327868,0.34426229508196715,intermittent
1_75_6754,61,1.4155844155844155,0.3806352459016391,intermittent
1_75_6806,123,3.9166666666666665,0.3702422145328718,intermittent
1_75_6807,60,1.0377358490566038,0.2585916848865867,smooth
1_75_6809,127,4.3,0.4062499999999998,intermittent
1_75_6860,134,3.6,0.25000000000000006,intermittent
1_75_6922,129,2.411764705882353,0.6094674556213019,lumpy
1_75_6935,140,1.5789473684210527,0.22496570644718797,intermittent
1_75_6994,65,1.6666666666666667,0.3422591566635887,intermittent
1_75_7082,76,1.032967032967033,1.1360335054392072,erratic
1_75_7137,82,3.142857142857143,0.2409972299168973,intermittent
1_75_7139,60,2.2,0.49527955226411885,intermittent
1_75_7185,60,1.0,0.1485094786129274,smooth
1_75_7194,112,2.5217391304347827,0.7582644628099172,lumpy
1_75_7262,61,1.1237113402061856,0.41775609349262943,smooth
1_75_7273,65,1.8103448275862069,0.34521484375000017,intermittent
1_75_7280,107,3.7058823529411766,0.12396694214876024,intermittent
1_75_7290,127,14.333333333333334,0.0,intermittent
1_75_7312,110,3.0,0.24999999999999983,intermittent
1_75_7361,150,6.666666666666667,0.0,intermittent
1_75_7384,60,1.1224489795918366,0.33234439912068203,smooth
1_75_7397,94,1.7674418604651163,0.25730994152046793,intermittent
1_75_7575,125,7.5,0.1111111111111111,intermittent
1_75_7645,60,1.25,0.5516568480417665,erratic
1_75_7690,126,5.5,0.08641975308641975,intermittent
1_75_7704,150,1.3333333333333333,0.939246618013528,lumpy
1_75_7793,119,3.0,0.12476370510396946,intermittent
1_75_7800,64,1.0,0.3902200169746033,smooth
1_75_7859,103,7.444444444444445,0.07999999999999981,intermittent
1_75_7899,105,1.3,0.40441283205109607,smooth
1_75_7911,127,21.5,0.1111111111111111,intermittent
1_75_7961,121,3.2666666666666666,0.054687499999999965,intermittent
1_75_8091,109,2.44,0.32653061224489816,intermittent
1_75_8096,130,1.9047619047619047,0.8137356919875129,lumpy
1_75_8101,105,1.1206896551724137,0.5652138625111598,erratic
1_75_8206,122,4.363636363636363,0.12244897959183675,intermittent
1_75_8270,62,1.4025974025974026,0.46545532892846864,intermittent
1_75_8309,98,1.3333333333333333,1.537841796875,lumpy
1_75_8312,61,1.0686274509803921,0.3087379948317805,smooth
1_75_8322,61,1.626865671641791,0.35585798816568043,intermittent
1_75_8357,69,2.2444444444444445,0.8140625000000001,lumpy
1_75_8424,119,3.4,0.12188365650969539,intermittent
1_75_8480,60,1.2359550561797752,0.6332978873027676,erratic
1_75_8615,127,4.777777777777778,0.0,intermittent
1_75_8637,152,9.0,0.0,intermittent
1_75_8650,124,5.111111111111111,0.2500000000000001,intermittent
1_75_8752,64,1.536231884057971,0.3500503647629802,intermittent
1_75_8825,150,3.3333333333333335,0.12500000000000006,intermittent
1_75_8858,62,1.4594594594594594,1.5116123033864026,lumpy
1_75_8931,135,7.0,0.12244897959183697,intermittent
1_75_8954,105,3.0952380952380953,0.28928199791883435,intermittent
1_75_9011,65,1.381578947368421,0.39229824280296977,intermittent
1_75_9066,100,3.6842105263157894,0.17768595041322308,intermittent
1_75_9080,70,1.5151515151515151,1.1862009429576998,lumpy
1_75_9122,105,7.222222222222222,0.07999999999999981,intermittent
1_75_9138,136,5.666666666666667,0.0,intermittent
1_75_9160,64,1.2470588235294118,0.3034765384878082,smooth
1_75_9169,129,2.7333333333333334,0.5495867768595044,lumpy
1_75_9208,112,29.0,0.0,intermittent
1_75_9224,60,1.0,0.24256305976459705,smooth
1_75_9232,108,1.2156862745098038,0.4338512718568704,smooth
1_75_9325,104,1.1578947368421053,0.309529198732458,smooth
1_75_9328,80,3.2142857142857144,0.2067202337472608,intermittent
1_75_9349,105,3.4210526315789473,0.6805411030176902,lumpy
1_75_9390,128,3.8181818181818183,0.0,intermittent
1_75_9485,104,6.6,0.11111111111111122,intermittent
1_75_9502,60,1.0784313725490196,0.4854022264230205,smooth
1_75_9523,60,2.2,0.3850415512465375,intermittent
1_75_9537,98,2.769230769230769,0.4949999999999999,intermittent
1_75_9587,60,1.0091743119266054,0.22663351473071852,smooth
1_75_9639,125,3.0,0.1937716262975781,intermittent
1_75_9680,113,9.5,0.10204081632653039,intermittent
1_75_9690,64,1.092783505154639,0.21984413600328342,smooth
1_75_9693,60,1.0377358490566038,0.553092458372808,erratic
1_75_9708,146,3.0,0.12,intermittent
1_75_9722,130,2.2222222222222223,0.21997621878715798,intermittent
1_75_9796,60,1.4666666666666666,2.487004699848474,lumpy
1_75_9827,67,2.7837837837837838,0.23150887573964485,intermittent
1_75_9876,133,1.9473684210526316,0.3434343434343432,intermittent
1_75_9887,138,10.666666666666666,0.12500000000000006,intermittent
1_75_9916,115,6.875,0.08641975308641975,intermittent
1_75_9920,69,1.4428571428571428,0.8403341145363863,lumpy
1_75_9945,81,3.1785714285714284,0.34919690660321256,intermittent
1_75_9957,69,5.315789473684211,0.18559999999999985,intermittent
1_75_9977,69,2.2954545454545454,0.6133471580733342,lumpy
1_75_10012,104,1.11864406779661,0.24128862590401062,smooth
1_75_10014,123,5.875,0.12,intermittent
1_75_10089,65,4.565217391304348,0.1042524005486967,intermittent
1_75_10211,60,1.0185185185185186,0.25213835621693553,smooth
1_75_10228,61,1.1595744680851063,0.3574130478775014,smooth
1_75_10236,101,11.5,0.0,intermittent
1_75_10379,60,1.0576923076923077,1.1087325584217038,erratic
1_75_10406,60,1.0784313725490196,0.3391550511754751,smooth
1_75_10442,103,1.098360655737705,1.5670057280375338,erratic
1_75_10456,122,1.8461538461538463,0.29469387755102033,intermittent
1_75_10634,106,3.0476190476190474,0.5996093750000003,lumpy
1_75_10642,60,1.02803738317757,0.16640124975884749,smooth
1_75_10650,67,2.395348837209302,0.22292444699798916,intermittent
1_75_10665,106,3.3684210526315788,0.04500000000000018,intermittent
1_75_10674,152,1.0,2.278878533949409,erratic
1_75_10711,107,2.1724137931034484,0.3431001890359167,intermittent
1_75_10795,115,9.166666666666666,0.12500000000000006,intermittent
1_75_10869,111,5.9,0.07438016528925608,intermittent
1_75_10884,71,1.0879120879120878,0.4961078081648832,smooth
1_75_10896,116,4.909090909090909,0.12244897959183675,intermittent
1_75_10970,60,1.1702127659574468,0.4750624379110189,smooth
1_75_11063,122,5.333333333333333,0.11570247933884288,intermittent
1_75_11080,105,3.25,0.24260355029585792,intermittent
1_75_11084,95,1.171875,0.2076035333792315,smooth
1_75_11190,63,1.6984126984126984,0.2885279016917767,intermittent
1_75_11201,139,7.75,1.08,lumpy
1_75_11230,107,15.75,0.0,intermittent
1_75_11233,129,1.7083333333333333,0.49013878743608463,intermittent
1_75_11241,104,2.2,0.36105860113421545,intermittent
1_75_11399,144,1.8571428571428572,0.27977839335180044,intermittent
1_75_11403,64,1.2325581395348837,0.42546709635590485,smooth
1_75_11474,144,1.0,0.33547008547008556,smooth
1_75_11475,115,55.0,0.0,intermittent
1_75_11632,87,3.32,0.15047479912344783,intermittent
1_75_11810,62,1.35,0.450098566607638,intermittent
1_75_11823,88,9.11111111111111,0.0,intermittent
1_75_11833,146,1.0,0.2658379207755145,smooth
1_75_11853,71,2.75,0.3545918367346938,intermittent
1_75_11972,68,1.6721311475409837,0.5244136870434448,lumpy
1_75_12078,134,7.2,0.0,intermittent
1_75_12141,123,3.357142857142857,0.20987654320987634,intermittent
1_75_12191,82,2.588235294117647,0.5390946502057614,lumpy
1_75_12201,112,1.3488372093023255,0.47232400689169807,intermittent
1_75_12202,110,1.1764705882352942,0.3219907625600908,smooth
1_75_12239,60,4.782608695652174,0.06720000000000008,intermittent
1_75_12284,70,2.0833333333333335,0.36210011690934196,intermittent
1_75_12460,79,2.84375,0.2602987777274785,intermittent
1_75_12476,61,1.8793103448275863,0.5335345254718257,lumpy
1_75_12590,128,1.0,0.3803897919464928,smooth
1_75_12643,71,1.4558823529411764,0.5950318420948537,lumpy
1_75_12673,60,1.0,0.10405074072004222,smooth
1_75_12708,99,2.730769230769231,0.2136752136752137,intermittent
1_75_12715,73,1.5901639344262295,0.2745931952662724,intermittent
1_75_12756,60,1.0377358490566038,0.3528763205318395,smooth
1_75_12765,100,10.0,0.09375000000000011,intermittent
1_75_12781,61,1.0092592592592593,0.2502883506343715,smooth
1_75_12783,155,7.5,0.1111111111111111,intermittent
1_75_12817,113,1.78125,0.40649238724504455,intermittent
1_75_12962,60,1.0,0.16686979785969078,smooth
1_75_13012,142,2.3333333333333335,0.25999999999999984,intermittent
1_75_13023,152,1.3846153846153846,1.0726278608409543,lumpy
1_75_13031,105,1.6666666666666667,0.42133333333333334,intermittent
1_75_13161,131,5.571428571428571,0.0,intermittent
1_75_13192,109,1.150943396226415,0.26781234567901213,smooth
1_75_13193,64,1.6307692307692307,0.5625591519969714,lumpy
1_75_13220,60,1.2941176470588236,0.34021538644612376,smooth
1_75_13243,156,7.0,0.0,intermittent
1_75_13253,64,2.717948717948718,0.40008650519031136,intermittent
1_75_13255,68,2.04,0.56,lumpy
1_75_13334,60,1.375,0.31703317901234557,intermittent
1_75_13461,71,1.8679245283018868,0.2919501133786848,intermittent
1_75_13482,95,1.056338028169014,0.2962783022920302,smooth
1_75_13500,145,1.3157894736842106,0.24557752341311154,smooth
1_75_13583,104,3.3,0.4062499999999998,intermittent
1_75_13625,124,4.6,0.32653061224489816,intermittent
1_75_13648,106,9.142857142857142,0.12345679012345664,intermittent
1_75_13654,64,2.65,0.32653061224489816,intermittent
1_75_13658,150,1.0,0.6598122085133058,erratic
1_75_13671,71,1.9411764705882353,0.2352941176470586,intermittent
1_75_13692,124,4.6,0.07438016528925608,intermittent
1_75_13733,121,2.5789473684210527,0.45726807888970034,intermittent
1_75_13765,105,5.0,0.365,intermittent
1_75_13782,68,1.0515463917525774,0.3645008555664973,smooth
1_75_13789,124,1.0222222222222221,0.7340007223771239,erratic
1_75_13792,68,1.0303030303030303,0.21386859159502278,smooth
1_75_13801,146,4.0,0.2592592592592593,intermittent
1_75_13811,102,13.6,0.0,intermittent
1_75_13815,60,1.1458333333333333,0.40290657439446365,smooth
1_75_13857,122,4.8,0.4792899408284022,intermittent
1_75_13864,141,1.45,0.47203635904557484,intermittent
1_75_13969,119,2.55,0.18343195266272178,intermittent
1_75_14104,109,4.6923076923076925,0.5482041587901701,lumpy
1_75_14124,83,1.851063829787234,0.4324845679012348,intermittent
1_75_14146,84,1.9545454545454546,0.15597633136094688,intermittent
1_75_14203,70,3.5714285714285716,0.6048415806336775,lumpy
1_75_14223,62,6.352941176470588,0.10499999999999983,intermittent
1_75_14249,63,1.7258064516129032,1.0655437673367838,lumpy
1_79_9,149,2.625,0.1834319526627219,intermittent
1_79_56,112,19.333333333333332,0.0,intermittent
1_79_161,19,8.38888888888889,0.07999999999999981,intermittent
1_79_333,124,3.8333333333333335,1.2040816326530612,lumpy
1_79_354,122,5.333333333333333,0.2500000000000001,intermittent
1_79_417,126,14.666666666666666,0.0,intermittent
1_79_459,124,5.111111111111111,0.4378698224852071,intermittent
1_79_520,151,9.5,0.0,intermittent
1_79_539,88,5.466666666666667,0.20498614958448763,intermittent
1_79_652,100,2.5925925925925926,0.21500000000000014,intermittent
1_79_687,11,7.571428571428571,0.09375000000000011,intermittent
1_79_780,92,3.25,0.256198347107438,intermittent
1_79_919,19,3.3555555555555556,0.4259563186466353,intermittent
1_79_921,101,2.875,0.49999999999999994,intermittent
1_79_1005,124,3.2857142857142856,0.2022160664819944,intermittent
1_79_1105,99,3.380952380952381,0.3515413737155221,intermittent
1_79_1190,88,3.727272727272727,0.09119999999999981,intermittent
1_79_1224,135,1.4583333333333333,0.6193771626297576,lumpy
1_79_1252,11,2.2083333333333335,5.124527715956731,lumpy
1_79_1297,20,4.6875,0.296398891966759,intermittent
1_79_1442,152,9.0,0.0,intermittent
1_79_1483,139,2.8181818181818183,0.0694444444444446,intermittent
1_79_1505,123,3.9166666666666665,0.06508875739644986,intermittent
1_79_1613,101,2.5555555555555554,0.39462809917355385,intermittent
1_79_1723,149,10.5,0.0,intermittent
1_79_1807,20,4.285714285714286,0.3488527511695254,intermittent
1_79_1822,15,19.375,0.08641975308641975,intermittent
1_79_2048,21,3.9210526315789473,0.40175310445580703,intermittent
1_79_2158,123,4.7,0.1570247933884295,intermittent
1_79_2289,157,6.5,0.0,intermittent
1_79_2476,100,1.75,0.6101495810165242,lumpy
1_79_2584,8,1.6875,1.292440018107741,lumpy
1_79_2587,107,7.0,0.2500000000000001,intermittent
1_79_2646,27,15.88888888888889,0.2500000000000001,intermittent
1_79_2699,21,7.45,0.1734693877551021,intermittent
1_79_2822,10,22.857142857142858,0.0,intermittent
1_79_2839,156,14.0,0.0,intermittent
1_79_2876,43,3.097560975609756,1.346949744692287,lumpy
1_79_2923,12,79.0,0.0,intermittent
1_79_2947,125,5.625,0.12,intermittent
1_79_2953,20,5.0,0.4833333333333334,intermittent
1_79_2955,154,16.0,0.0,intermittent
1_79_3086,19,4.314285714285714,0.15079365079365092,intermittent
1_79_3361,20,4.285714285714286,0.22716049382716022,intermittent
1_79_3404,101,1.9714285714285715,0.48571428571428577,intermittent
1_79_3436,131,19.5,0.0,intermittent
1_79_3462,11,3.0,0.4784446322907859,intermittent
1_79_3553,125,6.428571428571429,0.0,intermittent
1_79_3673,8,5.0625,0.36,intermittent
1_79_3699,20,6.0,0.2040816326530613,intermittent
1_79_3870,27,2.6,0.7502222222222223,lumpy
1_79_4075,20,3.75,0.4542936288088643,intermittent
1_79_4136,19,75.5,0.0,intermittent
1_79_4498,19,5.206896551724138,0.8479886080455675,lumpy
1_79_4506,101,2.5555555555555554,0.2589406971480308,intermittent
1_79_4666,20,7.142857142857143,0.23148148148148162,intermittent
1_79_4854,20,4.545454545454546,0.25564803804994063,intermittent
1_79_4907,123,4.7,0.11111111111111122,intermittent
1_79_5116,101,3.0,0.19377162629757813,intermittent
1_79_5226,124,5.75,0.12396694214876033,intermittent
1_79_5232,123,3.357142857142857,0.1785714285714286,intermittent
1_79_5326,91,5.266666666666667,0.054687499999999965,intermittent
1_79_5432,13,7.85,0.1570247933884295,intermittent
1_79_5453,11,1.9875,1.1459482260307141,lumpy
1_79_5467,124,5.75,0.08641975308641975,intermittent
1_79_5519,83,2.806451612903226,0.9956250000000001,lumpy
1_79_5641,101,6.9,0.11111111111111122,intermittent
1_79_5703,125,7.5,0.10204081632653039,intermittent
1_79_5706,14,4.0,0.9141507842806543,lumpy
1_79_5857,101,3.6315789473684212,0.27709190672153633,intermittent
1_79_5897,20,4.166666666666667,0.3057851239669424,intermittent
1_79_6066,123,4.7,0.6000000000000001,lumpy
1_79_6143,37,3.41025641025641,0.2763636363636361,intermittent
1_79_6229,124,4.6,0.5624999999999997,lumpy
1_79_6460,146,4.0,0.7999999999999998,lumpy
1_79_6640,150,10.0,0.0,intermittent
1_79_6756,156,7.0,0.0,intermittent
1_79_6811,124,5.75,0.12396694214876033,intermittent
1_79_6820,122,4.0,0.9863945578231291,lumpy
1_79_6871,139,6.2,0.11111111111111122,intermittent
1_79_6894,19,4.081081081081081,0.3990624999999998,intermittent
1_79_6932,100,2.1875,0.3164167627835448,intermittent
1_79_6935,38,3.7714285714285714,0.4758387196060327,intermittent
1_79_7055,38,3.3,0.4951989026063099,intermittent
1_79_7077,138,10.666666666666666,0.12500000000000006,intermittent
1_79_7088,126,7.333333333333333,0.0,intermittent
1_79_7115,34,4.533333333333333,0.552734375,lumpy
1_79_7121,145,1.9230769230769231,0.12345679012345685,intermittent
1_79_7278,98,2.057142857142857,0.40411678218861574,intermittent
1_79_7324,20,3.5714285714285716,0.3945312500000001,intermittent
1_79_7349,92,2.5161290322580645,0.40396694214876017,intermittent
1_79_7350,125,1.875,0.4043392504930967,intermittent
1_79_7376,20,5.357142857142857,0.5532544378698223,lumpy
1_79_7384,21,49.666666666666664,0.0,intermittent
1_79_7433,125,4.5,0.11111111111111122,intermittent
1_79_7481,19,4.081081081081081,0.3879111111111108,intermittent
1_79_7513,123,2.473684210526316,0.18750000000000003,intermittent
1_79_7532,101,3.45,0.3555291319857313,intermittent
1_79_7615,89,6.75,0.3383742911153118,intermittent
1_79_7756,138,2.6666666666666665,0.06508875739644986,intermittent
1_79_7800,88,4.1,0.37599999999999995,intermittent
1_79_7829,145,12.5,0.1111111111111111,intermittent
1_79_7832,124,4.181818181818182,0.10650887573964475,intermittent
1_79_7897,123,3.6153846153846154,0.4990548204158792,intermittent
1_79_7913,139,6.2,0.0,intermittent
1_79_8019,29,5.875,0.300275482093664,intermittent
1_79_8070,124,4.6,0.0,intermittent
1_79_8101,122,1.3333333333333333,2.141002472205757,lumpy
1_79_8141,12,4.787878787878788,0.2399275690357626,intermittent
1_79_8150,102,6.8,0.07438016528925608,intermittent
1_79_8299,136,3.090909090909091,0.22222222222222246,intermittent
1_79_8363,148,11.0,0.0,intermittent
1_79_8375,36,10.307692307692308,0.39446366782006914,intermittent
1_79_8473,124,3.066666666666667,1.7315296566076999,lumpy
1_79_8791,20,3.658536585365854,0.5311653116531166,lumpy
1_79_8919,123,2.473684210526316,0.23500000000000018,intermittent
1_79_8931,125,1.8,0.3450693491845752,intermittent
1_79_9009,21,3.8205128205128207,0.33109379199140015,intermittent
1_79_9011,19,4.4411764705882355,0.552227903579255,lumpy
1_79_9160,16,4.162162162162162,0.494949494949495,intermittent
1_79_9203,34,15.11111111111111,0.0,intermittent
1_79_9224,19,3.871794871794872,0.18575593502707208,intermittent
1_79_9232,122,1.4545454545454546,1.224921875,lumpy
1_79_9299,122,1.411764705882353,1.1029796694037073,lumpy
1_79_9321,105,3.0952380952380953,0.7333820306793282,lumpy
1_79_9328,20,7.5,0.22788761706555663,intermittent
1_79_9391,98,3.0,0.4814814814814814,intermittent
1_79_9403,122,3.2,0.4583333333333331,intermittent
1_79_9485,124,4.6,0.46666666666666656,intermittent
1_79_9502,109,15.25,0.0,intermittent
1_79_9680,124,5.111111111111111,0.11570247933884288,intermittent
1_79_9690,120,3.5714285714285716,1.112382934443288,lumpy
1_79_9970,148,22.0,0.0,intermittent
1_79_9979,110,30.0,0.0,intermittent
1_79_10071,124,3.8333333333333335,0.06508875739644986,intermittent
1_79_10177,22,5.481481481481482,0.7451881643205976,lumpy
1_79_10188,124,5.111111111111111,0.07999999999999981,intermittent
1_79_10211,38,13.2,0.07438016528925608,intermittent
1_79_10242,124,6.571428571428571,0.12345679012345664,intermittent
1_79_10281,20,7.142857142857143,0.48484848484848486,intermittent
1_79_10345,85,6.538461538461538,0.3854875283446711,intermittent
1_79_10406,121,3.769230769230769,0.26757369614512455,intermittent
1_79_10590,9,3.2857142857142856,0.21162842503898435,intermittent
1_79_10612,85,3.0357142857142856,0.568,lumpy
1_79_10627,19,3.1458333333333335,0.552734375,lumpy
1_79_10650,115,2.75,0.35865595325054783,intermittent
1_79_10651,106,10.666666666666666,0.0,intermittent
1_79_10665,142,14.0,0.0,intermittent
1_79_10992,123,5.222222222222222,0.07999999999999981,intermittent
1_79_11044,126,4.888888888888889,1.5649999999999995,lumpy
1_79_11053,99,2.730769230769231,0.3864134404674943,intermittent
1_79_11084,126,3.142857142857143,0.20987654320987634,intermittent
1_79_11142,142,2.3333333333333335,0.5631141345427061,lumpy
1_79_11190,99,2.84,0.15933412604042818,intermittent
1_79_11192,147,23.0,0.0,intermittent
1_79_11201,125,9.0,0.11111111111111122,intermittent
1_79_11384,136,6.8,0.0,intermittent
1_79_11403,92,1.9024390243902438,0.8909938504265027,lumpy
1_79_11684,124,6.571428571428571,0.12345679012345664,intermittent
1_79_11763,123,5.222222222222222,0.07999999999999981,intermittent
1_79_11877,125,11.25,0.3333333333333333,intermittent
1_79_11972,97,2.28125,0.4336,intermittent
1_79_12082,65,2.1,0.2478889097391633,intermittent
1_79_12163,126,5.5,0.28,intermittent
1_79_12190,19,5.033333333333333,0.10204081632653039,intermittent
1_79_12201,122,1.7777777777777777,1.0468319559228654,lumpy
1_79_12319,157,13.0,0.0,intermittent
1_79_12328,93,11.0,0.0,intermittent
1_79_12742,124,3.8333333333333335,1.6540642722117198,lumpy
1_79_12745,92,7.8,0.07438016528925608,intermittent
1_79_12756,129,5.857142857142857,0.0,intermittent
1_79_12782,122,8.0,0.31250000000000017,intermittent
1_79_12923,123,4.7,0.20000000000000007,intermittent
1_79_13012,141,14.5,0.0,intermittent
1_79_13151,123,4.2727272727272725,0.0694444444444446,intermittent
1_79_13161,124,3.8333333333333335,2.524375743162902,lumpy
1_79_13165,145,25.0,0.0,intermittent
1_79_13193,19,3.775,0.6579861111111113,lumpy
1_79_13275,157,13.0,0.0,intermittent
1_79_13301,27,20.428571428571427,0.0,intermittent
1_79_13337,124,5.111111111111111,0.07999999999999981,intermittent
1_79_13500,139,3.875,0.0,intermittent
1_79_13583,122,3.4285714285714284,0.5399999999999999,lumpy
1_79_13586,124,5.75,0.08641975308641975,intermittent
1_79_13686,27,8.9375,0.3424036281179138,intermittent
1_79_13692,124,4.181818181818182,0.10650887573964475,intermittent
1_79_13731,155,15.0,0.0,intermittent
1_79_13765,124,3.8333333333333335,0.06508875739644986,intermittent
1_79_13806,122,6.0,0.12,intermittent
1_79_13815,152,18.0,0.0,intermittent
1_79_13869,19,4.194444444444445,0.36111111111111116,intermittent
1_79_13903,146,24.0,0.0,intermittent
1_79_14116,122,4.8,0.8559556786703603,lumpy
1_79_14272,123,5.222222222222222,0.2500000000000001,intermittent
1_79_14303,125,15.0,0.0,intermittent
1_151_5519,124,6.571428571428571,2.319684736639754,lumpy
1_151_7358,74,6.857142857142857,1.1094010391138123,lumpy
1_151_8594,72,3.92,1.0404806806719002,lumpy
1_151_12377,74,6.857142857142857,0.3015873015873015,intermittent
1_235_9,153,4.25,0.1111111111111111,intermittent
1_235_150,153,3.4,0.0,intermittent
1_235_161,69,2.148936170212766,0.6595913509224358,lumpy
1_235_416,155,15.0,0.0,intermittent
1_235_539,100,2.2580645161290325,0.39308641975308634,intermittent
1_235_603,154,5.333333333333333,0.07999999999999986,intermittent
1_235_758,155,7.5,0.1111111111111111,intermittent
1_235_1195,157,3.25,0.12,intermittent
1_235_1224,92,4.333333333333333,0.34418282548476464,intermittent
1_235_1252,97,2.085714285714286,0.792,lumpy
1_235_1442,95,2.027027027027027,1.8812902254507138,lumpy
1_235_1723,152,2.0,0.33163265306122447,intermittent
1_235_2175,99,1.9722222222222223,0.55182199000045,lumpy
1_235_2646,101,6.9,0.3281249999999997,intermittent
1_235_2650,99,7.888888888888889,0.3213296398891967,intermittent
1_235_2876,73,1.1686746987951808,0.7191615372886394,erratic
1_235_3337,101,6.2727272727272725,0.0694444444444446,intermittent
1_235_3361,69,4.590909090909091,0.5910509885535898,lumpy
1_235_3382,87,2.1842105263157894,0.5669135802469136,lumpy
1_235_3618,97,2.212121212121212,0.46331631281913477,intermittent
1_235_3686,106,1.4883720930232558,2.315486850787068,lumpy
1_235_3851,66,2.810810810810811,0.7714819578247467,lumpy
1_235_3971,96,2.466666666666667,0.449034850205258,intermittent
1_235_4131,101,2.875,0.17333333333333328,intermittent
1_235_4472,154,5.333333333333333,0.0,intermittent
1_235_5326,82,3.3846153846153846,0.41166331513932797,intermittent
1_235_5386,152,6.0,0.0,intermittent
1_235_5419,72,2.130434782608696,0.34213336750822326,intermittent
1_235_5432,77,2.657142857142857,0.3842773437500003,intermittent
1_235_5453,66,2.6,1.362164994469134,lumpy
1_235_5731,151,4.75,0.0,intermittent
1_235_5848,151,19.0,0.0,intermittent
1_235_5906,91,1.3389830508474576,1.7155892739178198,lumpy
1_235_6149,67,2.575,0.37664533268928896,intermittent
1_235_6153,154,8.0,0.0,intermittent
1_235_7016,154,5.333333333333333,0.3199999999999998,intermittent
1_235_7262,147,4.6,0.11111111111111122,intermittent
1_235_7358,72,2.0851063829787235,0.9577389551894521,lumpy
1_235_7628,72,2.5128205128205128,0.24724536414942214,intermittent
1_235_7800,151,2.111111111111111,0.5599999999999997,lumpy
1_235_8446,155,15.0,0.0,intermittent
1_235_8752,151,6.333333333333333,0.0,intermittent
1_235_8793,93,2.081081081081081,0.5232094097878596,lumpy
1_235_8822,155,2.5,0.5374149659863945,lumpy
1_235_8932,105,5.0,0.20370370370370372,intermittent
1_235_8954,156,14.0,0.0,intermittent
1_235_9203,98,1.7142857142857142,0.34283737024221467,intermittent
1_235_9299,152,2.5714285714285716,0.0,intermittent
1_235_9508,82,2.6666666666666665,0.5132275132275131,lumpy
1_235_9587,68,6.0,1.2957538296156947,lumpy
1_235_9690,151,2.375,0.12,intermittent
1_235_10012,153,5.666666666666667,0.0,intermittent
1_235_10211,85,1.8085106382978724,0.2612122349408895,intermittent
1_235_10468,92,6.5,0.19008264462809932,intermittent
1_235_10517,96,8.222222222222221,0.4897959183673466,intermittent
1_235_10590,92,2.4375,0.34938136520494906,intermittent
1_235_10674,152,2.5714285714285716,0.36686390532544383,intermittent
1_235_11017,66,2.1666666666666665,0.5179625569235957,lumpy
1_235_11474,155,5.0,0.3199999999999998,intermittent
1_235_11931,152,3.6,0.0,intermittent
1_235_11972,155,3.75,0.12,intermittent
1_235_11992,97,1.3035714285714286,0.5572174231555813,erratic
1_235_12098,94,3.04,0.38888888888888884,intermittent
1_235_12109,157,4.333333333333333,0.0,intermittent
1_235_12201,156,2.3333333333333335,0.0,intermittent
1_235_12756,72,2.45,0.5431070387338605,lumpy
1_235_13238,101,6.2727272727272725,0.23469387755102045,intermittent
1_235_13253,153,17.0,0.0,intermittent
1_235_13686,98,4.5,0.38666666666666666,intermittent
1_235_13692,153,8.5,0.0,intermittent
1_235_14013,81,3.1785714285714284,0.3389102285711878,intermittent
1_235_14186,105,3.0952380952380953,0.31250000000000017,intermittent
2_251_58,153,1.0,0.2578160831517464,smooth
2_251_95,142,1.0,0.21788056521411478,smooth
2_251_103,144,13.0,0.0,intermittent
2_251_167,60,2.4444444444444446,0.2576568047337276,intermittent
2_251_176,58,2.196078431372549,0.1572536836587994,intermittent
2_251_265,78,2.4210526315789473,0.35267365047870997,intermittent
2_251_375,44,2.423076923076923,0.3814521433269469,intermittent
2_251_387,122,1.0434782608695652,0.3713620958862463,smooth
2_251_558,58,2.0,0.8140502488873236,lumpy
2_251_627,133,2.642857142857143,0.10535384615384602,intermittent
2_251_829,151,1.0,0.9448522118627256,erratic
2_251_839,83,1.74,0.2806101712137376,intermittent
2_251_850,140,1.3636363636363635,0.31313131313131315,intermittent
2_251_885,38,2.5384615384615383,0.5140351799116966,lumpy
2_251_983,72,2.130434782608696,0.6930301743715738,lumpy
2_251_999,122,1.0,0.3058764017207122,smooth
2_251_1029,54,2.2745098039215685,0.2891641901210107,intermittent
2_251_1042,50,2.5,0.4115693910620835,intermittent
2_251_1177,157,1.0,0.5992142119256886,erratic
2_251_1218,119,3.1875,0.5790366669808653,lumpy
2_251_1225,47,2.1964285714285716,0.5043276540960956,lumpy
2_251_1242,84,1.72,0.31096681643768515,intermittent
2_251_1263,44,2.8,1.391889418194656,lumpy
2_251_1298,56,2.326530612244898,0.4251494056841,intermittent
2_251_1312,122,48.0,0.0,intermittent
2_251_1363,73,24.25,0.0,intermittent
2_251_1385,133,12.333333333333334,0.0,intermittent
2_251_1489,122,1.0212765957446808,0.2069631205608722,smooth
2_251_1530,122,24.0,0.0,intermittent
2_251_1693,132,1.0,0.179737142314078,smooth
2_251_1718,69,2.2444444444444445,0.4291439027827877,intermittent
2_251_1747,132,12.666666666666666,0.0,intermittent
2_251_1871,45,1.893939393939394,0.8205961713721445,lumpy
2_251_1929,157,13.0,0.0,intermittent
2_251_1942,123,47.0,0.0,intermittent
2_251_2034,138,1.0,0.25076390474175936,smooth
2_251_2052,68,2.6153846153846154,0.36985543124376175,intermittent
2_251_2116,123,1.0,0.3967746221443545,smooth
2_251_2126,51,119.0,0.0,intermittent
2_251_2219,112,3.2222222222222223,0.14153740519958802,intermittent
2_251_2284,78,92.0,0.0,intermittent
2_251_2291,153,1.0,0.06852783281681306,smooth
2_251_2333,51,9.916666666666666,0.4839476813317481,intermittent
2_251_2373,102,1.3333333333333333,0.1956909058012839,intermittent
2_251_2438,147,23.0,0.0,intermittent
2_251_2522,142,1.0,0.10672567249884563,smooth
2_251_2523,48,17.428571428571427,0.46913580246913544,intermittent
2_251_2528,56,2.235294117647059,0.5995185623493315,lumpy
2_251_2535,78,4.0,0.3167743372688795,intermittent
2_251_2583,60,1.8032786885245902,0.4995282140682584,intermittent
2_251_2594,74,1.7777777777777777,0.9389954913965276,lumpy
2_251_2655,93,1.5098039215686274,0.5258785770623272,lumpy
2_251_2723,53,1.7727272727272727,0.9128544333718711,lumpy
2_251_2784,123,47.0,0.0,intermittent
2_251_2829,44,3.073170731707317,0.6984248092835078,lumpy
2_251_2962,51,23.8,0.11111111111111122,intermittent
2_251_3011,124,11.5,0.12,intermittent
2_251_3059,132,19.0,0.25,intermittent
2_251_3095,122,1.0212765957446808,0.1348784045559125,smooth
2_251_3107,61,4.541666666666667,1.4127945888216449,lumpy
2_251_3112,113,1.163265306122449,0.08100842592484096,smooth
2_251_3114,56,57.0,0.1111111111111111,intermittent
2_251_3182,142,1.0,0.1809705375240654,smooth
2_251_3236,111,1.18,0.16633299170601604,smooth
2_251_3241,118,1.0612244897959184,0.10932548415537795,smooth
2_251_3439,28,3.0869565217391304,0.3700333333333334,intermittent
2_251_3533,122,1.0212765957446808,0.2598697511810546,smooth
2_251_3593,85,1.4912280701754386,0.26075774367384014,intermittent
2_251_3620,77,93.0,0.0,intermittent
2_251_3666,64,6.235294117647059,0.2629848783694939,intermittent
2_251_3815,66,2.122448979591837,1.4278697988961597,lumpy
2_251_3816,122,4.363636363636363,0.5324201793176193,lumpy
2_251_3888,114,1.12,0.11391825558826105,smooth
2_251_3890,66,1.8571428571428572,0.5461209720415612,lumpy
2_251_3908,104,1.2222222222222223,0.21288902136516416,smooth
2_251_3942,63,107.0,0.0,intermittent
2_251_3975,156,1.0,0.675692997917001,erratic
2_251_4154,102,1.2592592592592593,0.18021739217108687,smooth
2_251_4306,135,35.0,0.0,intermittent
2_251_4314,122,24.0,0.1111111111111111,intermittent
2_251_4338,71,7.071428571428571,0.4285714285714286,intermittent
2_251_4570,104,1.32,0.7943892305799061,erratic
2_251_4698,122,1.0,0.17047120292689577,smooth
2_251_4699,57,113.0,0.0,intermittent
2_251_4743,122,24.0,0.0,intermittent
2_251_4808,65,1.8103448275862069,0.48345954261329727,intermittent
2_251_4859,77,1.576271186440678,0.2995800754122112,intermittent
2_251_4867,58,4.666666666666667,0.514792899408284,lumpy
2_251_4917,105,1.3,0.24976633058285588,smooth
2_251_4920,48,4.518518518518518,0.435715129653955,intermittent
2_251_5109,70,100.0,0.0,intermittent
2_251_5202,120,1.0204081632653061,0.20827122645980822,smooth
2_251_5203,51,3.4,0.2480941546256332,intermittent
2_251_5217,83,4.142857142857143,0.49307479224376716,intermittent
2_251_5332,89,1.4727272727272727,0.24119733148663403,intermittent
2_251_5348,58,2.5454545454545454,0.24359292680845138,intermittent
2_251_5356,51,2.2452830188679247,0.24030398322851157,intermittent
2_251_5393,123,47.0,0.0,intermittent
2_251_5400,54,2.761904761904762,0.6324270884824518,lumpy
2_251_5404,45,3.5714285714285716,0.7512081848428547,lumpy
2_251_5425,153,1.0,0.1446993914138335,smooth
2_251_5444,125,7.5,0.0,intermittent
2_251_5523,125,22.5,0.0,intermittent
2_251_5575,56,2.111111111111111,0.2567758616336322,intermittent
2_251_5601,58,2.382978723404255,0.2840867716469491,intermittent
2_251_5645,35,67.5,0.0,intermittent
2_251_5826,105,1.3265306122448979,0.2120643477370818,smooth
2_251_5890,61,1.703125,0.553815647600263,lumpy
2_251_5914,122,16.0,0.0,intermittent
2_251_5920,59,2.4130434782608696,0.3984145116568579,intermittent
2_251_5927,123,2.1363636363636362,0.41796874999999994,intermittent
2_251_5934,68,1.9615384615384615,2.937765174318165,lumpy
2_251_5949,72,2.1777777777777776,0.32689030706004196,intermittent
2_251_6045,108,1.24,0.28219345723704586,smooth
2_251_6068,46,2.1379310344827585,0.527946783686082,lumpy
2_251_6079,131,13.0,0.0,intermittent
2_251_6113,145,25.0,0.0,intermittent
2_251_6198,133,12.333333333333334,0.12500000000000006,intermittent
2_251_6238,133,18.5,0.0,intermittent
2_251_6385,72,2.1777777777777776,0.28163985602627845,intermittent
2_251_6404,102,1.3076923076923077,0.2216451324512492,smooth
2_251_6421,134,1.0,0.11422075474994316,smooth
2_251_6430,59,2.018181818181818,0.821198927646391,lumpy
2_251_6467,106,1.28,0.0836861428529837,smooth
2_251_6597,154,1.0,0.2641394386119188,smooth
2_251_6628,112,1.1153846153846154,0.22646270229455376,smooth
2_251_6633,34,2.6666666666666665,0.8325710518002163,lumpy
2_251_6646,122,24.0,0.0,intermittent
2_251_6742,151,1.0,0.10929870118016427,smooth
2_251_6744,137,8.25,0.375,intermittent
2_251_6781,126,1.8333333333333333,0.2088962932111619,intermittent
2_251_6786,102,1.3877551020408163,0.13640738813735678,intermittent
2_251_6793,145,1.0,0.2845059592464436,smooth
2_251_6827,118,1.04,0.21607773445704706,smooth
2_251_6874,45,2.717391304347826,0.48884584383210256,intermittent
2_251_6877,111,19.666666666666668,0.12500000000000006,intermittent
2_251_6888,48,2.033333333333333,1.240848609223651,lumpy
2_251_6930,94,1.9,0.15269848137003203,intermittent
2_251_6990,69,3.607142857142857,0.5486824935326573,lumpy
2_251_7025,50,1.9672131147540983,0.31604235992259855,intermittent
2_251_7085,99,71.0,0.0,intermittent
2_251_7174,78,2.7058823529411766,0.31396697656968003,intermittent
2_251_7271,70,25.0,0.1111111111111111,intermittent
2_251_7380,152,18.0,0.0,intermittent
2_251_7396,140,1.0,0.10248916807533097,smooth
2_251_7430,125,9.0,0.4197530864197529,intermittent
2_251_7444,124,7.666666666666667,0.2,intermittent
2_251_7470,59,11.1,1.6558944014565318,lumpy
2_251_7479,109,1.2448979591836735,0.13389052834238102,smooth
2_251_7480,34,2.5185185185185186,0.2570873972885786,intermittent
2_251_7482,74,1.6842105263157894,0.3052792592408184,intermittent
2_251_7486,75,1.7272727272727273,0.316290729581106,intermittent
2_251_7613,51,2.5319148936170213,0.3825060550567108,intermittent
2_251_7670,118,1.0612244897959184,0.21265057780166619,smooth
2_251_7796,106,1.2075471698113207,0.5034860469365913,erratic
2_251_7915,63,2.7435897435897436,0.9453940676645503,lumpy
2_251_7980,82,44.0,0.0,intermittent
2_251_8001,57,2.215686274509804,0.20018380399242264,intermittent
2_251_8055,152,1.0,0.24862637362637371,smooth
2_251_8118,77,93.0,0.0,intermittent
2_251_8120,122,2.4,0.3119999999999999,intermittent
2_251_8125,106,1.28,0.25632214021291655,smooth
2_251_8160,68,1.9245283018867925,0.26407847668821505,intermittent
2_251_8180,131,13.0,0.0,intermittent
2_251_8261,33,11.416666666666666,0.5167999999999997,lumpy
2_251_8297,57,22.6,0.0,intermittent
2_251_8342,112,1.8125,1.888813562078438,lumpy
2_251_8346,71,99.0,0.0,intermittent
2_251_8372,37,66.5,0.0,intermittent
2_251_8382,69,2.9705882352941178,0.40759999999999963,intermittent
2_251_8413,56,1.8387096774193548,0.38715685941043126,intermittent
2_251_8501,126,22.0,0.0,intermittent
2_251_8511,126,1.4193548387096775,0.3102374010828822,intermittent
2_251_8523,122,2.1818181818181817,0.45754461871281776,intermittent
2_251_8586,58,4.148148148148148,0.6956521739130438,lumpy
2_251_8601,108,1.4090909090909092,0.37130998432378,intermittent
2_251_8619,146,12.0,0.0,intermittent
2_251_8713,73,1.94,0.07412129090839814,intermittent
2_251_8730,123,47.0,0.0,intermittent
2_251_8772,51,3.4,0.25022495770795106,intermittent
2_251_8775,122,24.0,0.36,intermittent
2_251_8809,50,2.608695652173913,0.4317311979785967,intermittent
2_251_8897,127,21.5,0.36,intermittent
2_251_8937,31,9.928571428571429,0.41881324012895416,intermittent
2_251_8940,57,6.647058823529412,0.2293388429752064,intermittent
2_251_8962,109,1.196078431372549,0.3350170704678443,smooth
2_251_9074,146,24.0,0.0,intermittent
2_251_9085,65,21.0,0.2222222222222222,intermittent
2_251_9112,42,2.0,0.4314546861215723,intermittent
2_251_9130,124,5.75,0.12,intermittent
2_251_9206,141,29.0,0.0,intermittent
2_251_9212,141,9.666666666666666,0.0,intermittent
2_251_9222,79,1.378787878787879,0.45356112955853645,intermittent
2_251_9259,46,2.1016949152542375,0.34280398411701873,intermittent
2_251_9271,30,3.5,0.8668237336474676,lumpy
2_251_9307,123,6.714285714285714,0.09375000000000011,intermittent
2_251_9427,141,29.0,0.0,intermittent
2_251_9444,125,4.090909090909091,0.41777777777777786,intermittent
2_251_9558,61,36.333333333333336,0.0,intermittent
2_251_9661,122,48.0,0.0,intermittent
2_251_9751,122,24.0,0.1111111111111111,intermittent
2_251_9867,63,1.7258064516129032,0.3677243705146379,intermittent
2_251_9924,34,2.4285714285714284,0.3165498601759131,intermittent
2_251_9953,68,102.0,0.0,intermittent
2_251_10065,122,3.0,0.6539908908217659,lumpy
2_251_10163,77,18.6,0.6825208085612366,lumpy
2_251_10199,66,2.1666666666666665,0.22645901081396239,intermittent
2_251_10302,66,2.122448979591837,1.3403784313448024,lumpy
2_251_10325,138,1.0,0.1634898292004708,smooth
2_251_10422,100,1.4,0.08674822231764466,intermittent
2_251_10490,68,102.0,0.0,intermittent
2_251_10532,122,24.0,0.04,intermittent
2_251_10541,122,24.0,0.1111111111111111,intermittent
2_251_10803,122,9.6,0.8877551020408166,lumpy
2_251_10839,138,1.032258064516129,0.4103999815454433,smooth
2_251_11008,62,6.75,0.6842105263157895,lumpy
2_251_11025,63,21.4,0.12244897959183697,intermittent
2_251_11064,122,1.0,0.06177192770599358,smooth
2_251_11121,122,1.0,0.128813087510545,smooth
2_251_11129,125,45.0,0.0,intermittent
2_251_11265,88,82.0,0.0,intermittent
2_251_11335,36,2.7346938775510203,0.6228010904716521,lumpy
2_251_11390,122,12.0,0.1,intermittent
2_251_11444,82,1.7254901960784315,0.18952568734056555,intermittent
2_251_11507,46,2.1016949152542375,0.3698745445799453,intermittent
2_251_11671,46,2.2142857142857144,0.20844117371719853,intermittent
2_251_11750,35,2.142857142857143,0.7129938422576435,lumpy
2_251_11818,77,1.8235294117647058,0.25379411880317754,intermittent
2_251_11852,72,98.0,0.0,intermittent
2_251_11912,84,2.0476190476190474,0.19489929522017937,intermittent
2_251_11973,122,1.0,0.2558851264156469,smooth
2_251_12022,143,27.0,0.0,intermittent
2_251_12029,82,1.4915254237288136,0.3842004786478455,intermittent
2_251_12031,122,1.0,0.092191224578623,smooth
2_251_12122,26,144.0,0.0,intermittent
2_251_12180,84,1.6862745098039216,0.24515185220096145,intermittent
2_251_12261,122,48.0,0.0,intermittent
2_251_12329,104,1.32,0.0764419892568203,smooth
2_251_12338,122,16.0,0.3199999999999998,intermittent
2_251_12353,102,2.0,0.14757892182936266,intermittent
2_251_12386,79,1.6545454545454545,0.3414406144485668,intermittent
2_251_12486,50,30.0,0.1111111111111111,intermittent
2_251_12494,72,5.764705882352941,0.5010027714789618,lumpy
2_251_12606,67,1.8392857142857142,0.42335388274108476,intermittent
2_251_12626,48,2.033333333333333,0.5203183770535561,lumpy
2_251_12650,103,1.2884615384615385,0.2541224487437414,smooth
2_251_12766,101,1.3269230769230769,0.15234492343932995,smooth
2_251_12810,138,4.0,0.375,intermittent
2_251_12953,72,2.5128205128205128,0.868118071513346,lumpy
2_251_13053,105,1.4130434782608696,0.6503207177083158,lumpy
2_251_13072,103,1.2641509433962264,0.1517236554453502,smooth
2_251_13135,77,6.2,0.36363636363636376,intermittent
2_251_13138,60,2.156862745098039,0.38020411347960414,intermittent
2_251_13150,110,1.3636363636363635,0.2550833485759656,intermittent
2_251_13221,83,4.578947368421052,0.4401292067307691,intermittent
2_251_13237,124,46.0,0.0,intermittent
2_251_13260,67,103.0,0.0,intermittent
2_251_13424,85,1.5454545454545454,0.23805282443342907,intermittent
2_251_13444,46,2.2545454545454544,0.24605768985762871,intermittent
2_251_13513,122,1.0,0.21453867039177574,smooth
2_251_13535,134,18.0,0.1111111111111111,intermittent
2_251_13546,85,1.8888888888888888,0.22895776107164992,intermittent
2_251_13655,54,2.0350877192982457,0.24170371926413312,intermittent
2_251_13667,122,4.363636363636363,0.5605536332179931,lumpy
2_251_13682,63,2.3260869565217392,0.22948192882595211,intermittent
2_251_13688,85,85.0,0.0,intermittent
2_251_13747,49,2.75,0.2194872601446996,intermittent
2_251_13784,131,13.0,0.0,intermittent
2_251_13813,157,1.0,0.22220107079119583,smooth
2_251_13855,102,1.8888888888888888,0.30954308900287963,intermittent
2_251_13918,122,6.857142857142857,0.11999999999999991,intermittent
2_251_14012,83,10.875,1.1591695501730104,lumpy
2_251_14023,124,23.0,0.6049382716049383,lumpy
2_251_14062,42,2.909090909090909,1.3501765313314436,lumpy
2_251_14168,82,1.6603773584905661,0.306370168295892,intermittent
2_251_14188,63,1.8448275862068966,0.3011240196590934,intermittent
2_251_14253,75,1.6666666666666667,1.047651422258374,lumpy
2_251_14258,67,25.75,0.0,intermittent
2_251_14298,138,32.0,0.0,intermittent
3_148_784,102,1.0149253731343284,0.98101498069707,erratic
3_148_2125,0,1.0,0.1367069455446801,smooth
3_148_3129,0,1.0,0.16811169183298463,smooth
3_148_3621,0,1.0179640718562875,0.23087862196326117,smooth
3_148_4049,0,1.0,0.16658127848185214,smooth
3_148_4401,0,1.0,0.3254607547043525,smooth
3_148_5153,0,1.0,0.12046368558415416,smooth
3_148_5430,0,1.0059171597633136,0.12139077112399053,smooth
3_148_5560,57,1.0,0.18056311651594736,smooth
3_148_5658,0,1.0119047619047619,0.32434976592201586,smooth
3_148_6054,146,1.0,0.14779392378144957,smooth
3_148_6785,0,1.0303030303030303,0.11183033240997219,smooth
3_148_7196,0,1.0625,0.15112084132130288,smooth
3_148_7491,0,1.0429447852760736,0.1774442448066486,smooth
3_148_7723,88,1.0379746835443038,0.9383028713929068,erratic
3_148_7786,0,1.0493827160493827,0.2601487002444147,smooth
3_148_8370,0,1.0,0.1229208172922106,smooth
3_148_8973,6,1.0123456790123457,0.1752787608839911,smooth
3_148_9295,0,1.1564625850340136,0.352719706534251,smooth
3_148_10315,0,1.0365853658536586,0.16440692379239863,smooth
3_148_10540,0,1.0759493670886076,0.22454840418605732,smooth
3_148_10561,21,1.1037037037037036,0.30395549715815035,smooth
3_148_11420,3,1.0060240963855422,0.1724001957401572,smooth
3_148_12584,0,1.0,0.27948975960016925,smooth
3_148_13029,102,1.0,0.17789749033459903,smooth
3_148_13377,0,1.0119047619047619,0.15136514378696797,smooth
3_148_13762,0,1.0,0.13273868312757203,smooth
4_39_6,17,13.909090909090908,0.0694444444444446,intermittent
4_39_12,37,22.166666666666668,0.10204081632653039,intermittent
4_39_185,106,21.333333333333332,0.0,intermittent
4_39_423,8,3.5217391304347827,0.6711956521739131,lumpy
4_39_608,35,6.428571428571429,0.17360285374554102,intermittent
4_39_684,8,2.076923076923077,0.39271502907866557,intermittent
4_39_690,8,1.9518072289156627,0.6114955786236065,lumpy
4_39_868,135,3.888888888888889,0.4378698224852071,intermittent
4_39_1053,10,2.5,0.27823691460055094,intermittent
4_39_1079,103,4.466666666666667,0.599722991689751,lumpy
4_39_1437,15,2.421875,0.8279121935587246,lumpy
4_39_1574,96,74.0,0.0,intermittent
4_39_2036,8,3.857142857142857,2.5714773581039547,lumpy
4_39_2214,89,3.6818181818181817,0.41398865784499067,intermittent
4_39_2227,8,1.4210526315789473,1.3518189884649514,lumpy
4_39_2420,8,6.0,0.3162500000000002,intermittent
4_39_2673,8,4.5,0.3333333333333333,intermittent
4_39_2740,15,5.535714285714286,0.5088888888888891,lumpy
4_39_3134,137,6.6,0.0,intermittent
4_39_3244,11,3.1176470588235294,1.234054696789536,lumpy
4_39_3268,12,3.2916666666666665,0.3927091083005631,intermittent
4_39_3369,8,1.7802197802197801,1.0205714285714287,lumpy
4_39_3477,25,10.357142857142858,0.057777777777777796,intermittent
4_39_3512,8,1.588235294117647,0.9107291666666665,lumpy
4_39_3697,8,3.5217391304347827,0.44132269626546394,intermittent
4_39_3913,9,7.318181818181818,0.4850000000000002,intermittent
4_39_3926,9,3.8333333333333335,2.5336350672701347,lumpy
4_39_4313,8,1.4464285714285714,0.8358509861212566,lumpy
4_39_4693,8,1.5576923076923077,0.36911060720584554,intermittent
4_39_5094,27,6.5,0.2561728395061727,intermittent
4_39_5110,95,6.25,0.3333333333333333,intermittent
4_39_5179,8,20.25,0.6711111111111111,lumpy
4_39_5242,72,8.166666666666666,0.31250000000000017,intermittent
4_39_5325,8,2.4923076923076923,0.7962293388429749,lumpy
4_39_5362,125,3.4615384615384617,0.7190082644628101,lumpy
4_39_5487,10,1.6161616161616161,2.573215251487291,lumpy
4_39_5879,8,4.909090909090909,0.5214158239143367,lumpy
4_39_5951,16,5.703703703703703,0.43701171875000017,intermittent
4_39_6498,10,16.0,0.4062499999999998,intermittent
4_39_6985,17,17.0,0.2248520710059171,intermittent
4_39_7144,19,4.870967741935484,0.3986686390532543,intermittent
4_39_7248,14,2.3636363636363638,0.8924489795918371,lumpy
4_39_7281,8,5.0625,0.12471655328798185,intermittent
4_39_7530,9,3.744186046511628,0.5292495282334154,lumpy
4_39_8317,21,12.416666666666666,0.21874999999999997,intermittent
4_39_8683,13,7.476190476190476,0.23148148148148162,intermittent
4_39_9249,108,5.166666666666667,0.06508875739644986,intermittent
4_39_9496,10,6.4,0.1718749999999999,intermittent
4_39_9981,28,5.461538461538462,0.2522448979591835,intermittent
4_39_10191,9,3.5,0.5424589925968933,lumpy
4_39_10511,30,46.666666666666664,0.0,intermittent
4_39_10538,24,3.945945945945946,0.21810699588477378,intermittent
4_39_10784,8,5.4,0.7822485207100596,lumpy
4_39_10818,10,22.857142857142858,0.5399999999999999,lumpy
4_39_10905,97,6.636363636363637,0.23469387755102045,intermittent
4_39_10930,14,2.4,0.566265060240964,lumpy
4_39_11458,8,4.764705882352941,0.5530864197530866,lumpy
4_39_11582,20,25.0,0.10204081632653039,intermittent
4_39_11837,8,4.2631578947368425,0.7093425605536332,lumpy
4_39_11907,14,8.210526315789474,0.11342155009451793,intermittent
4_39_12305,95,12.5,0.2592592592592593,intermittent
4_39_12425,9,8.473684210526315,0.27364554637281896,intermittent
4_39_12498,11,2.9444444444444446,0.31810606803254565,intermittent
4_39_12500,8,16.2,0.24999999999999983,intermittent
4_39_12761,14,3.25,0.3744855967078189,intermittent
4_39_13222,8,4.05,0.5687108088000852,lumpy
4_39_13327,72,4.9,0.4532871972318339,intermittent
4_39_13347,9,3.926829268292683,0.4848939763557889,intermittent
4_39_13758,20,18.75,0.28,intermittent
4_39_13937,21,16.555555555555557,0.2500000000000001,intermittent
4_39_13949,15,5.535714285714286,0.4453542185831258,intermittent
4_39_14142,72,49.0,0.0,intermittent
4_55_64,83,3.107142857142857,0.7702163411048099,lumpy
4_55_348,16,6.416666666666667,0.1632653061224487,intermittent
4_55_411,116,2.16,0.6588970442372546,lumpy
4_55_442,0,1.1888111888111887,0.9112787278004436,erratic
4_55_648,121,8.166666666666666,0.3494809688581314,intermittent
4_55_684,3,1.7578947368421052,0.6579095515106024,lumpy
4_55_1879,25,3.625,0.15200000000000002,intermittent
4_55_2231,88,1.5471698113207548,1.2288273329158719,lumpy
4_55_2474,93,2.264705882352941,0.6865383125192416,lumpy
4_55_2651,153,1.5454545454545454,1.7572855820485815,lumpy
4_55_2715,80,2.5,0.3812307365288553,intermittent
4_55_2740,16,2.8,0.3444444444444447,intermittent
4_55_2802,2,7.636363636363637,0.12244897959183675,intermittent
4_55_3070,9,4.351351351351352,0.5213652244020424,lumpy
4_55_3116,100,5.384615384615385,0.6204986149584492,lumpy
4_55_3121,116,5.4,0.28888888888888886,intermittent
4_55_3143,108,20.666666666666668,0.0,intermittent
4_55_3162,117,4.416666666666667,0.8639455782312924,lumpy
4_55_3249,2,1.1428571428571428,1.5482231306491516,erratic
4_55_3275,3,2.141025641025641,1.1664843026681257,lumpy
4_55_3846,7,2.295774647887324,3.4170110824130235,lumpy
4_55_4274,4,1.2769230769230768,1.015746397338214,erratic
4_55_4304,95,2.7777777777777777,0.8840730652139077,lumpy
4_55_4949,11,3.533333333333333,0.539730417569988,lumpy
4_55_5005,55,23.0,0.11111111111111122,intermittent
4_55_5160,81,1.679245283018868,0.8285246222309159,lumpy
4_55_5331,2,2.3013698630136985,0.4068262226847034,intermittent
4_55_5361,22,3.7948717948717947,0.37878787878787884,intermittent
4_55_5491,99,2.730769230769231,0.9630469471739314,lumpy
4_55_5527,4,2.9642857142857144,0.8193002691272588,lumpy
4_55_5541,3,1.2651515151515151,1.1805327815328714,erratic
4_55_6034,20,10.714285714285714,0.23809523809523803,intermittent
4_55_6087,120,1.3888888888888888,0.8579371916359936,lumpy
4_55_6515,156,1.0769230769230769,0.26757369614512455,smooth
4_55_6610,82,6.285714285714286,0.2148760330578513,intermittent
4_55_6645,7,1.9404761904761905,1.3229078613694003,lumpy
4_55_6783,114,4.0,1.3994140625000004,lumpy
4_55_6903,3,1.4273504273504274,2.531945106688883,lumpy
4_55_7141,78,1.3333333333333333,1.4021311353679362,lumpy
4_55_7143,105,5.909090909090909,0.47637051039697553,intermittent
4_55_7283,79,1.9361702127659575,0.6822498173849524,lumpy
4_55_7294,14,2.3636363636363638,0.7580766341096922,lumpy
4_55_7492,73,4.217391304347826,0.3379501385041551,intermittent
4_55_7530,86,2.625,2.3948024207903167,lumpy
4_55_7753,0,4.146341463414634,0.4387117449126744,intermittent
4_55_8179,118,2.0,1.0453701966180855,lumpy
4_55_8244,114,3.7333333333333334,0.7061143984220906,lumpy
4_55_8547,120,3.5714285714285716,0.6794929832503392,lumpy
4_55_8725,90,2.6666666666666665,0.20498614958448763,intermittent
4_55_8886,6,1.607843137254902,0.6468530681178456,lumpy
4_55_10180,97,1.2586206896551724,0.651373403391858,erratic
4_55_10210,99,17.75,0.2345679012345679,intermittent
4_55_10286,88,1.7826086956521738,0.8908644913007395,lumpy
4_55_10288,123,1.6206896551724137,0.5263157894736842,lumpy
4_55_10626,53,3.774193548387097,0.50664550684388,lumpy
4_55_10827,5,1.9642857142857142,1.7315527387958347,lumpy
4_55_11090,0,2.0,0.3796616377830178,intermittent
4_55_11434,84,3.739130434782609,0.3330612244897958,intermittent
4_55_11468,64,3.1176470588235294,2.363621399176955,lumpy
4_55_11705,0,2.0987654320987654,0.6828254847645426,lumpy
4_55_12011,0,4.25,0.3586038656408333,intermittent
4_55_12227,54,3.135135135135135,5.1153388822829955,lumpy
4_55_12615,14,14.181818181818182,0.24930747922437663,intermittent
4_55_12633,28,3.736842105263158,0.6044444444444443,lumpy
4_55_12915,5,1.65,0.7124496857566556,lumpy
4_55_13327,116,5.4,0.9010416666666666,lumpy
4_55_13549,2,1.1506849315068493,1.2257656804733728,erratic
4_55_13581,3,1.7956989247311828,1.171027483427687,lumpy
4_55_13907,3,2.982142857142857,1.0977585741290847,lumpy
4_55_14101,136,2.6153846153846154,0.5476190476190474,lumpy
4_55_14155,2,3.2941176470588234,0.29061224489795906,intermittent
4_55_14299,0,1.6504854368932038,1.2302462863502206,lumpy
4_98_185,75,23.75,0.0,intermittent
4_98_245,82,14.666666666666666,0.0,intermittent
4_98_656,71,8.25,0.06508875739644986,intermittent
4_98_660,68,25.5,0.12,intermittent
4_98_1006,73,10.777777777777779,0.46938775510204067,intermittent
4_98_1008,119,17.0,0.0,intermittent
4_98_1146,121,4.9,0.6343490304709143,lumpy
4_98_2231,90,8.0,0.24260355029585792,intermittent
4_98_2256,77,9.3,0.0,intermittent
4_98_2349,75,47.5,0.0,intermittent
4_98_2371,78,15.333333333333334,0.1111111111111111,intermittent
4_98_2417,78,18.4,0.0,intermittent
4_98_2788,80,22.5,0.12,intermittent
4_98_2823,110,5.454545454545454,0.6328125,lumpy
4_98_2856,80,18.0,0.0,intermittent
4_98_3937,74,19.2,0.0,intermittent
4_98_4287,76,8.545454545454545,0.0,intermittent
4_98_4367,94,38.0,0.0,intermittent
4_98_4528,71,6.1875,0.32231404958677684,intermittent
4_98_5021,124,46.0,0.0,intermittent
4_98_5094,76,4.086956521739131,0.0887573964497043,intermittent
4_98_5104,133,37.0,0.0,intermittent
4_98_5325,70,14.285714285714286,0.0,intermittent
4_98_5541,109,8.714285714285714,0.0,intermittent
4_98_5550,135,5.0,0.09375000000000011,intermittent
4_98_5768,74,7.384615384615385,0.0,intermittent
4_98_6317,120,12.5,0.12,intermittent
4_98_6828,117,53.0,0.0,intermittent
4_98_7432,156,14.0,0.0,intermittent
4_98_7649,67,17.166666666666668,0.0,intermittent
4_98_7950,82,22.0,0.0,intermittent
4_98_8078,129,2.9285714285714284,2.5121107266435994,lumpy
4_98_8131,106,32.0,0.0,intermittent
4_98_8871,80,9.0,0.0,intermittent
4_98_9378,68,34.0,0.0,intermittent
4_98_10174,69,7.214285714285714,0.057777777777777796,intermittent
4_98_11400,90,2.5,0.75,lumpy
4_98_11468,80,18.0,0.0,intermittent
4_98_11609,80,8.181818181818182,0.0,intermittent
4_98_12001,152,6.0,0.0,intermittent
4_98_12430,80,18.0,0.7346938775510206,lumpy
4_98_12471,69,16.833333333333332,1.25,lumpy
4_98_13199,69,101.0,0.0,intermittent
4_98_13669,75,19.0,0.0,intermittent
4_98_13826,79,30.333333333333332,0.0,intermittent
4_98_14221,120,50.0,0.0,intermittent
4_124_200,38,132.0,0.0,intermittent
4_124_1674,26,24.0,0.0,intermittent
4_124_1901,38,66.0,0.1111111111111111,intermittent
4_124_2143,31,12.636363636363637,0.0694444444444446,intermittent
4_124_2746,29,15.666666666666666,0.26446280991735516,intermittent
4_124_4095,28,4.580645161290323,0.16250000000000006,intermittent
4_124_5005,52,118.0,0.0,intermittent
4_124_5660,46,12.4,0.07438016528925608,intermittent
4_124_6142,151,6.333333333333333,0.0,intermittent
4_124_6326,38,44.0,0.0,intermittent
4_124_6406,25,14.5,0.07438016528925608,intermittent
4_124_10159,65,35.0,0.0,intermittent
4_124_10463,37,33.25,0.0,intermittent
4_124_11393,28,10.142857142857142,0.057777777777777796,intermittent
4_124_11541,43,63.5,0.0,intermittent
4_124_12156,27,23.833333333333332,0.10204081632653039,intermittent
4_124_13229,63,35.666666666666664,0.0,intermittent
4_124_13615,114,56.0,0.0,intermittent
4_203_49,96,7.4,0.0,intermittent
4_203_245,0,1.1888111888111887,0.7433609941775132,erratic
4_203_311,4,11.066666666666666,0.4062499999999998,intermittent
4_203_330,0,10.625,0.4222222222222222,intermittent
4_203_376,0,2.7419354838709675,0.39236294896030244,intermittent
4_203_404,0,4.358974358974359,1.1474074074074079,lumpy
4_203_507,23,7.7368421052631575,0.07709750566893403,intermittent
4_203_647,22,6.434782608695652,0.14080000000000004,intermittent
4_203_657,6,1.7634408602150538,0.4361290322580643,intermittent
4_203_742,82,8.8,0.0,intermittent
4_203_801,11,14.454545454545455,0.375,intermittent
4_203_871,2,3.574468085106383,0.36308283928857527,intermittent
4_203_902,0,3.6956521739130435,0.4707266435986158,intermittent
4_203_971,44,15.75,0.0,intermittent
4_203_1082,1,6.76,0.15933412604042818,intermittent
4_203_1138,3,1.6868686868686869,2.406241830722516,lumpy
4_203_1213,4,5.533333333333333,0.3777777777777778,intermittent
4_203_1253,32,34.5,0.0,intermittent
4_203_1279,86,12.0,0.12345679012345664,intermittent
4_203_1437,1,5.121212121212121,0.6329654681381276,lumpy
4_203_1458,0,1.1409395973154361,1.0379208651103145,erratic
4_203_1506,71,2.302325581395349,0.4186046511627908,intermittent
4_203_1562,0,2.6984126984126986,0.9961458882713295,lumpy
4_203_1867,21,6.208333333333333,0.21874999999999997,intermittent
4_203_2018,101,6.9,0.07438016528925608,intermittent
4_203_2234,13,15.7,0.07438016528925608,intermittent
4_203_2239,8,23.142857142857142,0.09375000000000011,intermittent
4_203_2257,3,1.0986842105263157,1.088389197549121,erratic
4_203_2365,0,6.071428571428571,0.19658119658119677,intermittent
4_203_2802,0,7.391304347826087,0.4366448542534206,intermittent
4_203_2813,25,6.304347826086956,0.12444444444444445,intermittent
4_203_2834,61,3.303030303030303,0.8790397045244691,lumpy
4_203_2868,5,7.5,0.9500297441998813,lumpy
4_203_2965,14,10.4,0.19047619047619072,intermittent
4_203_3057,1,4.225,0.20848189153687383,intermittent
4_203_3061,5,2.661290322580645,0.27519132653061235,intermittent
4_203_3111,111,1.84375,0.525729888678849,lumpy
4_203_3126,4,9.222222222222221,0.5041322314049588,lumpy
4_203_3311,111,2.36,0.24511718749999997,intermittent
4_203_3318,0,2.073170731707317,0.4565150651287223,intermittent
4_203_3369,1,1.4695652173913043,0.44827319786757314,intermittent
4_203_3454,7,18.11111111111111,0.07999999999999981,intermittent
4_203_3588,2,3.574468085106383,0.6436672967863896,lumpy
4_203_4106,15,2.8703703703703702,0.36068304872969603,intermittent
4_203_4112,0,1.5044247787610618,0.7364241341441425,lumpy
4_203_4435,11,13.25,0.12110726643598604,intermittent
4_203_4670,72,3.92,1.4895957193816889,lumpy
4_203_4756,8,2.892857142857143,0.24781341107871727,intermittent
4_203_4803,1,4.333333333333333,0.23005565862708707,intermittent
4_203_4831,135,11.666666666666666,0.0,intermittent
4_203_4845,34,3.5789473684210527,0.5106172839506172,lumpy
4_203_4937,131,1.3448275862068966,0.8424586776859506,lumpy
4_203_4958,21,6.208333333333333,0.1626297577854671,intermittent
4_203_5092,111,9.833333333333334,1.0330578512396695,lumpy
4_203_5110,94,2.054054054054054,0.5245844875346263,lumpy
4_203_5252,3,13.916666666666666,0.12110726643598604,intermittent
4_203_5483,4,1.6435643564356435,0.9312715000000003,lumpy
4_203_5578,0,1.4912280701754386,0.585455304191511,lumpy
4_203_5614,5,13.75,0.0,intermittent
4_203_5728,155,7.5,0.0,intermittent
4_203_5779,106,8.0,0.1111111111111111,intermittent
4_203_5917,2,11.2,0.5306122448979594,lumpy
4_203_6348,0,1.4912280701754386,0.3462002614262501,intermittent
4_203_6376,2,4.3076923076923075,1.2569123056841107,lumpy
4_203_6480,7,2.0632911392405062,0.3601928374655647,intermittent
4_203_6587,3,11.133333333333333,0.20498614958448763,intermittent
4_203_6770,5,1.9411764705882353,0.3705112960760999,intermittent
4_203_6870,11,3.0576923076923075,0.23702422145328716,intermittent
4_203_6941,0,2.6153846153846154,0.7003619971313436,lumpy
4_203_6991,72,10.88888888888889,0.2500000000000001,intermittent
4_203_7188,3,33.4,0.0,intermittent
4_203_7275,97,24.333333333333332,0.0,intermittent
4_203_7309,0,3.4,0.18699780861943033,intermittent
4_203_7595,5,1.4732142857142858,1.6111621263136418,lumpy
4_203_7758,108,4.769230769230769,0.21874999999999992,intermittent
4_203_7771,0,1.8279569892473118,0.5541961682632238,lumpy
4_203_7986,0,1.0429447852760736,0.5169655111775966,erratic
4_203_8002,0,2.236842105263158,0.5371802498512788,lumpy
4_203_8029,0,4.0476190476190474,0.18106995884773638,intermittent
4_203_8110,3,1.815217391304348,0.6085905436554792,lumpy
4_203_8151,5,1.9186046511627908,0.5151246537396122,lumpy
4_203_8273,94,25.333333333333332,0.0,intermittent
4_203_8460,124,6.571428571428571,0.2840236686390533,intermittent
4_203_8672,1,3.0727272727272728,0.16355555555555565,intermittent
4_203_8716,104,9.428571428571429,0.09375000000000011,intermittent
4_203_8928,77,5.8125,0.3727810650887574,intermittent
4_203_8976,1,5.28125,0.1523545706371191,intermittent
4_203_9193,0,13.076923076923077,0.09777777777777796,intermittent
4_203_9255,87,5.928571428571429,0.709825528007346,lumpy
4_203_9482,0,3.6956521739130435,0.5497423701942133,lumpy
4_203_9528,4,4.048780487804878,0.3083429450211458,intermittent
4_203_9787,9,2.7288135593220337,0.28038194444444414,intermittent
4_203_9864,0,24.285714285714285,0.0,intermittent
4_203_9906,40,14.444444444444445,0.11570247933884288,intermittent
4_203_10028,3,8.789473684210526,0.3359375000000001,intermittent
4_203_10164,0,1.1409395973154361,0.9496999506172839,erratic
4_203_10182,4,1.3495934959349594,0.5628949804773978,lumpy
4_203_10454,0,18.88888888888889,0.07999999999999981,intermittent
4_203_10520,0,7.391304347826087,0.17555555555555552,intermittent
4_203_10525,6,6.833333333333333,0.2734693877551023,intermittent
4_203_10630,9,8.473684210526315,0.24639999999999979,intermittent
4_203_10691,97,73.0,0.0,intermittent
4_203_10734,137,11.0,0.07999999999999986,intermittent
4_203_10907,0,4.358974358974359,0.23638042474607593,intermittent
4_203_10923,28,7.888888888888889,0.3055885850178358,intermittent
4_203_10978,4,13.833333333333334,0.10204081632653039,intermittent
4_203_11101,0,5.0,0.08310249307479227,intermittent
4_203_11107,2,4.2,0.13421550094517976,intermittent
4_203_11118,0,2.537313432835821,1.8205716411432828,lumpy
4_203_11186,1,3.1296296296296298,0.4814814814814814,intermittent
4_203_11214,0,17.0,0.0,intermittent
4_203_11266,70,4.545454545454546,0.21331945889698223,intermittent
4_203_11338,26,16.0,0.26446280991735516,intermittent
4_203_11466,28,17.75,0.08641975308641975,intermittent
4_203_11697,28,10.923076923076923,0.06122448979591849,intermittent
4_203_11790,0,1.588785046728972,0.8050229397506927,lumpy
4_203_11900,0,4.0476190476190474,0.7736282677391557,lumpy
4_203_11925,1,4.828571428571428,0.28429752066115704,intermittent
4_203_11926,3,2.3857142857142857,0.38055555555555565,intermittent
4_203_11928,6,23.428571428571427,0.09375000000000011,intermittent
4_203_12270,4,10.375,0.08641975308641975,intermittent
4_203_12300,21,8.764705882352942,0.349206349206349,intermittent
4_203_12522,14,8.210526315789474,0.27709190672153633,intermittent
4_203_12668,5,1.2313432835820894,0.7118100098428413,erratic
4_203_12722,11,6.36,0.15933412604042818,intermittent
4_203_12760,95,3.0,0.06310013717421115,intermittent
4_203_13070,9,2.3333333333333335,6.683864765261976,lumpy
4_203_13188,0,2.5,0.3202662721893492,intermittent
4_203_13196,5,1.5714285714285714,1.445039883775116,lumpy
4_203_13292,13,2.8035714285714284,3.907056245434625,lumpy
4_203_13371,0,3.1481481481481484,0.4344607345042822,intermittent
4_203_13684,99,17.75,0.0,intermittent
4_203_13850,16,5.703703703703703,0.4166666666666668,intermittent
4_203_13851,30,6.666666666666667,0.29629629629629606,intermittent
4_203_14070,124,23.0,0.0,intermittent
4_203_14234,21,12.416666666666666,0.44,intermittent
4_240_616,7,4.527777777777778,0.46938775510204067,intermittent
4_240_1562,0,8.947368421052632,0.04500000000000018,intermittent
4_240_4334,2,8.0,0.48484848484848486,intermittent
4_240_4408,13,4.617647058823529,0.23958333333333318,intermittent
4_240_5169,0,18.88888888888889,0.0,intermittent
4_240_5711,2,4.421052631578948,0.4658203125000002,intermittent
4_240_5926,7,2.263888888888889,0.7289965397923875,lumpy
4_240_6082,28,10.142857142857142,0.11418685121107276,intermittent
4_240_7219,92,11.142857142857142,0.09375000000000011,intermittent
4_240_8277,10,53.333333333333336,0.0,intermittent
4_240_9889,80,30.0,0.12500000000000006,intermittent
4_240_11404,17,7.65,0.09640831758034041,intermittent
4_240_12701,55,11.5,0.11111111111111122,intermittent
4_240_13073,0,7.083333333333333,1.046168051708218,lumpy
4_240_13313,0,24.285714285714285,0.09375000000000011,intermittent
4_240_13431,0,2.8333333333333335,0.7013888888888891,lumpy
4_240_13696,1,8.047619047619047,0.18047337278106504,intermittent
4_240_13924,1,28.166666666666668,0.10204081632653039,intermittent
4_248_108,72,49.0,0.0,intermittent
4_248_172,18,16.88888888888889,0.4378698224852071,intermittent
4_248_200,0,2.2972972972972974,0.7945132798601791,lumpy
4_248_205,4,4.15,0.22975206611570256,intermittent
4_248_341,135,8.75,0.0,intermittent
4_248_348,11,15.9,0.11111111111111122,intermittent
4_248_456,4,9.764705882352942,0.25739644970414216,intermittent
4_248_616,10,3.6363636363636362,0.44290123456790104,intermittent
4_248_744,130,13.333333333333334,0.0,intermittent
4_248_754,12,17.555555555555557,0.3775510204081633,intermittent
4_248_840,4,12.76923076923077,0.21333333333333362,intermittent
4_248_1138,3,4.073170731707317,0.1791735537190082,intermittent
4_248_1146,136,5.666666666666667,0.10204081632653039,intermittent
4_248_1283,26,18.0,0.0,intermittent
4_248_1458,0,1.588785046728972,1.0339323487744763,lumpy
4_248_1506,80,15.0,0.31250000000000017,intermittent
4_248_1548,142,7.0,0.0,intermittent
4_248_1583,123,23.5,0.0,intermittent
4_248_1612,1,2.864406779661017,0.2461911357340721,intermittent
4_248_1695,145,12.5,0.1111111111111111,intermittent
4_248_1922,17,15.3,0.07438016528925608,intermittent
4_248_1991,19,6.565217391304348,0.35600907029478474,intermittent
4_248_2073,45,25.0,0.0,intermittent
4_248_2086,46,31.0,0.12,intermittent
4_248_2132,4,4.256410256410256,0.2304526748971195,intermittent
4_248_2189,8,9.529411764705882,0.20710059171597647,intermittent
4_248_2208,0,2.2666666666666666,0.4791818845872898,intermittent
4_248_2218,28,12.909090909090908,0.35802469135802445,intermittent
4_248_2226,2,4.54054054054054,0.2728,intermittent
4_248_2231,2,7.304347826086956,0.3529411764705884,intermittent
4_248_2300,4,6.148148148148148,0.3079584775086503,intermittent
4_248_2310,12,14.363636363636363,0.0694444444444446,intermittent
4_248_2355,150,20.0,0.0,intermittent
4_248_2371,3,16.7,0.12244897959183697,intermittent
4_248_2384,111,11.8,0.12244897959183697,intermittent
4_248_2420,0,1.9101123595505618,0.29360465116279055,intermittent
4_248_2499,1,5.451612903225806,0.15927977839335183,intermittent
4_248_2600,5,3.3,0.3850415512465375,intermittent
4_248_2824,9,2.476923076923077,0.8438801825034721,lumpy
4_248_3057,4,11.857142857142858,0.36111111111111127,intermittent
4_248_3162,31,69.5,0.0,intermittent
4_248_3173,1,8.45,0.11111111111111122,intermittent
4_248_3416,26,28.8,0.09374999999999972,intermittent
4_248_3437,81,17.8,0.11111111111111122,intermittent
4_248_3578,0,6.8,0.11862643080124863,intermittent
4_248_3769,6,5.655172413793103,0.15397923875432554,intermittent
4_248_3932,142,14.0,0.0,intermittent
4_248_4002,45,62.5,0.1111111111111111,intermittent
4_248_4038,0,1.6666666666666667,0.6002666666666664,lumpy
4_248_4183,25,6.904761904761905,0.10880000000000002,intermittent
4_248_4269,4,33.2,0.32653061224489816,intermittent
4_248_4343,1,2.5223880597014925,0.35040680473372776,intermittent
4_248_4357,77,8.454545454545455,0.5950000000000001,lumpy
4_248_4485,1,2.725806451612903,0.22390481341265533,intermittent
4_248_4492,44,18.0,0.0,intermittent
4_248_4528,0,4.25,0.32513390200357073,intermittent
4_248_4774,3,1.4521739130434783,0.5372513872733166,lumpy
4_248_4896,1,6.5,0.40432098765432123,intermittent
4_248_4999,39,16.375,0.12,intermittent
4_248_5083,1,2.1392405063291138,0.8427795980243531,lumpy
4_248_5094,2,9.882352941176471,0.08310249307479227,intermittent
4_248_5108,1,3.1296296296296298,0.3162500000000002,intermittent
4_248_5331,4,5.724137931034483,0.12491781722550938,intermittent
4_248_5377,75,3.8,1.5987413194444446,lumpy
4_248_5544,3,1.2651515151515151,0.40673146862395054,smooth
4_248_5764,0,1.7525773195876289,0.7473323607992267,lumpy
4_248_5790,4,23.714285714285715,0.0,intermittent
4_248_5811,5,2.323943661971831,0.45215049238279603,intermittent
4_248_5880,22,24.666666666666668,0.10204081632653039,intermittent
4_248_5961,27,35.75,0.0,intermittent
4_248_5973,3,1.7040816326530612,0.471074380165289,intermittent
4_248_6082,102,11.333333333333334,0.10204081632653039,intermittent
4_248_6150,14,4.105263157894737,0.1833910034602078,intermittent
4_248_6255,13,2.8545454545454545,0.21224489795918372,intermittent
4_248_6329,0,3.6956521739130435,0.2980381617844667,intermittent
4_248_6332,101,9.857142857142858,0.0,intermittent
4_248_6534,113,9.5,0.0,intermittent
4_248_6587,65,13.125,0.256198347107438,intermittent
4_248_6594,60,27.5,0.1111111111111111,intermittent
4_248_6664,133,2.642857142857143,1.5791935843172202,lumpy
4_248_6819,40,43.333333333333336,0.0,intermittent
4_248_6865,119,25.5,0.0,intermittent
4_248_6872,23,9.1875,0.10803324099722991,intermittent
4_248_6977,7,2.76271186440678,0.6779661016949152,lumpy
4_248_7180,0,1.2592592592592593,0.6836734693877552,erratic
4_248_7240,1,4.225,0.3085937499999998,intermittent
4_248_7285,74,7.384615384615385,0.09777777777777796,intermittent
4_248_7405,5,20.625,0.12396694214876033,intermittent
4_248_7601,150,6.666666666666667,0.0,intermittent
4_248_7718,2,5.419354838709677,0.19501133786848085,intermittent
4_248_7875,107,15.75,0.12,intermittent
4_248_7950,26,8.470588235294118,0.18999999999999984,intermittent
4_248_7970,135,7.0,0.0,intermittent
4_248_8199,15,11.923076923076923,0.21333333333333362,intermittent
4_248_8315,124,15.333333333333334,0.12500000000000006,intermittent
4_248_8466,18,9.5,0.10803324099722991,intermittent
4_248_8467,1,16.9,0.22448979591836746,intermittent
4_248_8651,1,3.840909090909091,0.1904266389177939,intermittent
4_248_8714,1,4.828571428571428,0.456,intermittent
4_248_8794,97,73.0,0.0,intermittent
4_248_8953,73,6.928571428571429,0.12345679012345664,intermittent
4_248_8961,21,9.933333333333334,0.0,intermittent
4_248_9033,1,8.047619047619047,0.11834319526627207,intermittent
4_248_9118,94,3.8,0.30394857667584946,intermittent
4_248_9214,153,4.25,0.22448979591836735,intermittent
4_248_9301,0,2.6153846153846154,0.2723865056226572,intermittent
4_248_9579,84,21.5,0.0,intermittent
4_248_9806,15,9.117647058823529,0.18903591682419632,intermittent
4_248_9883,40,32.5,0.1111111111111111,intermittent
4_248_9906,11,14.454545454545455,0.0694444444444446,intermittent
4_248_9955,0,10.625,0.10803324099722991,intermittent
4_248_10095,124,9.2,0.0,intermittent
4_248_10129,6,23.428571428571427,0.12345679012345664,intermittent
4_248_10245,10,22.857142857142858,0.09917355371900838,intermittent
4_248_10292,17,17.0,0.2248520710059171,intermittent
4_248_10556,3,1.6372549019607843,0.4318842255923895,intermittent
4_248_10687,3,20.875,0.0,intermittent
4_248_10816,13,5.814814814814815,4.698961937716263,lumpy
4_248_10872,6,11.714285714285714,0.057777777777777796,intermittent
4_248_10890,2,33.6,0.11111111111111122,intermittent
4_248_10969,13,13.083333333333334,0.22448979591836715,intermittent
4_248_11122,15,12.916666666666666,0.2041522491349479,intermittent
4_248_11239,3,2.0365853658536586,0.6122861090445317,lumpy
4_248_11553,82,29.333333333333332,0.78125,lumpy
4_248_11643,3,1.815217391304348,0.4949999999999999,intermittent
4_248_11766,1,2.6825396825396823,0.4653457592607095,intermittent
4_248_11790,0,2.151898734177215,0.9749623386281728,lumpy
4_248_11863,80,18.0,0.0,intermittent
4_248_11929,1,28.166666666666668,0.10204081632653039,intermittent
4_248_11968,1,6.035714285714286,0.23339907955292577,intermittent
4_248_11995,15,38.75,0.1111111111111111,intermittent
4_248_11998,130,2.2222222222222223,0.6033057851239673,lumpy
4_248_12228,0,4.857142857142857,0.22400756143667294,intermittent
4_248_12247,2,2.5454545454545454,0.3132324218749999,intermittent
4_248_12388,140,30.0,0.0,intermittent
4_248_12549,54,9.666666666666666,0.22448979591836715,intermittent
4_248_12562,11,53.0,0.07999999999999986,intermittent
4_248_12579,6,11.714285714285714,0.09375000000000011,intermittent
4_248_12609,5,5.892857142857143,0.8626284478096268,lumpy
4_248_12831,0,3.269230769230769,0.26879587383455666,intermittent
4_248_12882,31,34.75,0.0,intermittent
4_248_13021,9,3.156862745098039,0.48620498614958446,intermittent
4_248_13088,4,7.217391304347826,0.2684703433922997,intermittent
4_248_13092,100,23.333333333333332,0.0,intermittent
4_248_13536,138,2.909090909090909,0.2272727272727273,intermittent
4_248_13554,0,8.095238095238095,0.1666666666666667,intermittent
4_248_13729,85,3.1481481481481484,0.25605536332179946,intermittent
4_248_13736,107,15.75,0.1111111111111111,intermittent
4_248_13878,1,18.77777777777778,0.11570247933884288,intermittent
4_248_13880,11,3.7857142857142856,0.20959999999999998,intermittent
4_248_13945,1,3.1296296296296298,0.24121146565711205,intermittent
4_248_14045,95,25.0,0.07999999999999986,intermittent
4_248_14085,44,12.6,0.0,intermittent
4_248_14189,13,7.136363636363637,0.29766803840877915,intermittent
4_248_14276,117,13.25,0.12,intermittent
4_277_88,1,42.25,0.12,intermittent
4_277_185,3,15.181818181818182,0.179930795847751,intermittent
4_277_1119,3,55.666666666666664,0.07999999999999986,intermittent
4_277_1614,8,81.0,0.1111111111111111,intermittent
4_277_1894,155,7.5,0.36,intermittent
4_277_2073,19,151.0,0.0,intermittent
4_277_2132,11,26.5,0.23966942148760353,intermittent
4_277_2239,0,21.25,0.12,intermittent
4_277_2510,1,7.681818181818182,0.20326530612244897,intermittent
4_277_2675,1,18.77777777777778,0.26446280991735516,intermittent
4_277_2693,5,23.571428571428573,0.09375000000000011,intermittent
4_277_2706,37,13.3,0.0,intermittent
4_277_2878,109,61.0,0.0,intermittent
4_277_3010,1,42.25,0.12,intermittent
4_277_3448,1,24.142857142857142,0.09375000000000011,intermittent
4_277_3963,0,12.142857142857142,0.41498216409036837,intermittent
4_277_4025,1,84.5,0.0,intermittent
4_277_4184,1,56.333333333333336,0.07999999999999986,intermittent
4_277_5008,0,9.444444444444445,0.7751479289940832,lumpy
4_277_5011,36,33.5,0.12,intermittent
4_277_5324,36,12.181818181818182,2.638941398865785,lumpy
4_277_5331,8,54.0,0.0,intermittent
4_277_5664,11,10.6,0.23966942148760345,intermittent
4_277_5790,4,55.333333333333336,0.0,intermittent
4_277_5956,0,11.333333333333334,1.9614325068870517,lumpy
4_277_5973,3,55.666666666666664,0.0,intermittent
4_277_6799,4,33.2,0.11111111111111122,intermittent
4_277_6852,155,3.75,0.2,intermittent
4_277_7240,0,28.333333333333332,0.2299999999999998,intermittent
4_277_7685,2,42.0,0.1111111111111111,intermittent
4_277_7749,2,12.0,0.2022160664819944,intermittent
4_277_7805,28,35.5,0.3333333333333333,intermittent
4_277_7888,2,14.0,0.4696789536266353,intermittent
4_277_8437,36,26.8,0.11111111111111122,intermittent
4_277_8497,18,13.818181818181818,0.35802469135802445,intermittent
4_277_8672,6,18.22222222222222,2.5946745562130182,lumpy
4_277_8802,2,15.272727272727273,0.10650887573964475,intermittent
4_277_9159,27,9.533333333333333,0.20370370370370378,intermittent
4_277_9610,45,41.666666666666664,0.12500000000000006,intermittent
4_277_9647,3,20.875,0.22448979591836735,intermittent
4_277_9699,0,4.722222222222222,3.7637252006765283,lumpy
4_277_9709,1,9.941176470588236,0.3327999999999997,intermittent
4_277_9981,1,33.8,0.11111111111111122,intermittent
4_277_10028,4,23.714285714285715,0.7933884297520664,lumpy
4_277_10127,13,11.214285714285714,1.240333135038668,lumpy
4_277_10542,0,12.142857142857142,0.11418685121107276,intermittent
4_277_10611,9,7.318181818181818,0.2818073721759809,intermittent
4_277_10663,2,42.0,0.12,intermittent
4_277_11145,0,18.88888888888889,0.0,intermittent
4_277_11393,0,7.391304347826087,1.5376275510204076,lumpy
4_277_11458,4,20.75,0.12396694214876033,intermittent
4_277_11618,0,9.444444444444445,0.42346938775510207,intermittent
4_277_11643,4,18.444444444444443,2.0,lumpy
4_277_11716,4,27.666666666666668,0.0,intermittent
4_277_11820,5,41.25,0.12,intermittent
4_277_11994,2,10.5,0.19667590027700832,intermittent
4_277_12530,24,8.11111111111111,0.3536000000000001,intermittent
4_277_12722,6,54.666666666666664,0.12500000000000006,intermittent
4_277_13196,7,12.538461538461538,0.5600000000000005,lumpy
4_277_14000,25,48.333333333333336,0.0,intermittent
4_285_16,88,6.3076923076923075,0.2839506172839508,intermittent
4_285_423,40,5.2,0.2543252595155706,intermittent
4_285_437,119,4.636363636363637,0.35802469135802445,intermittent
4_285_540,106,64.0,0.0,intermittent
4_285_936,0,10.625,2.2665406427221173,lumpy
4_285_1608,99,10.142857142857142,0.0,intermittent
4_285_2363,9,3.2857142857142856,0.42746730083234247,intermittent
4_285_2383,87,9.222222222222221,0.11570247933884288,intermittent
4_285_2384,87,5.928571428571429,0.4,intermittent
4_285_2503,5,5.0,0.41010481053480263,intermittent
4_285_3245,26,14.4,0.11111111111111122,intermittent
4_285_4282,79,45.5,0.0,intermittent
4_285_4667,105,8.125,0.12,intermittent
4_285_4744,9,4.128205128205129,1.1800369352731859,lumpy
4_285_5055,7,2.3285714285714287,0.7493271818531337,lumpy
4_285_5259,80,9.0,0.24999999999999983,intermittent
4_285_5325,7,5.433333333333334,0.8669690098261524,lumpy
4_285_5398,33,4.566666666666666,0.710269826613317,lumpy
4_285_5463,98,6.545454545454546,0.2366863905325442,intermittent
4_285_5509,33,4.151515151515151,0.9135987978963187,lumpy
4_285_5777,127,21.5,0.0,intermittent
4_285_5952,62,5.4,0.5585960737656158,lumpy
4_285_6020,131,39.0,0.0,intermittent
4_285_6218,79,11.375,0.4375,intermittent
4_285_7057,104,16.5,0.19111111111111112,intermittent
4_285_7100,122,24.0,0.0,intermittent
4_285_7408,100,14.0,0.11111111111111122,intermittent
4_285_8482,98,9.0,1.1239669421487604,lumpy
4_285_9248,34,6.476190476190476,0.1236623067776456,intermittent
4_285_9288,33,1.957142857142857,1.2594285714285716,lumpy
4_285_11122,19,3.775,2.158352601817724,lumpy
4_285_11618,88,9.11111111111111,0.4378698224852071,intermittent
4_285_11891,107,21.0,0.0,intermittent
4_285_12605,18,2.980392156862745,0.7533871094055914,lumpy
4_285_12884,93,38.5,0.25,intermittent
4_285_13684,104,33.0,0.0,intermittent
4_285_13971,9,10.733333333333333,1.944971999026053,lumpy
4_285_14142,95,25.0,0.0,intermittent
4_291_202,74,13.714285714285714,0.09375000000000011,intermittent
4_291_636,101,34.5,0.0,intermittent
4_291_891,81,14.833333333333334,0.0,intermittent
4_291_936,68,6.8,0.054687499999999965,intermittent
4_291_1059,65,15.0,0.11999999999999991,intermittent
4_291_1094,70,20.0,0.0,intermittent
4_291_1504,59,6.529411764705882,0.0,intermittent
4_291_1674,72,14.0,0.8639053254437871,lumpy
4_291_1924,60,22.0,0.12244897959183697,intermittent
4_291_2036,91,26.333333333333332,0.0,intermittent
4_291_2882,156,14.0,0.0,intermittent
4_291_5668,58,12.444444444444445,0.26446280991735516,intermittent
4_291_6511,145,8.333333333333334,0.16666666666666674,intermittent
4_291_9457,132,12.666666666666666,0.0,intermittent
4_291_10113,94,25.333333333333332,0.0,intermittent
4_291_10509,56,12.666666666666666,0.38888888888888884,intermittent
4_291_10946,129,10.25,0.12,intermittent
4_291_11187,57,8.071428571428571,0.20987654320987634,intermittent
4_291_11470,66,20.8,0.11111111111111122,intermittent
4_291_12444,59,4.625,0.3333333333333333,intermittent
4_291_12701,79,30.333333333333332,0.0,intermittent
4_291_13417,69,10.1,0.07438016528925608,intermittent
4_291_13549,60,6.111111111111111,0.6508875739644971,lumpy
4_304_110,0,1.1564625850340136,0.4285616554266927,smooth
4_304_199,12,3.95,0.33877551020408153,intermittent
4_304_205,8,3.4468085106382977,0.17377731529656618,intermittent
4_304_241,114,3.2941176470588234,0.12396694214876024,intermittent
4_304_340,0,2.8333333333333335,0.2881090089206939,intermittent
4_304_442,0,1.0,0.20959188498746112,smooth
4_304_443,1,3.4489795918367347,0.3780131482834187,intermittent
4_304_590,0,1.0759493670886076,0.442353659156792,smooth
4_304_606,105,3.611111111111111,0.49480968858131485,intermittent
4_304_697,53,23.4,0.0,intermittent
4_304_699,25,10.357142857142858,0.21107266435986183,intermittent
4_304_810,0,8.5,0.12,intermittent
4_304_891,0,1.2878787878787878,0.6161755725925552,erratic
4_304_1072,0,1.328125,0.47291937124152655,smooth
4_304_1079,111,4.214285714285714,0.6198347107438017,lumpy
4_304_1123,0,4.146341463414634,0.14799999999999994,intermittent
4_304_1146,108,2.2142857142857144,0.1666666666666665,intermittent
4_304_1213,6,2.981818181818182,0.31309085082518834,intermittent
4_304_1238,0,1.4655172413793103,0.5901764843981262,lumpy
4_304_1554,17,6.6521739130434785,0.14080000000000004,intermittent
4_304_1776,9,2.2054794520547945,0.5289981096408315,lumpy
4_304_1791,5,2.7966101694915255,0.28547135721118083,intermittent
4_304_2021,58,56.0,0.0,intermittent
4_304_2074,3,10.4375,0.24007561436672967,intermittent
4_304_2295,12,1.58,0.4264985772702432,intermittent
4_304_2303,35,2.5,0.3527892561983472,intermittent
4_304_2463,17,5.884615384615385,0.1679687499999998,intermittent
4_304_2569,15,14.090909090909092,0.0694444444444446,intermittent
4_304_2618,3,2.5303030303030303,0.44226843100189034,intermittent
4_304_2719,29,12.818181818181818,0.10650887573964475,intermittent
4_304_2858,2,5.25,0.33285866856532575,intermittent
4_304_2964,20,5.769230769230769,0.2970521541950112,intermittent
4_304_3448,0,2.3943661971830985,0.2535083748302401,intermittent
4_304_3460,1,2.1948051948051948,0.4784,intermittent
4_304_3526,110,7.5,0.0,intermittent
4_304_3711,24,6.636363636363637,0.39646201873048903,intermittent
4_304_3960,137,3.3,0.07438016528925608,intermittent
4_304_3997,2,3.2941176470588234,0.3500892325996431,intermittent
4_304_4058,30,15.555555555555555,0.0,intermittent
4_304_4367,0,1.3709677419354838,0.3629669443697933,intermittent
4_304_4531,103,2.4814814814814814,0.25510204081632654,intermittent
4_304_4575,4,6.148148148148148,0.16782006920415213,intermittent
4_304_4579,0,1.118421052631579,0.3318066856190571,smooth
4_304_4630,25,11.153846153846153,0.4949999999999999,intermittent
4_304_4715,4,2.9642857142857144,0.21499013806706127,intermittent
4_304_4737,156,7.0,0.0,intermittent
4_304_4883,33,9.133333333333333,0.11111111111111122,intermittent
4_304_4886,30,9.333333333333334,0.5028355387523628,lumpy
4_304_4925,26,9.0,0.08641975308641975,intermittent
4_304_5055,0,2.236842105263158,0.42515200000000014,intermittent
4_304_5094,0,1.3934426229508197,0.3498227177581271,intermittent
4_304_5160,6,2.05,0.42849748977796176,intermittent
4_304_5328,2,2.7096774193548385,0.3638525564803808,intermittent
4_304_5341,126,11.0,0.12,intermittent
4_304_5351,1,8.047619047619047,0.09375000000000011,intermittent
4_304_5487,0,3.207547169811321,0.8444378346222484,lumpy
4_304_5779,108,7.75,0.08641975308641975,intermittent
4_304_5785,44,21.0,0.0,intermittent
4_304_5818,0,3.090909090909091,0.4464134225657458,intermittent
4_304_5887,12,2.46875,0.48210526315789476,intermittent
4_304_5915,135,17.5,0.1111111111111111,intermittent
4_304_5928,6,6.833333333333333,0.21874999999999997,intermittent
4_304_6007,0,3.0357142857142856,0.7920540997464073,lumpy
4_304_6310,0,1.9540229885057472,0.2841152263374484,intermittent
4_304_6495,1,3.7555555555555555,0.1694108311842889,intermittent
4_304_6518,0,1.317829457364341,0.7271074380165289,erratic
4_304_6601,23,2.5789473684210527,0.5936332179930797,lumpy
4_304_6717,104,3.0,0.11659807956104254,intermittent
4_304_6759,12,3.16,0.1918021831142792,intermittent
4_304_7039,1,13.0,0.09777777777777796,intermittent
4_304_7128,39,7.705882352941177,0.08310249307479227,intermittent
4_304_7424,21,5.321428571428571,0.43440233236151615,intermittent
4_304_7488,108,12.4,0.4197530864197529,intermittent
4_304_7667,0,14.166666666666666,0.0,intermittent
4_304_7709,0,2.2666666666666666,0.2262187871581451,intermittent
4_304_7738,104,2.2,0.45661157024793414,intermittent
4_304_7772,0,1.1564625850340136,0.895216083760303,erratic
4_304_8277,18,7.238095238095238,0.5866666666666667,lumpy
4_304_8355,3,4.073170731707317,0.43918367346938786,intermittent
4_304_8385,100,4.666666666666667,0.33270321361058586,intermittent
4_304_8717,4,1.2481203007518797,0.4734537900328419,smooth
4_304_8737,0,1.096774193548387,0.3285022418722363,smooth
4_304_8789,1,4.828571428571428,0.1578449905482041,intermittent
4_304_8802,0,1.0059171597633136,0.3299039476599463,smooth
4_304_8912,1,5.451612903225806,0.3356009070294787,intermittent
4_304_8985,0,1.328125,0.3697978596908442,smooth
4_304_9075,9,1.5480769230769231,0.3603282007565666,intermittent
4_304_9084,10,11.428571428571429,0.4285714285714286,intermittent
4_304_9292,0,3.4,0.5523847271766416,lumpy
4_304_9460,15,2.421875,0.3312,intermittent
4_304_9482,1,3.5208333333333335,0.41322314049586795,intermittent
4_304_9496,1,3.017857142857143,0.22453333333333356,intermittent
4_304_9530,1,3.25,0.18364197530864207,intermittent
4_304_9703,0,1.2056737588652482,0.5498670562454347,erratic
4_304_9743,0,1.1971830985915493,0.5569606768931095,erratic
4_304_10044,2,4.9411764705882355,0.2825443786982249,intermittent
4_304_10271,9,1.9876543209876543,0.40597103749256086,intermittent
4_304_10340,1,3.9302325581395348,0.32198347107437997,intermittent
4_304_10657,16,3.948717948717949,0.24724536414942214,intermittent
4_304_10673,3,6.423076923076923,0.08204518430439964,intermittent
4_304_10938,44,18.0,0.09375000000000011,intermittent
4_304_11107,8,2.3823529411764706,0.19529411764705884,intermittent
4_304_11114,1,6.76,0.2046400951814399,intermittent
4_304_11128,19,13.727272727272727,0.12244897959183675,intermittent
4_304_11328,3,3.9761904761904763,0.2610882487425697,intermittent
4_304_11372,0,3.5416666666666665,0.08641975308641975,intermittent
4_304_11417,2,2.4705882352941178,0.33606400000000014,intermittent
4_304_11426,2,5.6,0.2296296296296296,intermittent
4_304_11468,13,2.5737704918032787,0.4478050829657637,intermittent
4_304_11925,1,3.6739130434782608,0.3554942662215123,intermittent
4_304_11962,100,1.2962962962962963,0.49716446124763747,smooth
4_304_11968,1,1.7244897959183674,0.4934203449388648,intermittent
4_304_12101,0,2.6153846153846154,0.21453287197231838,intermittent
4_304_12287,0,1.0303030303030303,0.2993479076749862,smooth
4_304_12303,101,2.875,0.10204081632653039,intermittent
4_304_12337,0,5.483870967741935,0.3820301783264746,intermittent
4_304_12365,4,12.76923076923077,0.09777777777777796,intermittent
4_304_12387,13,9.235294117647058,0.11791383219954639,intermittent
4_304_12475,101,2.4642857142857144,0.2022160664819944,intermittent
4_304_12556,0,1.8681318681318682,0.4291453615777938,intermittent
4_304_12573,0,2.207792207792208,0.28333333333333327,intermittent
4_304_12633,5,6.6,0.22070312499999994,intermittent
4_304_13069,101,3.45,0.47842056932966054,intermittent
4_304_13182,17,21.857142857142858,0.0,intermittent
4_304_13190,10,2.4242424242424243,0.2874074074074076,intermittent
4_304_13218,2,3.8181818181818183,0.32407407407407385,intermittent
4_304_13233,137,1.8333333333333333,0.43400713436385246,intermittent
4_304_13494,7,3.5434782608695654,0.4197530864197529,intermittent
4_304_13549,0,1.4912280701754386,0.6013063166968156,lumpy
4_304_13708,27,5.958333333333333,0.11296076099881112,intermittent
4_304_13889,106,5.818181818181818,0.8180737217598099,lumpy
4_304_14257,0,1.223021582733813,0.25672508092421037,smooth
4_309_5004,44,25.2,0.0,intermittent
4_309_6007,63,107.0,0.0,intermittent
4_309_11854,33,27.4,0.0,intermittent
4_311_49,96,12.333333333333334,0.10204081632653039,intermittent
4_311_77,94,38.0,0.1111111111111111,intermittent
4_311_215,21,16.555555555555557,0.2399999999999999,intermittent
4_311_1220,21,13.545454545454545,0.22222222222222246,intermittent
4_311_1239,122,24.0,0.0,intermittent
4_311_1262,20,18.75,0.0,intermittent
4_311_1313,14,2.108108108108108,0.3622682074711099,intermittent
4_311_1433,29,28.2,0.11111111111111122,intermittent
4_311_1463,36,16.75,0.08641975308641975,intermittent
4_311_2132,41,14.333333333333334,0.07999999999999981,intermittent
4_311_2141,17,5.464285714285714,0.0,intermittent
4_311_2189,26,72.0,0.0,intermittent
4_311_2384,106,21.333333333333332,0.0,intermittent
4_311_2719,29,47.0,0.12500000000000006,intermittent
4_311_3045,19,16.77777777777778,0.0,intermittent
4_311_3111,110,10.0,0.10204081632653039,intermittent
4_311_3319,112,58.0,0.0,intermittent
4_311_3498,18,7.238095238095238,0.6607142857142859,lumpy
4_311_3603,42,14.222222222222221,0.12500000000000006,intermittent
4_311_3726,44,63.0,0.0,intermittent
4_311_3846,37,9.5,0.057777777777777796,intermittent
4_311_4193,15,3.7804878048780486,0.386473429951691,intermittent
4_311_4356,60,55.0,0.1111111111111111,intermittent
4_311_4402,78,30.666666666666668,0.0,intermittent
4_311_4964,25,9.0625,0.0,intermittent
4_311_5008,21,5.518518518518518,0.3199999999999998,intermittent
4_311_5242,71,16.5,0.10204081632653039,intermittent
4_311_5271,35,45.0,0.12500000000000006,intermittent
4_311_5394,55,38.333333333333336,0.12500000000000006,intermittent
4_311_5881,16,4.666666666666667,0.0694444444444446,intermittent
4_311_5973,19,8.882352941176471,0.04938271604938268,intermittent
4_311_6057,19,9.4375,0.08641975308641975,intermittent
4_311_6142,89,20.25,0.0,intermittent
4_311_6326,20,9.375,0.05190311418685121,intermittent
4_311_6515,116,27.0,0.0,intermittent
4_311_6523,14,78.0,0.36,intermittent
4_311_6530,30,12.727272727272727,0.0,intermittent
4_311_6697,19,9.4375,0.12396694214876033,intermittent
4_311_7005,48,122.0,0.0,intermittent
4_311_7129,157,6.5,0.0,intermittent
4_311_7189,20,10.714285714285714,0.057777777777777796,intermittent
4_311_7288,154,16.0,0.0,intermittent
4_311_7533,43,21.166666666666668,0.0,intermittent
4_311_7579,112,29.0,0.0,intermittent
4_311_7648,28,14.2,0.8,lumpy
4_311_7772,135,35.0,0.0,intermittent
4_311_7867,20,15.0,0.12426035502958563,intermittent
4_311_8029,29,23.5,0.10204081632653039,intermittent
4_311_8110,157,13.0,0.0,intermittent
4_311_8191,21,13.545454545454545,0.0694444444444446,intermittent
4_311_8234,14,156.0,0.0,intermittent
4_311_8267,44,63.0,0.0,intermittent
4_311_8293,21,14.9,0.11111111111111122,intermittent
4_311_8304,126,44.0,0.0,intermittent
4_311_8416,20,10.0,0.20370370370370378,intermittent
4_311_8553,142,7.0,0.0,intermittent
4_311_8660,22,24.666666666666668,0.0,intermittent
4_311_9144,92,19.5,0.12,intermittent
4_311_9441,66,20.8,0.446280991735537,intermittent
4_311_9478,25,6.590909090909091,0.0,intermittent
4_311_9699,17,1.4036697247706422,3.56611329641323,lumpy
4_311_9981,33,22.833333333333332,0.0,intermittent
4_311_10026,36,11.166666666666666,0.851851851851852,lumpy
4_311_10115,22,7.4,0.18400000000000005,intermittent
4_311_10159,17,10.928571428571429,0.11418685121107276,intermittent
4_311_10298,41,14.333333333333334,0.26446280991735516,intermittent
4_311_10524,19,2.9038461538461537,0.5045804988662134,lumpy
4_311_10673,21,29.8,0.11111111111111122,intermittent
4_311_10708,42,10.666666666666666,0.0,intermittent
4_311_11012,36,19.142857142857142,0.09375000000000011,intermittent
4_311_11112,74,19.2,0.0,intermittent
4_311_11306,109,30.5,0.0,intermittent
4_311_11434,45,62.5,0.0,intermittent
4_311_11705,22,18.5,0.12,intermittent
4_311_11754,18,76.0,0.0,intermittent
4_311_11772,45,62.5,0.1111111111111111,intermittent
4_311_11928,80,45.0,0.1111111111111111,intermittent
4_311_11936,44,8.4,7.323183391003459,lumpy
4_311_12156,16,7.333333333333333,0.17360285374554102,intermittent
4_311_12264,22,7.4,0.04308390022675725,intermittent
4_311_12471,47,7.235294117647059,0.0,intermittent
4_311_12701,21,8.764705882352942,0.33471074380165283,intermittent
4_311_12748,56,114.0,0.0,intermittent
4_311_12954,19,21.571428571428573,0.0,intermittent
4_311_13147,21,37.25,0.1111111111111111,intermittent
4_311_13190,60,18.333333333333332,0.31250000000000017,intermittent
4_311_13423,51,13.222222222222221,0.7578125,lumpy
4_311_13431,15,4.305555555555555,0.21751512993947997,intermittent
4_311_13666,100,17.5,0.12,intermittent
4_311_13796,15,7.045454545454546,0.09119999999999981,intermittent
4_311_14037,19,37.75,0.0,intermittent
4_311_14067,14,8.210526315789474,0.07709750566893403,intermittent
4_311_14111,14,13.0,0.0,intermittent
4_311_14173,79,22.75,0.0,intermittent
5_10_170,3,3.630434782608696,4.207554056734775,lumpy
5_10_191,58,1.037037037037037,0.49690599240388783,smooth
5_10_236,72,1.4411764705882353,3.1104009252415548,lumpy
5_10_313,67,2.861111111111111,2.213988623458095,lumpy
5_10_621,0,1.1724137931034482,0.654686218602592,erratic
5_10_630,72,1.053763440860215,0.48418481905179583,smooth
5_10_634,118,1.0,0.2746499954748298,smooth
5_10_685,2,1.411764705882353,0.919767650531287,lumpy
5_10_915,18,6.909090909090909,1.0868613753051095,lumpy
5_10_1100,20,3.8461538461538463,1.792189272660751,lumpy
5_10_1114,134,1.0909090909090908,0.2875338887786817,smooth
5_10_1243,2,2.1538461538461537,2.857044295069156,lumpy
5_10_1248,17,3.477272727272727,2.209475052882842,lumpy
5_10_1375,110,1.0169491525423728,0.8203873552635687,erratic
5_10_1406,0,1.0559006211180124,0.27806770992057184,smooth
5_10_1543,0,1.1805555555555556,0.8200299263457557,erratic
5_10_2237,14,2.260869565217391,4.226938956594174,lumpy
5_10_2281,0,1.5454545454545454,1.4884868804694287,lumpy
5_10_2348,7,3.3958333333333335,1.6345662092594824,lumpy
5_10_2477,1,2.1125,3.911580841660732,lumpy
5_10_2680,114,1.302325581395349,5.778162245290271,erratic
5_10_2705,0,1.103896103896104,0.2614007571660358,smooth
5_10_2786,15,3.7804878048780486,1.9457143707481659,lumpy
5_10_2917,0,1.1486486486486487,0.28561295680514676,smooth
5_10_2978,9,2.639344262295082,6.108849528700037,lumpy
5_10_3181,0,1.096774193548387,0.5190195593060715,erratic
5_10_3194,69,2.8857142857142857,1.5207450719512623,lumpy
5_10_3592,17,2.353846153846154,3.6313520293463273,lumpy
5_10_3661,18,1.6170212765957446,6.9244042463461595,lumpy
5_10_3806,0,1.2056737588652482,0.7605688458729001,erratic
5_10_3838,18,1.027027027027027,1.102580407475258,erratic
5_10_3882,134,1.0285714285714285,0.42495976161895316,smooth
5_10_4044,0,1.2142857142857142,0.38682086936777754,smooth
5_10_4150,18,1.2357723577235773,1.0325000943938907,erratic
5_10_4194,75,1.043956043956044,0.7844041151116795,erratic
5_10_4215,1,4.333333333333333,2.747545665496519,lumpy
5_10_4219,19,4.4411764705882355,1.7236425614803996,lumpy
5_10_4386,0,1.5740740740740742,6.51371807195231,lumpy
5_10_4420,0,1.0828025477707006,0.43831343702255193,smooth
5_10_4471,0,1.0493827160493827,0.6017251635930995,erratic
5_10_4504,0,3.4,0.9210737419331667,lumpy
5_10_4515,120,1.2820512820512822,2.5044399802020556,erratic
5_10_4652,0,1.0897435897435896,0.461226588750913,smooth
5_10_4672,0,1.0059171597633136,0.28576227031529833,smooth
5_10_4830,0,2.65625,1.118822404081199,lumpy
5_10_4876,1,3.6739130434782608,1.9532459062068612,lumpy
5_10_5140,0,1.0365853658536586,0.3555121721533254,smooth
5_10_5272,0,1.1409395973154361,0.6104352125624697,erratic
5_10_5489,4,1.9080459770114941,3.1600920996121036,lumpy
5_10_5506,129,1.0,0.43347482183412944,smooth
5_10_5607,0,2.8813559322033897,2.8347761541189347,lumpy
5_10_5797,0,1.0365853658536586,3.132800987638738,erratic
5_10_5982,0,1.1333333333333333,0.36318143528339836,smooth
5_10_6041,63,1.009433962264151,0.2789734895444209,smooth
5_10_6104,83,1.0,0.11788218941982956,smooth
5_10_6141,1,1.0696202531645569,0.46256506499369454,smooth
5_10_6253,19,2.1884057971014492,1.6653714285714283,lumpy
5_10_6300,9,3.926829268292683,1.799255273175035,lumpy
5_10_6398,113,1.0363636363636364,0.3674060660932551,smooth
5_10_6434,1,2.864406779661017,2.186899936445166,lumpy
5_10_6463,0,1.0897435897435896,1.5359952151596208,erratic
5_10_6543,3,4.175,0.7751479289940828,lumpy
5_10_6676,2,1.1914893617021276,0.7505381231107413,erratic
5_10_6915,0,1.118421052631579,0.5215347949721213,erratic
5_10_7010,107,1.0,0.32437673130193906,smooth
5_10_7073,6,1.1232876712328768,0.6176861553723109,erratic
5_10_7246,0,1.4285714285714286,4.381196527777779,lumpy
5_10_7824,7,1.1560283687943262,0.9478672419689863,erratic
5_10_7855,145,1.1363636363636365,0.5467087068150082,erratic
5_10_7993,0,1.1486486486486487,1.5333671205371393,erratic
5_10_8066,8,1.8,0.8591143331295311,lumpy
5_10_8092,0,1.2878787878787878,1.150428416404679,erratic
5_10_8134,15,2.2142857142857144,2.8344404200499573,lumpy
5_10_8232,17,2.593220338983051,2.8809727706227797,lumpy
5_10_8263,71,2.0625,4.71361259746658,lumpy
5_10_8343,17,3.731707317073171,1.4391598403696706,lumpy
5_10_8352,0,1.096774193548387,0.30803382293727344,smooth
5_10_8399,5,2.75,11.171657924356008,lumpy
5_10_8455,19,1.986842105263158,3.0575440685493875,lumpy
5_10_8743,9,2.7288135593220337,1.7624119404981737,lumpy
5_10_8856,2,1.1830985915492958,1.4471332622654633,erratic
5_10_8992,0,1.3821138211382114,2.350903406139978,lumpy
5_10_9150,124,2.1904761904761907,3.4876397059583746,lumpy
5_10_9289,149,1.5,0.6623673529267938,lumpy
5_10_9304,137,1.0,0.19422411958184904,smooth
5_10_9513,0,1.2408759124087592,0.5857624285591875,erratic
5_10_9643,10,2.807017543859649,1.9762456607084502,lumpy
5_10_9683,0,1.2142857142857142,0.26499339498018515,smooth
5_10_9777,0,1.069182389937107,2.9176619325170345,erratic
5_10_10082,0,1.0119047619047619,0.45194147838921356,smooth
5_10_10103,15,3.2291666666666665,2.071716588867908,lumpy
5_10_10243,19,6.291666666666667,0.8204541990550221,lumpy
5_10_10380,0,1.1333333333333333,0.19198348658284856,smooth
5_10_10431,1,3.4489795918367347,4.878157920576807,lumpy
5_10_10507,123,7.833333333333333,0.3119533527696796,intermittent
5_10_10545,72,8.166666666666666,1.2940441482715541,lumpy
5_10_10564,0,1.103896103896104,0.32293224315256835,smooth
5_10_10700,82,1.0232558139534884,0.2207539066364699,smooth
5_10_10787,0,1.0493827160493827,0.4429981465242348,smooth
5_10_10877,18,2.7142857142857144,2.615223648676278,lumpy
5_10_10941,1,1.0903225806451613,2.2370854865467864,erratic
5_10_11135,2,2.5074626865671643,2.634583961519968,lumpy
5_10_11170,0,1.069182389937107,0.5298456644515865,erratic
5_10_11225,134,1.0588235294117647,0.3581139815340853,smooth
5_10_11267,18,2.6666666666666665,2.6226253352874482,lumpy
5_10_11273,7,2.546875,1.3251247515112174,lumpy
5_10_11303,0,1.2056737588652482,0.41627346429013623,smooth
5_10_11408,0,1.1971830985915493,0.732507098365067,erratic
5_10_11680,1,1.4083333333333334,4.140051456695059,lumpy
5_10_11710,65,2.019230769230769,3.4376105735478166,lumpy
5_10_11743,0,1.4655172413793103,4.196373933558462,lumpy
5_10_12025,120,1.7857142857142858,4.524023808670084,lumpy
5_10_12130,16,1.9012345679012346,2.122099410285204,lumpy
5_10_12144,12,11.285714285714286,1.0804755372656607,lumpy
5_10_12314,19,2.9038461538461537,3.356581196581197,lumpy
5_10_12448,0,1.0493827160493827,0.4553118740851617,smooth
5_10_12499,0,1.0303030303030303,0.360022437344619,smooth
5_10_12602,1,2.725806451612903,2.727923324967757,lumpy
5_10_13412,0,2.361111111111111,6.264220477487582,lumpy
5_10_13697,0,1.683168316831683,1.8614208504626908,lumpy
5_10_14001,8,2.892857142857143,3.103356515279406,lumpy
5_10_14260,4,3.074074074074074,2.2846009137328673,lumpy
5_15_408,65,2.234042553191489,3.6553299145299145,lumpy
5_15_2053,5,2.0625,3.38919203238806,lumpy
5_15_3347,5,1.9879518072289157,1.3214506353095596,lumpy
5_15_3725,155,1.0,0.4268211182891512,smooth
5_15_3828,116,1.4210526315789473,0.7841325139917101,lumpy
5_15_8743,20,3.8461538461538463,1.6524773150652003,lumpy
5_15_9304,157,1.0833333333333333,0.3610149942329873,smooth
5_15_10767,5,1.7741935483870968,1.3517636195752538,lumpy
5_15_10787,5,1.4864864864864864,1.210607439524688,lumpy
5_15_11267,116,3.375,2.49365234375,lumpy
5_15_11680,3,3.0925925925925926,2.8691502020696955,lumpy
5_15_11809,5,1.5865384615384615,0.7671967890492217,lumpy
5_25_13,0,1.069182389937107,0.5381933694617181,erratic
5_25_822,0,1.3385826771653544,0.5663674858337375,lumpy
5_25_845,3,1.176056338028169,0.30302019435197913,smooth
5_25_916,139,1.8235294117647058,0.6700383141762452,lumpy
5_25_1844,10,1.322314049586777,0.6996389802517929,erratic
5_25_2129,76,1.323943661971831,1.204253936868865,erratic
5_25_2449,75,1.2179487179487178,0.5264758174650211,erratic
5_25_3818,138,1.0,0.29327573069208596,smooth
5_25_3973,0,1.2142857142857142,0.6669756105392298,erratic
5_25_4829,84,1.1944444444444444,1.2589411757389566,erratic
5_25_5334,138,1.1428571428571428,0.9366620190131282,erratic
5_25_6224,0,1.103896103896104,1.0719538456705884,erratic
5_25_6322,155,1.0,0.08599999999999984,smooth
5_25_6773,75,1.0555555555555556,0.9159609927480747,erratic
5_25_7366,84,1.0886075949367089,0.9265695008225883,erratic
5_25_7637,136,1.0,0.4514676294146115,smooth
5_25_7765,137,1.375,0.34259259259259267,intermittent
5_25_8283,144,1.2380952380952381,0.7910093652445367,erratic
5_25_8390,143,1.08,0.6408957277788204,erratic
5_25_8576,154,1.0,0.13506257710601252,smooth
5_25_8687,0,7.7272727272727275,0.9095312500000002,lumpy
5_25_9792,142,1.12,0.4214674422968663,smooth
5_25_9988,20,1.2396694214876034,0.5578270710728839,erratic
5_25_10054,140,1.1538461538461537,1.0327095593907738,erratic
5_25_10394,142,1.037037037037037,0.7062721893491124,erratic
5_25_10669,135,1.0294117647058822,0.8966843479410405,erratic
5_25_11376,153,1.1333333333333333,0.8014268727705113,erratic
5_25_11617,75,1.043956043956044,0.5159849498750031,erratic
5_25_12565,75,1.0555555555555556,0.7401033619265813,erratic
5_25_12832,83,1.0357142857142858,0.8735652905474437,erratic
5_33_144,72,1.8148148148148149,2.6098047587154416,lumpy
5_33_149,16,1.2941176470588236,7.303494366471452,erratic
5_33_191,55,1.1855670103092784,0.6961271592393672,erratic
5_33_228,18,2.533333333333333,2.2255436913588684,lumpy
5_33_399,0,1.0429447852760736,0.5478754837880203,erratic
5_33_408,10,2.0253164556962027,5.1059664309188575,lumpy
5_33_420,32,5.52,2.5416103299080586,lumpy
5_33_621,0,1.1805555555555556,0.833418160973495,erratic
5_33_634,123,1.3055555555555556,0.793582285607056,erratic
5_33_821,4,1.0573248407643312,0.5611394786347759,erratic
5_33_1004,0,1.0429447852760736,0.40870666585575566,smooth
5_33_1243,0,3.0357142857142856,2.3431945169430533,lumpy
5_33_1248,17,3.825,1.6819793165461074,lumpy
5_33_1251,0,1.2142857142857142,0.5202432615875071,erratic
5_33_1368,0,1.1486486486486487,0.8737910511212669,erratic
5_33_1375,110,1.0,0.2403634436449269,smooth
5_33_1376,148,1.0,0.5745681581685741,erratic
5_33_1543,2,2.5846153846153848,1.5467108327726309,lumpy
5_33_1546,115,5.5,0.8944653838524104,lumpy
5_33_1739,0,1.1486486486486487,1.367980294015378,erratic
5_33_1799,11,5.482758620689655,2.797585832937504,lumpy
5_33_1875,66,2.311111111111111,2.990022971938202,lumpy
5_33_2127,10,4.571428571428571,1.8109094184946626,lumpy
5_33_2272,11,9.352941176470589,1.5469822485207096,lumpy
5_33_2440,0,1.7,1.234721471065441,lumpy
5_33_2477,0,1.7894736842105263,4.162549163031698,lumpy
5_33_2492,70,1.0101010101010102,0.8224011488775662,erratic
5_33_2558,149,1.05,0.32231404958677706,smooth
5_33_2633,100,1.0606060606060606,0.40131769876038154,smooth
5_33_2680,116,3.176470588235294,7.693665870287279,lumpy
5_33_2703,0,1.0897435897435896,0.3342459888227872,smooth
5_33_2749,4,1.2205882352941178,1.286185676097126,erratic
5_33_2786,14,2.8363636363636364,2.0247404325805434,lumpy
5_33_2810,0,1.0559006211180124,0.6696530978911323,erratic
5_33_2945,66,2.0,3.5685352312518526,lumpy
5_33_3008,0,1.4285714285714286,2.2414571399885523,lumpy
5_33_3037,0,2.5757575757575757,3.418444855488391,lumpy
5_33_3205,4,1.8444444444444446,1.665600538675196,lumpy
5_33_3347,1,1.3,1.81594729446909,erratic
5_33_3592,18,3.8974358974358974,0.9923414371140084,lumpy
5_33_3828,70,1.5873015873015872,1.9529691796281858,lumpy
5_33_3838,18,1.3333333333333333,0.9422997008833607,lumpy
5_33_3930,17,1.0928571428571427,0.5027231832241441,erratic
5_33_4219,19,4.575757575757576,1.6022949218749996,lumpy
5_33_4355,14,3.0588235294117645,1.5316603864941152,lumpy
5_33_4386,0,2.5,3.1618852247621256,lumpy
5_33_4420,0,1.0303030303030303,0.1942377991166056,smooth
5_33_4471,0,1.0759493670886076,0.45719914040114634,smooth
5_33_4515,121,4.454545454545454,0.40179573512906847,intermittent
5_33_4672,0,1.0493827160493827,0.5582241413678087,erratic
5_33_4716,0,1.0179640718562875,1.173468346716076,erratic
5_33_4830,39,2.673469387755102,6.5366431296872936,lumpy
5_33_4876,15,3.7804878048780486,1.8750205456936229,lumpy
5_33_4941,44,31.5,0.0,intermittent
5_33_5047,0,1.7525773195876289,1.1070742022299114,lumpy
5_33_5260,62,1.9285714285714286,6.275709479612275,lumpy
5_33_5302,0,2.982456140350877,2.184190186617313,lumpy
5_33_5489,7,3.26,2.43977242640494,lumpy
5_33_5506,135,1.0,0.43490048270845744,smooth
5_33_5553,0,1.0559006211180124,0.36941542141911254,smooth
5_33_5633,0,1.1111111111111112,0.6603317941038563,erratic
5_33_5656,0,1.1258278145695364,0.607848449841434,erratic
5_33_5947,0,1.0059171597633136,0.5520531700254694,erratic
5_33_6041,51,1.0258620689655173,0.40613535502958614,smooth
5_33_6171,17,1.4299065420560748,5.755308455733817,lumpy
5_33_6253,18,1.7078651685393258,2.5563299322310495,lumpy
5_33_6300,3,3.036363636363636,3.425985623579049,lumpy
5_33_6367,0,1.2592592592592593,0.7816254178770268,erratic
5_33_6412,31,3.159090909090909,4.949804095996232,lumpy
5_33_6463,0,1.0365853658536586,0.7036206489701456,erratic
5_33_6485,8,1.4336283185840708,1.669540124997848,lumpy
5_33_6803,65,2.019230769230769,2.0823175998277628,lumpy
5_33_7010,99,2.21875,0.8819643537993895,lumpy
5_33_7122,118,26.0,0.0,intermittent
5_33_7168,0,1.2781954887218046,0.5966603837417233,erratic
5_33_7246,0,1.4285714285714286,0.6919413365287984,lumpy
5_33_7265,1,2.6825396825396823,1.1167382640650074,lumpy
5_33_7335,0,1.1486486486486487,0.5668695927045551,erratic
5_33_7526,67,3.5517241379310347,1.3835400633770938,lumpy
5_33_7783,4,1.1690140845070423,0.4666834799821659,smooth
5_33_7941,15,2.012987012987013,4.630740614579224,lumpy
5_33_8003,102,1.152542372881356,0.7507598499939211,erratic
5_33_8066,4,4.486486486486487,0.3566666666666665,intermittent
5_33_8109,19,2.157142857142857,1.4605624142661178,lumpy
5_33_8137,26,7.2,1.4577849888828798,lumpy
5_33_8142,18,1.0555555555555556,0.983998879571436,erratic
5_33_8250,16,1.1159420289855073,2.4521282315267507,erratic
5_33_8263,69,2.525,3.2903457041826374,lumpy
5_33_8343,17,3.122448979591837,1.6744551240975694,lumpy
5_33_8344,46,1.0782608695652174,1.0237047590400623,erratic
5_33_8359,67,2.5121951219512195,1.1665160523186682,lumpy
5_33_8409,0,1.36,0.6675098448194916,lumpy
5_33_8420,11,2.064935064935065,2.573913740580407,lumpy
5_33_8435,3,2.141025641025641,3.6012280467573072,lumpy
5_33_8455,19,2.287878787878788,1.671022336584513,lumpy
5_33_8522,3,3.883720930232558,1.4529636009726308,lumpy
5_33_8570,115,1.1,4.405469678953628,erratic
5_33_8847,68,3.090909090909091,2.0333214667141317,lumpy
5_33_8856,8,1.396551724137931,1.4955720914440926,lumpy
5_33_8920,0,1.9101123595505618,0.40668444818489824,intermittent
5_33_8992,0,1.2781954887218046,1.0899070687030263,erratic
5_33_9081,0,2.1794871794871793,6.5065902629866965,lumpy
5_33_9104,0,1.9767441860465116,2.6293614679559876,lumpy
5_33_9150,127,6.142857142857143,2.0576,lumpy
5_33_9387,71,1.076086956521739,0.9916664982136203,erratic
5_33_9513,1,1.1266666666666667,1.8210154934442802,erratic
5_33_9643,12,2.8727272727272726,1.947416231151194,lumpy
5_33_9777,8,1.2366412213740459,1.6586179855163123,erratic
5_33_9898,0,4.358974358974359,3.3291480424967985,lumpy
5_33_10082,0,1.0179640718562875,0.4392962524654834,smooth
5_33_10103,15,2.3134328358208953,2.5952117162804575,lumpy
5_33_10195,0,1.069182389937107,0.5052686626497693,erratic
5_33_10243,19,3.511627906976744,1.1492149782952659,lumpy
5_33_10414,0,1.069182389937107,1.7167842276636256,erratic
5_33_10431,2,1.9090909090909092,7.487709997902406,lumpy
5_33_10492,13,1.097902097902098,0.7349198333543743,erratic
5_33_10545,69,2.9705882352941178,1.7173175542406307,lumpy
5_33_10700,78,1.010989010989011,0.16902414976709754,smooth
5_33_10780,0,2.7868852459016393,4.026178927951389,lumpy
5_33_10836,0,1.0897435897435896,1.0638047126465544,erratic
5_33_10949,10,2.4242424242424243,4.693695489541731,lumpy
5_33_11135,8,3.176470588235294,1.7420588069938723,lumpy
5_33_11170,10,5.0,0.9129444645722271,lumpy
5_33_11267,18,2.111111111111111,2.4894047428296755,lumpy
5_33_11303,1,1.4201680672268908,0.6912144702842381,lumpy
5_33_11494,3,1.2651515151515151,0.5575084905990689,erratic
5_33_11809,2,1.070063694267516,0.3593261912440342,smooth
5_33_11911,0,1.9318181818181819,2.2584741616169217,lumpy
5_33_12008,17,2.8333333333333335,2.2882168587446468,lumpy
5_33_12056,69,1.9423076923076923,2.4431885782272458,lumpy
5_33_12130,18,2.1714285714285713,3.516444293362795,lumpy
5_33_12207,15,2.5833333333333335,2.6711616599707813,lumpy
5_33_12314,19,2.9038461538461537,2.493766242918881,lumpy
5_33_12408,0,1.5596330275229358,2.564201387480222,lumpy
5_33_12438,0,2.073170731707317,0.6160871655183465,lumpy
5_33_12448,0,1.1111111111111112,0.6534815941708192,erratic
5_33_12450,0,1.0759493670886076,0.6422416546417553,erratic
5_33_12463,1,1.2246376811594204,1.3977899270678662,erratic
5_33_12671,0,2.9310344827586206,1.5445804946606476,lumpy
5_33_12787,0,1.683168316831683,3.7960791636589635,lumpy
5_33_13066,0,1.0759493670886076,0.4497846389940011,smooth
5_33_13289,18,1.7272727272727273,2.9745154019534183,lumpy
5_33_13320,13,3.488888888888889,1.6241149107927244,lumpy
5_33_13384,0,1.103896103896104,0.870307793840043,erratic
5_33_13412,5,1.5,3.625620430627687,lumpy
5_33_13697,0,2.073170731707317,1.2153620842486608,lumpy
5_33_13963,134,1.0588235294117647,0.2928733316544948,smooth
5_33_13970,0,1.4285714285714286,0.7643058858501784,lumpy
5_33_14001,2,2.27027027027027,3.741661180694233,lumpy
5_33_14228,11,2.6065573770491803,1.9236586128045001,lumpy
5_33_14260,5,2.1710526315789473,2.091979185118095,lumpy
5_33_14310,0,1.0240963855421688,0.7843408961824009,erratic
5_56_13,0,1.0,0.47639201509066087,smooth
5_56_55,48,1.0427350427350428,0.7972529217650638,erratic
5_56_136,47,1.0512820512820513,0.8604787049861496,erratic
5_56_211,0,1.0625,0.5418241052549142,erratic
5_56_218,0,1.0119047619047619,0.2879740997638726,smooth
5_56_255,20,1.25,0.6753304220731329,erratic
5_56_289,0,1.0,0.1947185085585954,smooth
5_56_294,0,1.1486486486486487,0.7520929578041439,erratic
5_56_501,0,1.1111111111111112,1.2228391356542612,erratic
5_56_508,52,2.2264150943396226,3.5482976466049387,lumpy
5_56_569,152,1.0,0.21905817174515219,smooth
5_56_641,0,1.297709923664122,1.6597575518936012,erratic
5_56_740,0,1.297709923664122,4.43556898167972,erratic
5_56_1027,21,1.2113821138211383,2.640061301948013,erratic
5_56_1237,0,1.7,0.9487170037881052,lumpy
5_56_1351,68,1.2289156626506024,1.0190664036817882,erratic
5_56_1352,5,1.0377358490566038,0.6524765144658408,erratic
5_56_1484,0,1.1643835616438356,0.9499942597303869,erratic
5_56_1589,0,1.1486486486486487,0.47178909620389986,smooth
5_56_1782,0,1.5596330275229358,0.8315732788127165,lumpy
5_56_1916,0,1.0828025477707006,0.6421310363263225,erratic
5_56_2114,0,1.452991452991453,1.7422009418602618,lumpy
5_56_2129,17,1.125,0.5679182268645834,erratic
5_56_2161,19,1.055944055944056,0.7515305490753171,erratic
5_56_2394,14,1.0909090909090908,0.38625143701540715,smooth
5_56_2413,0,1.0429447852760736,0.5831319346569345,erratic
5_56_2449,18,1.1343283582089552,0.43772344526534107,smooth
5_56_2527,46,1.180952380952381,0.9916154499006044,erratic
5_56_2580,0,1.1564625850340136,0.8826880934989044,erratic
5_56_3146,5,1.1785714285714286,10.464682329971668,erratic
5_56_3313,12,1.1879699248120301,0.9716743683888642,erratic
5_56_3549,148,11.0,0.002770083102493075,intermittent
5_56_3770,18,1.1603053435114503,3.6745261502430524,erratic
5_56_3811,20,1.0273972602739727,0.41689647543522407,smooth
5_56_3848,0,1.0897435897435896,0.4649444279150113,smooth
5_56_3874,0,1.328125,2.5865058727563084,erratic
5_56_4026,21,1.0275862068965518,1.7329692392533922,erratic
5_56_4280,68,1.0851063829787233,0.6899549696180558,erratic
5_56_4303,0,2.6984126984126986,0.7958693391659796,lumpy
5_56_4308,0,1.0759493670886076,0.6893842226472733,erratic
5_56_4475,45,1.0330578512396693,0.6531278439215963,erratic
5_56_4734,0,1.096774193548387,1.1349674994126402,erratic
5_56_4776,0,1.0625,0.7523363191407161,erratic
5_56_4821,0,1.1643835616438356,0.8496657594109549,erratic
5_56_4829,34,1.088,1.2281883522403156,erratic
5_56_4833,13,1.1893939393939394,0.7942421768707486,erratic
5_56_4897,0,1.069182389937107,0.5887450020542644,erratic
5_56_5253,0,1.0,0.7253725662461752,erratic
5_56_5372,9,1.1925925925925926,0.29911723207931173,smooth
5_56_5567,2,1.0909090909090908,0.30059688886874564,smooth
5_56_5597,1,1.0628930817610063,1.0896416523201544,erratic
5_56_5736,0,1.1486486486486487,0.3393483583745138,smooth
5_56_5743,46,1.6103896103896105,1.045702419996507,lumpy
5_56_5749,28,2.253968253968254,1.0967187500000002,lumpy
5_56_5882,0,1.0179640718562875,0.20646916277771626,smooth
5_56_6098,0,1.0303030303030303,0.4895682664913432,smooth
5_56_6208,0,1.0240963855421688,0.9910743208848164,erratic
5_56_6224,0,1.1486486486486487,0.6062318208781805,erratic
5_56_6231,0,1.0365853658536586,0.4614565578119505,smooth
5_56_6269,0,1.7894736842105263,1.5088203239968225,lumpy
5_56_6295,4,1.1942446043165467,0.8683415510204081,erratic
5_56_6322,0,1.223021582733813,0.9282043752752899,erratic
5_56_6353,0,1.2318840579710144,0.6497102252173628,erratic
5_56_6446,29,1.165289256198347,0.475213624456614,smooth
5_56_6478,4,1.064102564102564,1.5796329875127928,erratic
5_56_6542,0,1.118421052631579,0.3673951654728327,smooth
5_56_6589,49,1.043103448275862,0.3231058962117924,smooth
5_56_6634,51,1.9508196721311475,3.7904026195328946,lumpy
5_56_6666,76,1.0,0.18743176752803686,smooth
5_56_6765,69,1.216867469879518,1.0936439804552336,erratic
5_56_6849,0,1.0759493670886076,0.4613889489619379,smooth
5_56_6931,0,1.8681318681318682,0.36381657028862924,intermittent
5_56_7008,0,1.1564625850340136,0.614718465897892,erratic
5_56_7036,6,3.28,1.3752835740437097,lumpy
5_56_7040,100,1.0,0.24371582348924356,smooth
5_56_7080,0,1.4406779661016949,0.8238351238123057,lumpy
5_56_7098,0,1.1564625850340136,1.5849852184148463,erratic
5_56_7131,0,1.103896103896104,0.7886563578786412,erratic
5_56_7165,0,1.0897435897435896,0.8252085814772715,erratic
5_56_7264,0,1.096774193548387,0.6047143077018576,erratic
5_56_7321,48,1.2448979591836735,1.3773584905660377,erratic
5_56_7327,3,1.2014388489208634,0.8560744585871918,erratic
5_56_7504,17,1.1417910447761195,0.9270631996333322,erratic
5_56_7637,0,1.0493827160493827,0.4239954646140824,smooth
5_56_7662,0,1.0365853658536586,0.33419213996688263,smooth
5_56_7799,0,1.1111111111111112,3.1187661947152328,erratic
5_56_7862,0,3.7777777777777777,0.24563289438323016,intermittent
5_56_8033,23,1.4848484848484849,0.7207107840643386,lumpy
5_56_8052,0,1.069182389937107,0.3183211752566971,smooth
5_56_8097,0,1.3492063492063493,1.192743450321305,lumpy
5_56_8121,0,1.0759493670886076,0.893529683047431,erratic
5_56_8149,0,1.0179640718562875,1.579692655505316,erratic
5_56_8181,17,1.186046511627907,0.6556293161060373,erratic
5_56_8190,57,1.0660377358490567,0.12253597574518765,smooth
5_56_8216,0,1.096774193548387,0.9010373382089084,erratic
5_56_8378,0,1.0365853658536586,0.388035378989218,smooth
5_56_8390,0,1.1258278145695364,0.7592677537459074,erratic
5_56_8400,0,1.0897435897435896,0.4301356850469205,smooth
5_56_8576,0,1.0240963855421688,0.4931879988698169,smooth
5_56_8577,1,10.5625,0.5804081632653061,lumpy
5_56_8581,57,1.0560747663551402,0.6644370983687591,erratic
5_56_8604,1,1.2900763358778626,0.3159285375059476,smooth
5_56_8896,28,1.0923076923076922,0.8015235613228174,erratic
5_56_8929,3,1.0569620253164558,0.467625882211318,smooth
5_56_8941,0,2.6153846153846154,0.5747390596571864,lumpy
5_56_9048,0,1.0179640718562875,0.9433954377683641,erratic
5_56_9113,0,1.118421052631579,0.4638030035219886,smooth
5_56_9185,0,1.0429447852760736,0.515473815674539,erratic
5_56_9186,0,1.328125,0.4659775153406894,smooth
5_56_9308,0,1.317829457364341,1.9883274254926513,erratic
5_56_9312,0,1.0897435897435896,1.4881988326273845,erratic
5_56_9612,152,1.0,0.5743079817253429,erratic
5_56_9792,0,1.25,0.41422320138344143,smooth
5_56_9809,106,1.0158730158730158,1.0281584998059068,erratic
5_56_9869,57,1.0970873786407767,0.6138272722700061,erratic
5_56_10024,0,1.0897435897435896,1.0634182022764322,erratic
5_56_10054,7,1.2936507936507937,0.45885467930264384,smooth
5_56_10147,0,1.0493827160493827,0.4331603053336371,smooth
5_56_10165,3,1.04375,0.6385252558991333,erratic
5_56_10181,6,1.5769230769230769,0.9673152805297294,lumpy
5_56_10248,22,1.3214285714285714,0.33457622892734795,smooth
5_56_10263,0,1.6037735849056605,1.4551858341624921,lumpy
5_56_10289,0,1.0493827160493827,1.1683026269213952,erratic
5_56_10352,47,1.8088235294117647,6.032358832922051,lumpy
5_56_10356,152,1.0,0.2500356718192627,smooth
5_56_10462,0,1.2056737588652482,1.8082977695918776,erratic
5_56_10575,0,1.0429447852760736,0.46023238121391996,smooth
5_56_10597,0,1.1258278145695364,1.248749059671431,erratic
5_56_10656,0,1.0365853658536586,0.26101850658779285,smooth
5_56_10749,6,2.342857142857143,1.6094359312352393,lumpy
5_56_10759,0,1.069182389937107,0.917249031183861,erratic
5_56_10876,73,2.4871794871794872,0.24799999999999964,intermittent
5_56_10887,0,1.0059171597633136,0.21894812302515448,smooth
5_56_11376,0,1.4049586776859504,0.8563708865291376,lumpy
5_56_11473,0,1.0759493670886076,2.0323820170401667,erratic
5_56_11662,5,1.5420560747663552,0.5996334876543215,lumpy
5_56_11780,0,1.3385826771653544,0.6471462785842681,lumpy
5_56_12092,0,1.0365853658536586,0.4241667285463233,smooth
5_56_12116,0,1.2318840579710144,0.7982004852225004,erratic
5_56_12148,0,1.0493827160493827,0.9440759354387227,erratic
5_56_12165,0,1.0759493670886076,1.2787092103405489,erratic
5_56_12209,153,1.0,0.19192743764172318,smooth
5_56_12232,6,1.0789473684210527,1.4453667813653004,erratic
5_56_12235,28,1.2456140350877194,1.134457114662427,erratic
5_56_12244,2,1.1748251748251748,1.4044370252092708,erratic
5_56_12292,0,1.0429447852760736,0.4329320332691663,smooth
5_56_12456,48,1.0252100840336134,0.41569782278067563,smooth
5_56_12488,0,1.2318840579710144,2.2224380746349373,erratic
5_56_12497,0,1.0559006211180124,2.940914771178459,erratic
5_56_12503,0,1.25,1.2638161440554996,erratic
5_56_12565,20,1.056338028169014,0.5507146290658549,erratic
5_56_12634,0,1.0493827160493827,0.22774347157785702,smooth
5_56_12793,47,1.1495327102803738,0.5758095223385656,erratic
5_56_12834,0,1.0365853658536586,0.4153791518034088,smooth
5_56_12846,20,1.0638297872340425,0.499581611570248,smooth
5_56_12999,0,1.36,1.1713392567258605,lumpy
5_56_13040,0,1.0119047619047619,0.626462018730489,erratic
5_56_13169,44,2.3773584905660377,1.8249,lumpy
5_56_13274,0,1.7894736842105263,0.8753996794259566,lumpy
5_56_13631,7,1.8735632183908046,0.7466514676546027,lumpy
5_56_13677,0,1.4782608695652173,0.5158659936857771,lumpy
5_56_13725,21,1.0955882352941178,2.211148624319685,erratic
5_56_13804,3,1.0182926829268293,1.3068065153561157,erratic
5_56_13827,0,1.069182389937107,0.6846550671209829,erratic
5_56_13837,0,1.0897435897435896,0.49007017519173685,smooth
5_56_13942,3,1.7395833333333333,0.5670755836960822,lumpy
5_56_13965,0,5.862068965517241,0.5412237862683141,lumpy
5_56_14135,51,1.0258620689655173,1.4812364198819068,erratic
5_58_55,49,1.0083333333333333,0.5596261434520046,erratic
5_58_109,0,1.0119047619047619,0.27039710214449886,smooth
5_58_211,0,1.5044247787610618,0.7924386053440983,lumpy
5_58_294,0,1.0897435897435896,0.3287498837886926,smooth
5_58_398,0,1.0429447852760736,0.4623090525400223,smooth
5_58_440,155,1.0714285714285714,0.7793401838831798,erratic
5_58_728,0,1.0625,0.3241089849955135,smooth
5_58_740,0,1.0240963855421688,0.84750584668314,erratic
5_58_1032,0,12.142857142857142,0.26000000000000006,intermittent
5_58_1133,1,1.3629032258064515,0.4752569113170752,intermittent
5_58_1229,0,1.2318840579710144,0.5801752435025147,erratic
5_58_1237,0,1.2592592592592593,0.9250974051670527,erratic
5_58_1339,0,1.0303030303030303,0.35669449212712884,smooth
5_58_1351,72,1.0888888888888888,0.7465146502835542,erratic
5_58_1484,0,1.3492063492063493,0.8248488625312255,lumpy
5_58_1697,0,1.069182389937107,0.5538405714528296,erratic
5_58_1705,5,1.0855263157894737,0.5965387542024052,erratic
5_58_1782,0,1.0759493670886076,0.44180637763050085,smooth
5_58_1844,0,1.1805555555555556,0.5660317272276948,erratic
5_58_1916,0,1.2408759124087592,0.6253165866350856,erratic
5_58_2029,2,1.2923076923076924,0.3337667911659802,smooth
5_58_2032,0,1.118421052631579,0.35529953087670635,smooth
5_58_2082,22,1.3962264150943395,3.455533971694029,lumpy
5_58_2111,150,1.0,0.2422735823703308,smooth
5_58_2114,0,1.2142857142857142,0.9675037714810443,erratic
5_58_2129,19,1.1705426356589148,0.3864776473908557,smooth
5_58_2149,77,1.0108695652173914,0.29755687047994744,smooth
5_58_2161,20,1.1450381679389312,0.6349967793966036,erratic
5_58_2413,0,1.103896103896104,0.3066353772384077,smooth
5_58_2461,0,1.452991452991453,1.0686707976775827,lumpy
5_58_2580,0,1.096774193548387,1.093415233947669,erratic
5_58_2713,73,1.1411764705882352,0.5621111111111111,erratic
5_58_2763,151,1.0,0.08089218088661179,smooth
5_58_2798,51,1.0,1.2749968437890624,erratic
5_58_2993,0,1.0828025477707006,0.4660366510888527,smooth
5_58_3115,0,1.5740740740740742,0.8689092006862701,lumpy
5_58_3146,4,1.1527777777777777,4.99368771924255,erratic
5_58_3262,0,1.5178571428571428,0.6586038299760048,lumpy
5_58_3284,0,1.0059171597633136,0.18683937300764525,smooth
5_58_3327,7,1.2348484848484849,0.45506049426461603,smooth
5_58_3417,3,1.0245398773006136,0.24590487040991477,smooth
5_58_3574,5,1.0248447204968945,0.5496997605796214,erratic
5_58_3744,0,1.1564625850340136,2.1526452044979094,erratic
5_58_3848,0,1.0365853658536586,0.48044270819184026,smooth
5_58_3920,0,1.7171717171717171,0.9084741930013004,lumpy
5_58_4085,0,1.4912280701754386,5.045814244064973,lumpy
5_58_4100,0,1.2686567164179106,1.3819097483362985,erratic
5_58_4207,0,1.1333333333333333,0.2559874133209021,smooth
5_58_4280,70,1.1235955056179776,1.0358861651587767,erratic
5_58_4303,0,1.0303030303030303,0.40439127115234674,smooth
5_58_4365,0,1.7708333333333333,0.5432199996186191,lumpy
5_58_4475,52,1.2291666666666667,0.7061706393406106,erratic
5_58_4856,0,1.0828025477707006,0.24920527376975493,smooth
5_58_5248,0,1.1805555555555556,1.7040916540221174,erratic
5_58_5334,7,1.2734375,0.5842051394562082,erratic
5_58_5597,0,1.096774193548387,0.5030045884103067,erratic
5_58_5713,0,1.2056737588652482,0.42428784013605453,smooth
5_58_5882,0,1.0119047619047619,0.1940012918649628,smooth
5_58_5902,150,1.0,0.11908573714425619,smooth
5_58_5972,71,1.03125,0.5592354504721995,erratic
5_58_6098,0,1.1564625850340136,0.26985611211051563,smooth
5_58_6224,0,1.0493827160493827,0.5343523160891355,erratic
5_58_6231,0,1.103896103896104,0.4528255958763798,smooth
5_58_6295,0,1.1971830985915493,0.5452872585027919,erratic
5_58_6322,0,1.0303030303030303,0.5271323365752164,erratic
5_58_6446,31,1.275229357798165,0.6537200545456117,erratic
5_58_6453,0,1.0179640718562875,3.2274538953175385,erratic
5_58_6478,5,1.4864864864864864,0.849681324558507,lumpy
5_58_6542,0,1.0493827160493827,0.4480225883454997,smooth
5_58_6611,0,1.4912280701754386,2.4229471918246195,lumpy
5_58_6684,150,1.0,0.3048105348024724,smooth
5_58_6706,70,1.098901098901099,0.5684230504746792,erratic
5_58_6849,0,1.1486486486486487,0.20201118953099978,smooth
5_58_6999,0,1.0897435897435896,0.6260054575997399,erratic
5_58_7004,49,1.0803571428571428,0.35196067426524635,smooth
5_58_7048,49,1.0614035087719298,0.3511899691557639,smooth
5_58_7098,0,1.0,0.47934198904210706,smooth
5_58_7102,73,1.1829268292682926,2.706172388604821,erratic
5_58_7165,0,1.0493827160493827,0.4701778042170669,smooth
5_58_7181,0,1.0897435897435896,0.3083963453056079,smooth
5_58_7190,0,1.6666666666666667,1.203169269967548,lumpy
5_58_7264,0,1.0759493670886076,0.4746409812847791,smooth
5_58_7321,49,1.0341880341880343,0.5424218836873126,erratic
5_58_7422,48,1.150943396226415,0.4298966376490221,smooth
5_58_7504,14,1.3,0.48951251861392664,smooth
5_58_7582,0,2.537313432835821,0.3071650447276261,intermittent
5_58_7637,0,1.0759493670886076,0.4930851544653152,smooth
5_58_7691,0,1.297709923664122,1.4420102041270488,erratic
5_58_7765,0,1.103896103896104,0.4507073982254361,smooth
5_58_7894,0,1.25,0.41592398646268736,smooth
5_58_8033,21,1.192,0.35820760689465775,smooth
5_58_8121,0,1.118421052631579,0.4064518540840765,smooth
5_58_8188,0,1.3934426229508197,2.944647628032061,lumpy
5_58_8190,72,1.053763440860215,0.20298285933160953,smooth
5_58_8347,0,1.0365853658536586,0.42298581931526025,smooth
5_58_8400,0,1.0179640718562875,0.2673075277979649,smooth
5_58_8401,139,1.3478260869565217,0.7465533819083167,lumpy
5_58_8576,0,1.1888111888111887,0.42261236321851114,smooth
5_58_8623,71,1.1511627906976745,1.1663015545500135,erratic
5_58_8632,3,1.0308641975308641,0.2140519681425254,smooth
5_58_8687,7,4.405405405405405,0.4526864192356516,intermittent
5_58_8896,35,1.0227272727272727,1.2681013887204562,erratic
5_58_8929,3,1.1283783783783783,0.4594151026061392,smooth
5_58_9156,0,1.1971830985915493,1.8168065187043327,erratic
5_58_9750,0,1.2878787878787878,3.070264961931814,erratic
5_58_9792,0,1.1724137931034482,0.5711124553286958,erratic
5_58_9820,0,1.069182389937107,0.48938631767264923,smooth
5_58_9869,60,1.1702127659574468,0.6037641247479334,erratic
5_58_10009,0,1.0429447852760736,0.14336267856858115,smooth
5_58_10064,151,1.9,0.7006186811528596,lumpy
5_58_10263,0,1.9318181818181819,1.6497849951009873,lumpy
5_58_10289,0,1.0559006211180124,0.7130820770501937,erratic
5_58_10503,0,1.3076923076923077,0.532421919363034,erratic
5_58_10656,0,1.0897435897435896,0.3338886575038178,smooth
5_58_10737,0,1.0897435897435896,0.5375301441146919,erratic
5_58_10887,0,1.0119047619047619,0.1812026003518709,smooth
5_58_11315,0,1.36,1.3456859022551293,lumpy
5_58_11385,0,1.1409395973154361,3.5038448550152506,erratic
5_58_11473,0,1.1333333333333333,2.0224811818218416,erratic
5_58_11578,32,1.2432432432432432,1.1730282105679752,erratic
5_58_11617,21,1.146153846153846,0.6252850030570357,erratic
5_58_11723,0,1.1888111888111887,0.4547518859565483,smooth
5_58_11774,0,1.0119047619047619,1.2950676594167077,erratic
5_58_11901,0,4.358974358974359,0.5949074074074072,lumpy
5_58_11952,2,1.2444444444444445,0.7992405363711876,erratic
5_58_12053,39,1.0916666666666666,0.5557516013961875,erratic
5_58_12148,0,1.0493827160493827,0.29198952867109895,smooth
5_58_12212,39,1.0234375,0.6371005146651237,erratic
5_58_12215,0,1.5178571428571428,0.6342025291638074,lumpy
5_58_12232,6,1.1468531468531469,0.8577681346656241,erratic
5_58_12235,23,1.05,0.8557197308810615,erratic
5_58_12292,0,1.118421052631579,0.3744325119759541,smooth
5_58_12335,0,1.1564625850340136,1.0607572734479418,erratic
5_58_12456,50,1.0084033613445378,0.5368584462809918,erratic
5_58_12564,0,1.0059171597633136,0.25159546048695197,smooth
5_58_12736,0,1.0429447852760736,0.40374803528217645,smooth
5_58_12792,0,1.0828025477707006,0.47441334372365374,smooth
5_58_12832,59,1.0277777777777777,1.1468611348251112,erratic
5_58_12917,0,1.2408759124087592,0.34319562514797464,smooth
5_58_12943,149,1.05,0.28231522916011087,smooth
5_58_13274,0,1.0240963855421688,0.21405005588314627,smooth
5_58_13413,150,1.0,0.22274256370265605,smooth
5_58_13437,0,1.0625,0.3698538505686045,smooth
5_58_13483,0,1.0759493670886076,0.2928179446174562,smooth
5_58_13804,4,1.1066666666666667,1.322668680151576,erratic
5_58_13827,0,1.0493827160493827,0.28750079331353956,smooth
5_58_13834,151,1.0,0.36649603934913777,smooth
5_58_13852,0,1.2408759124087592,1.0337997256265612,erratic
5_58_13998,81,1.0113636363636365,0.32479326173019846,smooth
5_58_14094,151,1.0,0.45375518834677725,smooth
5_58_14241,0,1.0179640718562875,0.43362075673303035,smooth
5_92_822,28,4.4375,1.0661702328211895,lumpy
5_92_1484,151,9.5,0.25,intermittent
5_92_4829,85,2.0238095238095237,0.3015873015873015,intermittent
5_92_5736,12,3.95,1.1416717617259151,lumpy
5_92_6224,27,2.86,1.373172953201579,lumpy
5_92_7366,86,2.4,0.2962962962962963,intermittent
5_92_9792,152,9.0,0.36,intermittent
5_109_7855,150,4.0,0.2809917355371899,intermittent
5_109_8920,152,9.0,0.1111111111111111,intermittent
5_109_11911,153,5.666666666666667,0.16666666666666674,intermittent
5_109_12603,154,3.2,0.2809917355371899,intermittent
5_131_1697,142,1.2727272727272727,0.9414215376846354,erratic
5_131_2718,154,1.2307692307692308,0.3532767065534129,smooth
5_131_3346,145,2.7777777777777777,0.12500000000000006,intermittent
5_131_3767,156,7.0,0.1111111111111111,intermittent
5_131_4308,157,4.333333333333333,0.0,intermittent
5_131_5874,148,1.4666666666666666,0.11111111111111122,intermittent
5_131_5902,155,7.5,0.0,intermittent
5_131_6463,157,1.0833333333333333,0.2789115646258503,smooth
5_131_6589,154,1.6,0.7006802721088434,lumpy
5_131_7165,155,1.5,0.2802768166089967,intermittent
5_131_7462,154,1.4545454545454546,0.6412698412698412,lumpy
5_131_8283,154,1.7777777777777777,0.7474048442906573,lumpy
5_131_8400,157,6.5,0.0,intermittent
5_131_8604,154,1.1428571428571428,0.47873799725651567,smooth
5_131_8778,157,4.333333333333333,0.0,intermittent
5_131_9464,153,4.25,1.1975308641975309,lumpy
5_131_9913,153,1.1333333333333333,0.4572680788897004,smooth
5_131_11723,141,4.833333333333333,0.0,intermittent
5_131_11897,147,2.090909090909091,0.32368848025959973,intermittent
5_131_13437,155,1.1538461538461537,0.47874999999999995,smooth
5_131_13804,142,28.0,0.0,intermittent
5_150_4672,0,2.1794871794871793,0.46293324812329234,intermittent
5_150_10195,0,3.207547169811321,1.0602206322593912,lumpy
5_257_13,1,1.0432098765432098,0.35329788018909636,smooth
5_257_1339,0,1.1805555555555556,0.4492578512396691,smooth
5_257_3398,0,1.7708333333333333,1.1442518532583028,lumpy
5_257_7415,0,2.236842105263158,0.8043532899228345,lumpy
5_257_7637,19,2.253731343283582,1.5435615265897147,lumpy
5_257_8121,0,1.8888888888888888,1.67496816985908,lumpy
5_257_8347,0,3.617021276595745,0.8701345309106631,lumpy
5_257_10669,0,11.333333333333334,1.6515252764876873,lumpy
5_257_10737,0,2.073170731707317,0.6096027125476343,lumpy
5_257_12148,0,2.2972972972972974,0.6367993914474824,lumpy
5_257_12212,87,1.1216216216216217,0.5322745312053344,erratic
5_257_12235,0,2.7868852459016393,1.269031141868512,lumpy
5_257_12497,13,6.826086956521739,2.050528430430605,lumpy
5_262_621,111,1.4390243902439024,0.4637675353377533,intermittent
5_262_630,147,1.9166666666666667,0.5965120887831947,lumpy
5_262_1830,153,2.4285714285714284,0.24380165289256214,intermittent
5_262_2769,147,2.875,0.9861157024793389,lumpy
5_262_3327,122,2.823529411764706,0.9224691358024693,lumpy
5_262_3417,117,1.325,0.4033480145746258,smooth
5_262_4308,146,1.8461538461538463,0.18498313826621704,intermittent
5_262_4856,118,1.3,0.7616346921643697,erratic
5_262_5140,118,2.1666666666666665,0.48672566371681447,intermittent
5_262_5567,147,4.6,0.27218934911242587,intermittent
5_262_5797,117,1.65625,0.6964134766332568,lumpy
5_262_5882,113,1.2391304347826086,0.28700617283950614,smooth
5_262_6104,146,2.0,0.9281663516068049,lumpy
5_262_6224,153,2.8333333333333335,0.13604803903171325,intermittent
5_262_6435,111,1.5945945945945945,0.7423311791201551,lumpy
5_262_6463,117,1.5588235294117647,1.0944931978198327,lumpy
5_262_6999,116,2.16,1.4572649572649572,lumpy
5_262_7131,140,1.5789473684210527,0.6963757617844611,lumpy
5_262_7489,118,1.5294117647058822,0.579126368370709,lumpy
5_262_7662,153,5.666666666666667,0.031250000000000014,intermittent
5_262_7783,152,3.6,0.8685776095186587,lumpy
5_262_8071,153,2.8333333333333335,0.5733333333333335,lumpy
5_262_8121,116,1.2857142857142858,0.42046946063917473,smooth
5_262_8294,153,2.8333333333333335,0.22916666666666674,intermittent
5_262_8347,113,1.2391304347826086,0.9135944987500936,erratic
5_262_8400,148,2.2,0.5591836734693879,lumpy
5_262_9289,157,4.333333333333333,0.24218750000000014,intermittent
5_262_9312,133,3.7,2.2324218749999996,lumpy
5_262_10024,116,3.176470588235294,0.9922665080309342,lumpy
5_262_10195,120,1.6129032258064515,0.5591397849462366,lumpy
5_262_10380,154,3.2,0.32271468144044335,intermittent
5_262_10414,157,4.333333333333333,0.4628099173553719,intermittent
5_262_11897,114,1.3333333333333333,0.5845983379501385,lumpy
5_262_12165,153,3.4,0.2222222222222222,intermittent
5_262_12292,117,1.394736842105263,0.2694336405775482,intermittent
5_262_12450,136,5.666666666666667,1.281644719161516,lumpy
5_262_13026,153,2.4285714285714284,0.617444163650024,lumpy
5_262_13413,153,2.4285714285714284,0.9498269896193774,lumpy
5_262_13837,118,1.5294117647058822,0.9916463626870865,lumpy
5_262_13914,114,2.1538461538461537,0.9038461538461537,lumpy
6_67_46,0,1.0119047619047619,0.8838039074093846,erratic
6_67_128,149,1.0,0.3899034702290867,smooth
6_67_235,40,1.015625,1.2235046760693307,erratic
6_67_357,132,1.0,0.6588870719984142,erratic
6_67_405,0,1.0,0.34344807132489064,smooth
6_67_450,140,1.0,2.0207261930175244,erratic
6_67_586,129,1.025,1.0948772741835644,erratic
6_67_651,113,1.0,0.17501327302340874,smooth
6_67_732,138,1.032258064516129,9.141615036764051,erratic
6_67_834,0,1.0,1.0919479707590263,erratic
6_67_900,0,1.2408759124087592,0.9823114196133662,erratic
6_67_1075,81,1.5614035087719298,0.26601239669421495,intermittent
6_67_1289,98,1.6744186046511629,8.059179815593534,lumpy
6_67_1403,81,1.1866666666666668,0.4694213867187498,smooth
6_67_1494,0,1.3076923076923077,0.6872296106393208,erratic
6_67_1682,148,1.1,0.22133333333333338,smooth
6_67_1731,147,1.5333333333333334,0.8029886171271639,lumpy
6_67_1787,146,2.4,2.541020793950851,lumpy
6_67_2096,151,1.7272727272727273,0.37727810650887583,intermittent
6_67_2288,146,2.4,0.8719999999999999,lumpy
6_67_2472,136,1.0303030303030303,0.7470550563760214,erratic
6_67_2576,129,1.2424242424242424,0.9358015901269726,erratic
6_67_2897,117,1.2325581395348837,2.654717725716974,erratic
6_67_2974,115,5.0,0.23469387755102045,intermittent
6_67_3029,145,4.166666666666667,1.0853031690634718,lumpy
6_67_3153,0,1.0059171597633136,0.8318859325857202,erratic
6_67_3258,148,4.4,0.0,intermittent
6_67_3521,1,1.0432098765432098,0.5096774638772423,erratic
6_67_3681,147,1.2777777777777777,0.11680059123891443,smooth
6_67_4081,123,9.4,0.0,intermittent
6_67_4398,132,1.0,0.2539616211298854,smooth
6_67_4436,50,1.0169491525423728,1.4258341573834357,erratic
6_67_4727,149,1.0,0.6941472336534066,erratic
6_67_4812,51,1.0,1.0161157723281966,erratic
6_67_4943,110,2.3076923076923075,3.648628538596435,lumpy
6_67_5350,115,1.1,0.3332295458189781,smooth
6_67_5935,147,1.0,0.29155151833834436,smooth
6_67_6192,130,13.333333333333334,1.549299362180359,lumpy
6_67_6354,100,1.0144927536231885,1.0913186132481794,erratic
6_67_6508,0,1.0059171597633136,1.3775254162851203,erratic
6_67_6636,137,1.0,0.6284926605963049,erratic
6_67_6718,0,1.118421052631579,2.8155737448605995,erratic
6_67_6771,93,1.0,0.42659303851431646,smooth
6_67_6798,139,2.3846153846153846,0.5399449035812675,lumpy
6_67_6836,139,2.5833333333333335,1.617283950617284,lumpy
6_67_6883,140,3.0,0.0,intermittent
6_67_6902,145,6.25,0.7088,lumpy
6_67_7033,110,1.0169491525423728,1.1624980741568895,erratic
6_67_7466,139,3.875,0.08641975308641975,intermittent
6_67_7588,137,1.064516129032258,1.8110493827160494,erratic
6_67_7681,128,1.0,1.203708523365721,erratic
6_67_7792,125,1.0,0.7861117827385441,erratic
6_67_8300,132,1.3103448275862069,0.93070652173913,erratic
6_67_8323,40,2.452830188679245,0.4576573011476058,intermittent
6_67_8388,37,1.0901639344262295,4.59692553491985,erratic
6_67_8491,149,1.0,0.609991627324473,erratic
6_67_8592,93,1.0,1.5270611258633489,erratic
6_67_8658,0,1.0059171597633136,0.8656245630918492,erratic
6_67_8662,52,1.0260869565217392,0.5369085639690969,erratic
6_67_8769,140,7.5,2.3161865569272977,lumpy
6_67_8803,143,1.08,0.4224000000000001,smooth
6_67_8970,143,27.0,0.0,intermittent
6_67_9172,79,1.82,5.174769603806575,lumpy
6_67_9505,129,1.4642857142857142,0.3619994625100782,intermittent
6_67_9857,110,1.8181818181818181,3.3258180711080736,lumpy
6_67_9861,149,1.0,0.8654803976274621,erratic
6_67_10005,0,1.0897435897435896,1.2997283769630517,erratic
6_67_10120,0,1.0059171597633136,1.2250887156907802,erratic
6_67_10388,24,5.407407407407407,0.7812500000000001,lumpy
6_67_10551,49,1.09009009009009,1.351914246558184,erratic
6_67_10895,0,1.0059171597633136,1.1771145043457176,erratic
6_67_10956,0,1.1486486486486487,0.9977671340645103,erratic
6_67_11226,115,1.1224489795918366,0.7800134124855165,erratic
6_67_11431,0,1.0119047619047619,1.32655813812054,erratic
6_67_11501,2,1.9090909090909092,0.5092107627036665,lumpy
6_67_11645,138,1.7777777777777777,0.2248520710059171,intermittent
6_67_11755,136,1.096774193548387,0.9715601540768736,erratic
6_67_11791,113,1.0,0.2779871431335686,smooth
6_67_11830,149,1.1666666666666667,0.9076887015984794,erratic
6_67_11849,2,1.037037037037037,1.34281978870167,erratic
6_67_12054,145,6.25,0.5537190082644629,lumpy
6_67_12158,12,1.0394736842105263,0.8441502230450305,erratic
6_67_12248,151,1.0,0.8431979602986707,erratic
6_67_12479,2,1.1914893617021276,0.8878681301967357,erratic
6_67_12591,0,1.0,0.476206463880025,smooth
6_67_12828,110,2.3076923076923075,4.370979929705819,lumpy
6_67_12912,151,1.0,0.5813396449704143,erratic
6_67_12968,145,8.333333333333334,0.16666666666666674,intermittent
6_67_13097,0,1.1333333333333333,0.7435738283002272,erratic
6_67_13166,0,1.1111111111111112,3.293385416432134,erratic
6_67_13432,14,1.2283464566929134,3.5570092721429445,erratic
6_67_13480,137,1.0,1.1452874425188688,erratic
6_67_13543,19,5.392857142857143,1.1421457673155273,lumpy
6_67_14233,2,1.05,1.5865326830621296,erratic
6_67_14248,122,1.0,0.920552079440165,erratic
6_86_651,129,1.0789473684210527,2.081277063333169,erratic
6_86_3681,149,3.0,0.3949584487534628,intermittent
6_86_4398,136,1.3076923076923077,0.7816046069507406,erratic
6_86_5935,149,2.1,0.9808061690436152,lumpy
6_86_12085,141,1.7058823529411764,3.1689677843523993,lumpy
6_86_12158,131,1.2580645161290323,0.7171883288724923,erratic
6_86_12591,129,1.9523809523809523,0.5706371191135734,lumpy
7_303_68,26,1.9726027397260273,0.29043708989207223,intermittent
7_303_76,42,6.095238095238095,0.16666666666666669,intermittent
7_303_130,149,10.5,0.36,intermittent
7_303_206,74,10.666666666666666,0.8000000000000002,lumpy
7_303_242,148,22.0,0.0,intermittent
7_303_246,123,47.0,0.0,intermittent
7_303_252,151,4.75,0.0,intermittent
7_303_262,29,6.714285714285714,0.07183364839319466,intermittent
7_303_299,141,29.0,0.0,intermittent
7_303_310,63,107.0,0.0,intermittent
7_303_323,152,18.0,0.0,intermittent
7_303_389,149,21.0,0.0,intermittent
7_303_445,151,1.5833333333333333,0.2963988919667591,intermittent
7_303_476,60,110.0,0.0,intermittent
7_303_479,31,9.266666666666667,0.0,intermittent
7_303_530,28,71.0,0.0,intermittent
7_303_709,28,9.466666666666667,0.054687499999999965,intermittent
7_303_722,141,29.0,0.0,intermittent
7_303_756,55,57.5,0.0,intermittent
7_303_770,38,22.0,0.0,intermittent
7_303_909,71,99.0,0.0,intermittent
7_303_923,61,5.190476190476191,0.04132231404958669,intermittent
7_303_941,83,3.782608695652174,0.2777777777777777,intermittent
7_303_950,84,7.818181818181818,0.375,intermittent
7_303_1033,49,30.25,0.0,intermittent
7_303_1048,98,36.0,0.0,intermittent
7_303_1080,78,92.0,0.0,intermittent
7_303_1104,43,11.545454545454545,0.0,intermittent
7_303_1106,156,14.0,0.0,intermittent
7_303_1127,70,100.0,0.0,intermittent
7_303_1173,152,18.0,0.0,intermittent
7_303_1184,97,73.0,0.0,intermittent
7_303_1233,155,3.75,0.0,intermittent
7_303_1240,155,15.0,0.0,intermittent
7_303_1245,137,16.5,0.0,intermittent
7_303_1355,26,2.7169811320754715,0.4600550964187328,intermittent
7_303_1364,144,13.0,0.0,intermittent
7_303_1391,97,18.25,0.0,intermittent
7_303_1430,137,33.0,0.0,intermittent
7_303_1434,31,7.315789473684211,0.09917355371900814,intermittent
7_303_1466,150,10.0,0.0,intermittent
7_303_1474,95,18.75,0.0,intermittent
7_303_1531,154,4.0,0.1111111111111111,intermittent
7_303_1563,53,117.0,0.0,intermittent
7_303_1610,156,7.0,0.1111111111111111,intermittent
7_303_1619,34,3.317073170731707,0.2906508875739644,intermittent
7_303_1676,98,9.0,0.0,intermittent
7_303_1680,136,34.0,0.0,intermittent
7_303_1684,47,6.15,0.18400000000000005,intermittent
7_303_1746,119,17.0,0.0,intermittent
7_303_1781,143,1.4210526315789473,0.4250000000000002,intermittent
7_303_1790,73,48.5,0.0,intermittent
7_303_1800,94,6.909090909090909,0.10650887573964475,intermittent
7_303_1864,26,1.8227848101265822,0.5487478619358801,lumpy
7_303_1911,50,30.0,0.0,intermittent
7_303_1934,115,27.5,0.0,intermittent
7_303_1939,26,1.8227848101265822,0.5745974722991688,lumpy
7_303_1944,119,51.0,0.0,intermittent
7_303_2000,84,28.666666666666668,0.12500000000000006,intermittent
7_303_2001,139,31.0,0.0,intermittent
7_303_2011,122,24.0,0.0,intermittent
7_303_2063,26,5.538461538461538,0.2595155709342559,intermittent
7_303_2071,81,8.090909090909092,0.10650887573964475,intermittent
7_303_2090,56,5.181818181818182,0.09119999999999981,intermittent
7_303_2091,131,19.5,0.0,intermittent
7_303_2134,29,3.4390243902439024,0.2551020408163262,intermittent
7_303_2157,67,34.333333333333336,0.0,intermittent
7_303_2286,27,1.7439024390243902,0.3220408163265306,intermittent
7_303_2308,122,48.0,0.0,intermittent
7_303_2309,27,4.766666666666667,0.10204081632653039,intermittent
7_303_2345,152,18.0,0.0,intermittent
7_303_2359,111,59.0,0.0,intermittent
7_303_2408,112,14.5,0.0,intermittent
7_303_2418,29,10.846153846153847,0.06122448979591849,intermittent
7_303_2437,25,3.5365853658536586,0.3907954770878794,intermittent
7_303_2445,102,22.666666666666668,0.0,intermittent
7_303_2460,61,15.571428571428571,0.11999999999999991,intermittent
7_303_2464,36,2.4814814814814814,0.3142722117202269,intermittent
7_303_2497,52,118.0,0.0,intermittent
7_303_2505,93,19.25,0.0,intermittent
7_303_2534,44,31.5,0.0,intermittent
7_303_2543,35,6.75,0.09640831758034041,intermittent
7_303_2691,57,56.5,0.1111111111111111,intermittent
7_303_2731,47,41.0,0.0,intermittent
7_303_2734,26,48.0,0.0,intermittent
7_303_2765,73,16.166666666666668,0.10204081632653039,intermittent
7_303_2780,43,63.5,0.0,intermittent
7_303_2804,44,42.0,0.0,intermittent
7_303_2811,64,35.333333333333336,0.12500000000000006,intermittent
7_303_2814,27,1.2118644067796611,0.7806622253272146,erratic
7_303_2835,132,38.0,0.0,intermittent
7_303_2847,58,4.148148148148148,0.2248520710059171,intermittent
7_303_2957,27,2.508771929824561,0.2877526753864446,intermittent
7_303_2987,76,13.428571428571429,0.0,intermittent
7_303_2998,46,4.428571428571429,0.10560146923783283,intermittent
7_303_3025,113,14.25,0.0,intermittent
7_303_3033,28,4.303030303030303,0.2100497962879129,intermittent
7_303_3113,32,9.857142857142858,0.057777777777777796,intermittent
7_303_3135,57,56.5,0.0,intermittent
7_303_3148,151,9.5,0.0,intermittent
7_303_3285,67,51.5,0.1111111111111111,intermittent
7_303_3310,98,72.0,0.0,intermittent
7_303_3325,122,48.0,0.0,intermittent
7_303_3333,32,8.117647058823529,0.04938271604938268,intermittent
7_303_3541,95,10.714285714285714,0.26000000000000006,intermittent
7_303_3554,72,5.444444444444445,0.10204081632653039,intermittent
7_303_3561,44,63.0,0.0,intermittent
7_303_3617,70,14.285714285714286,0.4583333333333334,intermittent
7_303_3637,27,28.6,0.0,intermittent
7_303_3665,126,44.0,0.0,intermittent
7_303_3714,44,126.0,0.0,intermittent
7_303_3750,54,116.0,0.0,intermittent
7_303_3752,64,106.0,0.0,intermittent
7_303_3759,153,17.0,0.0,intermittent
7_303_3781,26,1.3584905660377358,0.3846223143101662,intermittent
7_303_3853,65,26.25,0.0,intermittent
7_303_3862,45,62.5,0.0,intermittent
7_303_3866,26,5.538461538461538,0.8485687903970451,lumpy
7_303_3883,80,90.0,0.0,intermittent
7_303_3895,157,13.0,0.0,intermittent
7_303_3900,30,4.516129032258065,0.08816326530612228,intermittent
7_303_3924,92,11.142857142857142,0.0,intermittent
7_303_3931,129,41.0,0.0,intermittent
7_303_3972,29,4.2727272727272725,0.15823914336704334,intermittent
7_303_3981,100,8.75,0.0,intermittent
7_303_4001,126,22.0,0.1111111111111111,intermittent
7_303_4017,27,10.214285714285714,0.057777777777777796,intermittent
7_303_4028,72,24.5,0.34,intermittent
7_303_4076,38,7.764705882352941,0.23958333333333318,intermittent
7_303_4078,127,4.3,0.5624999999999997,lumpy
7_303_4107,99,4.176470588235294,1.5900277008310248,lumpy
7_303_4109,35,67.5,0.0,intermittent
7_303_4139,129,6.833333333333333,0.0,intermittent
7_303_4146,41,9.214285714285714,0.09375000000000011,intermittent
7_303_4163,145,12.5,0.0,intermittent
7_303_4245,123,23.5,0.0,intermittent
7_303_4251,53,3.774193548387097,0.28099173553718976,intermittent
7_303_4270,34,11.333333333333334,0.0,intermittent
7_303_4283,62,7.2,0.3711911357340722,intermittent
7_303_4296,75,15.833333333333334,0.10204081632653039,intermittent
7_303_4310,91,1.462962962962963,0.41914266922131044,intermittent
7_303_4373,37,133.0,0.0,intermittent
7_303_4433,117,17.666666666666668,0.3199999999999998,intermittent
7_303_4440,95,7.5,0.0,intermittent
7_303_4512,59,37.0,0.0,intermittent
7_303_4529,63,107.0,0.0,intermittent
7_303_4546,130,40.0,0.0,intermittent
7_303_4598,44,31.5,0.12,intermittent
7_303_4632,43,11.545454545454545,0.26041666666666685,intermittent
7_303_4634,75,6.785714285714286,0.0,intermittent
7_303_4637,91,79.0,0.0,intermittent
7_303_4708,122,24.0,0.1111111111111111,intermittent
7_303_4740,39,43.666666666666664,0.0,intermittent
7_303_4741,138,32.0,0.0,intermittent
7_303_4757,71,33.0,0.0,intermittent
7_303_4797,153,17.0,0.0,intermittent
7_303_4889,52,29.5,0.0,intermittent
7_303_4979,74,7.384615384615385,0.11718749999999985,intermittent
7_303_4995,75,95.0,0.0,intermittent
7_303_5042,43,11.545454545454545,0.10650887573964475,intermittent
7_303_5044,30,140.0,0.0,intermittent
7_303_5090,65,3.28125,0.16099773242630386,intermittent
7_303_5113,55,115.0,0.0,intermittent
7_303_5136,64,6.625,0.0,intermittent
7_303_5170,119,51.0,0.0,intermittent
7_303_5250,36,19.142857142857142,0.0,intermittent
7_303_5264,73,97.0,0.0,intermittent
7_303_5275,155,15.0,0.0,intermittent
7_303_5353,59,18.5,0.0,intermittent
7_303_5397,39,131.0,0.0,intermittent
7_303_5423,29,141.0,0.0,intermittent
7_303_5499,106,64.0,0.0,intermittent
7_303_5559,128,42.0,0.0,intermittent
7_303_5565,151,6.333333333333333,0.21874999999999997,intermittent
7_303_5569,47,41.0,0.0,intermittent
7_303_5625,27,143.0,0.0,intermittent
7_303_5695,28,23.666666666666668,0.0,intermittent
7_303_5701,28,11.833333333333334,0.10204081632653039,intermittent
7_303_5727,72,2.1777777777777776,0.5340909090909093,lumpy
7_303_5791,55,57.5,0.0,intermittent
7_303_5840,33,2.795918367346939,0.3316802221781392,intermittent
7_303_5851,122,3.2,0.33270321361058586,intermittent
7_303_5859,130,13.333333333333334,0.0,intermittent
7_303_5938,151,19.0,0.0,intermittent
7_303_5970,26,1.6179775280898876,0.5901662049861497,lumpy
7_303_5980,134,3.272727272727273,0.0694444444444446,intermittent
7_303_6008,122,12.0,0.12,intermittent
7_303_6030,70,100.0,0.0,intermittent
7_303_6051,30,3.0434782608695654,0.48017777777777787,intermittent
7_303_6065,47,61.5,0.0,intermittent
7_303_6089,146,8.0,0.0,intermittent
7_303_6095,60,110.0,0.0,intermittent
7_303_6126,75,47.5,0.0,intermittent
7_303_6179,34,7.555555555555555,0.10204081632653039,intermittent
7_303_6180,26,5.142857142857143,0.1657142857142857,intermittent
7_303_6190,137,33.0,0.0,intermittent
7_303_6276,96,24.666666666666668,0.0,intermittent
7_303_6359,29,4.862068965517241,0.09182736455463716,intermittent
7_303_6378,27,143.0,0.0,intermittent
7_303_6444,25,1.686046511627907,0.3013915371820358,intermittent
7_303_6445,47,15.375,0.5510204081632653,lumpy
7_303_6482,92,78.0,0.0,intermittent
7_303_6517,118,26.0,0.0,intermittent
7_303_6547,29,70.5,0.1111111111111111,intermittent
7_303_6563,152,18.0,0.0,intermittent
7_303_6606,91,79.0,0.0,intermittent
7_303_6637,83,3.625,0.10204081632653039,intermittent
7_303_6638,41,129.0,0.0,intermittent
7_303_6673,26,3.6,0.10457220461747374,intermittent
7_303_6689,86,14.0,0.0,intermittent
7_303_6708,25,5.178571428571429,0.09375000000000011,intermittent
7_303_6808,68,3.0,0.27324380165289247,intermittent
7_303_6812,127,14.333333333333334,0.12500000000000006,intermittent
7_303_6863,34,1.6790123456790123,0.5167658586151833,lumpy
7_303_6917,147,23.0,0.0,intermittent
7_303_6919,25,1.6666666666666667,0.38476370510396984,intermittent
7_303_6986,133,37.0,0.0,intermittent
7_303_7017,120,5.0,0.4931588340273649,intermittent
7_303_7026,74,4.8,0.09640831758034041,intermittent
7_303_7089,41,18.428571428571427,0.09375000000000011,intermittent
7_303_7145,53,6.5,0.10204081632653039,intermittent
7_303_7183,71,16.5,0.0,intermittent
7_303_7208,57,113.0,0.0,intermittent
7_303_7218,26,1.4257425742574257,0.39396694214876016,intermittent
7_303_7228,31,69.5,0.5102040816326531,lumpy
7_303_7234,93,77.0,0.0,intermittent
7_303_7235,103,67.0,0.0,intermittent
7_303_7242,26,20.571428571428573,1.041666666666667,lumpy
7_303_7261,124,46.0,0.0,intermittent
7_303_7276,53,58.5,0.1111111111111111,intermittent
7_303_7295,72,3.3793103448275863,0.1450872359963269,intermittent
7_303_7301,112,58.0,0.0,intermittent
7_303_7352,139,31.0,0.0,intermittent
7_303_7355,83,17.4,0.0,intermittent
7_303_7439,26,20.571428571428573,0.29629629629629606,intermittent
7_303_7450,32,8.117647058823529,0.0,intermittent
7_303_7456,115,27.5,0.0,intermittent
7_303_7476,110,20.0,0.0,intermittent
7_303_7499,68,10.2,0.25000000000000006,intermittent
7_303_7503,137,11.0,0.0,intermittent
7_303_7545,94,12.666666666666666,0.0,intermittent
7_303_7546,127,8.6,0.2962962962962963,intermittent
7_303_7558,156,14.0,0.0,intermittent
7_303_7562,37,44.333333333333336,0.12500000000000006,intermittent
7_303_7571,30,4.117647058823529,0.06793279766252745,intermittent
7_303_7599,129,20.5,0.0,intermittent
7_303_7698,52,19.666666666666668,0.10204081632653039,intermittent
7_303_7705,35,2.872340425531915,0.4744873046874999,intermittent
7_303_7719,131,39.0,0.0,intermittent
7_303_7790,130,13.333333333333334,0.0,intermittent
7_303_7795,113,28.5,0.0,intermittent
7_303_7808,129,41.0,0.0,intermittent
7_303_7917,25,3.717948717948718,0.3384615384615383,intermittent
7_303_7922,77,93.0,0.0,intermittent
7_303_7974,71,99.0,0.0,intermittent
7_303_8025,26,6.0,0.06508875739644986,intermittent
7_303_8039,29,7.833333333333333,0.07999999999999981,intermittent
7_303_8040,70,33.333333333333336,0.0,intermittent
7_303_8046,97,36.5,0.0,intermittent
7_303_8053,31,46.333333333333336,0.0,intermittent
7_303_8068,67,4.291666666666667,0.2041522491349479,intermittent
7_303_8082,69,4.208333333333333,0.08641975308641975,intermittent
7_303_8093,107,1.3695652173913044,0.3225,intermittent
7_303_8153,32,1.864864864864865,0.5703633584469391,lumpy
7_303_8213,73,97.0,0.0,intermittent
7_303_8279,33,5.708333333333333,0.11296076099881112,intermittent
7_303_8292,43,6.35,0.04308390022675725,intermittent
7_303_8320,72,7.538461538461538,0.06122448979591849,intermittent
7_303_8348,135,35.0,0.0,intermittent
7_303_8354,39,18.714285714285715,0.09375000000000011,intermittent
7_303_8384,122,48.0,0.0,intermittent
7_303_8430,75,95.0,0.0,intermittent
7_303_8454,103,33.5,0.0,intermittent
7_303_8508,31,6.95,0.09640831758034041,intermittent
7_303_8521,26,11.076923076923077,0.8431001890359169,lumpy
7_303_8548,37,133.0,0.0,intermittent
7_303_8565,137,33.0,0.0,intermittent
7_303_8625,74,6.0,0.18518518518518517,intermittent
7_303_8638,48,2.0,0.26393351800554016,intermittent
7_303_8674,68,34.0,0.0,intermittent
7_303_8755,38,66.0,0.0,intermittent
7_303_8767,125,45.0,0.0,intermittent
7_303_8795,26,1.5824175824175823,0.5126991676575507,lumpy
7_303_8850,36,67.0,0.0,intermittent
7_303_8968,42,42.666666666666664,0.12500000000000006,intermittent
7_303_8980,80,90.0,0.0,intermittent
7_303_9004,37,133.0,0.0,intermittent
7_303_9021,68,4.25,0.5937500000000002,lumpy
7_303_9024,26,9.6,0.0899653979238755,intermittent
7_303_9053,30,2.9166666666666665,0.3890093316995003,intermittent
7_303_9128,156,14.0,0.0,intermittent
7_303_9189,59,111.0,0.0,intermittent
7_303_9199,62,12.0,0.5259515570934257,lumpy
7_303_9204,111,29.5,0.0,intermittent
7_303_9223,64,106.0,0.0,intermittent
7_303_9231,28,3.641025641025641,0.27587890625000006,intermittent
7_303_9266,138,32.0,0.0,intermittent
7_303_9341,106,64.0,0.0,intermittent
7_303_9359,136,34.0,0.0,intermittent
7_303_9398,58,112.0,0.0,intermittent
7_303_9425,125,45.0,0.0,intermittent
7_303_9439,87,27.666666666666668,0.5185185185185185,lumpy
7_303_9481,117,53.0,0.0,intermittent
7_303_9580,27,71.5,0.0,intermittent
7_303_9671,127,14.333333333333334,0.3199999999999998,intermittent
7_303_9675,39,5.24,0.3313609467455621,intermittent
7_303_9816,90,1.8604651162790697,0.3935185185185184,intermittent
7_303_9823,61,3.5161290322580645,0.2648000000000003,intermittent
7_303_9862,32,69.0,0.1111111111111111,intermittent
7_303_9899,113,28.5,0.0,intermittent
7_303_9911,132,38.0,0.0,intermittent
7_303_9919,157,4.333333333333333,0.0,intermittent
7_303_9940,109,61.0,0.0,intermittent
7_303_9968,155,5.0,0.0,intermittent
7_303_9989,86,7.0,0.44,intermittent
7_303_9990,77,93.0,0.0,intermittent
7_303_10008,51,59.5,0.0,intermittent
7_303_10093,73,4.041666666666667,0.2857142857142855,intermittent
7_303_10108,45,31.25,0.0,intermittent
7_303_10118,141,9.666666666666666,0.12500000000000006,intermittent
7_303_10160,30,140.0,0.0,intermittent
7_303_10179,93,77.0,0.0,intermittent
7_303_10241,32,69.0,0.0,intermittent
7_303_10274,78,1.9166666666666667,0.3254062623860485,intermittent
7_303_10284,27,5.958333333333333,0.11296076099881112,intermittent
7_303_10322,125,9.0,0.0,intermittent
7_303_10328,30,7.0,0.09640831758034041,intermittent
7_303_10337,38,132.0,0.0,intermittent
7_303_10371,37,8.3125,0.08641975308641975,intermittent
7_303_10437,27,2.6481481481481484,0.22954967110811283,intermittent
7_303_10453,147,7.666666666666667,0.0,intermittent
7_303_10487,96,74.0,0.0,intermittent
7_303_10506,65,21.0,0.11111111111111122,intermittent
7_303_10565,111,29.5,0.0,intermittent
7_303_10622,64,13.25,0.28,intermittent
7_303_10624,150,5.0,0.0,intermittent
7_303_10697,101,69.0,0.0,intermittent
7_303_10777,55,115.0,0.0,intermittent
7_303_10800,27,2.2,0.24409262759924366,intermittent
7_303_10810,33,8.5625,0.05190311418685121,intermittent
7_303_10811,73,48.5,0.0,intermittent
7_303_10813,156,14.0,0.0,intermittent
7_303_10858,57,2.8974358974358974,0.7377647918188459,lumpy
7_303_10865,76,15.666666666666666,0.10204081632653039,intermittent
7_303_10897,38,132.0,0.0,intermittent
7_303_10971,41,129.0,0.0,intermittent
7_303_10974,73,48.5,0.0,intermittent
7_303_11027,142,28.0,0.0,intermittent
7_303_11067,112,58.0,0.0,intermittent
7_303_11085,142,14.0,0.0,intermittent
7_303_11184,148,11.0,0.0,intermittent
7_303_11236,147,23.0,0.0,intermittent
7_303_11237,126,22.0,0.0,intermittent
7_303_11252,124,11.5,0.0,intermittent
7_303_11275,59,111.0,0.0,intermittent
7_303_11276,149,4.2,0.0,intermittent
7_303_11288,58,37.333333333333336,0.0,intermittent
7_303_11297,157,13.0,0.0,intermittent
7_303_11313,27,1.2882882882882882,1.1009301679855616,erratic
7_303_11326,63,35.666666666666664,0.0,intermittent
7_303_11364,30,3.6842105263157894,0.22136713444997722,intermittent
7_303_11528,71,33.0,0.0,intermittent
7_303_11539,45,125.0,0.0,intermittent
7_303_11556,54,6.823529411764706,0.19501133786848066,intermittent
7_303_11562,37,13.3,0.07438016528925608,intermittent
7_303_11588,101,69.0,0.0,intermittent
7_303_11605,95,12.5,0.1999999999999999,intermittent
7_303_11709,109,20.333333333333332,0.0,intermittent
7_303_11722,140,15.0,0.0,intermittent
7_303_11726,36,10.307692307692308,0.06122448979591849,intermittent
7_303_11733,63,13.375,0.0,intermittent
7_303_11765,46,17.714285714285715,0.0,intermittent
7_303_11814,29,8.294117647058824,0.04938271604938268,intermittent
7_303_11858,133,3.7,0.07438016528925608,intermittent
7_303_11870,28,2.3278688524590163,0.2957101207830071,intermittent
7_303_11888,119,12.75,0.12,intermittent
7_303_11914,62,3.4838709677419355,0.07266435986159175,intermittent
7_303_11987,26,3.789473684210526,0.37273356401384083,intermittent
7_303_12006,30,8.235294117647058,0.29861111111111094,intermittent
7_303_12034,80,45.0,0.0,intermittent
7_303_12052,120,16.666666666666668,0.5,lumpy
7_303_12065,74,48.0,0.0,intermittent
7_303_12074,129,41.0,0.0,intermittent
7_303_12110,117,13.25,0.0,intermittent
7_303_12143,141,29.0,0.0,intermittent
7_303_12179,119,7.285714285714286,0.0,intermittent
7_303_12237,94,76.0,0.0,intermittent
7_303_12260,68,102.0,0.0,intermittent
7_303_12268,33,7.611111111111111,0.11570247933884288,intermittent
7_303_12271,28,28.4,0.0,intermittent
7_303_12277,120,50.0,0.0,intermittent
7_303_12309,101,3.2857142857142856,0.23868312757201615,intermittent
7_303_12310,72,7.538461538461538,0.21333333333333362,intermittent
7_303_12331,127,21.5,0.0,intermittent
7_303_12333,128,42.0,0.0,intermittent
7_303_12355,72,49.0,0.0,intermittent
7_303_12371,38,4.888888888888889,0.059453032104637184,intermittent
7_303_12423,31,8.6875,0.6666666666666666,lumpy
7_303_12437,138,8.0,0.0,intermittent
7_303_12466,73,97.0,0.0,intermittent
7_303_12531,144,26.0,0.0,intermittent
7_303_12672,75,19.0,0.11111111111111122,intermittent
7_303_12681,92,26.0,0.0,intermittent
7_303_12689,28,17.75,0.08641975308641975,intermittent
7_303_12712,25,1.6477272727272727,0.6390549946083718,lumpy
7_303_12718,98,72.0,0.0,intermittent
7_303_12734,92,7.090909090909091,0.0694444444444446,intermittent
7_303_12737,136,3.4,0.24260355029585792,intermittent
7_303_12849,42,32.0,0.0,intermittent
7_303_12863,66,6.5,0.08641975308641975,intermittent
7_303_12871,100,35.0,0.0,intermittent
7_303_12904,95,37.5,0.0,intermittent
7_303_12939,68,51.0,0.0,intermittent
7_303_12949,35,16.875,0.0,intermittent
7_303_12951,31,6.318181818181818,0.09119999999999981,intermittent
7_303_12984,104,66.0,0.0,intermittent
7_303_12996,34,8.0,0.08310249307479227,intermittent
7_303_13002,128,14.0,0.0,intermittent
7_303_13013,130,20.0,0.1111111111111111,intermittent
7_303_13017,63,5.944444444444445,0.2781065088757396,intermittent
7_303_13048,124,46.0,0.0,intermittent
7_303_13104,35,3.375,0.15384615384615372,intermittent
7_303_13110,113,28.5,0.0,intermittent
7_303_13124,97,36.5,0.0,intermittent
7_303_13141,45,31.25,0.0,intermittent
7_303_13168,101,69.0,0.0,intermittent
7_303_13280,96,8.222222222222221,0.0,intermittent
7_303_13319,126,22.0,0.0,intermittent
7_303_13345,38,5.739130434782608,0.45524691358024666,intermittent
7_303_13351,134,18.0,0.0,intermittent
7_303_13406,152,6.0,0.0,intermittent
7_303_13447,42,16.0,0.0,intermittent
7_303_13476,147,7.666666666666667,0.12500000000000006,intermittent
7_303_13520,26,2.5714285714285716,0.25180802103879024,intermittent
7_303_13614,46,124.0,0.0,intermittent
7_303_13618,97,73.0,0.0,intermittent
7_303_13641,31,46.333333333333336,0.0,intermittent
7_303_13656,72,24.5,0.0,intermittent
7_303_13668,65,52.5,0.0,intermittent
7_303_13700,152,18.0,0.0,intermittent
7_303_13702,137,33.0,0.0,intermittent
7_303_13705,99,23.666666666666668,0.0,intermittent
7_303_13757,66,10.4,0.0,intermittent
7_303_13805,38,66.0,0.0,intermittent
7_303_13820,136,34.0,0.0,intermittent
7_303_13829,109,61.0,0.0,intermittent
7_303_13832,55,14.375,0.08641975308641975,intermittent
7_303_13839,58,4.148148148148148,0.16782006920415213,intermittent
7_303_13845,61,21.8,0.6000000000000001,lumpy
7_303_13865,95,75.0,0.0,intermittent
7_303_13885,89,4.2631578947368425,0.12152777777777787,intermittent
7_303_13892,110,60.0,0.0,intermittent
7_303_13973,124,46.0,0.0,intermittent
7_303_13984,40,11.818181818181818,0.10650887573964475,intermittent
7_303_14004,44,10.5,0.0,intermittent
7_303_14016,148,5.5,0.0,intermittent
7_303_14038,49,30.25,0.12,intermittent
7_303_14052,26,6.0,0.5637860082304528,lumpy
7_303_14079,27,1.5714285714285714,0.38074638429752067,intermittent
7_303_14083,49,30.25,0.0,intermittent
7_303_14086,121,49.0,0.0,intermittent
7_303_14129,93,9.625,0.12,intermittent
7_303_14153,25,1.5263157894736843,0.3405601211072666,intermittent
7_303_14206,73,1.3472222222222223,1.260452833879407,lumpy
7_303_14219,89,3.6818181818181817,0.09119999999999981,intermittent
7_303_14252,36,134.0,0.0,intermittent
7_303_14263,53,4.333333333333333,1.5264650283553876,lumpy
7_303_14267,35,8.4375,0.12,intermittent
7_303_14304,111,59.0,0.0,intermittent
7_303_14312,108,8.857142857142858,0.0,intermittent
8_147_3939,151,1.2666666666666666,0.19791666666666652,smooth
8_147_6728,145,8.333333333333334,0.0,intermittent
8_147_7351,150,20.0,0.0,intermittent
8_147_9219,152,2.5714285714285716,0.2011834319526628,intermittent
8_147_9961,89,1.588235294117647,1.4086281212841858,lumpy
8_147_10131,70,16.666666666666668,0.10204081632653039,intermittent
8_147_10319,74,4.571428571428571,0.07183364839319466,intermittent
8_147_10409,57,4.708333333333333,0.06508875739644986,intermittent
8_147_13191,124,1.2105263157894737,2.9256198347107434,erratic
8_147_13379,99,14.2,0.0,intermittent
8_276_429,151,1.5833333333333333,1.0510204081632648,lumpy
8_276_2120,143,1.0,0.39795918367346905,smooth
8_276_2631,117,1.0816326530612246,0.26196187350082073,smooth
8_276_3510,117,1.8928571428571428,0.34123456790123446,intermittent
8_276_3596,144,1.0,0.4125478316326531,smooth
8_276_3668,136,1.1333333333333333,0.3324770146024877,smooth
8_276_3730,131,1.1470588235294117,0.46629668169730604,smooth
8_276_3857,116,1.0,0.1609467455621302,smooth
8_276_4068,143,1.4210526315789473,0.6987847222222225,lumpy
8_276_4070,116,1.0,0.20583333333333323,smooth
8_276_4536,146,1.0,0.11670964755670166,smooth
8_276_5320,116,1.0188679245283019,0.522207132438006,erratic
8_276_7058,130,1.0256410256410255,0.8677255513477392,erratic
8_276_8084,119,1.4166666666666667,0.3232345734016484,intermittent
8_276_8678,116,1.0588235294117647,0.3396025360967554,smooth
8_276_9305,143,2.7,0.22448979591836746,intermittent
8_276_9629,116,1.0188679245283019,0.19430071678101857,smooth
8_276_9767,117,1.0392156862745099,0.6187136242070368,erratic
8_276_9961,144,1.0,0.37752968582460833,smooth
8_276_10131,116,1.0384615384615385,0.19351494014515963,smooth
8_276_10409,78,1.7037037037037037,0.19902650081124945,intermittent
8_276_13369,152,2.25,0.4064272211720227,intermittent
8_276_14156,130,1.1764705882352942,0.37208888888888864,smooth
9_82_473,145,25.0,0.0,intermittent
9_82_483,134,36.0,0.0,intermittent
9_82_604,137,33.0,0.0,intermittent
9_82_751,130,40.0,0.0,intermittent
9_82_960,145,25.0,0.0,intermittent
9_82_1023,120,50.0,0.0,intermittent
9_82_1024,137,33.0,0.0,intermittent
9_82_1107,124,46.0,0.0,intermittent
9_82_1189,118,26.0,0.0,intermittent
9_82_1212,149,21.0,0.0,intermittent
9_82_1464,135,35.0,0.0,intermittent
9_82_1572,142,28.0,0.0,intermittent
9_82_1599,139,31.0,0.0,intermittent
9_82_1722,135,35.0,0.0,intermittent
9_82_1755,86,84.0,0.0,intermittent
9_82_1823,120,50.0,0.0,intermittent
9_82_1908,122,48.0,0.0,intermittent
9_82_2102,145,25.0,0.0,intermittent
9_82_2267,141,29.0,0.0,intermittent
9_82_2422,121,49.0,0.0,intermittent
9_82_2513,141,29.0,0.0,intermittent
9_82_2707,117,26.5,0.1111111111111111,intermittent
9_82_2721,147,23.0,0.0,intermittent
9_82_3072,119,51.0,0.0,intermittent
9_82_3082,145,12.5,0.0,intermittent
9_82_3203,122,48.0,0.0,intermittent
9_82_3228,116,54.0,0.0,intermittent
9_82_3555,111,19.666666666666668,0.0,intermittent
9_82_3689,147,23.0,0.0,intermittent
9_82_3745,145,25.0,0.0,intermittent
9_82_3749,138,16.0,0.0,intermittent
9_82_3783,138,32.0,0.0,intermittent
9_82_3809,124,46.0,0.0,intermittent
9_82_4053,138,32.0,0.0,intermittent
9_82_4166,147,23.0,0.0,intermittent
9_82_4414,120,50.0,0.0,intermittent
9_82_4507,138,32.0,0.0,intermittent
9_82_4646,112,29.0,0.0,intermittent
9_82_4689,142,28.0,0.0,intermittent
9_82_4778,122,48.0,0.0,intermittent
9_82_4939,141,29.0,0.0,intermittent
9_82_4984,142,28.0,0.0,intermittent
9_82_5019,142,28.0,0.0,intermittent
9_82_5059,148,22.0,0.0,intermittent
9_82_5235,140,30.0,0.0,intermittent
9_82_5622,142,28.0,0.0,intermittent
9_82_5733,120,50.0,0.0,intermittent
9_82_5878,142,28.0,0.0,intermittent
9_82_5948,116,18.0,0.0,intermittent
9_82_6193,144,26.0,0.0,intermittent
9_82_6321,134,36.0,0.0,intermittent
9_82_6364,148,22.0,0.0,intermittent
9_82_6394,140,30.0,0.0,intermittent
9_82_6405,115,55.0,0.0,intermittent
9_82_6417,95,75.0,0.0,intermittent
9_82_6550,139,31.0,0.0,intermittent
9_82_6745,117,53.0,0.0,intermittent
9_82_6944,95,75.0,0.0,intermittent
9_82_7090,139,31.0,0.0,intermittent
9_82_7203,124,46.0,0.0,intermittent
9_82_7370,150,20.0,0.0,intermittent
9_82_7373,118,52.0,0.0,intermittent
9_82_7493,133,37.0,0.0,intermittent
9_82_7516,135,35.0,0.0,intermittent
9_82_7573,139,31.0,0.0,intermittent
9_82_7610,111,59.0,0.0,intermittent
9_82_7625,138,32.0,0.0,intermittent
9_82_7989,144,13.0,0.0,intermittent
9_82_8032,142,28.0,0.0,intermittent
9_82_8042,144,26.0,0.0,intermittent
9_82_8048,117,53.0,0.0,intermittent
9_82_8088,124,46.0,0.0,intermittent
9_82_8094,144,26.0,0.0,intermittent
9_82_8167,147,23.0,0.0,intermittent
9_82_8168,146,24.0,0.0,intermittent
9_82_8449,145,25.0,0.0,intermittent
9_82_8481,145,25.0,0.0,intermittent
9_82_8503,140,30.0,0.0,intermittent
9_82_8534,142,28.0,0.0,intermittent
9_82_8911,138,32.0,0.0,intermittent
9_82_8947,115,55.0,0.0,intermittent
9_82_9052,136,34.0,0.0,intermittent
9_82_9179,138,32.0,0.0,intermittent
9_82_9241,147,23.0,0.0,intermittent
9_82_9375,120,50.0,0.0,intermittent
9_82_9565,117,53.0,0.0,intermittent
9_82_9747,142,28.0,0.0,intermittent
9_82_9769,120,50.0,0.0,intermittent
9_82_9800,145,25.0,0.0,intermittent
9_82_9804,124,46.0,0.0,intermittent
9_82_9829,155,15.0,0.0,intermittent
9_82_9838,133,37.0,0.0,intermittent
9_82_9950,138,32.0,0.0,intermittent
9_82_10104,116,54.0,0.0,intermittent
9_82_10217,138,32.0,0.0,intermittent
9_82_10469,121,49.0,0.0,intermittent
9_82_10498,124,46.0,0.0,intermittent
9_82_10559,155,15.0,0.0,intermittent
9_82_10730,145,25.0,0.0,intermittent
9_82_10797,133,37.0,0.0,intermittent
9_82_10848,145,25.0,0.0,intermittent
9_82_10853,145,25.0,0.0,intermittent
9_82_12064,139,31.0,0.0,intermittent
9_82_12173,139,31.0,0.0,intermittent
9_82_12347,117,53.0,0.0,intermittent
9_82_12683,118,52.0,0.0,intermittent
9_82_12704,144,26.0,0.0,intermittent
9_82_12733,142,28.0,0.0,intermittent
9_82_12803,139,15.5,0.0,intermittent
9_82_12812,142,28.0,0.0,intermittent
9_82_12830,86,84.0,0.0,intermittent
9_82_12926,124,46.0,0.0,intermittent
9_82_13039,141,29.0,0.0,intermittent
9_82_13091,134,36.0,0.0,intermittent
9_82_13145,144,26.0,0.0,intermittent
9_82_13972,142,28.0,0.0,intermittent
9_82_14064,138,32.0,0.0,intermittent
9_82_14099,149,21.0,0.0,intermittent
9_82_14127,150,20.0,0.0,intermittent
9_82_14236,120,50.0,0.0,intermittent
10_116_99,76,4.2727272727272725,0.2145102270594857,intermittent
10_116_256,151,1.0,0.14324064478267917,smooth
10_116_263,150,1.0,0.35522959183673464,smooth
10_116_312,94,3.619047619047619,0.25014833274000253,intermittent
10_116_351,150,1.0526315789473684,0.17814502293337067,smooth
10_116_952,151,1.0,0.6113378684807258,erratic
10_116_1145,151,1.0,0.3018261504747992,smooth
10_116_1152,140,1.4285714285714286,0.14259716506630102,intermittent
10_116_1197,150,1.0526315789473684,0.3432343097276782,smooth
10_116_1325,150,1.0,0.25,smooth
10_116_1380,150,1.0,0.08265048685390196,smooth
10_116_1596,150,1.0,0.15435821129297528,smooth
10_116_1756,153,1.2142857142857142,0.29719338715878524,smooth
10_116_1774,150,1.0,0.17647058823529427,smooth
10_116_1900,151,1.4615384615384615,0.23702422145328716,intermittent
10_116_2066,150,1.0,0.13536402913624784,smooth
10_116_2192,151,1.0,0.18441077003121759,smooth
10_116_2240,150,1.0526315789473684,0.1397702319956718,smooth
10_116_2243,151,1.0555555555555556,0.23621227887617038,smooth
10_116_2357,151,1.1875,0.18550567874526772,smooth
10_116_2531,150,1.0,0.09322444930948677,smooth
10_116_2570,150,1.0,0.15973253365165313,smooth
10_116_2994,155,1.0,0.08008248840006855,smooth
10_116_3425,150,1.0,0.2570814297231928,smooth
10_116_3552,152,1.2,0.26275510204081637,smooth
10_116_3676,150,1.0,0.21168592915060339,smooth
10_116_3753,150,1.0,0.22287968441814612,smooth
10_116_3782,149,1.05,0.36552194917034225,smooth
10_116_3999,150,1.0,0.22395833333333331,smooth
10_116_4027,150,1.0,0.45079991233837396,smooth
10_116_4191,154,1.0,0.07337052468046042,smooth
10_116_4242,151,1.3571428571428572,0.357525282569899,intermittent
10_116_4421,154,1.1428571428571428,0.7641162189678129,erratic
10_116_4442,150,1.0,0.10029744199881017,smooth
10_116_4527,150,1.0,0.13893099907085926,smooth
10_116_4751,151,1.7272727272727273,0.35802469135802445,intermittent
10_116_5102,150,1.0,0.20869171570846515,smooth
10_116_5115,105,2.9545454545454546,0.19718264048529968,intermittent
10_116_5616,156,2.3333333333333335,0.41333333333333344,intermittent
10_116_5644,153,1.0,0.3606285383415312,smooth
10_116_5729,151,1.1176470588235294,0.27903579254930616,smooth
10_116_5758,150,1.0,0.23902795193727067,smooth
10_116_5774,151,1.2666666666666666,0.23990772779700134,smooth
10_116_5801,153,4.25,0.0,intermittent
10_116_5872,151,1.3571428571428572,0.3305785123966942,intermittent
10_116_6261,69,14.428571428571429,0.6064209274673007,lumpy
10_116_6343,150,1.0,0.20713305898491083,smooth
10_116_6345,57,4.708333333333333,0.33336692572171783,intermittent
10_116_6440,151,1.0,0.29609490855165593,smooth
10_116_6613,144,1.8571428571428572,0.37641772395232614,intermittent
10_116_7127,151,1.0,0.6180315263360247,erratic
10_116_7148,150,1.0,0.14060684122697845,smooth
10_116_7164,151,1.7272727272727273,0.2560553633217994,intermittent
10_116_7412,145,1.1904761904761905,0.14051694779786356,smooth
10_116_7945,64,4.416666666666667,0.3620687778729374,intermittent
10_116_8228,151,1.0,0.5160890321780646,erratic
10_116_8405,151,1.0555555555555556,0.5999999999999999,erratic
10_116_8541,150,1.0,0.2603088789793563,smooth
10_116_8750,123,2.35,0.12246093750000009,intermittent
10_116_8805,150,1.0,0.13096736852087423,smooth
10_116_8813,109,2.9047619047619047,0.14710573298948618,intermittent
10_116_8817,150,1.1111111111111112,0.24375743162901337,smooth
10_116_8922,54,5.2727272727272725,0.18799118543063148,intermittent
10_116_9031,71,99.0,0.0,intermittent
10_116_9177,151,1.0555555555555556,0.46749999999999997,smooth
10_116_9245,34,136.0,0.0,intermittent
10_116_9399,121,49.0,0.0,intermittent
10_116_10027,112,2.6363636363636362,0.1902497027348394,intermittent
10_116_10186,141,1.380952380952381,0.3403543342430338,intermittent
10_116_10494,143,1.8,0.9817148666084533,lumpy
10_116_10572,116,2.5714285714285716,0.21168154761904767,intermittent
10_116_11098,151,1.0,0.10753736192332691,smooth
10_116_11295,151,1.9,0.28566468880191886,intermittent
10_116_11322,76,5.875,1.1675883287417805,lumpy
10_116_11514,154,4.0,0.125,intermittent
10_116_11748,151,1.0,0.39795684113865915,smooth
10_116_11827,151,1.0,0.14836917160937127,smooth
10_116_11904,136,1.619047619047619,0.30360455870659947,intermittent
10_116_12241,151,1.7272727272727273,0.30177514792899385,intermittent
10_116_12246,127,2.0476190476190474,0.3447071112972364,intermittent
10_116_12536,151,1.0,0.3619497385731153,smooth
10_116_12581,151,1.9,0.5,lumpy
10_116_12937,150,1.0,0.08020470952562878,smooth
10_116_12960,150,1.0526315789473684,0.38797247619945313,smooth
10_116_13111,151,1.0555555555555556,0.38281250000000017,smooth
10_116_13207,150,1.0,0.2781363508807989,smooth
10_116_13449,151,1.0,0.35552913198573116,smooth
10_116_13478,150,1.0,0.11219584077805811,smooth
10_116_13752,137,1.65,0.1979316288422867,intermittent
10_116_14157,152,2.0,0.11570247933884288,intermittent
10_173_312,152,1.2,0.21928166351606793,smooth
10_173_1145,152,3.0,0.10204081632653039,intermittent
10_173_1380,152,1.2,0.28717948717948716,smooth
10_173_1596,155,1.6666666666666667,0.3599999999999998,intermittent
10_173_2570,157,4.333333333333333,0.07999999999999986,intermittent
10_173_3425,153,1.2142857142857142,0.41142857142857137,smooth
10_173_3552,151,1.9,0.5555555555555556,lumpy
10_173_3676,153,17.0,0.0,intermittent
10_173_3999,151,3.8,0.30000000000000004,intermittent
10_173_4527,152,1.0,0.5674731417591053,erratic
10_173_5102,153,2.8333333333333335,0.1999999999999999,intermittent
10_173_5115,153,2.125,1.448753462603878,lumpy
10_173_6345,151,1.1875,0.2006611570247934,smooth
10_173_7127,151,3.1666666666666665,0.17159763313609486,intermittent
10_173_7412,152,1.2,0.41494221983337815,smooth
10_173_7471,152,9.0,0.0,intermittent
10_173_7945,153,1.5454545454545454,0.8127999999999995,lumpy
10_173_8050,153,2.125,0.4375,intermittent
10_173_8228,151,1.4615384615384615,0.37074829931972786,intermittent
10_173_8750,151,1.5833333333333333,0.31305785123966945,intermittent
10_173_8813,155,3.75,0.12,intermittent
10_173_8922,154,4.0,0.5308641975308642,lumpy
10_173_9177,152,1.2857142857142858,0.3398437500000001,smooth
10_173_10027,154,2.0,0.31555555555555553,intermittent
10_173_10186,151,1.2666666666666666,0.6913214990138066,erratic
10_173_10572,152,3.6,0.4197530864197529,intermittent
10_173_11098,151,1.0,0.23297702213618413,smooth
10_173_12937,154,2.2857142857142856,0.2840236686390533,intermittent
10_173_13752,152,2.5714285714285716,0.26388888888888906,intermittent
10_273_1,131,1.7727272727272727,0.45779793398840996,intermittent
10_273_99,131,3.5454545454545454,0.226843100189036,intermittent
10_273_256,146,8.0,0.16666666666666674,intermittent
10_273_263,145,5.0,0.19999999999999996,intermittent
10_273_351,136,4.25,0.3518005540166205,intermittent
10_273_952,144,4.333333333333333,0.43999999999999984,intermittent
10_273_1152,147,1.7692307692307692,0.534722222222222,lumpy
10_273_1379,143,4.5,0.5,lumpy
10_273_1596,145,4.166666666666667,1.3305785123966944,lumpy
10_273_1900,136,8.5,0.0,intermittent
10_273_2066,139,3.4444444444444446,0.34999999999999987,intermittent
10_273_2192,146,1.7142857142857142,0.2967863894139888,intermittent
10_273_2240,149,3.5,0.10204081632653039,intermittent
10_273_2357,132,3.4545454545454546,0.47165532879818567,intermittent
10_273_2531,138,2.4615384615384617,1.0426638917793964,lumpy
10_273_2570,133,5.285714285714286,0.42187500000000017,intermittent
10_273_3209,134,3.272727272727273,0.9545454545454546,lumpy
10_273_3425,144,6.5,0.0,intermittent
10_273_3782,131,19.5,0.0,intermittent
10_273_3999,132,5.428571428571429,0.7283950617283949,lumpy
10_273_4022,155,7.5,0.5102040816326531,lumpy
10_273_4027,149,10.5,0.0,intermittent
10_273_4322,133,3.3636363636363638,0.10380622837370246,intermittent
10_273_4442,134,2.0,1.148148148148148,lumpy
10_273_4527,132,2.111111111111111,0.4127423822714682,intermittent
10_273_4972,137,11.0,0.0,intermittent
10_273_5644,155,1.6666666666666667,2.0149999999999997,lumpy
10_273_5872,134,3.6,0.8999999999999999,lumpy
10_273_6440,139,31.0,0.0,intermittent
10_273_6616,132,3.1666666666666665,0.6703999999999997,lumpy
10_273_7127,141,4.142857142857143,0.11999999999999991,intermittent
10_273_7148,139,2.066666666666667,1.6081632653061215,lumpy
10_273_7412,134,2.769230769230769,0.5519031141868511,lumpy
10_273_7471,131,2.2941176470588234,0.7346938775510203,lumpy
10_273_7907,145,25.0,0.0,intermittent
10_273_8126,137,3.6666666666666665,0.6677551020408165,lumpy
10_273_8228,135,2.9166666666666665,0.22448979591836735,intermittent
10_273_8541,149,1.4,0.17599999999999982,intermittent
10_273_8673,133,1.9473684210526316,1.6620642824807603,lumpy
10_273_8750,146,3.4285714285714284,0.26000000000000006,intermittent
10_273_8922,136,5.666666666666667,0.12500000000000006,intermittent
10_273_10027,132,4.222222222222222,0.9947970863683661,lumpy
10_273_11098,138,2.6666666666666665,0.2041522491349479,intermittent
10_273_11262,135,3.1818181818181817,0.41777777777777786,intermittent
10_273_11904,139,3.875,0.5,lumpy
10_273_12246,133,4.111111111111111,0.599173553719008,lumpy
10_273_12536,132,9.5,0.47368421052631576,intermittent
10_273_13478,139,6.2,0.12244897959183697,intermittent
10_273_13752,134,18.0,0.1111111111111111,intermittent
10_275_37,151,2.375,0.10222222222222223,intermittent
10_275_99,151,1.7272727272727273,0.39183673469387764,intermittent
10_275_312,152,1.8,0.07438016528925608,intermittent
10_275_351,151,2.375,0.2222222222222222,intermittent
10_275_952,153,1.5454545454545454,0.6937716262975782,lumpy
10_275_1145,151,1.1176470588235294,0.33315305570578707,smooth
10_275_1152,151,1.2666666666666666,0.20370370370370378,smooth
10_275_1380,151,1.0,1.3355254267825771,erratic
10_275_1475,152,9.0,0.0,intermittent
10_275_1596,151,1.1176470588235294,0.40249999999999986,smooth
10_275_2240,153,2.125,0.0,intermittent
10_275_2570,157,13.0,0.0,intermittent
10_275_3425,153,2.125,0.08641975308641975,intermittent
10_275_3676,152,2.25,0.0,intermittent
10_275_3999,151,1.9,0.2,intermittent
10_275_4442,151,1.2666666666666666,0.5062326869806094,erratic
10_275_5102,151,1.1875,0.38271604938271603,smooth
10_275_5115,152,1.0588235294117647,0.4092881944444441,smooth
10_275_5616,151,6.333333333333333,0.2857142857142855,intermittent
10_275_6345,151,1.1176470588235294,0.4711538461538463,smooth
10_275_7412,153,1.7,0.201814058956916,intermittent
10_275_7471,155,5.0,0.12500000000000006,intermittent
10_275_7945,151,1.0,0.22711968166513632,smooth
10_275_8050,151,1.0,0.38483965014577265,smooth
10_275_8228,153,1.0625,0.3518005540166205,smooth
10_275_8750,131,2.0526315789473686,0.34603061587753653,intermittent
10_275_8922,157,1.625,0.10222222222222223,intermittent
10_275_9177,151,9.5,0.0,intermittent
10_275_10027,151,1.9,0.19999999999999996,intermittent
10_275_10186,152,1.125,0.21893491124260356,smooth
10_275_10879,154,3.2,0.12244897959183697,intermittent
10_275_11098,152,1.0588235294117647,0.2913631633714881,smooth
10_275_11904,151,1.7272727272727273,2.254200146092038,lumpy
10_275_13207,151,1.3571428571428572,0.36507936507936517,intermittent
10_275_13752,152,2.5714285714285716,0.5325443786982248,lumpy
10_296_99,153,3.4,0.3999999999999999,intermittent
10_296_312,151,2.375,0.1834319526627219,intermittent
10_296_952,62,54.0,0.1111111111111111,intermittent
10_296_1145,154,8.0,0.1111111111111111,intermittent
10_296_1152,152,3.0,0.4644897959183677,intermittent
10_296_1380,153,1.3076923076923077,0.528853177501826,erratic
10_296_2240,154,2.6666666666666665,0.1632653061224487,intermittent
10_296_2570,153,2.8333333333333335,0.22448979591836715,intermittent
10_296_3425,152,1.5,0.38281250000000017,intermittent
10_296_3552,151,1.9,0.1983471074380163,intermittent
10_296_3676,154,16.0,0.0,intermittent
10_296_3999,152,1.2857142857142858,0.2142857142857142,smooth
10_296_4527,152,3.6,0.6204986149584487,lumpy
10_296_5102,152,2.25,0.2222222222222222,intermittent
10_296_5115,151,1.4615384615384615,0.5397512168739861,lumpy
10_296_6345,151,1.3571428571428572,0.4019204389574759,intermittent
10_296_7127,151,2.375,0.48760330578512395,intermittent
10_296_7412,152,1.125,0.2006611570247934,smooth
10_296_7945,144,2.0,0.1415289256198347,intermittent
10_296_8228,152,1.8,0.22873345935727807,intermittent
10_296_8750,150,1.5384615384615385,0.48958333333333304,intermittent
10_296_8922,151,1.7272727272727273,0.8780487804878051,lumpy
10_296_9177,153,3.4,0.11111111111111122,intermittent
10_296_10027,153,1.1333333333333333,0.329639889196676,smooth
10_296_10186,151,1.5833333333333333,0.37741046831955916,intermittent
10_296_10572,151,3.8,0.4197530864197529,intermittent
10_296_11098,151,1.1875,0.2551984877126654,smooth
10_296_12937,153,1.0,0.5053128689492327,erratic
10_296_13207,153,2.8333333333333335,0.10204081632653039,intermittent
10_296_13752,152,3.6,0.0,intermittent
12_9_1084,5,11.785714285714286,0.057777777777777796,intermittent
12_9_1700,0,6.296296296296297,0.16015625000000003,intermittent
12_9_2131,40,18.571428571428573,0.0,intermittent
12_9_2530,0,6.8,0.16666666666666666,intermittent
12_9_2907,0,2.361111111111111,0.4423028364615772,intermittent
12_9_3100,1,5.827586206896552,0.16305062458908604,intermittent
12_9_3612,5,6.346153846153846,0.1633714880332986,intermittent
12_9_4271,32,15.333333333333334,0.0,intermittent
12_9_4709,0,2.236842105263158,0.37901781506268245,intermittent
12_9_4820,16,9.058823529411764,0.0,intermittent
12_9_4822,34,45.333333333333336,0.12500000000000006,intermittent
12_9_4855,2,7.636363636363637,0.17159763313609455,intermittent
12_9_5306,1,3.9302325581395348,0.2976066597294487,intermittent
12_9_6443,4,41.5,0.0,intermittent
12_9_6570,0,24.285714285714285,0.0,intermittent
12_9_7170,2,14.0,0.06508875739644986,intermittent
12_9_7559,1,8.894736842105264,0.0,intermittent
12_9_7697,1,3.7555555555555555,0.2857142857142857,intermittent
12_9_8280,31,6.95,0.18055555555555558,intermittent
12_9_9210,0,2.328767123287671,0.35317073170731705,intermittent
12_9_9602,1,5.451612903225806,0.24896694214876006,intermittent
12_9_10443,4,20.75,0.08641975308641975,intermittent
12_9_10576,0,4.25,0.12426035502958563,intermittent
12_9_10963,4,11.857142857142858,0.11418685121107276,intermittent
12_9_11449,2,5.419354838709677,0.20249835634451022,intermittent
12_9_11856,1,10.5625,0.19727891156462585,intermittent
12_9_12108,4,20.75,0.08641975308641975,intermittent
12_9_13010,3,3.883720930232558,0.3105709876543209,intermittent
12_9_13208,17,13.909090909090908,0.0,intermittent
12_9_13251,6,7.130434782608695,0.1673525377229079,intermittent
12_9_13272,1,8.047619047619047,0.10880000000000002,intermittent
12_9_13898,3,6.958333333333333,0.12,intermittent
12_50_4568,56,1.008849557522124,0.3433350584240997,smooth
12_50_13063,0,1.0179640718562875,0.48991095214587393,smooth
12_57_2,10,20.0,0.8775510204081632,lumpy
12_57_22,154,8.0,0.0,intermittent
12_57_82,116,27.0,0.0,intermittent
12_57_89,133,3.3636363636363638,0.0,intermittent
12_57_142,97,5.615384615384615,0.0,intermittent
12_57_169,1,4.023809523809524,0.4979224376731302,intermittent
12_57_257,5,5.892857142857143,0.14843750000000008,intermittent
12_57_266,71,3.8076923076923075,0.21874999999999992,intermittent
12_57_290,70,4.166666666666667,0.06508875739644986,intermittent
12_57_292,0,1.6504854368932038,0.5850908779149521,lumpy
12_57_296,62,2.4545454545454546,0.25125000000000025,intermittent
12_57_305,30,5.833333333333333,0.08641975308641975,intermittent
12_57_328,65,3.0,0.2684911242603548,intermittent
12_57_482,0,4.25,0.45061728395061723,intermittent
12_57_494,83,12.428571428571429,0.5325443786982248,lumpy
12_57_560,5,9.705882352941176,0.26446280991735527,intermittent
12_57_568,66,5.473684210526316,0.3071999999999997,intermittent
12_57_743,115,11.0,0.17283950617283939,intermittent
12_57_750,126,4.0,0.375,intermittent
12_57_768,10,8.0,0.3555291319857313,intermittent
12_57_800,125,4.5,0.5624999999999997,lumpy
12_57_828,126,14.666666666666666,0.5,lumpy
12_57_835,111,5.363636363636363,0.10650887573964475,intermittent
12_57_851,3,3.5531914893617023,0.3630000000000002,intermittent
12_57_898,0,2.2666666666666666,0.2992851190737249,intermittent
12_57_912,0,4.0476190476190474,0.2910083309393854,intermittent
12_57_917,60,4.583333333333333,0.3910204081632656,intermittent
12_57_957,0,2.7868852459016393,0.18741511996378465,intermittent
12_57_993,3,41.75,0.12,intermittent
12_57_1037,157,6.5,0.0,intermittent
12_57_1056,3,1.5321100917431192,0.3347018537774751,intermittent
12_57_1180,95,6.818181818181818,0.10650887573964475,intermittent
12_57_1211,3,13.916666666666666,0.2266666666666667,intermittent
12_57_1231,124,15.333333333333334,0.0,intermittent
12_57_1285,4,4.15,0.3148788927335641,intermittent
12_57_1296,5,9.166666666666666,0.4797086368366284,intermittent
12_57_1314,0,1.9540229885057472,0.45380515650785935,intermittent
12_57_1329,37,7.388888888888889,0.11570247933884288,intermittent
12_57_1374,31,69.5,0.0,intermittent
12_57_1450,14,52.0,1.3888888888888888,lumpy
12_57_1512,61,3.1142857142857143,0.8142857142857143,lumpy
12_57_1534,98,4.8,0.275,intermittent
12_57_1558,155,1.25,0.17159763313609486,smooth
12_57_1566,115,13.75,0.0,intermittent
12_57_1618,0,3.1481481481481484,0.529362765514369,lumpy
12_57_1629,1,3.4489795918367347,0.443651737349716,intermittent
12_57_1650,89,3.375,0.31482834185536884,intermittent
12_57_1681,61,4.36,0.1718749999999999,intermittent
12_57_1814,98,4.8,0.0899653979238755,intermittent
12_57_1825,105,7.222222222222222,0.0,intermittent
12_57_1862,157,13.0,0.0,intermittent
12_57_1869,58,7.0,0.34593572778827975,intermittent
12_57_1920,1,2.449275362318841,0.4673569347138695,intermittent
12_57_1950,105,13.0,0.0,intermittent
12_57_1992,99,3.227272727272727,0.2711111111111113,intermittent
12_57_2002,5,3.0,1.3785238435771008,lumpy
12_57_2009,6,9.11111111111111,0.10204081632653039,intermittent
12_57_2022,106,16.0,0.0,intermittent
12_57_2027,152,9.0,0.0,intermittent
12_57_2140,5,2.661290322580645,0.4432397959183676,intermittent
12_57_2207,58,1.8666666666666667,0.4594731083242151,intermittent
12_57_2263,0,3.5416666666666665,0.388858842617631,intermittent
12_57_2266,6,2.8275862068965516,0.3134006469953926,intermittent
12_57_2307,0,2.6153846153846154,0.3332979062599638,intermittent
12_57_2367,9,1.9876543209876543,0.7681755829903979,lumpy
12_57_2414,110,7.5,0.256198347107438,intermittent
12_57_2424,105,8.125,0.4444444444444444,intermittent
12_57_2450,8,20.25,0.0,intermittent
12_57_2514,0,1.4406779661016949,0.45640903686087997,intermittent
12_57_2592,71,7.615384615384615,0.06122448979591849,intermittent
12_57_2658,58,3.2,0.3947069943289227,intermittent
12_57_2668,88,3.727272727272727,0.20525931336742137,intermittent
12_57_2672,157,2.6,0.11111111111111122,intermittent
12_57_2674,69,101.0,0.0,intermittent
12_57_2700,61,2.477272727272727,0.6138408304498268,lumpy
12_57_2710,70,3.225806451612903,0.23062381852551966,intermittent
12_57_2803,0,5.666666666666667,0.3027959547888161,intermittent
12_57_2848,0,3.617021276595745,0.6556183115338884,lumpy
12_57_2852,155,1.0714285714285714,0.23809523809523803,smooth
12_57_2919,6,6.074074074074074,0.3608473338203065,intermittent
12_57_2958,154,1.3333333333333333,0.3333333333333333,intermittent
12_57_3003,2,4.2,0.3665743305632501,intermittent
12_57_3038,3,9.823529411764707,0.255983350676379,intermittent
12_57_3040,154,2.0,0.15555555555555556,intermittent
12_57_3064,125,22.5,0.0,intermittent
12_57_3080,151,2.111111111111111,0.11570247933884288,intermittent
12_57_3157,66,5.473684210526316,0.3933333333333333,intermittent
12_57_3218,3,2.3857142857142857,1.0483931947069947,lumpy
12_57_3376,132,9.5,0.12,intermittent
12_57_3407,102,8.5,0.0,intermittent
12_57_3497,116,6.75,0.22448979591836735,intermittent
12_57_3544,87,20.75,0.0,intermittent
12_57_3576,41,6.142857142857143,0.07183364839319466,intermittent
12_57_3608,5,4.230769230769231,0.3391203703703701,intermittent
12_57_3609,64,17.666666666666668,0.0,intermittent
12_57_3630,1,5.121212121212121,0.2782174094127448,intermittent
12_57_3648,144,2.1666666666666665,0.7087999999999998,lumpy
12_57_3667,60,4.230769230769231,0.21874999999999992,intermittent
12_57_3716,108,6.2,0.28888888888888886,intermittent
12_57_3803,109,15.25,0.0,intermittent
12_57_3820,87,9.222222222222221,0.2500000000000001,intermittent
12_57_3824,102,13.6,0.0,intermittent
12_57_3899,123,3.9166666666666665,0.10204081632653039,intermittent
12_57_3946,86,3.36,0.350415512465374,intermittent
12_57_4008,3,12.846153846153847,0.3324099722991693,intermittent
12_57_4035,7,10.866666666666667,2.4183142559833497,lumpy
12_57_4160,129,5.125,0.0,intermittent
12_57_4178,65,105.0,0.0,intermittent
12_57_4197,10,5.925925925925926,0.26124567474048427,intermittent
12_57_4240,154,2.6666666666666665,0.0,intermittent
12_57_4326,31,3.861111111111111,0.34567461730153043,intermittent
12_57_4473,113,3.3529411764705883,0.18055555555555539,intermittent
12_57_4500,66,13.0,0.12396694214876033,intermittent
12_57_4505,131,9.75,0.0,intermittent
12_57_4607,39,21.833333333333332,0.10204081632653039,intermittent
12_57_4642,102,6.8,0.22448979591836746,intermittent
12_57_4660,88,4.1,0.2695109261186262,intermittent
12_57_4784,125,5.0,0.2248520710059171,intermittent
12_57_4789,102,4.0,0.1709183673469388,intermittent
12_57_4811,4,2.8135593220338984,0.4182692307692307,intermittent
12_57_4882,104,3.473684210526316,0.23668639053254437,intermittent
12_57_4892,151,9.5,0.0,intermittent
12_57_4918,94,3.4545454545454546,0.2818073721759809,intermittent
12_57_4933,102,7.555555555555555,0.0,intermittent
12_57_4942,103,4.466666666666667,0.3945578231292519,intermittent
12_57_4975,154,1.4545454545454546,0.4513888888888891,intermittent
12_57_4981,62,5.684210526315789,0.18047337278106512,intermittent
12_57_5041,12,6.869565217391305,0.1759809750297265,intermittent
12_57_5101,131,4.333333333333333,0.07999999999999981,intermittent
12_57_5161,63,3.4516129032258065,0.3130165289256195,intermittent
12_57_5201,154,1.6,0.3281249999999997,intermittent
12_57_5243,6,4.555555555555555,0.21874999999999997,intermittent
12_57_5258,154,2.0,0.2631578947368421,intermittent
12_57_5293,92,7.090909090909091,0.12444444444444452,intermittent
12_57_5301,97,7.3,0.11111111111111122,intermittent
12_57_5407,15,3.522727272727273,0.11659807956104254,intermittent
12_57_5528,0,3.090909090909091,0.405047706986765,intermittent
12_57_5557,70,25.0,0.0,intermittent
12_57_5558,4,2.1012658227848102,0.46933786799872435,intermittent
12_57_5606,87,7.545454545454546,0.22222222222222246,intermittent
12_57_5621,59,3.0833333333333335,0.2635336109458656,intermittent
12_57_5666,104,9.428571428571429,0.26000000000000006,intermittent
12_57_5783,4,1.4067796610169492,0.3304741019620019,intermittent
12_57_5868,7,27.166666666666668,0.12500000000000006,intermittent
12_57_5959,3,2.352112676056338,0.5249381476567825,lumpy
12_57_6053,97,4.055555555555555,0.07999999999999981,intermittent
12_57_6103,5,82.5,0.0,intermittent
12_57_6162,154,2.0,0.12,intermittent
12_57_6220,69,5.9411764705882355,0.19501133786848066,intermittent
12_57_6285,4,1.7849462365591398,0.3843145257286673,intermittent
12_57_6316,3,2.0365853658536586,0.7166826747358669,lumpy
12_57_6427,154,2.6666666666666665,0.31250000000000017,intermittent
12_57_6438,43,3.5277777777777777,0.3134156851479461,intermittent
12_57_6487,0,2.1794871794871793,0.40303140978816654,intermittent
12_57_6533,147,4.6,0.24999999999999983,intermittent
12_57_6577,129,2.05,0.35865595325054783,intermittent
12_57_6593,154,8.0,0.0,intermittent
12_57_6599,0,7.391304347826087,0.1358024691358023,intermittent
12_57_6648,99,4.733333333333333,0.2719999999999998,intermittent
12_57_6693,38,4.888888888888889,0.7722951561792666,lumpy
12_57_6699,65,5.0,0.1760000000000001,intermittent
12_57_6707,2,2.1538461538461537,0.31355981586154663,intermittent
12_57_6739,68,2.7567567567567566,0.1511111111111111,intermittent
12_57_6788,4,1.509090909090909,0.43855966899391396,intermittent
12_57_6887,31,1.759493670886076,0.44115129949101384,intermittent
12_57_6907,55,12.777777777777779,0.07999999999999981,intermittent
12_57_6963,4,1.360655737704918,0.4563065120330229,intermittent
12_57_6997,59,2.642857142857143,0.2617489589530042,intermittent
12_57_7009,120,3.8461538461538463,0.09777777777777796,intermittent
12_57_7049,156,2.0,0.0,intermittent
12_57_7104,88,3.9047619047619047,0.1785714285714287,intermittent
12_57_7140,36,5.153846153846154,0.3560090702947844,intermittent
12_57_7149,157,2.6,0.11111111111111122,intermittent
12_57_7233,154,2.0,0.12396694214876033,intermittent
12_57_7267,105,3.611111111111111,0.2248520710059171,intermittent
12_57_7310,103,8.375,0.12,intermittent
12_57_7326,0,2.6984126984126986,0.2040289256198349,intermittent
12_57_7330,7,32.6,0.0,intermittent
12_57_7341,79,18.2,0.11111111111111122,intermittent
12_57_7348,34,8.5,0.3424036281179138,intermittent
12_57_7379,39,21.833333333333332,0.31250000000000017,intermittent
12_57_7381,130,2.6666666666666665,0.43333333333333335,intermittent
12_57_7423,93,5.133333333333334,0.41581632653061223,intermittent
12_57_7490,16,4.052631578947368,0.20857988165680463,intermittent
12_57_7607,130,5.714285714285714,0.29629629629629606,intermittent
12_57_7638,8,2.892857142857143,0.37396694214876036,intermittent
12_57_7641,98,2.88,0.17079889807162524,intermittent
12_57_7695,5,1.8131868131868132,0.5279012345679012,lumpy
12_57_7708,155,1.5,0.30193905817174527,intermittent
12_57_7745,3,5.964285714285714,0.3305785123966942,intermittent
12_57_7746,155,1.6666666666666667,0.0,intermittent
12_57_7798,96,3.7,0.32653061224489816,intermittent
12_57_7826,64,3.6551724137931036,0.2440649729279466,intermittent
12_57_7831,90,8.0,0.07438016528925608,intermittent
12_57_7863,64,4.416666666666667,0.41176470588235287,intermittent
12_57_7874,66,3.7142857142857144,0.2022160664819944,intermittent
12_57_7882,156,1.4,0.4127423822714681,intermittent
12_57_7901,1,16.9,0.07438016528925608,intermittent
12_57_7929,0,5.666666666666667,0.18153010411951107,intermittent
12_57_7985,115,18.333333333333332,0.0,intermittent
12_57_8124,8,2.5714285714285716,0.8075739644970411,lumpy
12_57_8221,78,5.411764705882353,0.19421487603305776,intermittent
12_57_8235,72,12.25,0.46745562130177515,intermittent
12_57_8369,90,2.4242424242424243,0.6342950624628197,lumpy
12_57_8431,102,6.8,0.12426035502958563,intermittent
12_57_8440,40,32.5,0.0,intermittent
12_57_8462,7,4.9393939393939394,0.4118190212373037,intermittent
12_57_8470,157,13.0,0.0,intermittent
12_57_8507,134,4.5,0.08641975308641975,intermittent
12_57_8538,2,2.7096774193548385,0.4351851851851852,intermittent
12_57_8567,72,8.909090909090908,0.2366863905325442,intermittent
12_57_8680,87,6.384615384615385,0.818796724813101,lumpy
12_57_8706,65,6.176470588235294,0.18999999999999984,intermittent
12_57_8729,104,2.4444444444444446,0.2083333333333335,intermittent
12_57_8942,94,6.909090909090909,0.23469387755102045,intermittent
12_57_8993,7,2.629032258064516,0.3167128347183749,intermittent
12_57_9045,1,2.640625,0.553421550094518,lumpy
12_57_9051,100,3.5,0.09640831758034041,intermittent
12_57_9057,96,6.166666666666667,0.12,intermittent
12_57_9072,0,1.5596330275229358,0.7570768702599795,lumpy
12_57_9123,156,4.666666666666667,0.0,intermittent
12_57_9353,61,3.6333333333333333,0.33270321361058586,intermittent
12_57_9400,157,2.1666666666666665,0.1999999999999999,intermittent
12_57_9443,114,3.7333333333333334,0.3711911357340722,intermittent
12_57_9494,56,2.0,0.6918387326450696,lumpy
12_57_9509,4,2.4776119402985075,0.3473139902326917,intermittent
12_57_9531,154,2.0,0.344,intermittent
12_57_9557,1,13.0,0.21453287197231838,intermittent
12_57_9623,63,4.6521739130434785,0.25781250000000017,intermittent
12_57_9659,0,2.5757575757575757,0.2870748299319729,intermittent
12_57_9696,58,2.604651162790698,0.41344046749452174,intermittent
12_57_9734,8,4.628571428571429,0.19259259259259245,intermittent
12_57_9736,154,1.1428571428571428,0.2529585798816567,smooth
12_57_9756,142,28.0,0.0,intermittent
12_57_9780,100,4.117647058823529,0.04938271604938268,intermittent
12_57_9797,80,9.0,0.11111111111111122,intermittent
12_57_9810,4,3.688888888888889,0.5526472337894112,lumpy
12_57_9828,128,2.4705882352941178,0.4082840236686391,intermittent
12_57_9892,2,33.6,0.11111111111111122,intermittent
12_57_10029,123,47.0,0.0,intermittent
12_57_10040,8,13.5,0.43999999999999984,intermittent
12_57_10041,18,30.4,0.11111111111111122,intermittent
12_57_10059,155,2.142857142857143,0.09375000000000011,intermittent
12_57_10061,2,4.421052631578948,0.21173469387755128,intermittent
12_57_10073,127,6.142857142857143,0.6712802768166093,lumpy
12_57_10084,116,4.909090909090909,0.10650887573964475,intermittent
12_57_10132,87,3.32,0.1718749999999999,intermittent
12_57_10247,116,3.375,0.28,intermittent
12_57_10250,102,3.4,0.04308390022675725,intermittent
12_57_10276,61,4.1923076923076925,0.8084131611828406,lumpy
12_57_10290,120,6.25,0.0,intermittent
12_57_10309,133,1.608695652173913,0.5360789242609459,lumpy
12_57_10329,9,5.75,0.4241975308641973,intermittent
12_57_10382,105,4.333333333333333,0.0899653979238755,intermittent
12_57_10418,97,6.636363636363637,0.5605536332179931,lumpy
12_57_10460,130,20.0,0.0,intermittent
12_57_10471,63,5.35,0.5224913494809692,lumpy
12_57_10518,155,3.75,0.20844811753902662,intermittent
12_57_10553,110,10.0,0.1111111111111111,intermittent
12_57_10596,0,4.358974358974359,0.1532694710537276,intermittent
12_57_10604,102,3.4,0.24444444444444435,intermittent
12_57_10606,154,1.0,0.8503401360544217,erratic
12_57_10709,95,1.9230769230769231,0.5080309339678764,lumpy
12_57_10713,0,1.5454545454545454,0.5669414982269148,lumpy
12_57_10745,61,5.190476190476191,0.11834319526627207,intermittent
12_57_10867,20,11.538461538461538,0.21453287197231838,intermittent
12_57_10926,65,3.6206896551724137,0.3648479800083297,intermittent
12_57_10947,4,2.0,0.6037487139917694,lumpy
12_57_10953,4,5.354838709677419,0.10956902848794721,intermittent
12_57_11005,67,7.357142857142857,0.057777777777777796,intermittent
12_57_11035,58,3.027027027027027,0.2776788892844427,intermittent
12_57_11043,13,19.625,0.2892561983471074,intermittent
12_57_11185,5,2.323943661971831,0.320658436213992,intermittent
12_57_11191,63,2.891891891891892,0.25386444708680145,intermittent
12_57_11198,4,3.3877551020408165,0.3305785123966942,intermittent
12_57_11212,9,53.666666666666664,0.12500000000000006,intermittent
12_57_11220,61,2.2244897959183674,0.404241888650423,intermittent
12_57_11227,98,10.285714285714286,0.12345679012345664,intermittent
12_57_11257,145,12.5,0.0,intermittent
12_57_11258,6,2.8771929824561404,0.29017655047532803,intermittent
12_57_11290,69,8.416666666666666,0.6875000000000001,lumpy
12_57_11300,154,5.333333333333333,0.0,intermittent
12_57_11301,102,4.533333333333333,0.2759924385633269,intermittent
12_57_11392,87,13.833333333333334,0.0,intermittent
12_57_11435,93,7.0,0.12244897959183675,intermittent
12_57_11480,64,5.578947368421052,0.16326530612244866,intermittent
12_57_11502,52,6.555555555555555,0.4422476586888655,intermittent
12_57_11720,95,3.409090909090909,0.2366863905325442,intermittent
12_57_11734,30,17.5,0.08641975308641975,intermittent
12_57_11736,93,5.923076923076923,0.12456747404844289,intermittent
12_57_11753,3,3.0925925925925926,0.7627683560435251,lumpy
12_57_11788,114,6.222222222222222,0.11570247933884288,intermittent
12_57_11961,7,4.17948717948718,0.25260416666666646,intermittent
12_57_12035,135,7.0,0.0,intermittent
12_57_12044,60,5.238095238095238,0.33928571428571436,intermittent
12_57_12057,10,3.076923076923077,0.48025711662075304,intermittent
12_57_12075,93,7.0,0.10650887573964475,intermittent
12_57_12103,154,5.333333333333333,0.0,intermittent
12_57_12183,102,4.533333333333333,0.0,intermittent
12_57_12233,3,3.5531914893617023,0.5457013003408663,lumpy
12_57_12315,73,5.105263157894737,0.18559999999999985,intermittent
12_57_12324,0,4.594594594594595,0.189225894069715,intermittent
12_57_12332,3,2.168831168831169,0.3337834188495817,intermittent
12_57_12358,61,7.785714285714286,0.21107266435986183,intermittent
12_57_12436,70,7.6923076923076925,0.20861678004535134,intermittent
12_57_12496,32,69.0,0.0,intermittent
12_57_12508,58,2.2857142857142856,0.47610803324099726,intermittent
12_57_12528,101,9.857142857142858,0.09375000000000011,intermittent
12_57_12559,125,11.25,0.0,intermittent
12_57_12623,68,3.0,0.5160523186682522,lumpy
12_57_12678,4,2.3380281690140845,0.48311111111111144,intermittent
12_57_12685,95,5.769230769230769,0.11718749999999985,intermittent
12_57_12698,118,52.0,0.0,intermittent
12_57_12743,98,4.5,0.2,intermittent
12_57_12780,3,5.964285714285714,0.5135135135135135,lumpy
12_57_12842,99,4.733333333333333,0.11111111111111122,intermittent
12_57_12886,0,42.5,0.12,intermittent
12_57_12969,115,4.583333333333333,0.2592592592592593,intermittent
12_57_12990,10,4.444444444444445,0.7256198347107439,lumpy
12_57_13067,31,7.315789473684211,0.11342155009451793,intermittent
12_57_13075,7,3.7906976744186047,0.26817558299039784,intermittent
12_57_13099,56,3.0,0.5754388361450721,lumpy
12_57_13183,157,1.4444444444444444,0.1938775510204081,intermittent
12_57_13309,87,5.533333333333333,0.054687499999999965,intermittent
12_57_13329,64,2.163265306122449,1.759900038446751,lumpy
12_57_13376,88,5.466666666666667,0.054687499999999965,intermittent
12_57_13409,125,2.8125,0.10803324099722991,intermittent
12_57_13454,125,3.2142857142857144,0.21107266435986183,intermittent
12_57_13517,64,3.1176470588235294,0.29283950617283955,intermittent
12_57_13622,59,1.9473684210526316,0.44593663911845727,intermittent
12_57_13698,46,31.0,0.12,intermittent
12_57_13704,0,15.454545454545455,0.3321799307958478,intermittent
12_57_13759,8,3.24,0.2653061224489798,intermittent
12_57_13794,66,13.0,0.08641975308641975,intermittent
12_57_13925,13,3.2708333333333335,0.13758079409048943,intermittent
12_57_13943,154,1.1428571428571428,0.3848498704465782,smooth
12_57_13966,10,160.0,0.0,intermittent
12_57_13979,3,1.9195402298850575,0.357454643577086,intermittent
12_57_14014,29,3.0652173913043477,0.3701171875,intermittent
12_57_14027,4,2.634920634920635,0.5086879037647581,lumpy
12_57_14035,0,2.328767123287671,0.47945205479452047,intermittent
12_57_14060,60,2.1153846153846154,0.3650000000000003,intermittent
12_57_14112,41,4.607142857142857,0.20296296296296287,intermittent
12_57_14130,131,7.8,0.11111111111111122,intermittent
12_57_14185,87,5.928571428571429,0.20987654320987634,intermittent
12_57_14244,61,4.037037037037037,0.16528925619834692,intermittent
12_57_14273,2,2.7096774193548385,0.5133810410744044,lumpy
12_57_14278,13,6.038461538461538,0.3516068052930058,intermittent
12_57_14302,152,9.0,0.0,intermittent
12_57_14305,63,4.863636363636363,0.21331945889698223,intermittent
12_85_617,6,12.615384615384615,0.06122448979591849,intermittent
12_85_757,3,4.394736842105263,0.3210059171597633,intermittent
12_85_803,120,50.0,0.0,intermittent
12_85_864,119,51.0,0.0,intermittent
12_85_949,120,12.5,0.1111111111111111,intermittent
12_85_1051,136,34.0,0.0,intermittent
12_85_1467,10,12.307692307692308,0.0,intermittent
12_85_1522,116,9.0,0.0,intermittent
12_85_1585,104,16.5,0.0,intermittent
12_85_1903,11,8.833333333333334,0.04709141274238228,intermittent
12_85_2498,0,1.8478260869565217,0.37391304347826093,intermittent
12_85_2573,139,31.0,0.0,intermittent
12_85_2612,109,30.5,0.0,intermittent
12_85_3041,106,64.0,0.0,intermittent
12_85_3083,4,20.75,0.0,intermittent
12_85_3755,15,8.61111111111111,0.11570247933884288,intermittent
12_85_3936,124,23.0,0.1111111111111111,intermittent
12_85_4063,139,31.0,0.0,intermittent
12_85_4138,0,3.5416666666666665,0.10204081632653039,intermittent
12_85_4256,103,11.166666666666666,0.31250000000000017,intermittent
12_85_4331,108,20.666666666666668,0.0,intermittent
12_85_4824,39,65.5,0.1111111111111111,intermittent
12_85_5073,0,2.0481927710843375,0.4633856138453219,intermittent
12_85_5955,0,18.88888888888889,0.0,intermittent
12_85_6196,122,9.6,0.11111111111111122,intermittent
12_85_7332,41,32.25,0.0,intermittent
12_85_7789,2,16.8,0.07438016528925608,intermittent
12_85_8192,0,9.444444444444445,0.04709141274238228,intermittent
12_85_9430,2,12.0,0.057777777777777796,intermittent
12_85_9527,6,20.5,0.0,intermittent
12_85_9533,5,9.705882352941176,0.04938271604938268,intermittent
12_85_9575,118,10.4,0.32653061224489816,intermittent
12_85_10079,108,20.666666666666668,0.0,intermittent
12_85_10348,20,25.0,0.0,intermittent
12_85_10576,1,8.047619047619047,0.07183364839319466,intermittent
12_85_10878,1,1.7789473684210526,0.4236369433521094,intermittent
12_85_11350,109,20.333333333333332,0.0,intermittent
12_85_11429,107,10.5,0.31250000000000017,intermittent
12_85_11584,9,20.125,0.08641975308641975,intermittent
12_85_11681,6,20.5,0.12,intermittent
12_85_12214,102,17.0,0.0,intermittent
12_85_12630,110,60.0,0.0,intermittent
12_85_12679,4,6.148148148148148,0.07999999999999981,intermittent
12_85_12764,1,21.125,0.0,intermittent
12_85_12778,0,2.073170731707317,0.43728090230147837,intermittent
12_85_12836,111,59.0,0.0,intermittent
12_85_12935,48,30.5,0.0,intermittent
12_85_13093,10,16.0,0.11111111111111122,intermittent
12_85_13251,7,13.583333333333334,0.10204081632653039,intermittent
12_85_13252,1,42.25,0.0,intermittent
12_85_13380,2,9.882352941176471,0.04938271604938268,intermittent
12_85_13978,46,62.0,0.0,intermittent
12_85_14117,104,6.0,0.0694444444444446,intermittent
12_130_717,0,1.0,0.4159909155341492,smooth
12_130_1064,85,1.4655172413793103,0.32834935326925374,intermittent
12_130_1137,0,1.0240963855421688,0.7620408501596326,erratic
12_130_1686,0,1.069182389937107,0.5276957232853027,erratic
12_130_4208,0,1.223021582733813,0.6879231707764085,erratic
12_130_4279,87,1.296875,0.445888,smooth
12_130_4800,0,1.0,0.456582165107253,smooth
12_130_5422,108,8.857142857142858,0.09375000000000011,intermittent
12_130_6158,26,1.469387755102041,0.5085145021162841,lumpy
12_130_8417,113,28.5,0.25,intermittent
12_130_9240,0,2.982456140350877,0.30867346938775525,intermittent
12_130_10037,99,1.0597014925373134,0.9631140887084945,erratic
12_130_10993,0,1.1643835616438356,1.274920729290527,erratic
12_130_12093,157,1.1818181818181819,0.23469387755102045,smooth
12_130_13078,24,1.1317829457364341,1.359188602621948,erratic
12_130_13390,27,1.2016806722689075,0.49655446885853116,smooth
12_158_3,77,9.3,0.07438016528925608,intermittent
12_158_7,7,7.086956521739131,0.3476562500000001,intermittent
12_158_18,118,2.888888888888889,0.3313609467455621,intermittent
12_158_67,3,7.9523809523809526,0.1236623067776456,intermittent
12_158_82,79,7.583333333333333,0.2299168975069254,intermittent
12_158_141,94,7.6,0.0,intermittent
12_158_173,8,3.6,0.27441406250000006,intermittent
12_158_273,5,2.619047619047619,0.35251445936672865,intermittent
12_158_362,0,5.151515151515151,0.15823914336704334,intermittent
12_158_444,152,9.0,0.0,intermittent
12_158_472,152,18.0,0.0,intermittent
12_158_588,89,5.0625,0.19008264462809918,intermittent
12_158_589,103,3.526315789473684,0.20603537981269535,intermittent
12_158_596,154,3.2,0.5624999999999997,lumpy
12_158_632,130,5.0,0.08641975308641975,intermittent
12_158_637,1,3.25,0.7570892219407223,lumpy
12_158_642,6,10.25,0.3005671077504726,intermittent
12_158_645,88,10.25,0.0,intermittent
12_158_679,60,11.0,0.0,intermittent
12_158_694,61,3.2058823529411766,0.2783999999999997,intermittent
12_158_714,156,1.75,0.14285714285714285,intermittent
12_158_768,9,7.666666666666667,0.36914600550964194,intermittent
12_158_782,152,18.0,0.0,intermittent
12_158_828,137,11.0,0.07999999999999986,intermittent
12_158_835,109,7.625,0.08641975308641975,intermittent
12_158_846,72,3.6296296296296298,0.059453032104637184,intermittent
12_158_851,16,7.0,0.26500000000000007,intermittent
12_158_939,91,3.761904761904762,0.5186267348429512,lumpy
12_158_943,0,2.328767123287671,1.0069151627593182,lumpy
12_158_951,61,3.1142857142857143,0.5608465608465607,lumpy
12_158_965,6,10.25,0.41519250780437045,intermittent
12_158_1000,96,2.8461538461538463,0.22116527942925088,intermittent
12_158_1158,155,1.3636363636363635,0.3960493827160493,intermittent
12_158_1235,110,2.727272727272727,0.2727272727272727,intermittent
12_158_1405,63,8.916666666666666,0.12500000000000006,intermittent
12_158_1414,115,11.0,0.11111111111111122,intermittent
12_158_1420,62,8.307692307692308,0.3288888888888891,intermittent
12_158_1523,7,4.794117647058823,0.4248366013071896,intermittent
12_158_1576,118,52.0,0.0,intermittent
12_158_1577,154,3.2,0.14583333333333331,intermittent
12_158_1598,82,6.285714285714286,0.11418685121107276,intermittent
12_158_1618,0,4.0476190476190474,0.25346020761245674,intermittent
12_158_1653,155,1.1538461538461537,0.5918367346938778,erratic
12_158_1703,113,5.7,0.3494809688581316,intermittent
12_158_1720,114,3.111111111111111,0.18080000000000002,intermittent
12_158_1811,5,1.683673469387755,0.7004867511116721,lumpy
12_158_1813,70,11.11111111111111,0.26446280991735516,intermittent
12_158_1828,125,2.142857142857143,0.22354340071343642,intermittent
12_158_1869,59,9.25,0.2863999999999997,intermittent
12_158_1920,2,3.169811320754717,0.3632411544499456,intermittent
12_158_1932,61,5.7368421052631575,0.48559670781893,intermittent
12_158_1970,4,7.217391304347826,0.6792861005949161,lumpy
12_158_1978,5,5.0,0.15499999999999994,intermittent
12_158_1986,4,2.912280701754386,0.24234110653863727,intermittent
12_158_2068,74,8.0,0.10204081632653039,intermittent
12_158_2201,94,25.333333333333332,0.07999999999999986,intermittent
12_158_2324,0,2.2972972972972974,0.3418209876543208,intermittent
12_158_2421,68,20.4,0.11111111111111122,intermittent
12_158_2512,9,2.9814814814814814,0.2603550295857989,intermittent
12_158_2557,123,7.833333333333333,0.23966942148760353,intermittent
12_158_2678,63,6.6875,0.19727891156462585,intermittent
12_158_2709,95,37.5,0.1111111111111111,intermittent
12_158_2710,59,18.5,0.0,intermittent
12_158_2726,136,4.25,0.12,intermittent
12_158_2748,1,7.3478260869565215,0.8460166468489893,lumpy
12_158_2815,63,3.8214285714285716,0.2438563327032138,intermittent
12_158_2833,155,1.1538461538461537,0.34188034188034183,smooth
12_158_2879,3,3.2745098039215685,0.4558823529411766,intermittent
12_158_2891,65,2.9166666666666665,0.3999999999999998,intermittent
12_158_2932,119,3.923076923076923,0.09777777777777796,intermittent
12_158_2936,105,5.416666666666667,0.2266666666666667,intermittent
12_158_2960,92,4.588235294117647,0.35798816568047337,intermittent
12_158_3035,93,4.052631578947368,0.42330558858501777,intermittent
12_158_3096,8,2.16,0.5840470314994919,lumpy
12_158_3109,104,7.333333333333333,0.26446280991735516,intermittent
12_158_3159,12,22.571428571428573,0.12345679012345664,intermittent
12_158_3163,0,5.0,0.1400394477317555,intermittent
12_158_3232,2,3.574468085106383,0.5968778696051424,lumpy
12_158_3314,1,4.5675675675675675,0.2562245359891357,intermittent
12_158_3376,102,9.714285714285714,0.0,intermittent
12_158_3396,155,3.75,0.12,intermittent
12_158_3455,60,2.619047619047619,0.9628064243448861,lumpy
12_158_3484,65,7.5,0.057777777777777796,intermittent
12_158_3550,154,1.6,0.577503429355281,lumpy
12_158_3600,26,3.4285714285714284,0.7380952380952381,lumpy
12_158_3609,66,8.0,0.11718749999999985,intermittent
12_158_3616,3,1.5462962962962963,0.45846135001888333,intermittent
12_158_3647,63,3.566666666666667,0.29017655047532814,intermittent
12_158_3694,0,2.0987654320987654,0.2629757785467127,intermittent
12_158_3709,92,7.8,0.07438016528925608,intermittent
12_158_3740,2,5.25,0.45930964978584027,intermittent
12_158_3785,62,2.4545454545454546,0.21651306653200333,intermittent
12_158_3786,127,5.375,0.08641975308641975,intermittent
12_158_3796,124,2.3,0.30193905817174527,intermittent
12_158_3820,95,6.818181818181818,0.12244897959183675,intermittent
12_158_3947,5,9.166666666666666,0.40625000000000017,intermittent
12_158_4003,154,2.2857142857142856,0.20312500000000008,intermittent
12_158_4030,60,8.461538461538462,0.21333333333333362,intermittent
12_158_4087,74,6.4,0.20370370370370378,intermittent
12_158_4099,157,4.333333333333333,0.25999999999999984,intermittent
12_158_4170,125,3.4615384615384617,0.18836565096952926,intermittent
12_158_4177,89,5.785714285714286,0.11418685121107276,intermittent
12_158_4345,93,8.555555555555555,0.2500000000000001,intermittent
12_158_4362,10,11.428571428571429,0.6480380499405467,lumpy
12_158_4457,10,9.411764705882353,0.22399999999999967,intermittent
12_158_4476,154,1.3333333333333333,0.2547241118669691,intermittent
12_158_4605,155,1.875,0.1834319526627219,intermittent
12_158_4607,31,10.692307692307692,0.25330812854442347,intermittent
12_158_4839,105,9.285714285714286,0.0,intermittent
12_158_4988,93,4.8125,0.9773242630385488,lumpy
12_158_4991,27,23.833333333333332,0.5555555555555556,lumpy
12_158_5001,155,1.0,0.3360881542699723,smooth
12_158_5050,1,8.047619047619047,0.2734839476813316,intermittent
12_158_5076,66,13.0,0.08641975308641975,intermittent
12_158_5081,111,8.428571428571429,0.09375000000000011,intermittent
12_158_5085,9,3.8333333333333335,0.420289855072464,intermittent
12_158_5096,93,2.75,0.8650519031141871,lumpy
12_158_5101,126,7.333333333333333,0.2592592592592593,intermittent
12_158_5103,102,8.5,0.0,intermittent
12_158_5128,61,7.785714285714286,0.20987654320987645,intermittent
12_158_5204,4,4.256410256410256,0.3854875283446711,intermittent
12_158_5208,72,8.909090909090908,0.375,intermittent
12_158_5339,88,4.555555555555555,0.04709141274238228,intermittent
12_158_5374,26,14.4,0.6444444444444445,lumpy
12_158_5388,62,13.5,0.12,intermittent
12_158_5410,66,8.0,0.09777777777777796,intermittent
12_158_5469,7,4.9393939393939394,0.4400887573964497,intermittent
12_158_5470,96,4.111111111111111,0.10204081632653039,intermittent
12_158_5500,4,4.048780487804878,0.26954778347070624,intermittent
12_158_5503,102,4.533333333333333,0.38917793964620173,intermittent
12_158_5528,0,3.4693877551020407,0.6443808532778356,lumpy
12_158_5615,72,5.444444444444445,0.16999999999999985,intermittent
12_158_5621,60,4.074074074074074,0.16782006920415213,intermittent
12_158_5730,91,2.46875,0.1733816206428248,intermittent
12_158_5775,104,66.0,0.0,intermittent
12_158_5783,4,1.4067796610169492,0.44060356652949234,intermittent
12_158_5823,102,13.6,0.11111111111111122,intermittent
12_158_5854,4,10.375,0.6181474480151229,lumpy
12_158_5913,79,11.375,0.3333333333333333,intermittent
12_158_5959,4,3.4583333333333335,0.6686390532544381,lumpy
12_158_5997,104,2.64,1.0123456790123455,lumpy
12_158_6075,4,4.368421052631579,0.2925170068027211,intermittent
12_158_6080,4,3.688888888888889,0.5612244897959183,lumpy
12_158_6108,157,3.25,0.1111111111111111,intermittent
12_158_6172,77,11.625,0.0,intermittent
12_158_6239,90,4.0,0.5495867768595039,lumpy
12_158_6418,157,1.625,0.12396694214876033,intermittent
12_158_6422,4,2.2432432432432434,0.6245312499999999,lumpy
12_158_6503,4,1.537037037037037,0.5173916713346275,lumpy
12_158_6526,91,13.166666666666666,0.12500000000000006,intermittent
12_158_6577,128,3.230769230769231,0.21874999999999992,intermittent
12_158_6599,0,7.083333333333333,0.32362122788761705,intermittent
12_158_6639,6,32.8,0.0,intermittent
12_158_6707,0,2.5,0.6374549819927972,lumpy
12_158_6777,4,5.354838709677419,0.10956902848794721,intermittent
12_158_6790,0,13.076923076923077,0.3854875283446711,intermittent
12_158_6826,102,11.333333333333334,0.31250000000000017,intermittent
12_158_6837,40,6.5,0.20000000000000007,intermittent
12_158_6843,4,13.833333333333334,0.10204081632653039,intermittent
12_158_6926,4,4.611111111111111,0.605231866825208,lumpy
12_158_7044,0,1.7171717171717171,0.34435311396840956,intermittent
12_158_7084,129,41.0,0.0,intermittent
12_158_7136,63,8.916666666666666,0.10204081632653039,intermittent
12_158_7152,129,2.7333333333333334,0.12188365650969539,intermittent
12_158_7201,94,2.533333333333333,0.24763705103969733,intermittent
12_158_7296,0,2.463768115942029,0.7496631744052763,lumpy
12_158_7330,0,10.625,0.96,lumpy
12_158_7398,81,6.357142857142857,0.45557655954631393,intermittent
12_158_7423,91,3.0384615384615383,0.3265306122448979,intermittent
12_158_7455,31,4.483870967741935,0.22390481341265533,intermittent
12_158_7464,96,37.0,0.0,intermittent
12_158_7517,60,36.666666666666664,0.0,intermittent
12_158_7566,105,3.611111111111111,0.7419354838709675,lumpy
12_158_7584,5,7.857142857142857,0.2857142857142857,intermittent
12_158_7611,155,1.25,0.3333333333333334,smooth
12_158_7651,123,15.666666666666666,0.3799999999999999,intermittent
12_158_7686,125,22.5,0.0,intermittent
12_158_7711,74,9.6,0.19113573407202214,intermittent
12_158_7728,133,12.333333333333334,0.0,intermittent
12_158_7729,30,2.6923076923076925,0.6923076923076922,lumpy
12_158_7742,4,1.930232558139535,0.5912392752391656,lumpy
12_158_7764,156,1.5555555555555556,0.11570247933884288,intermittent
12_158_7890,105,5.416666666666667,0.10204081632653039,intermittent
12_158_7920,0,5.0,1.0820451843043994,lumpy
12_158_7938,154,2.2857142857142856,0.12345679012345664,intermittent
12_158_7972,74,9.6,0.0,intermittent
12_158_7996,0,5.151515151515151,0.5642432556012802,lumpy
12_158_8159,22,21.142857142857142,0.09375000000000011,intermittent
12_158_8337,60,13.75,0.0,intermittent
12_158_8374,157,4.333333333333333,0.10156250000000001,intermittent
12_158_8380,7,2.6721311475409837,0.48322560787934754,intermittent
12_158_8415,21,149.0,0.0,intermittent
12_158_8418,69,2.8857142857142857,1.2421760134425535,lumpy
12_158_8432,157,3.25,0.375,intermittent
12_158_8450,98,8.0,0.2500000000000001,intermittent
12_158_8488,63,4.28,0.11862643080124863,intermittent
12_158_8563,101,7.666666666666667,0.0,intermittent
12_158_8574,3,5.964285714285714,0.2548664554096875,intermittent
12_158_8610,112,5.8,0.0,intermittent
12_158_8624,61,4.739130434782608,0.40166204986149595,intermittent
12_158_8705,89,8.1,0.11111111111111122,intermittent
12_158_8766,3,3.036363636363636,0.35399570761267524,intermittent
12_158_8832,102,8.5,0.12,intermittent
12_158_8842,106,4.923076923076923,0.2603878116343494,intermittent
12_158_8903,7,20.375,0.1834319526627219,intermittent
12_158_8926,104,4.125,0.6666666666666666,lumpy
12_158_9065,127,2.6875,0.29306122448979594,intermittent
12_158_9088,89,2.892857142857143,0.2409972299168973,intermittent
12_158_9125,133,37.0,0.0,intermittent
12_158_9149,2,14.0,0.22448979591836715,intermittent
12_158_9164,60,11.0,0.28888888888888886,intermittent
12_158_9333,72,8.166666666666666,0.18518518518518512,intermittent
12_158_9379,59,3.7,0.5413737155219036,lumpy
12_158_9479,156,3.5,0.0,intermittent
12_158_9499,140,15.0,0.0,intermittent
12_158_9511,2,7.636363636363637,0.17333333333333337,intermittent
12_158_9564,3,4.282051282051282,0.5705217218805793,lumpy
12_158_9623,67,14.714285714285714,0.09375000000000011,intermittent
12_158_9662,96,4.352941176470588,0.20710059171597647,intermittent
12_158_9666,0,8.947368421052632,0.47923875432525936,intermittent
12_158_9734,8,10.8,0.28808864265927997,intermittent
12_158_9757,0,7.391304347826087,0.25781250000000017,intermittent
12_158_9797,63,5.35,0.11111111111111122,intermittent
12_158_9875,3,4.638888888888889,0.5156179266636488,lumpy
12_158_9963,72,32.666666666666664,0.0,intermittent
12_158_9972,155,1.1538461538461537,0.09179687499999979,smooth
12_158_9978,31,6.043478260869565,0.2955102040816326,intermittent
12_158_10051,89,11.571428571428571,0.09375000000000011,intermittent
12_158_10070,0,2.5,0.7928591554965181,lumpy
12_158_10124,102,5.666666666666667,0.12110726643598604,intermittent
12_158_10140,3,3.036363636363636,0.5607397172919544,lumpy
12_158_10146,99,3.9444444444444446,0.31250000000000017,intermittent
12_158_10231,8,1.8837209302325582,0.8396947635680119,lumpy
12_158_10303,11,3.382978723404255,0.6025101740706543,lumpy
12_158_10305,0,1.9540229885057472,0.5548846757637969,lumpy
12_158_10332,126,3.6666666666666665,0.2892561983471075,intermittent
12_158_10347,61,3.1142857142857143,0.32502308402585417,intermittent
12_158_10362,61,2.5348837209302326,0.5996881265315213,lumpy
12_158_10419,79,3.033333333333333,0.4197530864197529,intermittent
12_158_10486,93,5.5,0.36111111111111127,intermittent
12_158_10535,3,4.513513513513513,0.2758620689655172,intermittent
12_158_10560,155,1.6666666666666667,0.2857142857142857,intermittent
12_158_10631,154,5.333333333333333,0.2222222222222222,intermittent
12_158_10676,98,10.285714285714286,0.09375000000000011,intermittent
12_158_10689,61,8.384615384615385,0.21333333333333362,intermittent
12_158_10703,108,2.9523809523809526,0.5312500000000001,lumpy
12_158_10714,107,4.2,0.20370370370370378,intermittent
12_158_10804,46,41.333333333333336,0.0,intermittent
12_158_10823,62,6.0,0.18750000000000008,intermittent
12_158_10825,1,2.6,0.6018036265432095,lumpy
12_158_10826,59,55.5,0.0,intermittent
12_158_10834,60,5.7894736842105265,0.23668639053254437,intermittent
12_158_10861,0,10.0,0.04938271604938268,intermittent
12_158_10867,1,8.894736842105264,0.517906336088154,lumpy
12_158_10948,105,2.4074074074074074,0.2083333333333335,intermittent
12_158_11004,126,2.3157894736842106,0.5032718619869123,lumpy
12_158_11005,62,6.75,0.12,intermittent
12_158_11018,3,2.783333333333333,0.32617752983546355,intermittent
12_158_11037,59,5.842105263157895,0.24639999999999979,intermittent
12_158_11038,115,5.0,0.23469387755102045,intermittent
12_158_11056,157,3.25,0.5510204081632653,lumpy
12_158_11185,4,3.5319148936170213,0.38399762046400926,intermittent
12_158_11224,109,8.714285714285714,0.12345679012345664,intermittent
12_158_11247,113,4.071428571428571,0.12465373961218834,intermittent
12_158_11302,93,2.6551724137931036,0.2440649729279466,intermittent
12_158_11339,59,8.538461538461538,0.20370370370370372,intermittent
12_158_11371,61,6.8125,0.08641975308641975,intermittent
12_158_11490,95,12.5,0.0,intermittent
12_158_11510,71,11.0,0.07999999999999981,intermittent
12_158_11546,31,5.148148148148148,0.33227704843820743,intermittent
12_158_11571,3,4.771428571428571,0.4843440348791121,intermittent
12_158_11695,0,18.88888888888889,0.5555555555555556,lumpy
12_158_11702,102,2.9565217391304346,0.20385674931129477,intermittent
12_158_11720,92,3.0,0.1221303948576677,intermittent
12_158_11734,31,13.9,0.20000000000000007,intermittent
12_158_11813,5,6.875,0.48163110718343627,intermittent
12_158_11930,157,13.0,0.0,intermittent
12_158_11941,45,41.666666666666664,0.0,intermittent
12_158_11943,43,7.9375,0.18518518518518517,intermittent
12_158_11956,0,3.953488372093023,0.45302948799452275,intermittent
12_158_11958,59,2.775,0.5224913494809692,lumpy
12_158_11967,30,6.086956521739131,0.35160493827160494,intermittent
12_158_12090,0,3.8636363636363638,0.44495637682580136,intermittent
12_158_12129,61,21.8,0.0,intermittent
12_158_12157,17,15.3,0.07438016528925608,intermittent
12_158_12170,93,2.8518518518518516,0.1812500000000002,intermittent
12_158_12177,155,1.5,0.22448979591836746,intermittent
12_158_12251,83,7.909090909090909,0.0,intermittent
12_158_12342,93,11.0,0.2755555555555556,intermittent
12_158_12349,4,2.155844155844156,0.6665142508763907,lumpy
12_158_12455,74,8.0,0.10204081632653039,intermittent
12_158_12496,32,23.0,0.10204081632653039,intermittent
12_158_12539,10,8.421052631578947,0.18047337278106512,intermittent
12_158_12559,102,6.8,0.0,intermittent
12_158_12641,155,1.1538461538461537,0.18181818181818182,smooth
12_158_12723,59,4.625,0.08641975308641975,intermittent
12_158_12732,102,2.2666666666666666,0.29017655047532814,intermittent
12_158_12747,1,3.840909090909091,0.40714861596345053,intermittent
12_158_12835,131,7.8,0.0,intermittent
12_158_12856,60,4.230769230769231,0.09777777777777796,intermittent
12_158_12872,104,4.125,0.08641975308641975,intermittent
12_158_12874,0,2.5757575757575757,1.394385382214779,lumpy
12_158_12879,105,9.285714285714286,0.12345679012345664,intermittent
12_158_12897,61,3.0277777777777777,0.5138888888888888,lumpy
12_158_12948,60,11.0,0.0,intermittent
12_158_13014,0,5.666666666666667,0.3358230393565069,intermittent
12_158_13056,69,11.222222222222221,0.0,intermittent
12_158_13228,109,6.1,0.12426035502958563,intermittent
12_158_13281,3,12.846153846153847,0.09777777777777796,intermittent
12_158_13388,60,7.333333333333333,0.11111111111111122,intermittent
12_158_13427,118,5.777777777777778,0.6502835538752367,lumpy
12_158_13454,126,1.8333333333333333,0.30560806553245107,intermittent
12_158_13516,125,22.5,0.0,intermittent
12_158_13519,60,6.111111111111111,0.1836734693877549,intermittent
12_158_13553,0,8.5,0.04308390022675725,intermittent
12_158_13672,155,2.142857142857143,0.36686390532544383,intermittent
12_158_13740,157,2.6,0.09374999999999972,intermittent
12_158_13771,11,15.9,0.25000000000000006,intermittent
12_158_13822,0,5.483870967741935,0.39446366782006914,intermittent
12_158_13925,1,3.6739130434782608,0.1358024691358023,intermittent
12_158_13985,157,4.333333333333333,0.32,intermittent
12_158_14011,4,3.1320754716981134,0.56695652173913,lumpy
12_158_14021,119,17.0,0.0,intermittent
12_158_14060,62,3.085714285714286,0.2983535012894269,intermittent
12_158_14075,69,3.0606060606060606,0.6969261706406206,lumpy
12_158_14125,31,11.583333333333334,0.5867768595041323,lumpy
12_158_14136,126,2.4444444444444446,0.4797086368366284,intermittent
12_158_14244,62,13.5,0.0,intermittent
12_158_14302,129,5.857142857142857,0.12345679012345664,intermittent
13_31_47,113,1.2954545454545454,0.6329256101373703,erratic
13_31_3727,71,2.675675675675676,1.6964575446187133,lumpy
13_31_7176,127,1.048780487804878,0.5683567224988683,erratic
13_31_8735,126,1.1891891891891893,1.0138342894146426,erratic
13_31_9504,112,1.7058823529411764,0.5860090368608797,lumpy
13_31_12213,148,1.1,0.5857438016528923,erratic
13_31_12800,112,1.5675675675675675,0.6279174158348318,lumpy
13_267_12800,157,1.0,1.568671604938272,erratic
13_284_47,114,1.0,0.9193557007308715,erratic
13_284_7176,126,1.0,0.4518731901337118,smooth
13_284_9504,114,1.0,0.6433421705801278,erratic
13_284_12800,114,1.0566037735849056,0.8150475829976671,erratic
13_312_9504,155,1.0,0.8310197872507018,erratic
13_312_12800,155,1.0,0.4249353903986216,smooth
14_198_73,1,1.1045751633986929,0.35527650081124945,smooth
14_198_105,10,5.517241379310345,0.1246537396121885,intermittent
14_198_126,112,8.285714285714286,0.09917355371900838,intermittent
14_198_134,0,15.454545454545455,0.43867034402670896,intermittent
14_198_152,2,1.3884297520661157,0.4035936054961027,intermittent
14_198_178,0,1.096774193548387,0.4569497025419148,smooth
14_198_271,128,5.25,0.12,intermittent
14_198_298,125,5.0,0.07999999999999981,intermittent
14_198_337,1,1.797872340425532,1.11419677734375,lumpy
14_198_352,70,3.5714285714285716,0.5779555555555557,lumpy
14_198_365,9,1.5333333333333334,0.5205517930151995,lumpy
14_198_426,123,11.75,0.1111111111111111,intermittent
14_198_488,74,1.3333333333333333,0.5111846319363684,lumpy
14_198_516,1,1.625,0.44679048089824175,intermittent
14_198_650,120,4.545454545454546,0.22222222222222246,intermittent
14_198_791,21,1.221311475409836,0.5717680255439221,erratic
14_198_808,0,2.0987654320987654,0.38091847632609455,intermittent
14_198_814,5,1.6336633663366336,0.4129710368315204,intermittent
14_198_880,52,1.6857142857142857,1.4062500000000002,lumpy
14_198_886,31,4.633333333333334,0.36054421768707495,intermittent
14_198_928,0,1.328125,0.5726916042468259,erratic
14_198_1046,6,1.9294117647058824,0.3952592592592594,intermittent
14_198_1090,3,3.2745098039215685,1.0566351576128847,lumpy
14_198_1121,9,1.2196969696969697,0.35015705119600504,smooth
14_198_1291,0,1.297709923664122,0.35765041516611024,smooth
14_198_1328,120,4.545454545454546,0.0694444444444446,intermittent
14_198_1401,12,3.761904761904762,0.5496952908587257,lumpy
14_198_1445,135,4.375,0.0,intermittent
14_198_1481,4,1.7473684210526317,0.7063065484188839,lumpy
14_198_1524,45,1.3020833333333333,0.5546020761245676,erratic
14_198_1542,5,1.7010309278350515,0.46608256533266035,intermittent
14_198_1564,120,8.333333333333334,0.0,intermittent
14_198_1633,0,14.166666666666666,0.6409073433294886,lumpy
14_198_1638,64,3.533333333333333,0.552734375,lumpy
14_198_1652,31,2.2063492063492065,0.3488321799307959,intermittent
14_198_1698,0,1.317829457364341,0.3960666666666666,smooth
14_198_1706,4,2.2432432432432434,0.2668385220437573,intermittent
14_198_1713,0,1.4782608695652173,0.3142992952652573,intermittent
14_198_1740,35,22.5,1.5312500000000002,lumpy
14_198_1761,3,1.3801652892561984,0.4987374853383466,intermittent
14_198_1763,0,1.2056737588652482,0.9526241134751774,erratic
14_198_1817,0,1.4406779661016949,0.5744570805805098,lumpy
14_198_1829,13,6.541666666666667,0.38488994646044034,intermittent
14_198_1915,2,2.625,1.0189853256599206,lumpy
14_198_2077,126,8.8,0.11111111111111122,intermittent
14_198_2099,122,5.333333333333333,0.07999999999999981,intermittent
14_198_2109,4,1.2868217054263567,1.2525982335133108,erratic
14_198_2130,118,6.5,0.08875739644970414,intermittent
14_198_2337,1,4.023809523809524,0.5272727272727273,lumpy
14_198_2380,121,7.0,0.09375000000000011,intermittent
14_198_2538,54,1.2340425531914894,0.9256834442004624,erratic
14_198_2544,0,1.328125,0.47062413201674685,smooth
14_198_2568,134,7.2,0.11111111111111122,intermittent
14_198_2574,0,1.7525773195876289,0.34335938232042135,intermittent
14_198_2681,66,3.1515151515151514,0.3026977594878829,intermittent
14_198_2696,63,2.9722222222222223,0.7094347107438016,lumpy
14_198_2714,30,1.4,0.6651225254783295,lumpy
14_198_2729,0,1.9540229885057472,0.5909233299396975,lumpy
14_198_2846,0,1.3492063492063493,0.6731156858601947,lumpy
14_198_2901,2,3.4285714285714284,0.2469135802469133,intermittent
14_198_2903,1,2.036144578313253,0.8975765889346136,lumpy
14_198_2908,2,1.411764705882353,0.5853174603174606,lumpy
14_198_2996,0,2.151898734177215,0.5318559556786703,lumpy
14_198_3022,0,2.0481927710843375,0.4607303822115709,intermittent
14_198_3108,124,9.2,0.32653061224489816,intermittent
14_198_3147,64,2.717948717948718,0.5234375,lumpy
14_198_3225,0,1.0759493670886076,0.5660942108055389,erratic
14_198_3252,49,1.2872340425531914,0.5514536608028006,erratic
14_198_3272,1,1.8571428571428572,0.40776218410435344,intermittent
14_198_3280,0,1.0759493670886076,0.8563118185911082,erratic
14_198_3294,148,2.2,0.12244897959183697,intermittent
14_198_3332,120,3.8461538461538463,0.20370370370370372,intermittent
14_198_3351,122,2.526315789473684,0.11342155009451793,intermittent
14_198_3472,0,2.0,0.5422367638310529,lumpy
14_198_3560,0,1.6666666666666667,0.5596800965746191,lumpy
14_198_3563,113,14.25,0.42857142857142855,intermittent
14_198_3651,127,7.166666666666667,0.0,intermittent
14_198_3660,125,4.5,0.12244897959183697,intermittent
14_198_3772,0,1.8888888888888888,0.7502240888259194,lumpy
14_198_3793,5,2.357142857142857,0.2604138672399893,intermittent
14_198_3909,0,1.1971830985915493,0.6239099459820179,erratic
14_198_3949,120,3.8461538461538463,0.20370370370370372,intermittent
14_198_4137,30,1.3333333333333333,0.42177788402431543,intermittent
14_198_4216,51,1.367816091954023,0.6182805268778923,lumpy
14_198_4259,1,1.3,0.41782096936222024,smooth
14_198_4263,0,1.2408759124087592,0.6922671125842312,erratic
14_198_4321,124,7.666666666666667,0.0,intermittent
14_198_4390,0,1.8681318681318682,1.1815287070936613,lumpy
14_198_4396,0,2.151898734177215,0.42434538851961184,intermittent
14_198_4403,52,1.388235294117647,0.4153541466565802,intermittent
14_198_4444,3,1.7578947368421052,0.4056237435852615,intermittent
14_198_4454,1,3.9302325581395348,0.45222911721810766,intermittent
14_198_4489,14,1.4444444444444444,1.4028370447450573,lumpy
14_198_4516,2,1.263157894736842,0.48904032955296756,smooth
14_198_4688,0,1.5740740740740742,0.43385250516044277,intermittent
14_198_4702,7,2.5076923076923077,0.5715946787045587,lumpy
14_198_4754,0,1.9540229885057472,0.4454802825359604,intermittent
14_198_4769,3,2.287671232876712,0.7329306122448981,lumpy
14_198_4806,122,1.5,0.4314792899408284,intermittent
14_198_4819,85,1.4166666666666667,0.3111726685133888,intermittent
14_198_5018,0,14.166666666666666,0.18518518518518512,intermittent
14_198_5087,140,15.0,0.0,intermittent
14_198_5215,124,6.571428571428571,0.0,intermittent
14_198_5279,4,7.217391304347826,0.22644265887509124,intermittent
14_198_5384,130,5.714285714285714,0.5399999999999999,lumpy
14_198_5408,124,3.5384615384615383,0.12345679012345685,intermittent
14_198_5447,1,1.9204545454545454,0.815805871566166,lumpy
14_198_5542,34,1.402061855670103,0.5224188090749043,lumpy
14_198_5605,121,6.125,0.12,intermittent
14_198_5632,9,1.4907407407407407,0.5748098055790366,lumpy
14_198_5649,131,9.75,0.0,intermittent
14_198_5663,0,2.328767123287671,0.48548965198288807,intermittent
14_198_5757,19,2.0972222222222223,0.2793950850661624,intermittent
14_198_5789,0,1.6346153846153846,0.8842193999530131,lumpy
14_198_5858,0,1.9101123595505618,0.786566840277778,lumpy
14_198_5870,0,1.5315315315315314,0.6033733147727928,lumpy
14_198_5969,3,1.67,0.5505350772889416,lumpy
14_198_5981,16,5.5,0.057777777777777796,intermittent
14_198_6128,1,1.69,1.0943360992870446,lumpy
14_198_6130,0,1.8478260869565217,0.8199246181313232,lumpy
14_198_6159,0,1.619047619047619,0.4599513067061143,intermittent
14_198_6176,2,2.1818181818181817,0.4497041420118343,intermittent
14_198_6191,52,1.3111111111111111,0.6871160775225792,erratic
14_198_6262,52,1.1683168316831682,0.47974775186709323,smooth
14_198_6484,120,5.0,0.12426035502958563,intermittent
14_198_6489,1,1.0696202531645569,0.3268646112012632,smooth
14_198_6490,114,3.5,0.10803324099722991,intermittent
14_198_6519,117,10.6,0.39053254437869817,intermittent
14_198_6602,2,1.9764705882352942,0.7492445285552944,lumpy
14_198_6619,0,1.8478260869565217,0.5170323981717633,lumpy
14_198_6740,0,1.7346938775510203,0.34161865569272964,intermittent
14_198_6833,0,1.7171717171717171,0.5415369076677046,lumpy
14_198_6869,0,2.125,0.6423827681119166,lumpy
14_198_6962,0,2.236842105263158,0.7538060026098304,lumpy
14_198_7068,0,1.2318840579710144,0.9760656494297779,erratic
14_198_7091,94,25.333333333333332,0.0,intermittent
14_198_7097,46,1.5121951219512195,0.581218683097889,lumpy
14_198_7109,5,3.0,0.3216447134211463,intermittent
14_198_7119,0,1.9318181818181819,0.4591836734693876,intermittent
14_198_7132,0,2.361111111111111,0.9269108959816718,lumpy
14_198_7156,57,1.8225806451612903,0.2546969618549768,intermittent
14_198_7179,149,2.625,0.30612244897959184,intermittent
14_198_7229,5,1.71875,0.6712962962962963,lumpy
14_198_7266,123,6.714285714285714,0.09375000000000011,intermittent
14_198_7325,72,3.6296296296296298,0.5758421015465008,lumpy
14_198_7336,0,1.4285714285714286,0.5269642857142857,lumpy
14_198_7416,1,1.8777777777777778,0.4526802282833232,intermittent
14_198_7497,38,1.6296296296296295,0.9135802469135802,lumpy
14_198_7576,30,1.386138613861386,0.41672585227272724,intermittent
14_198_7581,14,2.4,0.3081703269543114,intermittent
14_198_7596,121,3.0625,0.05190311418685121,intermittent
14_198_7612,123,9.4,0.0,intermittent
14_198_7632,60,1.8644067796610169,0.6332179930795847,lumpy
14_198_7644,4,2.155844155844156,0.6302457466918717,lumpy
14_198_7714,1,1.7422680412371134,0.7463209404380438,lumpy
14_198_7780,14,2.557377049180328,0.8249227110582635,lumpy
14_198_7803,0,1.25,0.4648668639053256,smooth
14_198_7851,30,1.3333333333333333,0.4510990604765956,intermittent
14_198_7868,0,1.8478260869565217,0.39335404943870544,intermittent
14_198_7979,13,8.263157894736842,0.18047337278106512,intermittent
14_198_7981,0,1.317829457364341,0.8941338879127969,erratic
14_198_8000,0,1.1805555555555556,0.8257310692909056,erratic
14_198_8069,0,1.3492063492063493,0.5100445613266127,lumpy
14_198_8194,125,11.25,0.0,intermittent
14_198_8202,0,2.1794871794871793,0.33858835187604164,intermittent
14_198_8365,125,3.0,0.0899653979238755,intermittent
14_198_8421,112,2.9,0.3119999999999999,intermittent
14_198_8564,0,1.2592592592592593,0.31073407202216047,smooth
14_198_8646,124,7.666666666666667,0.0,intermittent
14_198_8652,0,2.5757575757575757,0.22760000000000016,intermittent
14_198_8684,0,1.4406779661016949,0.4617042409250202,intermittent
14_198_8845,0,1.2781954887218046,0.6032667447412279,erratic
14_198_8862,0,3.090909090909091,0.733061224489796,lumpy
14_198_8881,27,1.311926605504587,0.5033370750341541,erratic
14_198_8974,0,1.5044247787610618,0.5241881254697204,lumpy
14_198_8984,97,73.0,0.0,intermittent
14_198_9054,0,1.2878787878787878,0.5199530579615743,erratic
14_198_9106,8,2.3823529411764706,0.5168241965973533,lumpy
14_198_9135,3,3.34,0.30477526059361876,intermittent
14_198_9167,51,1.5866666666666667,0.5186631235254827,lumpy
14_198_9257,3,1.255639097744361,0.852335640138408,erratic
14_198_9269,135,17.5,0.0,intermittent
14_198_9338,0,1.4912280701754386,0.5693413760705872,lumpy
14_198_9376,128,21.0,0.0,intermittent
14_198_9518,127,1.048780487804878,0.2309750297265161,smooth
14_198_9620,0,1.3385826771653544,0.6262104289121452,lumpy
14_198_9679,0,1.3709677419354838,0.6159830986251716,lumpy
14_198_9691,31,2.482142857142857,0.3051239669421488,intermittent
14_198_9897,75,4.130434782608695,0.5395918367346937,lumpy
14_198_9938,22,1.2758620689655173,0.48334749595679916,smooth
14_198_10020,114,1.3333333333333333,0.36066115702479346,intermittent
14_198_10087,0,2.5,0.8742811818362087,lumpy
14_198_10091,129,2.411764705882353,0.1836937115651655,intermittent
14_198_10100,52,1.5733333333333333,0.39033310624260475,intermittent
14_198_10143,1,1.3739837398373984,1.099004821996512,lumpy
14_198_10221,120,7.142857142857143,0.0,intermittent
14_198_10285,15,1.4903846153846154,0.3743695623783433,intermittent
14_198_10296,4,1.1942446043165467,0.4091703499195807,smooth
14_198_10299,58,3.2,0.30829476682093276,intermittent
14_198_10310,1,2.036144578313253,0.4269462299765332,intermittent
14_198_10355,0,1.2686567164179106,1.409842451523546,erratic
14_198_10369,122,4.0,0.12500000000000006,intermittent
14_198_10519,2,1.5272727272727273,0.46933702141068945,intermittent
14_198_10523,4,2.155844155844156,0.5346712802768165,lumpy
14_198_10583,1,1.330708661417323,0.440450145279522,smooth
14_198_10613,0,1.8888888888888888,0.3989988332266926,intermittent
14_198_10652,0,2.65625,0.44229931775293946,intermittent
14_198_10758,64,1.7096774193548387,0.8648437500000001,lumpy
14_198_10794,52,1.4047619047619047,1.016342631727247,lumpy
14_198_10831,0,6.071428571428571,0.8055030455786597,lumpy
14_198_10845,11,1.962962962962963,0.9539652858062863,lumpy
14_198_10889,1,2.2837837837837838,0.35829006158676463,intermittent
14_198_10893,18,2.8679245283018866,1.1445519384224272,lumpy
14_198_11074,0,1.0365853658536586,0.9955919999860393,erratic
14_198_11094,128,3.0,0.12465373961218834,intermittent
14_198_11110,0,1.2318840579710144,0.7127693444924017,erratic
14_198_11130,121,7.0,0.11999999999999991,intermittent
14_198_11164,4,2.3055555555555554,0.38842975206611596,intermittent
14_198_11194,45,1.1574074074074074,0.41200021725467684,smooth
14_198_11223,4,6.384615384615385,0.20867768595041328,intermittent
14_198_11235,0,1.6504854368932038,1.285762014715381,lumpy
14_198_11248,1,1.4201680672268908,0.5631633323941015,lumpy
14_198_11380,68,2.55,0.6962524654832348,lumpy
14_198_11382,0,2.0481927710843375,0.498421916424694,intermittent
14_198_11383,55,1.369047619047619,0.8990918104302996,lumpy
14_198_11394,0,2.5757575757575757,0.6850309056705189,lumpy
14_198_11430,71,2.6052631578947367,0.39160156250000017,intermittent
14_198_11432,6,2.0759493670886076,0.32700320161396446,intermittent
14_198_11560,16,1.4951456310679612,0.4220907297830374,intermittent
14_198_11563,1,1.8571428571428572,0.7281300729212299,lumpy
14_198_11701,138,10.666666666666666,0.12500000000000006,intermittent
14_198_11781,4,2.2432432432432434,0.5273330504224373,lumpy
14_198_11785,0,1.8888888888888888,0.8343683166275861,lumpy
14_198_11815,52,1.1683168316831682,0.4937451479446937,smooth
14_198_11840,137,5.5,0.12500000000000006,intermittent
14_198_11986,0,1.7894736842105263,0.6041234895478508,lumpy
14_198_12046,0,1.7171717171717171,0.6141687433250265,lumpy
14_198_12121,67,1.355263157894737,0.6422837370242217,lumpy
14_198_12139,3,1.5321100917431192,0.3679140888285299,intermittent
14_198_12172,0,1.36,0.5468297158107631,lumpy
14_198_12188,136,11.333333333333334,0.12500000000000006,intermittent
14_198_12189,4,2.075,2.5531039250492378,lumpy
14_198_12217,0,1.1805555555555556,0.6098446236577107,erratic
14_198_12344,17,1.2966101694915255,0.3804190315179325,smooth
14_198_12363,27,2.9183673469387754,0.22878086419753077,intermittent
14_198_12422,0,1.3821138211382114,0.6579674731613521,lumpy
14_198_12516,69,2.6578947368421053,0.7436851502703242,lumpy
14_198_12519,124,5.111111111111111,0.07999999999999981,intermittent
14_198_12587,67,2.239130434782609,0.6647619047619051,lumpy
14_198_12639,3,1.7578947368421052,0.8852675433998451,lumpy
14_198_12647,0,1.5454545454545454,0.42302899500263386,intermittent
14_198_12660,0,1.36,0.5016163108586915,lumpy
14_198_12826,0,1.9767441860465116,0.7072435781812008,lumpy
14_198_12895,2,1.3125,0.518005540166205,erratic
14_198_13016,76,3.032258064516129,0.631578947368421,lumpy
14_198_13038,0,1.36,1.1016923349530434,lumpy
14_198_13051,73,1.2435897435897436,0.46189087880049967,smooth
14_198_13131,30,1.443298969072165,0.5346172050185829,lumpy
14_198_13133,124,11.5,0.0,intermittent
14_198_13140,0,2.073170731707317,0.4321422848902421,intermittent
14_198_13210,0,1.3385826771653544,0.7314085739282591,lumpy
14_198_13264,0,2.2666666666666666,1.0375510204081628,lumpy
14_198_13267,0,2.207792207792208,0.5527433327671141,lumpy
14_198_13282,1,1.3629032258064515,0.4183369787371367,intermittent
14_198_13328,70,2.857142857142857,0.25650364203954223,intermittent
14_198_13392,0,2.207792207792208,0.43030577390016034,intermittent
14_198_13408,4,2.1012658227848102,0.39280400714144004,intermittent
14_198_13415,0,1.4285714285714286,0.5567697646040262,lumpy
14_198_13459,0,2.8333333333333335,0.4853278589542326,intermittent
14_198_13472,0,1.1333333333333333,0.7427748470824298,erratic
14_198_13487,0,1.0897435897435896,0.6108397969932016,erratic
14_198_13566,0,1.2408759124087592,0.574356998618344,erratic
14_198_13590,45,1.1363636363636365,0.46317488659830974,smooth
14_198_13679,0,1.3821138211382114,0.7137366935346735,lumpy
14_198_13769,0,1.8681318681318682,0.9261736015851244,lumpy
14_198_13838,31,2.6226415094339623,0.48223733938019675,intermittent
14_198_13897,2,1.1506849315068493,0.600239455782313,erratic
14_198_13981,0,1.2056737588652482,0.5800761340735072,erratic
14_198_14032,124,11.5,0.12,intermittent
14_198_14034,0,1.3709677419354838,0.4023488473249237,intermittent
14_198_14036,0,1.1564625850340136,0.598301554238103,erratic
14_198_14047,0,1.0493827160493827,0.717928058189203,erratic
14_198_14217,0,1.5178571428571428,0.6949569941149845,lumpy
14_198_14229,0,2.0987654320987654,0.40374533550056096,intermittent
14_198_14259,0,2.236842105263158,0.5618089887189208,lumpy
14_198_14283,6,2.05,0.6621958381612988,lumpy
14_198_14323,82,1.76,0.3824012119681858,intermittent
15_43_527,57,1.591549295774648,2.068295263702891,lumpy
15_43_4098,147,1.2777777777777777,1.399092970521542,erratic
15_43_4714,57,1.3452380952380953,1.1893170760650291,lumpy
15_43_6659,140,1.0,0.36890495867768597,smooth
15_43_9416,127,1.048780487804878,0.44886913580246884,smooth
15_43_10692,74,1.0212765957446808,0.7710121648126101,erratic
15_43_10735,74,1.1162790697674418,1.2055902038617377,erratic
15_43_11042,153,1.0,0.1818151027113075,smooth
15_43_11453,144,1.368421052631579,1.0305518657167005,lumpy
15_43_13419,74,1.391304347826087,0.7907548078340424,lumpy
15_43_14256,139,2.8181818181818183,0.26041666666666685,intermittent
15_106_3018,147,1.0,0.4820220719117124,smooth
15_106_7070,143,1.0384615384615385,0.4836166018434653,smooth
15_106_9416,127,1.3870967741935485,0.6689793558480428,lumpy
15_106_10692,114,1.0980392156862746,0.7169315059594378,erratic
15_106_11042,134,1.0,0.6560642767228267,erratic
15_106_13419,118,1.0833333333333333,0.8234877126654064,erratic
15_122_309,25,1.0583941605839415,0.6231128261263407,erratic
15_122_527,37,1.3711340206185567,1.5688823511695367,lumpy
15_122_1305,30,1.0687022900763359,1.641942058785775,erratic
15_122_1831,57,1.2840909090909092,0.5522306691524755,erratic
15_122_3018,75,1.144578313253012,1.0639537716128118,erratic
15_122_4098,102,1.5454545454545454,7.675821799307959,lumpy
15_122_4714,26,1.3211009174311927,3.6544441834325587,erratic
15_122_6659,110,2.4,2.3668106828929365,lumpy
15_122_7070,140,1.0344827586206897,0.3009878166573321,smooth
15_122_9416,73,1.2763157894736843,0.6360369712855237,erratic
15_122_10692,25,1.0,0.6068438217132938,erratic
15_122_10735,48,1.4186046511627908,1.804013230944342,lumpy
15_122_11042,122,1.0,0.20903441502360223,smooth
15_122_11453,110,2.0,0.5088757396449702,lumpy
15_122_13419,30,1.0,1.034820624179213,erratic
15_122_14256,110,2.608695652173913,1.2179604289940824,lumpy
15_122_14319,134,1.2,0.4137161672978393,smooth
16_7_4650,35,4.821428571428571,3.5582438711744904,lumpy
16_7_5237,68,9.272727272727273,1.1586337413387873,lumpy
16_7_7857,55,12.777777777777779,0.42105263157894723,intermittent
16_7_10685,43,2.267857142857143,1.9860159856211108,lumpy
16_7_13114,32,1.140495867768595,1.7811386018049242,erratic
16_7_13316,74,5.333333333333333,0.9856249999999998,lumpy
16_7_14042,32,1.104,2.793660505471676,erratic
16_13_1389,0,1.0,0.4537983426104932,smooth
16_13_6821,0,1.2686567164179106,0.47949123777197245,smooth
16_13_8490,0,1.0,0.28095943908224214,smooth
16_13_8664,28,3.55,1.52054148892886,lumpy
16_13_10493,115,1.0,0.9291484087257756,erratic
16_13_13226,0,1.1888111888111887,0.5532326211734693,erratic
16_17_42,29,2.611111111111111,0.6986517520973614,lumpy
16_17_779,51,1.0258620689655173,0.7896704880736544,erratic
16_17_4351,0,1.7171717171717171,1.6036909932360275,lumpy
16_17_6135,0,1.0059171597633136,3.036786057206973,erratic
16_17_7597,48,9.384615384615385,0.9053542455381289,lumpy
16_17_8284,8,1.3388429752066116,3.2836313614602375,lumpy
16_17_9314,0,85.0,0.0,intermittent
16_17_9702,51,1.0,1.2287453967865156,erratic
16_17_10685,0,1.1888111888111887,2.954656713592167,erratic
16_17_13114,0,1.0303030303030303,1.4676008249266224,erratic
16_17_14042,0,1.0119047619047619,3.7666114149122985,erratic
16_99_301,0,1.0240963855421688,7.19313315786473,erratic
16_99_370,0,28.333333333333332,2.7653061224489788,lumpy
16_99_855,0,3.6956521739130435,0.4495232194723978,intermittent
16_99_1103,0,1.0365853658536586,5.581595380857847,erratic
16_99_1284,0,4.146341463414634,0.45703020938782063,intermittent
16_99_2212,0,6.8,0.5118503560420875,lumpy
16_99_2374,0,2.5,1.586712470787897,lumpy
16_99_2412,0,1.2686567164179106,6.0518427807517075,erratic
16_99_2689,0,1.0303030303030303,8.056765365061827,erratic
16_99_3021,0,1.2592592592592593,3.1181098821336466,erratic
16_99_4113,117,1.962962962962963,0.4153906250000002,intermittent
16_99_4377,0,1.0897435897435896,4.0504734215798095,erratic
16_99_4487,0,21.25,0.36328125,intermittent
16_99_5020,143,1.0384615384615385,0.3322946026855275,smooth
16_99_5358,0,2.9310344827586206,3.2549588880700804,lumpy
16_99_5678,121,1.1666666666666667,10.654412052627455,erratic
16_99_5784,0,1.2408759124087592,1.8830371336190344,erratic
16_99_6714,0,1.6666666666666667,1.6873378680863784,lumpy
16_99_6719,0,7.083333333333333,0.4068637175163656,intermittent
16_99_7394,0,7.083333333333333,0.48828402366863877,intermittent
16_99_7554,15,1.7816091954022988,4.2689401755527685,lumpy
16_99_7604,0,5.151515151515151,0.5269067146177796,lumpy
16_99_9131,0,1.4782608695652173,1.856380072679669,lumpy
16_99_9190,0,2.4285714285714284,4.251371214504275,lumpy
16_99_10868,75,1.3571428571428572,1.860940320608899,lumpy
16_99_11921,0,4.0476190476190474,1.2042030696576154,lumpy
16_99_12254,105,1.0833333333333333,0.6941325014432004,erratic
16_99_12320,0,5.483870967741935,0.3021651526535073,intermittent
16_99_13084,0,1.103896103896104,2.6878630592877677,erratic
16_99_13927,28,1.1735537190082646,1.2418365110672802,erratic
16_140_107,19,1.1102941176470589,0.43114331095424757,smooth
16_140_137,17,1.047945205479452,0.7701924448469527,erratic
16_140_288,40,3.823529411764706,0.23079999999999967,intermittent
16_140_301,0,2.463768115942029,2.446921984390595,lumpy
16_140_475,0,6.8,0.2618170165037653,intermittent
16_140_658,18,4.108108108108108,3.683030868037668,lumpy
16_140_727,81,1.1125,1.5885274795705817,erratic
16_140_747,16,1.0476190476190477,0.3863842987545079,smooth
16_140_855,24,3.106382978723404,0.7779428571428574,lumpy
16_140_878,9,1.9876543209876543,0.24040284800713843,intermittent
16_140_1067,12,11.285714285714286,0.26388888888888906,intermittent
16_140_1103,0,1.4166666666666667,1.0255859375,lumpy
16_140_1117,23,3.127659574468085,4.066570955962672,lumpy
16_140_1165,1,7.681818181818182,0.31313131313131315,intermittent
16_140_1471,73,1.2278481012658229,3.260751805307687,erratic
16_140_1742,19,2.5166666666666666,3.4849450382517424,lumpy
16_140_2209,35,1.0546875,0.3705989603068109,smooth
16_140_2374,0,1.683168316831683,0.630523681640625,lumpy
16_140_2397,20,1.0204081632653061,0.6560730727266321,erratic
16_140_2863,0,1.619047619047619,0.8987748974613303,lumpy
16_140_3021,0,2.7419354838709675,2.6493304266583624,lumpy
16_140_3031,22,4.484848484848484,2.340183317095775,lumpy
16_140_3259,16,1.1492537313432836,0.4621320307616541,smooth
16_140_3292,88,2.1025641025641026,0.6769230769230767,lumpy
16_140_3301,35,9.0,0.35000000000000003,intermittent
16_140_3324,0,2.073170731707317,7.292753360768174,lumpy
16_140_3471,16,1.0547945205479452,2.3053358074195507,erratic
16_140_3473,18,1.062937062937063,0.6762244904284865,erratic
16_140_4377,0,1.8279569892473118,4.224476234011388,lumpy
16_140_4487,1,5.633333333333334,0.7979238754325259,lumpy
16_140_4503,16,1.1240875912408759,1.8751947661523403,erratic
16_140_4655,16,1.0405405405405406,0.33155904683580667,smooth
16_140_4759,19,1.1615384615384616,0.612986644020502,erratic
16_140_4945,16,1.0405405405405406,0.9199917051912079,erratic
16_140_5191,20,1.1904761904761905,0.8469687614838384,erratic
16_140_5244,65,105.0,0.0,intermittent
16_140_5358,0,1.683168316831683,1.7734506722153485,lumpy
16_140_5810,19,1.0486111111111112,0.5093941024010954,erratic
16_140_5954,26,1.7777777777777777,1.4019617885886249,lumpy
16_140_6178,0,6.071428571428571,0.39628834743088004,intermittent
16_140_6197,16,1.0405405405405406,0.5572155579822773,erratic
16_140_6258,1,3.1296296296296298,0.6581352193550646,lumpy
16_140_6402,1,5.633333333333334,0.4051847487585221,intermittent
16_140_6568,30,1.1666666666666667,4.833728,erratic
16_140_6704,26,2.0,0.8198337950138503,lumpy
16_140_6719,0,10.625,0.9820415879017014,lumpy
16_140_6960,0,5.3125,0.37468315369525446,intermittent
16_140_7062,36,22.333333333333332,0.12500000000000006,intermittent
16_140_7074,35,5.625,0.16999999999999985,intermittent
16_140_7394,0,15.454545454545455,0.18558673469387757,intermittent
16_140_7640,26,1.5,0.6035834807333582,lumpy
16_140_7937,156,2.3333333333333335,0.1111111111111111,intermittent
16_140_7965,18,2.4918032786885247,2.1130349963893473,lumpy
16_140_8391,0,5.862068965517241,0.2763927362265314,intermittent
16_140_8395,20,1.2,0.5789699448082584,erratic
16_140_8428,48,30.5,0.0,intermittent
16_140_8532,156,7.0,0.0,intermittent
16_140_8722,0,11.333333333333334,0.37336504161712264,intermittent
16_140_8787,18,2.7142857142857144,2.4516545725117584,lumpy
16_140_8792,36,11.166666666666666,0.8775510204081632,lumpy
16_140_8833,50,13.333333333333334,0.5599999999999997,lumpy
16_140_9131,0,3.6956521739130435,0.6208205403639526,lumpy
16_140_9132,9,2.090909090909091,0.30514024454327787,intermittent
16_140_9190,0,2.2666666666666666,2.063187834622249,lumpy
16_140_9412,18,1.0410958904109588,0.7202834524164194,erratic
16_140_9902,19,2.013333333333333,0.6915636636041158,lumpy
16_140_9929,47,3.5142857142857142,0.3503086419753089,intermittent
16_140_10178,19,1.986842105263158,0.4106327160493829,intermittent
16_140_10393,0,3.5416666666666665,0.45653441653763427,intermittent
16_140_10817,30,1.9444444444444444,0.666359358724153,lumpy
16_140_11189,80,1.3043478260869565,0.6784379083929883,erratic
16_140_11775,25,1.0661764705882353,0.6637149700334434,erratic
16_140_11921,0,1.4912280701754386,2.6054109578340543,lumpy
16_140_12023,22,1.121212121212121,0.5125895947537376,erratic
16_140_12070,30,2.0588235294117645,0.560686962763257,lumpy
16_140_12320,0,3.207547169811321,0.28876943080595396,intermittent
16_140_12492,41,14.333333333333334,0.3049999999999999,intermittent
16_140_12997,110,6.0,0.20000000000000007,intermittent
16_140_13084,24,2.8627450980392157,4.293233669361131,lumpy
16_140_13391,18,1.1176470588235294,0.46843051353541293,smooth
16_140_13436,19,1.26890756302521,0.2059401808370347,smooth
16_140_13559,33,34.25,0.22448979591836735,intermittent
16_140_13601,46,10.333333333333334,0.3333333333333333,intermittent
16_140_13695,34,6.476190476190476,0.3287037037037038,intermittent
16_140_13993,76,3.357142857142857,1.1736228076952795,lumpy
16_140_13997,26,2.0,1.005983379501385,lumpy
16_140_14097,17,1.1007194244604317,0.5443850710708728,erratic
16_140_14296,148,3.6666666666666665,0.1999999999999999,intermittent
16_178_499,125,2.142857142857143,0.4847470238095237,intermittent
16_178_888,91,2.393939393939394,0.35999108932947205,intermittent
16_178_1030,124,1.84,0.7325707779100464,lumpy
16_178_1513,91,2.323529411764706,1.0193496371943025,lumpy
16_178_2247,95,2.8846153846153846,0.28959999999999997,intermittent
16_178_2316,125,1.8,0.35454411433803273,intermittent
16_178_3927,88,1.5471698113207548,0.5905077183702219,lumpy
16_178_4350,89,1.4727272727272727,0.42402445633132607,intermittent
16_178_4363,155,5.0,0.0,intermittent
16_178_4678,88,1.490909090909091,1.3856278967639324,lumpy
16_178_5864,88,1.1884057971014492,0.6240268295604264,erratic
16_178_7391,126,2.2,0.20722798923490968,intermittent
16_178_8956,88,3.1538461538461537,0.7122523305155534,lumpy
16_178_9933,100,1.4,0.8572853185595568,lumpy
16_178_10312,107,1.4318181818181819,0.386426592797784,intermittent
16_178_10706,125,1.8,0.7767865895500441,lumpy
16_178_10888,95,1.1538461538461537,0.6080185779659858,erratic
16_178_10898,137,8.25,0.3333333333333333,intermittent
16_178_11416,125,1.8,0.46252643120056414,intermittent
16_178_12845,92,1.2580645161290323,0.7769290820578045,erratic
16_178_13258,90,3.3333333333333335,0.18518518518518512,intermittent
16_192_1147,6,11.714285714285714,0.2967863894139888,intermittent
16_192_1764,7,4.075,0.42714681440443225,intermittent
16_192_1963,2,1.05,1.509333799000512,erratic
16_192_2005,81,44.5,0.1111111111111111,intermittent
16_192_3410,57,7.0625,1.1315702479338843,lumpy
16_192_4284,70,4.761904761904762,0.5365853658536586,lumpy
16_192_4602,11,79.5,0.0,intermittent
16_192_5069,0,1.223021582733813,0.4740010544004518,smooth
16_192_5163,0,1.9318181818181819,0.7691942073981693,lumpy
16_192_5383,71,24.75,0.8475635152019991,lumpy
16_192_5631,36,1.34,0.7535948992988734,lumpy
16_192_5688,35,19.285714285714285,0.8704187927809277,lumpy
16_192_6011,56,5.7,1.7142528343071815,lumpy
16_192_6161,26,6.857142857142857,0.18945312500000017,intermittent
16_192_6471,23,1.185483870967742,2.0567058713836652,erratic
16_192_6701,13,52.333333333333336,1.0702479338842976,lumpy
16_192_7035,88,1.1549295774647887,0.7095719381688467,erratic
16_192_7838,10,1.1764705882352942,0.8271465294433213,erratic
16_192_8020,3,8.789473684210526,1.160590277777778,lumpy
16_192_8249,0,4.722222222222222,1.0217292892711636,lumpy
16_192_8327,69,2.525,0.747004507758955,lumpy
16_192_8800,71,19.8,0.20123721752303997,intermittent
16_192_9233,8,14.727272727272727,0.5153061224489797,lumpy
16_192_9276,14,4.7272727272727275,0.8867737457862386,lumpy
16_192_9323,20,1.3761467889908257,0.47312213302752304,intermittent
16_192_10441,3,9.277777777777779,0.290858725761773,intermittent
16_192_10527,91,1.082191780821918,0.858296754158082,erratic
16_192_10639,12,15.8,0.5689981096408322,lumpy
16_192_12285,10,1.3559322033898304,0.6908653326122227,lumpy
16_192_12379,56,6.705882352941177,1.558750662956532,lumpy
16_192_12439,0,1.0493827160493827,1.2587155509564787,erratic
16_192_12696,30,10.76923076923077,0.402332361516035,intermittent
16_192_12702,56,14.25,1.0460223537146613,lumpy
16_192_12938,3,1.176056338028169,0.7130388669318671,erratic
16_192_13249,23,9.1875,1.0444444444444445,lumpy
16_192_13866,0,1.069182389937107,0.6314627945004058,erratic
16_192_13888,14,156.0,0.0,intermittent
16_192_13967,94,2.054054054054054,2.184155766944114,lumpy
16_196_499,136,1.0,0.26949565329591474,smooth
16_196_888,36,1.6341463414634145,0.6802551903114189,lumpy
16_196_1030,136,1.3076923076923077,0.30994897959183676,smooth
16_196_1513,36,2.0,0.5703125,lumpy
16_196_2247,36,1.7402597402597402,0.5436299563583747,lumpy
16_196_2316,136,1.0303030303030303,0.3317159763313611,smooth
16_196_2599,140,3.3333333333333335,0.12500000000000006,intermittent
16_196_3927,0,1.4285714285714286,0.43544072974929976,intermittent
16_196_4350,17,1.6630434782608696,0.8739190075744021,lumpy
16_196_4678,0,1.3934426229508197,0.45331658423626436,intermittent
16_196_4974,136,1.5454545454545454,0.17857142857142866,intermittent
16_196_5640,71,33.0,0.4549999999999999,intermittent
16_196_5721,137,1.8333333333333333,0.2781065088757396,intermittent
16_196_5864,0,1.25,0.4464971154056761,smooth
16_196_6106,138,6.4,0.0,intermittent
16_196_6818,149,10.5,0.1111111111111111,intermittent
16_196_8956,0,1.2408759124087592,0.43592360957365534,smooth
16_196_9716,20,2.1739130434782608,0.36420395421436,intermittent
16_196_9933,0,1.2592592592592593,0.5243511918021831,erratic
16_196_10312,0,1.2686567164179106,0.5285300912287768,erratic
16_196_10533,102,2.2666666666666666,0.28418549346016647,intermittent
16_196_10898,138,2.909090909090909,0.20312499999999994,intermittent
16_196_11416,136,1.096774193548387,0.4044559449146966,smooth
16_196_12370,136,4.857142857142857,0.0,intermittent
16_196_12553,140,7.5,0.0,intermittent
16_196_12845,3,1.2748091603053435,0.4858456130176102,smooth
16_196_13258,36,2.19672131147541,0.6040570999248684,lumpy
16_224_1207,104,8.25,0.12396694214876033,intermittent
16_224_2356,55,1.0952380952380953,0.29160013775398397,smooth
16_224_3360,61,15.571428571428571,0.4000000000000002,intermittent
16_224_6073,104,2.869565217391304,0.49862825788751675,intermittent
16_224_7921,56,1.008849557522124,0.4519417720833537,smooth
16_224_13717,140,2.5,0.5,lumpy
16_249_1382,94,4.0,0.6111999999999995,lumpy
16_249_1444,5,1.6176470588235294,1.5068824995558807,lumpy
16_249_1689,22,74.0,0.0,intermittent
16_249_2056,49,121.0,0.0,intermittent
16_249_2480,15,155.0,0.0,intermittent
16_249_2487,8,162.0,0.0,intermittent
16_249_3136,1,13.0,0.18181818181818182,intermittent
16_249_3605,17,1.3539823008849559,0.32770358547467004,intermittent
16_249_3692,8,162.0,0.0,intermittent
16_249_4482,13,26.166666666666668,0.0,intermittent
16_249_4952,61,1.4931506849315068,1.0390631046443726,lumpy
16_249_5043,90,2.6666666666666665,0.2925170068027212,intermittent
16_249_5950,20,150.0,0.0,intermittent
16_249_6350,10,26.666666666666668,0.0,intermittent
16_249_6722,21,149.0,0.0,intermittent
16_249_6766,9,80.5,0.0,intermittent
16_249_7094,19,4.575757575757576,0.5532407407407409,lumpy
16_249_8223,0,56.666666666666664,0.0,intermittent
16_249_8274,12,158.0,0.0,intermittent
16_249_8603,61,1.1720430107526882,0.568526115758254,erratic
16_249_9423,97,73.0,0.0,intermittent
16_249_10405,14,156.0,0.0,intermittent
16_249_11113,60,1.3414634146341464,1.1841645493751942,lumpy
16_249_11347,2,24.0,0.1183431952662722,intermittent
16_249_11569,3,16.7,0.20000000000000007,intermittent
16_249_12461,30,46.666666666666664,0.0,intermittent
16_249_12491,61,1.0792079207920793,0.5109921552341492,erratic
16_249_13353,0,56.666666666666664,0.0,intermittent
16_249_13550,122,5.333333333333333,0.12500000000000006,intermittent
16_249_13665,16,25.666666666666668,0.0,intermittent
16_252_5642,27,5.296296296296297,0.30783159800814847,intermittent
16_252_8490,27,1.311926605504587,1.242308884617769,erratic
16_252_8664,150,20.0,0.0,intermittent
16_259_1207,61,3.1142857142857143,0.5592560553633219,lumpy
16_259_1316,0,2.65625,0.6873048907388137,lumpy
16_259_1593,12,1.1879699248120301,0.9994168382168925,erratic
16_259_1717,0,3.4,0.23071358970833516,intermittent
16_259_2636,51,3.1315789473684212,1.0270303391047075,lumpy
16_259_3078,0,1.0828025477707006,0.18080590627437826,smooth
16_259_3487,62,3.176470588235294,0.11791383219954639,intermittent
16_259_4033,67,17.166666666666668,0.5937500000000002,lumpy
16_259_4395,61,9.909090909090908,1.360113421550095,lumpy
16_259_4580,55,2.2549019607843137,0.5586831275720165,lumpy
16_259_5545,0,1.0625,1.7027135037997667,erratic
16_259_5562,0,6.8,0.19693808621421463,intermittent
16_259_6073,2,1.0,0.22224483800431044,smooth
16_259_7976,60,1.0377358490566038,0.35239657547063596,smooth
16_259_8556,39,10.076923076923077,0.2839506172839508,intermittent
16_259_11006,148,2.75,0.5273120605732828,lumpy
16_259_11181,72,1.101123595505618,1.9121042076659418,erratic
16_259_11513,0,1.1643835616438356,1.9040753947787525,erratic
16_259_12931,122,1.0,0.4586193293885602,smooth
16_259_13717,0,1.0179640718562875,1.024038675098297,erratic
16_286_5642,17,30.6,0.0,intermittent
16_286_6821,0,2.361111111111111,1.8466361993835687,lumpy
16_286_8490,4,1.7659574468085106,0.8462243211058983,lumpy
16_287_4989,3,9.823529411764707,0.3843670280612245,intermittent
16_287_6135,56,1.0654205607476634,1.8279595603242471,erratic
16_287_13114,56,1.0754716981132075,2.079153185595568,erratic
16_289_1205,68,1.2911392405063291,1.976083235197708,erratic
16_289_1444,53,1.0353982300884956,0.7984808464432713,erratic
16_289_2941,54,1.5064935064935066,0.386426592797784,intermittent
16_289_4952,53,1.0,0.2646995459498379,smooth
16_289_5043,53,1.1142857142857143,1.4590499864727677,erratic
16_289_7094,54,1.183673469387755,0.8929422759243689,erratic
16_289_7339,54,1.380952380952381,1.0746749926715706,lumpy
16_289_8603,54,1.2083333333333333,1.6412426035502956,erratic
16_289_9046,54,1.0740740740740742,0.5285835514599546,erratic
16_289_11113,65,1.25,0.970628210504105,erratic
16_289_11347,53,1.0086206896551724,0.45050976011035015,smooth
16_289_12411,53,1.054054054054054,0.5274379779180415,erratic
16_289_12491,73,1.1149425287356323,0.48364609340742926,smooth
16_289_13550,68,1.2592592592592593,0.5772189904297244,erratic
16_305_61,10,2.711864406779661,0.5438760193111282,lumpy
16_305_244,2,16.8,0.20000000000000007,intermittent
16_305_579,18,152.0,0.0,intermittent
16_305_719,0,3.617021276595745,0.6446691810449027,lumpy
16_305_882,37,44.333333333333336,0.12500000000000006,intermittent
16_305_905,87,1.0246913580246915,0.26239139023971186,smooth
16_305_969,33,3.341463414634146,0.18795666414714016,intermittent
16_305_1061,62,10.8,0.07438016528925608,intermittent
16_305_1085,0,4.594594594594595,0.5792152870232596,lumpy
16_305_1205,80,1.1111111111111112,0.600366115389471,erratic
16_305_1444,0,1.0,0.46299965910804475,smooth
16_305_1568,42,128.0,0.0,intermittent
16_305_1637,1,21.125,0.0,intermittent
16_305_1661,17,1.224,0.908834595760636,erratic
16_305_1672,0,2.2972972972972974,0.39768996479569635,intermittent
16_305_1689,0,2.9310344827586206,0.7015306122448978,lumpy
16_305_1786,20,21.428571428571427,0.2857142857142858,intermittent
16_305_1806,36,33.5,0.12,intermittent
16_305_1838,17,1.8658536585365855,0.7162111602454009,lumpy
16_305_1861,34,17.0,0.3727810650887574,intermittent
16_305_2040,0,8.947368421052632,0.3366206443129519,intermittent
16_305_2056,0,1.6346153846153846,0.6727385415625848,lumpy
16_305_2112,8,32.4,0.39053254437869817,intermittent
16_305_2122,14,39.0,0.0,intermittent
16_305_2265,5,165.0,0.0,intermittent
16_305_2452,0,6.538461538461538,0.39210383991346676,intermittent
16_305_2547,11,79.5,0.0,intermittent
16_305_2567,0,3.4,1.0896773440567011,lumpy
16_305_2578,5,2.22972972972973,0.8082848688909292,lumpy
16_305_2626,0,2.151898734177215,0.4509964306960142,intermittent
16_305_2654,87,6.384615384615385,0.20370370370370372,intermittent
16_305_2794,0,1.25,0.5045648888589864,erratic
16_305_2916,8,5.225806451612903,0.43281297826752385,intermittent
16_305_2934,38,44.0,0.0,intermittent
16_305_2941,0,1.096774193548387,0.6503760582453668,erratic
16_305_2952,1,14.083333333333334,0.10204081632653039,intermittent
16_305_3006,0,2.328767123287671,0.4128436498566369,intermittent
16_305_3074,3,15.181818181818182,0.0,intermittent
16_305_3136,0,1.8478260869565217,0.36439800009008594,intermittent
16_305_3186,9,2.3676470588235294,1.0549450549450552,lumpy
16_305_3235,0,11.333333333333334,0.425,intermittent
16_305_3274,0,6.538461538461538,0.43842950624628213,intermittent
16_305_3380,19,37.75,0.0,intermittent
16_305_3383,52,10.727272727272727,0.0694444444444446,intermittent
16_305_3390,5,165.0,0.0,intermittent
16_305_3605,0,1.0,0.5573771890332441,erratic
16_305_3662,0,1.2318840579710144,0.3645333812412765,smooth
16_305_3719,28,1.2033898305084745,1.0976350718065007,erratic
16_305_3729,15,2.540983606557377,0.21999999999999978,intermittent
16_305_3845,0,1.5315315315315314,0.5191329144184139,lumpy
16_305_3859,3,83.5,0.0,intermittent
16_305_3922,27,1.1085271317829457,0.35812395069946346,smooth
16_305_3944,17,1.9367088607594938,0.5368857739184208,lumpy
16_305_4041,91,39.5,0.0,intermittent
16_305_4045,84,1.6226415094339623,0.5820594977267258,lumpy
16_305_4140,34,13.6,0.24999999999999983,intermittent
16_305_4690,6,9.647058823529411,0.47448979591836743,intermittent
16_305_4847,54,58.0,0.1111111111111111,intermittent
16_305_4952,47,1.0695652173913044,0.2982713623256901,smooth
16_305_5028,0,42.5,0.0,intermittent
16_305_5043,1,1.0696202531645569,0.6306958522524264,erratic
16_305_5134,9,3.22,0.4067248308989315,intermittent
16_305_5315,8,10.8,0.33270321361058586,intermittent
16_305_5396,17,1.9870129870129871,0.3302344837969065,intermittent
16_305_5480,0,5.151515151515151,0.6369751584427346,lumpy
16_305_5539,8,162.0,0.0,intermittent
16_305_5735,8,54.0,0.0,intermittent
16_305_5900,2,9.333333333333334,0.19092627599243878,intermittent
16_305_5925,0,1.5596330275229358,0.2694228191906029,intermittent
16_305_6119,27,1.1085271317829457,0.5277061433626754,erratic
16_305_6174,52,39.333333333333336,0.12500000000000006,intermittent
16_305_6350,10,2.711864406779661,0.38552512449071985,intermittent
16_305_6493,2,168.0,0.0,intermittent
16_305_6627,6,82.0,0.0,intermittent
16_305_6722,13,157.0,0.0,intermittent
16_305_6748,27,1.1349206349206349,0.28205513443730207,smooth
16_305_6789,59,55.5,0.0,intermittent
16_305_6830,7,163.0,0.0,intermittent
16_305_6934,38,44.0,0.0,intermittent
16_305_7028,0,8.947368421052632,0.23668639053254437,intermittent
16_305_7030,27,1.1626016260162602,0.32075545253504956,smooth
16_305_7045,56,12.666666666666666,0.12500000000000006,intermittent
16_305_7094,1,1.119205298013245,0.6113532369836897,erratic
16_305_7095,0,170.0,0.0,intermittent
16_305_7157,5,82.5,0.0,intermittent
16_305_7226,2,168.0,0.0,intermittent
16_305_7339,46,1.024793388429752,0.6212545616763132,erratic
16_305_7564,5,18.333333333333332,0.0,intermittent
16_305_7616,87,6.384615384615385,0.12847222222222207,intermittent
16_305_7627,18,1.9487179487179487,0.6723199999999997,lumpy
16_305_7849,0,1.0,1.1017361845366644,erratic
16_305_7860,2,8.0,0.17360285374554102,intermittent
16_305_7896,1,1.6407766990291262,0.7816813238347027,lumpy
16_305_8075,87,6.916666666666667,0.10204081632653039,intermittent
16_305_8519,0,1.2878787878787878,0.4318211030329533,smooth
16_305_8603,0,1.0365853658536586,1.13502545761936,erratic
16_305_8630,69,1.030612244897959,0.3487816267986996,smooth
16_305_8774,58,56.0,0.0,intermittent
16_305_8839,2,7.304347826086956,0.2777777777777777,intermittent
16_305_8938,8,23.142857142857142,0.12345679012345664,intermittent
16_305_9046,31,1.0145985401459854,0.6033328730800122,erratic
16_305_9056,27,1.8333333333333333,0.327491353043648,intermittent
16_305_9265,7,18.11111111111111,0.2248520710059171,intermittent
16_305_9282,2,56.0,0.0,intermittent
16_305_9423,29,2.877551020408163,0.3781249999999999,intermittent
16_305_9455,33,22.833333333333332,0.43801652892561993,intermittent
16_305_9878,20,18.75,0.08641975308641975,intermittent
16_305_9987,17,51.0,0.0,intermittent
16_305_10121,69,16.833333333333332,0.0,intermittent
16_305_10238,29,2.877551020408163,0.38637392485287464,intermittent
16_305_10367,56,57.0,0.1111111111111111,intermittent
16_305_10405,10,2.2222222222222223,0.5735026863422791,lumpy
16_305_10566,0,5.862068965517241,0.49611686390532544,intermittent
16_305_10696,17,2.1549295774647885,0.4276884631403584,intermittent
16_305_10863,0,1.8681318681318682,0.883811008372598,lumpy
16_305_11113,62,1.0093457943925233,0.41390151363091443,smooth
16_305_11138,9,2.267605633802817,0.4522429925677198,intermittent
16_305_11179,2,28.0,0.0,intermittent
16_305_11246,0,1.0059171597633136,0.48513639028611516,smooth
16_305_11296,6,3.9047619047619047,2.675362083654509,lumpy
16_305_11483,0,170.0,0.0,intermittent
16_305_11484,20,150.0,0.0,intermittent
16_305_11516,0,1.4782608695652173,0.615911425145899,lumpy
16_305_11569,0,1.8279569892473118,0.484317755339112,intermittent
16_305_11597,33,1.1048387096774193,0.4626387492046222,smooth
16_305_11648,2,56.0,0.0,intermittent
16_305_11718,34,9.714285714285714,0.11418685121107276,intermittent
16_305_11727,36,134.0,0.0,intermittent
16_305_11728,0,1.619047619047619,0.444499555665778,intermittent
16_305_11821,11,2.694915254237288,0.9748212246860168,lumpy
16_305_11847,34,17.0,0.2781065088757396,intermittent
16_305_11874,8,3.5217391304347827,0.43408949011446424,intermittent
16_305_11876,0,1.8888888888888888,0.33496116563887074,intermittent
16_305_11993,2,84.0,0.0,intermittent
16_305_12000,0,4.857142857142857,0.9813148788927337,lumpy
16_305_12071,1,21.125,0.256198347107438,intermittent
16_305_12262,3,55.666666666666664,0.0,intermittent
16_305_12374,58,2.4347826086956523,0.6897959183673469,lumpy
16_305_12385,8,13.5,0.2266666666666667,intermittent
16_305_12410,0,8.947368421052632,0.2877526753864446,intermittent
16_305_12411,0,1.0493827160493827,0.5775117953225027,erratic
16_305_12459,0,1.5178571428571428,0.5845672601538549,lumpy
16_305_12461,13,1.869047619047619,0.5096617269492367,lumpy
16_305_12534,9,2.596774193548387,0.859660114339416,lumpy
16_305_12552,55,57.5,0.1111111111111111,intermittent
16_305_12566,0,2.125,0.6888888888888888,lumpy
16_305_12574,2,6.0,0.61474435196195,lumpy
16_305_12711,56,16.285714285714285,0.0,intermittent
16_305_12716,8,18.0,0.36734693877550995,intermittent
16_305_12820,56,16.285714285714285,0.09375000000000011,intermittent
16_305_12892,3,15.181818181818182,0.12444444444444452,intermittent
16_305_13257,2,11.2,0.20370370370370378,intermittent
16_305_13283,8,3.4468085106382977,0.3898375676801333,intermittent
16_305_13290,27,1.1085271317829457,0.7153442434728888,erratic
16_305_13353,0,2.8333333333333335,0.6604914933837426,lumpy
16_305_13403,5,165.0,0.0,intermittent
16_305_13550,30,1.044776119402985,1.0104779339954373,erratic
16_305_13665,0,2.125,0.3283127703893607,intermittent
16_305_13689,28,1.126984126984127,0.24862434576961234,smooth
16_305_13751,88,6.3076923076923075,0.28925619834710753,intermittent
16_305_13908,8,162.0,0.0,intermittent
16_305_13999,58,112.0,0.0,intermittent
16_305_14002,87,5.928571428571429,0.4012855831037648,intermittent
16_305_14096,0,2.236842105263158,0.5384083044982699,lumpy
16_305_14182,18,1.9,0.71997225851196,lumpy
16_305_14264,8,10.8,0.21928166351606793,intermittent
16_329_301,0,2.3943661971830985,1.8496381918188622,lumpy
16_329_1591,130,40.0,0.0,intermittent
16_329_2191,125,1.0975609756097562,5.280910326086955,erratic
16_329_2197,125,1.1538461538461537,4.100092592592594,erratic
16_329_2374,0,2.9310344827586206,0.6346373415059192,lumpy
16_329_3021,0,9.444444444444445,0.7244444444444446,lumpy
16_329_4487,14,17.333333333333332,0.3100189035916826,intermittent
16_329_6719,0,15.454545454545455,0.3933333333333334,intermittent
16_329_8506,125,1.3636363636363635,3.1426010254939225,lumpy
16_329_9190,0,7.391304347826087,3.7996079877350617,lumpy
16_329_11921,0,6.071428571428571,1.5843927648578813,lumpy
16_329_12320,0,6.071428571428571,0.3154761904761904,intermittent
16_334_349,66,1.368421052631579,2.213836340121441,lumpy
16_334_377,146,1.0,0.12117055326931875,smooth
16_334_1098,66,1.3333333333333333,2.23904421971049,lumpy
16_334_3675,21,1.128787878787879,0.3327586912552051,smooth
16_334_4380,66,1.368421052631579,1.6588893433073346,lumpy
16_334_8224,146,1.0,0.4449704142011833,smooth
16_335_2539,51,5.95,0.5885896195499518,lumpy
17_146_11,32,46.0,0.0,intermittent
17_146_74,83,4.833333333333333,0.30775510204081646,intermittent
17_146_83,37,12.090909090909092,0.12244897959183675,intermittent
17_146_93,129,41.0,0.0,intermittent
17_146_97,102,68.0,0.0,intermittent
17_146_127,27,2.3833333333333333,0.7637095863600436,lumpy
17_146_174,58,1.696969696969697,0.19328824141519235,intermittent
17_146_196,54,4.142857142857143,0.5772889417360284,lumpy
17_146_210,52,118.0,0.0,intermittent
17_146_247,149,21.0,0.0,intermittent
17_146_268,40,4.642857142857143,1.6433507601706632,lumpy
17_146_281,120,16.666666666666668,0.0,intermittent
17_146_334,35,45.0,0.0,intermittent
17_146_347,39,16.375,0.28,intermittent
17_146_457,31,139.0,0.0,intermittent
17_146_474,42,9.846153846153847,0.21333333333333362,intermittent
17_146_504,87,16.6,0.0,intermittent
17_146_522,26,48.0,0.07999999999999986,intermittent
17_146_550,55,11.5,0.07438016528925608,intermittent
17_146_570,28,17.75,0.0,intermittent
17_146_580,28,2.0285714285714285,0.5189952729373926,lumpy
17_146_592,106,64.0,0.0,intermittent
17_146_653,154,16.0,0.0,intermittent
17_146_666,96,7.4,0.24999999999999983,intermittent
17_146_712,140,15.0,0.0,intermittent
17_146_715,56,114.0,0.0,intermittent
17_146_724,73,2.4871794871794872,0.16900510204081626,intermittent
17_146_749,55,28.75,0.0,intermittent
17_146_805,121,24.5,0.0,intermittent
17_146_824,72,19.6,0.0,intermittent
17_146_842,46,124.0,0.0,intermittent
17_146_892,31,69.5,0.1111111111111111,intermittent
17_146_932,41,129.0,0.0,intermittent
17_146_956,52,59.0,0.0,intermittent
17_146_958,52,9.076923076923077,0.06122448979591849,intermittent
17_146_981,88,6.833333333333333,0.10204081632653039,intermittent
17_146_994,28,2.6296296296296298,0.40702479338842945,intermittent
17_146_997,25,1.9078947368421053,1.248525191326531,lumpy
17_146_1012,95,9.375,0.2781065088757396,intermittent
17_146_1017,118,17.333333333333332,0.0,intermittent
17_146_1019,94,38.0,0.0,intermittent
17_146_1049,103,16.75,0.0,intermittent
17_146_1089,27,47.666666666666664,0.0,intermittent
17_146_1185,84,86.0,0.0,intermittent
17_146_1214,28,17.75,0.3877551020408163,intermittent
17_146_1250,47,24.6,0.11111111111111122,intermittent
17_146_1271,121,5.444444444444445,0.5937500000000002,lumpy
17_146_1273,79,2.3333333333333335,0.47001249479383606,intermittent
17_146_1288,32,34.5,0.12,intermittent
17_146_1320,140,30.0,0.0,intermittent
17_146_1327,30,8.235294117647058,0.10499999999999983,intermittent
17_146_1334,96,4.352941176470588,0.548888888888889,lumpy
17_146_1348,88,82.0,0.0,intermittent
17_146_1370,95,37.5,0.0,intermittent
17_146_1387,98,12.0,0.1111111111111111,intermittent
17_146_1472,97,36.5,0.1111111111111111,intermittent
17_146_1499,26,13.090909090909092,0.10650887573964475,intermittent
17_146_1540,141,29.0,0.0,intermittent
17_146_1559,110,4.615384615384615,0.9265927977839337,lumpy
17_146_1602,32,3.6315789473684212,1.7703893606793784,lumpy
17_146_1603,53,3.1621621621621623,0.2506377551020408,intermittent
17_146_1611,94,76.0,0.0,intermittent
17_146_1622,25,2.5892857142857144,0.29427573233001914,intermittent
17_146_1626,47,10.25,0.2299168975069254,intermittent
17_146_1656,97,73.0,0.0,intermittent
17_146_1765,26,18.0,0.4444444444444444,intermittent
17_146_1772,26,72.0,0.0,intermittent
17_146_1796,27,1.7023809523809523,0.6444068751761061,lumpy
17_146_1803,57,113.0,0.0,intermittent
17_146_1816,157,6.5,0.0,intermittent
17_146_1837,42,3.764705882352941,0.5718450645564348,lumpy
17_146_1914,32,11.5,0.21874999999999997,intermittent
17_146_1946,84,43.0,0.0,intermittent
17_146_1960,83,87.0,0.0,intermittent
17_146_1962,111,3.6875,0.2781065088757396,intermittent
17_146_1975,156,14.0,0.0,intermittent
17_146_1984,34,136.0,0.0,intermittent
17_146_1993,25,1.5263157894736843,0.3403269471053726,intermittent
17_146_2025,26,48.0,0.0,intermittent
17_146_2041,58,112.0,0.0,intermittent
17_146_2075,57,1.3614457831325302,0.8123445612505514,lumpy
17_146_2100,48,122.0,0.0,intermittent
17_146_2136,26,18.0,0.0,intermittent
17_146_2154,113,57.0,0.0,intermittent
17_146_2188,97,3.4761904761904763,0.3542857142857141,intermittent
17_146_2225,50,60.0,0.0,intermittent
17_146_2246,151,19.0,0.0,intermittent
17_146_2260,118,52.0,0.0,intermittent
17_146_2271,145,25.0,0.0,intermittent
17_146_2322,47,123.0,0.0,intermittent
17_146_2323,61,4.739130434782608,0.17346938775510187,intermittent
17_146_2360,137,1.375,0.2184179456906728,intermittent
17_146_2364,60,13.75,0.14285714285714285,intermittent
17_146_2406,25,4.393939393939394,0.09695290858725747,intermittent
17_146_2410,134,36.0,0.0,intermittent
17_146_2456,60,22.0,0.0,intermittent
17_146_2494,80,45.0,0.0,intermittent
17_146_2525,46,124.0,0.0,intermittent
17_146_2526,25,2.7884615384615383,2.9008264462809916,lumpy
17_146_2537,55,4.2592592592592595,0.8213427335362921,lumpy
17_146_2551,148,22.0,0.0,intermittent
17_146_2596,59,1.6323529411764706,0.5336512603535443,lumpy
17_146_2643,29,10.071428571428571,0.12465373961218834,intermittent
17_146_2669,108,3.875,0.7461728395061729,lumpy
17_146_2732,29,141.0,0.0,intermittent
17_146_2756,118,13.0,0.12,intermittent
17_146_2757,30,5.384615384615385,0.453877551020408,intermittent
17_146_2778,121,49.0,0.0,intermittent
17_146_2785,138,32.0,0.0,intermittent
17_146_2797,96,74.0,0.0,intermittent
17_146_2805,27,1.8333333333333333,0.9133657763693981,lumpy
17_146_2837,26,7.578947368421052,1.0657880752471036,lumpy
17_146_2843,55,57.5,0.0,intermittent
17_146_2900,77,8.454545454545455,0.12244897959183675,intermittent
17_146_2939,49,12.1,0.07438016528925608,intermittent
17_146_2971,27,143.0,0.0,intermittent
17_146_2985,47,3.0,0.5945121951219512,lumpy
17_146_2990,151,19.0,0.0,intermittent
17_146_2995,26,4.114285714285714,0.5715820312500001,lumpy
17_146_3004,47,6.473684210526316,0.11342155009451793,intermittent
17_146_3055,147,2.875,0.55765595463138,lumpy
17_146_3079,146,24.0,0.0,intermittent
17_146_3084,129,41.0,0.0,intermittent
17_146_3090,41,18.428571428571427,0.0,intermittent
17_146_3097,80,5.0,0.04709141274238228,intermittent
17_146_3117,57,1.765625,0.40166204986149584,intermittent
17_146_3128,52,1.3258426966292134,0.40749108204518436,smooth
17_146_3180,133,7.4,0.0,intermittent
17_146_3190,26,48.0,0.0,intermittent
17_146_3239,140,3.3333333333333335,0.1183431952662723,intermittent
17_146_3278,73,48.5,0.0,intermittent
17_146_3282,44,12.6,0.6306999437042599,lumpy
17_146_3308,26,5.76,0.3124999999999997,intermittent
17_146_3363,34,68.0,0.0,intermittent
17_146_3474,76,13.428571428571429,0.0,intermittent
17_146_3478,27,143.0,0.0,intermittent
17_146_3569,133,18.5,0.1111111111111111,intermittent
17_146_3581,91,19.75,0.12,intermittent
17_146_3598,29,23.5,0.3079584775086504,intermittent
17_146_3625,39,131.0,0.0,intermittent
17_146_3633,116,3.0,0.2248520710059171,intermittent
17_146_3671,142,1.0,0.42628501077254566,smooth
17_146_3717,36,8.933333333333334,0.054687499999999965,intermittent
17_146_3737,94,15.2,0.0,intermittent
17_146_3764,109,12.2,0.5082644628099171,lumpy
17_146_3771,37,6.65,0.22448979591836735,intermittent
17_146_3812,27,2.9183673469387754,0.6306940597106804,lumpy
17_146_3813,64,106.0,0.0,intermittent
17_146_3827,89,40.5,0.0,intermittent
17_146_3861,137,8.25,0.0,intermittent
17_146_3889,31,5.346153846153846,0.06122448979591849,intermittent
17_146_3891,132,7.6,0.697209496043315,lumpy
17_146_3904,39,9.357142857142858,0.2967863894139888,intermittent
17_146_3916,54,116.0,0.0,intermittent
17_146_3943,53,2.659090909090909,0.8229810551638881,lumpy
17_146_3966,82,2.046511627906977,1.3740516070620192,lumpy
17_146_3982,152,18.0,0.0,intermittent
17_146_4015,25,145.0,0.0,intermittent
17_146_4047,63,107.0,0.0,intermittent
17_146_4052,128,14.0,0.0,intermittent
17_146_4062,28,1.8205128205128205,0.502551323128041,lumpy
17_146_4118,65,52.5,0.0,intermittent
17_146_4120,32,138.0,0.0,intermittent
17_146_4123,123,9.4,0.11111111111111122,intermittent
17_146_4128,104,7.333333333333333,0.26562500000000006,intermittent
17_146_4144,46,62.0,0.0,intermittent
17_146_4158,133,37.0,0.0,intermittent
17_146_4182,29,28.2,0.4197530864197529,intermittent
17_146_4195,86,42.0,0.0,intermittent
17_146_4220,42,64.0,0.0,intermittent
17_146_4275,27,143.0,0.0,intermittent
17_146_4278,54,58.0,0.0,intermittent
17_146_4298,128,21.0,0.0,intermittent
17_146_4312,39,65.5,0.0,intermittent
17_146_4320,52,118.0,0.0,intermittent
17_146_4359,26,2.7169811320754715,0.33287608596250545,intermittent
17_146_4381,33,10.538461538461538,0.06122448979591849,intermittent
17_146_4387,133,37.0,0.0,intermittent
17_146_4417,48,5.304347826086956,0.4228316326530611,intermittent
17_146_4418,76,18.8,0.0,intermittent
17_146_4450,28,3.8378378378378377,0.6551479289940827,lumpy
17_146_4479,114,56.0,0.0,intermittent
17_146_4522,113,57.0,0.0,intermittent
17_146_4538,144,26.0,0.0,intermittent
17_146_4586,25,145.0,0.0,intermittent
17_146_4604,67,51.5,0.0,intermittent
17_146_4662,54,58.0,0.0,intermittent
17_146_4663,56,5.7,0.5192507804370445,lumpy
17_146_4711,155,1.3636363636363635,0.11358024691358021,intermittent
17_146_4745,103,2.576923076923077,0.2595155709342559,intermittent
17_146_4793,58,7.466666666666667,0.23966942148760345,intermittent
17_146_4813,64,35.333333333333336,0.12500000000000006,intermittent
17_146_4816,74,96.0,0.0,intermittent
17_146_4827,122,48.0,0.0,intermittent
17_146_4878,64,15.142857142857142,0.12345679012345664,intermittent
17_146_4914,39,2.5686274509803924,1.0460975546909221,lumpy
17_146_4922,49,24.2,0.11111111111111122,intermittent
17_146_4930,33,27.4,0.0,intermittent
17_146_4935,151,6.333333333333333,0.031250000000000014,intermittent
17_146_4961,117,26.5,0.0,intermittent
17_146_4967,53,13.0,0.11570247933884288,intermittent
17_146_4986,89,81.0,0.0,intermittent
17_146_4994,144,13.0,0.0,intermittent
17_146_5007,132,38.0,0.0,intermittent
17_146_5056,56,57.0,0.0,intermittent
17_146_5060,41,4.448275862068965,0.16358024691358022,intermittent
17_146_5157,30,7.777777777777778,0.1715976331360948,intermittent
17_146_5165,49,10.083333333333334,0.21874999999999997,intermittent
17_146_5167,73,9.7,0.0,intermittent
17_146_5168,44,42.0,0.12500000000000006,intermittent
17_146_5184,34,4.857142857142857,0.7978596908442329,lumpy
17_146_5195,77,93.0,0.0,intermittent
17_146_5221,114,56.0,0.0,intermittent
17_146_5270,40,18.571428571428573,0.0,intermittent
17_146_5282,46,41.333333333333336,0.0,intermittent
17_146_5285,26,9.0,0.12,intermittent
17_146_5289,26,36.0,0.12,intermittent
17_146_5338,38,5.739130434782608,0.11479591836734683,intermittent
17_146_5379,52,23.6,0.446280991735537,intermittent
17_146_5413,41,43.0,0.0,intermittent
17_146_5426,29,70.5,0.0,intermittent
17_146_5433,79,91.0,0.0,intermittent
17_146_5449,79,91.0,0.0,intermittent
17_146_5462,71,5.5,0.19092627599243878,intermittent
17_146_5504,155,1.3636363636363635,0.39805300162249857,intermittent
17_146_5548,94,4.470588235294118,0.3222222222222222,intermittent
17_146_5585,34,136.0,0.0,intermittent
17_146_5587,57,37.666666666666664,0.0,intermittent
17_146_5630,27,5.107142857142857,0.6352,lumpy
17_146_5667,134,36.0,0.0,intermittent
17_146_5687,68,9.272727272727273,0.0694444444444446,intermittent
17_146_5724,39,5.695652173913044,0.5322988699612075,lumpy
17_146_5726,27,2.0140845070422535,0.8489160046702227,lumpy
17_146_5748,110,30.0,0.1111111111111111,intermittent
17_146_5806,42,64.0,0.0,intermittent
17_146_5807,136,34.0,0.0,intermittent
17_146_5809,44,5.25,0.2592592592592593,intermittent
17_146_5814,45,62.5,0.1111111111111111,intermittent
17_146_5834,29,47.0,0.0,intermittent
17_146_5841,77,93.0,0.0,intermittent
17_146_5892,55,28.75,0.0,intermittent
17_146_5943,139,15.5,0.0,intermittent
17_146_6072,56,1.9,0.40496514997259,intermittent
17_146_6074,58,22.4,0.0,intermittent
17_146_6076,29,28.2,0.0,intermittent
17_146_6081,141,4.833333333333333,0.10204081632653039,intermittent
17_146_6094,31,6.318181818181818,0.0694444444444446,intermittent
17_146_6114,52,13.11111111111111,0.11570247933884288,intermittent
17_146_6118,25,2.9,0.7431972789115648,lumpy
17_146_6121,76,15.666666666666666,0.0,intermittent
17_146_6152,118,52.0,0.0,intermittent
17_146_6156,143,27.0,0.0,intermittent
17_146_6243,99,3.9444444444444446,0.10204081632653039,intermittent
17_146_6307,31,139.0,0.0,intermittent
17_146_6336,26,2.1176470588235294,0.32870462209878964,intermittent
17_146_6337,86,42.0,0.25,intermittent
17_146_6374,135,35.0,0.0,intermittent
17_146_6393,59,4.111111111111111,0.3162500000000002,intermittent
17_146_6395,29,3.1333333333333333,0.20000000000000004,intermittent
17_146_6410,60,110.0,0.0,intermittent
17_146_6441,64,13.25,0.6568047337278107,lumpy
17_146_6483,29,3.357142857142857,0.9238095238095237,lumpy
17_146_6521,40,18.571428571428573,0.0,intermittent
17_146_6536,48,30.5,0.0,intermittent
17_146_6600,37,4.290322580645161,2.432167520605926,lumpy
17_146_6620,119,51.0,0.0,intermittent
17_146_6626,28,7.1,0.3555291319857313,intermittent
17_146_6653,132,38.0,0.0,intermittent
17_146_6687,28,3.641025641025641,0.1826923076923078,intermittent
17_146_6720,46,20.666666666666668,0.0,intermittent
17_146_6761,59,27.75,0.0,intermittent
17_146_6763,83,43.5,0.0,intermittent
17_146_6791,42,8.533333333333333,0.054687499999999965,intermittent
17_146_6817,61,7.266666666666667,0.2719999999999998,intermittent
17_146_6855,119,7.285714285714286,0.0,intermittent
17_146_6856,151,19.0,0.0,intermittent
17_146_6891,31,4.633333333333334,0.7085798816568047,lumpy
17_146_6900,114,28.0,0.0,intermittent
17_146_6910,80,90.0,0.0,intermittent
17_146_6913,71,49.5,0.0,intermittent
17_146_6918,26,1.7777777777777777,0.5106500000000003,lumpy
17_146_6959,68,6.0,0.19501133786848066,intermittent
17_146_6973,47,123.0,0.0,intermittent
17_146_6982,133,1.15625,0.16097823165815642,smooth
17_146_7002,89,8.1,0.7787031528851874,lumpy
17_146_7018,93,15.4,0.0,intermittent
17_146_7041,87,4.368421052631579,0.04500000000000018,intermittent
17_146_7046,153,1.5454545454545454,0.543905325443787,lumpy
17_146_7059,32,34.5,0.15702479338842976,intermittent
17_146_7066,73,32.333333333333336,0.0,intermittent
17_146_7093,156,14.0,0.0,intermittent
17_146_7142,25,2.3015873015873014,0.4142249527410209,intermittent
17_146_7177,157,2.1666666666666665,0.10204081632653039,intermittent
17_146_7192,32,138.0,0.0,intermittent
17_146_7212,46,17.714285714285715,0.0,intermittent
17_146_7214,95,75.0,0.0,intermittent
17_146_7236,59,11.1,0.12426035502958563,intermittent
17_146_7286,144,8.666666666666666,0.0,intermittent
17_146_7300,108,15.5,0.0,intermittent
17_146_7317,51,13.222222222222221,0.07999999999999981,intermittent
17_146_7338,29,17.625,0.6128,lumpy
17_146_7410,60,1.3095238095238095,0.8279628027681663,erratic
17_146_7427,74,3.310344827586207,0.5581007913369427,lumpy
17_146_7539,51,119.0,0.0,intermittent
17_146_7556,26,3.789473684210526,0.1852551984877127,intermittent
17_146_7568,26,1.565217391304348,0.8963142505386276,lumpy
17_146_7585,29,8.8125,0.18518518518518517,intermittent
17_146_7593,110,30.0,0.0,intermittent
17_146_7657,74,8.0,0.44,intermittent
17_146_7680,53,19.5,0.0,intermittent
17_146_7710,33,1.4123711340206186,0.43987633340840704,intermittent
17_146_7732,45,41.666666666666664,0.0,intermittent
17_146_7735,45,125.0,0.0,intermittent
17_146_7761,36,33.5,0.0,intermittent
17_146_7776,26,36.0,0.0,intermittent
17_146_7812,131,1.5,0.9288575548790259,lumpy
17_146_7830,96,24.666666666666668,0.0,intermittent
17_146_7845,48,30.5,0.2892561983471074,intermittent
17_146_7891,44,14.0,0.11570247933884288,intermittent
17_146_7946,34,22.666666666666668,0.0,intermittent
17_146_7963,32,2.15625,0.38173766097546763,intermittent
17_146_7998,74,10.666666666666666,0.11570247933884288,intermittent
17_146_8172,26,1.6551724137931034,0.5747168656259568,lumpy
17_146_8185,35,19.285714285714285,0.36111111111111127,intermittent
17_146_8205,85,14.166666666666666,0.3125,intermittent
17_146_8269,82,88.0,0.0,intermittent
17_146_8272,28,2.0,0.7508299456021619,lumpy
17_146_8326,144,26.0,0.0,intermittent
17_146_8335,49,3.025,0.2577264176296696,intermittent
17_146_8371,62,4.5,0.4235171696149843,intermittent
17_146_8397,31,46.333333333333336,0.12500000000000006,intermittent
17_146_8514,140,30.0,0.0,intermittent
17_146_8554,116,18.0,0.031250000000000014,intermittent
17_146_8571,119,12.75,0.12,intermittent
17_146_8573,27,10.214285714285714,0.23809523809523803,intermittent
17_146_8583,71,7.615384615384615,0.18836565096952926,intermittent
17_146_8593,32,4.181818181818182,0.6271000730460191,lumpy
17_146_8648,131,13.0,0.0,intermittent
17_146_8653,37,22.166666666666668,0.0,intermittent
17_146_8691,29,2.660377358490566,0.7422145328719724,lumpy
17_146_8701,35,45.0,0.0,intermittent
17_146_8745,58,22.4,0.0,intermittent
17_146_8748,28,4.057142857142857,0.7633928571428568,lumpy
17_146_8807,156,14.0,0.0,intermittent
17_146_8841,77,1.9787234042553192,0.48421052631578926,intermittent
17_146_8865,50,40.0,0.0,intermittent
17_146_8875,26,3.891891891891892,0.21852877808556484,intermittent
17_146_8887,140,6.0,0.12244897959183697,intermittent
17_146_8905,29,2.660377358490566,0.5232986138303702,lumpy
17_146_8909,75,95.0,0.0,intermittent
17_146_8948,112,29.0,0.0,intermittent
17_146_9012,92,15.6,0.0,intermittent
17_146_9182,44,25.2,0.11111111111111122,intermittent
17_146_9187,139,15.5,0.0,intermittent
17_146_9213,54,116.0,0.0,intermittent
17_146_9220,52,14.75,0.0,intermittent
17_146_9221,31,34.75,0.0,intermittent
17_146_9238,56,14.25,0.0,intermittent
17_146_9256,29,141.0,0.0,intermittent
17_146_9285,32,69.0,0.0,intermittent
17_146_9345,58,56.0,0.05325443786982249,intermittent
17_146_9358,131,39.0,0.0,intermittent
17_146_9384,143,1.2857142857142858,0.34562029330162486,smooth
17_146_9388,85,12.142857142857142,0.5706371191135732,lumpy
17_146_9396,130,40.0,0.0,intermittent
17_146_9422,40,1.5662650602409638,0.5265299479166669,lumpy
17_146_9445,145,25.0,0.0,intermittent
17_146_9519,41,7.166666666666667,0.31250000000000017,intermittent
17_146_9551,25,20.714285714285715,0.2142857142857142,intermittent
17_146_9566,27,2.508771929824561,0.6169410831184284,lumpy
17_146_9609,46,3.1794871794871793,0.32468955441928415,intermittent
17_146_9625,73,3.129032258064516,0.5481656804733729,lumpy
17_146_9634,33,1.2685185185185186,0.5235250761095978,erratic
17_146_9645,63,53.5,0.0,intermittent
17_146_9667,25,12.083333333333334,0.23966942148760353,intermittent
17_146_9740,46,17.714285714285715,0.0,intermittent
17_146_9748,83,14.5,0.0,intermittent
17_146_9749,140,30.0,0.0,intermittent
17_146_9759,29,47.0,0.0,intermittent
17_146_9766,38,5.5,0.42301654389566473,intermittent
17_146_9772,56,5.428571428571429,0.36703601108033235,intermittent
17_146_9776,33,68.5,0.0,intermittent
17_146_9784,65,8.076923076923077,0.18836565096952926,intermittent
17_146_9843,42,16.0,0.12,intermittent
17_146_9881,70,12.5,0.6568047337278107,lumpy
17_146_9896,112,4.461538461538462,0.365,intermittent
17_146_9904,77,5.470588235294118,0.35763888888888873,intermittent
17_146_9918,86,8.4,0.11111111111111122,intermittent
17_146_9939,38,132.0,0.0,intermittent
17_146_9941,58,3.8620689655172415,0.23931623931623913,intermittent
17_146_9956,66,6.933333333333334,0.20498614958448763,intermittent
17_146_10002,44,4.064516129032258,0.3949999999999998,intermittent
17_146_10006,57,37.666666666666664,0.0,intermittent
17_146_10010,156,3.5,0.0,intermittent
17_146_10016,68,9.272727272727273,0.2366863905325442,intermittent
17_146_10035,118,13.0,0.22448979591836735,intermittent
17_146_10045,85,85.0,0.0,intermittent
17_146_10053,157,1.3,0.33808056116484236,smooth
17_146_10101,77,93.0,0.0,intermittent
17_146_10116,149,21.0,0.0,intermittent
17_146_10117,26,5.538461538461538,0.2653810835629018,intermittent
17_146_10142,57,1.8524590163934427,0.47497991087734687,intermittent
17_146_10145,28,28.4,0.0,intermittent
17_146_10150,35,13.5,0.07438016528925608,intermittent
17_146_10162,44,63.0,0.0,intermittent
17_146_10220,144,26.0,0.0,intermittent
17_146_10301,51,6.2631578947368425,0.18750000000000003,intermittent
17_146_10306,89,40.5,0.0,intermittent
17_146_10316,83,29.0,0.5,lumpy
17_146_10326,95,18.75,0.0,intermittent
17_146_10377,56,4.222222222222222,0.5593132154006243,lumpy
17_146_10398,112,6.444444444444445,0.0,intermittent
17_146_10403,66,17.333333333333332,0.0,intermittent
17_146_10407,48,40.666666666666664,0.0,intermittent
17_146_10472,65,105.0,0.0,intermittent
17_146_10473,28,35.5,0.0,intermittent
17_146_10562,57,10.272727272727273,0.10650887573964475,intermittent
17_146_10598,140,30.0,0.0,intermittent
17_146_10600,58,112.0,0.0,intermittent
17_146_10614,34,136.0,0.0,intermittent
17_146_10629,32,3.1363636363636362,0.5915625000000002,lumpy
17_146_10633,37,133.0,0.0,intermittent
17_146_10661,157,4.333333333333333,0.0,intermittent
17_146_10680,25,6.041666666666667,1.357353497164461,lumpy
17_146_10788,38,2.5384615384615383,1.160161381122162,lumpy
17_146_10796,54,116.0,0.0,intermittent
17_146_10830,114,1.696969696969697,0.4441752379177393,intermittent
17_146_10881,64,106.0,0.0,intermittent
17_146_10980,105,65.0,0.0,intermittent
17_146_10981,31,46.333333333333336,0.0,intermittent
17_146_11023,139,7.75,0.0,intermittent
17_146_11046,44,5.25,0.28719723183391,intermittent
17_146_11048,26,5.76,0.13168724279835387,intermittent
17_146_11059,137,2.5384615384615383,0.6588541666666665,lumpy
17_146_11060,137,33.0,0.0,intermittent
17_146_11103,112,14.5,0.0,intermittent
17_146_11193,52,19.666666666666668,0.0,intermittent
17_146_11254,29,47.0,0.0,intermittent
17_146_11274,105,6.5,1.6543209876543208,lumpy
17_146_11285,38,132.0,0.0,intermittent
17_146_11358,82,17.6,0.0,intermittent
17_146_11378,116,54.0,0.0,intermittent
17_146_11401,151,19.0,0.0,intermittent
17_146_11402,34,3.675675675675676,0.39777777777777773,intermittent
17_146_11406,28,7.888888888888889,1.07421875,lumpy
17_146_11436,97,2.3548387096774195,1.072978851404507,lumpy
17_146_11455,49,11.0,0.22222222222222246,intermittent
17_146_11515,122,48.0,0.0,intermittent
17_146_11520,114,28.0,0.0,intermittent
17_146_11554,91,79.0,0.0,intermittent
17_146_11557,30,3.3333333333333335,1.1107229239451761,lumpy
17_146_11634,87,41.5,0.0,intermittent
17_146_11636,62,108.0,0.0,intermittent
17_146_11673,42,128.0,0.0,intermittent
17_146_11692,63,8.916666666666666,0.0,intermittent
17_146_11704,28,15.777777777777779,0.2500000000000001,intermittent
17_146_11713,58,1.2307692307692308,0.331974647659756,smooth
17_146_11724,31,8.6875,0.2,intermittent
17_146_11744,71,49.5,0.0,intermittent
17_146_11746,138,1.8823529411764706,0.6961451247165533,lumpy
17_146_11759,31,5.56,2.506416416982305,lumpy
17_146_11769,61,2.7948717948717947,0.37973333333333326,intermittent
17_146_11794,66,52.0,0.0,intermittent
17_146_11825,38,8.8,0.0,intermittent
17_146_11922,70,33.333333333333336,0.12500000000000006,intermittent
17_146_11924,157,6.5,0.1111111111111111,intermittent
17_146_11939,25,24.166666666666668,0.0,intermittent
17_146_11971,91,26.333333333333332,0.1632653061224487,intermittent
17_146_11997,39,5.695652173913044,0.6331360946745564,lumpy
17_146_11999,62,27.0,0.3333333333333333,intermittent
17_146_12007,31,15.444444444444445,0.11570247933884288,intermittent
17_146_12010,26,144.0,0.0,intermittent
17_146_12069,81,22.25,0.12,intermittent
17_146_12079,91,13.166666666666666,0.10204081632653039,intermittent
17_146_12080,63,5.095238095238095,0.32720000000000005,intermittent
17_146_12113,70,33.333333333333336,0.0,intermittent
17_146_12115,104,13.2,0.11111111111111122,intermittent
17_146_12160,65,52.5,0.0,intermittent
17_146_12175,59,15.857142857142858,0.06944444444444453,intermittent
17_146_12240,153,17.0,0.0,intermittent
17_146_12256,101,69.0,0.0,intermittent
17_146_12257,35,135.0,0.0,intermittent
17_146_12340,80,1.2162162162162162,0.7411169248657702,erratic
17_146_12354,49,11.0,0.16161616161616166,intermittent
17_146_12381,27,14.3,0.11111111111111122,intermittent
17_146_12396,29,4.862068965517241,0.7271970012494793,lumpy
17_146_12407,60,6.875,0.08641975308641975,intermittent
17_146_12434,39,43.666666666666664,0.0,intermittent
17_146_12442,52,59.0,0.0,intermittent
17_146_12502,56,114.0,0.0,intermittent
17_146_12557,26,6.857142857142857,0.11834319526627207,intermittent
17_146_12599,28,47.333333333333336,0.0,intermittent
17_146_12607,25,12.083333333333334,0.40740740740740733,intermittent
17_146_12613,150,1.6666666666666667,0.3030990173847316,intermittent
17_146_12617,130,40.0,0.0,intermittent
17_146_12655,85,85.0,0.0,intermittent
17_146_12661,46,24.8,0.09374999999999972,intermittent
17_146_12664,34,2.893617021276596,0.24713839750260153,intermittent
17_146_12744,157,6.5,0.0,intermittent
17_146_12749,70,16.666666666666668,0.0,intermittent
17_146_12753,133,2.176470588235294,0.6487068965517242,lumpy
17_146_12762,29,35.25,0.0,intermittent
17_146_12776,132,38.0,0.0,intermittent
17_146_12805,75,95.0,0.0,intermittent
17_146_12815,56,7.125,0.4583333333333333,intermittent
17_146_12827,109,2.1785714285714284,0.9335404267673102,lumpy
17_146_12868,66,10.4,0.19092627599243872,intermittent
17_146_12887,92,26.0,0.04081632653061209,intermittent
17_146_12910,77,1.5245901639344261,0.7776602698276303,lumpy
17_146_12916,30,4.242424242424242,0.2604166666666666,intermittent
17_146_12928,25,1.3181818181818181,0.4123636363636365,smooth
17_146_12972,29,141.0,0.0,intermittent
17_146_13006,29,2.5636363636363635,0.41204948897256566,intermittent
17_146_13008,97,73.0,0.0,intermittent
17_146_13011,29,5.875,1.401753104455807,lumpy
17_146_13052,157,13.0,0.0,intermittent
17_146_13057,121,49.0,0.0,intermittent
17_146_13060,157,13.0,0.0,intermittent
17_146_13061,90,11.428571428571429,0.09375000000000011,intermittent
17_146_13087,82,17.6,0.32653061224489816,intermittent
17_146_13095,78,92.0,0.0,intermittent
17_146_13122,79,30.333333333333332,0.0,intermittent
17_146_13201,66,52.0,0.0,intermittent
17_146_13212,129,41.0,0.0,intermittent
17_146_13214,111,4.916666666666667,0.6363636363636366,lumpy
17_146_13305,125,45.0,0.0,intermittent
17_146_13362,32,46.0,0.0,intermittent
17_146_13374,29,11.75,0.31250000000000017,intermittent
17_146_13389,147,23.0,0.0,intermittent
17_146_13453,43,42.333333333333336,0.0,intermittent
17_146_13464,76,7.833333333333333,0.0,intermittent
17_146_13468,44,7.0,0.40625000000000017,intermittent
17_146_13498,47,123.0,0.0,intermittent
17_146_13527,126,22.0,0.0,intermittent
17_146_13545,55,1.4743589743589745,0.5668044077134988,lumpy
17_146_13548,85,21.25,0.12,intermittent
17_146_13568,29,8.294117647058824,0.18999999999999984,intermittent
17_146_13587,26,12.0,0.6875000000000001,lumpy
17_146_13588,54,58.0,0.0,intermittent
17_146_13592,134,4.0,0.1183431952662723,intermittent
17_146_13595,28,2.6296296296296298,0.6901314323902873,lumpy
17_146_13620,44,12.6,0.0,intermittent
17_146_13634,117,53.0,0.0,intermittent
17_146_13650,32,15.333333333333334,0.3199999999999998,intermittent
17_146_13659,41,6.7894736842105265,0.18750000000000003,intermittent
17_146_13710,145,3.5714285714285716,0.12345679012345664,intermittent
17_146_13745,97,73.0,0.0,intermittent
17_146_13776,88,5.857142857142857,0.4155124653739611,intermittent
17_146_13778,82,7.333333333333333,0.6331360946745566,lumpy
17_146_13817,30,1.8421052631578947,0.3739669421487602,intermittent
17_146_13854,49,5.041666666666667,0.2666666666666667,intermittent
17_146_13862,25,3.2954545454545454,0.3705945176219294,intermittent
17_146_13890,42,2.909090909090909,1.019693206720234,lumpy
17_146_13896,97,1.5869565217391304,0.45201610055787034,intermittent
17_146_13916,25,2.6363636363636362,0.7700319009194969,lumpy
17_146_13921,145,12.5,0.04,intermittent
17_146_13926,93,38.5,0.0,intermittent
17_146_13953,50,120.0,0.0,intermittent
17_146_13961,46,17.714285714285715,0.0,intermittent
17_146_13974,134,36.0,0.0,intermittent
17_146_14030,54,1.2083333333333333,0.7193970100706825,erratic
17_146_14055,55,3.9655172413793105,0.0561914672216443,intermittent
17_146_14066,37,133.0,0.0,intermittent
17_146_14105,34,136.0,0.0,intermittent
17_146_14120,87,83.0,0.0,intermittent
17_146_14122,121,49.0,0.0,intermittent
17_146_14176,106,64.0,0.0,intermittent
17_146_14184,143,13.5,0.0,intermittent
17_146_14199,27,3.4047619047619047,0.40512117055326924,intermittent
17_146_14220,36,33.5,0.0,intermittent
17_146_14250,135,35.0,0.0,intermittent
17_146_14284,124,1.9166666666666667,0.962794324647604,lumpy
17_146_14318,117,53.0,0.0,intermittent
18_51_65,39,1.2476190476190476,1.8034002697769769,erratic
18_51_249,44,1.105263157894737,1.5493485671001135,erratic
18_51_364,93,1.2419354838709677,0.819501671429558,erratic
18_51_467,152,1.2857142857142858,0.5344000000000001,erratic
18_51_628,68,11.333333333333334,0.9342560553633217,lumpy
18_51_734,18,1.2666666666666666,1.125427064158561,erratic
18_51_1378,45,41.666666666666664,0.5,lumpy
18_51_2262,4,13.833333333333334,0.21874999999999997,intermittent
18_51_2339,63,8.916666666666666,1.1557396449704138,lumpy
18_51_2478,140,1.0,0.23109039434928078,smooth
18_51_2954,39,5.24,0.6591999999999999,lumpy
18_51_3176,84,1.131578947368421,0.9579865239793901,erratic
18_51_3193,39,1.7945205479452055,1.5824700802161356,lumpy
18_51_3269,151,1.1875,0.8127572016460906,erratic
18_51_3443,17,1.0,0.6973123845216413,erratic
18_51_3525,81,29.666666666666668,0.21875,intermittent
18_51_3566,65,4.2,0.7187500000000001,lumpy
18_51_4404,149,1.0,1.086875,erratic
18_51_4502,75,1.2179487179487178,0.6682270144628097,erratic
18_51_4514,76,10.444444444444445,0.07280000000000016,intermittent
18_51_4517,66,5.2,0.6851756198347105,lumpy
18_51_4682,17,2.3181818181818183,0.39590000000000014,intermittent
18_51_4849,25,1.0583941605839415,0.5011165186404147,erratic
18_51_4928,0,1.0493827160493827,0.4631054669442999,smooth
18_51_5268,17,1.0268456375838926,0.6573785275829082,erratic
18_51_5708,81,1.0470588235294118,0.7666246443603998,erratic
18_51_5803,78,7.666666666666667,0.8335999999999996,lumpy
18_51_5875,72,3.6296296296296298,1.100704009794919,lumpy
18_51_6349,134,1.0909090909090908,0.8785141702137959,erratic
18_51_6380,44,2.3333333333333335,1.4204626908563995,lumpy
18_51_6452,19,2.9038461538461537,0.7456054687499998,lumpy
18_51_6815,8,1.528301886792453,0.7663655327472991,lumpy
18_51_7114,83,1.1756756756756757,0.9691809051009522,erratic
18_51_7485,39,1.1196581196581197,1.184371014030612,erratic
18_51_8104,81,17.8,0.4669421487603303,intermittent
18_51_8105,12,22.571428571428573,0.09375000000000011,intermittent
18_51_8203,17,1.2857142857142858,0.6328973239456979,erratic
18_51_8452,1,4.023809523809524,2.0793650793650795,lumpy
18_51_8535,15,1.3716814159292035,1.6739899401002634,lumpy
18_51_8818,36,3.6216216216216215,0.3961007859889647,intermittent
18_51_8895,40,1.7567567567567568,1.327746529013884,lumpy
18_51_9340,55,4.6,1.040187376725838,lumpy
18_51_9837,39,1.3232323232323233,2.948336346547575,erratic
18_51_9976,141,29.0,0.0,intermittent
18_51_10125,0,1.8279569892473118,0.8633879781420764,lumpy
18_51_10224,134,1.0588235294117647,0.7089367189049789,erratic
18_51_10586,70,1.5384615384615385,0.7230762512009786,lumpy
18_51_10782,64,7.571428571428571,0.29719338715878524,intermittent
18_51_10918,17,1.4711538461538463,2.3662571824250187,lumpy
18_51_10950,30,5.0,0.9682840236686386,lumpy
18_51_11199,68,1.728813559322034,1.125526909126556,lumpy
18_51_11263,94,1.1014492753623188,0.9991716331076013,erratic
18_51_11331,13,3.738095238095238,0.5811984851860099,lumpy
18_51_11463,153,1.8888888888888888,0.4761904761904761,intermittent
18_51_11616,3,20.875,0.2222222222222222,intermittent
18_51_11757,6,1.5045871559633028,0.485752178157638,intermittent
18_51_11817,81,1.679245283018868,0.6553542455381284,lumpy
18_51_12840,39,1.4395604395604396,1.2923086315178984,lumpy
18_51_12859,72,24.5,0.30666666666666664,intermittent
18_51_12905,68,12.75,0.8116109188773548,lumpy
18_51_13451,73,4.409090909090909,0.5861728395061728,lumpy
18_51_13565,36,5.36,1.087442472057857,lumpy
18_51_13906,17,1.1333333333333333,0.42066359439358547,smooth
18_51_13987,20,75.0,0.0,intermittent
18_51_14044,41,2.5294117647058822,1.1555714413367886,lumpy
18_51_14170,74,7.384615384615385,0.5165739533680304,lumpy
18_51_14172,17,1.2857142857142858,0.4839736845796687,smooth
18_51_14268,150,1.1764705882352942,1.2633136094674557,erratic
18_65_38,126,1.2941176470588236,1.2924707297885145,erratic
18_65_65,37,1.705128205128205,2.35261678200692,lumpy
18_65_104,88,3.037037037037037,1.953125,lumpy
18_65_155,138,1.032258064516129,1.1080788505503485,erratic
18_65_164,134,2.1176470588235294,0.3522727272727271,intermittent
18_65_249,38,1.2815533980582525,0.5784254807692307,erratic
18_65_346,126,2.4444444444444446,0.18080000000000002,intermittent
18_65_364,64,1.2325581395348837,1.5431583886144746,erratic
18_65_378,23,3.2666666666666666,1.4302662241367132,lumpy
18_65_531,108,6.2,0.0,intermittent
18_65_541,117,7.571428571428571,0.7142857142857142,lumpy
18_65_551,1,1.2518518518518518,0.5669816081735505,erratic
18_65_628,49,1.2736842105263158,0.864353993472249,erratic
18_65_680,2,1.68,0.6210340885665562,lumpy
18_65_777,117,13.25,0.22448979591836735,intermittent
18_65_823,0,1.0897435897435896,1.2448255614643808,erratic
18_65_841,61,6.8125,0.5308641975308642,lumpy
18_65_857,117,26.5,0.0,intermittent
18_65_1092,117,17.666666666666668,0.12500000000000006,intermittent
18_65_1160,117,26.5,0.0,intermittent
18_65_1208,134,1.3846153846153846,1.190517959738608,lumpy
18_65_1261,127,1.162162162162162,0.7094913580246914,erratic
18_65_1264,21,149.0,0.0,intermittent
18_65_1280,136,5.666666666666667,2.4696926170640614,lumpy
18_65_1318,73,2.0638297872340425,0.4980812906257341,intermittent
18_65_1324,117,8.833333333333334,0.5,lumpy
18_65_1326,1,3.4489795918367347,0.2469135802469133,intermittent
18_65_1350,117,26.5,0.5102040816326531,lumpy
18_65_1378,103,3.35,1.716836734693878,lumpy
18_65_1479,152,2.25,0.3125,intermittent
18_65_1520,152,1.8,0.11111111111111122,intermittent
18_65_1565,54,7.733333333333333,4.280037904780578,lumpy
18_65_1641,18,1.1428571428571428,0.9806794356016398,erratic
18_65_1685,117,8.833333333333334,0.29166666666666674,intermittent
18_65_1707,67,3.433333333333333,0.2922748309006764,intermittent
18_65_1711,112,58.0,0.0,intermittent
18_65_1780,136,34.0,0.0,intermittent
18_65_1802,8,3.056603773584906,1.07057311009095,lumpy
18_65_1870,1,3.5208333333333335,1.3869440000000004,lumpy
18_65_1887,54,8.285714285714286,3.8531873915447825,lumpy
18_65_1966,0,6.538461538461538,2.9088689666213083,lumpy
18_65_2003,107,4.846153846153846,0.09777777777777796,intermittent
18_65_2142,33,6.523809523809524,0.3733650416171225,intermittent
18_65_2176,37,66.5,0.0,intermittent
18_65_2185,104,7.333333333333333,0.40625000000000017,intermittent
18_65_2253,68,102.0,0.0,intermittent
18_65_2339,92,5.571428571428571,0.1899999999999999,intermittent
18_65_2340,81,2.225,2.339336406092609,lumpy
18_65_2393,144,1.1304347826086956,1.384283754654125,erratic
18_65_2478,60,1.2941176470588236,3.5647592972304087,erratic
18_65_2518,155,7.5,0.1111111111111111,intermittent
18_65_2670,117,7.571428571428571,1.361094586555622,lumpy
18_65_2686,0,1.2686567164179106,0.4623015873015873,smooth
18_65_2735,21,3.1702127659574466,0.17468422467078748,intermittent
18_65_2745,0,7.083333333333333,0.10204081632653039,intermittent
18_65_2795,144,2.1666666666666665,0.3478885377765009,intermittent
18_65_2929,157,3.25,0.3333333333333333,intermittent
18_65_2954,22,3.2888888888888888,0.7718604703398395,lumpy
18_65_3110,28,3.55,1.3452722570588442,lumpy
18_65_3192,87,13.833333333333334,0.0,intermittent
18_65_3193,10,1.095890410958904,3.231053620998944,erratic
18_65_3220,72,98.0,0.0,intermittent
18_65_3356,32,5.75,1.3419156292346854,lumpy
18_65_3432,145,1.1904761904761905,1.0446797520661157,erratic
18_65_3443,0,1.0,0.5071817772243087,erratic
18_65_3465,14,6.782608695652174,0.30897890133741884,intermittent
18_65_3492,24,73.0,0.1111111111111111,intermittent
18_65_3524,0,7.391304347826087,0.7210884353741499,lumpy
18_65_3525,49,2.42,0.8794480269972267,lumpy
18_65_3591,111,1.6388888888888888,0.1479591836734693,intermittent
18_65_3773,20,21.428571428571427,0.12345679012345664,intermittent
18_65_3858,131,4.875,3.670630202140309,lumpy
18_65_3867,42,5.818181818181818,0.2956573468173708,intermittent
18_65_3872,117,1.4324324324324325,6.107094633694688,lumpy
18_65_3876,79,5.055555555555555,0.18080000000000002,intermittent
18_65_4006,73,24.25,0.0,intermittent
18_65_4019,80,15.0,0.5457063711911359,lumpy
18_65_4086,37,13.3,0.11111111111111122,intermittent
18_65_4097,14,6.0,0.49021003915984357,intermittent
18_65_4108,28,3.8378378378378377,0.10059491617090331,intermittent
18_65_4111,66,1.1818181818181819,1.7941259708814188,erratic
18_65_4148,104,3.6666666666666665,12.735206611570248,lumpy
18_65_4156,154,1.7777777777777777,0.4378698224852071,intermittent
18_65_4168,62,2.297872340425532,1.1029829545454544,lumpy
18_65_4186,155,1.5,0.42857142857142866,intermittent
18_65_4211,18,1.9487179487179487,3.883774999999999,lumpy
18_65_4332,111,5.9,0.0,intermittent
18_65_4333,105,8.125,0.08641975308641975,intermittent
18_65_4347,142,1.5555555555555556,0.6452136289886428,lumpy
18_65_4393,124,15.333333333333334,0.12500000000000006,intermittent
18_65_4407,35,7.5,0.04709141274238228,intermittent
18_65_4502,8,1.1408450704225352,11.354079135873206,erratic
18_65_4514,72,19.6,0.27218934911242587,intermittent
18_65_4543,133,2.3125,4.1298038161784465,lumpy
18_65_4682,0,1.328125,0.8987329906731866,erratic
18_65_4684,75,4.75,0.23456790123456775,intermittent
18_65_4686,145,2.272727272727273,0.2560553633217994,intermittent
18_65_4849,0,1.1564625850340136,0.7553449717078188,erratic
18_65_4899,131,1.625,0.43801652892561993,intermittent
18_65_4901,149,1.2352941176470589,0.6938775510204082,erratic
18_65_4928,0,1.069182389937107,0.6261362474429407,erratic
18_65_4932,118,52.0,0.0,intermittent
18_65_4946,4,2.515151515151515,0.4507843953908097,intermittent
18_65_4978,20,150.0,0.0,intermittent
18_65_4996,14,12.0,0.21874999999999992,intermittent
18_65_5066,101,5.3076923076923075,0.39669421487603307,intermittent
18_65_5124,8,3.176470588235294,3.1560159478305776,lumpy
18_65_5180,83,43.5,0.1111111111111111,intermittent
18_65_5183,40,3.4210526315789473,3.5835861365405797,lumpy
18_65_5245,123,47.0,0.0,intermittent
18_65_5268,0,1.0,0.40547334555089637,smooth
18_65_5273,155,3.75,0.12,intermittent
18_65_5283,21,1.505050505050505,1.6069091639916009,lumpy
18_65_5316,1,4.333333333333333,0.29932851239669417,intermittent
18_65_5329,122,1.5,2.5221889309740515,lumpy
18_65_5343,141,1.2083333333333333,0.6880165289256198,erratic
18_65_5455,0,1.8085106382978724,0.9807994203598599,lumpy
18_65_5508,0,7.7272727272727275,3.388329127447549,lumpy
18_65_5584,38,2.0952380952380953,1.2847442281575372,lumpy
18_65_5595,104,1.0,1.0367105294467578,erratic
18_65_5707,0,3.0357142857142856,0.5232,lumpy
18_65_5745,47,20.5,0.1860207100591717,intermittent
18_65_5765,87,13.833333333333334,0.0,intermittent
18_65_5769,82,5.176470588235294,5.694165241169197,lumpy
18_65_5803,67,9.363636363636363,1.501453287197232,lumpy
18_65_5875,38,2.693877551020408,2.1044717675620643,lumpy
18_65_5884,0,7.083333333333333,1.2554607594390816,lumpy
18_65_5893,11,1.606060606060606,10.85827180089363,lumpy
18_65_5894,70,1.6666666666666667,4.067669981187853,lumpy
18_65_6028,5,16.5,0.20000000000000007,intermittent
18_65_6047,117,17.666666666666668,0.07999999999999986,intermittent
18_65_6060,8,6.230769230769231,0.21748178980228933,intermittent
18_65_6096,66,1.0196078431372548,1.913289381136891,erratic
18_65_6210,34,6.181818181818182,1.7869888619108183,lumpy
18_65_6225,62,21.6,0.11111111111111122,intermittent
18_65_6349,113,1.0363636363636364,0.7671792790418959,erratic
18_65_6380,37,11.083333333333334,0.9352082591669632,lumpy
18_65_6454,0,1.3709677419354838,0.30236686390532547,intermittent
18_65_6486,113,1.163265306122449,0.6183450137601503,erratic
18_65_6592,117,10.6,0.7346938775510206,lumpy
18_65_6678,111,1.0535714285714286,2.7173179924618136,erratic
18_65_6692,3,41.75,0.1111111111111111,intermittent
18_65_6762,3,1.31496062992126,0.39432125473228746,smooth
18_65_6815,0,1.0119047619047619,0.8857846697139278,erratic
18_65_6920,16,19.25,0.766901027582477,lumpy
18_65_7015,81,6.357142857142857,0.11418685121107276,intermittent
18_65_7114,0,1.1643835616438356,13.53931567384662,erratic
18_65_7147,28,5.916666666666667,4.869218008564485,lumpy
18_65_7160,149,1.4,0.65945556156481,lumpy
18_65_7215,74,2.5945945945945947,0.5146874999999997,lumpy
18_65_7255,109,5.083333333333333,0.22448979591836715,intermittent
18_65_7378,87,1.1690140845070423,2.4009194310529214,erratic
18_65_7403,21,4.966666666666667,1.340344387025419,lumpy
18_65_7485,37,1.3854166666666667,2.814198392893935,lumpy
18_65_7508,5,6.346153846153846,0.35042735042735035,intermittent
18_65_7605,37,133.0,0.0,intermittent
18_65_7622,117,17.666666666666668,0.0,intermittent
18_65_7856,30,46.666666666666664,0.0,intermittent
18_65_7892,41,8.0625,1.2845600302992046,lumpy
18_65_7898,102,2.5185185185185186,0.589306797099005,lumpy
18_65_7905,68,2.6153846153846154,2.321561027765712,lumpy
18_65_7954,0,1.7346938775510203,0.37817965496728145,intermittent
18_65_7997,54,14.5,0.9171597633136095,lumpy
18_65_8060,0,1.0119047619047619,0.36134235904835427,smooth
18_65_8104,103,1.763157894736842,12.096729643797593,lumpy
18_65_8203,0,1.0429447852760736,0.37684083537559604,smooth
18_65_8282,79,2.2195121951219514,0.9036295072844704,lumpy
18_65_8329,132,2.923076923076923,0.20861678004535134,intermittent
18_65_8441,108,1.3191489361702127,16.615912661973272,erratic
18_65_8443,70,1.3888888888888888,0.8904481665912178,lumpy
18_65_8452,0,1.8888888888888888,0.8621114188981226,lumpy
18_65_8505,117,17.666666666666668,0.12500000000000006,intermittent
18_65_8635,5,4.583333333333333,0.15555555555555556,intermittent
18_65_8685,1,1.707070707070707,1.0067904028972383,lumpy
18_65_8786,27,6.5,0.0694444444444446,intermittent
18_65_8823,8,9.529411764705882,0.18903591682419632,intermittent
18_65_8852,69,1.0,2.2691983484326976,erratic
18_65_8878,107,4.5,0.0,intermittent
18_65_8977,16,38.5,0.0,intermittent
18_65_8990,118,52.0,0.0,intermittent
18_65_9200,113,1.1176470588235294,0.5786650183527544,erratic
18_65_9202,50,1.7391304347826086,0.27095134544998933,intermittent
18_65_9260,133,37.0,0.0,intermittent
18_65_9310,129,41.0,0.0,intermittent
18_65_9452,66,2.311111111111111,0.3088759617188966,intermittent
18_65_9476,124,1.3142857142857143,22.520400883302194,erratic
18_65_9510,54,11.6,1.5106250849036467,lumpy
18_65_9545,36,11.166666666666666,0.06508875739644986,intermittent
18_65_9701,0,1.1564625850340136,0.6596722335921514,erratic
18_65_9725,5,11.0,0.23966942148760345,intermittent
18_65_9837,0,1.4782608695652173,1.5894025084641425,lumpy
18_65_9976,139,1.0,1.044391396604938,erratic
18_65_10017,37,66.5,0.25,intermittent
18_65_10125,0,1.103896103896104,2.185107017121832,erratic
18_65_10168,81,3.1785714285714284,0.5447530864197527,lumpy
18_65_10170,144,1.3,0.4910453977509367,smooth
18_65_10252,3,18.555555555555557,0.12500000000000006,intermittent
18_65_10320,1,56.333333333333336,0.0,intermittent
18_65_10385,117,17.666666666666668,0.0,intermittent
18_65_10401,117,26.5,0.5625,lumpy
18_65_10435,137,16.5,0.0,intermittent
18_65_10510,58,1.696969696969697,0.6396982310093652,lumpy
18_65_10554,0,2.0481927710843375,2.2551509549602073,lumpy
18_65_10558,42,128.0,0.0,intermittent
18_65_10586,29,1.4536082474226804,1.8411643562200608,lumpy
18_65_10628,152,18.0,0.0,intermittent
18_65_10671,101,1.38,0.28600823045267476,intermittent
18_65_10678,71,2.75,2.9115878231756467,lumpy
18_65_10761,118,1.4054054054054055,1.2344856309870886,lumpy
18_65_10782,15,7.380952380952381,2.8260007927070943,lumpy
18_65_10918,16,1.0769230769230769,1.4452330182959743,erratic
18_65_11066,2,1.5,0.4110541818271822,intermittent
18_65_11089,112,2.6363636363636362,0.2711111111111113,intermittent
18_65_11159,0,1.2686567164179106,0.8875075293034878,erratic
18_65_11199,39,2.519230769230769,1.7661432098765437,lumpy
18_65_11208,108,1.9375,1.2827127191915866,lumpy
18_65_11263,64,1.1521739130434783,4.235906098691422,erratic
18_65_11264,15,3.604651162790698,0.1648301193755739,intermittent
18_65_11284,137,4.714285714285714,2.8520710059171592,lumpy
18_65_11331,20,2.3076923076923075,0.7986727625030078,lumpy
18_65_11387,122,2.0869565217391304,0.6919052016004927,lumpy
18_65_11428,104,9.428571428571429,0.3305785123966942,intermittent
18_65_11445,140,1.1538461538461537,1.8893412825359897,erratic
18_65_11454,1,8.45,0.6558941212680823,lumpy
18_65_11580,117,8.833333333333334,0.8941398865784496,lumpy
18_65_11610,9,2.4029850746268657,0.7601420990307444,lumpy
18_65_11616,0,4.473684210526316,1.4143813775510206,lumpy
18_65_11694,74,19.2,0.0,intermittent
18_65_11752,116,3.6,0.3894139886578448,intermittent
18_65_11784,52,2.2264150943396226,1.3412422839506177,lumpy
18_65_11787,131,4.333333333333333,0.1938775510204081,intermittent
18_65_11817,78,1.3333333333333333,9.943962742796561,lumpy
18_65_11828,156,1.75,0.4669187145557656,intermittent
18_65_11944,104,1.9411764705882353,1.1093877551020415,lumpy
18_65_11960,0,56.666666666666664,0.0,intermittent
18_65_12020,101,69.0,0.0,intermittent
18_65_12038,117,26.5,0.04,intermittent
18_65_12055,0,2.537313432835821,3.285259235944835,lumpy
18_65_12132,68,2.04,1.4160952361800963,lumpy
18_65_12186,36,44.666666666666664,0.6530612244897956,lumpy
18_65_12223,3,3.4791666666666665,0.15226337448559665,intermittent
18_65_12334,117,10.6,0.527777777777778,lumpy
18_65_12420,8,27.0,0.0,intermittent
18_65_12504,37,133.0,0.0,intermittent
18_65_12547,141,4.833333333333333,0.5937500000000002,lumpy
18_65_12558,76,2.088888888888889,0.9548695815349972,lumpy
18_65_12577,8,2.076923076923077,0.21576316047446312,intermittent
18_65_12598,109,61.0,0.0,intermittent
18_65_12705,63,11.88888888888889,2.05191995673337,lumpy
18_65_12768,107,3.0,0.30952380952380953,intermittent
18_65_12840,0,1.297709923664122,4.502954072532699,erratic
18_65_12859,73,32.333333333333336,0.463667820069204,intermittent
18_65_12880,73,5.105263157894737,0.8833282318130803,lumpy
18_65_12980,83,12.428571428571429,0.5399999999999999,lumpy
18_65_13068,20,2.727272727272727,5.769073142644246,lumpy
18_65_13115,111,1.0727272727272728,0.8995616257069303,erratic
18_65_13227,118,52.0,0.0,intermittent
18_65_13240,0,7.083333333333333,0.18518518518518512,intermittent
18_65_13335,14,39.0,0.1111111111111111,intermittent
18_65_13341,113,1.0754716981132075,0.8625902367420675,erratic
18_65_13344,107,1.2115384615384615,0.4013387705333622,smooth
18_65_13405,23,18.375,0.256198347107438,intermittent
18_65_13414,56,4.071428571428571,0.9623140495867769,lumpy
18_65_13451,54,4.833333333333333,1.4016608996539792,lumpy
18_65_13457,0,3.4,0.16904058048911585,intermittent
18_65_13475,5,4.583333333333333,0.18750000000000008,intermittent
18_65_13565,2,2.896551724137931,1.3178524689584723,lumpy
18_65_13577,110,3.0,0.23048668503213976,intermittent
18_65_13673,69,16.833333333333332,0.10204081632653039,intermittent
18_65_13783,72,1.75,0.38666666666666666,intermittent
18_65_13810,8,3.6,0.9594530321046373,lumpy
18_65_13847,0,5.151515151515151,0.272108843537415,intermittent
18_65_13860,142,5.6,0.0,intermittent
18_65_13906,0,1.0365853658536586,0.6587719008264464,erratic
18_65_13948,0,1.7,0.515787999719947,lumpy
18_65_13987,18,1.7674418604651163,1.1280941864188303,lumpy
18_65_13988,118,3.7142857142857144,0.7635603878453489,lumpy
18_65_13990,0,85.0,0.0,intermittent
18_65_14044,34,1.0074074074074073,2.258092576272198,erratic
18_65_14081,141,14.5,0.1111111111111111,intermittent
18_65_14123,14,1.5294117647058822,2.2260536862003777,lumpy
18_65_14269,37,133.0,0.0,intermittent
18_65_14301,42,4.923076923076923,2.2417678399860255,lumpy
18_72_862,105,1.1016949152542372,1.183311741096378,erratic
18_72_1952,127,1.3870967741935485,1.5589091953632463,lumpy
18_72_2298,150,2.0,0.28511327328716607,intermittent
18_72_3250,148,1.0,1.804090285571767,erratic
18_72_8290,110,1.5384615384615385,1.0839030915576697,lumpy
18_72_8555,150,1.1764705882352942,0.2668016234117195,smooth
18_72_8657,148,1.0476190476190477,1.2183890244928879,erratic
18_72_9247,148,1.1578947368421053,0.8694436333415694,erratic
18_72_9588,149,1.1666666666666667,0.36503661307970714,smooth
18_72_9786,124,1.7037037037037037,0.6237524664703024,lumpy
18_72_10762,105,1.0,1.272874153781526,erratic
18_72_11286,154,1.0666666666666667,0.8693578565641761,erratic
18_72_11388,127,1.7916666666666667,0.5880272108843537,lumpy
18_72_11981,127,1.3870967741935485,1.085829368512111,lumpy
18_72_13394,150,2.0,0.546938775510204,lumpy
18_72_13456,150,1.3333333333333333,0.12816608996539797,intermittent
18_94_53,48,7.176470588235294,0.11791383219954639,intermittent
18_94_65,44,6.3,0.12244897959183697,intermittent
18_94_104,103,67.0,0.0,intermittent
18_94_249,66,3.8518518518518516,0.3872363439697134,intermittent
18_94_364,74,24.0,0.0,intermittent
18_94_551,68,17.0,0.5,lumpy
18_94_628,73,97.0,0.0,intermittent
18_94_823,69,16.833333333333332,0.0,intermittent
18_94_1641,36,2.2333333333333334,0.33769322235434013,intermittent
18_94_1990,37,16.625,0.08641975308641975,intermittent
18_94_2142,74,48.0,0.0,intermittent
18_94_2262,48,40.666666666666664,0.0,intermittent
18_94_2340,79,91.0,0.0,intermittent
18_94_2478,65,7.5,0.5399999999999999,lumpy
18_94_2862,34,45.333333333333336,0.0,intermittent
18_94_2954,40,32.5,0.0,intermittent
18_94_3110,33,137.0,0.0,intermittent
18_94_3193,37,2.3333333333333335,0.6842292630829478,lumpy
18_94_3432,141,2.9,0.2665406427221174,intermittent
18_94_3643,44,25.2,0.0,intermittent
18_94_3872,122,4.363636363636363,0.0694444444444446,intermittent
18_94_4097,68,102.0,0.0,intermittent
18_94_4211,37,4.290322580645161,0.2892249527410207,intermittent
18_94_4502,55,7.1875,0.12,intermittent
18_94_4517,55,57.5,0.0,intermittent
18_94_4682,32,12.545454545454545,0.6328125,lumpy
18_94_4928,52,3.6875,6.211107155571378,lumpy
18_94_5268,63,2.183673469387755,4.483379501385041,lumpy
18_94_5283,52,11.8,0.24260355029585792,intermittent
18_94_5708,123,5.222222222222222,0.11570247933884288,intermittent
18_94_5893,42,6.7368421052631575,0.24639999999999979,intermittent
18_94_5894,75,13.571428571428571,0.12345679012345664,intermittent
18_94_6096,79,9.1,0.11111111111111122,intermittent
18_94_6210,66,104.0,0.0,intermittent
18_94_6349,124,11.5,0.0,intermittent
18_94_6380,96,37.0,0.0,intermittent
18_94_6678,125,15.0,0.0,intermittent
18_94_6815,36,5.826086956521739,0.40166204986149595,intermittent
18_94_7114,38,8.8,0.0,intermittent
18_94_7147,52,39.333333333333336,0.0,intermittent
18_94_7254,38,2.75,3.993274521792297,lumpy
18_94_7403,36,33.5,0.0,intermittent
18_94_7485,72,6.125,0.2,intermittent
18_94_7538,57,2.5681818181818183,0.2890624999999999,intermittent
18_94_7892,54,58.0,0.0,intermittent
18_94_8060,34,2.125,0.4201969858787232,intermittent
18_94_8203,32,15.333333333333334,0.5599999999999997,lumpy
18_94_8452,64,106.0,0.0,intermittent
18_94_8535,32,6.0,0.25781250000000017,intermittent
18_94_8852,72,32.666666666666664,0.0,intermittent
18_94_8895,64,11.777777777777779,0.07999999999999981,intermittent
18_94_9202,79,22.75,0.0,intermittent
18_94_9340,72,49.0,0.0,intermittent
18_94_9701,75,9.5,1.8298611111111114,lumpy
18_94_9837,37,7.823529411764706,0.18903591682419632,intermittent
18_94_10125,33,6.2272727272727275,0.11659807956104254,intermittent
18_94_10586,47,30.75,0.12,intermittent
18_94_10678,92,39.0,0.0,intermittent
18_94_10782,82,5.866666666666666,0.275,intermittent
18_94_10918,32,2.6538461538461537,1.197039505930791,lumpy
18_94_10950,34,12.363636363636363,0.22222222222222246,intermittent
18_94_11089,154,16.0,0.0,intermittent
18_94_11159,118,52.0,0.0,intermittent
18_94_11199,40,13.0,0.22448979591836746,intermittent
18_94_11208,143,13.5,0.0,intermittent
18_94_11263,117,17.666666666666668,0.0,intermittent
18_94_11757,31,2.3559322033898304,0.3165289256198348,intermittent
18_94_11817,100,14.0,0.0,intermittent
18_94_11982,152,6.0,0.0,intermittent
18_94_12055,38,16.5,0.12,intermittent
18_94_12421,51,7.0,0.08310249307479227,intermittent
18_94_12705,67,103.0,0.0,intermittent
18_94_12768,80,2.3076923076923075,0.28289473684210514,intermittent
18_94_12840,118,52.0,0.0,intermittent
18_94_12859,74,96.0,0.0,intermittent
18_94_12905,149,21.0,0.0,intermittent
18_94_13068,44,42.0,0.07999999999999986,intermittent
18_94_13115,152,18.0,0.0,intermittent
18_94_13296,36,3.268292682926829,0.2604958677685948,intermittent
18_94_13341,155,7.5,0.0,intermittent
18_94_13565,33,27.4,0.0,intermittent
18_94_13775,33,34.25,0.1111111111111111,intermittent
18_94_13906,39,7.705882352941177,3.6806712895518903,lumpy
18_94_13987,41,3.0,0.940972222222222,lumpy
18_94_14123,39,43.666666666666664,0.07999999999999986,intermittent
18_94_14170,73,8.818181818181818,0.12444444444444452,intermittent
18_94_14301,58,112.0,0.0,intermittent
18_177_38,130,1.2121212121212122,0.6671400394477318,erratic
18_177_53,0,1.0059171597633136,1.7196712802647012,erratic
18_177_65,35,1.0,1.0878358442013798,erratic
18_177_104,88,2.2162162162162162,1.0592381016765824,lumpy
18_177_155,137,1.0,0.3017992222689809,smooth
18_177_164,134,1.2413793103448276,1.1202279057668025,erratic
18_177_249,37,1.064,0.6069563286116294,erratic
18_177_302,79,22.75,0.125,intermittent
18_177_346,128,3.5,0.4291115311909261,intermittent
18_177_364,66,1.0097087378640777,0.476370544767348,smooth
18_177_378,23,1.7926829268292683,0.5774258688489742,lumpy
18_177_467,3,1.3577235772357723,3.348739714312129,lumpy
18_177_555,134,1.2857142857142858,0.6920275667632549,erratic
18_177_628,49,1.0614035087719298,0.8666580786734214,erratic
18_177_667,147,2.5555555555555554,1.0051132213294378,lumpy
18_177_669,42,8.533333333333333,0.4803804994054697,intermittent
18_177_691,52,9.076923076923077,0.2041587901701324,intermittent
18_177_823,0,1.1643835616438356,0.45302953871233886,smooth
18_177_1044,51,8.5,0.2356438162438409,intermittent
18_177_1208,134,1.2413793103448276,0.7930727339028341,erratic
18_177_1255,79,18.2,0.446280991735537,intermittent
18_177_1261,127,1.1025641025641026,0.7027142558801267,erratic
18_177_1378,37,6.65,0.8411718945716805,lumpy
18_177_1479,152,1.8,0.779492227742039,lumpy
18_177_1503,80,30.0,0.2857142857142855,intermittent
18_177_1520,152,2.5714285714285716,1.18800461361015,lumpy
18_177_1565,54,7.733333333333333,0.18868723960172307,intermittent
18_177_1579,154,5.333333333333333,0.3199999999999998,intermittent
18_177_1641,17,1.186046511627907,1.213551782188677,erratic
18_177_1712,37,66.5,0.1111111111111111,intermittent
18_177_1732,108,1.087719298245614,0.47889402182792523,smooth
18_177_1802,7,3.6222222222222222,0.4215089612997106,intermittent
18_177_1804,149,1.105263157894737,1.7620310233645295,erratic
18_177_1870,0,1.7,0.7468989859310328,lumpy
18_177_1966,0,6.296296296296297,1.728725970685079,lumpy
18_177_1990,12,2.7719298245614037,1.5020271381578942,lumpy
18_177_2142,32,2.6538461538461537,0.6379439827639275,lumpy
18_177_2339,46,2.8181818181818183,0.8847200056493182,lumpy
18_177_2340,72,1.6065573770491803,0.765857492077863,lumpy
18_177_2442,151,1.9,2.877551020408164,lumpy
18_177_2518,157,1.0,0.228899533878486,smooth
18_177_2638,25,145.0,0.0,intermittent
18_177_2862,25,2.6363636363636362,2.2438365558056677,lumpy
18_177_2929,93,1.0405405405405406,1.363958070090497,erratic
18_177_2954,23,2.8823529411764706,0.6410573564532817,lumpy
18_177_2975,57,3.2285714285714286,0.7426130295478819,lumpy
18_177_2983,153,2.125,0.489689135118498,intermittent
18_177_3054,134,12.0,0.5185185185185185,lumpy
18_177_3110,15,2.6724137931034484,0.9729239325101326,lumpy
18_177_3176,47,1.1181818181818182,0.6739427524377276,erratic
18_177_3193,17,1.02,0.935495909792026,erratic
18_177_3269,37,1.0075757575757576,1.251466139165411,erratic
18_177_3377,75,1.532258064516129,0.44317172303672514,intermittent
18_177_3415,92,1.4181818181818182,1.2435968838980516,lumpy
18_177_3432,114,1.018181818181818,0.7633463318204541,erratic
18_177_3443,0,1.0,0.2881909564495355,smooth
18_177_3465,15,5.961538461538462,0.6045787477691851,lumpy
18_177_3525,48,1.4523809523809523,1.0008979179970168,lumpy
18_177_3566,56,2.375,1.3600618040385744,lumpy
18_177_3643,0,2.0987654320987654,1.2383015103167476,lumpy
18_177_3893,124,1.0,0.6528807088661434,erratic
18_177_4111,66,2.122448979591837,0.9495158561381414,lumpy
18_177_4148,47,1.4470588235294117,3.0166751555037448,lumpy
18_177_4156,155,1.0714285714285714,0.23688046647230315,smooth
18_177_4168,62,1.255813953488372,4.882145664100829,erratic
18_177_4186,153,1.1333333333333333,1.7482200499072822,erratic
18_177_4211,17,1.4299065420560748,1.9759398944545272,lumpy
18_177_4347,142,1.0769230769230769,0.2689043209876543,smooth
18_177_4404,0,1.3934426229508197,2.0919835011159624,lumpy
18_177_4502,6,1.0314465408805031,1.0771619266709895,erratic
18_177_4514,67,6.866666666666666,0.6900539768488408,lumpy
18_177_4517,41,2.0806451612903225,1.750508487605489,lumpy
18_177_4543,132,1.0,0.28230274161438923,smooth
18_177_4658,2,2.3333333333333335,0.7177734375000002,lumpy
18_177_4668,109,3.388888888888889,0.27146814404432135,intermittent
18_177_4686,114,1.0980392156862746,0.9949912917526739,erratic
18_177_4697,67,12.875,1.0136054421768708,lumpy
18_177_4899,94,1.2666666666666666,0.7900776797955816,erratic
18_177_4901,148,1.0476190476190477,2.806283477915847,erratic
18_177_4928,0,1.0,0.6723616012296909,erratic
18_177_5124,5,2.5,2.1696333755880066,lumpy
18_177_5183,39,2.5686274509803924,0.6596273913608033,lumpy
18_177_5268,0,1.0,0.39119819726037414,smooth
18_177_5273,157,1.0,0.4123456790123456,smooth
18_177_5283,21,1.2113821138211383,0.9868980736575499,erratic
18_177_5329,122,1.0666666666666667,1.0997436608684865,erratic
18_177_5392,156,2.0,1.3416066481994462,lumpy
18_177_5555,8,3.24,1.271103159846635,lumpy
18_177_5595,104,1.0153846153846153,1.1339010369737395,erratic
18_177_5623,152,18.0,0.0,intermittent
18_177_5669,154,2.6666666666666665,0.8104233428908754,lumpy
18_177_5708,72,1.0,0.509665831858643,erratic
18_177_5769,81,2.282051282051282,0.6374485520905606,lumpy
18_177_5803,67,6.4375,0.5576373345292299,lumpy
18_177_5875,39,2.5686274509803924,1.0727678318809422,lumpy
18_177_5884,0,6.071428571428571,2.0980180323080466,lumpy
18_177_5893,12,1.1703703703703703,2.548406718481751,erratic
18_177_5894,70,1.1235955056179776,0.6739897176658418,erratic
18_177_6085,80,5.0,0.44897959183673447,intermittent
18_177_6096,66,1.0,0.6049705854822766,erratic
18_177_6210,19,2.7454545454545456,1.5799579628868798,lumpy
18_177_6349,113,1.0,1.51269207030274,erratic
18_177_6380,37,1.7272727272727273,1.7451092727988713,lumpy
18_177_6452,0,1.5454545454545454,0.8954615095810732,lumpy
18_177_6456,54,4.296296296296297,0.4860440214158241,intermittent
18_177_6486,114,1.2444444444444445,1.696078279965778,erratic
18_177_6496,146,1.2,1.098914957110215,erratic
18_177_6678,110,1.3043478260869565,0.40096494623166296,smooth
18_177_6721,157,1.0,0.22212773998488305,smooth
18_177_6847,79,2.757575757575758,0.5794370370370369,lumpy
18_177_6866,57,9.416666666666666,0.7107913319905843,lumpy
18_177_6876,70,4.545454545454546,0.9781196581196581,lumpy
18_177_7114,0,1.0,0.9116994177570588,erratic
18_177_7147,27,3.575,1.0598615916955016,lumpy
18_177_7160,149,1.2352941176470589,2.447654561691742,erratic
18_177_7254,1,1.05625,0.4984963822675475,smooth
18_177_7378,86,1.2,1.0943752756948413,erratic
18_177_7403,12,3.16,1.3460675244827485,lumpy
18_177_7485,36,1.0806451612903225,1.0177962356486896,erratic
18_177_7538,43,1.233009708737864,0.7464033877274362,erratic
18_177_7892,40,5.0,0.6569929382205328,lumpy
18_177_7898,102,1.096774193548387,2.164815680791387,erratic
18_177_7905,68,1.457142857142857,1.172194626929445,lumpy
18_177_7932,150,1.6666666666666667,1.7901234567901234,lumpy
18_177_7997,60,13.75,0.30612244897959184,intermittent
18_177_8104,76,1.2702702702702702,1.0538459978092418,erratic
18_177_8105,0,4.25,3.8461599832672433,lumpy
18_177_8203,0,1.1805555555555556,0.4012931298642864,smooth
18_177_8443,69,1.0,0.8308047484697769,erratic
18_177_8452,0,1.3492063492063493,0.8171841056610516,lumpy
18_177_8500,68,102.0,0.0,intermittent
18_177_8535,0,1.0,1.079526232169978,erratic
18_177_8764,92,1.368421052631579,6.01470555667925,lumpy
18_177_8818,6,1.3333333333333333,1.5996420075912026,lumpy
18_177_8852,69,1.030612244897959,0.2801146514671649,smooth
18_177_8895,0,1.0365853658536586,3.2005810989730183,erratic
18_177_8935,131,1.1142857142857143,0.31774226886850127,smooth
18_177_9139,134,1.2,0.6270925348443149,erratic
18_177_9191,79,45.5,0.0,intermittent
18_177_9200,113,1.0555555555555556,0.8180138497598815,erratic
18_177_9202,49,1.6575342465753424,1.6240490140168269,lumpy
18_177_9340,0,1.0365853658536586,0.5827932379781043,erratic
18_177_9632,135,1.9444444444444444,0.8281250000000001,lumpy
18_177_9681,79,91.0,0.0,intermittent
18_177_9701,2,1.3658536585365855,0.5282775222465457,lumpy
18_177_9976,138,1.0,0.5447058263971463,erratic
18_177_10086,40,130.0,0.0,intermittent
18_177_10125,0,1.0119047619047619,3.386365917747477,erratic
18_177_10168,75,1.4615384615384615,0.71933527696793,lumpy
18_177_10224,0,1.4655172413793103,1.4716693261666802,lumpy
18_177_10404,36,5.826086956521739,0.5686012700022116,lumpy
18_177_10510,7,1.0723684210526316,0.630588067276012,erratic
18_177_10554,0,2.0,0.988254165546896,lumpy
18_177_10586,23,1.176,1.0850340136054422,erratic
18_177_10668,156,7.0,0.16,intermittent
18_177_10678,71,1.706896551724138,1.027172465235228,lumpy
18_177_10761,117,1.0192307692307692,0.4268832861458162,smooth
18_177_10782,14,1.248,0.7044413588740511,erratic
18_177_10918,16,1.0335570469798658,1.2419792845501791,erratic
18_177_10944,132,19.0,0.0,intermittent
18_177_10950,2,1.9310344827586208,0.4332267575283746,intermittent
18_177_11089,106,1.1228070175438596,0.2651815042339389,smooth
18_177_11159,0,1.1333333333333333,0.4481734319179214,smooth
18_177_11199,16,1.711111111111111,3.190451927264958,lumpy
18_177_11208,108,1.0333333333333334,0.6857911801458199,erratic
18_177_11284,136,1.2592592592592593,2.072021783275555,erratic
18_177_11331,3,1.4649122807017543,0.4588113357438249,intermittent
18_177_11454,0,6.8,0.9433374163978169,lumpy
18_177_11463,150,1.3333333333333333,2.99152043917263,lumpy
18_177_11616,0,3.090909090909091,0.8093541100699,lumpy
18_177_11752,116,1.0384615384615385,0.710146956428837,erratic
18_177_11757,0,1.2056737588652482,0.47857688663971165,smooth
18_177_11784,68,1.1724137931034482,0.8260207899306079,erratic
18_177_11787,94,1.1692307692307693,0.37103361694662507,smooth
18_177_11817,76,1.323943661971831,0.6382265409301158,erratic
18_177_11850,54,11.6,0.4062499999999998,intermittent
18_177_11940,153,4.25,0.68,lumpy
18_177_11944,92,1.04,0.9685500035611448,erratic
18_177_12132,68,1.9245283018867925,0.6315527389719472,lumpy
18_177_12186,153,1.0,0.24793849587699163,smooth
18_177_12258,125,1.4516129032258065,1.6846133190118153,lumpy
18_177_12608,32,4.6,2.9026716460787125,lumpy
18_177_12687,153,5.666666666666667,0.6199999999999998,lumpy
18_177_12690,49,3.361111111111111,0.9480387523032248,lumpy
18_177_12705,12,2.1944444444444446,3.3489377102879696,lumpy
18_177_12840,0,1.0759493670886076,2.817836122345059,erratic
18_177_12859,47,3.0,2.8322772203508877,lumpy
18_177_12880,40,1.7567567567567568,1.44936251990453,lumpy
18_177_12905,50,1.0714285714285714,1.23837395381813,erratic
18_177_13068,0,1.9101123595505618,1.1137556059460822,lumpy
18_177_13115,94,1.0410958904109588,0.3126806801382152,smooth
18_177_13123,21,21.285714285714285,0.25781250000000006,intermittent
18_177_13341,114,1.0566037735849056,0.7764583312113216,erratic
18_177_13414,62,1.1368421052631579,1.5156489191725395,erratic
18_177_13525,48,4.88,0.6967780372791356,lumpy
18_177_13565,2,2.1265822784810124,0.6571817135683649,lumpy
18_177_13570,17,3.642857142857143,3.18843302026693,lumpy
18_177_13775,0,5.3125,0.33650416171224734,intermittent
18_177_13872,52,9.076923076923077,0.9338842975206612,lumpy
18_177_13906,0,1.0828025477707006,0.9084038083519859,erratic
18_177_13987,17,1.224,1.482036853859505,erratic
18_177_14044,31,1.053030303030303,1.628244344188438,erratic
18_177_14123,15,1.7032967032967032,0.6836809781911367,lumpy
18_177_14170,46,1.008130081300813,0.6591364777513786,erratic
18_177_14172,0,1.0493827160493827,0.7367410274492495,erratic
18_177_14301,42,2.8444444444444446,1.3389106443574226,lumpy
18_237_65,126,14.666666666666666,0.07999999999999986,intermittent
18_237_2478,124,15.333333333333334,0.0,intermittent
18_237_3872,125,15.0,0.12500000000000006,intermittent
18_237_4148,121,16.333333333333332,0.07999999999999986,intermittent
18_237_4686,123,3.357142857142857,0.09917355371900838,intermittent
18_237_5769,126,22.0,0.1111111111111111,intermittent
18_237_7898,125,22.5,0.36,intermittent
18_237_10918,124,5.75,0.5384615384615384,lumpy
18_237_14170,126,44.0,0.0,intermittent
18_241_8535,124,1.7037037037037037,0.8196754753546567,lumpy
18_336_467,27,2.1343283582089554,0.6104479319616329,lumpy
18_336_3443,7,8.578947368421053,0.1297743055555556,intermittent
18_336_4849,155,2.5,0.33333333333333326,intermittent
18_336_5268,26,1.2307692307692308,1.2152644628099174,erratic
18_336_6947,28,1.3396226415094339,0.4736355555555555,intermittent
18_336_7254,50,1.1320754716981132,0.8438610585367843,erratic
18_336_7909,0,3.4,0.4157747217623626,intermittent
18_336_8535,156,2.0,1.7009031716026044,lumpy
18_336_9632,28,1.2456140350877194,0.4397629676870749,smooth
18_336_10586,155,1.6666666666666667,0.6442307692307692,lumpy
18_336_11389,7,1.2538461538461538,0.5205051872555583,erratic
18_336_13777,157,2.6,0.09418282548476463,intermittent
18_336_13992,8,2.3823529411764706,0.8775730822935902,lumpy
18_336_14268,8,1.218045112781955,0.8521679049378472,erratic
19_29_4739,157,1.625,0.3966398831263696,intermittent
19_32_3073,127,21.5,0.0,intermittent
19_73_497,90,10.0,0.0,intermittent
19_73_1342,140,30.0,0.0,intermittent
19_145_775,153,8.5,0.0,intermittent
19_145_1624,88,82.0,0.0,intermittent
19_145_2103,119,8.5,0.0,intermittent
19_145_3062,83,29.0,0.12500000000000006,intermittent
19_145_3222,63,3.1470588235294117,0.15646258503401353,intermittent
19_145_3434,27,1.3883495145631068,0.4240808481616965,intermittent
19_145_4167,66,5.777777777777778,0.11570247933884288,intermittent
19_145_4203,151,19.0,0.0,intermittent
19_145_4807,124,15.333333333333334,0.0,intermittent
19_145_4909,101,34.5,0.1111111111111111,intermittent
19_145_5313,155,5.0,0.0,intermittent
19_145_6204,85,21.25,0.0,intermittent
19_145_6250,31,1.9857142857142858,0.3456746173015309,intermittent
19_145_8715,151,19.0,0.0,intermittent
19_145_8866,81,2.4054054054054053,0.3155555555555555,intermittent
19_145_9157,114,2.074074074074074,0.3837500000000003,intermittent
19_145_10465,108,20.666666666666668,0.0,intermittent
19_145_11368,105,9.285714285714286,0.09375000000000011,intermittent
19_145_11991,149,21.0,0.0,intermittent
19_145_12195,61,5.190476190476191,0.07183364839319466,intermittent
19_145_13325,88,16.4,0.0,intermittent
19_145_13426,82,7.333333333333333,0.12,intermittent
19_145_13502,97,1.7804878048780488,0.3156314505535747,intermittent
19_145_14073,106,12.8,0.11111111111111122,intermittent
19_145_14103,82,2.4444444444444446,0.3333333333333333,intermittent
19_175_767,138,32.0,0.0,intermittent
19_175_5898,74,19.2,0.0,intermittent
19_254_52,106,5.333333333333333,0.12500000000000006,intermittent
19_254_282,126,7.333333333333333,0.1999999999999999,intermittent
19_254_335,130,13.333333333333334,0.0,intermittent
19_254_819,136,34.0,0.0,intermittent
19_254_867,110,3.5294117647058822,0.19421487603305776,intermittent
19_254_1533,127,1.2285714285714286,0.49811086382692404,smooth
19_254_1923,154,8.0,0.0,intermittent
19_254_2419,142,4.666666666666667,0.31250000000000017,intermittent
19_254_2555,79,6.066666666666666,0.054687499999999965,intermittent
19_254_2727,150,10.0,0.0,intermittent
19_254_3349,102,7.555555555555555,0.0,intermittent
19_254_3441,142,14.0,0.0,intermittent
19_254_4729,140,4.285714285714286,0.09375000000000011,intermittent
19_254_4953,148,7.333333333333333,0.0,intermittent
19_254_5025,136,8.5,0.0,intermittent
19_254_6525,133,37.0,0.0,intermittent
19_254_6582,123,23.5,0.0,intermittent
19_254_6624,137,3.3,0.3777777777777778,intermittent
19_254_6724,92,15.6,0.0,intermittent
19_254_7024,145,25.0,0.0,intermittent
19_254_7428,137,2.75,0.2299168975069254,intermittent
19_254_7587,130,20.0,0.0,intermittent
19_254_8461,117,13.25,0.0,intermittent
19_254_8493,121,24.5,0.1111111111111111,intermittent
19_254_8773,143,13.5,0.0,intermittent
19_254_8820,117,8.833333333333334,0.10204081632653039,intermittent
19_254_9437,142,28.0,0.0,intermittent
19_254_9548,157,4.333333333333333,0.12500000000000006,intermittent
19_254_9597,141,2.9,0.07438016528925608,intermittent
19_254_9993,138,32.0,0.0,intermittent
19_254_10725,107,31.5,0.0,intermittent
19_254_12601,130,20.0,0.0,intermittent
19_254_12816,139,31.0,0.0,intermittent
19_293_1254,131,2.1666666666666665,0.37249999999999983,intermittent
19_293_6046,119,3.642857142857143,0.7262809917355373,lumpy
19_293_7606,133,2.8461538461538463,0.25330812854442347,intermittent
19_293_9663,143,1.125,0.5883126369612858,erratic
19_293_12680,137,1.2222222222222223,0.5325738697045208,erratic
20_108_230,131,39.0,0.0,intermittent
20_108_787,116,13.5,0.1111111111111111,intermittent
20_108_3076,127,43.0,0.0,intermittent
20_108_4850,99,71.0,0.0,intermittent
20_108_6251,91,39.5,0.0,intermittent
20_108_7187,51,119.0,0.0,intermittent
20_108_9669,80,90.0,0.0,intermittent
20_108_12941,96,74.0,0.0,intermittent
20_108_13407,119,51.0,0.0,intermittent
20_108_14196,74,32.0,0.0,intermittent
20_169_789,93,77.0,0.0,intermittent
20_169_2016,146,24.0,0.0,intermittent
20_169_2242,1,42.25,0.5510204081632653,lumpy
20_169_2292,64,53.0,0.0,intermittent
20_169_2946,145,8.333333333333334,0.0,intermittent
20_169_3273,153,17.0,0.0,intermittent
20_169_3741,147,11.5,0.0,intermittent
20_169_5839,22,37.0,0.22448979591836735,intermittent
20_169_6615,143,5.4,0.6000000000000001,lumpy
20_169_6757,46,24.8,0.11111111111111122,intermittent
20_169_7440,3,41.75,0.0,intermittent
20_169_7453,150,10.0,0.0,intermittent
20_169_7569,124,46.0,0.0,intermittent
20_169_9652,38,26.4,0.11111111111111122,intermittent
20_169_10429,5,82.5,0.1111111111111111,intermittent
20_169_10852,145,12.5,0.1111111111111111,intermittent
20_169_10934,5,27.5,0.7999999999999998,lumpy
20_169_10984,5,165.0,0.0,intermittent
20_169_11536,64,106.0,0.0,intermittent
20_169_11670,57,56.5,0.0,intermittent
20_169_13326,62,108.0,0.0,intermittent
20_221_1913,83,6.214285714285714,1.2095204838018445,lumpy
20_221_4474,106,5.333333333333333,0.2190544630394825,intermittent
20_221_4594,75,7.916666666666667,0.5590765052059757,lumpy
20_221_5714,27,143.0,0.0,intermittent
20_221_7565,140,2.5,0.2508650519031142,intermittent
20_221_9686,46,24.8,0.6880000000000002,lumpy
20_221_10133,116,4.5,0.21534149806119682,intermittent
20_221_10563,65,6.176470588235294,0.8795420640417708,lumpy
20_221_10666,157,1.1818181818181819,0.18250000000000016,smooth
20_221_10835,46,41.333333333333336,0.07999999999999986,intermittent
20_221_11452,77,93.0,0.0,intermittent
20_221_12575,101,5.75,0.1901012889233296,intermittent
20_221_12714,148,1.8333333333333333,0.29063360881542694,intermittent
20_221_13848,45,20.833333333333332,0.23915050784856873,intermittent
21_0_478,150,1.0,0.4261476105193702,smooth
21_0_491,111,1.0,0.2878446758211358,smooth
21_0_2220,0,1.452991452991453,0.5859513815069712,lumpy
21_0_3141,116,1.125,0.2860491493383743,smooth
21_0_3174,102,2.3448275862068964,0.3331530557057868,intermittent
21_0_3945,140,1.1538461538461537,0.3040123456790125,smooth
21_0_5198,119,1.0,0.3056804733727811,smooth
21_0_5945,103,2.392857142857143,0.23809523809523803,intermittent
21_0_6023,119,1.0,0.26295580657946893,smooth
21_0_6254,142,4.0,0.0,intermittent
21_0_7318,119,1.0,0.33575036662864605,smooth
21_0_7572,119,1.0,0.16197498199510138,smooth
21_0_9134,140,1.25,0.30612244897959184,smooth
21_0_10052,102,1.0303030303030303,0.5579124361378777,erratic
21_0_10097,124,3.2857142857142856,0.38271604938271575,intermittent
21_0_10645,147,1.0952380952380953,0.9168446482966283,erratic
21_0_10921,102,1.0793650793650793,0.34826711749788686,smooth
21_0_11751,119,1.0,0.1904432538826256,smooth
21_0_12541,138,1.103448275862069,0.30730158730158724,smooth
21_0_13611,123,5.222222222222222,0.12500000000000006,intermittent
21_91_491,113,1.0178571428571428,0.5332826920186768,erratic
21_91_2220,8,1.255813953488372,0.3168005540166206,smooth
21_91_3141,107,1.0327868852459017,0.23758917954815717,smooth
21_91_5198,124,1.0,0.32649780662219824,smooth
21_91_6023,127,1.0,0.1635595498434334,smooth
21_91_7318,127,1.0238095238095237,0.4399167794543688,smooth
21_91_7572,127,1.0,0.5563749677420264,erratic
21_91_9462,72,1.0,0.27060574278144095,smooth
21_91_9866,0,1.069182389937107,0.3710788033423064,smooth
21_91_11751,127,1.0,0.5088614502997699,erratic
21_91_12541,142,1.0,0.2510330578512398,smooth
21_101_478,150,1.0,0.9890625,erratic
21_101_491,106,1.0158730158730158,0.31203259393390675,smooth
21_101_2220,0,1.25,0.8863442478779714,erratic
21_101_3141,108,1.1923076923076923,0.2705603606667068,smooth
21_101_3174,102,1.619047619047619,0.2506925207756231,intermittent
21_101_3945,140,1.0714285714285714,0.31235457063711924,smooth
21_101_4445,0,1.1643835616438356,0.5734743238870396,erratic
21_101_5198,119,1.02,0.3836456597399356,smooth
21_101_5466,0,1.2878787878787878,0.5577133826755386,erratic
21_101_5945,103,2.576923076923077,0.3560090702947844,intermittent
21_101_6023,119,1.0,0.1069124691537236,smooth
21_101_6254,145,1.6666666666666667,0.23966942148760345,intermittent
21_101_7318,119,1.0,0.3641176470588233,smooth
21_101_7572,119,1.0,0.08808513116138258,smooth
21_101_8883,141,4.833333333333333,0.0,intermittent
21_101_9032,0,1.1888111888111887,0.47971729804838154,smooth
21_101_9134,141,1.0740740740740742,0.22279035792549287,smooth
21_101_9866,0,1.3821138211382114,0.5218716179376087,lumpy
21_101_10052,102,1.0,0.476202241638777,smooth
21_101_10097,124,2.875,0.2698412698412698,intermittent
21_101_10357,142,3.111111111111111,0.07999999999999981,intermittent
21_101_10645,150,1.0,0.7720668514319312,erratic
21_101_10902,0,1.2781954887218046,0.7088026651446145,erratic
21_101_10921,102,1.0,0.33035817710714827,smooth
21_101_11751,119,1.0,0.17661872511548696,smooth
21_101_12040,0,1.0365853658536586,1.2464243795152534,erratic
21_101_12541,140,1.1111111111111112,0.36111111111111116,smooth
21_101_13611,125,2.8125,0.2,intermittent
21_113_491,106,1.0,0.10348691196346163,smooth
21_113_2220,6,1.0789473684210527,0.26437584150413435,smooth
21_113_3141,103,1.0,0.17255861528048416,smooth
21_113_4445,3,1.0,0.23257172681731028,smooth
21_113_5198,123,1.0,0.1884798961244553,smooth
21_113_5466,1,1.3,0.45785468802367285,smooth
21_113_6023,132,1.0,0.20884168057710675,smooth
21_113_7318,136,1.0,0.50218757903635,erratic
21_113_7572,128,1.0,0.3002539118106615,smooth
21_113_9462,69,1.10989010989011,0.2178504114029211,smooth
21_113_9866,6,1.0061349693251533,0.4323660440520284,smooth
21_113_10902,2,1.0566037735849056,0.3591583381656112,smooth
21_113_11002,156,1.0,0.6198347107438017,erratic
21_113_11751,128,1.0,0.17228021104491864,smooth
21_113_12040,3,1.0121212121212122,0.2838614269364908,smooth
21_113_12541,143,1.0,0.08784075309869163,smooth
21_135_5198,120,3.125,0.41241496598639454,intermittent
21_135_6023,134,4.0,0.1358024691358024,intermittent
21_135_7318,120,4.166666666666667,0.6000874876970426,lumpy
21_135_7572,120,1.9230769230769231,1.4267119781285058,lumpy
21_135_10902,5,2.391304347826087,1.7542533238180658,lumpy
21_135_11751,120,2.380952380952381,1.1164973004256422,lumpy
21_136_5198,139,2.5833333333333335,0.9582957452710887,lumpy
21_136_6023,139,15.5,0.1111111111111111,intermittent
21_136_7318,139,7.75,0.12726228095374892,intermittent
21_136_7572,139,2.066666666666667,0.9341728912095443,lumpy
21_136_9866,12,3.0980392156862746,3.1942329998550094,lumpy
21_136_11751,139,2.3846153846153846,1.1282051282051284,lumpy
21_136_12541,147,3.8333333333333335,1.0633333333333332,lumpy
21_137_5198,155,5.0,0.2222222222222222,intermittent
21_137_6023,155,7.5,0.4444444444444444,intermittent
21_137_7318,155,7.5,0.06925207756232687,intermittent
21_137_7572,155,3.0,0.05191995673336939,intermittent
21_137_11751,155,5.0,0.15680000000000013,intermittent
21_187_491,106,1.0,0.12092493311038315,smooth
21_187_2220,7,1.0584415584415585,0.4063632766125839,smooth
21_187_3141,105,1.0,0.2239758096360748,smooth
21_187_5198,123,1.0,0.1992513349677649,smooth
21_187_6023,127,1.0,0.23782865496681777,smooth
21_187_7318,127,1.0,0.7516463291520807,erratic
21_187_7572,127,1.0,0.5578445986371393,erratic
21_187_9462,70,1.0,0.13219937363996548,smooth
21_187_11751,127,1.0,0.3101112066115702,smooth
21_187_12541,140,1.0,0.1676125841317823,smooth
21_215_478,150,1.0,0.9630630375735625,erratic
21_215_491,111,1.0,0.26689013303642006,smooth
21_215_2220,0,1.0493827160493827,0.8173813878869753,erratic
21_215_3141,106,1.1851851851851851,0.34695508551334653,smooth
21_215_3174,102,1.096774193548387,0.48535936113575867,smooth
21_215_3945,140,1.0,0.13287046220987875,smooth
21_215_4445,0,1.096774193548387,0.7644619883040934,erratic
21_215_5198,119,1.0,0.5497760107946251,erratic
21_215_5466,0,1.1643835616438356,0.524377088870087,erratic
21_215_5945,102,1.0793650793650793,0.7339886578449907,erratic
21_215_6023,119,1.0,0.17350234547093438,smooth
21_215_6254,140,1.1538461538461537,0.2025280091927609,smooth
21_215_7318,119,1.0,0.2541173590260836,smooth
21_215_7572,119,1.0,0.2660246872197606,smooth
21_215_8697,71,1.8,0.7930424780788627,lumpy
21_215_8883,142,2.0,0.21107266435986183,intermittent
21_215_9134,140,1.0,0.13753468093539453,smooth
21_215_9712,157,1.625,0.30612244897959184,intermittent
21_215_9866,0,1.317829457364341,0.5866041599420007,erratic
21_215_10052,102,1.0,0.4695061114115739,smooth
21_215_10097,124,1.84,1.642857142857143,lumpy
21_215_10357,140,1.6666666666666667,0.2098765432098766,intermittent
21_215_10645,147,1.0952380952380953,1.2555307388043875,erratic
21_215_10921,102,1.0,0.45783051565601984,smooth
21_215_11751,119,1.0,0.4576629870451374,smooth
21_215_12040,0,1.0303030303030303,1.064723747555288,erratic
21_215_12541,139,1.0,0.32736696712090785,smooth
21_215_13611,120,1.25,0.38987977275729985,smooth
21_250_5198,125,1.6666666666666667,0.7315024775342235,lumpy
21_250_6023,122,2.823529411764706,0.10500000000000011,intermittent
21_250_7318,122,1.6,0.2612043933846735,intermittent
21_250_7572,122,1.2,0.4747615321345953,smooth
21_250_11751,122,1.2972972972972974,0.4080284513316789,smooth
21_258_478,151,1.1875,1.1722550953320183,erratic
21_258_491,111,1.0,0.5798038563111326,erratic
21_258_2220,0,1.6666666666666667,0.4782608695652176,intermittent
21_258_3141,115,1.1458333333333333,0.40710257582685566,smooth
21_258_3174,104,2.869565217391304,0.1759809750297265,intermittent
21_258_3945,142,1.8666666666666667,0.22589531680440758,intermittent
21_258_4445,0,1.2318840579710144,0.7673447012135578,erratic
21_258_5198,119,1.0625,0.6809289838261936,erratic
21_258_5466,0,1.2878787878787878,0.364167289276322,smooth
21_258_5945,108,3.263157894736842,0.09917355371900814,intermittent
21_258_6023,119,1.0,0.3185453448015694,smooth
21_258_6254,146,3.4285714285714284,0.0,intermittent
21_258_7318,119,1.0,0.3632342449464921,smooth
21_258_7572,119,1.0,0.3572771843627478,smooth
21_258_8883,145,8.333333333333334,0.0,intermittent
21_258_9134,140,1.6666666666666667,0.2857142857142857,intermittent
21_258_10052,102,1.1929824561403508,0.6215806750273546,erratic
21_258_10097,124,7.666666666666667,0.12500000000000006,intermittent
21_258_10357,140,6.0,0.0,intermittent
21_258_10645,151,1.0555555555555556,1.1646146061730478,erratic
21_258_10921,102,1.0461538461538462,0.6225703097187614,erratic
21_258_11751,119,1.0,0.380257626653576,smooth
21_258_12541,140,1.5789473684210527,0.2616699539776462,intermittent
21_258_13611,124,4.181818181818182,0.0694444444444446,intermittent
21_260_7572,139,31.0,0.0,intermittent
21_299_478,150,1.0,0.5249904209144416,erratic
21_299_491,106,1.0158730158730158,0.21636684877590975,smooth
21_299_2220,0,1.1258278145695364,0.722135361313841,erratic
21_299_3141,107,1.0327868852459017,0.21597828745821143,smooth
21_299_3174,102,1.2363636363636363,0.28294782140935965,smooth
21_299_3945,140,1.0,0.14655671296296305,smooth
21_299_5198,119,1.0,0.27371574817228334,smooth
21_299_5945,102,1.2142857142857142,0.8342147552958367,erratic
21_299_6023,119,1.0,0.14660864345738303,smooth
21_299_6254,143,2.4545454545454546,0.40830449826989634,intermittent
21_299_7318,119,1.0,0.18977591036414562,smooth
21_299_7572,119,1.0,0.1085839234479018,smooth
21_299_8108,157,1.3,0.17283950617283939,smooth
21_299_8883,140,2.5,0.2266666666666667,intermittent
21_299_9134,140,1.0,0.1625023250046498,smooth
21_299_9712,157,1.1818181818181819,0.15500000000000017,smooth
21_299_9866,0,1.297709923664122,0.6594830763075553,erratic
21_299_10052,102,1.0,0.3777223044049968,smooth
21_299_10097,124,1.84,1.4673008323424495,lumpy
21_299_10357,141,1.5263157894736843,0.18559999999999985,intermittent
21_299_10645,147,1.0952380952380953,0.3663154296285871,smooth
21_299_10921,102,1.0,0.4309995079443183,smooth
21_299_11751,119,1.0,0.11371632493928663,smooth
21_299_12541,138,1.0,0.2333909575329073,smooth
21_299_13611,119,1.7586206896551724,0.4605920799692427,intermittent
21_317_491,112,1.0,0.33445661878094324,smooth
21_317_2220,66,1.3506493506493507,0.4089708019553441,intermittent
21_317_3141,111,1.0535714285714286,0.38277447268793935,smooth
21_317_4445,63,1.009433962264151,0.33345584550101903,smooth
21_317_5198,124,1.0,0.39270181001453264,smooth
21_317_5466,63,1.0918367346938775,0.5408108824830579,erratic
21_317_6023,129,1.025,0.23750520616409798,smooth
21_317_7318,127,1.0238095238095237,0.466931216931217,smooth
21_317_7572,127,1.0,0.4618995702603408,smooth
21_317_9032,63,1.0388349514563107,0.7038208616780046,erratic
21_317_9462,69,1.0,0.2933238378822133,smooth
21_317_10902,63,1.019047619047619,0.42511593649543644,smooth
21_317_11751,127,1.0,0.33305854057708906,smooth
21_317_12040,63,1.0,0.46679685867001103,smooth
21_317_12541,141,1.0,0.3266070124178228,smooth
21_324_5198,138,8.0,0.08444444444444445,intermittent
21_324_6023,138,6.4,0.7699672461577224,lumpy
21_324_7318,138,8.0,0.4214876033057851,intermittent
21_324_7572,138,8.0,0.26,intermittent
21_324_11751,138,6.4,0.10754004693398633,intermittent
22_80_188,75,1.2837837837837838,0.3645445849718357,smooth
22_80_422,145,1.0,0.22438555375277924,smooth
22_80_597,119,1.0,0.3038473950302987,smooth
22_80_860,128,4.666666666666667,0.12500000000000006,intermittent
22_80_929,66,1.0721649484536082,0.35563885418112845,smooth
22_80_946,119,1.186046511627907,0.34517336346303223,smooth
22_80_968,25,1.0507246376811594,0.31221615484429055,smooth
22_80_1340,144,1.1304347826086956,0.40631163708086787,smooth
22_80_1985,20,1.0135135135135136,0.24807629272348802,smooth
22_80_2184,129,1.0,0.17420111762152798,smooth
22_80_3780,21,1.0955882352941178,0.3676289303098869,smooth
22_80_3914,58,1.0,0.23588133740453862,smooth
22_80_3948,58,1.018181818181818,0.2957505566427437,smooth
22_80_4083,145,1.0869565217391304,0.30617283950617286,smooth
22_80_4567,66,1.1428571428571428,0.35118247782854073,smooth
22_80_4590,20,1.1627906976744187,0.6945405613225678,erratic
22_80_4875,20,1.0416666666666667,0.6116871702214033,erratic
22_80_6181,20,1.0344827586206897,0.4838271444983052,smooth
22_80_6995,78,1.15,0.4285487531943935,smooth
22_80_7184,63,1.202247191011236,0.4570975056689345,smooth
22_80_7425,119,1.02,0.09569869614512481,smooth
22_80_7942,20,1.0067114093959733,0.3977710497654903,smooth
22_80_8699,150,1.6666666666666667,0.21874999999999997,intermittent
22_80_8975,58,1.0,0.3352939934847922,smooth
22_80_9500,75,1.043956043956044,0.31314866193978375,smooth
22_80_9700,119,1.0408163265306123,0.14780823572032367,smooth
22_80_9799,59,1.009090909090909,0.2683612763656032,smooth
22_80_10209,24,1.006896551724138,0.31057999254191654,smooth
22_80_10218,65,1.0,0.165886870340747,smooth
22_80_10376,108,1.0333333333333334,0.5951028317258998,erratic
22_80_10722,24,1.0814814814814815,1.0158179012345678,erratic
22_80_10952,76,1.2207792207792207,0.29642857142857154,smooth
22_80_11348,65,1.0096153846153846,0.22600809906277303,smooth
22_80_11379,71,1.0,0.17934132843602474,smooth
22_80_11439,58,1.009009009009009,0.28761853641080687,smooth
22_80_11500,66,1.04,0.2473891320416757,smooth
22_80_12182,84,1.0238095238095237,0.3282647852003703,smooth
22_80_12416,149,1.1666666666666667,0.40625000000000006,smooth
22_80_12446,21,1.2844827586206897,0.5263607865488742,erratic
22_80_12976,25,1.0583941605839415,0.5047837917287535,erratic
22_80_13101,58,1.0,0.10366681756450882,smooth
22_80_13663,65,1.0194174757281553,0.24754084459268444,smooth
22_80_13841,119,1.02,0.37660728779529246,smooth
22_80_13849,66,1.0,0.27804819421909727,smooth
22_80_14293,129,4.555555555555555,0.1183431952662723,intermittent
22_103_188,73,1.7321428571428572,0.39209889814565996,intermittent
22_103_315,0,1.6504854368932038,0.7506942449487697,lumpy
22_103_422,144,1.0833333333333333,0.28771619744981675,smooth
22_103_597,98,1.2413793103448276,0.3871418838968768,smooth
22_103_860,126,6.285714285714286,0.11999999999999991,intermittent
22_103_929,63,1.5735294117647058,0.28780598111820926,intermittent
22_103_946,100,1.627906976744186,0.41422222222222216,intermittent
22_103_968,22,1.574468085106383,0.5783546823784915,lumpy
22_103_1340,147,1.2777777777777777,0.1404958677685952,smooth
22_103_1985,58,1.0,0.3099653931446199,smooth
22_103_2184,130,1.0,0.238720164461496,smooth
22_103_3780,14,1.3928571428571428,0.47955401768550526,intermittent
22_103_3914,49,1.0707964601769913,0.4646550144717233,smooth
22_103_3948,58,1.037037037037037,0.5459190386386562,erratic
22_103_4083,145,1.25,0.2962962962962963,smooth
22_103_4567,64,1.2771084337349397,0.528492530556813,erratic
22_103_4590,28,1.6904761904761905,0.23946666666666666,intermittent
22_103_4875,58,1.0769230769230769,0.608756247597078,erratic
22_103_4993,47,2.05,0.3201530612244896,intermittent
22_103_6181,0,1.1724137931034482,1.618500811249324,erratic
22_103_6995,75,1.3768115942028984,0.39292403746097787,intermittent
22_103_7184,39,2.62,0.29411764705882376,intermittent
22_103_7282,24,2.246153846153846,0.3249053241256409,intermittent
22_103_7425,98,1.3333333333333333,0.29783916239697034,intermittent
22_103_7942,27,1.361904761904762,0.516262975778547,lumpy
22_103_8699,145,1.5625,0.19727891156462585,intermittent
22_103_8975,58,1.2043010752688172,0.4437177962742769,smooth
22_103_9372,60,8.461538461538462,0.12345679012345685,intermittent
22_103_9500,74,1.352112676056338,0.3001189060642095,intermittent
22_103_9700,98,1.180327868852459,0.33843085106382986,smooth
22_103_9799,58,1.435897435897436,0.6386267348429511,lumpy
22_103_10209,19,1.102189781021898,0.6707803057576719,erratic
22_103_10218,66,1.0721649484536082,0.4584231938045288,smooth
22_103_10376,90,1.095890410958904,0.8217186434372865,erratic
22_103_10722,23,1.4848484848484849,0.42671614100185495,intermittent
22_103_10952,74,1.352112676056338,0.41801427085947873,intermittent
22_103_11348,64,1.2771084337349397,0.8166355779737533,erratic
22_103_11379,72,1.053763440860215,0.2842661831425988,smooth
22_103_11439,60,1.1827956989247312,0.4864516129032256,smooth
22_103_11500,20,2.459016393442623,0.3549149338374293,intermittent
22_103_12182,84,1.0617283950617284,0.9593370413114042,erratic
22_103_12416,151,2.111111111111111,0.8281250000000001,lumpy
22_103_12446,31,2.6226415094339623,0.3003615702479338,intermittent
22_103_12976,5,2.142857142857143,1.1858655562165377,lumpy
22_103_13101,48,1.1192660550458715,0.5855838873582098,erratic
22_103_13663,66,1.0721649484536082,0.5203532827344122,erratic
22_103_13841,98,1.2413793103448276,1.287575692041523,erratic
22_103_13849,67,1.3733333333333333,0.5256143273635986,lumpy
22_103_14293,155,5.0,0.0,intermittent
22_104_188,78,2.787878787878788,0.27602617489589526,intermittent
22_104_422,149,1.3125,0.24007561436672967,smooth
22_104_597,121,1.6896551724137931,0.24943310657596354,intermittent
22_104_929,70,1.7241379310344827,0.35601108033240986,intermittent
22_104_946,123,1.9583333333333333,0.12382934443288234,intermittent
22_104_968,72,2.5128205128205128,0.1538461538461538,intermittent
22_104_1340,149,3.0,0.09375000000000011,intermittent
22_104_1985,88,1.3015873015873016,0.4545043005885014,smooth
22_104_2184,133,1.0,0.2728,smooth
22_104_3780,70,3.4482758620689653,0.1038062283737026,intermittent
22_104_3914,64,1.0,0.16463533979151732,smooth
22_104_3948,64,1.1157894736842104,0.3877375090043809,smooth
22_104_4083,147,2.3,0.24260355029585792,intermittent
22_104_4567,70,1.8867924528301887,0.37944246267670745,intermittent
22_104_4590,77,3.4444444444444446,0.21487603305785113,intermittent
22_104_4875,90,1.4545454545454546,0.5753086419753083,lumpy
22_104_4993,70,3.125,0.07102040816326531,intermittent
22_104_6181,65,1.0096153846153846,0.2747993389355141,smooth
22_104_6995,79,2.5277777777777777,0.1938775510204081,intermittent
22_104_7184,95,2.7777777777777777,0.22448979591836724,intermittent
22_104_7282,70,4.3478260869565215,0.17346938775510187,intermittent
22_104_7425,121,1.3243243243243243,0.33653406492912685,smooth
22_104_7942,65,1.4189189189189189,0.2677397650225144,intermittent
22_104_8975,64,1.3417721518987342,0.2660256410256408,intermittent
22_104_9500,78,2.358974358974359,0.15455594002306805,intermittent
22_104_9700,120,1.1627906976744187,0.3151110859856405,smooth
22_104_9799,64,1.536231884057971,0.4121810699588478,intermittent
22_104_10209,65,1.0096153846153846,0.28299643281807385,smooth
22_104_10218,70,1.1627906976744187,0.3512463809053033,smooth
22_104_10376,124,1.84,0.27599243856332706,intermittent
22_104_10722,71,1.9411764705882353,0.19291601693027388,intermittent
22_104_10952,77,2.268292682926829,0.18269230769230765,intermittent
22_104_11348,71,1.337837837837838,0.34397805212620014,intermittent
22_104_11379,73,1.0898876404494382,0.4502091400510476,smooth
22_104_11439,64,1.1910112359550562,0.2849081972271818,smooth
22_104_11500,100,1.8918918918918919,0.27423469387755095,intermittent
22_104_11661,102,2.0,0.1584640346133047,intermittent
22_104_12182,102,1.7894736842105263,0.23596938775510218,intermittent
22_104_12416,148,3.142857142857143,0.0,intermittent
22_104_12446,88,5.857142857142857,0.11418685121107276,intermittent
22_104_12976,73,1.6724137931034482,0.18367346938775514,intermittent
22_104_13101,64,1.0192307692307692,0.16674651837576265,smooth
22_104_13663,71,1.596774193548387,0.3949999999999998,intermittent
22_104_13841,120,1.6129032258064515,0.15986394557823144,intermittent
22_104_13849,70,1.4285714285714286,0.27919550173010377,intermittent
22_188_597,125,7.5,0.0,intermittent
22_188_929,124,3.5384615384615383,0.06122448979591849,intermittent
22_188_946,146,6.0,0.1111111111111111,intermittent
22_188_968,119,10.2,0.11111111111111122,intermittent
22_188_1985,88,3.727272727272727,0.1515151515151515,intermittent
22_188_2184,140,3.3333333333333335,0.4378698224852071,intermittent
22_188_3780,98,12.0,0.0,intermittent
22_188_3914,87,1.3833333333333333,0.5439720991610897,lumpy
22_188_3948,90,6.153846153846154,0.12345679012345685,intermittent
22_188_4567,107,6.3,0.0,intermittent
22_188_4590,88,20.5,0.0,intermittent
22_188_4875,90,13.333333333333334,0.0,intermittent
22_188_6181,92,4.875,0.464922711058264,intermittent
22_188_6995,89,11.571428571428571,0.12345679012345664,intermittent
22_188_7184,93,8.555555555555555,0.0,intermittent
22_188_7425,122,3.4285714285714284,0.21107266435986183,intermittent
22_188_7942,120,4.166666666666667,0.06508875739644986,intermittent
22_188_8975,93,5.5,0.11418685121107276,intermittent
22_188_9500,90,40.0,0.0,intermittent
22_188_9700,124,2.875,0.2,intermittent
22_188_9799,108,6.888888888888889,0.0,intermittent
22_188_10209,96,1.6818181818181819,0.3295454545454546,intermittent
22_188_10218,100,3.5,0.1734693877551021,intermittent
22_188_10722,134,9.0,0.12,intermittent
22_188_10952,102,68.0,0.0,intermittent
22_188_11379,87,3.608695652173913,0.12486992715920925,intermittent
22_188_11439,89,6.230769230769231,0.06122448979591849,intermittent
22_188_11500,107,3.3157894736842106,0.3246618106139439,intermittent
22_188_12042,92,39.0,0.0,intermittent
22_188_12182,124,23.0,0.0,intermittent
22_188_13101,87,1.3833333333333333,0.7601801463689247,lumpy
22_188_13663,110,6.0,0.07438016528925608,intermittent
22_188_13849,107,4.846153846153846,0.06122448979591849,intermittent
22_247_422,148,1.1,0.6436554898093361,erratic
22_247_597,120,1.25,0.23133835381160026,smooth
22_247_860,134,6.0,0.0,intermittent
22_247_929,66,1.2839506172839505,0.3433019928181795,smooth
22_247_946,119,1.3421052631578947,0.24437513922922702,intermittent
22_247_968,24,1.3394495412844036,0.6543815303614484,lumpy
22_247_1340,149,1.3125,0.152,smooth
22_247_1985,21,1.0797101449275361,0.24182598056883953,smooth
22_247_2184,129,1.0,0.4264583333333332,smooth
22_247_3780,22,1.7209302325581395,0.3572153028520428,intermittent
22_247_3914,64,1.0,0.24154127123152483,smooth
22_247_3948,65,1.0294117647058822,0.36327369602553217,smooth
22_247_4083,148,2.0,0.10650887573964475,intermittent
22_247_4567,66,1.3333333333333333,0.4273907910271545,intermittent
22_247_4590,21,1.4466019417475728,0.6708089223327063,lumpy
22_247_4875,21,1.128787878787879,0.390052628707199,smooth
22_247_6181,22,1.0422535211267605,0.7577873080835625,erratic
22_247_6995,77,1.4307692307692308,0.3775951557093425,intermittent
22_247_7184,66,1.793103448275862,0.3456276026174898,intermittent
22_247_7425,119,1.0625,0.3583828775267538,smooth
22_247_7942,21,1.0136054421768708,0.6206618452772299,erratic
22_247_8699,148,3.6666666666666665,0.0,intermittent
22_247_8975,65,1.105263157894737,0.2865497076023392,smooth
22_247_9500,75,1.2837837837837838,0.2668385220437573,smooth
22_247_9700,119,1.108695652173913,0.24268429752066106,smooth
22_247_9799,65,1.1666666666666667,0.28689492325855936,smooth
22_247_10209,27,1.0,0.3435114318561737,smooth
22_247_10218,65,1.0294117647058822,0.2945189743875354,smooth
22_247_10722,27,1.5212765957446808,0.8800438750029177,lumpy
22_247_10952,78,1.4153846153846155,0.21200737654531798,intermittent
22_247_11348,68,1.0625,0.2806014566528311,smooth
22_247_11379,72,1.0,0.20669801774701632,smooth
22_247_11439,65,1.0096153846153846,0.3441246652057462,smooth
22_247_11500,65,1.105263157894737,0.41648303710249335,smooth
22_247_12042,21,1.4190476190476191,0.7502403576021671,lumpy
22_247_12182,109,1.196078431372549,0.5023804800634796,erratic
22_247_12416,148,2.0,0.26500000000000007,intermittent
22_247_12446,21,1.3796296296296295,0.5273372781065088,lumpy
22_247_12976,22,1.2333333333333334,0.7658586151836263,erratic
22_247_13101,65,1.0,0.07350627121428334,smooth
22_247_13663,66,1.0721649484536082,0.3509283133165273,smooth
22_247_13841,119,1.1590909090909092,0.33740234375,smooth
22_247_13849,65,1.105263157894737,0.5894624033406936,erratic
22_247_14293,155,5.0,0.0,intermittent
22_265_188,72,1.1666666666666667,0.31247221258309005,smooth
22_265_422,141,1.0740740740740742,0.19686861225377822,smooth
22_265_597,97,1.0579710144927537,0.40297541478318266,smooth
22_265_610,88,1.7826086956521738,1.9295600475624262,lumpy
22_265_626,113,1.4615384615384615,0.7880622837370242,lumpy
22_265_668,84,1.4098360655737705,0.725033850847956,lumpy
22_265_753,149,5.25,0.125,intermittent
22_265_860,117,1.0192307692307692,0.9118165823427464,erratic
22_265_929,62,1.0,0.21490841273762226,smooth
22_265_946,97,1.0138888888888888,0.3474135776759685,smooth
22_265_968,22,1.0,0.28669620737804574,smooth
22_265_977,0,1.8478260869565217,1.2893073901945442,lumpy
22_265_987,69,3.8846153846153846,0.3556466302367941,intermittent
22_265_1340,144,1.0,0.09937519929846939,smooth
22_265_1821,112,1.45,0.594387755102041,lumpy
22_265_1985,0,1.0,0.09934731070744449,smooth
22_265_2184,126,1.0,0.269173866481803,smooth
22_265_2875,0,1.8279569892473118,0.8521837620388908,lumpy
22_265_3102,70,3.225806451612903,0.8375464938112679,lumpy
22_265_3780,0,1.0,0.35684254228757917,smooth
22_265_3879,151,3.8,0.19999999999999996,intermittent
22_265_3914,45,1.0,0.2248978739625333,smooth
22_265_3948,53,1.0,0.18155071145529675,smooth
22_265_4083,141,1.0740740740740742,0.2213715821768669,smooth
22_265_4382,147,1.3529411764705883,0.32921810699588494,intermittent
22_265_4481,136,2.8333333333333335,0.32694710537276167,intermittent
22_265_4557,88,1.5471698113207548,1.5208298195311183,lumpy
22_265_4567,63,1.0,0.3297606077299432,smooth
22_265_4590,4,1.01840490797546,1.283936047589388,erratic
22_265_4635,0,5.862068965517241,1.283911111111111,lumpy
22_265_4875,0,1.0,0.3644432943528059,smooth
22_265_4931,0,4.473684210526316,1.4950998952178853,lumpy
22_265_4993,5,1.064516129032258,1.1030617324923078,erratic
22_265_5355,114,1.5555555555555556,0.5382961569470573,lumpy
22_265_5552,0,1.4285714285714286,0.6865762992483125,lumpy
22_265_5582,1,7.041666666666667,0.9864720541117834,lumpy
22_265_6059,85,2.8333333333333335,0.8518518518518521,lumpy
22_265_6181,0,1.0,0.5082244620197,erratic
22_265_6572,113,1.9655172413793103,0.4817888025155036,intermittent
22_265_6573,63,1.671875,1.367165434769545,lumpy
22_265_6801,2,6.222222222222222,0.623067776456599,lumpy
22_265_6810,112,2.4166666666666665,1.3910155778287647,lumpy
22_265_6845,127,1.72,0.7196314890533618,lumpy
22_265_6937,114,1.2727272727272727,0.3759045655892286,smooth
22_265_6995,73,1.0,0.31646268998686955,smooth
22_265_7050,0,4.722222222222222,0.9623959571938168,lumpy
22_265_7184,17,1.0,0.17484333669319313,smooth
22_265_7211,145,1.7857142857142858,0.3635116598079559,intermittent
22_265_7282,5,1.1,1.1502336308771124,erratic
22_265_7425,97,1.0735294117647058,0.2662238755312348,smooth
22_265_7713,62,1.5,0.45718749999999975,intermittent
22_265_7767,0,2.236842105263158,1.0926206266820455,lumpy
22_265_7806,0,1.7525773195876289,0.5888013983321204,lumpy
22_265_7846,1,3.9302325581395348,1.326816,lumpy
22_265_7942,0,1.0,0.971836465555498,erratic
22_265_8262,2,7.0,1.40025507492826,lumpy
22_265_8377,145,3.125,1.0740740740740742,lumpy
22_265_8699,144,1.0,0.1392675954698295,smooth
22_265_8934,114,1.5135135135135136,1.2106344510190672,lumpy
22_265_8975,52,1.0085470085470085,0.1507555454661091,smooth
22_265_9277,70,4.166666666666667,0.9570476707941318,lumpy
22_265_9324,149,7.0,0.2958579881656806,intermittent
22_265_9372,0,1.0,0.41758603725462884,smooth
22_265_9447,0,3.617021276595745,1.580625147229107,lumpy
22_265_9500,72,1.0888888888888888,0.25108289398777256,smooth
22_265_9605,85,2.073170731707317,0.8944012577517686,lumpy
22_265_9700,97,1.0138888888888888,0.2726967025356916,smooth
22_265_9728,128,1.5555555555555556,0.5946875000000003,lumpy
22_265_9799,52,1.0,0.16974596670413858,smooth
22_265_9814,147,5.75,0.8282548476454293,lumpy
22_265_9815,0,6.538461538461538,0.8729160113243156,lumpy
22_265_9835,113,1.425,1.279292403746098,lumpy
22_265_9844,1,3.840909090909091,1.0861364817702528,lumpy
22_265_10209,16,1.0,0.22164229445446149,smooth
22_265_10218,62,1.0,0.17406379289193596,smooth
22_265_10268,147,7.666666666666667,0.33593750000000006,intermittent
22_265_10376,81,1.0,0.5631591075233381,erratic
22_265_10416,141,2.0714285714285716,0.3305785123966942,intermittent
22_265_10625,62,2.1176470588235294,1.8229560491493382,lumpy
22_265_10722,22,1.0,0.3321393822955306,smooth
22_265_10751,134,4.0,0.9183673469387752,lumpy
22_265_10864,150,3.3333333333333335,0.8333333333333333,lumpy
22_265_10883,70,3.5714285714285716,2.1299732154180187,lumpy
22_265_10935,0,3.953488372093023,1.881848064280497,lumpy
22_265_10952,73,1.0,0.3241411236902325,smooth
22_265_11272,115,1.375,0.686822877299068,lumpy
22_265_11319,117,1.4324324324324325,0.45053064868081727,intermittent
22_265_11348,62,1.0,0.1487764763769951,smooth
22_265_11351,113,1.0555555555555556,0.41610220720441476,smooth
22_265_11379,67,1.0,0.22132578332843958,smooth
22_265_11439,53,1.0,0.2614024746334348,smooth
22_265_11500,18,1.0066225165562914,0.15921713153804193,smooth
22_265_12168,145,3.125,0.14177693761814744,intermittent
22_265_12182,77,1.0,0.4967750471855431,smooth
22_265_12204,134,1.8,0.3541666666666667,intermittent
22_265_12416,144,1.0,0.1124333877728726,smooth
22_265_12446,5,1.0509554140127388,1.0607537091691397,erratic
22_265_12540,37,4.290322580645161,0.6809818786982245,lumpy
22_265_12600,32,1.2432432432432432,1.4393726476744533,erratic
22_265_12695,0,2.8813559322033897,4.078055708328403,lumpy
22_265_12976,0,1.0,0.48766285557357036,smooth
22_265_13101,45,1.0,0.17088260582808734,smooth
22_265_13393,1,8.45,1.436817882971729,lumpy
22_265_13663,62,1.0,0.19979430333551734,smooth
22_265_13841,97,1.0,0.7423172425254891,erratic
22_265_13849,62,1.0,0.2157354331641276,smooth
22_265_13964,113,1.2666666666666666,0.9470868014268728,erratic
22_265_14022,2,7.304347826086956,0.8783126014061653,lumpy
22_265_14293,121,1.0425531914893618,0.6174338370163331,erratic
22_295_422,143,1.0,0.20213967940117208,smooth
22_295_597,96,1.1746031746031746,0.47841021560674546,smooth
22_295_860,117,1.0192307692307692,0.5477147108079552,erratic
22_295_929,62,1.0188679245283019,0.33869636596013186,smooth
22_295_946,96,1.2542372881355932,0.579311933106576,erratic
22_295_968,44,1.008,0.3263466687741445,smooth
22_295_1340,143,1.125,0.2681481481481481,smooth
22_295_1985,44,1.0,0.2146026080149358,smooth
22_295_2184,126,1.0,1.546711354988864,erratic
22_295_3780,44,1.0327868852459017,0.5418219007962598,erratic
22_295_3914,46,1.0,0.7443972421755914,erratic
22_295_3948,54,1.0175438596491229,0.48056680525916734,smooth
22_295_4083,143,1.0384615384615385,0.41445597846981946,smooth
22_295_4567,63,1.0388349514563107,0.393075155351041,smooth
22_295_4590,44,1.125,0.509794896013295,erratic
22_295_4875,44,1.0161290322580645,0.29069749173141407,smooth
22_295_4993,44,1.3263157894736841,0.468057736643389,smooth
22_295_6181,44,1.008,0.3964408787141334,smooth
22_295_6995,74,1.032258064516129,0.46071911712353125,smooth
22_295_7184,44,1.008,0.540155199789214,erratic
22_295_7282,44,1.2115384615384615,0.5965591647837489,erratic
22_295_7425,96,1.2542372881355932,0.3402268362259562,smooth
22_295_7942,44,1.0,0.37190233236151576,smooth
22_295_8699,143,1.0,0.3122396349930568,smooth
22_295_8975,52,1.0260869565217392,0.3717479102094487,smooth
22_295_9372,44,1.2,0.5715360887545166,erratic
22_295_9500,74,1.0434782608695652,0.3535456850469149,smooth
22_295_9700,96,1.0571428571428572,0.4695593887789193,smooth
22_295_9799,52,1.0085470085470085,0.42698368631805783,smooth
22_295_10209,44,1.0,0.2992281252988904,smooth
22_295_10218,62,1.0,0.4093116933831691,smooth
22_295_10376,82,1.0114942528735633,0.7044793258897745,erratic
22_295_10722,44,1.1454545454545455,0.38329589345820336,smooth
22_295_10952,74,1.0105263157894737,0.542738747557875,erratic
22_295_11348,62,1.0485436893203883,0.41614277215942885,smooth
22_295_11379,67,1.0,1.905348280945842,erratic
22_295_11439,54,1.0,0.48475756100030226,smooth
22_295_11500,44,1.0,0.5167641076287608,erratic
22_295_12182,77,1.0,0.44160340064239323,smooth
22_295_12416,143,1.0,0.5509641873278238,erratic
22_295_12446,44,1.1775700934579438,0.7744752443518671,erratic
22_295_12976,44,1.0161290322580645,0.5462760916043994,erratic
22_295_13101,46,1.0,0.3803997961901025,smooth
22_295_13663,62,1.0093457943925233,0.3316213763936949,smooth
22_295_13841,96,1.0,0.7191743291037482,erratic
22_295_13849,62,1.0,0.5898738588374469,erratic
22_295_14293,123,1.0681818181818181,0.30770846460827556,smooth
22_322_188,106,7.111111111111111,0.07999999999999981,intermittent
22_322_422,147,3.8333333333333335,0.10204081632653039,intermittent
22_322_929,114,2.9473684210526314,0.17283950617283939,intermittent
22_322_968,105,3.823529411764706,0.08310249307479227,intermittent
22_322_1985,109,3.388888888888889,0.32703213610586024,intermittent
22_322_2184,133,2.466666666666667,0.12188365650969539,intermittent
22_322_3780,108,4.428571428571429,0.11418685121107276,intermittent
22_322_3914,96,1.2542372881355932,0.4872843545508624,smooth
22_322_3948,98,2.4,0.29017655047532814,intermittent
22_322_4875,107,3.5,0.517169614984391,lumpy
22_322_6181,97,2.0277777777777777,0.5147392290249434,lumpy
22_322_6995,106,3.2,0.12426035502958563,intermittent
22_322_7942,98,1.7560975609756098,0.2671324912657886,intermittent
22_322_8699,150,10.0,0.0,intermittent
22_322_8975,111,2.185185185185185,0.1592797783933517,intermittent
22_322_9500,100,2.413793103448276,0.37691745799853865,intermittent
22_322_9799,118,3.25,0.19667590027700832,intermittent
22_322_10209,96,1.5416666666666667,0.3934911242603553,intermittent
22_322_10218,102,2.9565217391304346,0.1727367325702394,intermittent
22_322_10722,109,3.588235294117647,0.10499999999999983,intermittent
22_322_11348,96,2.8461538461538463,0.1523545706371194,intermittent
22_322_11379,96,1.608695652173913,0.22914263744713573,intermittent
22_322_11439,97,3.4761904761904763,0.09375000000000011,intermittent
22_322_12182,97,2.92,0.15933412604042818,intermittent
22_322_12416,151,3.8,0.0,intermittent
22_322_12976,107,6.3,0.24260355029585792,intermittent
22_322_13101,96,1.1384615384615384,0.6620330487900382,erratic
22_322_13663,96,2.466666666666667,0.15646258503401372,intermittent
22_322_13849,110,5.0,0.12,intermittent
22_338_422,144,1.0833333333333333,0.7066666666666666,erratic
22_338_597,123,1.175,0.3802083333333334,smooth
22_338_860,125,5.625,0.08641975308641975,intermittent
22_338_929,66,1.1818181818181819,0.428410583599174,smooth
22_338_946,122,1.5483870967741935,0.38048676798809644,intermittent
22_338_968,25,1.1693548387096775,0.4480725623582765,smooth
22_338_1340,145,1.4705882352941178,0.2641284949434861,intermittent
22_338_1985,0,1.0429447852760736,0.32343062497330066,smooth
22_338_2184,131,1.0,0.41265119968272856,smooth
22_338_3780,2,1.070063694267516,0.4877437544051998,smooth
22_338_3914,51,1.0,0.31466521607855485,smooth
22_338_3948,57,1.0462962962962963,0.34454429242581747,smooth
22_338_4083,146,1.5,0.16666666666666666,intermittent
22_338_4567,68,1.1333333333333333,0.3919005102040815,smooth
22_338_4590,6,1.2330827067669172,0.7135953653438821,erratic
22_338_4875,0,1.0759493670886076,0.6484613151400784,erratic
22_338_4993,6,1.2058823529411764,0.7126661796932067,erratic
22_338_6181,0,1.0059171597633136,0.7472900773971379,erratic
22_338_6995,77,1.1481481481481481,0.4419614241594312,smooth
22_338_7184,67,1.2409638554216869,0.37028301886792475,smooth
22_338_7425,122,1.0212765957446808,0.3536000000000002,smooth
22_338_7942,0,1.0,1.15406540778939,erratic
22_338_8699,146,2.0,0.6598639455782312,lumpy
22_338_8975,57,1.0462962962962963,0.3588437982857505,smooth
22_338_9500,77,1.2916666666666667,0.3993037471560538,smooth
22_338_9700,122,1.0212765957446808,0.18451721927626608,smooth
22_338_9799,57,1.0660377358490567,0.30002490029998935,smooth
22_338_10209,22,1.0277777777777777,0.46764861191394996,smooth
22_338_10218,66,1.0,0.28498293136342545,smooth
22_338_10722,25,1.1328125,0.42826628693485225,smooth
22_338_10952,77,1.1341463414634145,0.30035502958579896,smooth
22_338_11348,70,1.0416666666666667,0.31667762436993213,smooth
22_338_11379,73,1.0104166666666667,0.31134735654823525,smooth
22_338_11439,57,1.036697247706422,0.2307686169363849,smooth
22_338_11500,63,1.202247191011236,0.44130904368889595,smooth
22_338_12042,0,1.1333333333333333,1.3880076443916627,erratic
22_338_12182,97,1.0579710144927537,0.3379775926457913,smooth
22_338_12416,149,1.75,0.2592592592592593,intermittent
22_338_12446,6,1.4137931034482758,0.8282802833067383,lumpy
22_338_12976,1,1.0764331210191083,0.45388115776909743,smooth
22_338_13101,51,1.0,0.4291514945821121,smooth
22_338_13663,66,1.118279569892473,0.47443889705278336,smooth
22_338_13841,122,1.0434782608695652,0.32600415512465375,smooth
22_338_13849,66,1.0196078431372548,0.2719350961538464,smooth
22_338_14293,132,3.4545454545454546,0.22222222222222246,intermittent
23_333_91,147,1.0952380952380953,1.0451567822517251,erratic
23_333_148,119,51.0,0.0,intermittent
23_333_153,100,4.117647058823529,1.8676470588235294,lumpy
23_333_159,0,1.7525773195876289,1.222699321023637,lumpy
23_333_214,0,1.1724137931034482,0.955118738185255,erratic
23_333_293,58,1.2043010752688172,1.671521949138721,erratic
23_333_303,135,35.0,0.0,intermittent
23_333_327,139,15.5,0.0,intermittent
23_333_358,154,1.6,0.2955000000000001,intermittent
23_333_361,0,1.1888111888111887,1.1971697723503991,erratic
23_333_383,77,1.2567567567567568,0.8287256881709,erratic
23_333_409,7,1.393162393162393,2.477527847663391,lumpy
23_333_441,58,1.018181818181818,0.8384058368032727,erratic
23_333_525,119,51.0,0.0,intermittent
23_333_535,8,2.6129032258064515,1.861610447857743,lumpy
23_333_573,0,1.2056737588652482,0.34782353078482586,smooth
23_333_654,0,1.7346938775510203,0.9020126674728511,lumpy
23_333_700,148,3.6666666666666665,1.6326530612244896,lumpy
23_333_736,74,1.476923076923077,0.8932525751321321,lumpy
23_333_778,146,1.6,0.8489795918367343,lumpy
23_333_859,55,2.017543859649123,0.7989417224479176,lumpy
23_333_872,8,32.4,2.0172023540063373,lumpy
23_333_877,59,1.48,2.6660282517524863,lumpy
23_333_996,78,23.0,1.8148148148148149,lumpy
23_333_1074,154,8.0,0.0,intermittent
23_333_1088,130,40.0,0.0,intermittent
23_333_1101,0,3.3333333333333335,0.894268422926308,lumpy
23_333_1176,3,2.8793103448275863,0.5722314049586776,lumpy
23_333_1202,62,1.894736842105263,1.414776145471482,lumpy
23_333_1227,27,1.6436781609195403,1.6586467261607873,lumpy
23_333_1256,60,2.558139534883721,0.8582001836547289,lumpy
23_333_1275,0,1.0625,0.9451884316749184,erratic
23_333_1276,60,3.5483870967741935,0.84104229927265,lumpy
23_333_1278,5,1.2890625,1.3007052586926235,erratic
23_333_1290,1,1.4083333333333334,0.5651878678134903,lumpy
23_333_1302,60,1.4473684210526316,0.6655669714393436,lumpy
23_333_1388,88,2.9285714285714284,2.421502313990744,lumpy
23_333_1429,99,35.5,0.1111111111111111,intermittent
23_333_1459,139,31.0,0.0,intermittent
23_333_1514,2,12.923076923076923,0.21874999999999992,intermittent
23_333_1550,62,3.176470588235294,0.8069252684637298,lumpy
23_333_1569,131,19.5,0.0,intermittent
23_333_1809,97,5.214285714285714,0.4422476586888655,intermittent
23_333_1860,95,2.5,0.5404844290657439,lumpy
23_333_1918,65,6.5625,0.3727810650887574,intermittent
23_333_1935,84,7.818181818181818,0.29861111111111127,intermittent
23_333_2216,131,19.5,0.0,intermittent
23_333_2250,72,3.161290322580645,1.4215341308937366,lumpy
23_333_2305,73,4.619047619047619,0.5481569560047563,lumpy
23_333_2331,148,1.0,0.2693021797839505,smooth
23_333_2398,20,1.6483516483516483,1.032348166680678,lumpy
23_333_2431,68,3.0,1.4566267590842263,lumpy
23_333_2457,59,2.176470588235294,2.505696614583333,lumpy
23_333_2490,58,1.302325581395349,0.48458975031253687,smooth
23_333_2501,0,1.6666666666666667,11.489789864555734,lumpy
23_333_2667,1,42.25,0.3333333333333333,intermittent
23_333_2736,131,19.5,0.0,intermittent
23_333_2792,65,11.666666666666666,2.5567999999999995,lumpy
23_333_2800,44,10.5,0.43554687500000017,intermittent
23_333_2827,0,1.1971830985915493,0.6345659277247646,erratic
23_333_2870,93,5.923076923076923,0.5022843321687719,lumpy
23_333_2920,123,15.666666666666666,1.1136146242958864,lumpy
23_333_2924,138,16.0,0.0,intermittent
23_333_2933,68,3.1875,0.34059171597633137,intermittent
23_333_3039,81,1.2535211267605635,0.7931008518954104,erratic
23_333_3177,131,19.5,0.0,intermittent
23_333_3216,119,51.0,0.0,intermittent
23_333_3335,0,1.8085106382978724,2.5892540622937155,lumpy
23_333_3336,86,5.6,0.78125,lumpy
23_333_3350,119,51.0,0.0,intermittent
23_333_3427,73,8.083333333333334,1.7242798353909463,lumpy
23_333_3516,0,1.1486486486486487,1.6279229233485162,erratic
23_333_3531,141,1.5263157894736843,1.745784566554255,lumpy
23_333_3535,2,7.0,1.4473850031505988,lumpy
23_333_3582,10,1.1111111111111112,0.7451189437253757,erratic
23_333_3685,152,9.0,0.0,intermittent
23_333_3722,82,6.769230769230769,0.4568664337543672,intermittent
23_333_3768,74,1.1162790697674418,0.9716971656074219,erratic
23_333_3802,88,2.0,3.2964956533489476,lumpy
23_333_3819,1,1.5225225225225225,3.8141650641630647,lumpy
23_333_3852,58,3.6129032258064515,1.5394083690842524,lumpy
23_333_3884,1,1.8571428571428572,5.551162099948019,lumpy
23_333_3919,147,1.0952380952380953,1.91095,erratic
23_333_3934,1,1.9425287356321839,1.2684637237700092,lumpy
23_333_3935,148,3.142857142857143,0.9669421487603306,lumpy
23_333_3985,145,12.5,0.0,intermittent
23_333_3986,0,1.5315315315315314,1.7159129709351646,lumpy
23_333_4143,131,3.9,0.9055555555555554,lumpy
23_333_4179,59,1.2065217391304348,0.5524615727333482,erratic
23_333_4257,147,1.0,0.38633977777582085,smooth
23_333_4360,58,2.4347826086956523,2.4030612244897958,lumpy
23_333_4369,152,9.0,0.0,intermittent
23_333_4375,132,1.6521739130434783,0.844351153151238,lumpy
23_333_4499,156,14.0,0.0,intermittent
23_333_4639,1,6.5,1.3267429760665972,lumpy
23_333_4701,131,19.5,0.0,intermittent
23_333_4735,92,1.1818181818181819,0.6939816743023741,erratic
23_333_4765,146,12.0,0.0,intermittent
23_333_4954,59,1.0277777777777777,0.9590521303011603,erratic
23_333_4968,59,2.3617021276595747,1.6964213804397428,lumpy
23_333_4987,21,149.0,0.0,intermittent
23_333_5009,123,6.714285714285714,0.0,intermittent
23_333_5036,72,1.2564102564102564,1.148522212403035,erratic
23_333_5065,73,6.928571428571429,0.5574999999999999,lumpy
23_333_5172,147,1.3529411764705883,0.5450459382642606,lumpy
23_333_5220,70,3.0303030303030303,2.225918367346939,lumpy
23_333_5251,131,4.875,0.8803305785123967,lumpy
23_333_5297,73,3.88,2.048780487804878,lumpy
23_333_5378,0,1.7894736842105263,0.7973079421235197,lumpy
23_333_5399,59,3.0833333333333335,0.655801489345255,lumpy
23_333_5516,53,2.0172413793103448,1.2133824487320595,lumpy
23_333_5522,141,14.5,0.0,intermittent
23_333_5586,131,39.0,0.0,intermittent
23_333_5677,58,3.393939393939394,1.0348011363636365,lumpy
23_333_5746,147,1.0952380952380953,0.3964108315975005,smooth
23_333_5862,61,1.8793103448275863,0.6019947416552355,lumpy
23_333_5865,114,1.0769230769230769,0.5549996899096602,erratic
23_333_5888,115,1.25,0.3827977315689984,smooth
23_333_5983,0,1.3709677419354838,0.3948631320305602,intermittent
23_333_5999,58,1.087378640776699,0.5170794159709711,erratic
23_333_6035,6,1.5471698113207548,1.2578096795429932,lumpy
23_333_6048,141,5.8,1.7530991735537194,lumpy
23_333_6299,0,1.118421052631579,1.4017844190339097,erratic
23_333_6342,0,1.5044247787610618,0.8960232527414455,lumpy
23_333_6429,148,2.2,1.0634920634920637,lumpy
23_333_6488,60,1.9298245614035088,0.9538278546712806,lumpy
23_333_6551,148,3.6666666666666665,0.31250000000000017,intermittent
23_333_6584,0,1.1564625850340136,0.7215872392700194,erratic
23_333_6586,59,3.5806451612903225,2.5902701792778386,lumpy
23_333_6629,135,17.5,0.0,intermittent
23_333_6667,74,1.6551724137931034,2.576185166333715,lumpy
23_333_6725,130,40.0,0.0,intermittent
23_333_6737,0,1.8478260869565217,31.897396335302613,lumpy
23_333_6778,68,2.125,2.8943715104874,lumpy
23_333_6800,73,1.3661971830985915,1.1435381355932202,lumpy
23_333_6846,72,4.9,4.3090040276919375,lumpy
23_333_6864,82,4.4,1.978125,lumpy
23_333_6912,7,1.4553571428571428,25.399160492582496,lumpy
23_333_6952,2,8.4,0.7836124943413306,lumpy
23_333_7019,4,2.7666666666666666,9.942714422361568,lumpy
23_333_7069,78,2.358974358974359,0.3770370370370373,intermittent
23_333_7150,101,1.5,1.4250497798089008,lumpy
23_333_7163,61,1.4931506849315068,1.0599255886492949,lumpy
23_333_7171,114,18.666666666666668,0.2857142857142855,intermittent
23_333_7175,80,9.0,6.162962962962964,lumpy
23_333_7241,148,1.0,0.5607705849806346,erratic
23_333_7274,0,1.0897435897435896,2.0142346494411383,erratic
23_333_7357,58,1.435897435897436,1.5669199638978661,lumpy
23_333_7389,58,1.3658536585365855,0.581899855688733,lumpy
23_333_7406,107,1.26,3.227809750330934,erratic
23_333_7523,148,1.0,0.3923138346880695,smooth
23_333_7527,16,77.0,0.36,intermittent
23_333_7543,156,7.0,0.0,intermittent
23_333_7631,27,11.0,0.5165028974552786,lumpy
23_333_7643,2,84.0,0.36,intermittent
23_333_7646,0,3.6956521739130435,0.9289868380777477,lumpy
23_333_7679,0,56.666666666666664,0.0,intermittent
23_333_7906,81,22.25,1.2714681440443214,lumpy
23_333_7939,78,3.4074074074074074,0.6666666666666666,lumpy
23_333_7956,148,4.4,0.11111111111111122,intermittent
23_333_7994,148,7.333333333333333,1.092627599243856,lumpy
23_333_8006,61,2.5952380952380953,1.2589007659287934,lumpy
23_333_8017,4,3.1923076923076925,3.5677525697671753,lumpy
23_333_8067,0,1.223021582733813,0.8111339361163005,erratic
23_333_8073,116,18.0,1.2249547011432242,lumpy
23_333_8171,70,2.1739130434782608,0.5254326859558727,lumpy
23_333_8178,123,47.0,0.0,intermittent
23_333_8268,0,4.722222222222222,1.6251441753171856,lumpy
23_333_8298,5,1.5865384615384615,1.2971461102447959,lumpy
23_333_8331,63,3.34375,0.45337274926095134,intermittent
23_333_8389,0,1.3076923076923077,0.8796702023156475,erratic
23_333_8393,58,1.7230769230769232,0.9445380332377485,lumpy
23_333_8427,78,4.380952380952381,1.1419270833333335,lumpy
23_333_8484,58,1.5774647887323943,2.2613359244017674,lumpy
23_333_8633,148,1.0,0.33685236219295706,smooth
23_333_8763,81,2.6176470588235294,1.7875566893424037,lumpy
23_333_8908,2,1.1666666666666667,0.9122111616593841,erratic
23_333_8918,106,7.111111111111111,1.0398572278405713,lumpy
23_333_8949,58,1.0566037735849056,0.9309618324533341,erratic
23_333_8996,147,1.0,0.2642880707950863,smooth
23_333_9027,33,22.833333333333332,0.6363636363636366,lumpy
23_333_9035,73,1.6166666666666667,1.9103297634766165,lumpy
23_333_9090,5,1.6336633663366336,1.1606706715449833,lumpy
23_333_9117,78,2.4210526315789473,1.339576507408675,lumpy
23_333_9152,61,3.892857142857143,0.3375578049831684,intermittent
23_333_9175,0,2.6153846153846154,1.7612395863257686,lumpy
23_333_9176,59,1.1326530612244898,1.0269056839438442,erratic
23_333_9225,97,14.6,0.12244897959183697,intermittent
23_333_9236,0,2.0238095238095237,0.707612456747405,lumpy
23_333_9303,60,1.6923076923076923,1.517273950623674,lumpy
23_333_9317,0,1.1643835616438356,1.5445684259955978,erratic
23_333_9347,62,1.542857142857143,5.605590181594336,lumpy
23_333_9490,2,1.1748251748251748,5.385232898746413,erratic
23_333_9491,131,3.9,0.15646258503401347,intermittent
23_333_9529,60,2.2916666666666665,0.9267367136400908,lumpy
23_333_9583,29,141.0,0.0,intermittent
23_333_9633,131,19.5,0.0,intermittent
23_333_9650,117,6.625,1.271604938271605,lumpy
23_333_9717,58,1.037037037037037,0.4643534199287053,smooth
23_333_9817,9,1.6428571428571428,15.595720711036195,lumpy
23_333_9822,6,1.2148148148148148,2.4274520469926752,erratic
23_333_9824,72,1.96,3.159889619349079,lumpy
23_333_9951,139,4.428571428571429,1.2090729783037477,lumpy
23_333_9997,75,95.0,0.0,intermittent
23_333_10031,64,3.4193548387096775,1.5335409477316726,lumpy
23_333_10046,135,17.5,0.0,intermittent
23_333_10099,151,4.75,0.9259259259259259,lumpy
23_333_10126,0,7.391304347826087,3.161216281882941,lumpy
23_333_10175,0,5.483870967741935,0.4928656361474437,intermittent
23_333_10185,119,51.0,0.0,intermittent
23_333_10193,31,2.9574468085106385,0.5187074829931976,lumpy
23_333_10360,9,1.2677165354330708,2.1566311418685125,erratic
23_333_10368,5,3.173076923076923,1.3348092715829263,lumpy
23_333_10428,142,1.8666666666666667,0.39078776041666646,intermittent
23_333_10449,119,17.0,0.2857142857142855,intermittent
23_333_10467,4,2.0,1.8612719982178658,lumpy
23_333_10485,145,12.5,0.0,intermittent
23_333_10547,1,2.913793103448276,2.902469135802469,lumpy
23_333_10602,58,1.2727272727272727,2.3569087770069554,erratic
23_333_10607,150,3.3333333333333335,1.148148148148148,lumpy
23_333_10937,119,51.0,0.0,intermittent
23_333_11013,132,1.1875,1.112419121061866,erratic
23_333_11022,74,1.0434782608695652,1.0474837629574985,erratic
23_333_11073,85,5.3125,0.12396694214876033,intermittent
23_333_11119,62,3.6,0.4640407355973571,intermittent
23_333_11124,7,2.2027027027027026,3.0897487523791702,lumpy
23_333_11150,139,31.0,0.0,intermittent
23_333_11197,16,10.266666666666667,2.2299042065805916,lumpy
23_333_11207,0,1.0897435897435896,0.9514243973703432,erratic
23_333_11245,96,4.625,0.8140589569160998,lumpy
23_333_11271,24,73.0,0.9962721374470929,lumpy
23_333_11375,80,2.0,1.204844290657439,lumpy
23_333_11391,151,9.5,0.0,intermittent
23_333_11410,131,19.5,0.0,intermittent
23_333_11457,71,4.304347826086956,1.0909090909090908,lumpy
23_333_11481,157,6.5,0.0,intermittent
23_333_11529,58,2.488888888888889,1.047526041666666,lumpy
23_333_11533,151,4.75,0.0,intermittent
23_333_11543,1,1.2803030303030303,2.47353496523263,erratic
23_333_11577,0,1.452991452991453,1.5596993182215488,lumpy
23_333_11589,48,9.384615384615385,1.5556437214838323,lumpy
23_333_11613,0,1.0,1.4538188810768584,erratic
23_333_11629,6,18.22222222222222,0.8641975308641976,lumpy
23_333_11641,68,3.7777777777777777,0.49999999999999983,intermittent
23_333_11650,0,2.6153846153846154,1.5207543604822804,lumpy
23_333_11675,7,40.75,0.2777777777777778,intermittent
23_333_11739,61,1.7868852459016393,0.850235307621671,lumpy
23_333_11842,126,22.0,0.0,intermittent
23_333_11845,152,6.0,0.5185185185185185,lumpy
23_333_11869,0,17.0,0.6099773242630384,lumpy
23_333_11885,59,2.0943396226415096,0.8293989287839717,lumpy
23_333_12100,131,6.5,0.9270833333333333,lumpy
23_333_12126,58,1.1789473684210525,0.6091056209547746,erratic
23_333_12159,19,1.5408163265306123,1.33128186698412,lumpy
23_333_12224,1,56.333333333333336,1.7162053211502288,lumpy
23_333_12255,59,1.88135593220339,15.190587049634669,lumpy
23_333_12311,27,3.4047619047619047,0.3439153439153439,intermittent
23_333_12322,148,1.0,0.4574298469387756,smooth
23_333_12345,60,3.4375,3.169488047604391,lumpy
23_333_12361,115,1.6176470588235294,0.9740816326530616,lumpy
23_333_12433,108,31.0,0.36,intermittent
23_333_12485,119,51.0,0.0,intermittent
23_333_12567,27,1.375,1.203548240729751,lumpy
23_333_12648,131,19.5,0.0,intermittent
23_333_12731,0,1.2056737588652482,0.6470262913098692,erratic
23_333_12864,58,3.8620689655172415,0.9220658441316881,lumpy
23_333_12947,0,2.7419354838709675,4.8293627503387295,lumpy
23_333_13077,16,154.0,0.0,intermittent
23_333_13119,56,4.222222222222222,0.1893491124260355,intermittent
23_333_13130,3,2.420289855072464,1.6695993953136814,lumpy
23_333_13259,73,4.85,0.5814506539833532,lumpy
23_333_13324,142,7.0,0.25,intermittent
23_333_13443,0,1.5454545454545454,1.205366860574216,lumpy
23_333_13499,66,3.0588235294117645,0.9241597242171788,lumpy
23_333_13617,0,34.0,0.11111111111111122,intermittent
23_333_13652,2,2.1,0.625906560971496,lumpy
23_333_13711,59,1.1326530612244898,1.5798082572237357,erratic
23_333_13780,116,4.909090909090909,3.398446789536267,lumpy
23_333_13786,148,2.75,0.4,intermittent
23_333_13868,20,1.4705882352941178,0.9671736116686246,lumpy
23_333_13909,147,1.0,0.18695749884328106,smooth
23_333_13956,84,2.606060606060606,1.6385194680339688,lumpy
23_333_14093,100,1.4,7.237934971694337,lumpy
23_333_14162,147,1.0,0.17486046806131694,smooth
23_333_14191,143,2.7,2.0121527777777777,lumpy
24_42_27,5,1.6666666666666667,0.3909423067957841,intermittent
24_42_70,50,2.2222222222222223,0.5149591411632751,lumpy
24_42_125,57,2.825,0.3191574839302113,intermittent
24_42_143,0,1.069182389937107,0.3655867829173257,smooth
24_42_181,122,4.363636363636363,0.23469387755102045,intermittent
24_42_322,0,1.5315315315315314,0.2076444773241333,intermittent
24_42_396,55,6.388888888888889,0.8062283737024223,lumpy
24_42_418,50,2.4489795918367347,0.25708884688090755,intermittent
24_42_465,0,2.0,0.589350330815001,lumpy
24_42_466,10,7.2727272727272725,0.42592592592592576,intermittent
24_42_538,0,1.7346938775510203,0.26530612244897966,intermittent
24_42_547,46,1.0782608695652174,0.3748150678970761,smooth
24_42_561,0,1.9318181818181819,0.24120253323812882,intermittent
24_42_563,45,1.179245283018868,0.36302614795918386,smooth
24_42_582,0,1.8681318681318682,0.22363646410875138,intermittent
24_42_635,1,1.0696202531645569,0.3545723356009071,smooth
24_42_765,0,1.3385826771653544,0.3789644970414203,intermittent
24_42_836,0,1.0,0.0957197750028278,smooth
24_42_844,0,1.223021582733813,0.5963026504674206,erratic
24_42_933,58,3.111111111111111,0.5362811791383219,lumpy
24_42_938,0,3.8636363636363638,0.3224852071005917,intermittent
24_42_942,0,4.0476190476190474,0.23709809163139536,intermittent
24_42_1070,50,10.909090909090908,0.0694444444444446,intermittent
24_42_1125,100,1.09375,0.508306660570035,erratic
24_42_1139,4,1.5961538461538463,0.37947734286264956,intermittent
24_42_1182,0,1.2056737588652482,0.4106252649737583,smooth
24_42_1193,103,1.425531914893617,0.6214555765595463,lumpy
24_42_1203,16,1.0405405405405406,0.9777647726382417,erratic
24_42_1230,0,3.6956521739130435,0.32471655328798205,intermittent
24_42_1398,0,1.7,0.1908991368565737,intermittent
24_42_1422,65,5.25,2.6961451247165535,lumpy
24_42_1449,130,1.1111111111111112,0.30222358668479443,smooth
24_42_1518,0,1.9540229885057472,0.44531579714704456,intermittent
24_42_1597,0,1.0,0.0780892973910233,smooth
24_42_1609,0,1.7894736842105263,0.17873856175944253,intermittent
24_42_1616,83,43.5,0.0,intermittent
24_42_1664,100,1.1864406779661016,0.4376902686512945,smooth
24_42_1694,0,1.0303030303030303,0.39390523197512706,smooth
24_42_1737,47,2.3653846153846154,0.3427137013955252,intermittent
24_42_1762,101,1.0147058823529411,0.15516547910623957,smooth
24_42_1795,0,21.25,0.1947069943289225,intermittent
24_42_1852,101,1.0298507462686568,0.1879433841512309,smooth
24_42_1865,0,4.722222222222222,0.48302399275690355,intermittent
24_42_1873,0,1.6666666666666667,0.261242259870893,intermittent
24_42_1884,0,1.4912280701754386,0.30913221092845483,intermittent
24_42_1976,0,3.7777777777777777,0.07668698437627201,intermittent
24_42_1979,42,4.571428571428571,1.6735680173868281,lumpy
24_42_2017,104,3.0,0.662222222222222,lumpy
24_42_2028,0,1.0303030303030303,0.3633409628756521,smooth
24_42_2133,57,2.26,0.47074208432998194,intermittent
24_42_2137,0,1.0179640718562875,0.27456959600166597,smooth
24_42_2258,49,2.326923076923077,0.33377424808922135,intermittent
24_42_2270,44,1.0588235294117647,0.31303287394998275,smooth
24_42_2520,101,1.0952380952380953,0.36787158145065413,smooth
24_42_2565,0,1.0,0.5240775610486242,erratic
24_42_2582,35,4.21875,1.1853133410226835,lumpy
24_42_2595,59,2.775,0.164196776040605,intermittent
24_42_2773,46,4.769230769230769,0.3300135808057944,intermittent
24_42_2777,0,1.6037735849056605,0.20723405962086427,intermittent
24_42_2793,0,1.8888888888888888,0.45608218654751703,intermittent
24_42_2808,0,1.0059171597633136,0.2425880490700436,smooth
24_42_2842,44,1.0413223140495869,0.3795959560294703,smooth
24_42_2896,0,3.6956521739130435,0.5871539937474001,lumpy
24_42_2898,50,2.4,0.3402095010955773,intermittent
24_42_2938,53,117.0,0.0,intermittent
24_42_2966,101,2.5555555555555554,1.0086505190311421,lumpy
24_42_2976,0,1.0240963855421688,0.2870805873511387,smooth
24_42_3066,82,44.0,0.0,intermittent
24_42_3169,0,1.0429447852760736,0.3607429017311557,smooth
24_42_3204,0,1.0429447852760736,0.24744774041760592,smooth
24_42_3341,85,85.0,0.0,intermittent
24_42_3344,67,4.291666666666667,0.9874999999999996,lumpy
24_42_3354,0,3.6956521739130435,0.15204444444444448,intermittent
24_42_3358,49,8.642857142857142,0.5555555555555556,lumpy
24_42_3374,0,1.069182389937107,0.3565196990966796,smooth
24_42_3379,135,1.1666666666666667,0.30613900939421373,smooth
24_42_3413,3,1.7216494845360826,0.19226404457729504,intermittent
24_42_3475,0,1.3385826771653544,1.0730407910538782,lumpy
24_42_3599,4,1.5514018691588785,0.3420145070577971,intermittent
24_42_3672,4,11.066666666666666,0.0899653979238755,intermittent
24_42_3743,0,1.0493827160493827,0.2582204434829639,smooth
24_42_3860,11,1.1118881118881119,0.5033671822916163,erratic
24_42_3912,0,3.3333333333333335,0.34584176085663293,intermittent
24_42_3915,36,33.5,0.0,intermittent
24_42_3957,0,1.6666666666666667,0.3157153469814911,intermittent
24_42_4088,0,1.0,0.1544580036656974,smooth
24_42_4104,0,1.0240963855421688,0.19768507171991623,smooth
24_42_4121,0,2.236842105263158,0.45682435491172446,intermittent
24_42_4145,122,5.333333333333333,0.12500000000000006,intermittent
24_42_4153,1,1.111842105263158,0.41111490947602675,smooth
24_42_4225,44,8.4,0.19047619047619072,intermittent
24_42_4267,0,1.0493827160493827,0.3109052326484136,smooth
24_42_4344,45,1.0,0.3103351356919047,smooth
24_42_4410,0,1.069182389937107,0.8784249614588828,erratic
24_42_4533,0,1.0493827160493827,0.335538785000115,smooth
24_42_4581,62,8.307692307692308,0.22116527942925088,intermittent
24_42_4593,0,1.8085106382978724,0.2896839872505023,intermittent
24_42_4601,0,1.7708333333333333,0.23618902558176627,intermittent
24_42_4629,0,10.625,0.2746730083234245,intermittent
24_42_4638,0,1.683168316831683,0.11713420917435549,intermittent
24_42_4649,4,1.66,0.21553281165870644,intermittent
24_42_4695,44,1.0327868852459017,0.25536178069961857,smooth
24_42_4713,0,1.0059171597633136,0.1705264862308064,smooth
24_42_4728,0,1.0,0.20916397603640313,smooth
24_42_4815,44,1.0862068965517242,0.33671874999999973,smooth
24_42_4838,0,1.1888111888111887,0.5224725410480446,erratic
24_42_4858,61,13.625,0.49333333333333335,intermittent
24_42_4919,0,1.8888888888888888,0.28117169004966436,intermittent
24_42_5014,127,1.0238095238095237,0.21075667031394657,smooth
24_42_5030,39,131.0,0.0,intermittent
24_42_5070,0,4.473684210526316,0.7927130207577299,lumpy
24_42_5158,0,4.857142857142857,0.33905841012585614,intermittent
24_42_5192,0,1.6037735849056605,0.2316199614069591,intermittent
24_42_5224,0,3.5416666666666665,0.4093842665271237,intermittent
24_42_5238,0,2.5,0.19052828395971072,intermittent
24_42_5262,0,8.095238095238095,0.42285714285714276,intermittent
24_42_5269,51,3.051282051282051,0.4033736521805008,intermittent
24_42_5344,0,1.5454545454545454,0.18883753609028325,intermittent
24_42_5375,68,7.285714285714286,0.2321428571428572,intermittent
24_42_5389,0,1.7525773195876289,0.2664934654432255,intermittent
24_42_5461,3,1.518181818181818,0.7527975744754384,lumpy
24_42_5518,56,4.384615384615385,0.2522448979591835,intermittent
24_42_5534,21,11.461538461538462,0.8051362611843451,lumpy
24_42_5594,59,5.285714285714286,0.26190476190476186,intermittent
24_42_5659,9,5.366666666666666,0.16143170197224233,intermittent
24_42_5705,58,2.6666666666666665,0.4968858131487892,intermittent
24_42_5770,0,1.118421052631579,0.4835965270089152,smooth
24_42_5772,0,1.8085106382978724,0.288595050728408,intermittent
24_42_5781,70,1.694915254237288,0.6825733657678177,lumpy
24_42_5936,101,1.3018867924528301,0.45890612244897955,smooth
24_42_5953,2,3.169811320754717,0.5645544982698962,lumpy
24_42_6009,59,3.9642857142857144,0.25176470588235317,intermittent
24_42_6044,0,1.9101123595505618,0.3057348699571725,intermittent
24_42_6177,0,3.6956521739130435,0.25834417833718587,intermittent
24_42_6219,0,1.9318181818181819,0.21816151740853212,intermittent
24_42_6274,0,4.473684210526316,0.2741002175072845,intermittent
24_42_6308,111,1.0350877192982457,0.3342280203489278,smooth
24_42_6356,0,1.9540229885057472,1.897225765306123,lumpy
24_42_6371,4,15.090909090909092,0.375,intermittent
24_42_6425,20,7.5,0.785207100591716,lumpy
24_42_6449,0,1.9540229885057472,0.32983603434866104,intermittent
24_42_6509,0,1.7171717171717171,0.23648979591836738,intermittent
24_42_6513,0,4.146341463414634,0.18519345902957735,intermittent
24_42_6529,0,1.8478260869565217,0.22240920219992594,intermittent
24_42_6576,0,1.0559006211180124,0.3082289514462812,smooth
24_42_6657,0,1.6504854368932038,0.1362559751068617,intermittent
24_42_6735,0,1.7525773195876289,0.5376886222640815,lumpy
24_42_6755,0,1.9540229885057472,0.3280329546529527,intermittent
24_42_6792,10,1.8823529411764706,0.3728001782134106,intermittent
24_42_6854,0,1.0059171597633136,0.2706123186843003,smooth
24_42_6880,64,1.0816326530612246,0.5740954333803236,erratic
24_42_6893,0,1.8085106382978724,0.3494613303154234,intermittent
24_42_6921,136,1.1724137931034482,0.40559546313799605,smooth
24_42_6923,10,1.927710843373494,0.4893499361186857,intermittent
24_42_6957,28,20.285714285714285,0.36111111111111127,intermittent
24_42_7107,44,1.105263157894737,0.4440783812023889,smooth
24_42_7195,3,1.815217391304348,0.3480289086272403,intermittent
24_42_7210,101,1.0,0.2702345260243271,smooth
24_42_7269,0,1.1409395973154361,0.6417121792684974,erratic
24_42_7505,0,1.0,0.17260651927967524,smooth
24_42_7636,5,8.68421052631579,0.9609876543209879,lumpy
24_42_7688,0,3.953488372093023,0.27631020408163265,intermittent
24_42_7734,0,1.8085106382978724,0.15606460826969137,intermittent
24_42_7737,49,2.326923076923077,0.820063306549793,lumpy
24_42_7794,2,16.8,1.0,lumpy
24_42_7842,1,6.5,0.3270321361058603,intermittent
24_42_7883,64,1.0495049504950495,0.3300188121472721,smooth
24_42_7925,136,1.0303030303030303,0.3774767013861696,smooth
24_42_7977,44,14.0,0.1938775510204081,intermittent
24_42_8008,0,1.9101123595505618,0.2676244407565917,intermittent
24_42_8021,0,1.5178571428571428,0.2403647472651048,intermittent
24_42_8035,0,1.0,0.08385784217730385,smooth
24_42_8116,100,1.0144927536231885,0.2861038446294095,smooth
24_42_8128,0,1.7894736842105263,0.19940266509913068,intermittent
24_42_8139,0,1.0365853658536586,0.44196093209203546,smooth
24_42_8158,0,1.683168316831683,5.6875313402888885,lumpy
24_42_8173,1,1.0119760479041917,0.26662120065088163,smooth
24_42_8175,0,1.223021582733813,0.3892177220594227,smooth
24_42_8212,0,1.096774193548387,0.8414556194758533,erratic
24_42_8321,0,1.7708333333333333,0.32271653639175013,intermittent
24_42_8334,60,1.3095238095238095,1.110461878846825,erratic
24_42_8438,4,23.714285714285715,0.26000000000000006,intermittent
24_42_8451,20,10.0,0.9388429752066118,lumpy
24_42_8463,0,1.118421052631579,0.4152505326637318,smooth
24_42_8485,0,1.0,0.12708829396762128,smooth
24_42_8495,0,1.0,0.21210034941843756,smooth
24_42_8525,0,1.0365853658536586,0.2450173602621157,smooth
24_42_8544,100,1.0,0.20223563430301408,smooth
24_42_8569,0,1.6504854368932038,0.6320422535211266,lumpy
24_42_8585,71,4.5,1.2498173849525198,lumpy
24_42_8796,0,1.0303030303030303,1.407564288841373,erratic
24_42_8814,33,6.523809523809524,0.5820105820105819,lumpy
24_42_8848,10,11.428571428571429,0.4920634920634921,intermittent
24_42_8916,5,1.71875,0.5797245378734217,lumpy
24_42_9036,0,1.0303030303030303,0.1937173142468863,smooth
24_42_9061,58,2.6666666666666665,0.26891813760500627,intermittent
24_42_9086,58,2.8,0.06905410015246348,intermittent
24_42_9129,4,1.6116504854368932,0.2564815503492946,intermittent
24_42_9196,0,1.0,0.1514130556273755,smooth
24_42_9242,100,1.0769230769230769,0.86004,erratic
24_42_9293,0,1.8681318681318682,0.22497748254410127,intermittent
24_42_9355,150,1.0,0.3892304612656925,smooth
24_42_9381,51,2.2884615384615383,0.2970510396975424,intermittent
24_42_9401,0,1.0119047619047619,0.12373213166704773,smooth
24_42_9424,44,1.0161290322580645,0.20985407859796232,smooth
24_42_9469,0,1.0,0.3374795843536641,smooth
24_42_9473,131,1.3,0.2749660479855139,smooth
24_42_9497,0,1.9101123595505618,0.3585475438092503,intermittent
24_42_9514,101,1.0952380952380953,0.4548104956268219,smooth
24_42_9577,0,4.146341463414634,0.38284799999999997,intermittent
24_42_9614,1,1.2900763358778626,0.4525808963583385,smooth
24_42_9670,9,1.288,0.4752094460306388,smooth
24_42_9790,0,1.0429447852760736,0.39992299241689205,smooth
24_42_9795,10,53.333333333333336,0.0,intermittent
24_42_9847,136,1.0303030303030303,0.39542857142857163,smooth
24_42_9855,73,1.3287671232876712,0.40157504349684064,smooth
24_42_9942,1,6.035714285714286,0.4795061728395061,intermittent
24_42_9954,49,2.574468085106383,0.4633856829802774,intermittent
24_42_10038,0,2.2666666666666666,0.49618670997810876,intermittent
24_42_10077,0,2.2666666666666666,0.4231269510926116,intermittent
24_42_10122,56,2.7142857142857144,0.5687869822485205,lumpy
24_42_10136,70,1.25,0.7784499054820415,erratic
24_42_10198,59,2.8461538461538463,0.6021193206561185,lumpy
24_42_10255,0,1.0828025477707006,0.3927436650502017,smooth
24_42_10415,57,2.4565217391304346,0.268641818302809,intermittent
24_42_10423,0,1.0119047619047619,0.11855568970926748,smooth
24_42_10433,1,6.5,0.5727788279773159,lumpy
24_42_10482,0,1.9767441860465116,0.633649626627287,lumpy
24_42_10495,0,2.207792207792208,0.36152958798918755,intermittent
24_42_10539,0,4.358974358974359,0.570635020830703,lumpy
24_42_10638,0,4.594594594594595,0.09617844665412512,intermittent
24_42_10649,0,5.483870967741935,0.10956902848794721,intermittent
24_42_10675,1,24.142857142857142,0.9414062500000001,lumpy
24_42_10686,0,17.0,0.16022879740131343,intermittent
24_42_10802,0,1.0059171597633136,0.21062604488168699,smooth
24_42_10914,0,1.5454545454545454,0.48788321799307954,intermittent
24_42_10945,0,24.285714285714285,1.0158730158730158,lumpy
24_42_10986,22,16.444444444444443,0.24793388429752086,intermittent
24_42_11039,0,5.666666666666667,0.31715976331360973,intermittent
24_42_11040,2,1.5135135135135136,0.7732249999999999,lumpy
24_42_11202,53,3.774193548387097,0.3012345679012344,intermittent
24_42_11222,0,1.8279569892473118,0.25065485244572694,intermittent
24_42_11269,1,1.2246376811594204,0.6518885827976737,erratic
24_42_11321,0,1.3709677419354838,0.3714449870726801,intermittent
24_42_11373,0,1.0119047619047619,0.15438479204492184,smooth
24_42_11386,0,3.953488372093023,0.13601831481249355,intermittent
24_42_11441,0,1.0,0.3574539996925606,smooth
24_42_11530,44,1.1454545454545455,0.529875151837503,erratic
24_42_11558,8,3.5217391304347827,1.0121775356513376,lumpy
24_42_11573,0,1.0,0.18894639084338688,smooth
24_42_11639,0,1.0759493670886076,0.680813130144831,erratic
24_42_11682,0,4.857142857142857,0.1570247933884298,intermittent
24_42_11745,11,1.0192307692307692,0.4953777217671354,smooth
24_42_11778,0,1.1409395973154361,0.5818862895295275,erratic
24_42_11860,102,1.096774193548387,0.3656387665198238,smooth
24_42_11886,0,1.7,0.10520824961146397,intermittent
24_42_11899,50,2.7906976744186047,0.3019444444444444,intermittent
24_42_11938,0,1.0240963855421688,0.3768396694214877,smooth
24_42_11954,0,2.151898734177215,0.6902775510204083,lumpy
24_42_11989,57,2.3541666666666665,0.3111137946302782,intermittent
24_42_12003,45,2.6041666666666665,0.8961308049186976,lumpy
24_42_12017,0,4.25,0.10737942235717819,intermittent
24_42_12030,0,1.0625,0.4502455351689433,smooth
24_42_12072,0,1.7894736842105263,0.35287862346241167,intermittent
24_42_12105,34,9.066666666666666,0.9970414201183431,lumpy
24_42_12124,67,1.4305555555555556,0.7482749585116601,lumpy
24_42_12127,0,3.953488372093023,0.1598648385691915,intermittent
24_42_12133,111,1.0,0.2338215638226776,smooth
24_42_12193,44,1.0413223140495869,0.19267630353367154,smooth
24_42_12286,0,1.6666666666666667,0.12943146390022608,intermittent
24_42_12295,0,1.0119047619047619,0.181771544467742,smooth
24_42_12373,1,33.8,0.38888888888888895,intermittent
24_42_12419,5,1.7010309278350515,0.24577192119854988,intermittent
24_42_12458,5,3.5869565217391304,0.4890404993467845,intermittent
24_42_12470,0,1.1724137931034482,0.3630851726593092,smooth
24_42_12490,134,1.0285714285714285,0.2128051555320678,smooth
24_42_12532,70,1.0638297872340425,0.4762785463472311,smooth
24_42_12624,22,1.0277777777777777,0.26514567901234565,smooth
24_42_12686,0,3.7777777777777777,0.3367647058823531,intermittent
24_42_12806,0,1.9318181818181819,0.5904303609085149,lumpy
24_42_12906,1,8.047619047619047,0.8685714285714284,lumpy
24_42_12945,0,2.236842105263158,0.29973148788927323,intermittent
24_42_13125,0,1.0,0.275047948056596,smooth
24_42_13142,0,1.8888888888888888,0.29591135435069493,intermittent
24_42_13153,0,1.0,0.19815030786949056,smooth
24_42_13180,0,1.0493827160493827,0.5510689412506977,erratic
24_42_13318,130,1.1764705882352942,0.3440293472761006,smooth
24_42_13354,0,1.0119047619047619,0.1357678785526904,smooth
24_42_13445,1,1.0432098765432098,0.6137269186796087,erratic
24_42_13540,35,3.9705882352941178,1.8501234567901235,lumpy
24_42_13578,58,2.731707317073171,0.22680952231334006,intermittent
24_42_13579,0,1.0,0.28015043570145876,smooth
24_42_13584,0,1.0059171597633136,0.3132578087694956,smooth
24_42_13632,0,1.8279569892473118,0.2753131981463332,intermittent
24_42_13635,4,20.75,0.5206611570247934,lumpy
24_42_13664,0,10.625,0.11934156378600823,intermittent
24_42_13675,0,1.0059171597633136,0.13910171718526296,smooth
24_42_13831,0,1.7708333333333333,0.24144498707268044,intermittent
24_42_13986,0,2.7868852459016393,0.2966857142857144,intermittent
24_42_13994,0,4.0476190476190474,0.5096391497775579,lumpy
24_42_14088,67,6.4375,0.6128,lumpy
24_42_14091,104,1.0153846153846153,0.18391983858281197,smooth
24_42_14205,68,1.457142857142857,0.3375796178343948,intermittent
24_42_14211,120,1.1627906976744187,0.2507036967536125,smooth
24_42_14232,0,1.0759493670886076,0.3238261345371225,smooth
24_42_14251,4,1.66,0.1600301232570996,intermittent
24_42_14262,38,4.888888888888889,1.215485756026297,lumpy
24_226_27,84,1.7916666666666667,0.5184342314258442,lumpy
24_226_70,94,1.8095238095238095,0.24907446766536567,intermittent
24_226_100,60,12.222222222222221,0.12500000000000006,intermittent
24_226_125,89,1.8,0.37935728388022005,intermittent
24_226_322,91,1.9268292682926829,0.45084782298542064,intermittent
24_226_418,88,3.5652173913043477,0.6271701388888891,lumpy
24_226_538,89,1.9285714285714286,0.3818757419865455,intermittent
24_226_561,90,1.7391304347826086,0.15189244737607033,intermittent
24_226_582,90,1.7391304347826086,0.2061594612947031,intermittent
24_226_933,90,1.7777777777777777,0.6421184197627684,lumpy
24_226_1057,32,1.7922077922077921,0.8031255308306438,lumpy
24_226_1139,98,2.4,0.40312245061476626,intermittent
24_226_1354,4,83.0,0.0,intermittent
24_226_1398,90,1.9047619047619047,0.31858925273636346,intermittent
24_226_1518,97,2.085714285714286,0.34735434007134347,intermittent
24_226_1580,93,2.026315789473684,0.6415946669005745,lumpy
24_226_1609,89,1.8,0.2763096561368282,intermittent
24_226_1616,93,25.666666666666668,0.5185185185185185,lumpy
24_226_1737,100,1.9444444444444444,0.4052355029585797,intermittent
24_226_1873,89,1.7608695652173914,0.2067238846647757,intermittent
24_226_1884,86,1.7142857142857142,0.42268061542008534,intermittent
24_226_1979,87,2.1842105263157894,0.33471074380165283,intermittent
24_226_1996,86,1.68,0.718829348074402,lumpy
24_226_2133,97,1.8717948717948718,0.375552998473569,intermittent
24_226_2258,96,1.8974358974358974,0.22990368169952274,intermittent
24_226_2582,87,1.9761904761904763,0.31250000000000017,intermittent
24_226_2777,88,1.7083333333333333,0.31125994477695923,intermittent
24_226_2793,93,1.7906976744186047,0.14035710498015985,intermittent
24_226_2898,90,1.7391304347826086,0.4310530862305766,intermittent
24_226_2938,93,25.666666666666668,0.0,intermittent
24_226_3066,91,39.5,0.0,intermittent
24_226_3341,105,65.0,0.0,intermittent
24_226_3344,103,3.7222222222222223,1.07421875,lumpy
24_226_3413,86,2.048780487804878,0.1391207603261114,intermittent
24_226_3513,32,6.9,0.6358024691358023,lumpy
24_226_3567,48,4.88,2.6944444444444446,lumpy
24_226_3599,87,2.024390243902439,0.4125066968013688,intermittent
24_226_3957,90,1.7777777777777777,0.27668826978649386,intermittent
24_226_4121,87,1.6938775510204083,0.5918153957093923,lumpy
24_226_4124,96,1.8974358974358974,0.6007673747082792,lumpy
24_226_4463,30,3.255813953488372,0.5767315527387962,lumpy
24_226_4581,99,5.916666666666667,0.3741496598639455,intermittent
24_226_4593,90,1.7391304347826086,0.23081158162316315,intermittent
24_226_4601,85,1.8888888888888888,0.3412857403023125,intermittent
24_226_4638,85,1.8888888888888888,0.41409372304505265,intermittent
24_226_4649,95,1.829268292682927,0.211114083488262,intermittent
24_226_4843,101,2.5555555555555554,0.37451050195799224,intermittent
24_226_4919,95,2.0833333333333335,0.4073345935727786,intermittent
24_226_5269,91,1.7555555555555555,0.32282295396977906,intermittent
24_226_5278,98,2.3225806451612905,0.4920055190325461,intermittent
24_226_5296,32,3.6315789473684212,0.5820408163265306,lumpy
24_226_5344,96,2.0555555555555554,0.389158374093439,intermittent
24_226_5375,92,5.571428571428571,0.8867187500000002,lumpy
24_226_5389,89,1.7234042553191489,0.20181301426418907,intermittent
24_226_5594,99,2.6296296296296298,0.1994328922495274,intermittent
24_226_5705,101,2.4642857142857144,0.32617187500000017,intermittent
24_226_5744,97,2.7037037037037037,0.4294938016528927,intermittent
24_226_5772,86,1.826086956521739,0.24752861602497395,intermittent
24_226_6009,89,2.025,0.604207758053912,lumpy
24_226_6044,98,2.6666666666666665,0.5017751479289942,lumpy
24_226_6219,92,1.8571428571428572,0.22917906008328384,intermittent
24_226_6409,32,1.422680412371134,0.5128312083449627,lumpy
24_226_6509,95,1.875,0.26010916306119786,intermittent
24_226_6529,87,1.7659574468085106,0.37192366166634644,intermittent
24_226_6657,90,1.7391304347826086,0.33020491315290273,intermittent
24_226_6735,91,1.7555555555555555,0.3097587866073146,intermittent
24_226_6755,91,1.880952380952381,0.2673257077791007,intermittent
24_226_6893,99,1.9189189189189189,0.3303868303042844,intermittent
24_226_6965,4,2.8620689655172415,9.183114186851213,lumpy
24_226_6970,31,5.56,0.9174579985390798,lumpy
24_226_7195,83,2.0714285714285716,0.4056875862432247,intermittent
24_226_7200,15,1.9135802469135803,1.823201545778835,lumpy
24_226_7555,73,13.857142857142858,0.8639053254437871,lumpy
24_226_7696,92,1.8571428571428572,0.5884356712376629,lumpy
24_226_7734,91,1.7954545454545454,0.23949655899311822,intermittent
24_226_7794,90,8.88888888888889,0.16999999999999985,intermittent
24_226_8008,88,1.7083333333333333,0.5678175702413929,lumpy
24_226_8009,103,67.0,0.0,intermittent
24_226_8021,91,1.7954545454545454,0.1921007584697236,intermittent
24_226_8128,97,1.9210526315789473,0.21162478596880946,intermittent
24_226_8321,101,2.0294117647058822,0.3224514090794622,intermittent
24_226_8814,88,2.1025641025641026,0.6587901701323253,lumpy
24_226_8916,99,1.9189189189189189,0.4852777152312681,intermittent
24_226_9061,86,1.8666666666666667,0.40926334502626954,intermittent
24_226_9076,93,1.8780487804878048,0.42827868852459006,intermittent
24_226_9086,90,1.8604651162790697,0.34373628392654826,intermittent
24_226_9129,98,1.894736842105263,0.22708195002118714,intermittent
24_226_9293,85,1.8478260869565217,0.19045789543261293,intermittent
24_226_9294,95,3.260869565217391,1.8664462809917357,lumpy
24_226_9381,97,1.8717948717948718,0.3003099209527458,intermittent
24_226_9497,85,1.9767441860465116,0.21830994587738337,intermittent
24_226_9954,90,1.951219512195122,0.27770083102493104,intermittent
24_226_9995,31,2.6226415094339623,0.563672353661985,lumpy
24_226_10038,92,2.2285714285714286,0.22161255906111854,intermittent
24_226_10077,86,1.7872340425531914,0.40646056282203735,intermittent
24_226_10415,95,1.875,0.327786597131949,intermittent
24_226_10440,4,4.15,0.830696775751721,lumpy
24_226_10482,92,1.7727272727272727,0.21542079534945158,intermittent
24_226_10623,33,2.6862745098039214,0.5394297170862107,lumpy
24_226_10851,41,3.7941176470588234,0.4920917799064377,intermittent
24_226_10914,83,1.6730769230769231,0.4628250298113782,intermittent
24_226_11202,101,2.76,0.4721074380165288,intermittent
24_226_11221,61,12.11111111111111,0.8639053254437871,lumpy
24_226_11222,90,1.7777777777777777,0.25636306680241217,intermittent
24_226_11792,3,1.518181818181818,1.1621733328609722,lumpy
24_226_11824,31,2.673076923076923,0.5706122448979594,lumpy
24_226_11886,91,1.7555555555555555,0.18799345363944542,intermittent
24_226_11899,89,1.9285714285714286,0.5220939916716236,lumpy
24_226_11954,90,1.7391304347826086,0.5426624284505758,lumpy
24_226_11989,98,1.894736842105263,0.3224442894078058,intermittent
24_226_12072,99,1.9722222222222223,0.15906315616786643,intermittent
24_226_12105,88,2.6451612903225805,0.4407510003077872,intermittent
24_226_12286,84,1.9111111111111112,0.23784324439681148,intermittent
24_226_12419,84,1.7916666666666667,0.5237458907764939,lumpy
24_226_12545,32,1.943661971830986,0.4772114078768673,intermittent
24_226_12806,92,1.7727272727272727,0.4056858131487893,intermittent
24_226_12811,92,2.0526315789473686,0.8041383219954644,lumpy
24_226_12906,94,9.5,0.6198347107438017,lumpy
24_226_12945,92,1.7727272727272727,0.2467532467532468,intermittent
24_226_12981,32,1.9714285714285715,0.625142857142857,lumpy
24_226_13071,93,1.8780487804878048,0.6306874711834795,lumpy
24_226_13142,85,2.073170731707317,0.30714393877622326,intermittent
24_226_13540,87,2.128205128205128,0.5083144368858652,lumpy
24_226_13578,99,1.9722222222222223,0.5199715201139198,lumpy
24_226_13632,100,1.9444444444444444,0.3200009966032438,intermittent
24_226_13831,84,2.2051282051282053,0.3116678376201658,intermittent
24_226_13935,32,9.2,0.20370370370370378,intermittent
24_226_13989,31,1.9577464788732395,0.9011570247933887,lumpy
24_226_14251,99,1.9722222222222223,0.14963186920858873,intermittent
24_226_14262,88,2.2777777777777777,0.6515775034293552,lumpy
25_191_156,74,4.363636363636363,1.0540074691180699,lumpy
25_191_285,40,3.4210526315789473,0.6506250000000002,lumpy
25_191_546,50,4.615384615384615,0.6316444444444446,lumpy
25_191_581,25,7.25,0.07438016528925608,intermittent
25_191_601,27,2.4237288135593222,0.4542609739368999,intermittent
25_191_701,26,5.142857142857143,0.4110787172011661,intermittent
25_191_726,147,2.090909090909091,0.10650887573964475,intermittent
25_191_1361,127,2.5294117647058822,0.18999999999999984,intermittent
25_191_1517,30,2.7450980392156863,0.4497027892089621,intermittent
25_191_2206,40,7.647058823529412,0.2142857142857143,intermittent
25_191_2353,46,8.266666666666667,0.28698224852070997,intermittent
25_191_3063,3,3.2115384615384617,0.29292550197035105,intermittent
25_191_3152,73,6.0625,0.5410225921521997,lumpy
25_191_3831,23,4.083333333333333,0.5103806228373704,lumpy
25_191_3897,148,7.333333333333333,0.21874999999999997,intermittent
25_191_4010,69,101.0,0.0,intermittent
25_191_4719,23,6.125,0.21212121212121204,intermittent
25_191_4736,55,6.764705882352941,0.04938271604938268,intermittent
25_191_4750,40,4.333333333333333,0.43535427319211073,intermittent
25_191_5093,75,4.523809523809524,0.42791028835884665,intermittent
25_191_5121,54,10.545454545454545,0.0694444444444446,intermittent
25_191_5766,31,5.56,0.3471074380165286,intermittent
25_191_5861,25,3.2222222222222223,0.8790649448581398,lumpy
25_191_5962,81,4.684210526315789,1.7525825144872764,lumpy
25_191_5964,148,7.333333333333333,0.12500000000000006,intermittent
25_191_6186,132,4.222222222222222,0.5,lumpy
25_191_6287,148,4.4,0.17283950617283939,intermittent
25_191_6749,82,4.0,0.37975308641975297,intermittent
25_191_6823,40,3.7142857142857144,0.2584549661801353,intermittent
25_191_6992,0,4.857142857142857,0.30952380952380953,intermittent
25_191_7247,42,6.095238095238095,0.6464000000000002,lumpy
25_191_7716,39,5.458333333333333,0.5123966942148761,lumpy
25_191_7763,30,5.833333333333333,0.24567474048442905,intermittent
25_191_8744,147,3.2857142857142856,0.12345679012345664,intermittent
25_191_8747,25,3.5365853658536586,0.36854138088706,intermittent
25_191_8761,40,7.222222222222222,0.47107438016528946,intermittent
25_191_8936,24,6.636363636363637,0.2560553633217994,intermittent
25_191_8999,41,9.923076923076923,0.11718749999999985,intermittent
25_191_9534,85,4.473684210526316,0.23668639053254437,intermittent
25_191_9705,72,4.9,0.5051903114186852,lumpy
25_191_10042,149,10.5,0.4444444444444444,intermittent
25_191_10334,0,4.25,0.3718820861678004,intermittent
25_191_10381,70,33.333333333333336,0.0,intermittent
25_191_10720,140,1.875,0.34375,intermittent
25_191_10773,58,5.6,0.35802469135802456,intermittent
25_191_10960,40,3.0232558139534884,0.2518343195266274,intermittent
25_191_11291,35,9.0,0.3374485596707817,intermittent
25_191_11509,29,2.660377358490566,0.7657067688524122,lumpy
25_191_11532,74,6.857142857142857,1.45,lumpy
25_191_12067,72,4.083333333333333,0.324074074074074,intermittent
25_191_12279,95,75.0,0.0,intermittent
25_191_12451,29,4.862068965517241,0.29218407596785945,intermittent
25_191_12527,33,3.261904761904762,0.3571428571428572,intermittent
25_191_12767,54,4.461538461538462,0.4783261399887411,intermittent
25_191_12952,1,2.913793103448276,0.4796444444444444,intermittent
25_191_13107,0,3.207547169811321,0.31848771266540604,intermittent
25_191_13216,0,4.594594594594595,0.4131944444444444,intermittent
25_191_13435,148,3.142857142857143,0.06944444444444453,intermittent
25_191_13683,40,10.0,0.0,intermittent
25_191_13760,0,3.7777777777777777,0.36230468749999994,intermittent
25_191_14145,1,3.840909090909091,0.3771441300957899,intermittent
25_191_14152,39,5.24,0.44173602853745547,intermittent
25_191_14266,75,6.785714285714286,0.5007999999999999,lumpy
25_314_546,148,3.6666666666666665,0.10204081632653039,intermittent
25_314_581,152,6.0,0.0,intermittent
25_314_601,138,3.2,0.11111111111111122,intermittent
25_314_701,146,4.0,0.31250000000000017,intermittent
25_314_1517,137,4.714285714285714,0.29629629629629606,intermittent
25_314_2353,156,14.0,0.0,intermittent
25_314_3063,149,3.0,0.11999999999999991,intermittent
25_314_3831,156,2.8,0.11111111111111122,intermittent
25_314_5766,147,7.666666666666667,0.0,intermittent
25_314_5861,149,4.2,0.11111111111111122,intermittent
25_314_6749,152,6.0,0.0,intermittent
25_314_6823,148,7.333333333333333,0.0,intermittent
25_314_6992,153,3.4,0.0,intermittent
25_314_7247,154,16.0,0.0,intermittent
25_314_7763,149,21.0,0.0,intermittent
25_314_8747,150,20.0,0.0,intermittent
25_314_9534,148,3.6666666666666665,0.0,intermittent
25_314_10334,151,2.7142857142857144,0.09917355371900838,intermittent
25_314_10720,151,19.0,0.0,intermittent
25_314_10773,153,8.5,0.1111111111111111,intermittent
25_314_11291,151,19.0,0.0,intermittent
25_314_11509,139,4.428571428571429,0.11999999999999991,intermittent
25_314_12451,153,5.666666666666667,0.0,intermittent
25_314_12527,145,6.25,0.12,intermittent
25_314_12767,150,6.666666666666667,0.3199999999999998,intermittent
25_314_12952,152,2.5714285714285716,0.0,intermittent
25_314_13107,152,2.5714285714285716,0.12345679012345664,intermittent
25_314_13216,150,5.0,0.0,intermittent
25_314_13760,151,4.75,0.0,intermittent
25_314_14145,150,2.0,0.24260355029585792,intermittent
26_8_920,68,1.1724137931034482,0.4241238374766492,smooth
26_8_3470,121,1.0,0.23225685874118937,smooth
26_8_6540,67,1.9074074074074074,0.4470968887847199,intermittent
26_8_10994,108,1.0163934426229508,0.4887725560182432,smooth
26_8_11255,66,1.04,0.4450844423101513,smooth
26_8_11882,127,1.162162162162162,1.726969405788842,erratic
26_8_13241,107,1.0161290322580645,0.3112257268178712,smooth
26_8_13332,141,1.0,0.1910091334372914,smooth
26_8_13755,65,1.0714285714285714,0.6792588729782463,erratic
26_12_28,0,1.0,0.26475045900398575,smooth
26_12_438,71,1.0,0.5698457148494713,erratic
26_12_1549,0,1.0,0.4552409952608205,smooth
26_12_1892,98,1.0,0.18763385078702424,smooth
26_12_1926,41,1.2647058823529411,0.3502848310809861,smooth
26_12_2238,112,1.0943396226415094,0.5162089896459252,erratic
26_12_3119,0,1.0,0.3547710195425462,smooth
26_12_3247,0,1.0759493670886076,0.40064538112517245,smooth
26_12_3257,9,1.0,0.4103584923156275,smooth
26_12_3449,153,1.0,0.3170890210924826,smooth
26_12_3518,35,1.007462686567164,1.2152665925752146,erratic
26_12_3898,154,1.1428571428571428,0.2575847709696612,smooth
26_12_4147,153,1.1333333333333333,0.2749999999999998,smooth
26_12_4250,151,1.0,0.6913257042369915,erratic
26_12_4383,125,1.0,0.14648048732162888,smooth
26_12_4508,74,1.0,0.40105393092562547,smooth
26_12_5229,153,1.0,0.2644887039239001,smooth
26_12_5458,66,1.0196078431372548,0.41144918558238747,smooth
26_12_5603,154,1.1428571428571428,3.1666666666666665,erratic
26_12_5800,139,1.0,0.624862806488687,erratic
26_12_6967,103,1.1964285714285714,0.12980897197027078,smooth
26_12_7877,5,1.0377358490566038,0.46664873139740093,smooth
26_12_7904,6,1.0123456790123457,0.2978984394798726,smooth
26_12_8559,0,1.0,0.21577824989642055,smooth
26_12_9432,82,1.0114942528735633,0.37199066684634746,smooth
26_12_9882,154,1.2307692307692308,0.2840816326530612,smooth
26_12_10239,46,1.117117117117117,0.3068683430788483,smooth
26_12_10555,134,1.0,0.6368368162024273,erratic
26_12_10770,82,1.0114942528735633,0.5017146053864764,erratic
26_12_10790,118,1.0,3.3632555474525256,erratic
26_12_10857,154,1.1428571428571428,0.35390946502057596,smooth
26_12_11293,0,1.0179640718562875,0.3373143614757748,smooth
26_12_11523,145,1.0,0.5419986626640108,erratic
26_12_11594,128,1.3125,0.4383691446979229,smooth
26_12_11642,150,1.0,0.47124069589316236,smooth
26_12_12192,115,1.2222222222222223,4.178303494465849,erratic
26_12_13204,153,1.0,0.19281045751633977,smooth
26_12_13547,128,1.0,0.2855155945022828,smooth
26_27_1268,19,1.6777777777777778,0.6543236187330174,lumpy
26_27_1759,4,1.371900826446281,0.5814281359548851,lumpy
26_27_2392,0,1.2878787878787878,0.5865244917186908,erratic
26_27_4618,37,1.821917808219178,0.6398951124567475,lumpy
26_27_4870,42,1.7297297297297298,0.6287885404838848,lumpy
26_27_6194,41,1.8169014084507042,2.390775654269973,lumpy
26_27_6644,86,1.2173913043478262,0.8475362318840581,erratic
26_27_9100,0,1.1111111111111112,0.5173835947671892,erratic
26_27_9436,20,1.3636363636363635,1.3855241763987773,lumpy
26_27_10321,45,1.524390243902439,0.514289627465303,lumpy
26_27_10390,35,1.0546875,0.8950759457465866,erratic
26_27_13596,37,2.5576923076923075,0.6779353045380236,lumpy
26_41_112,100,1.1290322580645162,0.33049485311719834,smooth
26_41_221,73,1.0319148936170213,0.5520335725485718,erratic
26_41_259,7,1.6464646464646464,0.3282313343311621,intermittent
26_41_500,100,1.6666666666666667,0.38210578348986635,intermittent
26_41_1938,99,1.4489795918367347,0.6099999999999999,lumpy
26_41_2135,87,2.2432432432432434,0.34238108035474335,intermittent
26_41_2779,132,1.0,0.12409258559345221,smooth
26_41_3051,73,1.0,0.2520650484939552,smooth
26_41_4072,8,1.7052631578947368,0.2986906521482517,intermittent
26_41_4513,139,1.631578947368421,0.4647750865051902,intermittent
26_41_5284,99,1.3396226415094339,0.9838763376932224,lumpy
26_41_5288,157,6.5,0.0,intermittent
26_41_5391,74,2.0869565217391304,0.3298825905819975,intermittent
26_41_5588,91,1.234375,0.6683687180865359,erratic
26_41_6249,93,1.203125,0.8088439341229464,erratic
26_41_6290,89,2.6129032258064515,0.4183006535947712,intermittent
26_41_7388,74,19.2,1.2448979591836737,lumpy
26_41_7951,73,1.3472222222222223,0.5041636230825417,lumpy
26_41_7987,73,1.127906976744186,1.0940521067967584,erratic
26_41_8133,132,1.0,0.3953451461868971,smooth
26_41_9023,87,1.360655737704918,0.3216071348137472,intermittent
26_41_9040,151,3.8,0.0,intermittent
26_41_9517,88,2.1025641025641026,0.7345337026777474,lumpy
26_41_10256,73,1.0898876404494382,0.8535065859736563,erratic
26_41_10929,72,1.0,0.33207639075517326,smooth
26_41_11141,73,1.0,0.2259123220624617,smooth
26_41_11699,73,1.6724137931034482,0.4253308128544422,intermittent
26_41_12102,144,8.666666666666666,0.0,intermittent
26_41_13544,131,1.0,0.5969564835513549,erratic
26_41_14087,73,1.0,0.3804602705288989,smooth
26_41_14178,74,1.0105263157894737,0.7476444642459344,erratic
26_53_221,118,1.0,0.9014105070977376,erratic
26_53_259,118,1.0,0.5748205181169683,erratic
26_53_382,120,1.0,0.46192839997674423,smooth
26_53_2779,133,1.0,0.23930892911252302,smooth
26_53_3051,118,1.0,0.46034122728827814,smooth
26_53_4072,118,1.0,0.34259835132400057,smooth
26_53_5502,140,1.0,1.0105598610493467,erratic
26_53_5588,116,1.3846153846153846,0.6382077726931221,lumpy
26_53_5833,140,1.0,0.9847734887639366,erratic
26_53_6042,140,1.0,0.973003510601715,erratic
26_53_6194,120,1.5625,0.5058188564682071,lumpy
26_53_6249,116,1.542857142857143,0.5893554687500001,lumpy
26_53_6644,121,1.225,1.033769322235434,erratic
26_53_8133,135,1.25,0.5133884297520662,erratic
26_53_9100,120,1.0,0.7050103208857197,erratic
26_53_9617,117,1.0192307692307692,1.6374873432258352,erratic
26_53_9636,149,1.0,0.22948095238095234,smooth
26_53_10321,121,1.065217391304348,0.45379818594104326,smooth
26_53_10390,120,1.0,0.8915574725789409,erratic
26_53_10929,114,1.0,0.17708692067666426,smooth
26_53_11141,120,1.0204081632653061,0.684755295836377,erratic
26_53_13484,119,1.5454545454545454,1.9333035822954272,lumpy
26_53_13544,131,1.0,0.2216070758121719,smooth
26_53_14087,122,1.0434782608695652,1.1723347187813522,erratic
26_53_14178,114,1.0,0.2850113065662513,smooth
26_62_1973,144,4.333333333333333,0.10204081632653039,intermittent
26_62_2117,123,2.0434782608695654,0.20385674931129477,intermittent
26_62_3044,104,6.0,0.0694444444444446,intermittent
26_62_3677,81,4.45,0.17969821673525357,intermittent
26_62_5363,71,2.475,0.6625000000000001,lumpy
26_62_5975,126,1.5172413793103448,0.33185185185185173,intermittent
26_62_6189,78,1.6727272727272726,0.28662570888468836,intermittent
26_62_7819,70,1.3157894736842106,0.5504093567251463,erratic
26_62_10110,127,2.263157894736842,2.035502958579881,lumpy
26_62_12808,82,1.375,0.31640228812527893,intermittent
26_62_14058,122,2.0869565217391304,0.3698060941828256,intermittent
26_71_12728,76,1.0,0.20298653752078188,smooth
26_74_112,98,1.0746268656716418,0.23865098526796696,smooth
26_74_221,26,1.0827067669172932,0.6467003156166008,erratic
26_74_259,6,1.086092715231788,0.43394982542133964,smooth
26_74_500,98,1.6,0.3137003289457934,intermittent
26_74_1196,142,1.0,0.08883356715372613,smooth
26_74_1587,139,1.0,0.10966382830456237,smooth
26_74_1668,124,1.0952380952380953,0.49881329410091124,smooth
26_74_1938,98,1.0434782608695652,0.5662865243955988,erratic
26_74_2135,87,1.0121951219512195,0.5125949039583149,erratic
26_74_2545,131,1.0,0.09617915112688945,smooth
26_74_2779,128,1.0,0.2891386529691976,smooth
26_74_3051,27,1.0751879699248121,0.4063407888920627,smooth
26_74_3366,142,1.0,0.10610294117647072,smooth
26_74_4072,6,1.0718954248366013,0.3698898707335097,smooth
26_74_4513,106,1.0,0.11096624118763901,smooth
26_74_5284,98,1.0434782608695652,0.6765681737273048,erratic
26_74_5288,126,1.0,0.3693643950816539,smooth
26_74_5391,63,1.0918367346938775,0.9040945768436854,erratic
26_74_5588,47,1.2058823529411764,0.7080280512647924,erratic
26_74_6249,35,1.2272727272727273,0.9801110216650393,erratic
26_74_6290,83,1.0481927710843373,0.6130677571120781,erratic
26_74_6370,126,1.0,0.24813860731916368,smooth
26_74_6464,140,1.2,0.2569538243172089,smooth
26_74_7043,124,1.0222222222222221,0.3798832664726849,smooth
26_74_7106,125,1.0465116279069768,1.3125900277008313,erratic
26_74_7388,48,3.128205128205128,0.9027447332102982,lumpy
26_74_7951,57,1.0272727272727273,0.9228674190551871,erratic
26_74_7987,57,1.036697247706422,1.4979673814308667,erratic
26_74_8133,130,1.0256410256410255,0.29595045974854556,smooth
26_74_8700,144,1.0,0.24691479048895001,smooth
26_74_9023,82,1.0476190476190477,0.5573462319156042,erratic
26_74_9040,107,1.1666666666666667,0.17981015979519024,smooth
26_74_9517,86,1.0,0.6049624764456646,erratic
26_74_10256,55,1.0176991150442478,0.9142297368276894,erratic
26_74_10504,131,1.0,0.34067646644814886,smooth
26_74_10929,15,1.054421768707483,0.5295742389674728,erratic
26_74_11106,131,1.0,0.8117400797227728,erratic
26_74_11120,140,1.2,0.5987691032295271,erratic
26_74_11141,40,1.0317460317460319,0.7813560093800517,erratic
26_74_11579,132,1.0,0.3847292323905403,smooth
26_74_11699,63,1.1382978723404256,0.7486936008838726,erratic
26_74_12102,106,1.0,0.28491284535014355,smooth
26_74_12184,132,1.0,0.16801836727012692,smooth
26_74_12518,140,1.0,0.33976540837439273,smooth
26_74_12627,106,1.0,0.17037640579571223,smooth
26_74_12988,125,1.0714285714285714,2.1787825853265255,erratic
26_74_13020,132,1.0,0.32934012249437716,smooth
26_74_13544,128,1.0,0.3392531029340819,smooth
26_74_13621,127,1.1944444444444444,0.6687408171748599,erratic
26_74_14087,40,1.0236220472440944,1.1004636464784028,erratic
26_74_14092,126,1.0476190476190477,2.0345809191605304,erratic
26_74_14178,52,1.0,1.1074326607863467,erratic
26_74_14281,144,1.7333333333333334,0.5432098765432097,lumpy
26_105_221,94,1.5833333333333333,0.5284478550565054,lumpy
26_105_5284,104,1.8333333333333333,0.6280864197530865,lumpy
26_105_5391,130,20.0,0.0,intermittent
26_105_5588,97,1.280701754385965,0.457937942753393,smooth
26_105_6249,103,1.3137254901960784,0.5957123458266785,erratic
26_105_7951,116,3.0,0.8544423440453689,lumpy
26_105_7987,100,5.0,0.40484429065743976,intermittent
26_105_10256,98,3.130434782608696,0.3288888888888888,intermittent
26_105_10929,96,1.2333333333333334,0.4980583253141142,smooth
26_105_11141,95,1.2096774193548387,0.4557289147468939,smooth
26_105_14087,95,1.2295081967213115,0.499683281964077,smooth
26_105_14178,96,1.2333333333333334,0.6551863720694889,erratic
26_117_1136,144,1.0,0.1699657086255997,smooth
26_117_1268,83,1.12987012987013,0.9306976334685758,erratic
26_117_1759,0,1.0759493670886076,0.6805590606728963,erratic
26_117_2392,0,1.118421052631579,0.6767172546147824,erratic
26_117_3392,144,1.0,0.7805487603305784,erratic
26_117_4201,149,1.2352941176470589,1.1400226223018195,erratic
26_117_4618,0,1.0625,0.6003837977298071,erratic
26_117_4870,19,1.1185185185185185,0.399780821110712,smooth
26_117_6194,39,1.1391304347826088,2.3010119585126256,erratic
26_117_6306,144,1.0,0.2755449118422878,smooth
26_117_6644,75,1.0795454545454546,0.3166807488654053,smooth
26_117_9100,83,1.0235294117647058,0.2777498394502962,smooth
26_117_9436,83,1.1917808219178083,0.5036922951542117,erratic
26_117_9627,144,1.0833333333333333,1.9359056122448972,erratic
26_117_10321,14,1.0612244897959184,0.5497813729177251,erratic
26_117_10390,75,1.021505376344086,0.2260777544537451,smooth
26_117_13596,0,1.588785046728972,0.5936846116399644,lumpy
26_142_1973,128,1.024390243902439,0.7138012498094805,erratic
26_142_2117,122,1.0,0.7495185742796121,erratic
26_142_3044,67,1.4305555555555556,1.0807029714417853,lumpy
26_142_3677,69,1.086021505376344,0.5261522440204247,erratic
26_142_5363,69,1.02020202020202,0.8002832031249999,erratic
26_142_5975,124,1.0,0.9186269414125158,erratic
26_142_6189,68,1.0,0.32127652808253937,smooth
26_142_7819,67,1.0618556701030928,0.6901127490200643,erratic
26_142_10110,130,1.0810810810810811,0.4426053590010406,smooth
26_142_12808,69,1.02020202020202,0.8364819861713941,erratic
26_142_14058,127,1.0,0.5764248334238898,erratic
26_142_14190,122,1.2307692307692308,2.66509466358371,erratic
26_170_112,139,1.1481481481481481,0.36598678540649254,smooth
26_170_221,139,1.0,0.3070787619737137,smooth
26_170_259,139,1.0,1.2261832948800069,erratic
26_170_500,141,1.3181818181818181,0.5362654320987651,erratic
26_170_920,141,1.0740740740740742,0.2620356430096985,smooth
26_170_2135,153,1.7,0.7822485207100591,lumpy
26_170_2779,137,1.0,0.3333600384553756,smooth
26_170_3051,139,1.0,0.12217903979396917,smooth
26_170_4072,139,1.0,0.27842675186861154,smooth
26_170_4513,141,1.0357142857142858,0.24735263504997218,smooth
26_170_5502,139,1.0333333333333334,0.1846664335926282,smooth
26_170_5833,139,1.0,0.14230561758863258,smooth
26_170_6042,139,1.0,0.14867384497200653,smooth
26_170_6194,155,2.142857142857143,0.29629629629629606,intermittent
26_170_6290,153,1.5454545454545454,1.469387755102041,lumpy
26_170_6370,153,1.4166666666666667,0.4862087614926986,intermittent
26_170_6644,157,1.625,0.76,lumpy
26_170_8133,136,1.0625,0.34765625,smooth
26_170_9023,153,1.7,1.0069204152249136,lumpy
26_170_9100,152,1.2857142857142858,0.5555555555555554,erratic
26_170_9436,151,1.2666666666666666,2.05764579414136,erratic
26_170_9517,153,1.4166666666666667,0.6666666666666667,lumpy
26_170_10321,152,1.0,0.24704834038761422,smooth
26_170_10390,152,1.6363636363636365,0.40038872691933935,intermittent
26_170_10929,151,1.0,0.16037355549583432,smooth
26_170_13544,137,1.0,0.25837747307362335,smooth
26_170_13755,140,1.0,0.41726007014560523,smooth
26_190_30,156,2.8,0.0,intermittent
26_190_382,75,1.1176470588235294,0.37002743484225,smooth
26_190_5502,82,1.1282051282051282,0.31669775650119647,smooth
26_190_5833,75,1.0,0.15923042319803452,smooth
26_190_6042,82,1.0,0.24399683094063832,smooth
26_190_7252,6,1.5471698113207548,0.6822035485522354,lumpy
26_190_7703,75,1.1875,0.7217598097502973,erratic
26_190_7785,135,7.0,0.0,intermittent
26_190_8114,75,1.0795454545454546,0.6441605364820181,erratic
26_190_8184,90,3.2,0.22352081811541283,intermittent
26_190_8923,1,1.7789473684210526,0.4722955224751486,intermittent
26_190_9617,0,1.3492063492063493,0.7862913569558205,lumpy
26_190_10732,148,22.0,0.0,intermittent
26_190_11667,140,4.285714285714286,0.0,intermittent
26_190_12021,125,4.090909090909091,1.0591999999999995,lumpy
26_190_13442,125,2.25,0.22448979591836746,intermittent
26_190_13470,98,2.0,0.28675087342112343,intermittent
26_190_13484,0,1.4655172413793103,0.7594756340837846,lumpy
26_202_30,121,1.2894736842105263,0.25609166011363593,smooth
26_202_382,60,1.0091743119266054,0.17913390675757263,smooth
26_202_503,124,1.0,0.30481268656642846,smooth
26_202_1455,137,1.0,0.24909732646354826,smooth
26_202_2458,137,1.0,0.31778434149664747,smooth
26_202_4437,157,1.0,0.1273067286456543,smooth
26_202_5502,27,1.2543859649122806,0.4396264364942547,smooth
26_202_5833,30,1.206896551724138,0.5036113350652451,erratic
26_202_6042,27,1.1626016260162602,0.850058170920724,erratic
26_202_7252,3,1.0060240963855422,0.5531103778158311,erratic
26_202_7703,22,1.1384615384615384,4.210749758348073,erratic
26_202_7785,121,1.0208333333333333,0.23472788490970303,smooth
26_202_8114,57,1.018018018018018,1.229903336756484,erratic
26_202_8184,48,1.0,0.5370276844860817,erratic
26_202_8923,3,1.4521739130434783,0.6317251872423,lumpy
26_202_9617,0,1.0559006211180124,1.431257596206974,erratic
26_202_10237,157,1.0,0.07876562615710607,smooth
26_202_10732,121,1.0,0.3703336504644426,smooth
26_202_10843,121,1.0,0.3840774191540836,smooth
26_202_11667,121,1.0,0.36184850851456546,smooth
26_202_12021,122,1.0,0.5269916564138085,erratic
26_202_12848,147,1.0952380952380953,0.09942431375534813,smooth
26_202_13442,121,1.0,0.6339602245757687,erratic
26_202_13470,95,1.0,0.3813974897630458,smooth
26_202_13484,0,1.0429447852760736,0.7607341243338982,erratic
26_202_13807,121,1.0,0.260905159277095,smooth
26_238_920,68,1.2911392405063291,0.6208716542502852,erratic
26_238_10994,114,1.4,0.5458937198067629,lumpy
26_238_11255,66,1.4054054054054055,0.4284875442227799,intermittent
26_238_13241,107,3.3157894736842106,3.3276033057851238,lumpy
26_238_13755,66,1.3,1.6473252022702578,erratic
26_313_28,125,1.6666666666666667,0.5020155872077401,lumpy
26_313_438,75,4.130434782608695,0.16161616161616166,intermittent
26_313_1549,151,2.111111111111111,0.26446280991735516,intermittent
26_313_1892,100,4.666666666666667,0.12500000000000006,intermittent
26_313_2238,133,4.111111111111111,0.5619834710743801,lumpy
26_313_3119,139,1.4761904761904763,0.21333333333333335,intermittent
26_313_3247,131,4.875,0.08641975308641975,intermittent
26_313_3257,9,4.878787878787879,0.25486645540968744,intermittent
26_313_3449,152,1.3846153846153846,0.2661179698216733,intermittent
26_313_3518,127,1.4333333333333333,0.552647233789411,lumpy
26_313_4147,154,3.2,0.0,intermittent
26_313_4383,133,1.5416666666666667,0.300275482093664,intermittent
26_313_4508,74,3.2,3.4279999999999995,lumpy
26_313_5458,120,2.380952380952381,0.36703601108033235,intermittent
26_313_5800,155,2.142857142857143,0.3571428571428572,intermittent
26_313_6967,142,4.666666666666667,0.0,intermittent
26_313_7877,6,4.315789473684211,0.28587278106508873,intermittent
26_313_7904,135,1.5909090909090908,0.3321799307958478,intermittent
26_313_8559,128,1.9090909090909092,0.773668639053254,lumpy
26_313_9432,127,2.15,0.6493827160493827,lumpy
26_313_10239,46,5.166666666666667,0.9546538014149237,lumpy
26_313_10555,139,6.2,0.11111111111111122,intermittent
26_313_10770,82,2.4444444444444446,0.7672727272727273,lumpy
26_313_10790,127,3.5833333333333335,0.4399999999999997,intermittent
26_313_10857,153,4.25,0.1111111111111111,intermittent
26_313_11293,119,1.59375,0.3312,intermittent
26_313_11594,140,4.285714285714286,0.2011834319526628,intermittent
26_313_12192,143,3.375,0.3727810650887574,intermittent
26_313_13547,133,2.176470588235294,0.30769230769230765,intermittent
27_64_106,107,9.0,0.09375000000000011,intermittent
27_64_876,2,1.423728813559322,1.7125252926006742,lumpy
27_64_1400,0,1.4655172413793103,1.926571626297578,lumpy
27_64_1411,0,1.4406779661016949,0.9272589384428422,lumpy
27_64_1628,0,1.7171717171717171,0.870106241998158,lumpy
27_64_1845,106,2.3703703703703702,0.1592797783933517,intermittent
27_64_2164,4,4.882352941176471,1.9121329639889197,lumpy
27_64_2698,13,3.3404255319148937,0.3715749610158164,intermittent
27_64_3418,0,2.0987654320987654,0.7919968446340854,lumpy
27_64_4587,38,1.2941176470588236,1.489664393857602,erratic
27_64_6124,1,2.315068493150685,0.8166389004581425,lumpy
27_64_6222,24,1.4455445544554455,0.885952312553864,lumpy
27_64_6260,100,2.8,0.3313609467455621,intermittent
27_64_6980,1,1.8571428571428572,1.7715029078665443,lumpy
27_64_7029,2,2.4,1.369230769230769,lumpy
27_64_7871,1,2.011904761904762,0.4649379108838569,intermittent
27_64_8148,0,1.4912280701754386,0.8638484319850702,lumpy
27_64_8215,66,2.311111111111111,1.6177822464808964,lumpy
27_64_8640,0,1.452991452991453,1.5023871527777775,lumpy
27_64_8801,59,1.2906976744186047,3.4658934911242603,erratic
27_64_9042,39,2.425925925925926,0.6454293628808864,lumpy
27_64_9244,3,1.4396551724137931,1.3738105536332184,lumpy
27_64_9495,0,2.073170731707317,0.7146290658548311,lumpy
27_64_10062,103,2.0303030303030303,0.4322235434007134,intermittent
27_64_10508,0,1.7171717171717171,2.2980835753061486,lumpy
27_64_10733,2,3.0545454545454547,0.7142399999999998,lumpy
27_64_11131,106,2.6666666666666665,0.8599999999999999,lumpy
27_64_12005,96,2.642857142857143,1.2361111111111112,lumpy
27_64_12481,0,1.4655172413793103,1.0393312439910598,lumpy
27_64_12674,0,2.8333333333333335,1.6626717168862004,lumpy
27_64_12710,104,2.869565217391304,0.06720000000000008,intermittent
27_64_12860,102,2.8333333333333335,0.8614958448753466,lumpy
27_64_13045,101,2.875,0.6357960457856398,lumpy
27_64_14187,0,1.4655172413793103,1.1822036366177822,lumpy
27_81_1628,83,4.142857142857143,0.2148760330578513,intermittent
27_81_8819,82,2.6666666666666665,0.42592592592592576,intermittent
27_81_9244,59,2.5813953488372094,0.8492438563327037,lumpy
27_97_106,92,4.105263157894737,0.6578947368421053,lumpy
27_97_876,0,1.103896103896104,5.131816603535354,erratic
27_97_1400,0,1.103896103896104,2.372995035797634,erratic
27_97_1411,0,1.0059171597633136,4.7338006948896725,erratic
27_97_1628,0,1.1643835616438356,1.4168526460827886,erratic
27_97_1845,99,1.0441176470588236,4.388623185838619,erratic
27_97_2035,0,1.0429447852760736,0.9088941446504663,erratic
27_97_2164,0,1.2686567164179106,7.218901662407286,erratic
27_97_2329,0,1.619047619047619,1.0718180255901515,lumpy
27_97_2698,0,1.7346938775510203,16.346023188209845,lumpy
27_97_3418,0,1.1333333333333333,1.3720553128237467,erratic
27_97_4587,0,1.1111111111111112,1.4297428632352196,erratic
27_97_6124,0,1.0897435897435896,1.8837754640108648,erratic
27_97_6222,0,1.0625,1.3380448053053258,erratic
27_97_6260,90,1.2698412698412698,3.617911851652781,erratic
27_97_6387,0,1.4655172413793103,1.0980268896588352,lumpy
27_97_6964,0,1.0303030303030303,4.390724898769247,erratic
27_97_6980,0,1.2056737588652482,4.68875618859707,erratic
27_97_7029,0,1.3385826771653544,2.1556762738292843,lumpy
27_97_7871,0,1.3385826771653544,0.35959500653215287,intermittent
27_97_8148,0,1.103896103896104,1.8876966528453818,erratic
27_97_8215,46,1.1481481481481481,5.445469967750606,erratic
27_97_8227,0,1.36,0.8597233748944343,lumpy
27_97_8306,0,1.096774193548387,1.523589524470793,erratic
27_97_8472,0,1.4655172413793103,1.0300833093938522,lumpy
27_97_8640,0,1.069182389937107,1.6133377991142865,erratic
27_97_8801,60,1.1458333333333333,5.3204756242568365,erratic
27_97_8819,0,1.1971830985915493,5.094459368868139,erratic
27_97_9042,0,1.096774193548387,3.5989119740893694,erratic
27_97_9226,0,1.0625,1.950875411874604,erratic
27_97_9244,0,1.0179640718562875,2.050140120330685,erratic
27_97_9495,0,1.118421052631579,1.4039245964687377,erratic
27_97_10062,89,2.25,4.964744239164471,lumpy
27_97_10508,0,1.3385826771653544,10.723135576694824,lumpy
27_97_10733,0,1.6037735849056605,1.3669814500300683,lumpy
27_97_11131,90,2.1621621621621623,2.5372921130496877,lumpy
27_97_11243,0,1.4166666666666667,2.0980609418282548,lumpy
27_97_11806,0,1.069182389937107,1.656677339072519,erratic
27_97_12005,98,1.2857142857142858,4.39226357033218,erratic
27_97_12481,0,1.0365853658536586,3.6622483582354857,erratic
27_97_12674,0,1.1564625850340136,3.039697119341563,erratic
27_97_12710,89,1.3064516129032258,2.5734310818029433,erratic
27_97_12727,0,1.5315315315315314,2.9745293466223695,lumpy
27_97_12860,99,1.42,1.2938100860178785,lumpy
27_97_13045,98,1.0434782608695652,12.980917024365612,erratic
27_97_13245,0,1.0365853658536586,0.9893481849761923,erratic
27_97_14187,0,1.1258278145695364,1.2336460757222372,erratic
27_176_106,97,1.489795918367347,1.8587030330466277,lumpy
27_176_876,0,1.0119047619047619,4.385540717834627,erratic
27_176_1400,0,1.096774193548387,1.5171515414676506,erratic
27_176_1411,0,1.0,1.4007794749765268,erratic
27_176_1628,0,1.1971830985915493,2.404968465055996,erratic
27_176_1845,98,1.0285714285714285,3.4981557389419806,erratic
27_176_2035,0,1.2056737588652482,0.6166513006456431,erratic
27_176_2164,0,1.328125,6.163853536373513,erratic
27_176_2698,0,1.5454545454545454,4.053202406642897,lumpy
27_176_2845,151,1.5833333333333333,0.2892561983471075,intermittent
27_176_3418,5,1.0576923076923077,6.052088391999302,erratic
27_176_4587,4,1.0506329113924051,2.790201597173472,erratic
27_176_5015,150,1.8181818181818181,0.2375000000000001,intermittent
27_176_6222,0,1.0,1.4658880035550677,erratic
27_176_6260,94,1.0857142857142856,4.913492063492063,erratic
27_176_6964,0,1.0119047619047619,3.1810478423635167,erratic
27_176_6980,0,1.1333333333333333,2.983895209372231,erratic
27_176_7029,0,1.1111111111111112,3.3583056089029375,erratic
27_176_7871,0,1.0625,0.4300625914272565,smooth
27_176_8148,19,1.0,2.1558815205182396,erratic
27_176_8215,47,1.0789473684210527,6.412556053811658,erratic
27_176_8306,0,1.0179640718562875,1.2346350437402425,erratic
27_176_8472,5,1.1619718309859155,2.4793005123635545,erratic
27_176_8640,0,1.0059171597633136,1.4512539849301183,erratic
27_176_8801,59,1.0571428571428572,2.6353381893860557,erratic
27_176_9042,0,1.103896103896104,6.035782032141622,erratic
27_176_9226,0,1.0,2.9470727158567684,erratic
27_176_9244,0,1.0,4.365824148684157,erratic
27_176_9495,0,1.0059171597633136,1.0563481347170252,erratic
27_176_10062,95,1.9736842105263157,1.5099131209623526,lumpy
27_176_10508,0,1.0559006211180124,2.340643882117119,erratic
27_176_10733,0,1.588785046728972,3.0878848292616796,lumpy
27_176_11131,95,1.3636363636363635,1.2431214998782567,lumpy
27_176_11243,0,1.6037735849056605,9.372595155709341,lumpy
27_176_11806,0,1.0429447852760736,1.1705314609298452,erratic
27_176_12005,99,1.0441176470588236,4.680952623128283,erratic
27_176_12481,0,1.0119047619047619,2.9304750861742894,erratic
27_176_12674,0,1.103896103896104,2.6030995172936557,erratic
27_176_12710,93,1.4528301886792452,3.296361106426042,lumpy
27_176_12727,0,1.5315315315315314,1.0292714860188907,lumpy
27_176_12860,99,1.1451612903225807,3.933096646942801,erratic
27_176_13045,99,1.42,3.097798696649482,lumpy
27_176_13245,0,1.0365853658536586,1.577332513845487,erratic
27_176_14187,0,1.0059171597633136,1.3525879167855495,erratic
27_223_670,13,3.14,0.9487382745408905,lumpy
27_223_876,0,1.1643835616438356,1.8258922640294257,erratic
27_223_1400,0,1.5178571428571428,1.3906944444444447,lumpy
27_223_1411,0,1.1888111888111887,1.167111992039088,erratic
27_223_1628,0,1.8478260869565217,1.018008747105737,lumpy
27_223_2035,0,1.4782608695652173,1.0612086776859504,lumpy
27_223_2164,0,2.982456140350877,2.9878592016770016,lumpy
27_223_3418,6,1.5922330097087378,2.4348850723140503,lumpy
27_223_4587,6,1.3666666666666667,1.39802583829293,lumpy
27_223_6222,0,1.1805555555555556,1.700227168481934,erratic
27_223_6260,93,1.711111111111111,0.6329565734681738,lumpy
27_223_6964,0,1.2142857142857142,1.7873859079791645,erratic
27_223_6980,0,1.5740740740740742,1.2632674297606654,lumpy
27_223_7871,0,1.5454545454545454,0.531412197231834,lumpy
27_223_8148,20,1.3157894736842106,1.2016250000000004,erratic
27_223_8215,41,1.8970588235294117,3.912115723076528,lumpy
27_223_8306,0,1.1971830985915493,1.2147728555331732,erratic
27_223_8472,6,1.6565656565656566,0.8182584541396608,lumpy
27_223_8640,0,1.1888111888111887,1.1822358030448639,erratic
27_223_9042,0,1.2781954887218046,1.415244686109738,erratic
27_223_9226,0,1.2408759124087592,1.2134261928563428,erratic
27_223_9244,0,1.118421052631579,1.810559111218452,erratic
27_223_9495,0,1.1724137931034482,1.4364356224617687,erratic
27_223_10508,1,1.7244897959183674,1.3823923400389055,lumpy
27_223_11243,0,1.7894736842105263,2.408903150105961,lumpy
27_223_11806,0,1.2056737588652482,1.4749478330851484,erratic
27_223_12104,1,2.449275362318841,1.4622026325323025,lumpy
27_223_12146,62,15.428571428571429,0.12345679012345664,intermittent
27_223_12481,0,1.2142857142857142,1.3243767502219794,erratic
27_223_12674,0,1.2878787878787878,3.137376131687243,erratic
27_223_12727,0,2.1794871794871793,3.5759676324128566,lumpy
27_223_13045,93,2.026315789473684,1.116542483878513,lumpy
27_223_13245,1,1.4695652173913043,1.1587258039932935,lumpy
27_223_14187,0,1.25,1.118263395761408,erratic
27_297_106,96,3.0833333333333335,0.24654832347140035,intermittent
27_297_876,0,1.4285714285714286,1.826427696160942,lumpy
27_297_1400,2,1.4736842105263157,1.4699575608666513,lumpy
27_297_1411,0,1.3492063492063493,1.4642857142857137,lumpy
27_297_1628,0,2.073170731707317,1.1593794958403703,lumpy
27_297_1845,95,1.3636363636363635,0.7928293827246945,lumpy
27_297_2035,1,1.4444444444444444,1.1054932704695595,lumpy
27_297_2164,3,1.835164835164835,1.6350460464927576,lumpy
27_297_2329,0,2.151898734177215,0.9449120444407036,lumpy
27_297_2698,0,1.6666666666666667,1.3358179778881591,lumpy
27_297_3418,0,2.2666666666666666,2.9475739275301964,lumpy
27_297_3420,13,3.488888888888889,0.7117585848074919,lumpy
27_297_4064,13,6.826086956521739,0.2684703433922997,intermittent
27_297_4587,1,1.352,1.5265803810274294,lumpy
27_297_4894,15,19.375,0.3877551020408163,intermittent
27_297_6124,0,1.452991452991453,0.9724524052905495,lumpy
27_297_6222,0,1.4782608695652173,1.311265306122449,lumpy
27_297_6260,95,3.260869565217391,0.12128418549346007,intermittent
27_297_6980,0,1.4912280701754386,2.278817513472564,lumpy
27_297_7871,1,3.3137254901960786,0.6274509803921569,lumpy
27_297_8148,0,1.6666666666666667,1.1872847904593933,lumpy
27_297_8215,41,1.34375,3.3726370453056367,lumpy
27_297_8227,0,1.9101123595505618,1.4778945108615438,lumpy
27_297_8306,0,1.3076923076923077,1.4126485929520582,erratic
27_297_8472,0,2.9310344827586206,0.9213037037037037,lumpy
27_297_8640,0,1.3492063492063493,1.6717355371900826,lumpy
27_297_8681,1,7.041666666666667,1.1212563915266618,lumpy
27_297_8801,36,1.7179487179487178,12.291526223209287,lumpy
27_297_8819,0,2.6984126984126986,1.6754245899259685,lumpy
27_297_9042,0,1.3709677419354838,1.784454522549761,lumpy
27_297_9226,0,1.5740740740740742,1.3713556851311952,lumpy
27_297_9244,0,1.223021582733813,1.2100030700407876,erratic
27_297_9495,0,1.619047619047619,1.4052029136316333,lumpy
27_297_9526,11,2.9444444444444446,1.7714392944267217,lumpy
27_297_10062,95,2.027027027027027,1.1055592081233103,lumpy
27_297_10508,0,2.1794871794871793,1.43289224952741,lumpy
27_297_10529,13,6.826086956521739,1.0433884297520661,lumpy
27_297_11131,90,2.1621621621621623,0.4438085327783561,intermittent
27_297_11243,0,2.0,1.6649613013249376,lumpy
27_297_11806,0,1.3076923076923077,1.698968164539966,erratic
27_297_12005,94,1.6170212765957446,0.779316712834718,lumpy
27_297_12104,5,3.36734693877551,1.047707100591716,lumpy
27_297_12481,0,1.223021582733813,1.9072391837230303,erratic
27_297_12614,21,13.545454545454545,0.3181818181818181,intermittent
27_297_12674,0,1.8478260869565217,2.1904691116821335,lumpy
27_297_12710,93,1.925,0.48148148148148134,intermittent
27_297_12727,0,1.5044247787610618,1.7488954101324907,lumpy
27_297_12860,93,2.2,0.43888888888888905,intermittent
27_297_13045,90,1.6666666666666667,1.4085612366230678,lumpy
27_297_13245,0,1.588785046728972,1.3601070714719685,lumpy
27_297_14187,0,1.4912280701754386,1.2296948077685295,lumpy
28_119_29,49,40.333333333333336,0.0,intermittent
28_119_133,150,3.3333333333333335,0.5733333333333335,lumpy
28_119_406,13,157.0,0.0,intermittent
28_119_447,135,2.9166666666666665,0.36625514403292186,intermittent
28_119_706,6,5.857142857142857,0.3806706114398422,intermittent
28_119_718,145,25.0,0.0,intermittent
28_119_806,14,78.0,0.0,intermittent
28_119_893,15,6.739130434782608,0.6331360946745564,lumpy
28_119_1036,54,2.0350877192982457,0.6889892984542213,lumpy
28_119_1135,10,10.0,0.2,intermittent
28_119_1209,7,6.52,1.1092915628337485,lumpy
28_119_1266,0,3.090909090909091,1.2801080967745693,lumpy
28_119_1282,149,10.5,0.0,intermittent
28_119_1344,0,3.207547169811321,0.4144427001569858,intermittent
28_119_1418,155,1.6666666666666667,0.45999999999999974,intermittent
28_119_1532,47,123.0,0.0,intermittent
28_119_1925,60,5.7894736842105265,0.3292181069958847,intermittent
28_119_1995,16,2.0533333333333332,0.9239022433280931,lumpy
28_119_2026,143,6.75,0.12,intermittent
28_119_2255,2,42.0,0.8181818181818182,lumpy
28_119_2285,2,3.111111111111111,1.253592683988968,lumpy
28_119_2354,8,9.529411764705882,0.35798816568047337,intermittent
28_119_2390,149,3.5,0.10204081632653039,intermittent
28_119_2611,66,14.857142857142858,0.44628099173553737,intermittent
28_119_2688,1,8.047619047619047,0.33928571428571436,intermittent
28_119_2692,67,7.923076923076923,0.09777777777777796,intermittent
28_119_2724,149,21.0,0.0,intermittent
28_119_2961,155,3.0,0.07499999999999996,intermittent
28_119_3183,74,6.857142857142857,0.3254437869822484,intermittent
28_119_3210,93,4.277777777777778,2.0662224073302786,lumpy
28_119_3223,16,19.25,0.2222222222222222,intermittent
28_119_3253,137,2.357142857142857,0.12345679012345664,intermittent
28_119_3589,14,1.8352941176470587,0.887164756100835,lumpy
28_119_3590,0,10.0,0.6481994459833793,lumpy
28_119_3641,120,8.333333333333334,0.12500000000000006,intermittent
28_119_3814,63,53.5,0.0,intermittent
28_119_3877,141,5.8,0.0,intermittent
28_119_4013,143,6.75,0.12,intermittent
28_119_4016,6,54.666666666666664,0.12500000000000006,intermittent
28_119_4202,137,6.6,0.0,intermittent
28_119_4205,1,14.083333333333334,0.2592592592592593,intermittent
28_119_4268,96,14.8,0.0,intermittent
28_119_4339,101,34.5,0.0,intermittent
28_119_4525,48,1.0701754385964912,0.44919609316303555,smooth
28_119_4703,134,4.5,0.4444444444444444,intermittent
28_119_4814,66,52.0,0.0,intermittent
28_119_4825,48,5.545454545454546,0.09119999999999981,intermittent
28_119_4971,156,4.666666666666667,0.0,intermittent
28_119_5209,54,12.88888888888889,0.47656250000000017,intermittent
28_119_5223,155,1.875,0.7788347205707491,lumpy
28_119_5277,73,48.5,0.0,intermittent
28_119_5357,105,3.0952380952380953,0.2506925207756231,intermittent
28_119_5367,157,2.1666666666666665,0.4556213017751481,intermittent
28_119_5405,153,17.0,0.0,intermittent
28_119_5495,0,1.328125,0.43951119915782577,smooth
28_119_5739,1,169.0,0.0,intermittent
28_119_5788,0,15.454545454545455,0.0694444444444446,intermittent
28_119_5808,6,20.5,0.8133333333333334,lumpy
28_119_5820,6,10.25,0.05190311418685121,intermittent
28_119_6058,0,4.722222222222222,0.35351562500000006,intermittent
28_119_6092,131,39.0,0.0,intermittent
28_119_6107,131,39.0,0.0,intermittent
28_119_6203,130,4.444444444444445,0.2248520710059171,intermittent
28_119_6244,133,37.0,0.0,intermittent
28_119_6277,64,106.0,0.0,intermittent
28_119_6279,155,2.142857142857143,0.26000000000000006,intermittent
28_119_6358,1,3.188679245283019,2.967217479833973,lumpy
28_119_6383,153,17.0,0.0,intermittent
28_119_6675,155,15.0,0.0,intermittent
28_119_6796,46,5.904761904761905,0.12500000000000006,intermittent
28_119_7135,64,11.777777777777779,0.3775510204081633,intermittent
28_119_7206,58,37.333333333333336,0.6530612244897956,lumpy
28_119_7402,83,87.0,0.0,intermittent
28_119_7435,9,161.0,0.0,intermittent
28_119_7498,6,11.714285714285714,0.40484429065743976,intermittent
28_119_7598,120,50.0,0.0,intermittent
28_119_7802,50,60.0,0.0,intermittent
28_119_7886,6,14.909090909090908,0.10650887573964475,intermittent
28_119_7933,8,14.727272727272727,0.32199546485260755,intermittent
28_119_7934,98,3.4285714285714284,0.6704545454545453,lumpy
28_119_7960,18,152.0,0.0,intermittent
28_119_7995,126,44.0,0.0,intermittent
28_119_8027,13,2.6166666666666667,0.46133333333333326,intermittent
28_119_8045,92,8.666666666666666,0.11570247933884288,intermittent
28_119_8122,118,4.7272727272727275,0.3200000000000002,intermittent
28_119_8169,93,38.5,0.0,intermittent
28_119_8214,68,10.2,1.2085048010973936,lumpy
28_119_8259,15,31.0,0.24999999999999983,intermittent
28_119_8288,1,2.1666666666666665,0.7110974016548121,lumpy
28_119_8425,0,2.0238095238095237,0.5096065042619877,lumpy
28_119_8436,92,19.5,0.061224489795918366,intermittent
28_119_8579,48,122.0,0.0,intermittent
28_119_8596,18,152.0,0.0,intermittent
28_119_8617,4,27.666666666666668,0.07999999999999986,intermittent
28_119_8669,111,7.375,0.4444444444444444,intermittent
28_119_8810,5,18.333333333333332,0.26446280991735516,intermittent
28_119_8971,15,9.117647058823529,0.30769230769230765,intermittent
28_119_8978,140,2.5,0.40625000000000006,intermittent
28_119_9026,151,4.75,0.0,intermittent
28_119_9063,99,5.461538461538462,0.6193771626297577,lumpy
28_119_9107,12,158.0,0.0,intermittent
28_119_9110,16,2.4838709677419355,0.6560764686784529,lumpy
28_119_9116,4,41.5,0.0,intermittent
28_119_9140,18,152.0,0.0,intermittent
28_119_9237,13,1.6185567010309279,0.5228993688972972,lumpy
28_119_9309,2,12.923076923076923,0.40443213296398917,intermittent
28_119_9357,6,4.685714285714286,0.6294642857142855,lumpy
28_119_9522,6,10.933333333333334,0.9823100936524451,lumpy
28_119_9573,145,8.333333333333334,0.0,intermittent
28_119_9596,131,4.875,0.12396694214876033,intermittent
28_119_9599,139,4.428571428571429,0.36111111111111127,intermittent
28_119_9631,99,71.0,0.0,intermittent
28_119_9654,2,2.4,0.8306878306878306,lumpy
28_119_9761,153,17.0,0.0,intermittent
28_119_9801,0,170.0,0.0,intermittent
28_119_9802,6,1.5471698113207548,0.7701717198309672,lumpy
28_119_9894,12,39.5,0.0,intermittent
28_119_9991,116,54.0,0.0,intermittent
28_119_9992,7,40.75,0.1111111111111111,intermittent
28_119_10033,130,40.0,0.0,intermittent
28_119_10225,120,4.545454545454546,0.5617283950617281,lumpy
28_119_10264,58,56.0,0.0,intermittent
28_119_10354,4,6.384615384615385,0.6001074979844129,lumpy
28_119_10412,67,103.0,0.0,intermittent
28_119_10589,149,3.0,0.36686390532544383,intermittent
28_119_10731,18,152.0,0.0,intermittent
28_119_10793,47,24.6,0.32653061224489816,intermittent
28_119_10958,131,5.571428571428571,0.3305785123966942,intermittent
28_119_11010,134,9.0,0.0,intermittent
28_119_11055,5,2.9464285714285716,0.6224682689711046,lumpy
28_119_11076,15,2.5,0.8774741176699105,lumpy
28_119_11078,8,5.785714285714286,0.24380165289256214,intermittent
28_119_11088,116,54.0,0.0,intermittent
28_119_11294,10,13.333333333333334,0.12,intermittent
28_119_11356,16,154.0,0.0,intermittent
28_119_11421,126,8.8,0.11111111111111122,intermittent
28_119_11427,3,11.133333333333333,0.20370370370370378,intermittent
28_119_11462,80,15.0,0.10204081632653039,intermittent
28_119_11527,51,17.0,0.12345679012345664,intermittent
28_119_11647,138,4.571428571428571,0.1666666666666667,intermittent
28_119_11669,49,12.1,0.12426035502958563,intermittent
28_119_11678,15,31.0,0.12244897959183697,intermittent
28_119_11689,124,2.1904761904761907,0.38833333333333336,intermittent
28_119_11770,0,5.151515151515151,1.5726443550703821,lumpy
28_119_11864,111,3.933333333333333,1.0507812500000002,lumpy
28_119_11965,16,38.5,0.3333333333333333,intermittent
28_119_11966,64,2.0784313725490198,1.5222951561792668,lumpy
28_119_12036,11,5.482758620689655,0.8911232404481475,lumpy
28_119_12095,131,4.875,0.4404432132963989,intermittent
28_119_12178,48,1.6944444444444444,1.1758682163043626,lumpy
28_119_12203,7,5.433333333333334,0.7219387755102039,lumpy
28_119_12280,20,150.0,0.0,intermittent
28_119_12352,18,152.0,0.0,intermittent
28_119_12404,64,3.6551724137931036,0.32593933906745154,intermittent
28_119_12447,48,2.652173913043478,1.7978513792456374,lumpy
28_119_12495,46,1.2916666666666667,1.2167190985448475,erratic
28_119_12676,157,13.0,0.0,intermittent
28_119_12973,14,8.666666666666666,0.5,lumpy
28_119_13105,1,12.071428571428571,0.3573407202216065,intermittent
28_119_13106,138,4.571428571428571,0.33217993079584784,intermittent
28_119_13184,5,82.5,0.0,intermittent
28_119_13422,48,122.0,0.0,intermittent
28_119_13576,10,32.0,0.24999999999999983,intermittent
28_119_13662,0,42.5,0.5308641975308642,lumpy
28_119_13681,134,2.25,0.4182825484764543,intermittent
28_119_13741,58,37.333333333333336,0.3199999999999998,intermittent
28_119_13742,93,7.7,0.17283950617283939,intermittent
28_119_13763,4,5.928571428571429,0.7924227028596312,lumpy
28_119_13818,102,1.619047619047619,0.6366568126847623,lumpy
28_119_13853,46,41.333333333333336,0.12500000000000006,intermittent
28_119_13877,94,10.857142857142858,0.1666666666666667,intermittent
28_119_13944,91,13.166666666666666,0.5918367346938775,lumpy
28_119_14167,91,11.285714285714286,0.12345679012345664,intermittent
28_144_25,34,9.066666666666666,0.11111111111111122,intermittent
28_144_35,59,2.1346153846153846,0.6515265350727406,lumpy
28_144_133,156,14.0,0.0,intermittent
28_144_183,23,16.333333333333332,0.0,intermittent
28_144_276,138,10.666666666666666,0.07999999999999986,intermittent
28_144_350,113,11.4,1.6530612244897962,lumpy
28_144_393,81,29.666666666666668,0.2857142857142855,intermittent
28_144_461,139,10.333333333333334,0.12500000000000006,intermittent
28_144_746,51,29.75,0.1111111111111111,intermittent
28_144_1116,90,6.666666666666667,0.0,intermittent
28_144_1266,47,24.6,0.0,intermittent
28_144_1292,125,11.25,0.9733333333333334,lumpy
28_144_1439,71,19.8,0.11111111111111122,intermittent
28_144_1560,105,16.25,0.037037037037037035,intermittent
28_144_1907,98,24.0,0.3199999999999998,intermittent
28_144_1909,64,53.0,0.0,intermittent
28_144_1954,63,53.5,0.1111111111111111,intermittent
28_144_2152,15,31.0,0.32653061224489816,intermittent
28_144_2199,71,49.5,0.1111111111111111,intermittent
28_144_2320,65,26.25,0.1111111111111111,intermittent
28_144_2877,71,12.375,0.9591836734693877,lumpy
28_144_2972,44,9.692307692307692,0.0,intermittent
28_144_3309,34,68.0,0.0,intermittent
28_144_3375,66,2.311111111111111,0.5311418685121109,lumpy
28_144_3823,65,9.545454545454545,0.10650887573964475,intermittent
28_144_4218,33,34.25,0.0,intermittent
28_144_4342,45,3.90625,0.3507728894173603,intermittent
28_144_4423,142,7.0,0.12,intermittent
28_144_4490,45,17.857142857142858,0.29629629629629606,intermittent
28_144_4703,133,18.5,0.0,intermittent
28_144_4762,62,3.7241379310344827,0.4663890541344439,intermittent
28_144_4779,90,8.0,0.07438016528925608,intermittent
28_144_4791,93,38.5,0.0,intermittent
28_144_5080,115,6.111111111111111,1.6033057851239667,lumpy
28_144_5209,157,6.5,0.0,intermittent
28_144_5223,120,4.545454545454546,0.0,intermittent
28_144_5300,31,2.7254901960784315,1.1047619047619053,lumpy
28_144_5335,44,42.0,0.0,intermittent
28_144_5609,34,4.689655172413793,0.09182736455463716,intermittent
28_144_5718,83,12.428571428571429,0.11999999999999991,intermittent
28_144_5725,142,28.0,0.0,intermittent
28_144_6168,117,53.0,0.0,intermittent
28_144_6169,42,4.129032258064516,0.8642176870748297,lumpy
28_144_6184,4,55.333333333333336,0.0,intermittent
28_144_6217,71,33.0,0.12500000000000006,intermittent
28_144_6447,51,59.5,0.1111111111111111,intermittent
28_144_6451,116,9.0,0.10204081632653039,intermittent
28_144_6768,62,13.5,0.08641975308641975,intermittent
28_144_7011,64,11.777777777777779,0.2768166089965398,intermittent
28_144_7060,134,18.0,0.1111111111111111,intermittent
28_144_7243,135,11.666666666666666,0.0,intermittent
28_144_7287,58,16.0,0.2133333333333334,intermittent
28_144_7291,107,12.6,0.776859504132231,lumpy
28_144_7435,150,10.0,0.5625,lumpy
28_144_7461,67,51.5,0.25,intermittent
28_144_7656,143,13.5,0.0,intermittent
28_144_7725,80,15.0,0.4444444444444444,intermittent
28_144_7766,80,45.0,0.0,intermittent
28_144_7864,4,55.333333333333336,0.12500000000000006,intermittent
28_144_7924,133,18.5,0.6049382716049383,lumpy
28_144_7936,45,4.464285714285714,14.957525803816734,lumpy
28_144_7995,75,23.75,0.12,intermittent
28_144_8251,76,7.833333333333333,0.22448979591836715,intermittent
28_144_8373,12,6.583333333333333,0.9086656270884387,lumpy
28_144_8445,78,11.5,0.12,intermittent
28_144_8486,113,28.5,0.0,intermittent
28_144_8759,86,28.0,0.12500000000000006,intermittent
28_144_8892,25,8.055555555555555,0.49112426035502965,intermittent
28_144_9114,140,7.5,0.12,intermittent
28_144_9147,26,3.891891891891892,0.22272521502942533,intermittent
28_144_9727,64,53.0,0.0,intermittent
28_144_9802,8,4.05,0.5018135476914029,lumpy
28_144_10549,104,16.5,0.12,intermittent
28_144_11014,74,96.0,0.0,intermittent
28_144_11127,20,37.5,0.5510204081632653,lumpy
28_144_11174,35,27.0,0.0,intermittent
28_144_11177,45,62.5,0.5102040816326531,lumpy
28_144_11229,122,12.0,0.12,intermittent
28_144_11316,35,3.9705882352941178,0.5922865013774106,lumpy
28_144_11421,117,17.666666666666668,0.07999999999999986,intermittent
28_144_11567,115,27.5,0.0,intermittent
28_144_11669,36,14.88888888888889,0.1938775510204081,intermittent
28_144_11770,6,5.125,0.16,intermittent
28_144_11771,1,16.9,0.8749999999999996,lumpy
28_144_11864,138,3.2,0.0,intermittent
28_144_12134,39,6.894736842105263,0.12152777777777787,intermittent
28_144_12304,155,5.0,0.12500000000000006,intermittent
28_144_12330,80,45.0,0.1111111111111111,intermittent
28_144_12484,0,2.2972972972972974,0.6383599107160812,lumpy
28_144_12535,151,19.0,0.0,intermittent
28_144_12838,37,14.777777777777779,0.11570247933884288,intermittent
28_144_13149,33,22.833333333333332,0.2592592592592593,intermittent
28_144_13269,63,3.1470588235294117,0.3281249999999997,intermittent
28_144_13562,9,8.944444444444445,0.04709141274238228,intermittent
28_144_13600,95,5.0,0.11111111111111122,intermittent
28_144_13662,64,53.0,0.0,intermittent
28_144_13714,38,132.0,0.0,intermittent
28_144_13853,46,13.777777777777779,0.11111111111111116,intermittent
28_144_13858,22,7.7894736842105265,0.18047337278106512,intermittent
28_144_14133,24,36.5,0.12,intermittent
28_144_14213,145,25.0,0.0,intermittent
28_144_14300,115,7.857142857142857,0.09375000000000011,intermittent
28_272_7500,156,1.5555555555555556,0.26446280991735516,intermittent
28_272_12032,112,3.411764705882353,0.11791383219954639,intermittent
28_272_13858,109,1.2708333333333333,0.5211080332409971,erratic
28_280_84,95,75.0,0.0,intermittent
28_280_133,144,1.0,0.322736466389054,smooth
28_280_140,8,162.0,0.0,intermittent
28_280_291,75,2.159090909090909,1.7965633877788005,lumpy
28_280_350,38,2.2,1.3742696906116012,lumpy
28_280_385,27,1.3364485981308412,0.49489889699625184,intermittent
28_280_397,21,1.7126436781609196,1.1693514998682675,lumpy
28_280_431,40,26.0,0.5688775510204085,lumpy
28_280_449,38,1.3894736842105264,1.0959440259496553,lumpy
28_280_453,0,2.65625,0.5984785266548933,lumpy
28_280_528,1,11.266666666666667,0.275,intermittent
28_280_566,9,1.788888888888889,1.904042590027701,lumpy
28_280_584,4,16.6,0.5333333333333334,lumpy
28_280_631,1,56.333333333333336,0.0,intermittent
28_280_644,8,40.5,0.0,intermittent
28_280_646,18,152.0,0.0,intermittent
28_280_721,111,1.0535714285714286,0.3875555555555556,smooth
28_280_738,2,4.666666666666667,0.3536359850062475,intermittent
28_280_796,1,169.0,0.0,intermittent
28_280_807,4,166.0,0.0,intermittent
28_280_817,61,1.058252427184466,0.5910594659826017,erratic
28_280_896,68,1.00990099009901,0.31459779496031554,smooth
28_280_907,5,27.5,0.0,intermittent
28_280_975,0,85.0,0.0,intermittent
28_280_980,4,1.1066666666666667,0.5492530622470101,erratic
28_280_1020,27,20.428571428571427,1.0714285714285716,lumpy
28_280_1063,0,2.073170731707317,0.4035666666666664,intermittent
28_280_1108,1,4.333333333333333,0.6464265927977844,lumpy
28_280_1129,88,41.0,0.0,intermittent
28_280_1135,0,1.5596330275229358,0.5527820840967267,lumpy
28_280_1192,18,38.0,0.12,intermittent
28_280_1244,0,3.0357142857142856,0.5778794420644062,lumpy
28_280_1292,60,1.0784313725490196,0.5089403200033692,erratic
28_280_1347,0,85.0,0.0,intermittent
28_280_1373,48,2.8372093023255816,0.4930555555555556,intermittent
28_280_1441,107,1.0,0.2169282673057318,smooth
28_280_1490,99,1.0,0.11517837547455961,smooth
28_280_1648,6,82.0,0.0,intermittent
28_280_1662,0,1.1643835616438356,1.255970664246285,erratic
28_280_1778,0,1.4166666666666667,0.7267400532527983,lumpy
28_280_1797,0,2.151898734177215,2.5843607645977578,lumpy
28_280_1840,114,1.8064516129032258,0.5366681756450882,lumpy
28_280_1899,41,64.5,0.25,intermittent
28_280_1925,3,2.3857142857142857,1.2082525385208813,lumpy
28_280_1961,0,4.0476190476190474,2.2430925717639005,lumpy
28_280_1977,76,1.0681818181818181,0.4672731568998112,smooth
28_280_1980,54,2.6363636363636362,0.3828571428571429,intermittent
28_280_1982,0,12.142857142857142,0.38397502601456796,intermittent
28_280_1995,0,1.0303030303030303,0.2567064963710488,smooth
28_280_2026,136,1.1333333333333333,0.39271502907866557,smooth
28_280_2062,88,1.0379746835443038,0.22489442692886108,smooth
28_280_2087,5,165.0,0.0,intermittent
28_280_2115,0,34.0,0.11111111111111122,intermittent
28_280_2152,0,1.2142857142857142,0.31443485729620574,smooth
28_280_2205,0,1.1564625850340136,0.3898428201358257,smooth
28_280_2254,22,37.0,0.1111111111111111,intermittent
28_280_2285,0,1.0303030303030303,0.5901114204832039,erratic
28_280_2319,81,29.666666666666668,0.12500000000000006,intermittent
28_280_2368,67,12.875,0.1328,intermittent
28_280_2382,57,113.0,0.0,intermittent
28_280_2407,61,1.2528735632183907,0.43136801054905594,smooth
28_280_2428,12,79.0,0.0,intermittent
28_280_2455,5,12.692307692307692,0.06122448979591849,intermittent
28_280_2549,60,1.0679611650485437,0.3202270995893454,smooth
28_280_2564,0,7.391304347826087,0.31314878892733583,intermittent
28_280_2588,139,1.1923076923076923,1.1644120707596255,erratic
28_280_2690,14,22.285714285714285,0.6666666666666666,lumpy
28_280_2702,72,1.101123595505618,0.6049863177734021,erratic
28_280_2717,92,19.5,0.0,intermittent
28_280_2806,45,11.363636363636363,0.375,intermittent
28_280_2881,148,1.2941176470588236,0.9391847468770543,erratic
28_280_2885,62,1.0588235294117647,0.6970349851236277,erratic
28_280_2895,0,3.953488372093023,0.40550255307712973,intermittent
28_280_2931,28,23.666666666666668,0.2592592592592593,intermittent
28_280_2943,72,2.0,1.0199999999999998,lumpy
28_280_2961,152,1.0588235294117647,0.5384303222141061,erratic
28_280_3016,0,1.0493827160493827,0.37236280419599765,smooth
28_280_3049,131,1.0,0.22264380730755776,smooth
28_280_3089,0,170.0,0.0,intermittent
28_280_3210,38,1.03125,0.5260650205486318,erratic
28_280_3298,1,1.2426470588235294,0.8779891437234093,erratic
28_280_3305,61,1.184782608695652,0.5616541306451112,erratic
28_280_3385,53,6.157894736842105,0.5725623582766436,lumpy
28_280_3495,28,2.3666666666666667,0.9957653165767367,lumpy
28_280_3509,149,1.105263157894737,4.675482391643461,erratic
28_280_3571,61,1.1720430107526882,0.6470128936858249,erratic
28_280_3602,1,1.7244897959183674,0.8979700570088974,lumpy
28_280_3642,0,1.0625,0.5376694244385731,erratic
28_280_3758,3,18.555555555555557,0.520775623268698,lumpy
28_280_3800,6,82.0,0.0,intermittent
28_280_3814,3,3.7111111111111112,0.7102734205468407,lumpy
28_280_3836,0,3.207547169811321,0.7608505778016665,lumpy
28_280_3847,0,3.953488372093023,0.5238076591745636,lumpy
28_280_3911,0,1.1805555555555556,0.3443141709602824,smooth
28_280_3921,78,92.0,0.0,intermittent
28_280_3953,3,167.0,0.0,intermittent
28_280_3970,0,12.142857142857142,0.5357142857142858,lumpy
28_280_4013,117,1.0192307692307692,0.2960160785323354,smooth
28_280_4066,98,1.0285714285714285,0.4410240947342451,smooth
28_280_4073,108,20.666666666666668,0.0,intermittent
28_280_4142,4,83.0,0.0,intermittent
28_280_4235,72,1.1264367816091954,0.3896128947269375,smooth
28_280_4243,113,1.9655172413793103,1.1319802614348575,lumpy
28_280_4268,0,2.3943661971830985,0.6474205718550049,lumpy
28_280_4273,0,3.5416666666666665,0.3163265306122447,intermittent
28_280_4422,134,1.0285714285714285,0.33000270051309766,smooth
28_280_4423,119,1.0,0.1954592044900436,smooth
28_280_4486,3,3.34,2.36419173912137,lumpy
28_280_4521,64,4.818181818181818,0.4520140291210543,intermittent
28_280_4524,11,1.0258064516129033,0.761373401359652,erratic
28_280_4609,1,2.414285714285714,1.204378858024692,lumpy
28_280_4661,0,1.0559006211180124,0.22740850967494142,smooth
28_280_4685,32,27.6,0.5624999999999997,lumpy
28_280_4738,0,1.1643835616438356,0.6740436419229344,erratic
28_280_4762,19,1.0785714285714285,0.4661765833821273,smooth
28_280_4775,1,1.797872340425532,0.5222928505649019,lumpy
28_280_4869,107,63.0,0.0,intermittent
28_280_4944,5,41.25,0.0,intermittent
28_280_5000,3,1.7395833333333333,0.8664223240316532,lumpy
28_280_5035,64,2.409090909090909,0.4019158683881718,intermittent
28_280_5080,100,1.0294117647058822,0.5579932286857492,erratic
28_280_5209,0,1.069182389937107,0.4172579136129739,smooth
28_280_5352,6,13.666666666666666,0.21874999999999997,intermittent
28_280_5357,98,1.0,0.14112653061224506,smooth
28_280_5381,131,1.054054054054054,0.5217870932156646,erratic
28_280_5427,0,1.2592592592592593,0.5794078488161832,erratic
28_280_5436,56,14.25,0.0,intermittent
28_280_5477,7,32.6,0.0,intermittent
28_280_5479,40,1.4130434782608696,2.421714250773252,lumpy
28_280_5486,63,107.0,0.0,intermittent
28_280_5535,7,81.5,0.1111111111111111,intermittent
28_280_5570,4,166.0,0.0,intermittent
28_280_5596,14,78.0,0.0,intermittent
28_280_5651,0,1.1258278145695364,0.3879715165617375,smooth
28_280_5689,64,4.24,0.26004382761139516,intermittent
28_280_5753,9,17.88888888888889,0.47656250000000017,intermittent
28_280_5754,89,1.35,0.852983510517411,lumpy
28_280_5812,0,2.125,0.6033723512364033,lumpy
28_280_5822,13,157.0,0.0,intermittent
28_280_5860,2,7.304347826086956,1.3176020408163265,lumpy
28_280_5895,1,56.333333333333336,0.12500000000000006,intermittent
28_280_5907,3,5.21875,1.0578684807256236,lumpy
28_280_5967,0,1.2878787878787878,0.7000925000311099,erratic
28_280_6448,0,1.0493827160493827,0.3052904490195876,smooth
28_280_6479,42,1.2427184466019416,0.4954045896151678,smooth
28_280_6527,0,2.982456140350877,0.4408333333333336,intermittent
28_280_6574,35,67.5,0.0,intermittent
28_280_6731,0,5.862068965517241,1.3509355709876543,lumpy
28_280_6733,22,14.8,0.24260355029585792,intermittent
28_280_6886,65,35.0,0.04081632653061209,intermittent
28_280_6936,62,1.0188679245283019,0.3830121802990252,smooth
28_280_7067,0,1.0119047619047619,0.3136201231336175,smooth
28_280_7076,0,12.142857142857142,0.6041666666666669,lumpy
28_280_7162,0,6.296296296296297,0.3608,intermittent
28_280_7172,0,1.223021582733813,0.5610127575079292,erratic
28_280_7231,119,1.0851063829787233,0.3079933927032463,smooth
28_280_7253,138,1.103448275862069,0.38684444444444455,smooth
28_280_7287,42,1.3763440860215055,0.5961442079588357,lumpy
28_280_7302,0,1.1486486486486487,0.671217301059186,erratic
28_280_7347,0,1.0625,0.20234875537779567,smooth
28_280_7374,0,1.0303030303030303,0.22636495725118083,smooth
28_280_7400,35,4.354838709677419,0.3012345679012344,intermittent
28_280_7454,15,7.75,1.1893491124260354,lumpy
28_280_7460,10,80.0,0.0,intermittent
28_280_7487,1,14.083333333333334,0.9345627602617489,lumpy
28_280_7529,0,3.6956521739130435,0.8948062965406726,lumpy
28_280_7553,77,93.0,0.0,intermittent
28_280_7598,64,2.717948717948718,0.3710937500000002,intermittent
28_280_7650,15,155.0,0.0,intermittent
28_280_7699,33,1.0073529411764706,0.359064456387562,smooth
28_280_7759,119,1.0408163265306123,0.7811854338842976,erratic
28_280_7801,2,56.0,0.12500000000000006,intermittent
28_280_7804,0,1.0625,0.31903765264965117,smooth
28_280_7825,2,7.0,0.9906577452341874,lumpy
28_280_7848,0,170.0,0.0,intermittent
28_280_7865,2,2.27027027027027,2.379840929175609,lumpy
28_280_7933,0,1.0059171597633136,0.27232655846021275,smooth
28_280_7955,0,1.1888111888111887,0.5337703617446103,erratic
28_280_7969,2,28.0,0.10204081632653039,intermittent
28_280_8027,1,1.1045751633986929,0.3800192864998259,smooth
28_280_8028,13,7.85,1.432,lumpy
28_280_8098,0,1.9318181818181819,0.32407407407407385,intermittent
28_280_8200,68,1.0851063829787233,0.47948458212157846,smooth
28_280_8210,10,1.7204301075268817,1.638827160493827,lumpy
28_280_8214,3,1.210144927536232,0.46124127306466856,smooth
28_280_8237,0,1.0625,0.2937031636365805,smooth
28_280_8288,0,1.0,0.14846717669691423,smooth
28_280_8373,0,1.0059171597633136,0.22087381499236264,smooth
28_280_8404,0,1.118421052631579,0.7885438316670617,erratic
28_280_8433,0,2.7419354838709675,0.6879961638872611,lumpy
28_280_8518,16,1.4951456310679612,1.019017502834467,lumpy
28_280_8539,110,1.0344827586206897,0.31355543573906064,smooth
28_280_8545,1,7.681818181818182,0.696145124716553,lumpy
28_280_8568,1,8.894736842105264,0.5173611111111113,lumpy
28_280_8620,0,1.25,0.6754053482123964,erratic
28_280_8641,20,2.142857142857143,0.7545778834720569,lumpy
28_280_8676,0,6.071428571428571,0.9063487503590919,lumpy
28_280_8784,63,9.727272727272727,0.0,intermittent
28_280_8810,0,2.8813559322033897,1.0201599999999995,lumpy
28_280_8867,63,1.2891566265060241,0.9413007393994266,erratic
28_280_8904,0,8.095238095238095,0.5287999999999999,lumpy
28_280_8924,8,81.0,0.0,intermittent
28_280_8943,66,1.2839506172839505,1.586825752475138,erratic
28_280_8955,4,4.882352941176471,0.4161623353506586,intermittent
28_280_9063,38,1.1,0.9069871504157218,erratic
28_280_9111,0,1.0,0.12445546166867091,smooth
28_280_9116,0,2.4285714285714284,0.49692816635160686,intermittent
28_280_9140,18,25.333333333333332,0.31250000000000017,intermittent
28_280_9217,61,1.1354166666666667,0.4405680473372784,smooth
28_280_9356,0,28.333333333333332,0.8367346938775506,lumpy
28_280_9415,21,1.6373626373626373,0.9250904912381498,lumpy
28_280_9463,136,1.0,0.1414653648682771,smooth
28_280_9540,2,3.2941176470588234,0.4107674003569304,intermittent
28_280_9578,64,1.2183908045977012,0.44395874598729607,smooth
28_280_9581,0,1.0,0.30837835757204757,smooth
28_280_9586,14,7.428571428571429,4.0936666666666675,lumpy
28_280_9596,61,1.1122448979591837,0.9315821391198879,erratic
28_280_9611,20,37.5,0.1111111111111111,intermittent
28_280_9619,0,56.666666666666664,0.12500000000000006,intermittent
28_280_9654,0,1.0,0.1512538176767368,smooth
28_280_9763,0,10.625,0.3056,intermittent
28_280_9791,5,55.0,0.12500000000000006,intermittent
28_280_9801,8,23.142857142857142,0.5555555555555554,lumpy
28_280_9888,71,14.142857142857142,0.2148760330578513,intermittent
28_280_9947,0,4.857142857142857,0.4165680473372782,intermittent
28_280_10161,88,1.0379746835443038,0.2929308777700831,smooth
28_280_10196,9,161.0,0.0,intermittent
28_280_10204,0,21.25,0.0,intermittent
28_280_10212,0,1.0,0.26768878263126145,smooth
28_280_10232,0,1.1971830985915493,0.6833997543071002,erratic
28_280_10240,13,52.333333333333336,0.0,intermittent
28_280_10244,38,1.0232558139534884,0.5842048258324041,erratic
28_280_10261,14,3.8048780487804876,2.1378410585141356,lumpy
28_280_10264,9,6.44,0.22070312499999994,intermittent
28_280_10297,145,1.0,0.3241632743281326,smooth
28_280_10341,0,1.0,0.1501237773443018,smooth
28_280_10354,0,1.1486486486486487,0.5788545002626266,erratic
28_280_10373,137,1.03125,0.24919477440799814,smooth
28_280_10391,19,1.4519230769230769,0.7498495992547889,lumpy
28_280_10436,60,1.0,0.26721740508231034,smooth
28_280_10549,38,1.2815533980582525,0.884496522750161,erratic
28_280_10635,14,22.285714285714285,0.12345679012345664,intermittent
28_280_10793,14,8.210526315789474,0.4019097222222224,intermittent
28_280_10808,0,1.683168316831683,0.4811819851429513,intermittent
28_280_10809,42,1.1531531531531531,0.4933603583851519,smooth
28_280_10815,135,1.0606060606060606,0.3061828613281249,smooth
28_280_10840,8,1.396551724137931,2.195094891273135,lumpy
28_280_10894,0,1.25,0.42832537047823593,smooth
28_280_10901,25,1.0984848484848484,1.2397939945423673,erratic
28_280_10924,41,1.4021739130434783,0.699112275230006,lumpy
28_280_11010,99,1.0441176470588236,0.5656482767327359,erratic
28_280_11055,0,1.0625,0.3441202276703539,smooth
28_280_11076,9,1.0454545454545454,0.8349891575025574,erratic
28_280_11169,0,1.0828025477707006,0.3562041421555066,smooth
28_280_11183,59,1.099009900990099,0.5950822475291544,erratic
28_280_11242,14,156.0,0.0,intermittent
28_280_11250,99,1.0142857142857142,0.5081231157721146,erratic
28_280_11279,119,1.2142857142857142,0.658402203856749,erratic
28_280_11298,0,1.1805555555555556,0.3492625974198458,smooth
28_280_11324,98,1.1076923076923078,0.650520232878142,erratic
28_280_11327,1,3.9302325581395348,0.5483539094650205,lumpy
28_280_11349,0,1.103896103896104,0.6630379339042657,erratic
28_280_11397,14,39.0,0.3333333333333333,intermittent
28_280_11460,11,4.076923076923077,0.1845444059976931,intermittent
28_280_11476,78,46.0,0.0,intermittent
28_280_11517,2,2.847457627118644,0.46763376932223544,intermittent
28_280_11518,19,25.166666666666668,0.10204081632653039,intermittent
28_280_11625,27,1.375,0.6798629466522315,lumpy
28_280_11669,0,1.1333333333333333,0.49739854318418303,smooth
28_280_11678,0,1.6346153846153846,0.3450184231000721,intermittent
28_280_11689,98,1.0140845070422535,0.3308188695736603,smooth
28_280_11770,0,1.36,4.747411768413233,lumpy
28_280_11779,2,7.0,0.21356335514574656,intermittent
28_280_11804,16,30.8,0.11111111111111122,intermittent
28_280_11826,61,109.0,0.0,intermittent
28_280_11963,0,24.285714285714285,0.09375000000000011,intermittent
28_280_12019,0,2.9310344827586206,0.4218089602704989,intermittent
28_280_12039,108,62.0,0.0,intermittent
28_280_12049,0,34.0,0.0,intermittent
28_280_12106,16,1.7906976744186047,9.643508536798555,lumpy
28_280_12200,0,1.0365853658536586,0.5374684767691947,erratic
28_280_12317,0,56.666666666666664,0.0,intermittent
28_280_12336,3,2.2567567567567566,4.285018139150633,lumpy
28_280_12348,0,56.666666666666664,0.12500000000000006,intermittent
28_280_12352,24,146.0,0.0,intermittent
28_280_12391,1,1.1496598639455782,0.3167134449977366,smooth
28_280_12400,23,18.375,0.12396694214876033,intermittent
28_280_12457,0,1.0429447852760736,0.4588635478915916,smooth
28_280_12484,0,1.0,0.14656417189662724,smooth
28_280_12487,0,1.0,0.16923381901875964,smooth
28_280_12495,36,1.0,0.5758453699799089,erratic
28_280_12506,11,19.875,0.12,intermittent
28_280_12618,135,1.09375,0.6288,erratic
28_280_12631,12,8.777777777777779,0.715976331360947,lumpy
28_280_12676,0,1.096774193548387,0.4706553504425098,smooth
28_280_12739,62,7.714285714285714,0.5939643347050754,lumpy
28_280_12819,2,3.111111111111111,2.3051035502958586,lumpy
28_280_12838,5,1.1870503597122302,0.8876535921340438,erratic
28_280_12925,0,6.296296296296297,0.5515088449531735,lumpy
28_280_12942,99,1.0142857142857142,0.17791407422561184,smooth
28_280_12955,14,31.2,0.0,intermittent
28_280_12958,100,1.044776119402985,0.21095648895026198,smooth
28_280_12994,1,169.0,0.0,intermittent
28_280_13105,0,1.8085106382978724,0.636723387415908,lumpy
28_280_13181,2,84.0,0.1111111111111111,intermittent
28_280_13194,21,149.0,0.0,intermittent
28_280_13287,22,24.666666666666668,0.1111111111111111,intermittent
28_280_13340,60,1.1827956989247312,1.0186448943537778,erratic
28_280_13420,0,8.095238095238095,0.33993079584775104,intermittent
28_280_13460,13,39.25,0.12,intermittent
28_280_13466,6,18.22222222222222,0.07999999999999981,intermittent
28_280_13473,76,1.0930232558139534,0.26438983756767975,smooth
28_280_13497,0,1.0119047619047619,0.20578596787827574,smooth
28_280_13534,0,1.0625,0.5991533708782402,erratic
28_280_13563,16,154.0,0.0,intermittent
28_280_13591,0,2.236842105263158,0.5005330090236173,lumpy
28_280_13637,134,1.1612903225806452,0.2644796051676588,smooth
28_280_13642,14,5.032258064516129,0.5461728395061728,lumpy
28_280_13674,6,164.0,0.0,intermittent
28_280_13681,75,1.2025316455696202,0.4751664209717217,smooth
28_280_13706,108,1.0333333333333334,0.2818837936642349,smooth
28_280_13741,46,1.55,1.6753864447086808,lumpy
28_280_13766,21,7.842105263157895,0.7020376778162247,lumpy
28_280_13853,22,1.6629213483146068,1.0261483529759186,lumpy
28_280_13859,37,44.333333333333336,0.0,intermittent
28_280_13882,41,4.607142857142857,0.1666666666666665,intermittent
28_280_13944,8,1.528301886792453,2.1223151934570628,lumpy
28_280_14008,1,84.5,0.0,intermittent
28_280_14025,10,53.333333333333336,0.12500000000000006,intermittent
28_280_14054,0,1.0429447852760736,0.29490920337450954,smooth
28_280_14057,0,1.0493827160493827,0.39710751516778886,smooth
28_280_14063,14,39.0,0.0,intermittent
28_280_14090,60,1.2790697674418605,0.29427860597636,smooth
28_280_14109,8,81.0,0.1111111111111111,intermittent
28_280_14213,0,1.0429447852760736,0.44909507332640086,smooth
28_280_14226,139,1.1481481481481481,0.35299556213017763,smooth
28_294_162,9,5.962962962962963,0.9676411670779504,lumpy
28_294_183,0,3.7777777777777777,0.5176550475328199,lumpy
28_294_492,135,3.888888888888889,0.3049999999999999,intermittent
28_294_595,100,7.777777777777778,0.11570247933884288,intermittent
28_294_817,125,2.3684210526315788,0.5915712799167534,lumpy
28_294_893,6,4.96969696969697,0.4861932938856013,intermittent
28_294_1491,3,9.823529411764707,0.5103969754253306,lumpy
28_294_2334,3,3.4791666666666665,0.3934911242603553,intermittent
28_294_2566,22,148.0,0.0,intermittent
28_294_2877,122,8.0,0.21329639889196683,intermittent
28_294_3481,0,4.722222222222222,0.3553719008264464,intermittent
28_294_4722,17,2.3181818181818183,0.5010923131636438,lumpy
28_294_5427,10,2.0253164556962027,0.440256042257977,intermittent
28_294_7924,134,2.25,0.2938856015779093,intermittent
28_294_8225,11,79.5,0.0,intermittent
28_294_8698,115,13.75,0.1111111111111111,intermittent
28_294_8816,56,114.0,0.0,intermittent
28_294_9030,0,15.454545454545455,0.47165532879818567,intermittent
28_294_9794,99,6.454545454545454,1.310650887573964,lumpy
28_294_9802,10,2.622950819672131,0.886083569120345,lumpy
28_294_10251,28,71.0,0.0,intermittent
28_294_10265,0,2.125,0.44214466851829487,intermittent
28_294_10341,39,13.1,2.7278106508875744,lumpy
28_294_10577,0,1.9540229885057472,0.5112198685171655,lumpy
28_294_11057,10,2.4242424242424243,0.6956109279771776,lumpy
28_294_12751,142,2.1538461538461537,0.4949999999999999,intermittent
29_310_146,130,1.0810810810810811,0.3118377122949629,smooth
29_310_154,146,4.0,0.0,intermittent
29_310_171,150,20.0,0.0,intermittent
29_310_223,135,2.5,0.1899999999999999,intermittent
29_310_321,142,14.0,0.0,intermittent
29_310_618,141,4.142857142857143,0.12345679012345664,intermittent
29_310_710,141,9.666666666666666,0.0,intermittent
29_310_792,133,1.1935483870967742,0.4183006535947712,smooth
29_310_811,136,1.1724137931034482,0.39780000000000015,smooth
29_310_833,136,4.25,0.12,intermittent
29_310_922,141,7.25,0.12,intermittent
29_310_927,154,16.0,0.0,intermittent
29_310_1060,133,6.166666666666667,0.10204081632653039,intermittent
29_310_1134,152,2.25,0.12396694214876033,intermittent
29_310_1151,131,1.56,0.41966759002770077,intermittent
29_310_1172,140,2.142857142857143,0.3497164461247639,intermittent
29_310_1402,152,2.25,1.0826446280991735,lumpy
29_310_1413,139,6.2,0.0,intermittent
29_310_1417,146,12.0,0.0,intermittent
29_310_1428,139,10.333333333333334,0.0,intermittent
29_310_1493,134,5.142857142857143,0.0,intermittent
29_310_1497,144,6.5,0.12,intermittent
29_310_1502,157,6.5,0.0,intermittent
29_310_1544,134,3.0,0.10204081632653039,intermittent
29_310_1605,140,5.0,0.10204081632653039,intermittent
29_310_1620,137,11.0,0.0,intermittent
29_310_1635,145,8.333333333333334,0.12500000000000006,intermittent
29_310_1636,156,7.0,0.0,intermittent
29_310_1642,148,22.0,0.0,intermittent
29_310_1667,148,3.142857142857143,0.12345679012345664,intermittent
29_310_1741,149,7.0,0.0,intermittent
29_310_1953,135,1.5217391304347827,0.6192000000000001,lumpy
29_310_1999,156,2.8,0.0,intermittent
29_310_2047,140,6.0,0.0,intermittent
29_310_2251,151,6.333333333333333,0.0,intermittent
29_310_2290,142,7.0,0.0,intermittent
29_310_2369,139,10.333333333333334,0.0,intermittent
29_310_2372,133,3.3636363636363638,0.12244897959183675,intermittent
29_310_2590,136,1.7,0.30394857667584946,intermittent
29_310_2695,149,21.0,0.0,intermittent
29_310_2720,143,27.0,0.0,intermittent
29_310_2760,132,12.666666666666666,0.0,intermittent
29_310_2809,156,14.0,0.0,intermittent
29_310_3137,138,3.5555555555555554,0.2248520710059171,intermittent
29_310_3167,157,13.0,0.0,intermittent
29_310_3265,131,6.5,0.31250000000000017,intermittent
29_310_3266,140,2.727272727272727,0.22222222222222246,intermittent
29_310_3438,140,3.3333333333333335,0.11570247933884288,intermittent
29_310_3557,142,14.0,0.0,intermittent
29_310_3606,134,4.0,0.0,intermittent
29_310_3614,142,14.0,0.1111111111111111,intermittent
29_310_3805,141,3.625,0.08641975308641975,intermittent
29_310_3896,130,4.444444444444445,0.3359375000000001,intermittent
29_310_3950,137,3.6666666666666665,0.07999999999999981,intermittent
29_310_3959,137,11.0,0.12500000000000006,intermittent
29_310_4230,133,4.111111111111111,0.07999999999999981,intermittent
29_310_4286,134,4.5,0.30612244897959184,intermittent
29_310_4405,152,3.6,0.0,intermittent
29_310_4585,143,27.0,0.0,intermittent
29_310_4771,150,2.2222222222222223,0.1599999999999999,intermittent
29_310_5003,139,1.9375,0.24567474048442905,intermittent
29_310_5039,143,3.375,0.12,intermittent
29_310_5149,138,6.4,0.0,intermittent
29_310_5171,138,5.333333333333333,0.2592592592592593,intermittent
29_310_5185,142,7.0,0.0,intermittent
29_310_5213,141,2.0714285714285716,0.6517065305025534,lumpy
29_310_5256,145,8.333333333333334,0.0,intermittent
29_310_5304,135,1.3461538461538463,0.3319572152373806,intermittent
29_310_5342,145,8.333333333333334,0.0,intermittent
29_310_5411,145,25.0,0.0,intermittent
29_310_5445,149,5.25,0.3333333333333333,intermittent
29_310_5482,130,1.3793103448275863,0.6105785123966943,lumpy
29_310_5515,133,7.4,0.0,intermittent
29_310_5693,140,2.142857142857143,0.3251028806584362,intermittent
29_310_5843,137,3.0,0.0694444444444446,intermittent
29_310_6105,143,9.0,0.0,intermittent
29_310_6298,133,1.608695652173913,0.24622770919067197,intermittent
29_310_6331,140,10.0,0.0,intermittent
29_310_6506,135,1.4583333333333333,0.3408264462809919,intermittent
29_310_6535,157,13.0,0.0,intermittent
29_310_6541,155,15.0,0.0,intermittent
29_310_6588,137,2.2,0.376953125,intermittent
29_310_6859,142,2.5454545454545454,0.3200000000000002,intermittent
29_310_6968,139,1.8235294117647058,0.3139120095124852,intermittent
29_310_7081,135,5.0,0.0,intermittent
29_310_7118,156,7.0,0.1111111111111111,intermittent
29_310_7138,138,16.0,0.0,intermittent
29_310_7169,136,11.333333333333334,0.0,intermittent
29_310_7314,143,13.5,0.0,intermittent
29_310_7353,135,4.375,0.08641975308641975,intermittent
29_310_7360,141,9.666666666666666,0.0,intermittent
29_310_7372,145,25.0,0.0,intermittent
29_310_7395,134,2.25,0.18518518518518517,intermittent
29_310_7441,139,2.2142857142857144,0.09375000000000011,intermittent
29_310_7447,154,16.0,0.0,intermittent
29_310_7459,136,11.333333333333334,0.07999999999999986,intermittent
29_310_7478,134,5.142857142857143,0.12345679012345664,intermittent
29_310_7528,139,2.2142857142857144,0.3305785123966942,intermittent
29_310_7583,133,2.466666666666667,0.11111111111111122,intermittent
29_310_7672,155,15.0,0.0,intermittent
29_310_7731,137,8.25,0.0,intermittent
29_310_7811,137,6.6,0.0,intermittent
29_310_7850,154,16.0,0.0,intermittent
29_310_7866,146,12.0,0.0,intermittent
29_310_8111,136,5.666666666666667,0.0,intermittent
29_310_8187,138,8.0,0.0,intermittent
29_310_8296,131,3.0,0.12809917355371905,intermittent
29_310_8310,149,2.625,0.28,intermittent
29_310_8379,141,14.5,0.0,intermittent
29_310_8526,139,10.333333333333334,0.0,intermittent
29_310_8757,143,4.5,0.0,intermittent
29_310_8777,141,4.142857142857143,0.12345679012345664,intermittent
29_310_9078,136,4.857142857142857,0.0,intermittent
29_310_9101,132,1.1176470588235294,0.454158790170132,smooth
29_310_9124,134,1.3333333333333333,0.3162901307966704,intermittent
29_310_9183,137,6.6,0.0,intermittent
29_310_9273,145,2.7777777777777777,0.12500000000000006,intermittent
29_310_9337,133,3.0833333333333335,0.2266666666666667,intermittent
29_310_9371,146,12.0,0.0,intermittent
29_310_9404,142,14.0,0.1111111111111111,intermittent
29_310_9433,140,7.5,0.12,intermittent
29_310_9453,139,2.5833333333333335,0.10204081632653039,intermittent
29_310_9465,137,1.65,0.2894375857338819,intermittent
29_310_9501,134,6.0,0.10204081632653039,intermittent
29_310_9560,141,2.9,0.21107266435986172,intermittent
29_310_9682,140,6.0,0.32653061224489816,intermittent
29_310_9754,135,4.375,0.12,intermittent
29_310_9825,140,15.0,0.0,intermittent
29_310_9858,137,8.25,0.25,intermittent
29_310_10001,136,4.25,0.28,intermittent
29_310_10025,135,2.5,0.057777777777777796,intermittent
29_310_10034,154,4.0,0.12,intermittent
29_310_10123,139,2.3846153846153846,0.12456747404844289,intermittent
29_310_10206,130,3.3333333333333335,0.10204081632653039,intermittent
29_310_10227,146,2.6666666666666665,0.3775510204081633,intermittent
29_310_10259,145,8.333333333333334,0.0,intermittent
29_310_10270,142,5.6,0.0,intermittent
29_310_10273,134,18.0,0.0,intermittent
29_310_10287,151,19.0,0.0,intermittent
29_310_10399,153,5.666666666666667,0.0,intermittent
29_310_10522,151,6.333333333333333,0.0,intermittent
29_310_10531,134,9.0,0.0,intermittent
29_310_10595,137,3.6666666666666665,0.2768166089965398,intermittent
29_310_10608,138,16.0,0.0,intermittent
29_310_10632,144,13.0,0.0,intermittent
29_310_10738,137,5.5,0.10204081632653039,intermittent
29_310_10754,133,37.0,0.0,intermittent
29_310_10781,155,3.75,0.12,intermittent
29_310_10814,135,3.888888888888889,0.07999999999999981,intermittent
29_310_11009,153,4.25,0.12,intermittent
29_310_11016,147,23.0,0.0,intermittent
29_310_11068,150,5.0,0.0,intermittent
29_310_11154,39,1.7012987012987013,1.445949495199513,lumpy
29_310_11238,136,11.333333333333334,0.12500000000000006,intermittent
29_310_11361,145,25.0,0.0,intermittent
29_310_11412,133,2.466666666666667,0.5306122448979594,lumpy
29_310_11442,134,6.0,0.0,intermittent
29_310_11559,142,4.0,0.0,intermittent
29_310_11598,150,20.0,0.0,intermittent
29_310_11798,132,1.6521739130434783,0.6273777777777779,lumpy
29_310_11800,133,5.285714285714286,0.0,intermittent
29_310_11831,139,3.4444444444444446,0.07999999999999981,intermittent
29_310_12181,139,1.9375,0.10803324099722991,intermittent
29_310_12243,141,7.25,0.12,intermittent
29_310_12250,151,6.333333333333333,0.0,intermittent
29_310_12290,136,2.4285714285714284,0.29629629629629606,intermittent
29_310_12302,148,11.0,0.1111111111111111,intermittent
29_310_12403,143,27.0,0.0,intermittent
29_310_12405,140,15.0,0.0,intermittent
29_310_12431,140,2.0,0.2890624999999999,intermittent
29_310_12510,140,30.0,0.0,intermittent
29_310_12644,140,10.0,0.0,intermittent
29_310_12666,144,8.666666666666666,0.0,intermittent
29_310_12777,136,4.25,0.2222222222222222,intermittent
29_310_12824,154,16.0,0.0,intermittent
29_310_12921,153,8.5,0.0,intermittent
29_310_12977,143,3.857142857142857,0.0,intermittent
29_310_12991,147,23.0,0.0,intermittent
29_310_13047,145,12.5,0.0,intermittent
29_310_13103,137,1.434782608695652,0.18171984856679269,intermittent
29_310_13134,151,4.75,0.0,intermittent
29_310_13137,147,23.0,0.0,intermittent
29_310_13159,139,6.2,0.0,intermittent
29_310_13346,147,4.6,0.0,intermittent
29_310_13385,148,2.75,0.12,intermittent
29_310_13429,143,6.75,0.0,intermittent
29_310_13629,155,15.0,0.0,intermittent
29_310_13976,137,6.6,0.0,intermittent
29_310_14007,148,3.142857142857143,0.0,intermittent
29_310_14020,153,8.5,0.0,intermittent
30_4_402,145,1.0,0.2679282961469912,smooth
30_4_1735,146,1.0,0.5155908812996771,erratic
30_4_3149,145,1.0,0.26905765457316627,smooth
30_4_3357,146,1.0,0.2132095364418596,smooth
30_4_3507,150,1.0,0.530470914127424,erratic
30_4_3784,146,1.263157894736842,0.6328125000000001,erratic
30_4_4246,146,1.0434782608695652,0.4117814110105886,smooth
30_4_4510,145,1.1363636363636365,0.39579224194608814,smooth
30_4_5957,146,1.0434782608695652,0.3494550233193331,smooth
30_4_6293,145,1.0416666666666667,0.26518186188110904,smooth
30_4_8476,146,1.0909090909090908,0.5295857988165678,erratic
30_4_9136,147,1.0,0.3857340720221607,smooth
30_4_11424,145,1.0869565217391304,0.825670857571777,erratic
30_4_11773,145,1.0,0.2805197832294153,smooth
30_186_41,62,2.1176470588235294,0.5102795954788816,lumpy
30_186_197,152,9.0,0.0,intermittent
30_186_201,157,1.0833333333333333,0.0553269318701418,smooth
30_186_204,144,1.1818181818181819,0.311034217608612,smooth
30_186_216,117,1.0,0.34122030289834027,smooth
30_186_225,41,1.5357142857142858,0.6567141775654581,lumpy
30_186_297,109,6.777777777777778,0.5311909262759927,lumpy
30_186_402,0,1.0,1.8853837628526575,erratic
30_186_419,126,14.666666666666666,1.5944308640663194,lumpy
30_186_436,117,1.0192307692307692,0.6976707621122616,erratic
30_186_460,63,1.009433962264151,0.4822704651113126,smooth
30_186_470,17,1.59375,1.274424224066419,lumpy
30_186_515,148,3.6666666666666665,0.16666666666666674,intermittent
30_186_556,149,2.625,0.4804604902498238,intermittent
30_186_571,123,2.1363636363636362,0.7428700769578996,lumpy
30_186_575,145,1.0,0.12987539060993003,smooth
30_186_583,126,1.76,0.4958677685950411,intermittent
30_186_619,62,1.9285714285714286,1.1573199527744982,lumpy
30_186_623,93,1.2222222222222223,1.6504024293928714,erratic
30_186_624,17,8.052631578947368,0.8072337858595406,lumpy
30_186_703,41,6.142857142857143,0.8085714285714283,lumpy
30_186_771,148,3.142857142857143,0.2133333333333334,intermittent
30_186_838,155,1.6666666666666667,0.6492233727810652,lumpy
30_186_875,122,3.2,1.1492994709697784,lumpy
30_186_954,144,2.1666666666666665,0.12500000000000006,intermittent
30_186_990,62,1.4594594594594594,0.9822827440632638,lumpy
30_186_1110,11,79.5,0.04,intermittent
30_186_1169,0,1.0,1.1788177575172676,erratic
30_186_1215,0,14.166666666666666,0.9285714285714286,lumpy
30_186_1217,11,159.0,0.0,intermittent
30_186_1269,149,4.2,0.42857142857142866,intermittent
30_186_1341,38,26.4,0.34950869236583515,intermittent
30_186_1386,1,15.363636363636363,0.40909090909090917,intermittent
30_186_1399,10,160.0,0.0,intermittent
30_186_1507,62,1.565217391304348,0.8414119172219207,lumpy
30_186_1508,0,1.069182389937107,0.8173739186109144,erratic
30_186_1516,126,1.6296296296296295,0.44752018454440584,intermittent
30_186_1521,106,1.28,0.2678414627847315,smooth
30_186_1588,114,56.0,0.0,intermittent
30_186_1675,145,1.0,0.27992373419956224,smooth
30_186_1696,122,3.0,1.8824235576583574,lumpy
30_186_1735,60,1.0891089108910892,1.4162526023135493,erratic
30_186_1770,109,7.625,0.571934558947546,lumpy
30_186_1784,126,7.333333333333333,2.0908888393851646,lumpy
30_186_1872,0,2.6153846153846154,1.1659757653061225,lumpy
30_186_1957,0,14.166666666666666,0.5363520408163264,lumpy
30_186_1987,0,1.2592592592592593,1.7895288330047776,erratic
30_186_2033,60,1.1702127659574468,1.0688218052942757,erratic
30_186_2039,0,1.0179640718562875,1.0426516328436732,erratic
30_186_2155,41,2.3454545454545452,1.416775956174884,lumpy
30_186_2180,114,6.222222222222222,0.9829264028902743,lumpy
30_186_2187,144,1.0833333333333333,0.37618699780861947,smooth
30_186_2203,10,8.421052631578947,1.485215186946757,lumpy
30_186_2228,114,14.0,0.125,intermittent
30_186_2344,126,1.9130434782608696,0.31826272694909213,intermittent
30_186_2358,106,5.333333333333333,0.377551020408163,intermittent
30_186_2366,0,1.4406779661016949,2.1609986336275124,lumpy
30_186_2444,63,1.3375,0.5616048715021131,lumpy
30_186_2473,6,8.631578947368421,1.1873684210526314,lumpy
30_186_2486,17,19.125,0.45729402872260017,intermittent
30_186_2542,125,3.75,2.6826026582027365,lumpy
30_186_2621,119,10.2,0.2962962962962963,intermittent
30_186_2648,145,2.0833333333333335,0.2022684310018903,intermittent
30_186_2663,121,7.0,0.6712802768166093,lumpy
30_186_2682,41,1.8970588235294117,0.7792935004203995,lumpy
30_186_2789,106,3.764705882352941,0.5654166666666668,lumpy
30_186_2821,123,15.666666666666666,1.2049999999999996,lumpy
30_186_2867,6,10.25,1.9930183325075448,lumpy
30_186_2937,119,5.666666666666667,0.1398337950138505,intermittent
30_186_2999,126,22.0,0.8218184994322648,lumpy
30_186_3015,126,3.3846153846153846,0.37574316290130794,intermittent
30_186_3032,119,3.923076923076923,0.16822059115254911,intermittent
30_186_3149,0,1.0059171597633136,2.2086456447497995,erratic
30_186_3171,148,1.5714285714285714,0.38527284681130847,intermittent
30_186_3207,20,13.636363636363637,0.951735319068715,lumpy
30_186_3214,126,4.0,0.13793103448275867,intermittent
30_186_3224,66,1.6507936507936507,1.4970760233918132,lumpy
30_186_3231,62,1.2705882352941176,1.491728357255079,erratic
30_186_3297,17,1.2966101694915255,2.9387942964901557,erratic
30_186_3353,149,7.0,0.7027027027027026,lumpy
30_186_3357,0,1.0,1.720357259443512,erratic
30_186_3440,20,13.636363636363637,0.8362998215348005,lumpy
30_186_3452,62,1.3846153846153846,1.0301165865079718,lumpy
30_186_3485,66,1.2839506172839505,1.8978814205151655,erratic
30_186_3504,122,1.263157894736842,1.1881434110865525,erratic
30_186_3507,60,1.1702127659574468,1.5388653389516795,erratic
30_186_3522,106,2.6666666666666665,0.20096152999498101,intermittent
30_186_3572,148,2.2,0.24851367419738404,intermittent
30_186_3611,126,22.0,0.9545514599022328,lumpy
30_186_3622,62,2.6341463414634148,0.7434961797805882,lumpy
30_186_3646,53,1.4444444444444444,0.898798140854346,lumpy
30_186_3650,0,1.2592592592592593,1.5920263929052987,erratic
30_186_3663,10,40.0,0.12,intermittent
30_186_3723,10,3.7209302325581395,1.2263808139534884,lumpy
30_186_3732,109,10.166666666666666,0.5544986127625842,lumpy
30_186_3733,122,2.526315789473684,1.1181376771869371,lumpy
30_186_3784,93,1.1846153846153846,1.8021368150829051,erratic
30_186_3821,148,11.0,0.765625,lumpy
30_186_3835,127,5.375,0.34710743801652894,intermittent
30_186_3878,152,1.0,1.2636517170200787,erratic
30_186_3961,148,22.0,0.0,intermittent
30_186_4096,114,11.2,0.5035693039857229,lumpy
30_186_4117,122,1.2307692307692308,1.9380382272631806,erratic
30_186_4127,11,79.5,0.25,intermittent
30_186_4206,148,11.0,0.7346938775510204,lumpy
30_186_4246,60,1.25,1.41983114042406,erratic
30_186_4253,66,1.1685393258426966,1.6492970215145202,erratic
30_186_4254,41,3.5833333333333335,1.1259484950222203,lumpy
30_186_4272,119,3.4,0.3145055357477952,intermittent
30_186_4324,14,39.0,0.3213084925438076,intermittent
30_186_4379,93,1.1666666666666667,1.5385535186102723,erratic
30_186_4406,122,3.6923076923076925,2.0862567094353284,lumpy
30_186_4510,93,1.1846153846153846,2.268170187619118,erratic
30_186_4535,93,1.2222222222222223,1.5839047887907771,erratic
30_186_4540,126,1.0232558139534884,0.2018890427823946,smooth
30_186_4547,126,22.0,0.9658145065398336,lumpy
30_186_4574,0,10.0,0.2592592592592593,intermittent
30_186_4613,106,2.2857142857142856,0.41836734693877553,intermittent
30_186_4625,122,1.2307692307692308,1.6304423014322915,erratic
30_186_4643,149,2.3333333333333335,0.6628619446097825,lumpy
30_186_4804,157,1.0,0.2821822090835796,smooth
30_186_4852,126,6.285714285714286,0.4259259259259257,intermittent
30_186_4864,126,6.285714285714286,3.203447214527548,lumpy
30_186_4871,93,1.54,1.0052596975673902,lumpy
30_186_4904,17,12.75,0.9075517334049987,lumpy
30_186_4927,145,1.0,0.21550094517958426,smooth
30_186_5016,126,5.5,2.727619511403295,lumpy
30_186_5034,148,7.333333333333333,0.12500000000000006,intermittent
30_186_5049,0,3.269230769230769,0.3885236587939291,intermittent
30_186_5111,97,14.6,2.9019999999999997,lumpy
30_186_5112,148,2.0,0.3682849755817297,intermittent
30_186_5118,106,2.56,0.49179736794663764,intermittent
30_186_5148,130,40.0,0.0,intermittent
30_186_5197,66,1.4444444444444444,0.9557074910820452,lumpy
30_186_5239,126,22.0,0.8283045070066911,lumpy
30_186_5247,41,1.7671232876712328,1.3925927395358058,lumpy
30_186_5287,93,1.2419354838709677,3.9793281375974208,erratic
30_186_5323,127,43.0,0.0,intermittent
30_186_5428,119,1.2439024390243902,0.7857593738164371,erratic
30_186_5435,106,1.391304347826087,0.1758698670898631,intermittent
30_186_5448,144,1.2380952380952381,0.1960059171597632,smooth
30_186_5474,126,8.8,1.4151234567901234,lumpy
30_186_5494,0,4.358974358974359,0.4300138165586141,intermittent
30_186_5554,0,1.0,1.166266787569846,erratic
30_186_5600,129,1.1081081081081081,2.1731569560047563,erratic
30_186_5690,119,6.375,0.3333333333333333,intermittent
30_186_5782,53,1.6956521739130435,1.67760016014184,lumpy
30_186_5792,127,43.0,0.0,intermittent
30_186_5816,117,1.0,0.671530398322851,erratic
30_186_5819,149,4.2,0.48199445983379496,intermittent
30_186_5837,0,1.0365853658536586,0.927500684226303,erratic
30_186_5863,155,1.0,0.6611570247933886,erratic
30_186_5937,106,1.2307692307692308,0.6657925515543245,erratic
30_186_5939,62,1.35,1.2745722571902582,lumpy
30_186_5957,0,1.1724137931034482,1.4659419541061305,erratic
30_186_5979,145,1.1904761904761905,0.3352076124567474,smooth
30_186_6010,124,23.0,0.0,intermittent
30_186_6018,142,1.8666666666666667,1.5897730537201957,lumpy
30_186_6215,0,1.0,1.6410567745843463,erratic
30_186_6293,93,1.1666666666666667,2.5805156684509045,erratic
30_186_6311,72,1.4202898550724639,1.4932174053053175,lumpy
30_186_6327,17,9.0,0.8265997743101726,lumpy
30_186_6361,114,5.090909090909091,0.32767551851927684,intermittent
30_186_6403,41,3.5833333333333335,1.6205549281157472,lumpy
30_186_6420,126,2.0,0.6191999999999995,lumpy
30_186_6473,148,3.6666666666666665,0.14666666666666672,intermittent
30_186_6623,97,14.6,1.7295918367346939,lumpy
30_186_6715,119,1.275,0.7608612072279892,erratic
30_186_6882,127,2.5294117647058822,0.3117283950617284,intermittent
30_186_6916,57,1.4487179487179487,0.5351374999999996,lumpy
30_186_6928,122,2.526315789473684,2.7421840128859474,lumpy
30_186_6942,10,32.0,1.1900826446280988,lumpy
30_186_6951,109,5.545454545454546,1.9247058823529408,lumpy
30_186_7012,126,3.3846153846153846,0.6340355548594256,lumpy
30_186_7052,120,1.8518518518518519,0.6244215023139907,lumpy
30_186_7054,0,4.857142857142857,0.3751111111111112,intermittent
30_186_7065,6,7.454545454545454,1.93237143628718,lumpy
30_186_7092,148,22.0,0.0,intermittent
30_186_7096,66,1.7049180327868851,1.0565965497049683,lumpy
30_186_7130,0,1.0119047619047619,1.0736999393329238,erratic
30_186_7182,62,2.8421052631578947,1.6734056668113337,lumpy
30_186_7465,122,1.263157894736842,1.912490076327956,erratic
30_186_7468,119,6.375,0.21541950113378686,intermittent
30_186_7536,66,1.8245614035087718,0.7139934279868562,lumpy
30_186_7548,63,1.0,0.7586715231502877,erratic
30_186_7586,0,56.666666666666664,0.3199999999999998,intermittent
30_186_7701,122,1.2307692307692308,1.6724479166666666,erratic
30_186_7740,126,2.933333333333333,0.20498614958448763,intermittent
30_186_7752,122,3.6923076923076925,1.2927660648907962,lumpy
30_186_7781,97,8.11111111111111,0.5441209829867674,lumpy
30_186_7872,10,3.018867924528302,1.5450580044849997,lumpy
30_186_7914,144,1.3,0.4062499999999998,smooth
30_186_7919,6,41.0,1.4304399524375744,lumpy
30_186_7973,114,4.0,0.17460112488521573,intermittent
30_186_7978,149,7.0,0.0,intermittent
30_186_8038,6,16.4,1.160627366143862,lumpy
30_186_8102,127,43.0,0.0,intermittent
30_186_8144,122,2.0869565217391304,1.7642577429690276,lumpy
30_186_8217,127,21.5,0.1111111111111111,intermittent
30_186_8229,93,1.203125,1.5025584457715253,erratic
30_186_8243,71,9.0,0.4291918367346942,intermittent
30_186_8257,0,2.982456140350877,0.8034495178202157,lumpy
30_186_8324,17,1.4166666666666667,3.6344909667968754,lumpy
30_186_8476,0,1.4049586776859504,0.9398432881498929,lumpy
30_186_8477,148,4.4,0.48888888888888893,intermittent
30_186_8560,157,1.0,0.3224271267102915,smooth
30_186_8561,17,1.3189655172413792,2.158570951518783,erratic
30_186_8606,0,3.3333333333333335,1.3052481551844157,lumpy
30_186_8611,69,1.463768115942029,1.5549495844875343,lumpy
30_186_8665,72,3.2666666666666666,1.056737588652482,lumpy
30_186_8682,114,5.6,0.4255983350676376,intermittent
30_186_8846,109,6.1,1.306805074971165,lumpy
30_186_8859,114,14.0,0.9066403681788298,lumpy
30_186_9079,126,2.75,0.8116109188773548,lumpy
30_186_9096,93,1.2833333333333334,0.9501133786848073,erratic
30_186_9136,93,1.203125,2.419571106416805,erratic
30_186_9218,146,1.0909090909090908,0.24609374999999992,smooth
30_186_9296,20,25.0,0.7710630418314954,lumpy
30_186_9306,122,1.4545454545454546,2.271706315662359,lumpy
30_186_9313,53,1.8571428571428572,0.7505624543462383,lumpy
30_186_9350,0,1.0,1.5309691562894199,erratic
30_186_9363,66,1.3866666666666667,1.5546830541401488,lumpy
30_186_9461,62,2.8421052631578947,1.6025666907997331,lumpy
30_186_9512,69,4.809523809523809,1.1335675542406312,lumpy
30_186_9515,146,1.6,0.16666666666666674,intermittent
30_186_9525,10,5.0,1.019150955151492,lumpy
30_186_9538,119,1.5454545454545454,1.287821660853992,lumpy
30_186_9653,157,1.8571428571428572,0.2628571428571429,intermittent
30_186_9685,106,1.9393939393939394,0.4270118588967892,intermittent
30_186_9710,10,2.6666666666666665,1.4080231292409824,lumpy
30_186_9739,157,1.0,0.10419753086419736,smooth
30_186_9755,155,1.1538461538461537,0.26935553633217996,smooth
30_186_9782,0,1.0059171597633136,1.8181437447263173,erratic
30_186_9808,127,1.6538461538461537,0.38777532543579113,intermittent
30_186_9821,123,1.9583333333333333,0.8362168396770472,lumpy
30_186_9840,17,10.2,0.698528130014437,lumpy
30_186_9849,126,1.9130434782608696,1.9383673469387752,lumpy
30_186_9871,119,1.1333333333333333,0.736,erratic
30_186_9925,148,7.333333333333333,1.28,lumpy
30_186_9944,119,4.25,0.7579209683161264,lumpy
30_186_9948,148,2.75,0.4046639231824417,intermittent
30_186_10036,0,1.1333333333333333,1.2567557464819512,erratic
30_186_10057,17,1.5148514851485149,3.308954801818144,lumpy
30_186_10078,148,1.0,0.34792368125701467,smooth
30_186_10112,109,5.545454545454546,0.9791050295857985,lumpy
30_186_10154,126,3.142857142857143,3.027845679668402,lumpy
30_186_10172,0,1.0559006211180124,0.8261517054574454,erratic
30_186_10205,0,1.2142857142857142,0.8755553131682219,erratic
30_186_10262,123,2.473684210526316,0.605263157894737,lumpy
30_186_10295,123,2.611111111111111,0.18080000000000002,intermittent
30_186_10317,0,1.9101123595505618,1.1242570995733088,lumpy
30_186_10343,17,11.76923076923077,0.8803835691744397,lumpy
30_186_10427,10,5.0,1.7015531572434974,lumpy
30_186_10439,10,10.0,0.7947989776461519,lumpy
30_186_10448,72,1.5806451612903225,0.945347834815366,lumpy
30_186_10502,0,4.473684210526316,1.472115800301128,lumpy
30_186_10521,106,2.206896551724138,0.3833735115786398,intermittent
30_186_10581,14,39.0,0.2671604938271605,intermittent
30_186_10618,148,5.5,1.6875,lumpy
30_186_10619,62,1.4594594594594594,0.9488474201588845,lumpy
30_186_10655,0,4.722222222222222,0.36742147552958393,intermittent
30_186_10662,10,6.956521739130435,0.5916,lumpy
30_186_10698,106,1.2549019607843137,0.3213256900193452,smooth
30_186_10742,122,1.7777777777777777,2.546736539627436,lumpy
30_186_10753,122,3.2,2.5196587978575673,lumpy
30_186_10764,71,16.5,0.5414753596571779,lumpy
30_186_10768,10,160.0,0.0,intermittent
30_186_10833,123,2.238095238095238,1.5781893004115222,lumpy
30_186_10886,60,1.2222222222222223,0.7401515894819469,erratic
30_186_10910,6,5.125,1.604756076121101,lumpy
30_186_11033,109,10.166666666666666,0.6584953508030431,lumpy
30_186_11034,126,1.375,0.4111650701715304,intermittent
30_186_11065,148,2.0,0.4384049899754959,intermittent
30_186_11133,93,1.1846153846153846,2.1484495835812023,erratic
30_186_11180,126,7.333333333333333,1.8519619500594535,lumpy
30_186_11270,41,1.5,1.2453315633001403,lumpy
30_186_11310,0,1.2318840579710144,2.060186402228696,erratic
30_186_11424,93,1.203125,2.8230088495575223,erratic
30_186_11525,123,3.357142857142857,0.7932098765432096,lumpy
30_186_11773,93,1.1492537313432836,2.0229782863193844,erratic
30_186_11795,0,11.333333333333334,1.1844869146005506,lumpy
30_186_11807,53,1.2446808510638299,1.9094620689655177,erratic
30_186_11822,119,6.375,0.1834319526627219,intermittent
30_186_11865,6,6.074074074074074,1.2703479877682216,lumpy
30_186_11887,133,1.1935483870967742,0.4556344398453989,smooth
30_186_11902,62,1.588235294117647,0.9394283906674963,lumpy
30_186_11915,114,8.0,0.26000000000000006,intermittent
30_186_11933,126,4.888888888888889,1.3113854595336079,lumpy
30_186_11950,145,1.1363636363636365,0.29081632653061223,smooth
30_186_11959,17,12.75,1.0221942759221125,lumpy
30_186_11984,69,5.611111111111111,0.7335640138408303,lumpy
30_186_12002,109,6.777777777777778,0.7479338842975205,lumpy
30_186_12013,62,1.7142857142857142,0.9975259870751347,lumpy
30_186_12015,145,1.6666666666666667,0.23150887573964493,intermittent
30_186_12087,116,54.0,0.0,intermittent
30_186_12140,127,1.5925925925925926,0.34375000000000006,intermittent
30_186_12185,7,6.52,0.7331433998100668,lumpy
30_186_12187,71,7.615384615384615,0.4184615384615384,intermittent
30_186_12412,133,1.1935483870967742,0.2374006463446588,smooth
30_186_12548,69,1.6031746031746033,0.6843938523412816,lumpy
30_186_12596,0,1.0,1.4773403211906875,erratic
30_186_12629,126,8.8,2.4985760056959774,lumpy
30_186_12659,0,56.666666666666664,0.2857142857142855,intermittent
30_186_12709,69,3.740740740740741,0.8635103077282903,lumpy
30_186_12771,149,21.0,0.0,intermittent
30_186_12799,62,1.4794520547945205,0.7060647694909219,lumpy
30_186_12841,109,4.357142857142857,3.1638750565866904,lumpy
30_186_12866,14,39.0,0.29462603878116345,intermittent
30_186_12888,17,8.5,1.0359909560188956,lumpy
30_186_12914,0,4.722222222222222,1.1182152919604655,lumpy
30_186_13200,0,6.071428571428571,0.5931696730206178,lumpy
30_186_13213,119,1.2142857142857142,0.6862216985102263,erratic
30_186_13271,149,1.9090909090909092,0.44517958412098324,intermittent
30_186_13277,93,1.305084745762712,2.1217303770735936,erratic
30_186_13300,106,3.5555555555555554,0.768322566273112,lumpy
30_186_13421,109,6.1,1.7103024574669192,lumpy
30_186_13486,6,18.22222222222222,2.2684703433922992,lumpy
30_186_13505,62,1.542857142857143,0.8274809873872431,lumpy
30_186_13508,119,5.666666666666667,0.1730665224445648,intermittent
30_186_13528,63,1.0490196078431373,0.5879224376731305,erratic
30_186_13552,109,4.6923076923076925,1.0036523009495981,lumpy
30_186_13555,126,6.285714285714286,0.09917355371900838,intermittent
30_186_13670,68,1.1590909090909092,1.6021699365219098,erratic
30_186_13722,53,1.3295454545454546,0.9304971957223496,erratic
30_186_13795,0,11.333333333333334,0.9639655564253428,lumpy
30_186_13836,41,2.6875,1.148154882451597,lumpy
30_186_13856,133,1.5416666666666667,0.5939195531237835,lumpy
30_186_13871,57,1.547945205479452,0.6746185190163232,lumpy
30_186_13928,10,2.711864406779661,1.7843861588542564,lumpy
30_186_13954,109,5.083333333333333,1.3822407214706904,lumpy
30_186_13977,17,13.909090909090908,0.31509074217922456,intermittent
30_186_14068,0,7.391304347826087,0.447226810165699,intermittent
30_186_14159,126,14.666666666666666,1.8851918182675087,lumpy
30_186_14218,14,39.0,0.21116201582673885,intermittent
30_186_14224,145,1.25,0.41224489795918373,smooth
30_186_14282,17,1.7386363636363635,2.872904272579773,lumpy
30_186_14289,157,2.6,0.44999999999999996,intermittent
31_162_662,55,1.619718309859155,1.0562331894664416,lumpy
31_162_1477,111,59.0,0.0,intermittent
31_162_1931,53,1.3604651162790697,0.2967478168299674,intermittent
31_162_2213,149,21.0,0.0,intermittent
31_162_2454,92,5.2,0.11111111111111122,intermittent
31_162_3359,69,11.222222222222221,0.07999999999999981,intermittent
31_162_3664,53,6.157894736842105,0.04500000000000018,intermittent
31_162_3701,53,4.68,0.12488521579430657,intermittent
31_162_4561,137,33.0,0.0,intermittent
31_162_4957,129,41.0,0.0,intermittent
31_162_5336,55,38.333333333333336,0.0,intermittent
31_162_5349,132,9.5,0.0,intermittent
31_162_5409,62,21.6,0.11111111111111122,intermittent
31_162_5497,57,14.125,0.08641975308641975,intermittent
31_162_5676,89,8.1,0.07438016528925608,intermittent
31_162_5702,106,32.0,0.0,intermittent
31_162_6297,92,9.75,0.08641975308641975,intermittent
31_162_6685,87,13.833333333333334,0.10204081632653039,intermittent
31_162_7099,53,2.2941176470588234,0.7606605414975124,lumpy
31_162_7437,64,53.0,0.0,intermittent
31_162_7782,63,13.375,0.08641975308641975,intermittent
31_162_8043,53,3.5454545454545454,0.41054783136048173,intermittent
31_162_8072,104,16.5,0.0,intermittent
31_162_8442,55,1.796875,0.6943393886787773,lumpy
31_162_8530,101,17.25,0.0,intermittent
31_162_8608,53,1.1037735849056605,0.5001551705813584,erratic
31_162_8694,54,1.6338028169014085,0.7959400573918589,lumpy
31_162_8899,103,13.4,0.11111111111111122,intermittent
31_162_9547,81,89.0,0.0,intermittent
31_162_9600,71,49.5,0.0,intermittent
31_162_9812,53,23.4,0.0,intermittent
31_162_9870,92,26.0,0.0,intermittent
31_162_9996,65,35.0,0.0,intermittent
31_162_10007,96,74.0,0.0,intermittent
31_162_10187,66,20.8,0.11111111111111122,intermittent
31_162_10208,54,6.444444444444445,0.19092627599243878,intermittent
31_162_10294,54,5.523809523809524,0.12345679012345664,intermittent
31_162_10464,58,37.333333333333336,0.0,intermittent
31_162_10744,61,4.541666666666667,0.24567474048442894,intermittent
31_162_10940,73,9.7,0.07438016528925608,intermittent
31_162_11323,128,6.0,0.0,intermittent
31_162_11342,68,25.5,0.12,intermittent
31_162_11479,112,29.0,0.1111111111111111,intermittent
31_162_11512,96,24.666666666666668,0.0,intermittent
31_162_11841,63,15.285714285714286,0.0,intermittent
31_162_11875,55,4.6,0.32000000000000006,intermittent
31_162_12162,97,24.333333333333332,0.12500000000000006,intermittent
31_162_12440,81,44.5,0.0,intermittent
31_162_12802,95,18.75,0.0,intermittent
31_162_12883,54,1.380952380952381,0.33862328902995464,intermittent
31_162_13005,53,1.0,0.10287871983845363,smooth
31_162_13059,55,3.1944444444444446,0.6119744131045538,lumpy
31_162_13952,64,35.333333333333336,0.0,intermittent
32_6_6705,125,1.0227272727272727,0.3655075826165688,smooth
32_6_7268,91,11.285714285714286,0.38986682751067464,intermittent
32_6_7677,123,1.146341463414634,0.7400697324162535,erratic
32_6_9865,125,1.3636363636363635,0.40100222862281526,intermittent
32_6_10107,118,1.1304347826086956,0.1239218403646216,smooth
32_11_4550,119,2.217391304347826,0.41340039310902976,intermittent
32_11_5940,118,1.3,0.42416834945265186,smooth
32_11_10530,91,1.462962962962963,0.9856756048563197,lumpy
32_16_5679,133,7.4,0.11111111111111122,intermittent
32_16_6879,134,36.0,0.0,intermittent
32_16_9830,136,4.857142857142857,0.1666666666666667,intermittent
32_16_11216,137,3.3,0.22448979591836746,intermittent
32_16_12389,134,2.769230769230769,0.3265306122448979,intermittent
32_37_269,125,1.2857142857142858,1.368060628195763,erratic
32_37_890,145,1.4705882352941178,0.42673553719008245,intermittent
32_37_1757,108,1.1923076923076923,0.30699429246422744,smooth
32_37_2296,147,23.0,0.0,intermittent
32_37_3411,101,1.2321428571428572,0.259709824522411,smooth
32_37_3613,120,1.6666666666666667,0.3862097071551942,intermittent
32_37_3989,123,1.4242424242424243,0.3568933082504705,intermittent
32_37_4432,123,1.9583333333333333,0.40999999999999975,intermittent
32_37_4461,101,1.6046511627906976,0.39455536265432095,intermittent
32_37_5063,105,1.911764705882353,0.47885269810403497,intermittent
32_37_5368,135,1.0606060606060606,0.18613202977055537,smooth
32_37_6784,87,1.8444444444444446,0.5236530473060945,lumpy
32_37_8115,144,1.7333333333333334,1.0728806228373706,lumpy
32_37_9498,92,1.5,0.2595811616366532,intermittent
32_37_9926,91,2.257142857142857,0.4116597263533614,intermittent
32_37_10327,120,50.0,0.0,intermittent
32_37_11097,120,1.0,0.19837119793900543,smooth
32_37_11883,122,4.363636363636363,0.30177514792899385,intermittent
32_37_12513,135,1.0,0.2523024760786997,smooth
32_37_14261,122,1.0909090909090908,0.4418818861373863,smooth
32_60_4588,107,12.6,0.6142761688187401,lumpy
32_60_10166,126,1.0476190476190477,0.5968226265167843,erratic
32_60_10457,127,1.2647058823529411,1.3229327205216943,erratic
32_60_13474,123,1.3823529411764706,0.3662248722772433,intermittent
32_69_5538,149,1.0,0.1100365102541257,smooth
32_69_12369,127,1.0,0.1830756851380303,smooth
32_69_13381,149,1.0,0.3693383620698981,smooth
32_93_1362,66,1.7627118644067796,0.6242200359220436,lumpy
32_93_5832,152,1.0,0.038763846100682633,smooth
32_96_9239,39,1.4719101123595506,0.4699269603824541,intermittent
32_118_3680,94,1.027027027027027,0.3612722955501355,smooth
32_118_9239,58,1.2444444444444445,0.2702496621789791,smooth
32_118_11079,90,3.2,0.3108352413199298,intermittent
32_126_7603,94,1.9487179487179487,0.5023372576177286,lumpy
32_126_13726,94,1.0,0.385442403605889,smooth
32_129_1573,112,11.6,0.0,intermittent
32_129_2782,111,1.1568627450980393,0.4568367989918081,smooth
32_129_3364,114,4.666666666666667,1.0423666910153397,lumpy
32_129_4024,110,3.75,0.16666666666666666,intermittent
32_129_4135,119,12.75,0.0,intermittent
32_129_8422,111,7.375,0.12396694214876033,intermittent
32_129_10530,112,9.666666666666666,0.0,intermittent
32_166_9604,45,25.0,0.0,intermittent
32_166_12468,129,1.8636363636363635,0.2599679601281595,intermittent
32_179_2264,121,1.0888888888888888,0.1360735532720389,smooth
32_179_8340,26,1.5319148936170213,1.1718567486067633,lumpy
32_193_2507,98,1.309090909090909,0.47953307565336145,smooth
32_193_2620,77,1.7547169811320755,0.43959457800203394,intermittent
32_193_3279,64,53.0,0.0,intermittent
32_193_7056,75,1.4179104477611941,0.5437369167858216,lumpy
32_193_10637,106,1.2075471698113207,0.37324755418914846,smooth
32_194_8245,126,1.375,0.7004830917874396,lumpy
32_194_12210,100,11.666666666666666,0.12500000000000006,intermittent
32_204_615,154,1.4545454545454546,0.15432098765432078,intermittent
32_204_1167,138,1.28,0.17921626405105856,smooth
32_204_1592,44,2.8636363636363638,0.6937312470607978,lumpy
32_204_1891,134,1.125,0.30812854442344045,smooth
32_204_1928,83,1.5818181818181818,0.5852988903276565,lumpy
32_204_2951,137,1.1785714285714286,0.6889592402057775,erratic
32_204_4294,33,2.5849056603773586,0.49813333333333365,intermittent
32_204_4915,38,2.588235294117647,3.0784313725490198,lumpy
32_204_6038,154,1.0,0.2260357788007692,smooth
32_204_6090,155,1.0,0.3298938823414348,smooth
32_204_6585,138,1.7777777777777777,0.7041420118343195,lumpy
32_204_7420,138,1.032258064516129,0.5010569427929711,erratic
32_204_7958,153,1.0,0.15033732940033206,smooth
32_204_8037,142,1.75,0.5425330812854442,lumpy
32_204_10282,154,1.7777777777777777,0.25999999999999984,intermittent
32_204_10342,136,1.0,0.27291986266345225,smooth
32_204_10478,104,1.1,0.6730878807801887,erratic
32_204_10972,132,1.0,0.43638140112499096,smooth
32_204_12245,40,1.9696969696969697,0.7206586523511692,lumpy
32_205_6705,126,1.0,0.1924553199733989,smooth
32_208_799,120,1.1111111111111112,1.4214103715207842,erratic
32_208_890,144,1.4444444444444444,0.18483621149204607,intermittent
32_208_1404,88,1.607843137254902,0.411056553206753,intermittent
32_208_2888,81,1.5892857142857142,0.22700543293240324,intermittent
32_208_3613,82,2.6666666666666665,0.23198216950026698,intermittent
32_208_3989,27,3.0425531914893615,0.3806250000000001,intermittent
32_208_4426,109,1.22,0.42696809363476046,smooth
32_208_4461,103,1.4565217391304348,0.18092992592334003,intermittent
32_208_5063,120,1.1904761904761905,0.2285366987483,smooth
32_208_5368,135,1.0606060606060606,0.23066863429675208,smooth
32_208_6784,53,2.25,0.3552259952870118,intermittent
32_208_7032,27,3.3255813953488373,0.8240453686200381,lumpy
32_208_8115,144,1.8571428571428572,0.06595213319458892,intermittent
32_208_9664,28,2.0285714285714285,0.49643617812732466,intermittent
32_208_9730,120,1.0869565217391304,0.21039123838737345,smooth
32_208_9926,113,1.6764705882352942,0.19803426796982876,intermittent
32_208_10822,74,1.7454545454545454,0.22161162237767623,intermittent
32_208_12480,52,2.4583333333333335,0.6068731078173467,lumpy
32_208_13922,135,1.0,0.28697009887714797,smooth
32_208_14261,85,1.7346938775510203,0.21037680094800562,intermittent
32_216_3046,128,1.1666666666666667,0.23621227887617055,smooth
32_216_4055,155,1.3636363636363635,0.3726778007130791,intermittent
32_216_6259,135,1.0,0.17913624431202266,smooth
32_216_10874,137,1.064516129032258,0.5405638313703107,erratic
32_216_11980,153,1.0,0.25322782174094133,smooth
32_216_13083,26,2.0869565217391304,0.7298843953423468,lumpy
32_216_13096,156,1.0769230769230769,0.7575575108935638,erratic
32_216_14017,128,1.0,0.22429412153673228,smooth
32_216_14071,44,2.739130434782609,0.14070773940839992,intermittent
32_217_1384,28,47.333333333333336,0.3199999999999998,intermittent
32_217_2605,33,1.4731182795698925,1.2956722018223819,lumpy
32_217_2997,49,2.4693877551020407,0.38851615489992974,intermittent
32_217_10189,110,4.0,2.223062381852553,lumpy
32_217_11139,128,1.105263157894737,0.11620343341368987,smooth
32_217_11504,120,1.1904761904761905,0.5335255779225802,erratic
32_222_3765,156,1.0,0.06098988429752073,smooth
32_222_5653,128,1.105263157894737,0.28629481721399297,smooth
32_222_12468,74,3.84,0.41323458894986387,intermittent
32_225_4305,33,2.140625,0.5608839137825911,lumpy
32_264_1337,67,3.0294117647058822,0.6196947351467761,lumpy
32_264_1371,26,1.87012987012987,0.7834978046065464,lumpy
32_264_2264,57,2.3541666666666665,0.1756642386403052,intermittent
32_274_523,127,1.0,0.23147928994082853,smooth
32_274_3542,134,1.0,0.604296704891857,erratic
32_274_5154,125,1.0,0.2608598797059479,smooth
32_274_12741,125,1.0,0.5662210534005407,erratic
32_279_9909,148,1.0476190476190477,0.19047619047619038,smooth
32_292_1640,113,5.7,0.3272727272727272,intermittent
32_292_3486,149,1.4,0.44655958754709507,intermittent
32_292_6160,88,1.3015873015873016,0.2978043995220569,smooth
32_292_8422,110,1.0,0.10101241893272597,smooth
32_292_9316,110,1.0,0.30428864519992965,smooth
32_292_11216,133,1.0571428571428572,0.5297053810567327,erratic
32_292_11712,113,1.9,0.6174686321662874,lumpy
32_292_12050,149,1.9090909090909092,0.4428911362284358,intermittent
32_292_12389,80,1.267605633802817,0.20415360995993334,smooth
32_306_509,123,2.238095238095238,0.43444828911956945,intermittent
32_306_514,91,1.144927536231884,0.4166260054004052,smooth
32_306_723,92,3.0,0.6584362139917697,lumpy
32_306_2782,91,1.082191780821918,0.6601955566019894,erratic
32_306_4024,91,1.7173913043478262,0.8392336526447315,lumpy
32_306_5679,91,2.1944444444444446,1.0985123966942152,lumpy
32_306_6160,91,1.1791044776119404,0.4563780097364151,smooth
32_306_7957,106,1.2307692307692308,0.6890121407983232,erratic
32_306_8386,139,15.5,0.1111111111111111,intermittent
32_306_9105,121,24.5,0.0,intermittent
32_306_9316,91,1.234375,1.7139394667788395,erratic
32_306_9830,91,1.2153846153846153,0.8024113911953956,erratic
32_306_11216,106,1.1228070175438596,0.36197880512749336,smooth
32_306_11832,91,3.16,0.5476049206914282,lumpy
32_306_13496,119,2.55,0.33582303935650665,intermittent
32_306_13756,146,1.7142857142857142,0.11418685121107276,intermittent
32_321_5370,58,1.2444444444444445,0.4111896449343333,smooth
32_331_2215,147,1.15,0.5727891156462586,erratic
32_331_2782,121,1.065217391304348,0.5847354994975391,erratic
32_331_2902,140,7.5,0.0,intermittent
32_331_3299,121,2.0416666666666665,0.32778108268887574,intermittent
32_331_3486,140,1.4285714285714286,0.2506925207756231,intermittent
32_331_5684,126,3.3846153846153846,0.23100936524453694,intermittent
32_331_10799,157,13.0,0.0,intermittent
32_331_11216,139,1.2916666666666667,0.2958579881656806,smooth
32_331_11333,143,9.0,0.12500000000000006,intermittent
32_331_12050,139,1.4090909090909092,0.3551999999999997,intermittent
33_49_6562,85,42.5,0.1111111111111111,intermittent
33_66_11499,5,1.1619718309859155,0.1928436190865312,smooth
33_239_2362,0,1.1643835616438356,0.6758159826442233,erratic
33_239_2991,14,1.1223021582733812,1.5653096905845783,erratic
33_239_5267,129,1.025,0.19346457039679388,smooth
33_239_5612,91,1.025974025974026,0.13086439344618048,smooth
33_239_6562,5,1.0060975609756098,0.42087948874125014,smooth
33_239_10023,0,1.0,0.503998178971364,erratic
33_239_10130,129,1.0,0.5347624712362165,erratic
33_239_13825,0,1.118421052631579,0.6288525193176653,erratic
33_315_1857,65,1.381578947368421,0.29086469405343296,intermittent
33_315_5371,58,1.4,0.35958361065019423,intermittent
33_315_5566,0,1.0493827160493827,2.224379792506177,erratic
33_315_10906,10,1.1510791366906474,0.3991925367845791,smooth
33_315_11499,144,1.0833333333333333,0.22205166440068402,smooth
33_315_11873,5,1.0377358490566038,0.7943688933269614,erratic
34_325_85,97,4.055555555555555,0.12287334593572795,intermittent
34_325_102,73,3.5925925925925926,0.44868072213104404,intermittent
34_325_117,26,2.2857142857142856,0.5619834710743803,lumpy
34_325_147,72,2.8823529411764706,1.2281685627303314,lumpy
34_325_157,100,3.1818181818181817,0.346938775510204,intermittent
34_325_160,38,3.8823529411764706,1.4515943694340707,lumpy
34_325_212,58,2.4347826086956523,0.4509025986907359,intermittent
34_325_222,36,2.4363636363636365,0.37336504161712275,intermittent
34_325_414,0,1.4782608695652173,0.9589116486348626,lumpy
34_325_425,80,1.6666666666666667,1.0435502958579883,lumpy
34_325_481,139,1.4090909090909092,0.6324490580545943,lumpy
34_325_496,83,4.578947368421052,0.17768595041322308,intermittent
34_325_545,40,2.765957446808511,0.5608018355271103,lumpy
34_325_553,37,2.180327868852459,0.6035389224942056,lumpy
34_325_574,86,10.5,0.0,intermittent
34_325_585,61,4.954545454545454,0.39646201873048903,intermittent
34_325_711,57,5.136363636363637,0.03969754253308151,intermittent
34_325_729,72,1.96,1.870232594564963,lumpy
34_325_731,34,3.4871794871794872,0.25344352617079896,intermittent
34_325_797,58,4.0,0.1657142857142857,intermittent
34_325_879,72,7.0,0.11418685121107276,intermittent
34_325_967,45,2.1186440677966103,1.3814058956916104,lumpy
34_325_992,86,12.0,0.0,intermittent
34_325_1010,72,1.7818181818181817,1.0789015083228175,lumpy
34_325_1039,0,4.358974358974359,0.29845422116527925,intermittent
34_325_1071,63,6.6875,0.08641975308641975,intermittent
34_325_1126,73,2.2045454545454546,0.3820306793279765,intermittent
34_325_1161,95,2.5,0.31250000000000017,intermittent
34_325_1247,39,2.519230769230769,0.5383933518005543,lumpy
34_325_1249,58,1.8666666666666667,1.0097579283167577,lumpy
34_325_1315,57,2.26,0.26004382761139516,intermittent
34_325_1321,80,2.903225806451613,0.9520910110559208,lumpy
34_325_1419,54,2.8292682926829267,0.24065503737985042,intermittent
34_325_1436,153,1.2142857142857142,0.3333333333333333,smooth
34_325_1495,45,2.1186440677966103,1.5296990804646518,lumpy
34_325_1509,90,4.444444444444445,0.07999999999999981,intermittent
34_325_1570,40,3.0952380952380953,0.15178571428571425,intermittent
34_325_1582,38,2.869565217391304,1.1012345679012343,lumpy
34_325_1710,0,4.146341463414634,0.5414828817475323,lumpy
34_325_1769,72,1.4202898550724639,1.2535807291666667,lumpy
34_325_1792,0,3.5416666666666665,0.17377731529656595,intermittent
34_325_1801,95,2.0833333333333335,0.38605619146722125,intermittent
34_325_1851,31,1.9857142857142858,0.9299078359242121,lumpy
34_325_1855,0,1.7708333333333333,2.2771307640899976,lumpy
34_325_1885,67,2.942857142857143,0.8970414201183431,lumpy
34_325_1897,63,1.5970149253731343,1.70425419474171,lumpy
34_325_1958,59,6.9375,0.08641975308641975,intermittent
34_325_1981,157,13.0,0.0,intermittent
34_325_2004,0,2.125,1.1605963365755598,lumpy
34_325_2010,73,5.388888888888889,0.3950850661625711,intermittent
34_325_2045,0,1.4912280701754386,4.075276816697156,lumpy
34_325_2054,72,5.444444444444445,0.18750000000000008,intermittent
34_325_2079,153,2.125,0.2222222222222222,intermittent
34_325_2101,72,12.25,0.08641975308641975,intermittent
34_325_2174,97,1.5869565217391304,0.9901970025450084,lumpy
34_325_2229,80,18.0,0.11111111111111122,intermittent
34_325_2259,36,2.977777777777778,0.2248520710059171,intermittent
34_325_2346,13,2.1506849315068495,0.726611127070765,lumpy
34_325_2379,25,3.0208333333333335,0.5473251028806584,lumpy
34_325_2441,41,2.0806451612903225,0.5996000000000002,lumpy
34_325_2446,94,1.8095238095238095,0.3088642659279777,intermittent
34_325_2502,93,6.416666666666667,0.12,intermittent
34_325_2532,80,1.875,1.130510396975425,lumpy
34_325_2597,22,2.0,0.5858572201189837,lumpy
34_325_2603,38,9.428571428571429,0.7475994513031549,lumpy
34_325_2664,40,2.452830188679245,0.4737487039306249,intermittent
34_325_2671,95,1.7045454545454546,0.4204545454545454,intermittent
34_325_2754,34,2.0923076923076924,0.6926430307472705,lumpy
34_325_2768,80,1.9565217391304348,1.2418123910822665,lumpy
34_325_2781,94,2.375,0.3568,intermittent
34_325_2887,97,4.5625,0.256198347107438,intermittent
34_325_3019,31,2.1384615384615384,0.9780864197530865,lumpy
34_325_3071,72,2.9696969696969697,0.43367935409457914,intermittent
34_325_3075,29,2.660377358490566,2.0582986317668053,lumpy
34_325_3124,90,6.153846153846154,0.09777777777777796,intermittent
34_325_3276,153,1.7,0.42400000000000004,intermittent
34_325_3295,25,1.7058823529411764,1.397384066587396,lumpy
34_325_3322,29,3.710526315789474,0.610726643598616,lumpy
34_325_3393,80,2.3684210526315788,0.4823885872995834,intermittent
34_325_3406,72,4.083333333333333,0.26446280991735555,intermittent
34_325_3430,72,4.260869565217392,0.0887573964497043,intermittent
34_325_3468,63,1.7258064516129032,1.3528419632315734,lumpy
34_325_3532,36,3.0454545454545454,0.4939886378649755,intermittent
34_325_3536,67,5.421052631578948,0.887566924449732,lumpy
34_325_3573,20,1.9230769230769231,2.4915689981096403,lumpy
34_325_3624,73,1.3287671232876712,0.41266179674484194,smooth
34_325_3626,0,1.8279569892473118,1.1031439602868172,lumpy
34_325_3734,14,13.0,0.06508875739644986,intermittent
34_325_3794,25,5.0,0.39792060491493364,intermittent
34_325_3854,57,3.4242424242424243,0.216446124763705,intermittent
34_325_3956,40,2.280701754385965,0.695511087074094,lumpy
34_325_4122,39,3.5405405405405403,1.1195061728395062,lumpy
34_325_4228,13,1.6020408163265305,0.855472955003103,lumpy
34_325_4234,97,1.7380952380952381,1.281575373472159,lumpy
34_325_4340,56,8.76923076923077,0.06122448979591849,intermittent
34_325_4348,0,1.7894736842105263,0.6182314735386287,lumpy
34_325_4374,153,1.1333333333333333,0.33770937075599816,smooth
34_325_4411,39,3.638888888888889,0.7520661157024796,lumpy
34_325_4412,95,18.75,0.0,intermittent
34_325_4425,37,4.15625,0.5410225921521997,lumpy
34_325_4459,0,2.1794871794871793,0.5256878500121742,lumpy
34_325_4470,14,1.7333333333333334,1.1080705009276441,lumpy
34_325_4497,103,6.7,0.24260355029585792,intermittent
34_325_4518,80,15.0,0.0,intermittent
34_325_4565,14,1.6956521739130435,2.0087526627741417,lumpy
34_325_4591,73,2.7714285714285714,0.7555555555555556,lumpy
34_325_4597,37,3.1666666666666665,0.3773148148148149,intermittent
34_325_4624,40,7.222222222222222,0.19008264462809896,intermittent
34_325_4648,59,4.625,0.15226337448559665,intermittent
34_325_4676,40,3.4210526315789473,1.2108800672127704,lumpy
34_325_4755,102,2.9565217391304346,0.1759809750297265,intermittent
34_325_4785,45,2.840909090909091,0.4545454545454546,intermittent
34_325_4955,0,3.953488372093023,0.8006250000000003,lumpy
34_325_5024,94,7.6,0.12426035502958563,intermittent
34_325_5151,40,4.333333333333333,0.5699537201851195,lumpy
34_325_5164,0,1.5315315315315314,0.9621212121212119,lumpy
34_325_5193,83,29.0,0.12500000000000006,intermittent
34_325_5233,22,2.3870967741935485,0.3574225703097188,intermittent
34_325_5366,73,13.857142857142858,0.09375000000000011,intermittent
34_325_5415,139,1.2916666666666667,1.8811148207286983,erratic
34_325_5440,90,3.2,0.5046296296296298,lumpy
34_325_5460,57,2.973684210526316,0.4334319526627218,intermittent
34_325_5573,0,2.6984126984126986,0.3844444444444445,intermittent
34_325_5581,100,7.0,0.1111111111111111,intermittent
34_325_5602,74,9.6,0.11111111111111122,intermittent
34_325_5624,157,13.0,0.0,intermittent
34_325_5787,28,2.6792452830188678,1.040420600373113,lumpy
34_325_5799,26,2.6666666666666665,0.639323873593759,lumpy
34_325_5896,0,2.65625,0.9391490973361949,lumpy
34_325_5909,92,2.2941176470588234,0.18515165233137168,intermittent
34_325_5911,31,3.088888888888889,0.34943773427738467,intermittent
34_325_5923,37,8.866666666666667,0.20370370370370378,intermittent
34_325_5946,38,3.0,1.8829215896885063,lumpy
34_325_5998,82,8.8,0.6444444444444445,lumpy
34_325_6063,25,2.9,0.7652787923058189,lumpy
34_325_6064,37,2.66,0.6845025762980577,lumpy
34_325_6111,72,5.157894736842105,0.22496570644718797,intermittent
34_325_6187,9,1.5046728971962617,1.291509196271101,lumpy
34_325_6226,40,3.3333333333333335,0.28916957807041116,intermittent
34_325_6228,156,14.0,0.0,intermittent
34_325_6245,72,2.227272727272727,0.39275301957517733,intermittent
34_325_6266,36,1.9420289855072463,0.48570019723865904,intermittent
34_325_6291,40,3.25,0.37931034482758613,intermittent
34_325_6296,97,3.3181818181818183,0.5464852607709749,lumpy
34_325_6360,39,5.695652173913044,0.0,intermittent
34_325_6373,23,2.370967741935484,1.275336250637601,lumpy
34_325_6433,40,10.0,0.09777777777777796,intermittent
34_325_6459,63,1.9107142857142858,0.4595336076817558,intermittent
34_325_6461,36,2.4814814814814814,0.26249307479224376,intermittent
34_325_6569,61,2.477272727272727,1.0511803213648088,lumpy
34_325_6604,0,1.8085106382978724,2.9967392992081154,lumpy
34_325_6612,94,1.7674418604651163,0.3251385041551247,intermittent
34_325_6622,14,2.0,0.8027343749999998,lumpy
34_325_6630,98,5.538461538461538,0.06122448979591849,intermittent
34_325_6647,72,3.92,0.36734693877551045,intermittent
34_325_6683,9,1.8505747126436782,0.8937368050668538,lumpy
34_325_6709,45,1.6233766233766234,1.2218620469762989,lumpy
34_325_6711,41,6.45,0.0,intermittent
34_325_6779,0,2.0238095238095237,0.6722682445759367,lumpy
34_325_6844,96,4.625,0.2,intermittent
34_325_6914,52,1.873015873015873,2.6587596668649613,lumpy
34_325_6948,29,1.9859154929577465,3.495314285714286,lumpy
34_325_6950,25,2.1641791044776117,0.922193300135808,lumpy
34_325_7020,61,1.4931506849315068,1.1325360258798158,lumpy
34_325_7108,94,4.222222222222222,0.04709141274238228,intermittent
34_325_7112,25,3.2222222222222223,0.54073199527745,lumpy
34_325_7113,9,2.3333333333333335,0.7802292099692988,lumpy
34_325_7161,139,1.1923076923076923,0.968631692806923,erratic
34_325_7167,37,2.7142857142857144,0.4397530864197529,intermittent
34_325_7173,61,2.0185185185185186,0.44140625,intermittent
34_325_7307,72,3.6296296296296298,0.16816326530612258,intermittent
34_325_7329,74,4.8,0.07438016528925608,intermittent
34_325_7345,97,2.433333333333333,0.41301775147929026,intermittent
34_325_7414,157,13.0,0.0,intermittent
34_325_7452,13,2.1805555555555554,0.7361111111111112,lumpy
34_325_7540,31,1.6352941176470588,1.4513244628906252,lumpy
34_325_7634,39,3.275,0.6599903861560645,lumpy
34_325_7828,45,2.314814814814815,0.9726147977896228,lumpy
34_325_7844,0,1.4049586776859504,1.2395547153959252,lumpy
34_325_7878,80,1.6363636363636365,0.7959876543209875,lumpy
34_325_7931,34,2.7755102040816326,0.4848484848484852,intermittent
34_325_7975,72,6.125,0.05190311418685121,intermittent
34_325_7983,98,3.6,0.24260355029585792,intermittent
34_325_7991,53,4.68,0.22222222222222227,intermittent
34_325_8012,15,6.2,0.2626262626262626,intermittent
34_325_8013,9,3.0377358490566038,0.28297992118596377,intermittent
34_325_8023,0,1.1486486486486487,0.684582511505589,erratic
34_325_8056,93,2.8518518518518516,0.16816326530612258,intermittent
34_325_8103,141,3.625,0.08641975308641975,intermittent
34_325_8143,153,1.0625,0.7457988165680474,erratic
34_325_8145,72,2.5789473684210527,1.2747321991178322,lumpy
34_325_8254,31,2.0144927536231885,0.6292798110979927,lumpy
34_325_8258,72,2.5789473684210527,0.34933544931561183,intermittent
34_325_8285,41,2.6875,0.2777777777777778,intermittent
34_325_8381,31,4.088235294117647,0.1584640346133047,intermittent
34_325_8419,0,1.5596330275229358,0.6907097389722872,lumpy
34_325_8509,139,3.1,0.8,lumpy
34_325_8582,72,8.166666666666666,0.06508875739644986,intermittent
34_325_8590,59,3.9642857142857144,0.38271604938271575,intermittent
34_325_8634,31,2.6226415094339623,1.0130072840790842,lumpy
34_325_8711,141,1.16,0.5333333333333334,erratic
34_325_8749,72,2.227272727272727,0.556622222222222,lumpy
34_325_8788,67,2.4523809523809526,0.8856332703213607,lumpy
34_325_8799,0,1.8681318681318682,0.45751656307629285,intermittent
34_325_8844,86,2.625,0.658698224852071,lumpy
34_325_8853,25,4.393939393939394,0.6799572801708794,lumpy
34_325_8907,141,1.2608695652173914,0.30434782608695654,smooth
34_325_8987,96,2.176470588235294,0.1920987654320989,intermittent
34_325_9015,14,2.3636363636363638,0.42197599261311164,intermittent
34_325_9029,0,1.7346938775510203,0.9087603878116346,lumpy
34_325_9069,20,2.8846153846153846,0.9735040000000001,lumpy
34_325_9115,23,1.6333333333333333,2.3891064435742257,lumpy
34_325_9143,38,2.0952380952380953,1.3755441234665609,lumpy
34_325_9201,82,2.4444444444444446,1.408203125,lumpy
34_325_9246,45,4.8076923076923075,0.2522448979591835,intermittent
34_325_9300,83,3.625,0.11296076099881112,intermittent
34_325_9332,61,1.6029411764705883,0.567777777777778,lumpy
34_325_9343,0,2.4285714285714284,1.357442861191991,lumpy
34_325_9348,53,2.4893617021276597,1.4071180555555558,lumpy
34_325_9373,37,3.6944444444444446,0.6104142011834319,lumpy
34_325_9434,71,4.304347826086956,0.45993756503642025,intermittent
34_325_9446,0,1.8681318681318682,1.198767589251559,lumpy
34_325_9474,0,2.236842105263158,0.6770879990444622,lumpy
34_325_9483,39,5.038461538461538,0.8376780435366835,lumpy
34_325_9536,139,1.7222222222222223,0.9800640797436807,lumpy
34_325_9673,72,1.719298245614035,1.348121321865097,lumpy
34_325_9677,82,2.3783783783783785,0.46170384305294265,intermittent
34_325_9695,124,46.0,0.0,intermittent
34_325_9697,97,3.0416666666666665,0.7892544773011249,lumpy
34_325_9711,112,3.411764705882353,0.12476370510396946,intermittent
34_325_9753,73,2.2045454545454546,0.2906666666666665,intermittent
34_325_9831,72,2.5128205128205128,0.3520558989518946,intermittent
34_325_9851,14,2.557377049180328,0.8938563810358684,lumpy
34_325_9868,58,2.604651162790698,0.943148688046647,lumpy
34_325_9874,3,5.387096774193548,0.20221606648199447,intermittent
34_325_9983,29,1.855263157894737,2.529923042100498,lumpy
34_325_9985,72,3.769230769230769,0.1964937910883855,intermittent
34_325_9998,0,1.5315315315315314,1.440972222222222,lumpy
34_325_10043,58,2.074074074074074,0.6780707773747671,lumpy
34_325_10109,40,9.285714285714286,0.33,intermittent
34_325_10119,0,1.6346153846153846,1.5414580659419121,lumpy
34_325_10134,58,2.604651162790698,5.016250495441934,lumpy
34_325_10155,0,3.617021276595745,0.23479289940828396,intermittent
34_325_10233,82,3.8260869565217392,0.25781250000000017,intermittent
34_325_10311,26,1.7777777777777777,0.7627030403998333,lumpy
34_325_10344,0,2.125,0.6571383820189519,lumpy
34_325_10349,67,5.15,0.8440726237095051,lumpy
34_325_10358,36,3.8285714285714287,0.34731833910034593,intermittent
34_325_10361,94,3.3043478260869565,3.6778162245290273,lumpy
34_325_10417,9,2.4393939393939394,0.7450565289851805,lumpy
34_325_10420,38,3.5675675675675675,1.3353057199211054,lumpy
34_325_10425,86,5.6,0.38888888888888895,intermittent
34_325_10477,9,3.926829268292683,0.2604958677685948,intermittent
34_325_10483,157,13.0,0.0,intermittent
34_325_10488,37,3.2439024390243905,0.5634451019066403,lumpy
34_325_10497,56,8.142857142857142,0.1899999999999999,intermittent
34_325_10512,61,2.5952380952380953,0.7111111111111112,lumpy
34_325_10514,105,1.8055555555555556,0.9612076235452857,lumpy
34_325_10528,23,3.0,0.6751557093425605,lumpy
34_325_10603,141,2.6363636363636362,0.2272727272727273,intermittent
34_325_10659,129,8.2,0.0,intermittent
34_325_10690,139,2.066666666666667,1.257785467128028,lumpy
34_325_10707,48,4.206896551724138,1.3558024691358024,lumpy
34_325_10739,141,1.5263157894736843,0.44589774078477984,intermittent
34_325_10741,37,2.7142857142857144,0.8503135827375993,lumpy
34_325_10757,58,3.111111111111111,1.3495338226542348,lumpy
34_325_10801,37,13.3,0.11111111111111122,intermittent
34_325_10913,52,4.068965517241379,0.16358024691358022,intermittent
34_325_10957,40,3.7142857142857144,1.0758928571428565,lumpy
34_325_10973,48,2.5416666666666665,2.8693877551020415,lumpy
34_325_10979,9,1.8941176470588235,0.7475257626772775,lumpy
34_325_10987,58,2.488888888888889,0.6719999999999999,lumpy
34_325_11011,40,2.6,0.8548752834467119,lumpy
34_325_11083,48,4.518518518518518,0.4789497510185606,intermittent
34_325_11096,14,2.260869565217391,1.2936113061261862,lumpy
34_325_11104,72,3.161290322580645,0.27245687091017257,intermittent
34_325_11132,74,4.173913043478261,0.17555555555555552,intermittent
34_325_11158,153,1.3076923076923077,0.6655328798185939,erratic
34_325_11309,57,2.825,0.1522633744855966,intermittent
34_325_11346,53,2.7857142857142856,1.1465657111952408,lumpy
34_325_11396,41,2.1147540983606556,1.097441998810232,lumpy
34_325_11422,86,3.111111111111111,0.15384615384615388,intermittent
34_325_11482,0,1.7,1.1504227587680473,lumpy
34_325_11488,36,1.576470588235294,0.6679748822605968,lumpy
34_325_11506,20,2.34375,0.9320477502295684,lumpy
34_325_11576,25,2.338709677419355,0.5308641975308642,lumpy
34_325_11633,9,1.8505747126436782,0.7381556172764966,lumpy
34_325_11703,36,2.0,0.472712640209245,intermittent
34_325_11735,40,3.7142857142857144,0.4,intermittent
34_325_11738,141,1.8125,0.53125,lumpy
34_325_11761,58,1.7230769230769232,1.362731408495113,lumpy
34_325_11768,63,2.7435897435897436,0.5881028335522611,lumpy
34_325_11871,63,1.9814814814814814,0.9690202950986491,lumpy
34_325_11918,34,2.1587301587301586,1.0474102013069606,lumpy
34_325_11942,93,2.3333333333333335,0.2100497962879129,intermittent
34_325_12123,9,1.7692307692307692,0.8814621592759231,lumpy
34_325_12131,72,8.166666666666666,0.06508875739644986,intermittent
34_325_12142,46,7.75,0.28,intermittent
34_325_12151,86,3.5,1.4049586776859508,lumpy
34_325_12199,45,2.450980392156863,1.1049747972824897,lumpy
34_325_12216,86,3.111111111111111,0.6735537190082647,lumpy
34_325_12275,34,4.0,0.4859521331945892,intermittent
34_325_12293,82,1.872340425531915,0.36593750000000014,intermittent
34_325_12362,153,1.7,0.9727891156462583,lumpy
34_325_12445,141,1.5263157894736843,0.40175310445580703,intermittent
34_325_12449,88,5.857142857142857,0.09375000000000011,intermittent
34_325_12561,82,5.866666666666666,0.11111111111111122,intermittent
34_325_12604,25,2.7358490566037736,0.7620451843043996,lumpy
34_325_12622,86,4.0,0.7636718750000001,lumpy
34_325_12628,34,2.1587301587301586,0.655672746343453,lumpy
34_325_12693,40,2.3214285714285716,0.5645524948534457,lumpy
34_325_12789,52,4.72,0.08418367346938768,intermittent
34_325_12790,67,3.21875,0.4189733942488578,intermittent
34_325_12833,97,1.7804878048780488,1.3158191030212048,lumpy
34_325_12881,72,19.6,0.11111111111111122,intermittent
34_325_12890,74,8.727272727272727,0.0694444444444446,intermittent
34_325_12913,67,3.9615384615384617,1.5503045578659946,lumpy
34_325_12957,0,1.9101123595505618,1.199938677416155,lumpy
34_325_12965,72,2.130434782608696,0.4256198347107437,intermittent
34_325_12967,28,2.84,0.9965277777777777,lumpy
34_325_13004,54,11.6,0.0,intermittent
34_325_13037,72,5.444444444444445,0.16049382716049385,intermittent
34_325_13054,20,2.112676056338028,1.14584666340472,lumpy
34_325_13102,56,5.428571428571429,0.5585937500000002,lumpy
34_325_13118,0,2.073170731707317,1.1284095026137364,lumpy
34_325_13239,63,3.242424242424242,1.6583333333333334,lumpy
34_325_13244,34,11.333333333333334,0.12500000000000006,intermittent
34_325_13246,83,5.117647058823529,0.18999999999999984,intermittent
34_325_13247,40,2.8260869565217392,0.8058003525076107,lumpy
34_325_13262,9,1.61,0.6851407650549171,lumpy
34_325_13294,125,6.428571428571429,0.26000000000000006,intermittent
34_325_13322,0,1.6346153846153846,0.8333213414354957,lumpy
34_325_13395,82,3.142857142857143,0.27977839335180044,intermittent
34_325_13511,62,5.4,0.2894375857338819,intermittent
34_325_13523,40,2.0634920634920637,0.7446153846153843,lumpy
34_325_13530,61,2.18,0.7840264650283553,lumpy
34_325_13551,39,2.7291666666666665,1.1435512980702487,lumpy
34_325_13585,29,2.764705882352941,0.7755555555555557,lumpy
34_325_13607,0,1.9318181818181819,0.6884642493539038,lumpy
34_325_13627,72,7.0,0.0,intermittent
34_325_13628,72,5.157894736842105,0.18047337278106512,intermittent
34_325_13687,139,2.2142857142857144,1.4044321329639886,lumpy
34_325_13693,73,2.9393939393939394,0.3537455410225922,intermittent
34_325_13719,72,5.444444444444445,0.11570247933884288,intermittent
34_325_13735,72,3.2666666666666666,0.24999999999999983,intermittent
34_325_13738,72,3.92,0.2777777777777779,intermittent
34_325_13743,94,4.470588235294118,0.10499999999999983,intermittent
34_325_13887,41,2.4339622641509435,0.5623582766439909,lumpy
34_325_13951,59,6.9375,0.05190311418685121,intermittent
34_325_13983,41,1.6125,1.218198279764599,lumpy
34_325_13995,40,2.9545454545454546,0.807004283194759,lumpy
34_325_14010,80,3.75,0.300275482093664,intermittent
34_325_14082,80,3.0,1.2107511569953722,lumpy
34_325_14084,58,3.8620689655172415,0.0,intermittent
34_325_14113,107,3.9375,0.12471655328798185,intermittent
34_325_14121,0,4.594594594594595,0.3830544677821287,intermittent
34_325_14128,29,5.875,0.6732570239334025,lumpy
34_325_14195,73,10.777777777777779,0.12500000000000006,intermittent
34_325_14231,0,1.9767441860465116,0.7544108380592311,lumpy
34_325_14237,9,3.0961538461538463,0.7123531505873978,lumpy
35_256_4496,27,11.0,1.8602044660027357,lumpy
35_256_11802,135,7.0,0.29607609988109396,intermittent
36_77_1983,76,1.010752688172043,0.18198365646531028,smooth
36_77_3798,82,1.0232558139534884,0.24740386423490404,smooth
36_77_5231,118,1.0612244897959184,0.7993769369834713,erratic
36_77_5311,76,1.010752688172043,0.15413074286892203,smooth
36_77_7884,65,1.206896551724138,0.5348637044007729,erratic
36_77_10688,65,1.0,0.23151251305002188,smooth
36_77_13774,65,4.2,0.20299767994567688,intermittent
36_236_90,106,1.0158730158730158,0.6170092142475467,erratic
36_236_384,137,1.2692307692307692,0.43596133307774465,smooth
36_236_1308,139,1.4761904761904763,0.28072809157440415,intermittent
36_236_1743,137,1.1379310344827587,0.23230080168617565,smooth
36_236_1983,77,1.0,0.06664832871535045,smooth
36_236_2064,138,1.28,0.9943289224952746,erratic
36_236_2312,106,1.0491803278688525,0.6727409010925848,erratic
36_236_2871,106,1.0,0.7412004408921659,erratic
36_236_2956,106,1.0666666666666667,1.1755911386593207,erratic
36_236_3708,106,1.0158730158730158,0.9054647258657599,erratic
36_236_3798,50,1.0,0.12262080169682968,smooth
36_236_4043,106,1.0666666666666667,1.1728220700044723,erratic
36_236_4171,137,1.064516129032258,0.43934062868125734,smooth
36_236_4261,106,1.1428571428571428,1.1830309095252902,erratic
36_236_5231,87,1.1690140845070423,0.20996993221259042,smooth
36_236_5311,77,1.0,0.0414802954713525,smooth
36_236_7155,137,1.1,0.635067250040512,erratic
36_236_7884,51,1.0,0.08428817142776371,smooth
36_236_10688,50,1.0,0.08841622773885181,smooth
36_236_11086,106,1.0491803278688525,1.8223934611768784,erratic
36_236_12924,106,1.0,1.6252326306109195,erratic
36_236_13236,106,1.0158730158730158,1.3527777217291541,erratic
36_236_13750,137,1.1379310344827587,0.45935232464391296,smooth
36_236_14005,137,1.03125,1.1942212482753023,erratic
36_236_14164,137,1.32,0.4081450653983352,smooth
37_214_1223,95,1.0,0.3852278917409122,smooth
37_214_3101,95,1.0135135135135136,0.42756958641666887,smooth
37_214_4603,72,1.240506329113924,1.1625159703285597,erratic
37_214_5485,73,1.3108108108108107,0.6317977757371693,erratic
37_214_5511,95,1.1904761904761905,0.4370795409576573,smooth
37_214_7308,72,1.0,0.5681605632,erratic
37_214_8753,43,1.1981132075471699,0.8454887963513782,erratic
37_214_8877,52,1.0172413793103448,0.9860035570334854,erratic
37_214_10681,37,1.6835443037974684,0.4980634776922689,intermittent
37_214_13139,97,1.3035714285714286,0.8420626662041854,erratic
37_214_13156,97,1.2586206896551724,1.4061903371442692,erratic
37_214_13434,91,1.0,0.38445010488909176,smooth
37_214_13638,40,1.04,0.6660422798333647,erratic
37_214_13709,19,1.3245614035087718,1.210768905986114,erratic
37_214_14138,72,1.0425531914893618,0.6846017992996014,erratic
38_63_2233,52,1.0,0.32375322887102786,smooth
38_63_3670,49,1.0,0.4640786950750959,smooth
38_63_3683,151,1.0,0.0984657500392645,smooth
38_63_4451,54,1.0642201834862386,0.24542870691320176,smooth
38_63_7833,53,1.2446808510638299,0.35616242884712784,smooth
38_63_7889,138,1.0,0.7406696797915143,erratic
38_63_8736,154,1.0,0.1425598335067638,smooth
38_63_8765,55,1.1734693877551021,0.2523878098978526,smooth
38_63_8835,155,1.0,0.08700081675504782,smooth
38_63_9010,29,1.014388489208633,0.2660064569702542,smooth
38_63_9049,115,1.0377358490566038,0.1269990761108632,smooth
38_63_10806,28,1.0070921985815602,0.2620752688047601,smooth
38_63_10873,104,1.0,0.35662188649577337,smooth
38_63_11261,104,1.0,0.21312125365648357,smooth
38_63_12313,71,1.1785714285714286,0.25897106609245146,smooth
38_63_12469,28,1.2678571428571428,0.2702597294973093,smooth
38_63_12903,90,1.0,0.44143224901944683,smooth
38_63_13127,105,1.0,0.46459718357107316,smooth
38_68_614,0,1.0,0.052758681481786876,smooth
38_68_826,104,1.0,0.075083412973861,smooth
38_68_870,0,1.0,0.10256999917284715,smooth
38_68_1751,122,1.0,0.12421704384594849,smooth
38_68_3024,126,1.0,0.4474353851697556,smooth
38_68_4902,5,1.0,0.2095047570677202,smooth
38_68_5186,0,1.0,0.3704868890357296,smooth
38_68_6205,151,1.0,0.13876060773580537,smooth
38_68_6292,19,1.0,0.0488858396520388,smooth
38_68_6401,102,1.0,0.23178546123816252,smooth
38_68_6457,0,1.0,0.11470327538650506,smooth
38_68_6652,38,1.0,0.4185896993968607,smooth
38_68_6656,22,1.0,0.08345131440495918,smooth
38_68_6723,152,1.0,0.11216044178471025,smooth
38_68_7451,0,1.0059171597633136,0.09554649428771188,smooth
38_68_7726,0,1.0,0.8494052226655157,erratic
38_68_7730,144,1.0,0.13995624472036933,smooth
38_68_7768,0,1.0,0.7370799835505135,erratic
38_68_9163,125,1.0227272727272727,0.42772539206873517,smooth
38_68_9263,0,1.0,1.7754005306204383,erratic
38_68_9805,0,1.0,0.5856166208878898,erratic
38_68_10088,32,1.0,0.31056590138308726,smooth
38_68_10783,0,1.0,0.10692420100936925,smooth
38_68_11423,107,1.0,0.08479592883369878,smooth
38_68_12636,26,1.0,0.15481734580597817,smooth
38_139_614,138,1.0666666666666667,0.536623739875299,erratic
38_139_826,138,1.3333333333333333,0.5788566503878193,lumpy
38_139_870,138,1.0,0.14940492962470983,smooth
38_139_4902,138,1.0,0.15296021679400806,smooth
38_139_5186,138,1.0,0.1855321832349894,smooth
38_139_6292,138,1.0,0.18270832069935486,smooth
38_139_6401,138,1.0,0.34437869822485206,smooth
38_139_6457,139,1.0333333333333334,0.34153026861931257,smooth
38_139_6652,140,1.1111111111111112,0.3162901307966704,smooth
38_139_6656,138,1.0,0.14847054155921444,smooth
38_139_7451,138,1.0,0.29113022619516127,smooth
38_139_7726,138,1.6842105263157894,2.014003673094582,lumpy
38_139_7768,138,1.0,0.24826823274357965,smooth
38_139_9263,140,1.875,0.42011834319526625,intermittent
38_139_9805,138,1.0,0.09988977777777777,smooth
38_139_10088,138,1.28,0.45618055096540133,smooth
38_139_10783,138,1.0,0.08096859283869261,smooth
38_139_11423,138,1.7777777777777777,0.36732570239333995,intermittent
38_139_12636,138,1.0,0.638269282450954,erratic
38_189_2233,76,1.0,0.20397561890003085,smooth
38_189_3670,85,1.0119047619047619,0.22540624059890652,smooth
38_189_3683,153,1.0,0.127141121098723,smooth
38_189_4451,84,1.0,0.1737488840191543,smooth
38_189_7833,119,1.0408163265306123,0.21896928862769177,smooth
38_189_7889,140,1.1111111111111112,0.3291320281412213,smooth
38_189_8736,154,1.0,0.13912009512485138,smooth
38_189_8765,94,1.0,0.2705012039833331,smooth
38_189_8835,156,1.0,0.5713183628364714,erratic
38_189_9010,76,1.0,0.11236289284399165,smooth
38_189_9049,125,1.0,0.18698333006937415,smooth
38_189_10806,76,1.0,0.33560573222500306,smooth
38_189_10873,106,1.103448275862069,0.16806841338327932,smooth
38_189_11261,106,1.0,0.20463071182854894,smooth
38_189_11906,155,1.0,0.2553698048755239,smooth
38_189_12166,154,1.0,0.10116826840052852,smooth
38_189_12313,96,1.0,0.43814857965390736,smooth
38_189_12469,99,1.0,0.46545061017214556,smooth
38_189_12903,92,1.3448275862068966,0.4042575426125585,intermittent
38_189_13127,114,1.2444444444444445,0.5691159510544238,erratic
38_298_614,60,3.3333333333333335,0.1597105145470482,intermittent
38_298_826,106,1.0,0.13406031940182364,smooth
38_298_870,60,3.235294117647059,0.11631465762188428,intermittent
38_298_1055,126,3.6666666666666665,0.3613676157540267,intermittent
38_298_1751,127,1.0,0.19492434013191828,smooth
38_298_1988,120,1.0,0.1517738272378415,smooth
38_298_3024,129,1.2424242424242424,0.7390733123672467,erratic
38_298_4427,138,1.6,0.43361098064775866,intermittent
38_298_4902,55,1.0,0.19362474420873962,smooth
38_298_5186,60,1.3580246913580247,0.17721832131429324,intermittent
38_298_6205,153,1.0,0.25627876397107147,smooth
38_298_6292,55,1.116504854368932,0.20716586705529053,smooth
38_298_6401,104,1.0,0.3582201601858516,smooth
38_298_6457,54,1.008695652173913,0.14268239636385333,smooth
38_298_6652,54,1.3333333333333333,0.5890119874001623,lumpy
38_298_6656,60,1.2790697674418605,0.05514968686200364,smooth
38_298_6723,153,1.0,0.30539547279956525,smooth
38_298_7451,46,1.0,0.12183244654684836,smooth
38_298_7726,52,1.0085470085470085,0.17760408117159796,smooth
38_298_7730,145,1.0,0.11034853817409099,smooth
38_298_7768,46,1.0,0.48573694880401247,smooth
38_298_8910,110,2.142857142857143,0.14310224711426808,intermittent
38_298_9163,128,1.0,0.3797221570088496,smooth
38_298_9263,44,1.0,0.08994982290436852,smooth
38_298_9805,44,1.0862068965517242,0.5388961819566599,erratic
38_298_10088,60,1.0185185185185186,0.2985014292789795,smooth
38_298_10455,120,1.0416666666666667,0.30207383052421505,smooth
38_298_10783,50,1.0,0.26252000315578955,smooth
38_298_10959,126,2.588235294117647,0.181812244897959,intermittent
38_298_10991,143,6.75,0.0,intermittent
38_298_11423,109,1.0,0.12644088015828925,smooth
38_298_12308,142,1.037037037037037,0.23112066648750337,smooth
38_298_12583,141,1.0,0.29368985254397795,smooth
38_298_12636,61,1.2247191011235956,0.20365371938468707,smooth
39_52_5142,143,1.5,0.43801652892561993,intermittent
39_52_8127,101,1.6428571428571428,0.420289855072464,intermittent
40_5_184,128,6.0,0.0,intermittent
40_5_832,48,8.133333333333333,0.36363636363636376,intermittent
40_5_1118,48,17.428571428571427,0.09375000000000011,intermittent
40_5_1367,53,11.7,0.0,intermittent
40_5_1511,47,5.3478260869565215,0.23067776456599282,intermittent
40_5_1794,49,13.444444444444445,0.11570247933884288,intermittent
40_5_1902,48,5.545454545454546,0.11659807956104254,intermittent
40_5_2168,51,7.933333333333334,0.11111111111111122,intermittent
40_5_2524,48,10.166666666666666,0.10204081632653039,intermittent
40_5_2799,138,16.0,0.0,intermittent
40_5_3156,48,12.2,0.11111111111111122,intermittent
40_5_3166,138,16.0,0.1111111111111111,intermittent
40_5_3352,135,8.75,0.0,intermittent
40_5_3426,45,11.363636363636363,1.0702947845804986,lumpy
40_5_3435,76,15.666666666666666,0.10204081632653039,intermittent
40_5_3579,80,45.0,0.1111111111111111,intermittent
40_5_3731,47,7.6875,0.12,intermittent
40_5_4091,51,9.153846153846153,0.12456747404844289,intermittent
40_5_4132,49,20.166666666666668,0.0,intermittent
40_5_4372,77,31.0,0.0,intermittent
40_5_4495,48,11.090909090909092,0.12244897959183675,intermittent
40_5_4647,47,7.235294117647059,0.19501133786848066,intermittent
40_5_4783,50,13.333333333333334,0.07999999999999981,intermittent
40_5_4911,49,7.5625,0.4444444444444444,intermittent
40_5_5033,47,13.666666666666666,0.07999999999999981,intermittent
40_5_5067,46,10.333333333333334,0.0,intermittent
40_5_5131,49,9.307692307692308,0.3265306122448979,intermittent
40_5_5216,47,5.590909090909091,0.33203125000000006,intermittent
40_5_5345,48,15.25,0.08641975308641975,intermittent
40_5_5395,50,9.23076923076923,0.21453287197231838,intermittent
40_5_5468,138,8.0,0.0,intermittent
40_5_5686,48,24.4,0.12244897959183697,intermittent
40_5_6091,144,13.0,0.0,intermittent
40_5_6476,50,5.714285714285714,0.2857142857142857,intermittent
40_5_6983,140,15.0,0.0,intermittent
40_5_7178,129,41.0,0.0,intermittent
40_5_7259,56,38.0,0.0,intermittent
40_5_7515,51,23.8,0.0,intermittent
40_5_7534,48,5.304347826086956,0.3476562500000001,intermittent
40_5_7664,52,59.0,0.0,intermittent
40_5_7727,51,6.611111111111111,0.19008264462809896,intermittent
40_5_7992,57,9.416666666666666,0.06508875739644986,intermittent
40_5_8453,48,20.333333333333332,0.10204081632653039,intermittent
40_5_8487,133,7.4,0.0,intermittent
40_5_8551,52,19.666666666666668,0.7999999999999998,lumpy
40_5_9082,127,14.333333333333334,0.0,intermittent
40_5_9192,66,34.666666666666664,0.3199999999999998,intermittent
40_5_9364,47,8.2,0.19791666666666652,intermittent
40_5_9900,49,12.1,0.07438016528925608,intermittent
40_5_10203,50,17.142857142857142,0.29629629629629606,intermittent
40_5_10350,130,5.0,0.08641975308641975,intermittent
40_5_10364,142,28.0,0.0,intermittent
40_5_10372,49,9.307692307692308,0.0,intermittent
40_5_11007,49,8.642857142857142,0.057777777777777796,intermittent
40_5_11934,54,29.0,0.0,intermittent
40_5_12291,48,10.166666666666666,0.2041522491349479,intermittent
40_5_12592,143,9.0,0.0,intermittent
40_5_12649,50,8.0,0.12188365650969539,intermittent
40_5_13079,134,12.0,0.0,intermittent
40_5_13278,49,6.722222222222222,0.18750000000000008,intermittent
40_5_13606,80,22.5,0.0,intermittent
40_5_14235,45,5.208333333333333,0.1680440771349863,intermittent
40_18_72,153,1.7,0.33959466139396915,intermittent
40_18_184,14,1.1908396946564885,0.5654199297866594,erratic
40_18_320,106,1.103448275862069,0.5786721797272143,erratic
40_18_832,0,1.069182389937107,0.4834040225841531,smooth
40_18_911,10,1.2121212121212122,0.5536888888888889,erratic
40_18_1448,156,2.0,0.14030915576694408,intermittent
40_18_1511,0,1.0625,0.37392676248519036,smooth
40_18_1902,0,1.0625,0.37541911432402714,smooth
40_18_2121,97,1.0138888888888888,0.3136961631207841,smooth
40_18_2168,0,1.8279569892473118,0.6143719661306285,lumpy
40_18_2607,100,3.888888888888889,0.597768519172375,lumpy
40_18_2799,108,1.087719298245614,0.3641868512110726,smooth
40_18_3166,106,1.0158730158730158,0.6807703747769186,erratic
40_18_3352,14,1.2380952380952381,0.5043714555765594,erratic
40_18_3426,4,1.1448275862068966,0.47877388086783396,smooth
40_18_3435,30,1.1666666666666667,0.504856321261236,erratic
40_18_3700,66,4.7272727272727275,0.8619791666666669,lumpy
40_18_4091,1,1.0833333333333333,0.3793354340763711,smooth
40_18_4132,0,1.0759493670886076,0.41474420013850405,smooth
40_18_4165,153,1.4166666666666667,0.36700998913099725,intermittent
40_18_4209,3,1.3801652892561984,0.973341287582028,lumpy
40_18_4349,72,1.8846153846153846,0.706368080327652,lumpy
40_18_4488,11,1.394736842105263,0.8014901955265991,lumpy
40_18_4495,0,1.0119047619047619,0.37050004284499904,smooth
40_18_4780,127,1.2647058823529411,0.7588003759385266,erratic
40_18_4783,0,1.069182389937107,0.5690934256055361,erratic
40_18_4911,0,1.0,0.39560801390447287,smooth
40_18_5131,0,1.0365853658536586,0.42690027771943345,smooth
40_18_5216,0,1.0365853658536586,0.45918812978942997,smooth
40_18_5236,1,1.0432098765432098,0.364125299215514,smooth
40_18_5265,68,1.275,0.47595255141063514,smooth
40_18_5345,0,1.2056737588652482,0.7031871572158275,erratic
40_18_5468,12,1.2950819672131149,0.5054138710811257,erratic
40_18_5752,12,1.253968253968254,0.47367933884297553,smooth
40_18_6166,13,3.488888888888889,0.33100475624256825,intermittent
40_18_6252,1,1.0628930817610063,0.37072927506070075,smooth
40_18_6455,106,1.0158730158730158,0.6772,erratic
40_18_6476,0,1.0,0.358738383653924,smooth
40_18_6514,97,1.028169014084507,0.3753654970760234,smooth
40_18_6554,70,1.6129032258064515,0.6062590505894978,lumpy
40_18_6607,10,1.4035087719298245,0.7615786666666671,lumpy
40_18_6741,68,1.7,0.6724336793540947,lumpy
40_18_6780,68,1.275,0.41249127384088596,smooth
40_18_7146,14,1.3109243697478992,0.4926717093982721,smooth
40_18_7205,15,3.4444444444444446,0.3016528925619833,intermittent
40_18_7221,12,1.234375,0.577328774769218,erratic
40_18_7259,2,1.4867256637168142,0.4226465028355388,intermittent
40_18_7525,66,1.3506493506493507,0.39823566477630745,intermittent
40_18_7534,0,1.0179640718562875,0.5025708383776528,erratic
40_18_7580,12,1.2248062015503876,0.5582283891485672,erratic
40_18_7727,0,1.1111111111111112,0.5233823529411763,erratic
40_18_7992,0,1.0759493670886076,0.6635221886620928,erratic
40_18_8407,0,1.0119047619047619,0.3767750483893342,smooth
40_18_8453,1,3.3137254901960786,0.2687939426717145,intermittent
40_18_8487,130,1.0256410256410255,0.6592738464187329,erratic
40_18_8502,66,1.4054054054054055,0.45410285173568943,intermittent
40_18_8551,0,1.683168316831683,0.82470703125,lumpy
40_18_8631,66,5.2,0.4770862264865546,intermittent
40_18_8917,107,1.05,0.6309155766944118,erratic
40_18_9466,66,6.933333333333334,0.8396770472895042,lumpy
40_18_9770,28,1.3396226415094339,0.4314741471628904,intermittent
40_18_9900,0,1.2318840579710144,0.48792251275510184,smooth
40_18_10032,12,1.2845528455284554,0.6667229302050806,erratic
40_18_10203,1,1.0974025974025974,0.671467807143573,erratic
40_18_10269,14,1.1386861313868613,0.5877561808156327,erratic
40_18_10346,1,1.1655172413793105,0.9760677037184311,erratic
40_18_10372,0,1.0897435897435896,0.3734050828493791,smooth
40_18_10450,26,1.309090909090909,0.6439831058983252,erratic
40_18_10955,16,2.9056603773584904,0.39625278194710406,intermittent
40_18_10982,100,2.5,0.3412698412698412,intermittent
40_18_11007,1,1.005952380952381,0.4113490288804326,smooth
40_18_11091,80,1.25,0.47490499477660514,smooth
40_18_11147,2,1.12,0.4100685876077573,smooth
40_18_11210,12,1.4107142857142858,0.5202841980614884,lumpy
40_18_11345,153,1.8888888888888888,0.509695290858726,lumpy
40_18_11717,11,3.18,1.6542538125549713,lumpy
40_18_11908,28,1.1639344262295082,0.6295337285691395,erratic
40_18_12099,0,1.1724137931034482,0.577275616128804,erratic
40_18_12273,12,1.5339805825242718,0.9505295836376916,lumpy
40_18_12291,0,1.103896103896104,0.3862422533460189,smooth
40_18_12649,1,1.111842105263158,0.4210888075299137,smooth
40_18_13009,40,1.0924369747899159,0.4161060546102096,smooth
40_18_13079,133,1.121212121212121,0.37606648199445974,smooth
40_18_13278,0,1.0119047619047619,0.38569547930101267,smooth
40_18_13312,14,3.25,0.5479969765684051,lumpy
40_18_13701,0,1.1724137931034482,0.3755291205086925,smooth
40_18_13900,106,1.0,0.17325444419692582,smooth
40_18_14029,28,1.1639344262295082,0.41895890821461107,smooth
40_18_14161,30,1.0606060606060606,0.5438927556121951,erratic
40_18_14215,13,2.5737704918032787,0.9758719868517166,lumpy
40_18_14235,0,1.0119047619047619,0.40340498874507835,smooth
40_61_72,144,6.5,0.0,intermittent
40_61_124,151,19.0,0.0,intermittent
40_61_184,106,16.0,0.0,intermittent
40_61_698,145,12.5,0.0,intermittent
40_61_911,68,14.571428571428571,0.0,intermittent
40_61_1118,87,10.375,0.0,intermittent
40_61_1448,134,6.0,0.10204081632653039,intermittent
40_61_1856,86,21.0,0.0,intermittent
40_61_1902,66,9.454545454545455,0.0694444444444446,intermittent
40_61_2148,144,13.0,0.1111111111111111,intermittent
40_61_2168,87,8.3,0.11111111111111122,intermittent
40_61_2466,88,27.333333333333332,0.0,intermittent
40_61_2524,63,4.28,0.32653061224489816,intermittent
40_61_2607,144,5.2,0.11111111111111122,intermittent
40_61_2627,86,28.0,0.0,intermittent
40_61_3700,154,16.0,0.0,intermittent
40_61_3721,157,13.0,0.0,intermittent
40_61_4165,148,3.6666666666666665,0.10204081632653039,intermittent
40_61_4185,105,65.0,0.0,intermittent
40_61_4209,74,24.0,0.0,intermittent
40_61_4488,73,9.7,0.11111111111111122,intermittent
40_61_4783,66,4.0,0.16988062442607907,intermittent
40_61_4837,90,40.0,0.0,intermittent
40_61_4911,63,5.944444444444445,0.19008264462809896,intermittent
40_61_5216,62,8.307692307692308,0.06122448979591849,intermittent
40_61_5309,121,24.5,0.0,intermittent
40_61_5468,103,13.4,0.0,intermittent
40_61_5647,156,14.0,0.0,intermittent
40_61_5883,67,34.333333333333336,0.0,intermittent
40_61_6166,65,4.565217391304348,0.1727367325702394,intermittent
40_61_6242,68,10.2,0.07438016528925608,intermittent
40_61_6476,64,6.235294117647059,0.18999999999999984,intermittent
40_61_6607,72,12.25,0.08641975308641975,intermittent
40_61_6983,65,21.0,0.0,intermittent
40_61_7146,97,24.333333333333332,0.0,intermittent
40_61_7178,94,38.0,0.1111111111111111,intermittent
40_61_7205,65,3.3870967741935485,0.35568513119533535,intermittent
40_61_7534,71,4.5,0.17857142857142866,intermittent
40_61_7580,67,20.6,0.0,intermittent
40_61_8286,154,8.0,0.0,intermittent
40_61_8882,72,14.0,0.09375000000000011,intermittent
40_61_8995,99,71.0,0.0,intermittent
40_61_9352,102,68.0,0.0,intermittent
40_61_9364,65,7.0,0.17768595041322327,intermittent
40_61_9668,86,14.0,0.0,intermittent
40_61_9900,66,34.666666666666664,0.0,intermittent
40_61_10032,82,9.777777777777779,0.07999999999999981,intermittent
40_61_10156,67,25.75,0.0,intermittent
40_61_10269,67,34.333333333333336,0.12500000000000006,intermittent
40_61_10346,65,8.076923076923077,0.11718749999999985,intermittent
40_61_10350,63,35.666666666666664,0.0,intermittent
40_61_10364,87,8.3,0.24260355029585792,intermittent
40_61_10955,77,4.043478260869565,0.30273437500000017,intermittent
40_61_10982,147,5.75,0.0,intermittent
40_61_11147,64,10.6,0.12426035502958563,intermittent
40_61_11210,79,10.11111111111111,0.0,intermittent
40_61_11244,157,6.5,0.0,intermittent
40_61_11345,154,16.0,0.0,intermittent
40_61_11717,92,3.9,0.18055555555555558,intermittent
40_61_12273,95,12.5,0.0,intermittent
40_61_12592,70,50.0,0.0,intermittent
40_61_13009,111,29.5,0.0,intermittent
40_61_13278,63,8.916666666666666,0.0,intermittent
40_61_13312,86,6.461538461538462,0.20370370370370372,intermittent
40_61_14215,98,5.142857142857143,0.09375000000000011,intermittent
40_157_33,12,2.0,0.5048975422150112,lumpy
40_157_72,117,1.0192307692307692,0.31006299115299407,smooth
40_157_124,90,2.0,0.6661157024793388,lumpy
40_157_184,9,1.2384615384615385,0.9267332938677435,erratic
40_157_300,143,1.4210526315789473,0.39292790733119903,intermittent
40_157_320,105,1.0,1.1484192575101664,erratic
40_157_338,66,1.2530120481927711,0.598479109608997,erratic
40_157_363,67,1.1573033707865168,0.6448199714221605,erratic
40_157_407,118,2.0,0.12489795918367326,intermittent
40_157_410,10,2.622950819672131,0.32608695652173925,intermittent
40_157_591,10,1.702127659574468,0.24109375000000005,intermittent
40_157_698,117,1.127659574468085,0.5319757920968315,erratic
40_157_786,67,1.4927536231884058,0.6294054823780705,lumpy
40_157_832,0,1.0059171597633136,0.3375955287313939,smooth
40_157_911,9,1.1027397260273972,0.5068493150684932,erratic
40_157_1069,0,1.452991452991453,0.5002974419988103,lumpy
40_157_1118,0,1.3934426229508197,0.646074792444247,lumpy
40_157_1210,156,1.75,0.14285714285714285,intermittent
40_157_1258,66,1.1555555555555554,0.4972829228812578,smooth
40_157_1367,0,1.328125,0.5425330812854442,erratic
40_157_1381,9,2.0641025641025643,0.3706717451523546,intermittent
40_157_1395,9,1.4636363636363636,0.39411559959869746,intermittent
40_157_1448,117,1.0192307692307692,0.33062744140624983,smooth
40_157_1511,0,1.0059171597633136,0.2459556941274548,smooth
40_157_1594,53,2.0892857142857144,0.38251041046995865,intermittent
40_157_1670,0,1.1888111888111887,0.3975121192719291,smooth
40_157_1708,68,1.619047619047619,0.5022272687570966,lumpy
40_157_1794,0,1.0759493670886076,0.43895820205839103,smooth
40_157_1808,67,1.5147058823529411,0.4954834179194994,intermittent
40_157_1841,0,1.1971830985915493,0.38616847351629324,smooth
40_157_1856,12,1.253968253968254,0.650511112241265,erratic
40_157_1878,0,1.1409395973154361,0.4426477595840164,smooth
40_157_1902,0,1.0059171597633136,0.3297780017356738,smooth
40_157_1904,90,1.4035087719298245,0.5564426380219675,lumpy
40_157_2121,97,1.0735294117647058,0.3285036622657584,smooth
40_157_2148,26,1.44,0.7489922063961303,lumpy
40_157_2168,0,1.0303030303030303,0.43323288754920014,smooth
40_157_2170,1,1.5794392523364487,0.3642035590277779,intermittent
40_157_2245,143,1.2857142857142858,0.5879017013232511,erratic
40_157_2268,114,1.435897435897436,0.26851211072664377,intermittent
40_157_2466,26,1.6941176470588235,0.6527273282256341,lumpy
40_157_2524,0,1.1888111888111887,0.5273923406505839,erratic
40_157_2607,90,1.1111111111111112,0.5973333627664157,erratic
40_157_2627,14,1.6082474226804124,0.8981285431322997,lumpy
40_157_2687,10,2.909090909090909,0.8219383921863258,lumpy
40_157_2747,66,1.6507936507936507,0.17959023625134776,intermittent
40_157_2766,0,1.2142857142857142,0.44911663315139333,smooth
40_157_2799,105,1.0317460317460319,0.6826886145404664,erratic
40_157_2925,12,2.0256410256410255,0.5154379332073095,lumpy
40_157_3156,0,1.0303030303030303,0.4021771279400231,smooth
40_157_3166,105,1.015625,3.993903072032412,erratic
40_157_3352,11,1.213740458015267,0.3961826667595459,smooth
40_157_3372,9,1.319672131147541,0.6219401880430906,erratic
40_157_3378,10,1.7777777777777777,0.28411376041367437,intermittent
40_157_3426,0,1.0897435897435896,0.3809025935520118,smooth
40_157_3435,26,1.1076923076923078,0.853452065099749,erratic
40_157_3442,118,3.466666666666667,0.28808864265927997,intermittent
40_157_3457,66,1.0612244897959184,0.3551917514575249,smooth
40_157_3579,12,1.3166666666666667,0.35360337380539386,smooth
40_157_3601,152,2.0,0.10204081632653052,intermittent
40_157_3700,66,1.0721649484536082,0.47481878699810115,smooth
40_157_3721,90,1.2903225806451613,0.6290383386057795,erratic
40_157_3724,26,1.1900826446280992,0.49183066590931873,smooth
40_157_3731,0,1.0240963855421688,0.317675883347925,smooth
40_157_4091,0,1.0,0.34284974321673384,smooth
40_157_4115,9,1.8941176470588235,0.392488630250868,intermittent
40_157_4119,143,1.08,0.31680123029604007,smooth
40_157_4132,0,1.0303030303030303,0.3316160451108547,smooth
40_157_4165,117,1.0192307692307692,0.4638792438271606,smooth
40_157_4185,9,1.3089430894308942,0.5478422145328722,erratic
40_157_4196,53,2.0172413793103448,0.40284869658693906,intermittent
40_157_4209,0,1.1111111111111112,0.38136222282535825,smooth
40_157_4349,66,1.0721649484536082,0.50713720477234,erratic
40_157_4372,28,1.42,0.5610162432319862,lumpy
40_157_4376,90,1.1267605633802817,0.5257050736961452,erratic
40_157_4416,119,1.7586206896551724,0.3930785123966944,intermittent
40_157_4446,10,1.7582417582417582,0.9781584804099167,lumpy
40_157_4488,9,1.2014925373134329,1.1204907602804641,erratic
40_157_4495,0,1.0119047619047619,0.36861954613433895,smooth
40_157_4647,0,1.0365853658536586,0.47030555555555537,smooth
40_157_4665,68,1.6721311475409837,0.7618106065955795,lumpy
40_157_4780,131,1.5,0.6171331277609083,lumpy
40_157_4783,0,1.0059171597633136,0.3929867649415156,smooth
40_157_4837,10,1.4414414414414414,0.5536127226256643,lumpy
40_157_4872,9,1.3089430894308942,0.592262567758224,erratic
40_157_4905,90,1.1428571428571428,0.5847292785600232,erratic
40_157_4911,0,1.0,0.25355279695597543,smooth
40_157_4983,2,1.9764705882352942,0.30652706616172876,intermittent
40_157_4992,90,1.0666666666666667,0.46468144044321347,smooth
40_157_5033,0,1.317829457364341,0.4237122296103024,smooth
40_157_5067,0,1.0179640718562875,0.3757034689178699,smooth
40_157_5131,0,1.0179640718562875,0.3759778453092833,smooth
40_157_5211,155,1.1538461538461537,0.3760683760683761,smooth
40_157_5216,0,1.0179640718562875,0.33019748348865713,smooth
40_157_5236,0,1.0493827160493827,0.4675869003160012,smooth
40_157_5265,66,1.0721649484536082,0.408882613020785,smooth
40_157_5309,0,1.0828025477707006,0.3738372490680893,smooth
40_157_5333,65,1.9090909090909092,0.3169550173010382,intermittent
40_157_5345,0,1.0059171597633136,0.5167065900386717,erratic
40_157_5360,90,1.9047619047619047,0.5985097523559063,lumpy
40_157_5395,0,1.1409395973154361,0.7185455603493348,erratic
40_157_5468,11,1.2619047619047619,0.7147928994082837,erratic
40_157_5530,26,1.44,0.6925150801323511,lumpy
40_157_5580,67,1.609375,0.601536,lumpy
40_157_5639,66,1.1063829787234043,0.5200970788920256,erratic
40_157_5647,9,1.5940594059405941,0.976896501669328,lumpy
40_157_5686,0,1.0365853658536586,0.3476479921440618,smooth
40_157_5716,121,2.7222222222222223,0.25494276795005183,intermittent
40_157_5752,10,1.1594202898550725,0.9464462809917356,erratic
40_157_5815,10,1.509433962264151,0.6381710848741369,lumpy
40_157_5838,10,1.9047619047619047,1.2005053507728893,lumpy
40_157_5883,9,1.4770642201834863,0.8923611111111107,lumpy
40_157_6031,10,1.4814814814814814,0.7942313130361013,lumpy
40_157_6091,37,2.111111111111111,0.7246900826446283,lumpy
40_157_6123,68,1.5,0.3262809917355371,intermittent
40_157_6242,0,1.0759493670886076,0.40545724177051307,smooth
40_157_6252,0,1.0365853658536586,0.4246200584767978,smooth
40_157_6302,135,5.0,0.0,intermittent
40_157_6323,12,2.051948051948052,0.3169191919191921,intermittent
40_157_6346,67,1.537313432835821,0.429381582500675,intermittent
40_157_6366,154,1.2307692307692308,0.5255102040816327,erratic
40_157_6455,105,1.0,0.5611980086152109,erratic
40_157_6476,0,1.0059171597633136,0.3079256804413568,smooth
40_157_6514,97,1.0138888888888888,0.4046773703668793,smooth
40_157_6553,9,2.824561403508772,0.8858516354039023,lumpy
40_157_6554,67,1.0729166666666667,0.6582318407049033,erratic
40_157_6607,9,1.0662251655629138,0.5796991182254924,erratic
40_157_6727,68,1.3783783783783783,0.8168024411410655,lumpy
40_157_6741,67,1.0618556701030928,0.4962061541692919,smooth
40_157_6780,67,1.1195652173913044,0.4344910077320691,smooth
40_157_6825,12,2.289855072463768,0.9996694214876034,lumpy
40_157_6857,9,1.1666666666666667,0.9216993223570478,erratic
40_157_6889,66,1.0721649484536082,0.5065100130200262,erratic
40_157_6899,74,2.742857142857143,0.8663257852447045,lumpy
40_157_6911,66,1.1304347826086956,0.42764412349385367,smooth
40_157_6940,68,2.04,0.16952550679438613,intermittent
40_157_6983,9,1.8295454545454546,0.7592629328396043,lumpy
40_157_6988,67,1.4714285714285715,0.38343195266272184,intermittent
40_157_7083,152,1.2857142857142858,0.28180737217598084,smooth
40_157_7134,0,1.5596330275229358,0.43007497116493626,intermittent
40_157_7146,9,1.319672131147541,0.5169529855187465,erratic
40_157_7178,10,1.951219512195122,1.2899777381031097,lumpy
40_157_7221,9,1.15,0.7206011030145919,erratic
40_157_7259,0,1.0759493670886076,0.4226570888468811,smooth
40_157_7304,143,1.0384615384615385,0.29526546159243544,smooth
40_157_7322,66,1.2839506172839505,0.4575599818922589,smooth
40_157_7515,0,1.3076923076923077,0.4224685436970625,smooth
40_157_7525,66,1.0947368421052632,0.2947765448883821,smooth
40_157_7534,0,1.0059171597633136,0.4011430511543686,smooth
40_157_7580,11,1.1691176470588236,0.6154443351793388,erratic
40_157_7609,0,1.36,0.5100992564744198,lumpy
40_157_7664,0,1.118421052631579,0.4239956143785732,smooth
40_157_7727,0,1.0240963855421688,0.44325264247894824,smooth
40_157_7733,9,1.412280701754386,0.5464106081390031,lumpy
40_157_7787,12,2.8214285714285716,1.1372730070791017,lumpy
40_157_7843,0,1.8888888888888888,0.29962217276538483,intermittent
40_157_7881,97,1.2586206896551724,0.5377288170170029,erratic
40_157_7992,0,1.0179640718562875,0.4254679626181982,smooth
40_157_8018,152,3.6,0.24999999999999983,intermittent
40_157_8085,66,1.118279569892473,0.32394248153159083,smooth
40_157_8286,117,1.1041666666666667,0.5879574834817582,erratic
40_157_8289,10,2.388059701492537,0.23732272217120692,intermittent
40_157_8392,155,1.25,0.38281250000000017,smooth
40_157_8407,0,1.0119047619047619,0.3782755657184951,smooth
40_157_8453,0,1.069182389937107,0.48878419112925836,smooth
40_157_8487,126,1.0731707317073171,1.2683797045037142,erratic
40_157_8502,66,1.0505050505050506,0.47916666666666674,smooth
40_157_8551,0,1.0559006211180124,0.3098012895616887,smooth
40_157_8631,66,1.118279569892473,0.504065825933148,erratic
40_157_8688,67,1.5846153846153845,0.930941358024691,lumpy
40_157_8703,63,1.6984126984126984,0.2867508734211233,intermittent
40_157_8732,154,1.3333333333333333,0.1999999999999999,intermittent
40_157_8857,0,1.1409395973154361,0.5678686686456451,erratic
40_157_8882,12,1.1879699248120301,0.6656953313906628,erratic
40_157_8917,104,1.0153846153846153,0.6507273533157134,erratic
40_157_8925,0,1.1333333333333333,0.40485312899105985,smooth
40_157_8995,12,3.4347826086956523,1.006510416666667,lumpy
40_157_9082,26,1.894736842105263,0.6861037388234689,lumpy
40_157_9192,0,1.1888111888111887,0.3950593909438774,smooth
40_157_9228,27,1.5888888888888888,0.8188476562500002,lumpy
40_157_9352,28,1.4791666666666667,0.6005040957781977,lumpy
40_157_9361,0,1.8085106382978724,0.7020659816116821,lumpy
40_157_9364,0,1.1258278145695364,0.437514204186763,smooth
40_157_9414,66,1.625,0.30612244897959184,intermittent
40_157_9466,66,1.1063829787234043,0.5154146765089014,erratic
40_157_9475,0,1.2686567164179106,0.35657359226382823,smooth
40_157_9487,155,1.1538461538461537,0.3579254930606281,smooth
40_157_9489,90,1.4814814814814814,0.48493487127757545,intermittent
40_157_9532,74,2.742857142857143,0.6702093740036138,lumpy
40_157_9582,12,2.6779661016949152,0.646200378071834,lumpy
40_157_9646,0,1.0240963855421688,0.38343622875784805,smooth
40_157_9649,12,1.264,0.6872143692209586,erratic
40_157_9668,12,1.4363636363636363,0.8037518037518036,lumpy
40_157_9689,155,1.1538461538461537,0.26923076923076916,smooth
40_157_9770,26,1.170731707317073,0.48116067052249806,smooth
40_157_9826,67,1.8392857142857142,0.3655749413325172,intermittent
40_157_9833,143,1.0384615384615385,0.2377108036251433,smooth
40_157_9900,0,1.1486486486486487,0.46234454695535576,smooth
40_157_9936,155,1.6666666666666667,0.36718749999999994,intermittent
40_157_9949,66,1.7627118644067796,0.6529852623107493,lumpy
40_157_9964,0,1.2686567164179106,0.33023619736906434,smooth
40_157_10032,11,1.1777777777777778,0.7941288866222199,erratic
40_157_10156,20,1.875,0.5748447615272827,lumpy
40_157_10184,122,3.0,0.3254437869822485,intermittent
40_157_10203,0,1.0179640718562875,0.428337164345186,smooth
40_157_10266,74,3.096774193548387,0.5591715976331361,lumpy
40_157_10269,9,1.080536912751678,0.8766555395539724,erratic
40_157_10346,0,1.0303030303030303,0.4258066553225488,smooth
40_157_10350,26,1.5,0.3857419409140642,intermittent
40_157_10364,9,1.1418439716312057,0.5827093333333336,erratic
40_157_10372,0,1.1409395973154361,0.5740241292493411,erratic
40_157_10447,26,1.2521739130434784,0.4820030053040629,smooth
40_157_10450,26,1.170731707317073,0.9727034308621405,erratic
40_157_10484,10,1.4814814814814814,0.6878659515100696,lumpy
40_157_10516,0,1.2408759124087592,0.42862696051919963,smooth
40_157_10582,117,1.5588235294117647,0.1585185185185185,intermittent
40_157_10591,12,2.051948051948052,0.8204320987654322,lumpy
40_157_10640,121,1.4848484848484849,0.1977777777777778,intermittent
40_157_10677,66,1.1954022988505748,0.5055640509318837,erratic
40_157_10715,143,1.5,0.4334241307482773,intermittent
40_157_10765,9,1.9397590361445782,0.6575443786982247,lumpy
40_157_10775,9,2.5555555555555554,0.38600000000000023,intermittent
40_157_10917,12,1.975,0.7767455363623165,lumpy
40_157_10925,0,1.4406779661016949,0.6051529210395928,lumpy
40_157_10982,90,1.1764705882352942,0.5319920639841279,erratic
40_157_11007,0,1.0119047619047619,0.40087780325869443,smooth
40_157_11026,26,1.87012987012987,0.49503968253968283,intermittent
40_157_11091,68,1.0736842105263158,0.5715371042054703,erratic
40_157_11108,97,1.1774193548387097,0.3970578119318794,smooth
40_157_11147,0,1.0625,0.3796094156085245,smooth
40_157_11210,11,1.127659574468085,0.5469499133491721,erratic
40_157_11228,67,1.2117647058823529,0.7945678295511365,erratic
40_157_11244,117,1.0192307692307692,0.6642042121143188,erratic
40_157_11268,12,1.3982300884955752,0.6936480674094626,lumpy
40_157_11325,67,1.355263157894737,0.7366942148760329,lumpy
40_157_11345,90,1.0810810810810811,0.7055116164112705,erratic
40_157_11370,68,1.2911392405063291,0.8700781249999999,erratic
40_157_11461,67,1.6612903225806452,0.6779072532699166,lumpy
40_157_11472,9,2.037974683544304,0.3935072246200035,intermittent
40_157_11548,26,1.6551724137931034,0.2909310396861327,intermittent
40_157_11717,9,1.2777777777777777,1.0952574314702739,erratic
40_157_11742,90,1.4545454545454546,0.8040404040404042,lumpy
40_157_11764,90,1.2698412698412698,0.4574325505506669,smooth
40_157_11908,26,1.180327868852459,0.8023775166632308,erratic
40_157_11927,67,1.8392857142857142,0.36686390532544383,intermittent
40_157_11934,0,1.328125,0.2898263673032717,smooth
40_157_11957,143,1.4210526315789473,0.664115646258503,lumpy
40_157_12058,12,1.253968253968254,0.6281765954143161,erratic
40_157_12099,0,1.096774193548387,0.6675510776431378,erratic
40_157_12218,67,1.3376623376623376,0.39475908706677915,intermittent
40_157_12267,0,1.0365853658536586,0.5324904550830375,erratic
40_157_12269,0,1.0559006211180124,0.3964779302229786,smooth
40_157_12273,9,1.2777777777777777,0.6850310476945434,erratic
40_157_12291,0,1.0365853658536586,0.35716609361940643,smooth
40_157_12390,153,1.8888888888888888,0.34375000000000006,intermittent
40_157_12478,90,1.3114754098360655,0.7088572485207104,erratic
40_157_12482,12,1.58,0.5048929579781257,lumpy
40_157_12493,0,1.0559006211180124,0.5229897517755779,erratic
40_157_12501,0,1.096774193548387,0.40768626172972044,smooth
40_157_12521,12,1.8160919540229885,0.31036692837686264,intermittent
40_157_12555,10,2.1621621621621623,0.3258333333333332,intermittent
40_157_12560,143,1.0384615384615385,0.3386851211072666,smooth
40_157_12570,12,2.393939393939394,0.4156804733727811,intermittent
40_157_12592,9,1.5188679245283019,0.4236391804214378,intermittent
40_157_12649,0,1.0240963855421688,0.5333928286003514,erratic
40_157_12785,9,1.5188679245283019,0.8750892766044281,lumpy
40_157_12844,90,1.4545454545454546,0.4125713894873639,intermittent
40_157_12876,152,2.5714285714285716,0.12345679012345664,intermittent
40_157_12889,9,1.376068376068376,0.6697122453266122,lumpy
40_157_12920,74,2.4,0.7456853798849435,lumpy
40_157_12966,153,3.4,0.5972222222222222,lumpy
40_157_12978,69,1.2784810126582278,0.7960618846694795,erratic
40_157_13009,10,1.1940298507462686,0.40333363785099147,smooth
40_157_13079,132,1.0,0.6410037874253645,erratic
40_157_13090,1,1.1736111111111112,0.4348996458087367,smooth
40_157_13170,15,2.012987012987013,0.3405060553633218,intermittent
40_157_13278,0,1.0059171597633136,0.3363341034796611,smooth
40_157_13331,90,1.1764705882352942,0.6672695222178976,erratic
40_157_13400,117,1.358974358974359,0.35540440004251245,intermittent
40_157_13509,0,1.0759493670886076,0.3791358525960063,smooth
40_157_13606,26,1.6179775280898876,0.48923579226609526,intermittent
40_157_13676,9,1.2196969696969697,0.5595809486252148,erratic
40_157_13701,0,1.1258278145695364,0.4092327318026805,smooth
40_157_13900,104,1.03125,0.45107656067018964,smooth
40_157_14029,26,1.2100840336134453,0.5707427003723302,erratic
40_157_14061,65,1.6666666666666667,0.36613564920880187,intermittent
40_157_14161,26,1.1076923076923078,0.4094387755102041,smooth
40_157_14210,120,2.0,0.32864119505889133,intermittent
40_157_14215,9,1.2290076335877862,0.9071698448024725,erratic
40_157_14235,0,1.0240963855421688,0.282376105700592,smooth
40_157_14279,66,1.1555555555555554,0.5328514542936287,erratic
40_164_33,20,2.0547945205479454,0.39937503755783926,intermittent
40_164_72,118,1.1304347826086956,0.28220221606648205,smooth
40_164_124,92,1.7727272727272727,0.23918367346938774,intermittent
40_164_184,14,1.9746835443037976,0.6283395575983913,lumpy
40_164_320,122,2.2857142857142856,1.0565630820507794,lumpy
40_164_338,74,1.476923076923077,0.32040627885503237,intermittent
40_164_363,69,1.8035714285714286,0.30932545014781,intermittent
40_164_407,129,2.411764705882353,0.23958333333333318,intermittent
40_164_410,30,3.0434782608695654,0.1760988221775353,intermittent
40_164_591,15,1.7415730337078652,0.3448579392635338,intermittent
40_164_698,118,1.2682926829268293,0.4322868574946138,smooth
40_164_786,70,2.9411764705882355,0.26446280991735527,intermittent
40_164_832,0,1.5315315315315314,0.4948846025818246,intermittent
40_164_911,10,1.9047619047619047,0.5411570247933885,lumpy
40_164_1069,10,1.5238095238095237,0.34547405630602196,intermittent
40_164_1118,18,2.235294117647059,0.34288194444444414,intermittent
40_164_1210,156,1.2727272727272727,0.31054687500000006,smooth
40_164_1258,77,1.1341463414634145,0.3607796059600312,smooth
40_164_1367,0,1.9540229885057472,0.2808725437173245,intermittent
40_164_1381,40,2.888888888888889,0.1495844875346262,intermittent
40_164_1395,21,1.4190476190476191,0.3884297520661156,intermittent
40_164_1448,118,1.0612244897959184,0.3804893197853282,smooth
40_164_1511,0,1.452991452991453,0.557996227887617,lumpy
40_164_1594,73,3.2333333333333334,0.1574074074074075,intermittent
40_164_1670,0,2.982456140350877,0.4605263157894738,intermittent
40_164_1708,77,3.576923076923077,0.16988062442607907,intermittent
40_164_1794,0,1.8681318681318682,0.44692520775623257,intermittent
40_164_1808,70,1.4285714285714286,0.23862287297190352,intermittent
40_164_1841,4,1.328,0.43802865799772767,smooth
40_164_1856,16,1.1846153846153846,0.4391637229343741,smooth
40_164_1878,2,1.768421052631579,0.5169110175642327,lumpy
40_164_1902,0,1.7,0.5244863732467244,lumpy
40_164_1904,91,1.2950819672131149,0.5223931623931621,erratic
40_164_2121,127,6.142857142857143,0.09917355371900838,intermittent
40_164_2148,28,1.3653846153846154,0.4182413706223232,intermittent
40_164_2168,0,1.2592592592592593,0.43882163205975644,smooth
40_164_2170,15,5.0,0.15927977839335183,intermittent
40_164_2466,30,2.121212121212121,0.43367935409457914,intermittent
40_164_2524,0,1.7171717171717171,0.6308853225635032,lumpy
40_164_2607,90,1.2307692307692308,0.4164313495657735,smooth
40_164_2627,19,1.51,0.3451851851851851,intermittent
40_164_2687,30,2.9166666666666665,0.29382936065938986,intermittent
40_164_2747,71,4.304347826086956,0.17346938775510187,intermittent
40_164_2766,0,2.0,0.3178645639085725,intermittent
40_164_2799,151,19.0,0.0,intermittent
40_164_2925,19,1.641304347826087,0.2812777284826974,intermittent
40_164_3156,0,1.9101123595505618,0.46302148169427687,intermittent
40_164_3166,127,4.3,0.48148148148148134,intermittent
40_164_3352,14,2.557377049180328,0.2760631001371743,intermittent
40_164_3372,16,1.1492537313432836,0.4482462564076665,smooth
40_164_3378,12,1.6808510638297873,0.46964800419250574,intermittent
40_164_3426,4,2.59375,0.41224198898056524,intermittent
40_164_3435,30,1.8421052631578947,0.42077651250810755,intermittent
40_164_3442,119,7.285714285714286,0.0,intermittent
40_164_3457,66,1.5294117647058822,0.40354938271604923,intermittent
40_164_3579,20,1.4563106796116505,0.4505786911844241,intermittent
40_164_3700,66,1.1954022988505748,0.35784424125039416,smooth
40_164_3721,91,1.3166666666666667,0.5299999999999998,erratic
40_164_3724,30,1.1475409836065573,0.3662792108519984,smooth
40_164_3731,0,1.6037735849056605,0.7878419779629134,lumpy
40_164_4091,1,1.6568627450980393,0.6659382187637715,lumpy
40_164_4115,37,3.5,0.12018140589569135,intermittent
40_164_4132,0,2.151898734177215,0.532751868992524,lumpy
40_164_4165,118,1.1555555555555554,0.42074506939371786,smooth
40_164_4185,13,1.5096153846153846,0.8653548299079522,lumpy
40_164_4196,68,2.6842105263157894,0.22496570644718797,intermittent
40_164_4349,72,1.6610169491525424,0.4322134174764244,intermittent
40_164_4372,34,2.3448275862068964,0.14454376792039111,intermittent
40_164_4376,90,1.1764705882352942,0.31774542105076714,smooth
40_164_4446,16,1.6382978723404256,0.42385487528344706,intermittent
40_164_4488,11,1.5288461538461537,0.8952066115702478,lumpy
40_164_4495,0,1.588785046728972,0.5005022451160868,lumpy
40_164_4665,67,1.7457627118644068,0.42765432098765443,intermittent
40_164_4783,0,1.7346938775510203,0.5646162507036968,lumpy
40_164_4837,17,1.8,0.45899554990464086,intermittent
40_164_4872,17,1.2142857142857142,0.7749022337789971,erratic
40_164_4905,91,1.2741935483870968,0.36892702320253373,smooth
40_164_4911,0,1.4406779661016949,0.7390059532104359,lumpy
40_164_4983,7,5.433333333333334,0.1294765840220384,intermittent
40_164_4992,90,1.095890410958904,0.37155814706835116,smooth
40_164_5033,6,3.28,0.19677500629881567,intermittent
40_164_5067,2,1.5555555555555556,0.628582249715945,lumpy
40_164_5131,0,1.7346938775510203,0.5798293416986733,lumpy
40_164_5211,156,1.0769230769230769,0.24102079395085074,smooth
40_164_5216,0,1.7525773195876289,0.6066594017296495,lumpy
40_164_5236,1,1.7422680412371134,0.5891896211838666,lumpy
40_164_5265,68,2.217391304347826,0.6445905364824283,lumpy
40_164_5309,5,1.4102564102564104,0.5032401453383113,lumpy
40_164_5333,64,3.0285714285714285,0.2293388429752067,intermittent
40_164_5345,0,1.9101123595505618,0.6459057697152936,lumpy
40_164_5360,93,1.673913043478261,0.2901662049861497,intermittent
40_164_5395,10,1.509433962264151,0.3174933518325816,intermittent
40_164_5468,12,2.3582089552238807,0.40185775942953633,intermittent
40_164_5530,30,1.2844036697247707,0.43553848067329093,smooth
40_164_5580,80,2.8125,0.3182435491172476,intermittent
40_164_5639,68,1.3972602739726028,0.3707135221073986,intermittent
40_164_5647,10,1.3675213675213675,0.5623582766439909,lumpy
40_164_5686,0,1.5740740740740742,0.45725834020390493,intermittent
40_164_5752,12,1.975,0.48043731252766014,intermittent
40_164_5815,27,2.1029411764705883,0.29987256151357705,intermittent
40_164_5838,13,1.9146341463414633,0.35079665136375904,intermittent
40_164_5883,11,1.485981308411215,0.44291918832324684,intermittent
40_164_6031,14,1.3928571428571428,0.33795421130014697,intermittent
40_164_6091,38,1.6708860759493671,0.31552768166089956,intermittent
40_164_6123,69,7.769230769230769,0.12456747404844289,intermittent
40_164_6166,13,1.2265625,0.7508847675529055,erratic
40_164_6242,6,1.2615384615384615,0.3667052469135801,smooth
40_164_6252,1,2.2837837837837838,0.4873098929042985,intermittent
40_164_6323,13,2.1216216216216215,0.21524234693877548,intermittent
40_164_6346,66,1.4857142857142858,0.2942222222222224,intermittent
40_164_6455,110,6.0,0.11111111111111122,intermittent
40_164_6476,0,1.6666666666666667,0.5414412679516583,lumpy
40_164_6514,130,5.714285714285714,0.0,intermittent
40_164_6553,10,6.956521739130435,0.1042524005486967,intermittent
40_164_6554,70,2.1739130434782608,0.617849703573145,lumpy
40_164_6607,10,1.4678899082568808,0.8832678500763185,lumpy
40_164_6727,83,1.6730769230769231,0.2711111111111109,intermittent
40_164_6741,68,1.8214285714285714,0.5578653157481002,lumpy
40_164_6780,68,3.2903225806451615,0.9232653061224486,lumpy
40_164_6825,13,2.0933333333333333,0.2373662306777647,intermittent
40_164_6857,13,1.3083333333333333,1.436442485635016,erratic
40_164_6889,67,1.2261904761904763,0.47548159482806984,smooth
40_164_6899,74,1.92,0.6675632060247448,lumpy
40_164_6911,75,1.2666666666666666,0.41303434954228585,smooth
40_164_6940,72,5.764705882352941,0.12396694214876024,intermittent
40_164_6983,11,1.65625,0.4494478608741652,intermittent
40_164_6988,86,3.8181818181818183,0.09119999999999981,intermittent
40_164_7134,2,4.666666666666667,0.07999999999999981,intermittent
40_164_7146,14,2.736842105263158,0.38535077288941766,intermittent
40_164_7178,28,1.7530864197530864,0.38239999999999985,intermittent
40_164_7205,15,1.2109375,0.7305130800788534,erratic
40_164_7221,12,1.7173913043478262,0.7190642666345196,lumpy
40_164_7259,2,3.36,0.360544217687075,intermittent
40_164_7322,67,1.271604938271605,0.2841854934601661,smooth
40_164_7515,1,2.7704918032786887,0.32378472222222243,intermittent
40_164_7525,66,3.25,0.5985777777777778,lumpy
40_164_7534,0,1.4912280701754386,0.7832856581340284,lumpy
40_164_7580,12,2.0,0.5189070465013361,lumpy
40_164_7609,7,2.629032258064516,0.35156559651208846,intermittent
40_164_7664,2,1.5700934579439252,0.41922229686450346,intermittent
40_164_7727,0,2.1794871794871793,0.667788281792448,lumpy
40_164_7733,11,1.4324324324324325,0.3859786313525828,intermittent
40_164_7787,29,2.3114754098360657,0.1898765432098765,intermittent
40_164_7843,10,6.153846153846154,0.10926118626430799,intermittent
40_164_7881,143,1.4210526315789473,0.1578947368421052,intermittent
40_164_7992,0,1.683168316831683,0.7444014532868567,lumpy
40_164_8085,75,1.0919540229885059,0.2844042663891779,smooth
40_164_8286,118,1.0612244897959184,0.23716045836126287,smooth
40_164_8289,35,3.6486486486486487,0.15624999999999994,intermittent
40_164_8392,155,1.1538461538461537,0.1923076923076923,smooth
40_164_8407,0,1.4655172413793103,0.7247485716194993,lumpy
40_164_8453,1,1.352,0.5756771454777153,lumpy
40_164_8487,127,2.6875,1.163305785123967,lumpy
40_164_8502,66,2.4761904761904763,0.6204308491216681,lumpy
40_164_8551,0,2.537313432835821,0.7513356520491953,lumpy
40_164_8631,66,1.1954022988505748,0.36755232834499835,smooth
40_164_8688,68,1.457142857142857,0.3820018365472912,intermittent
40_164_8703,64,2.3043478260869565,0.2463768115942029,intermittent
40_164_8857,4,1.2205882352941178,0.40250573081861296,smooth
40_164_8882,15,1.099290780141844,0.47344714202062926,smooth
40_164_8917,137,16.5,0.0,intermittent
40_164_8925,4,2.59375,0.3786848072562358,intermittent
40_164_8995,13,3.204081632653061,0.3209876543209874,intermittent
40_164_9082,34,1.6385542168674698,0.3570124548663232,intermittent
40_164_9192,0,2.151898734177215,0.36310074909519396,intermittent
40_164_9228,29,1.4536082474226804,0.4218883698747354,intermittent
40_164_9352,31,1.5795454545454546,0.3862633900441084,intermittent
40_164_9361,2,2.3661971830985915,0.2944217687074827,intermittent
40_164_9364,1,1.5504587155963303,0.38929540800939644,intermittent
40_164_9414,63,2.0576923076923075,0.24512110726643616,intermittent
40_164_9466,66,1.1555555555555554,0.26368370708895733,smooth
40_164_9475,11,1.7096774193548387,0.2779598024353271,intermittent
40_164_9487,155,1.0714285714285714,0.4289940828402367,smooth
40_164_9489,92,1.5,0.38178684286124687,intermittent
40_164_9532,74,1.92,1.0059147883528423,lumpy
40_164_9582,46,2.883720930232558,0.13378906250000014,intermittent
40_164_9646,1,1.797872340425532,0.5949672432224993,lumpy
40_164_9649,17,1.6630434782608696,0.5351583467525496,lumpy
40_164_9689,155,1.5,0.22473246135552918,intermittent
40_164_9770,28,1.6705882352941177,0.43744219844100946,intermittent
40_164_9826,77,4.65,0.2894375857338819,intermittent
40_164_9900,0,2.5757575757575757,0.41179298189392727,intermittent
40_164_9936,156,1.5555555555555556,0.09788166544923337,intermittent
40_164_9949,75,1.6666666666666667,0.28196584756351506,intermittent
40_164_9964,5,2.088607594936709,0.22116527942925074,intermittent
40_164_10032,12,1.6808510638297873,0.7180748456790127,lumpy
40_164_10156,13,1.8045977011494252,0.34054709141274214,intermittent
40_164_10184,156,4.666666666666667,0.0,intermittent
40_164_10203,1,1.7604166666666667,0.771145072083208,lumpy
40_164_10266,76,1.88,0.8404999552189794,lumpy
40_164_10269,14,2.0526315789473686,0.47540816326530627,intermittent
40_164_10346,1,2.485294117647059,0.6425120772946863,lumpy
40_164_10350,26,1.2,0.5455594002306807,erratic
40_164_10364,38,1.1,0.4587999416276992,smooth
40_164_10372,0,2.207792207792208,0.5643939393939396,lumpy
40_164_10447,29,1.2260869565217392,0.3693957469068082,smooth
40_164_10450,26,1.7777777777777777,0.5100787740646974,lumpy
40_164_10484,14,1.5757575757575757,0.34762106504080026,intermittent
40_164_10516,2,2.5454545454545454,0.34693877551020397,intermittent
40_164_10582,119,3.1875,0.08641975308641975,intermittent
40_164_10591,33,1.630952380952381,0.2725069252077562,intermittent
40_164_10640,144,13.0,0.0,intermittent
40_164_10677,70,1.25,0.5809272868684622,erratic
40_164_10765,10,1.951219512195122,0.3666666666666664,intermittent
40_164_10775,27,2.9791666666666665,0.17387798978769156,intermittent
40_164_10917,19,2.2205882352941178,0.24133112062188855,intermittent
40_164_10925,1,2.6,0.3104032009849185,intermittent
40_164_10955,16,1.1079136690647482,0.5659486793885599,erratic
40_164_10982,90,1.3559322033898304,0.36910227228887804,intermittent
40_164_11007,1,1.7604166666666667,0.6830209044300882,lumpy
40_164_11026,30,2.5,0.14543066241321073,intermittent
40_164_11091,80,5.625,0.6815816857440167,lumpy
40_164_11108,143,1.125,0.375796178343949,smooth
40_164_11147,2,1.826086956521739,0.6212720086237872,lumpy
40_164_11210,12,1.6631578947368422,0.6523515079543825,lumpy
40_164_11228,72,1.5076923076923077,0.446280991735537,intermittent
40_164_11244,118,1.1304347826086956,0.4366237584710817,smooth
40_164_11268,13,1.4144144144144144,0.379549530959826,intermittent
40_164_11325,68,1.2289156626506024,0.330310753847662,smooth
40_164_11345,90,1.095890410958904,0.40427823945829483,smooth
40_164_11370,78,1.5862068965517242,0.4018554687500001,intermittent
40_164_11461,71,2.106382978723404,0.39047091412742363,intermittent
40_164_11472,39,5.038461538461538,0.2097959183673469,intermittent
40_164_11548,36,3.6216216216216215,0.21360000000000012,intermittent
40_164_11717,11,1.3140495867768596,0.970967908311567,erratic
40_164_11742,90,1.5384615384615385,0.3505555555555559,intermittent
40_164_11764,91,1.5490196078431373,0.4420380397056782,intermittent
40_164_11908,28,2.0285714285714285,0.6188644982107568,lumpy
40_164_11927,67,3.21875,0.08641975308641975,intermittent
40_164_11934,15,2.6724137931034484,0.2202498356344509,intermittent
40_164_12058,12,1.196969696969697,0.5048900446605232,erratic
40_164_12218,66,1.4647887323943662,0.34004544880696863,intermittent
40_164_12267,52,1.1132075471698113,0.24349435046080023,smooth
40_164_12269,0,1.8888888888888888,0.7687812234894905,lumpy
40_164_12273,12,1.462962962962963,0.933871130423685,lumpy
40_164_12291,0,1.9318181818181819,0.424988433535442,intermittent
40_164_12478,90,1.1940298507462686,0.33399826865896326,smooth
40_164_12482,25,2.6363636363636362,0.3748339572515398,intermittent
40_164_12493,2,1.8461538461538463,0.44361454243672,intermittent
40_164_12501,0,2.1794871794871793,0.3520507812500001,intermittent
40_164_12521,29,2.9375,0.17207698937087024,intermittent
40_164_12555,24,3.1739130434782608,0.2956213017751477,intermittent
40_164_12570,22,2.0555555555555554,0.411242603550296,intermittent
40_164_12592,15,1.3135593220338984,0.4162481404011141,smooth
40_164_12649,1,2.036144578313253,0.5957433127572016,lumpy
40_164_12785,19,1.3603603603603605,0.8139513519582724,lumpy
40_164_12844,90,1.4285714285714286,0.3304801097393691,intermittent
40_164_12889,15,1.4622641509433962,0.40251572327044016,intermittent
40_164_12920,74,1.7454545454545454,0.9743191394204741,lumpy
40_164_12978,80,1.25,0.37174211248285327,smooth
40_164_13009,40,2.6530612244897958,0.49184654538599315,intermittent
40_164_13079,151,2.7142857142857144,0.09375000000000011,intermittent
40_164_13090,1,2.913793103448276,0.22702222222222235,intermittent
40_164_13170,31,3.6578947368421053,0.15519999999999978,intermittent
40_164_13278,0,1.6346153846153846,0.5946700454605581,lumpy
40_164_13312,14,1.2093023255813953,0.7207538899846591,erratic
40_164_13331,90,1.1940298507462686,0.3086162029225887,smooth
40_164_13400,118,1.5757575757575757,0.19575177009579342,intermittent
40_164_13509,2,2.1265822784810124,0.5003652300949598,lumpy
40_164_13606,38,2.4444444444444446,0.27040816326530603,intermittent
40_164_13676,10,1.2307692307692308,0.489304698216735,smooth
40_164_13900,118,3.7142857142857144,1.0475624256837097,lumpy
40_164_14029,28,2.1515151515151514,0.30344006593205347,intermittent
40_164_14061,63,2.6097560975609757,0.24065503737985042,intermittent
40_164_14161,30,1.8918918918918919,0.4586879999999999,intermittent
40_164_14210,129,41.0,0.0,intermittent
40_164_14215,13,1.1984732824427482,0.8126538982341275,erratic
40_164_14235,0,1.6504854368932038,0.6376120753010346,lumpy
40_164_14279,78,1.3529411764705883,0.30348943985307636,intermittent
40_207_759,149,1.2352941176470589,0.5858153550528431,erratic
40_207_3679,149,1.1666666666666667,0.6601316997387191,erratic
40_207_9230,152,1.2,0.5718826233814975,erratic
40_230_759,146,1.1428571428571428,0.3043870493501288,smooth
40_230_3679,146,1.0,0.5561352584594186,erratic
40_230_7741,157,13.0,0.0,intermittent
40_230_9230,151,1.0555555555555556,0.5377716338583225,erratic
41_2_1178,0,1.0,0.2591583328371757,smooth
41_2_1222,0,1.0,0.1398892980546646,smooth
41_2_2325,0,1.0,0.2639952381347889,smooth
41_2_6384,121,1.2564102564102564,0.5771683116429382,erratic
41_2_6743,0,1.0,0.12802249946420644,smooth
41_2_9410,0,1.0,0.2272329294976137,smooth
41_2_9723,60,1.0,0.27341877890756083,smooth
41_2_10828,0,1.0,0.2323845291424388,smooth
41_14_534,0,1.0,0.15198745481073525,smooth
41_14_2301,89,1.0,0.34869681990915546,smooth
41_14_2623,90,1.0,1.0707088916932075,erratic
41_14_3386,0,1.0,0.21038483123487545,smooth
41_14_3881,0,1.0365853658536586,0.18382051088308496,smooth
41_14_3991,0,1.0,0.0946057046289174,smooth
41_14_3996,41,1.0,0.2547036503049542,smooth
41_14_11082,38,1.0393700787401574,0.10737518533184344,smooth
41_14_13049,0,1.0,0.11230657728756516,smooth
41_14_13863,114,1.302325581395349,0.2364718825981991,smooth
41_22_4277,131,1.0,0.2078152284461125,smooth
41_22_12986,133,1.0,0.337823756691014,smooth
41_23_372,87,11.857142857142858,0.0,intermittent
41_23_2361,53,9.75,0.18518518518518512,intermittent
41_23_4523,53,2.7857142857142856,0.2634710743801652,intermittent
41_23_12571,65,2.9166666666666665,0.1715976331360948,intermittent
41_28_388,152,9.0,0.0,intermittent
41_28_11706,1,1.707070707070707,1.7001664201183424,lumpy
41_28_12112,146,4.0,0.10204081632653039,intermittent
41_35_379,79,1.0340909090909092,0.5174772148749146,erratic
41_35_424,0,1.0059171597633136,0.12597938689142676,smooth
41_35_2230,81,1.0,0.17885276068902928,smooth
41_35_5655,73,1.0,0.17292898739529206,smooth
41_35_5715,64,1.0,0.13048587796157005,smooth
41_35_8080,103,1.0307692307692307,0.6735374735687999,erratic
41_35_8170,79,1.0,0.610545061263711,erratic
41_35_9922,0,1.0119047619047619,0.21577705045038292,smooth
41_35_10807,1,1.0,0.16818514074654964,smooth
41_35_11001,87,1.0121951219512195,1.8224758572048618,erratic
41_35_11398,61,1.0380952380952382,0.49714035775067733,smooth
41_35_11522,2,1.070063694267516,0.5114671018628285,erratic
41_35_12281,119,1.59375,0.331945889698231,intermittent
41_35_13232,100,1.0,0.15675012428462917,smooth
41_35_13982,97,1.028169014084507,0.4184776802325367,smooth
41_35_14286,1,1.1655172413793105,0.19868181342260033,smooth
41_38_189,40,21.666666666666668,0.10204081632653039,intermittent
41_38_593,4,11.857142857142858,0.11418685121107276,intermittent
41_38_664,20,4.166666666666667,0.14872904272579782,intermittent
41_38_773,0,1.4166666666666667,1.0410370746459754,lumpy
41_38_847,137,1.1379310344827587,0.3880475932936723,smooth
41_38_861,43,11.545454545454545,0.3321799307958478,intermittent
41_38_874,40,5.0,0.9643069601427724,lumpy
41_38_924,0,2.5,0.4161623353506586,intermittent
41_38_1065,0,1.7,0.9376181474480149,lumpy
41_38_1311,55,1.9827586206896552,0.9265279999999997,lumpy
41_38_1767,3,1.9195402298850575,0.5322282780054953,lumpy
41_38_1888,27,10.214285714285714,0.11418685121107276,intermittent
41_38_2050,0,2.0,0.39451303155006867,intermittent
41_38_2704,0,5.151515151515151,0.35802469135802445,intermittent
41_38_2728,1,1.625,1.05428648212846,lumpy
41_38_2942,0,4.146341463414634,0.596020761245675,lumpy
41_38_3195,0,5.666666666666667,0.1574074074074075,intermittent
41_38_3558,128,1.105263157894737,0.4585266130819945,smooth
41_38_3698,23,1.05,3.9982054899631194,erratic
41_38_4060,73,1.3472222222222223,0.7034593269865208,lumpy
41_38_4227,0,1.5315315315315314,0.46767477536708346,intermittent
41_38_4229,23,1.3867924528301887,1.9678477499247873,lumpy
41_38_4361,29,8.8125,0.3424036281179138,intermittent
41_38_4409,0,1.6504854368932038,0.3052341597796144,intermittent
41_38_4438,0,8.095238095238095,0.3104000000000001,intermittent
41_38_4447,3,16.7,0.11111111111111122,intermittent
41_38_4623,1,5.633333333333334,0.2925170068027212,intermittent
41_38_4706,2,2.7540983606557377,0.35855955678670354,intermittent
41_38_4832,0,5.3125,0.16,intermittent
41_38_5057,108,2.1379310344827585,3.888682331945271,lumpy
41_38_5064,0,2.4285714285714284,0.20991253644314886,intermittent
41_38_5365,128,1.3548387096774193,0.17492711370262393,intermittent
41_38_5450,0,1.4406779661016949,0.7414244345152206,lumpy
41_38_5475,23,5.88,0.1706555671175858,intermittent
41_38_5551,62,1.0093457943925233,0.5681169707958797,erratic
41_38_5780,1,2.913793103448276,0.22091444092349494,intermittent
41_38_5965,0,1.4166666666666667,0.4435507038207412,intermittent
41_38_6173,0,1.2142857142857142,1.3396462018730486,erratic
41_38_6338,0,1.1971830985915493,0.6660561800325084,erratic
41_38_6831,66,1.6,0.4515577442631921,intermittent
41_38_7101,1,1.5225225225225225,0.6844583987441129,lumpy
41_38_7365,67,1.8070175438596492,1.6563360881542697,lumpy
41_38_7547,137,1.064516129032258,0.30200000000000027,smooth
41_38_7621,146,4.0,0.12500000000000006,intermittent
41_38_7669,3,6.185185185185185,0.3608473338203065,intermittent
41_38_8089,137,1.1,0.5145073865447976,erratic
41_38_8136,3,2.8793103448275863,0.31717725956409093,intermittent
41_38_8211,6,3.0943396226415096,0.4774739067247983,intermittent
41_38_8275,19,5.392857142857143,0.24762600438276106,intermittent
41_38_8336,85,1.8888888888888888,1.1947312210751153,lumpy
41_38_8360,3,2.4558823529411766,0.26508865403091986,intermittent
41_38_8402,137,1.03125,0.3610103062853825,smooth
41_38_8494,5,6.875,0.08641975308641975,intermittent
41_38_8677,0,2.125,0.3660974593919201,intermittent
41_38_8762,59,12.333333333333334,0.0,intermittent
41_38_9041,29,14.1,0.12426035502958563,intermittent
41_38_9281,117,1.0392156862745099,0.4355555555555557,smooth
41_38_9524,29,10.071428571428571,0.0,intermittent
41_38_10408,46,1.8507462686567164,0.5500871341866475,lumpy
41_38_10570,0,2.236842105263158,0.37866165009406055,intermittent
41_38_10593,27,4.205882352941177,0.19524067063277467,intermittent
41_38_10620,131,1.0263157894736843,0.40508644901955737,smooth
41_38_10769,0,1.3709677419354838,0.5436177343675187,lumpy
41_38_10866,4,18.444444444444443,0.0,intermittent
41_38_10885,18,2.814814814814815,0.5209984820374433,lumpy
41_38_11031,61,1.101010101010101,0.4872055053710936,smooth
41_38_11425,0,3.6956521739130435,0.8744794765020821,lumpy
41_38_11550,20,15.0,0.11111111111111122,intermittent
41_38_11789,29,8.8125,0.08641975308641975,intermittent
41_38_11867,63,1.4078947368421053,3.3879965628924578,lumpy
41_38_11946,2,2.0240963855421685,0.717280530761602,lumpy
41_38_12283,27,2.6481481481481484,0.7052631578947368,lumpy
41_38_12323,18,3.8974358974358974,0.6043829296424451,lumpy
41_38_12746,0,1.588785046728972,0.36273101599157315,intermittent
41_38_12779,36,10.307692307692308,0.21333333333333362,intermittent
41_38_13108,8,10.125,0.18518518518518517,intermittent
41_38_13152,0,1.5454545454545454,1.7402135231316724,lumpy
41_38_13323,4,23.714285714285715,0.29629629629629606,intermittent
41_38_13929,3,1.218978102189781,1.4540657053664339,erratic
41_38_13955,93,19.25,0.12,intermittent
41_38_13957,129,1.3225806451612903,0.8081380700428321,erratic
41_38_14132,7,4.6571428571428575,0.3563327032136106,intermittent
41_38_14295,0,2.5,0.6352539062499999,lumpy
41_38_14317,0,3.5416666666666665,0.24218750000000014,intermittent
41_54_5130,4,2.912280701754386,0.6608229851473092,lumpy
41_54_5464,0,12.142857142857142,0.2,intermittent
41_54_5496,0,1.5740740740740742,0.36813028657997743,intermittent
41_54_10537,7,2.4696969696969697,0.46413865747390626,intermittent
41_54_13171,0,1.7171717171717171,0.583363606696673,lumpy
41_70_552,133,18.5,0.0,intermittent
41_70_1677,135,35.0,0.0,intermittent
41_70_1941,118,5.2,0.24260355029585792,intermittent
41_70_2287,60,2.972972972972973,0.336111111111111,intermittent
41_70_2831,123,6.714285714285714,0.11999999999999991,intermittent
41_70_7319,87,4.15,0.11111111111111122,intermittent
41_70_7570,105,10.833333333333334,0.10204081632653039,intermittent
41_70_8414,1,3.9302325581395348,0.23876953125000014,intermittent
41_76_863,80,4.7368421052631575,0.09917355371900814,intermittent
41_76_1767,153,2.8333333333333335,0.0,intermittent
41_76_1917,64,3.1176470588235294,0.3996253902185226,intermittent
41_76_2177,74,2.2325581395348837,1.9087111111111115,lumpy
41_76_2533,70,3.0303030303030303,0.5768698060941825,lumpy
41_76_2922,80,3.4615384615384617,0.1679687499999998,intermittent
41_76_3514,141,1.16,0.4460250331069246,smooth
41_76_3698,65,1.1538461538461537,0.9925534791678017,erratic
41_76_4229,65,1.141304347826087,0.9195061728395062,erratic
41_76_4409,70,1.408450704225352,0.4059270501491374,intermittent
41_76_5568,81,5.5625,0.05190311418685121,intermittent
41_76_5905,88,1.9523809523809523,1.2395120484690365,lumpy
41_76_6660,134,5.142857142857143,0.09375000000000011,intermittent
41_76_7448,151,19.0,0.0,intermittent
41_76_8465,86,7.636363636363637,0.12444444444444452,intermittent
41_76_11602,65,1.640625,0.3557341124908692,intermittent
41_76_12062,74,1.7142857142857142,0.5786911844240128,lumpy
41_76_12813,76,1.88,0.5675158800628373,lumpy
41_76_12854,121,12.25,0.12,intermittent
41_76_13843,70,2.1739130434782608,0.6452168916977881,lumpy
41_78_5290,132,1.0,0.14552521478624678,smooth
41_78_9418,0,1.0059171597633136,0.18151013875422226,smooth
41_78_9863,12,1.0,0.6373613492536443,erratic
41_78_12517,0,1.0059171597633136,0.14250993574400445,smooth
41_84_1323,0,1.0,0.22338678372002757,smooth
41_84_2904,9,1.0254777070063694,0.6013362062059627,erratic
41_84_3825,0,1.3934426229508197,0.7002379629959895,lumpy
41_84_5464,0,1.0059171597633136,1.511945053108176,erratic
41_84_6840,0,1.0240963855421688,0.25739283746556496,smooth
41_84_7750,0,1.0,0.17709843732021177,smooth
41_84_11469,0,1.0059171597633136,0.17517328292375556,smooth
41_84_11776,0,1.0303030303030303,0.3075099320774063,smooth
41_84_13171,0,1.0,0.20651061455401623,smooth
41_88_1827,140,1.1111111111111112,0.521715951686797,erratic
41_88_3123,0,2.8813559322033897,0.7695359255839406,lumpy
41_88_3619,0,1.5454545454545454,0.2762897863299458,intermittent
41_88_8498,71,1.706896551724138,0.3986766581632652,intermittent
41_88_9628,0,1.1805555555555556,0.4946238902375775,smooth
41_88_13230,0,1.0240963855421688,0.2405258314672064,smooth
41_88_13270,0,1.0059171597633136,0.1731813618368568,smooth
41_89_908,0,1.0303030303030303,0.14879648237100931,smooth
41_89_5574,0,1.0059171597633136,0.3159382098204122,smooth
41_89_5918,0,1.0,0.12034076449414445,smooth
41_89_6144,74,1.0212765957446808,0.21852291377351335,smooth
41_89_6352,0,1.069182389937107,0.21118439410217288,smooth
41_89_9119,0,1.0,0.1238619580385114,smooth
41_89_9174,45,1.0080645161290323,0.203546391426724,smooth
41_89_9351,0,1.0,0.05926671727077625,smooth
41_89_10724,0,1.0240963855421688,0.6751232072880912,erratic
41_89_13398,0,1.0429447852760736,0.2808612496717105,smooth
41_89_14114,56,1.0,0.2068332839979993,smooth
41_110_5988,140,1.0,0.4499823458795284,smooth
41_110_7270,78,1.0,0.4044736056770907,smooth
41_110_8986,0,1.0,0.22215652789816923,smooth
41_110_9735,61,1.0,0.5938236594816675,erratic
41_110_12343,37,1.0,0.5725549940546963,erratic
41_110_12823,43,1.007936507936508,0.4413652974033698,smooth
41_110_13343,8,2.103896103896104,1.7169988521339872,lumpy
41_110_13699,0,1.0179640718562875,0.2031731406060442,smooth
41_111_287,0,1.6666666666666667,3.680862426757812,lumpy
41_111_752,0,1.6666666666666667,0.273511142786656,intermittent
41_111_982,0,1.6666666666666667,0.273511142786656,intermittent
41_111_2521,1,2.725806451612903,0.32295271049596297,intermittent
41_111_3237,137,16.5,0.0,intermittent
41_111_4467,0,1.4049586776859504,0.545450519031142,lumpy
41_111_4614,147,11.5,0.0,intermittent
41_111_5031,0,1.8888888888888888,1.4765799684765595,lumpy
41_111_5390,0,1.5178571428571428,0.21431308416858527,intermittent
41_111_6257,0,1.3492063492063493,0.24520821822614353,intermittent
41_111_6284,0,2.537313432835821,0.38422776518014606,intermittent
41_111_7769,0,1.1888111888111887,0.5003412644243741,erratic
41_111_7908,0,1.4049586776859504,0.545450519031142,lumpy
41_111_8609,0,1.5454545454545454,0.47657663820498614,intermittent
41_111_8613,0,1.36,0.5559088303156773,lumpy
41_111_9366,22,13.454545454545455,0.10650887573964475,intermittent
41_111_11568,108,3.875,0.0,intermittent
41_111_13030,0,1.6666666666666667,0.8550025720164607,lumpy
41_111_13490,0,1.5178571428571428,0.21431308416858527,intermittent
41_111_13712,0,1.8888888888888888,1.4765799684765595,lumpy
41_111_14201,0,1.1888111888111887,0.5003412644243741,erratic
41_115_2832,133,1.0,0.09189068327922215,smooth
41_125_4596,139,1.0333333333333334,0.338449531737773,smooth
41_125_11209,140,1.5,0.2568975137950276,intermittent
41_125_12654,140,1.2,0.192969212912233,smooth
41_127_2178,131,1.0,0.07199901103460156,smooth
41_127_2546,134,1.0285714285714285,0.3121356335514576,smooth
41_127_3403,107,1.1454545454545455,0.17524111190684258,smooth
41_127_3952,134,1.0285714285714285,0.323424494649227,smooth
41_127_4768,134,1.0909090909090908,0.3508771929824561,smooth
41_127_4846,84,1.2112676056338028,0.2122572942702296,smooth
41_127_6650,23,4.083333333333333,1.809573361082206,lumpy
41_127_8629,138,1.1428571428571428,0.26118827160493796,smooth
41_127_8768,20,75.0,0.36,intermittent
41_127_9250,121,2.3333333333333335,2.3770661157024793,lumpy
41_127_9319,90,1.1267605633802817,1.4779301141531163,erratic
41_127_11913,85,1.103896103896104,0.2624676151524931,smooth
41_127_13261,90,1.3793103448275863,0.36314711238293473,intermittent
41_127_13479,133,1.088235294117647,0.31391200951248543,smooth
41_127_13724,85,1.118421052631579,0.310930583264047,smooth
41_127_14098,86,1.2173913043478262,0.22250742963696749,smooth
41_128_681,108,1.0,0.2824928977272724,smooth
41_128_5694,122,1.6,0.25850340136054445,intermittent
41_128_6015,2,1.1125827814569536,0.2587685352868287,smooth
41_128_6631,0,1.1486486486486487,0.3426321789642896,smooth
41_128_7717,119,1.7586206896551724,0.20767982693347758,intermittent
41_128_9278,7,1.0866666666666667,0.18540662876190278,smooth
41_128_10847,0,1.0625,0.3113966303155138,smooth
41_128_11565,118,1.1063829787234043,0.3612378496330091,smooth
41_128_12222,0,1.1258278145695364,0.48712427278077464,smooth
41_132_1015,112,1.0,0.37166380171436614,smooth
41_132_2604,112,1.0740740740740742,0.4027071749079468,smooth
41_132_3188,112,1.0,0.5690385503191004,erratic
41_132_7887,112,1.0357142857142858,0.7560838398621718,erratic
41_132_9000,112,1.0357142857142858,0.30252792269178236,smooth
41_133_78,135,1.206896551724138,1.506172839506173,erratic
41_133_123,144,1.0,0.662862221198195,erratic
41_133_186,135,1.0,0.6640284922833399,erratic
41_133_495,125,2.142857142857143,3.0210650887573958,lumpy
41_133_552,131,1.0,0.30805829118977907,smooth
41_133_600,129,1.0512820512820513,0.5215068966600683,erratic
41_133_612,125,1.0465116279069768,2.5328761416439667,erratic
41_133_638,155,1.0,0.48437499999999967,smooth
41_133_739,126,1.5172413793103448,6.674044444444444,lumpy
41_133_947,129,4.555555555555555,0.07999999999999981,intermittent
41_133_1277,123,1.46875,3.251127297953521,lumpy
41_133_1309,131,1.1470588235294117,0.54328125,erratic
41_133_1557,112,1.0943396226415094,0.4060953873480672,smooth
41_133_1779,102,1.096774193548387,0.6585175736961455,erratic
41_133_1889,129,1.0512820512820513,1.2465065942344218,erratic
41_133_2186,82,1.0,4.090187634920724,erratic
41_133_2261,108,1.7222222222222223,0.33999999999999986,intermittent
41_133_2287,46,1.008130081300813,0.31935200500595134,smooth
41_133_2297,131,1.0,0.2076522334190571,smooth
41_133_2350,131,1.0,0.34966819380813535,smooth
41_133_2402,140,2.727272727272727,0.2366863905325442,intermittent
41_133_2426,108,1.5897435897435896,0.35041551246537406,intermittent
41_133_2641,46,1.024793388429752,0.32940671545130007,smooth
41_133_2752,125,1.0227272727272727,0.3830459569016105,smooth
41_133_2859,154,1.1428571428571428,0.3562901744719925,smooth
41_133_3175,98,1.0,0.19760009969912234,smooth
41_133_3370,106,1.4222222222222223,2.9581632653061223,lumpy
41_133_3444,132,1.6521739130434783,0.28533859303090064,intermittent
41_133_3556,149,1.0,0.15476190476190466,smooth
41_133_3739,154,1.7777777777777777,0.1183431952662723,intermittent
41_133_3979,134,2.769230769230769,0.6652892561983471,lumpy
41_133_3995,106,1.6,0.36742315426601546,intermittent
41_133_4005,133,2.8461538461538463,0.11718749999999985,intermittent
41_133_4276,129,1.025,0.369591855971345,smooth
41_133_4366,108,1.0333333333333334,0.4157667868710969,smooth
41_133_4449,157,1.0833333333333333,0.5575510204081635,erratic
41_133_4680,127,1.2285714285714286,0.39468755155714746,smooth
41_133_4977,106,1.2075471698113207,0.30727937433476793,smooth
41_133_5052,135,1.0,0.5184339496547112,erratic
41_133_5476,46,1.4252873563218391,0.4143414902216388,intermittent
41_133_5756,154,1.0,0.3048857467491478,smooth
41_133_5825,51,1.0,0.45382348527977107,smooth
41_133_5885,156,1.0,0.12228157537347242,smooth
41_133_5990,149,1.0,0.3056478405315614,smooth
41_133_6157,129,1.1714285714285715,0.587676005225722,erratic
41_133_6492,91,1.025974025974026,0.3629489603024576,smooth
41_133_6655,91,1.0,0.31067680885361787,smooth
41_133_6695,120,1.0,0.19757270156886372,smooth
41_133_6746,127,1.1025641025641026,1.0409012594336187,erratic
41_133_6805,156,1.0,0.36870096593260465,smooth
41_133_7382,127,1.0,0.5929398758570328,erratic
41_133_7383,106,1.8823529411764706,1.5453856836258049,lumpy
41_133_7434,135,1.0294117647058822,1.6961273137080801,erratic
41_133_7442,145,25.0,0.0,intermittent
41_133_7671,153,1.4166666666666667,0.24260355029585812,intermittent
41_133_7673,144,1.0,0.29448646263982686,smooth
41_133_7707,125,1.0975609756097562,0.4255479969765682,smooth
41_133_7775,129,1.1388888888888888,0.751171348710008,erratic
41_133_7784,93,1.0405405405405406,0.4067553089885306,smooth
41_133_8550,106,1.3333333333333333,3.423850304706167,lumpy
41_133_8708,125,1.0227272727272727,1.2781194207498514,erratic
41_133_8742,144,1.0,0.6552065730435289,erratic
41_133_8779,132,1.1875,0.3853880455835323,smooth
41_133_8808,105,2.03125,0.2819349962207105,intermittent
41_133_8994,46,1.1376146788990826,0.3468018336200622,smooth
41_133_9006,132,1.027027027027027,0.5901286696147906,erratic
41_133_9007,66,1.0,1.718320020871534,erratic
41_133_9275,144,4.333333333333333,0.10204081632653039,intermittent
41_133_9284,121,1.1136363636363635,0.34655812202828545,smooth
41_133_9562,52,1.0,0.16504889537958678,smooth
41_133_9886,68,1.0,0.157300585419805,smooth
41_133_9895,0,1.0365853658536586,0.2838091734804787,smooth
41_133_10421,68,1.3246753246753247,0.46858501783590945,smooth
41_133_10849,129,1.025,0.4408573444442326,smooth
41_133_11029,149,1.0,0.17940149996287238,smooth
41_133_11111,129,2.2777777777777777,3.2047999999999996,lumpy
41_133_11232,154,1.0666666666666667,0.19200000000000003,smooth
41_133_11352,154,1.1428571428571428,0.32570239334027035,smooth
41_133_11623,131,1.0,0.4156283004916007,smooth
41_133_11690,121,1.0425531914893618,2.1380000808464907,erratic
41_133_11879,144,1.0,0.2936792150697294,smooth
41_133_11916,154,1.0666666666666667,0.2696214219759926,smooth
41_133_11951,151,1.0,0.12059166698031523,smooth
41_133_12012,123,1.0930232558139534,0.6363182117028271,erratic
41_133_12051,145,1.0416666666666667,0.40598977355734134,smooth
41_133_12509,0,1.0240963855421688,0.5326869888762592,erratic
41_133_12975,0,1.0,0.25342023130729546,smooth
41_133_12998,130,1.0810810810810811,0.31719473122107494,smooth
41_133_13027,149,1.0,0.27915518824609714,smooth
41_133_13055,133,1.7619047619047619,0.2714843750000003,intermittent
41_133_13132,81,1.0113636363636365,0.21551600498522183,smooth
41_133_13177,122,1.1162790697674418,0.722684703433923,erratic
41_133_13205,153,1.3076923076923077,0.22956841138659337,smooth
41_133_13428,126,1.0476190476190477,0.4379673795100314,smooth
41_133_13589,105,1.0317460317460319,0.40310249307479246,smooth
41_133_13605,126,1.0476190476190477,0.771157988705389,erratic
41_133_14154,153,1.0,0.43268793109484954,smooth
41_143_1330,0,1.1888111888111887,0.4094079999999999,smooth
41_143_2104,0,1.0625,1.3607121654981666,erratic
41_143_3825,7,1.5673076923076923,0.5972725335606223,lumpy
41_143_5130,0,1.3709677419354838,0.5007280224580368,lumpy
41_143_6690,0,1.0365853658536586,0.26271778435239984,smooth
41_143_6884,3,1.5321100917431192,0.4444489131090513,intermittent
41_143_8239,0,1.0303030303030303,0.12684881927379169,smooth
41_143_11353,3,1.3046875,0.3179592189583868,smooth
41_143_11377,0,1.0429447852760736,0.3854594735255545,smooth
41_143_11776,0,1.118421052631579,0.7011567237245973,erratic
41_143_12873,0,1.223021582733813,0.7536169097737795,erratic
41_143_13171,0,1.0059171597633136,0.4668064869879884,smooth
41_143_14183,0,1.0828025477707006,0.2842303567646487,smooth
41_152_177,155,3.75,0.0,intermittent
41_152_593,135,1.206896551724138,0.6820345032718623,erratic
41_152_640,140,3.3333333333333335,0.11570247933884288,intermittent
41_152_773,137,5.5,0.0,intermittent
41_152_863,146,2.0,0.2266666666666667,intermittent
41_152_1166,121,4.9,0.07438016528925608,intermittent
41_152_1257,119,3.923076923076923,0.21453287197231838,intermittent
41_152_1260,140,1.7647058823529411,0.36000000000000015,intermittent
41_152_1665,144,2.6,0.11111111111111122,intermittent
41_152_2177,125,1.5517241379310345,0.28827977315689957,intermittent
41_152_2922,146,1.411764705882353,0.5304709141274239,lumpy
41_152_2935,130,2.5,0.38271604938271603,intermittent
41_152_2979,125,1.3636363636363635,0.9465606508875739,lumpy
41_152_3698,138,1.103448275862069,0.7179238754325263,erratic
41_152_4319,137,3.6666666666666665,0.07999999999999981,intermittent
41_152_4361,138,32.0,0.0,intermittent
41_152_4447,139,4.428571428571429,0.0,intermittent
41_152_4627,150,1.1764705882352942,0.32921810699588494,smooth
41_152_4782,136,6.8,0.11111111111111122,intermittent
41_152_4916,132,1.3103448275862069,0.4757396449704145,smooth
41_152_5079,133,7.4,0.0,intermittent
41_152_5152,134,1.1612903225806452,0.3621407746772179,smooth
41_152_5218,125,15.0,0.0,intermittent
41_152_5450,134,1.7142857142857142,0.3542857142857141,intermittent
41_152_6137,138,1.103448275862069,0.2123611111111108,smooth
41_152_6173,136,1.8888888888888888,0.1183431952662723,intermittent
41_152_6831,156,2.3333333333333335,0.1404958677685952,intermittent
41_152_7101,136,8.5,0.0,intermittent
41_152_7250,134,1.7142857142857142,0.28339643050297475,intermittent
41_152_7263,150,20.0,0.0,intermittent
41_152_8086,130,1.0526315789473684,0.5262375246647027,erratic
41_152_8211,137,2.357142857142857,0.0,intermittent
41_152_8360,139,6.2,0.11111111111111122,intermittent
41_152_8412,155,7.5,0.1111111111111111,intermittent
41_152_8447,135,1.09375,0.4329196087890882,smooth
41_152_8677,136,3.090909090909091,0.22222222222222246,intermittent
41_152_9227,138,4.0,0.12,intermittent
41_152_9252,134,18.0,0.0,intermittent
41_152_10580,139,2.5833333333333335,0.40625000000000006,intermittent
41_152_10701,134,2.25,0.408,intermittent
41_152_10750,137,4.125,0.12396694214876033,intermittent
41_152_11031,125,1.0975609756097562,0.15011680610745057,smooth
41_152_11317,136,1.5454545454545454,0.21331945889698223,intermittent
41_152_11334,111,1.4390243902439024,0.41728395061728374,intermittent
41_152_11538,135,11.666666666666666,0.0,intermittent
41_152_11545,137,2.2,0.16666666666666674,intermittent
41_152_11946,144,2.6,0.11111111111111122,intermittent
41_152_12283,119,6.375,0.28,intermittent
41_152_12323,139,2.8181818181818183,0.12444444444444452,intermittent
41_152_12472,134,1.0285714285714285,0.37097168565700067,smooth
41_152_12657,134,1.3333333333333333,0.5171696149843913,lumpy
41_152_12899,135,2.5,0.3214285714285714,intermittent
41_152_13458,136,3.090909090909091,0.11718750000000003,intermittent
41_152_13787,136,17.0,0.0,intermittent
41_152_13929,135,1.206896551724138,0.5162742382271469,erratic
41_152_14132,123,4.7,0.0,intermittent
41_152_14288,157,4.333333333333333,0.0,intermittent
41_159_708,0,1.4782608695652173,1.5900030794210684,lumpy
41_159_979,0,1.1724137931034482,0.4529465873152591,smooth
41_159_1109,0,1.1333333333333333,0.3443502507295131,smooth
41_159_3826,1,2.1666666666666665,0.29222625232820293,intermittent
41_159_3875,0,1.0828025477707006,0.3620648446391495,smooth
41_159_8474,0,1.0429447852760736,0.4136254764206416,smooth
41_159_8591,10,1.0810810810810811,0.3721319050619617,smooth
41_159_11152,0,1.7171717171717171,0.1745241516032388,intermittent
41_159_13299,0,1.1258278145695364,0.30741062840225575,smooth
41_159_14202,0,1.1258278145695364,0.450600783331179,smooth
41_163_4537,58,1.009009009009009,0.8064690677145051,erratic
41_163_6304,12,1.0,0.7187169812849459,erratic
41_163_6392,4,1.0,0.8680009099207527,erratic
41_163_6590,101,1.0,0.23474539191233149,smooth
41_163_6850,58,1.0,0.4209798995263303,smooth
41_163_7535,71,1.0,0.6922863654857796,erratic
41_163_7820,27,1.0,1.5879823141141227,erratic
41_163_8834,66,1.0196078431372548,0.6307742207696713,erratic
41_163_9644,144,8.666666666666666,0.12500000000000006,intermittent
41_163_10167,73,1.0319148936170213,1.6712922498533305,erratic
41_163_12918,12,1.0,0.5518944122472682,erratic
41_165_1421,0,1.0759493670886076,0.1699511256404225,smooth
41_165_2361,0,1.069182389937107,0.6736467376110548,erratic
41_165_6170,146,24.0,0.0,intermittent
41_165_7591,0,1.0759493670886076,0.1699511256404225,smooth
41_165_7908,0,1.4285714285714286,0.6324005126953125,lumpy
41_165_8609,0,1.2408759124087592,0.3331506559117255,smooth
41_165_9366,20,2.34375,0.404928,intermittent
41_165_11708,0,1.4166666666666667,0.39216416508075325,intermittent
41_165_13490,0,1.0625,0.3528253139522726,smooth
41_171_2177,140,1.1111111111111112,0.2957589285714288,smooth
41_171_3514,139,1.0333333333333334,0.2854916897506926,smooth
41_171_3594,154,5.333333333333333,0.12500000000000006,intermittent
41_171_6339,148,4.4,0.0,intermittent
41_171_8712,153,8.5,0.0,intermittent
41_171_11099,124,46.0,0.0,intermittent
41_171_11545,141,1.0,0.2862053010774011,smooth
41_171_12366,149,7.0,0.0,intermittent
41_172_1951,18,1.0066225165562914,0.500444009201689,erratic
41_172_2204,0,1.0,0.37053256904136084,smooth
41_172_3094,19,1.0134228187919463,0.5704872809045667,erratic
41_172_6544,17,1.0,0.3998144879098079,smooth
41_172_8361,14,1.0,0.3407759556390886,smooth
41_172_9467,1,1.0696202531645569,0.667895240501174,erratic
41_181_8986,136,1.0,0.09970238818242666,smooth
41_181_12983,141,1.0,0.1797215463800432,smooth
41_183_612,135,17.5,0.0,intermittent
41_183_1968,135,8.75,0.0,intermittent
41_183_2019,120,1.6666666666666667,0.41191170345689293,intermittent
41_183_2378,131,3.0,0.12345679012345685,intermittent
41_183_3312,130,5.0,0.0,intermittent
41_183_3587,151,2.7142857142857144,0.09375000000000011,intermittent
41_183_3644,146,6.0,0.12,intermittent
41_183_3979,157,4.333333333333333,0.0,intermittent
41_183_4021,131,2.1666666666666665,0.8347107438016532,lumpy
41_183_5899,138,8.0,0.0,intermittent
41_183_6165,157,3.25,0.12,intermittent
41_183_6703,122,1.5,0.3697978596908442,intermittent
41_183_6885,142,9.333333333333334,0.0,intermittent
41_183_7382,131,13.0,0.0,intermittent
41_183_7707,134,18.0,0.0,intermittent
41_183_8738,151,2.111111111111111,0.2248520710059171,intermittent
41_183_9062,132,19.0,0.0,intermittent
41_183_10605,121,1.4848484848484849,0.4762130177514794,intermittent
41_183_11093,122,5.333333333333333,0.5,lumpy
41_183_11606,136,6.8,0.0,intermittent
41_183_13254,152,3.0,0.0,intermittent
41_183_13357,132,1.4615384615384615,0.44675555555555563,intermittent
41_183_13367,141,3.2222222222222223,0.07999999999999981,intermittent
41_183_13428,137,5.5,0.31250000000000017,intermittent
41_183_13510,135,5.833333333333333,0.1111111111111111,intermittent
41_183_13739,123,3.9166666666666665,0.2266666666666667,intermittent
41_184_9762,151,1.1176470588235294,0.4082840236686391,smooth
41_184_11209,151,1.5833333333333333,0.3491124260355031,intermittent
41_184_13049,154,1.3333333333333333,0.6391526661796932,lumpy
41_185_6043,110,12.0,0.0,intermittent
41_197_5742,54,2.0,0.5175106345784043,lumpy
41_197_11203,62,2.25,0.4911242603550298,intermittent
41_200_177,0,1.0179640718562875,0.4904762120772247,smooth
41_200_336,15,1.099290780141844,1.8253505483826182,erratic
41_200_344,0,1.328125,0.5006896551724138,erratic
41_200_1166,0,1.0,0.22419091796874988,smooth
41_200_1311,55,1.0,0.673465412127012,erratic
41_200_1553,0,1.0303030303030303,0.19356225664016083,smooth
41_200_1767,0,1.0559006211180124,0.6512190053677296,erratic
41_200_1805,0,1.2142857142857142,0.6626070741798262,erratic
41_200_1848,136,1.0,0.40829078204783653,smooth
41_200_2447,119,1.0,0.2831400512916747,smooth
41_200_2979,0,1.0,0.24090887863803104,smooth
41_200_3098,81,1.0229885057471264,0.5300011956637259,erratic
41_200_3558,122,1.0,0.23138458648632587,smooth
41_200_3698,21,1.0,0.3280067856241537,smooth
41_200_3844,38,1.0232558139534884,0.24417246977105814,smooth
41_200_3994,154,1.0,0.2383549847134181,smooth
41_200_4090,0,1.0,0.18055366872255973,smooth
41_200_4409,0,1.0,0.3598947341791388,smooth
41_200_4706,0,1.0,0.10080579164754626,smooth
41_200_4717,155,1.0,0.6977719336693695,erratic
41_200_4832,1,1.0,0.24247737221387725,smooth
41_200_5068,155,1.0,0.429969999287003,smooth
41_200_5074,0,1.0429447852760736,0.5424872169466761,erratic
41_200_5079,15,1.3963963963963963,1.150290072619579,lumpy
41_200_5475,11,1.2325581395348837,4.200618127177105,erratic
41_200_5507,15,1.5656565656565657,1.2480655439235322,lumpy
41_200_5646,0,1.1486486486486487,0.38163206459054233,smooth
41_200_5712,0,1.0,0.7125722260779521,erratic
41_200_5722,0,1.0119047619047619,0.3453208704809621,smooth
41_200_5877,157,1.0,0.5443006203162537,erratic
41_200_6415,0,1.0429447852760736,0.3843322157702008,smooth
41_200_6752,0,1.1409395973154361,0.4714265927977841,smooth
41_200_7101,0,1.0,0.6382720880796854,erratic
41_200_7123,0,1.0,0.18021429566711542,smooth
41_200_7250,5,1.0248447204968945,0.38380493827160483,smooth
41_200_7385,15,1.684782608695652,0.6929501725748937,lumpy
41_200_7547,136,1.0,0.37202255753696095,smooth
41_200_8447,0,1.0,0.13951645280285105,smooth
41_200_8465,0,1.1258278145695364,0.7387178330753927,erratic
41_200_8712,0,1.0,0.20074380445007184,smooth
41_200_8876,0,1.0493827160493827,0.37181122448979603,smooth
41_200_8979,0,2.151898734177215,0.4649287825853266,intermittent
41_200_9041,13,1.2265625,1.4037481407181651,erratic
41_200_9173,120,1.0204081632653061,1.4918609544651122,erratic
41_200_9302,0,1.588785046728972,0.8850460285679128,lumpy
41_200_9524,13,1.171641791044776,1.8786066525510552,erratic
41_200_9846,15,1.0130718954248366,1.270981809812543,erratic
41_200_9943,0,1.0429447852760736,0.2988377786605817,smooth
41_200_10570,0,1.0,0.37898179986612635,smooth
41_200_10812,55,1.0,0.39684472049689434,smooth
41_200_10885,0,1.0179640718562875,0.16784064328062706,smooth
41_200_10939,0,1.619047619047619,0.37877294938567047,intermittent
41_200_11031,61,1.0186915887850467,0.5189627150252833,erratic
41_200_11334,45,1.0,0.8798521029523316,erratic
41_200_11691,0,1.0493827160493827,0.469501632880817,smooth
41_200_11946,1,1.0,1.0833314821117863,erratic
41_200_11964,120,1.2195121951219512,1.427527873894656,erratic
41_200_12026,126,1.0,0.7584755054602871,erratic
41_200_12642,132,1.0,0.10770903168441692,smooth
41_200_12653,0,1.0,0.10400377502452582,smooth
41_200_12670,127,1.0,1.0247674176216774,erratic
41_200_12746,0,1.0,0.09454339811809538,smooth
41_200_12779,11,1.962962962962963,3.1731658346994793,lumpy
41_200_12801,0,1.1333333333333333,0.5272722856252199,erratic
41_200_13007,15,1.3247863247863247,0.8372087238263446,erratic
41_200_13094,138,1.1428571428571428,0.39922437673130207,smooth
41_200_13162,13,1.162962962962963,1.4262298167036769,erratic
41_200_13787,15,1.1481481481481481,1.1070648517157498,erratic
41_200_13902,0,1.0,0.2165841292720599,smooth
41_200_13929,0,1.0,0.3403178328427473,smooth
41_200_13957,122,1.0,0.40312240963437634,smooth
41_200_14212,0,1.0119047619047619,0.2145652605190541,smooth
41_201_264,0,1.0059171597633136,0.606379135247369,erratic
41_201_372,0,1.1643835616438356,1.1237533683474634,erratic
41_201_3640,147,1.9166666666666667,0.1999999999999999,intermittent
41_201_4434,144,2.888888888888889,0.2248520710059171,intermittent
41_201_5416,0,1.096774193548387,0.6295739536454437,erratic
41_201_5685,0,1.1486486486486487,0.9605457470960348,erratic
41_201_6005,0,1.8888888888888888,0.35253906250000006,intermittent
41_201_6895,145,4.166666666666667,0.0,intermittent
41_201_9068,143,1.08,0.518646674356017,erratic
41_201_9083,146,2.1818181818181817,0.22222222222222246,intermittent
41_201_11160,144,1.8571428571428572,0.3254437869822484,intermittent
41_201_11866,81,1.289855072463768,1.4256354786371013,erratic
41_201_12896,145,1.6666666666666667,0.2426035502958579,intermittent
41_201_13198,145,2.272727272727273,0.10650887573964475,intermittent
41_206_2755,136,1.1333333333333333,0.4744801512287333,smooth
41_206_3172,136,1.1333333333333333,0.4387755102040813,smooth
41_206_8986,0,1.0,0.5093697487952293,erratic
41_206_12823,42,1.0,0.4208550934561636,smooth
41_206_13507,78,1.5593220338983051,0.43759687519375046,intermittent
41_209_1052,102,1.5454545454545454,0.5652050366739477,lumpy
41_209_2244,111,2.6818181818181817,0.624121146565711,lumpy
41_209_2338,148,1.1,0.2486992715920914,smooth
41_209_2370,149,1.3125,0.7379555555555556,erratic
41_209_2980,156,4.666666666666667,0.29166666666666674,intermittent
41_209_5918,102,2.8333333333333335,0.611851851851852,lumpy
41_209_6144,105,2.8260869565217392,0.5167819193793217,lumpy
41_209_6751,102,2.2666666666666666,0.45328719723183414,intermittent
41_209_6782,106,2.782608695652174,0.27017301038062297,intermittent
41_209_7770,113,2.85,0.33534895439657353,intermittent
41_209_8366,103,3.1904761904761907,0.8787938901011703,lumpy
41_209_9013,102,2.0606060606060606,0.42317978112649546,intermittent
41_209_9073,105,2.9545454545454546,0.301680058436815,intermittent
41_209_10724,106,4.923076923076923,0.5160697887970618,lumpy
41_209_11148,148,1.375,0.375,intermittent
41_209_12282,157,1.1818181818181819,0.06717958341152168,smooth
41_209_13439,103,2.576923076923077,0.6565945627472433,lumpy
41_209_13823,149,1.1666666666666667,0.4177770281666385,smooth
41_210_278,24,1.1587301587301588,0.2823296247916763,smooth
41_210_1967,124,1.069767441860465,0.351421188630491,smooth
41_210_3339,124,1.4375,0.2767184746034289,intermittent
41_210_4441,3,1.9880952380952381,0.40165680473372767,intermittent
41_210_4614,139,1.1071428571428572,0.34857142857142864,smooth
41_210_5031,0,1.2142857142857142,0.8853455366736327,erratic
41_210_5903,0,1.0119047619047619,0.12346990367295803,smooth
41_210_6036,3,1.9880952380952381,0.40165680473372767,intermittent
41_210_6945,0,1.0059171597633136,0.19324924305834995,smooth
41_210_7277,0,1.223021582733813,0.4163512811634351,smooth
41_210_7908,0,1.0493827160493827,0.351660384844277,smooth
41_210_8265,0,1.0365853658536586,0.18822077651642227,smooth
41_210_8727,0,1.0179640718562875,0.47242603305866426,smooth
41_210_9366,23,2.227272727272727,0.42176870748299294,intermittent
41_210_13490,0,1.0059171597633136,0.19324924305834995,smooth
41_210_13564,0,1.3709677419354838,0.5135664358112176,lumpy
41_211_3170,0,1.0559006211180124,3.7675805040092927,erratic
41_211_4031,7,1.2635658914728682,0.9005631355278942,erratic
41_211_6221,106,1.0491803278688525,1.8577686436276615,erratic
41_211_11932,120,1.0204081632653061,0.48585939733936073,smooth
41_211_12795,114,1.0980392156862746,0.5658387281455061,erratic
41_212_947,145,5.0,0.11111111111111122,intermittent
41_212_1744,131,4.875,0.0,intermittent
41_212_1941,112,1.0943396226415094,0.31794929345640555,smooth
41_212_1968,125,11.25,0.2653061224489796,intermittent
41_212_2081,132,2.0,0.29882812500000017,intermittent
41_212_2400,144,8.666666666666666,0.12500000000000006,intermittent
41_212_3918,127,1.34375,0.387443635102324,intermittent
41_212_3979,130,2.2222222222222223,0.12287334593572795,intermittent
41_212_3980,125,1.8,0.716581446311176,lumpy
41_212_4336,121,1.5806451612903225,0.4925925925925924,intermittent
41_212_4680,144,1.4444444444444444,0.43316289262235236,intermittent
41_212_5737,132,1.1875,0.3672255273120606,smooth
41_212_7383,121,1.4411764705882353,0.48398760330578505,intermittent
41_212_7483,120,4.545454545454546,0.23469387755102045,intermittent
41_212_7502,0,1.118421052631579,1.2382892135500774,erratic
41_212_8014,136,3.090909090909091,0.23469387755102045,intermittent
41_212_8189,137,3.0,0.23469387755102045,intermittent
41_212_8364,129,4.555555555555555,0.3016528925619833,intermittent
41_212_8779,126,8.8,0.0,intermittent
41_212_9062,140,10.0,0.0,intermittent
41_212_10389,119,1.6451612903225807,0.435483870967742,intermittent
41_212_10791,113,1.7272727272727273,0.35259259259259274,intermittent
41_212_11093,119,2.6842105263157894,1.6177777777777775,lumpy
41_212_11446,122,2.1818181818181817,0.5659722222222224,lumpy
41_212_11656,127,1.1025641025641026,0.39162418729586995,smooth
41_212_11975,136,2.4285714285714284,0.19092627599243878,intermittent
41_212_12398,130,2.5,0.23076923076923078,intermittent
41_212_12551,131,1.6956521739130435,0.28833792470156105,intermittent
41_212_13367,131,1.6956521739130435,0.5229619081523674,lumpy
41_212_14049,127,2.5294117647058822,0.18930041152263385,intermittent
41_212_14225,127,1.303030303030303,0.5879835390946501,erratic
41_213_1323,1,2.011904761904762,1.6514047866805408,lumpy
41_213_2104,6,3.727272727272727,0.35290616941083147,intermittent
41_213_5286,0,6.8,0.15933412604042818,intermittent
41_213_5517,0,2.4285714285714284,0.1706349206349207,intermittent
41_213_10197,8,2.793103448275862,0.26413656454808726,intermittent
41_213_11469,0,1.9318181818181819,0.28494649227110586,intermittent
41_213_12873,6,7.130434782608695,0.16796875,intermittent
41_213_13538,6,5.857142857142857,0.09375000000000011,intermittent
41_213_13947,0,1.3821138211382114,0.46848761823785734,intermittent
41_218_446,25,1.0431654676258992,0.42397572751533213,smooth
41_218_611,53,1.647887323943662,1.3736738625465248,lumpy
41_218_1156,3,1.0308641975308641,0.3885764358004908,smooth
41_218_2613,51,1.2142857142857142,0.8878832562884662,erratic
41_218_2988,16,1.0,0.48280255086892987,smooth
41_218_3331,25,1.0283687943262412,0.5486012150611177,erratic
41_218_5471,0,1.0,0.3001420415269792,smooth
41_218_5740,0,1.0179640718562875,0.3936119214650841,smooth
41_218_7125,133,1.15625,0.3549663632766126,smooth
41_218_8524,50,1.0169491525423728,0.4946511244347045,smooth
41_218_9606,52,1.2291666666666667,0.6593569682988221,erratic
41_218_11367,133,1.2333333333333334,0.37294260107671207,smooth
41_218_12483,0,1.0429447852760736,0.5326488805066311,erratic
41_218_13189,1,1.0,0.18104015493120582,smooth
41_220_8414,145,6.25,0.0,intermittent
41_220_8469,111,5.9,0.11111111111111122,intermittent
41_227_2866,36,1.0387596899224807,0.9141859726316397,erratic
41_227_6494,0,1.3076923076923077,0.40567680583457094,smooth
41_228_284,0,1.0,0.20086994608893008,smooth
41_228_2866,0,1.0,0.14764212090649803,smooth
41_228_7087,9,1.0,1.6495784174289567,erratic
41_228_10927,0,1.0,1.2040348829968768,erratic
41_231_286,0,1.0119047619047619,0.11175037986869259,smooth
41_231_979,0,1.0119047619047619,0.8375714417986079,erratic
41_231_3808,0,1.0119047619047619,0.20324903862987412,smooth
41_231_3826,0,1.5044247787610618,0.5518321036642074,lumpy
41_231_4174,0,1.0240963855421688,0.3874455461817111,smooth
41_231_8474,0,1.0828025477707006,0.46733860891295337,smooth
41_231_8728,0,1.2142857142857142,0.2787827557058327,smooth
41_231_10049,0,1.0240963855421688,0.34294347921838425,smooth
41_231_10076,0,1.0179640718562875,0.41469359990909316,smooth
41_231_10481,0,1.0179640718562875,0.3673515884204081,smooth
41_233_4732,145,1.1363636363636365,0.38433680398370323,smooth
41_233_5579,119,1.0625,0.41222061697968915,smooth
41_233_12119,118,1.0,0.18945868945868938,smooth
41_233_12721,136,2.0,0.5454545454545455,lumpy
41_233_13338,126,1.0476190476190477,0.7995250421611126,erratic
41_233_13446,118,1.04,0.23031411217900932,smooth
41_233_13749,145,2.5,0.5570934256055365,lumpy
41_233_14119,146,1.0434782608695652,0.21432962229355912,smooth
41_246_264,0,1.0,0.09151194804823164,smooth
41_246_1219,0,1.0119047619047619,0.408233365049554,smooth
41_246_3034,1,1.0119760479041917,0.47833721759809766,smooth
41_246_3787,137,1.32,1.2871972318339104,erratic
41_246_4329,139,1.4761904761904763,2.1889309536686494,lumpy
41_246_4434,139,1.1923076923076923,0.25144593667287507,smooth
41_246_5685,0,1.0828025477707006,0.4994318263962179,smooth
41_246_8130,75,1.0555555555555556,0.7137741543173732,erratic
41_246_9083,140,1.4285714285714286,0.21525148729042726,intermittent
41_246_9488,126,1.0,0.3034429718218068,smooth
41_246_9720,0,1.0240963855421688,0.17537827624977695,smooth
41_246_12571,0,1.0,0.2375769815800347,smooth
41_246_13198,139,1.631578947368421,0.15193571950328688,intermittent
41_253_856,0,1.1111111111111112,0.23118307341605937,smooth
41_253_3103,0,1.0,0.6221118710179199,erratic
41_253_4809,0,1.0,0.1509786922212335,smooth
41_253_5022,0,1.0059171597633136,2.026221808915434,erratic
41_253_6835,31,1.037313432835821,1.4527757455514911,erratic
41_253_7722,26,1.0666666666666667,0.3028753095684765,smooth
41_253_8076,33,1.0378787878787878,0.28497527028881803,smooth
41_253_11213,0,1.0559006211180124,0.39393129499655827,smooth
41_253_11949,131,1.0,0.16843702159583843,smooth
41_253_12721,118,1.0,0.6727804227556262,erratic
41_253_13446,75,1.0,0.20005792538022787,smooth
41_253_14238,102,1.0,0.2296628401145917,smooth
41_255_1086,43,1.3368421052631578,0.4744662822658983,intermittent
41_255_1095,114,1.5555555555555556,0.3058032978853773,intermittent
41_255_2177,74,1.4545454545454546,0.4409143336478977,intermittent
41_255_4229,48,2.033333333333333,2.9514712539610684,lumpy
41_255_4428,154,1.1428571428571428,0.2796874999999999,smooth
41_255_5210,156,1.0769230769230769,0.3417283950617282,smooth
41_255_6338,73,48.5,0.0,intermittent
41_255_6339,54,2.230769230769231,0.3976504093983625,intermittent
41_255_7123,47,1.835820895522388,0.683346886011551,lumpy
41_255_8447,7,1.3360655737704918,0.6592000000000002,lumpy
41_255_8677,59,1.6323529411764706,0.5031599416626154,lumpy
41_255_8838,154,1.3333333333333333,0.14958376690946923,intermittent
41_255_9442,63,2.2291666666666665,0.6834550813789569,lumpy
41_255_10812,64,1.5588235294117647,0.8342801834785173,lumpy
41_263_5125,153,1.5454545454545454,0.1942857142857144,intermittent
41_263_11920,149,1.3125,2.3110204081632655,erratic
41_269_5125,152,1.125,0.5086505190311419,erratic
41_270_1178,0,2.125,1.3620987507436049,lumpy
41_270_4258,8,1.396551724137931,1.0525310686676004,lumpy
41_270_5995,12,1.3166666666666667,0.9847764434018416,erratic
41_270_7663,57,1.0462962962962963,2.8974993399265085,erratic
41_270_8656,148,2.75,0.4550766983199416,intermittent
41_271_659,108,1.0163934426229508,0.4059585750934037,smooth
41_271_1178,108,1.087719298245614,0.6157461900846561,erratic
41_271_2325,108,1.1272727272727272,0.27879917759134726,smooth
41_282_681,108,1.0,0.18901623542117713,smooth
41_282_1519,0,1.0059171597633136,0.17840620252604444,smooth
41_282_2124,0,1.0240963855421688,0.38884209028468564,smooth
41_282_2609,14,1.0064516129032257,0.295366404874577,smooth
41_282_3246,117,1.0192307692307692,0.811965811965812,erratic
41_282_4394,0,1.0059171597633136,0.8842703020943232,erratic
41_282_5694,117,1.1041666666666667,0.7448979591836735,erratic
41_282_9278,7,1.0061728395061729,0.5775131008784463,erratic
41_282_10847,0,1.096774193548387,0.24533268922906273,smooth
41_282_11565,118,1.0,0.42044133073224454,smooth
41_282_12593,0,1.0059171597633136,0.30329764527607533,smooth
41_283_9013,89,1.0,0.586048241835696,erratic
41_288_1200,0,1.1258278145695364,0.3086866264222699,smooth
41_288_1323,1,1.8777777777777778,0.3339208460182661,intermittent
41_288_6690,4,1.296875,0.48823185784008893,smooth
41_288_6840,0,3.0357142857142856,0.36447418255270814,intermittent
41_288_13171,0,1.2408759124087592,0.22889000000000007,smooth
41_300_1333,20,1.0,0.5697042169243829,erratic
41_300_3841,0,1.0,0.3439932592541515,smooth
41_300_8195,20,1.1194029850746268,0.43535951703201703,smooth
41_301_123,153,2.125,0.08641975308641975,intermittent
41_301_186,145,2.272727272727273,0.833333333333333,lumpy
41_301_991,131,1.2580645161290323,0.5633560090702945,erratic
41_301_1941,85,7.7272727272727275,1.0862068965517242,lumpy
41_301_2378,131,2.6,0.42045454545454525,intermittent
41_301_2831,89,2.3823529411764706,0.3986928104575163,intermittent
41_301_3131,35,4.821428571428571,0.1753086419753085,intermittent
41_301_3191,145,2.0833333333333335,0.43999999999999984,intermittent
41_301_4311,104,9.428571428571429,0.0,intermittent
41_301_5133,45,10.416666666666666,0.12500000000000006,intermittent
41_301_5175,94,76.0,0.0,intermittent
41_301_6157,147,7.666666666666667,0.0,intermittent
41_301_7158,155,15.0,0.0,intermittent
41_301_7483,92,3.5454545454545454,0.9333610995418581,lumpy
41_301_7633,0,1.0365853658536586,0.8222274830981029,erratic
41_301_7665,121,12.25,0.0,intermittent
41_301_8492,152,1.6363636363636365,0.15432098765432078,intermittent
41_301_8779,150,2.2222222222222223,1.1176470588235294,lumpy
41_301_8994,130,13.333333333333334,0.12500000000000006,intermittent
41_301_9284,150,1.6666666666666667,0.2863999999999997,intermittent
41_301_9449,136,3.090909090909091,0.765432098765432,lumpy
41_301_9559,139,4.428571428571429,0.0,intermittent
41_301_10389,87,1.1066666666666667,0.2457420322710665,smooth
41_301_10421,103,33.5,0.0,intermittent
41_301_11879,152,2.25,0.256198347107438,intermittent
41_301_11975,150,5.0,0.12,intermittent
41_301_12398,130,2.2222222222222223,0.34693877551020375,intermittent
41_301_12509,17,2.6842105263157894,0.469561807665915,intermittent
41_301_12975,2,1.2923076923076924,0.7442768927422664,erratic
41_301_13510,155,7.5,0.0,intermittent
41_330_434,130,1.0,0.13500044766701802,smooth
41_330_526,117,1.0192307692307692,1.7101403397699693,erratic
41_330_564,53,1.0,0.9382894592947865,erratic
41_330_1113,131,1.1142857142857143,0.18229810551638878,smooth
41_330_1270,0,1.0,1.3069413184417638,erratic
41_330_2031,0,1.0559006211180124,0.283669105819716,smooth
41_330_2138,20,1.0067114093959733,8.443731357229622,erratic
41_330_2517,135,1.09375,0.41061224489795917,smooth
41_330_2546,46,1.0163934426229508,0.5258453314140277,erratic
41_330_2559,27,1.0141843971631206,0.35401697388951303,smooth
41_330_2644,133,1.0,0.2235599541996852,smooth
41_330_3387,58,1.0,0.29489287950087395,smooth
41_330_3429,0,1.0240963855421688,2.044366561332951,erratic
41_330_4237,72,1.053763440860215,0.44537919170066076,smooth
41_330_4480,0,1.0,1.6892640835684003,erratic
41_330_4733,1,1.0628930817610063,4.21473057347601,erratic
41_330_4846,0,1.0625,0.3622230323495818,smooth
41_330_4969,19,1.495049504950495,3.7607088179539434,lumpy
41_330_5919,121,1.0,1.972503866643753,erratic
41_330_6021,0,1.0240963855421688,0.7685031418976496,erratic
41_330_6050,1,7.041666666666667,2.038365405615278,lumpy
41_330_6052,112,1.0,0.6695372558977983,erratic
41_330_6201,12,1.0063694267515924,0.9606629628988255,erratic
41_330_6209,7,1.0,2.7098623213282886,erratic
41_330_6344,0,1.0,2.3603274468954707,erratic
41_330_7507,62,1.0,0.7880002848491411,erratic
41_330_7903,132,1.0,0.28934852692393626,smooth
41_330_8081,0,1.0365853658536586,0.16317413973375236,smooth
41_330_8341,122,1.0,2.4383492142921677,erratic
41_330_8448,130,1.0256410256410255,0.30427983539094633,smooth
41_330_8827,139,1.0,0.3061694524886112,smooth
41_330_8831,49,1.0254237288135593,0.652729042650249,erratic
41_330_9250,57,1.036697247706422,5.860686268797587,erratic
41_330_9421,133,1.0,0.32028427244766955,smooth
41_330_9554,155,1.1538461538461537,0.2837499999999999,smooth
41_330_9616,9,1.0,4.582975168600324,erratic
41_330_9687,0,1.0625,0.4441797770307192,smooth
41_330_9729,0,1.0119047619047619,0.5442583950428678,erratic
41_330_9854,0,1.0559006211180124,0.8073848875260733,erratic
41_330_10152,122,1.0,2.825291205715786,erratic
41_330_10912,41,1.1025641025641026,0.22191619489084843,smooth
41_330_10928,135,1.0,0.43210915952968504,smooth
41_330_11020,19,1.1185185185185185,4.646446280991737,erratic
41_330_11062,12,1.0326797385620916,1.0222512705705102,erratic
41_330_11304,115,1.1,1.1621093749999996,erratic
41_330_11843,0,1.0429447852760736,0.792398241117408,erratic
41_330_12155,27,1.0,1.0210044780249414,erratic
41_330_12597,0,1.0303030303030303,0.5863298622657155,erratic
41_330_13297,57,1.0,0.3276980240498396,smooth
41_330_13373,57,1.1770833333333333,5.100479482027659,erratic
41_330_13479,0,1.0429447852760736,0.5531632025809232,erratic
41_330_13556,113,1.0,1.178969727648516,erratic
41_330_13616,16,1.0,0.5806639018947999,erratic
41_330_13724,0,1.0179640718562875,0.6812439421780773,erratic
41_330_13772,131,1.0,0.3533302255113339,smooth
41_330_13920,130,1.0256410256410255,0.2937327823691461,smooth
41_330_14115,0,1.0059171597633136,0.2214047139452208,smooth
41_330_14285,67,1.2261904761904763,4.956584659913168,erratic
42_34_607,116,1.542857142857143,0.5893554687500001,lumpy
42_34_1621,118,1.0,0.46034122728827814,smooth
42_34_1766,131,1.0,0.2216070758121719,smooth
42_34_2236,116,1.3846153846153846,0.6382077726931221,lumpy
42_34_2311,121,1.065217391304348,0.45379818594104326,smooth
42_34_2341,120,1.0,0.46192839997674423,smooth
42_34_3754,121,1.225,1.033769322235434,erratic
42_34_3968,118,1.0,0.9014105070977376,erratic
42_34_5593,120,1.0,0.8915574725789409,erratic
42_34_5996,140,1.0,0.9847734887639366,erratic
42_34_6084,140,1.0,0.973003510601715,erratic
42_34_9279,120,1.0204081632653061,0.684755295836377,erratic
42_34_9718,118,1.0,0.5748205181169683,erratic
42_34_9744,114,1.0,0.2850113065662513,smooth
42_34_9901,114,1.0,0.17708692067666426,smooth
42_34_10280,133,1.0,0.23930892911252302,smooth
42_34_10875,120,1.0,0.7050103208857197,erratic
42_34_10880,140,1.0,1.0105598610493467,erratic
42_34_11415,135,1.25,0.5133884297520662,erratic
42_34_12249,118,1.0,0.34259835132400057,smooth
42_34_12259,122,1.0434782608695652,1.1723347187813522,erratic
42_34_12612,117,1.0192307692307692,1.6374873432258352,erratic
42_34_12667,119,1.5454545454545454,1.9333035822954272,lumpy
42_34_13541,149,1.0,0.22948095238095234,smooth
42_34_13802,120,1.5625,0.5058188564682071,lumpy
42_45_36,66,1.0297029702970297,0.41353047520661146,smooth
42_45_1895,107,1.0,0.44979079497907953,smooth
42_45_2475,121,1.0,0.21647283949759102,smooth
42_45_5505,108,1.0163934426229508,0.48326763368613024,smooth
42_45_5627,141,1.0,0.18527510202660935,smooth
42_45_6069,65,1.05,0.8436644806894288,erratic
42_45_8024,67,1.9074074074074074,0.40053474290987173,intermittent
42_45_8860,68,1.1724137931034482,0.3595025337744618,smooth
42_45_13265,127,1.162162162162162,1.726969405788842,erratic
42_87_138,0,1.0759493670886076,0.7326958444021029,erratic
42_87_192,151,1.0,0.3389917695473251,smooth
42_87_430,156,1.0,0.07478674866097984,smooth
42_87_961,0,1.0240963855421688,0.3273339245339319,smooth
42_87_1150,152,1.3846153846153846,0.5959233704734043,lumpy
42_87_1476,93,1.013157894736842,1.0832782222222221,erratic
42_87_2443,2,1.05,0.3708108677678804,smooth
42_87_2864,0,1.0179640718562875,0.8729378545417411,erratic
42_87_3490,0,1.0179640718562875,0.5440142133621644,erratic
42_87_3777,153,1.0,0.19147126051913177,smooth
42_87_3962,97,1.028169014084507,0.2491534514190163,smooth
42_87_4050,38,1.2,0.2346841015401659,smooth
42_87_4787,102,1.0,0.25777408991462003,smooth
42_87_5037,64,1.0,0.3866853004966904,smooth
42_87_5194,113,1.0,0.17947542980394152,smooth
42_87_5199,1,1.0432098765432098,0.24619761846218716,smooth
42_87_5263,1,1.1901408450704225,1.2997186586442457,erratic
42_87_5451,86,1.0120481927710843,0.17147531936463795,smooth
42_87_6207,0,1.0240963855421688,0.737901091628621,erratic
42_87_7110,92,1.0,0.3090781109583597,smooth
42_87_7207,86,1.0,0.2751201556048474,smooth
42_87_7217,55,1.0087719298245614,0.5141020670961032,erratic
42_87_7953,73,1.0,0.1794669605045706,smooth
42_87_8022,72,1.0,0.33624850017401614,smooth
42_87_8051,0,1.0179640718562875,0.5624189135722195,erratic
42_87_8100,119,1.0,0.6795562851304952,erratic
42_87_8328,97,1.042857142857143,1.0329778854804677,erratic
42_87_8873,105,1.0,0.3517242417643769,smooth
42_87_8952,0,1.2592592592592593,1.721207087003031,erratic
42_87_9334,19,2.6491228070175437,1.171034237000082,lumpy
42_87_9546,119,1.0,0.19714279573848298,smooth
42_87_9648,0,1.0119047619047619,1.336307542271709,erratic
42_87_9952,0,1.0429447852760736,0.6389245174388346,erratic
42_87_10055,86,1.0,0.8073694907599084,erratic
42_87_10279,102,1.0,0.3142471313476561,smooth
42_87_10616,91,1.0,0.5903253294716981,erratic
42_87_11126,0,1.0119047619047619,0.8515452379756233,erratic
42_87_12274,112,1.0,0.4046821863998633,smooth
42_87_12858,62,1.0188679245283019,0.5932531519486198,erratic
42_90_192,104,1.0,0.6562731059854645,erratic
42_90_270,20,1.0,0.4098427887540562,smooth
42_90_342,114,1.0,0.09351296682024052,smooth
42_90_430,136,1.0,0.35108237256382163,smooth
42_90_519,0,1.0,1.4766567651132099,erratic
42_90_745,0,1.0059171597633136,2.813388249661762,erratic
42_90_1476,28,1.0070921985815602,0.5702662399999997,erratic
42_90_2110,59,1.0,0.3566295145008816,smooth
42_90_2401,0,1.0119047619047619,0.21846292035338336,smooth
42_90_2443,0,1.0,1.3073945320220959,erratic
42_90_2634,0,1.0,0.29322045771481475,smooth
42_90_2864,0,1.0,1.5297367378958426,erratic
42_90_3962,58,1.0,0.3223462673879923,smooth
42_90_4050,0,1.0,0.15715945258936104,smooth
42_90_4061,152,1.0,0.11756433217079852,smooth
42_90_4787,89,1.0,0.46555036781603415,smooth
42_90_5037,0,1.0,0.5561779369058132,erratic
42_90_5194,93,1.0,1.3661408138448854,erratic
42_90_5451,22,1.0,0.4293991696169702,smooth
42_90_5856,94,1.0,0.24656513580246914,smooth
42_90_6145,115,1.0,0.7596570621145289,erratic
42_90_6207,0,1.0,2.02745275899406,erratic
42_90_6408,0,1.118421052631579,0.23483927021490938,smooth
42_90_6561,93,1.013157894736842,0.36819089166501384,smooth
42_90_6686,96,1.0,0.2244703242198249,smooth
42_90_6933,0,1.0,1.166387860804144,erratic
42_90_7110,0,1.0,0.19718230135640794,smooth
42_90_7207,54,1.0,1.0325727528023787,erratic
42_90_7217,8,1.0,0.9129125039855459,erratic
42_90_7311,0,1.0,0.2175789781603748,smooth
42_90_7334,55,1.4024390243902438,0.16887394542583642,intermittent
42_90_7720,105,1.0483870967741935,0.3648847953424968,smooth
42_90_7953,7,1.0,0.34818027621549774,smooth
42_90_8022,13,1.0,1.0348791995460591,erratic
42_90_8328,20,1.0,0.9141550936695697,erratic
42_90_8647,0,1.0,1.1132854661813252,erratic
42_90_8873,89,1.0,0.5832118703358209,erratic
42_90_8989,54,1.0,0.7989462637485525,erratic
42_90_9334,0,1.0,0.8164502496231107,erratic
42_90_9648,8,1.0062111801242235,1.6984283634541026,erratic
42_90_9952,0,1.0,1.7850459183196328,erratic
42_90_9975,0,1.0059171597633136,1.1183212461049628,erratic
42_90_10055,36,1.0,0.3007690023881405,smooth
42_90_10279,84,1.0,0.8737914192547029,erratic
42_90_10616,54,1.0,0.8674645244294131,erratic
42_90_12274,93,1.0405405405405406,0.7637114540704705,erratic
42_90_12858,15,1.0,0.8681803929933378,erratic
42_90_13155,0,1.0,1.5526399409751657,erratic
42_102_852,121,1.0208333333333333,0.23438974992897718,smooth
42_102_1396,137,1.0,0.3116643060789724,smooth
42_102_1820,157,1.0,0.128695698984424,smooth
42_102_2341,21,1.0719424460431655,0.22981765992897724,smooth
42_102_2905,124,1.0,0.30481268656642846,smooth
42_102_4093,121,1.0,0.26025866702499334,smooth
42_102_5261,157,1.0,0.0835442028662622,smooth
42_102_5996,19,1.102189781021898,0.6882041738828254,erratic
42_102_6026,121,1.2894736842105263,0.2539557091900029,smooth
42_102_6084,27,1.1626016260162602,0.4057557384066586,smooth
42_102_6538,122,1.0,0.5162570100945363,erratic
42_102_7393,0,1.0059171597633136,1.0786399813108638,erratic
42_102_8163,137,1.0,0.23096597418021464,smooth
42_102_8528,22,1.1384615384615384,3.868927256302558,erratic
42_102_8595,55,1.0087719298245614,1.0989564327467798,erratic
42_102_8967,121,1.0,0.35837929779982397,smooth
42_102_9155,147,1.0952380952380953,0.09802009221625138,smooth
42_102_9194,48,1.0,0.5109391508457773,erratic
42_102_10318,95,1.0,0.37747581766094856,smooth
42_102_10792,121,1.0,0.36853633538319114,smooth
42_102_10880,27,1.2543859649122806,0.4056976543441545,smooth
42_102_12198,121,1.0,0.6301768779220652,erratic
42_102_12612,0,1.0559006211180124,0.785570854743197,erratic
42_102_12667,0,1.0429447852760736,0.680548088516452,erratic
42_102_13448,3,1.0,0.5368977498541743,erratic
42_102_14287,121,1.0,0.3632098765432098,smooth
42_153_57,107,1.1666666666666667,0.18010669605313626,smooth
42_153_59,124,1.0952380952380953,0.48927734375000004,smooth
42_153_319,98,1.0285714285714285,0.4890739864112274,smooth
42_153_386,127,1.1944444444444444,0.6687408171748599,erratic
42_153_607,35,1.2272727272727273,0.7059502677408075,erratic
42_153_1281,132,1.0,0.3847292323905403,smooth
42_153_1408,63,1.0388349514563107,0.7409221951841494,erratic
42_153_1615,126,1.0,0.22903613120921718,smooth
42_153_1621,27,1.0751879699248121,0.36843458957243647,smooth
42_153_1766,128,1.0,0.336257974070612,smooth
42_153_1930,51,1.0084745762711864,1.166730905009693,erratic
42_153_2059,126,1.0,0.34140756170539355,smooth
42_153_2162,106,1.0,0.1698032139450316,smooth
42_153_2236,47,1.2058823529411764,0.4124515633756577,smooth
42_153_2608,140,1.0,0.33976540837439273,smooth
42_153_2647,142,1.0,0.10610294117647072,smooth
42_153_2861,87,1.0121951219512195,0.3738394188675614,smooth
42_153_3023,125,1.0465116279069768,1.205278117695809,erratic
42_153_3201,131,1.0,0.09617915112688945,smooth
42_153_3968,26,1.0827067669172932,0.5731363331260425,erratic
42_153_4509,140,1.2,0.5987691032295271,erratic
42_153_4640,51,1.0084745762711864,0.6924942420273899,erratic
42_153_4965,124,1.0222222222222221,0.3664075598231974,smooth
42_153_6368,144,1.7333333333333334,0.5432098765432097,lumpy
42_153_6565,144,1.0,0.24691479048895001,smooth
42_153_6734,48,2.975609756097561,1.0086555134340287,lumpy
42_153_6943,126,1.0476190476190477,2.0345809191605304,erratic
42_153_7079,106,1.0,0.11143819112286421,smooth
42_153_7223,82,1.0232558139534884,0.5153323242053117,erratic
42_153_7343,51,1.017094017094017,0.7551246210383156,erratic
42_153_7678,132,1.0,0.32934012249437716,smooth
42_153_7777,83,1.0235294117647058,0.489147751791971,smooth
42_153_8362,106,1.0,0.27377090618097455,smooth
42_153_8542,139,1.0,0.10966382830456237,smooth
42_153_8675,125,1.0714285714285714,2.1444120440847687,erratic
42_153_9279,40,1.0317460317460319,0.3231751317723833,smooth
42_153_9718,6,1.086092715231788,0.3103722966120328,smooth
42_153_9726,131,1.0,0.8028361989640306,erratic
42_153_9744,52,1.0,0.6161607503926603,erratic
42_153_9745,98,1.0746268656716418,0.16786773777284555,smooth
42_153_9901,15,1.054421768707483,0.2918963331906376,smooth
42_153_10280,37,2.2542372881355934,0.2689446736918164,intermittent
42_153_10588,131,1.0,0.33601971061862246,smooth
42_153_11045,98,1.0285714285714285,0.48583796662602574,smooth
42_153_11415,130,1.0,0.20822065981611682,smooth
42_153_12249,6,1.0718954248366013,0.28100981487608473,smooth
42_153_12253,63,1.0594059405940595,0.6063735443067515,erratic
42_153_12259,40,1.0236220472440944,0.5532268196575657,erratic
42_153_12316,86,1.0,0.47442336309523814,smooth
42_153_12580,98,1.44,0.3022218177785235,intermittent
42_153_12911,142,1.0,0.08883356715372613,smooth
42_153_13767,140,1.2,0.2569538243172089,smooth
42_153_13904,132,1.0,0.16801836727012692,smooth
42_156_50,98,1.0,0.18591089954465523,smooth
42_156_366,0,1.0,0.26371991835982306,smooth
42_156_1043,0,1.0759493670886076,0.3970718435682013,smooth
42_156_1066,0,1.0,0.3534229637136996,smooth
42_156_1153,71,1.0,0.5658147682490621,erratic
42_156_1216,145,1.0,0.5362124014723382,erratic
42_156_1783,154,1.1428571428571428,3.0827681660899655,erratic
42_156_1815,0,1.0179640718562875,0.3370345455149893,smooth
42_156_1956,153,1.0,0.1905928928268452,smooth
42_156_3219,46,1.117117117117117,0.28313380296497226,smooth
42_156_3763,82,1.0114942528735633,0.36633318122961334,smooth
42_156_3925,41,1.2524271844660195,0.361032535282492,smooth
42_156_4042,35,1.007462686567164,1.2119755758308906,erratic
42_156_4172,154,1.2307692307692308,0.2840816326530612,smooth
42_156_4798,9,1.0,0.40897851410656455,smooth
42_156_4921,134,1.0,0.6178379333855208,erratic
42_156_5827,103,1.1964285714285714,0.12876656987754065,smooth
42_156_6330,0,1.0,0.45275840596242634,smooth
42_156_7518,118,1.0,3.354957066314817,erratic
42_156_7567,0,1.0,0.2141014088326245,smooth
42_156_8353,66,1.0196078431372548,0.40865016189567877,smooth
42_156_8921,125,1.0,0.14374474984142366,smooth
42_156_9095,139,1.0,0.6040173742563546,erratic
42_156_9910,153,1.0,0.25948817789453943,smooth
42_156_10338,74,1.0,0.4411749362452123,smooth
42_156_11531,6,1.0123456790123457,0.2954340132173496,smooth
42_156_11889,153,1.1333333333333333,0.3666666666666667,smooth
42_156_12120,151,1.0,0.6888938637006319,erratic
42_156_12299,82,1.0114942528735633,0.49594301924454104,smooth
42_156_12452,128,1.3125,0.43466291122185524,smooth
42_156_12797,153,1.0625,0.30176870748299317,smooth
42_156_12867,115,1.2222222222222223,4.122152627395083,erratic
42_156_13308,5,1.0377358490566038,0.4612633900331506,smooth
42_156_13433,152,1.0,0.367900632738364,smooth
42_156_13514,112,1.0943396226415094,0.5095008239189761,erratic
42_156_13613,154,1.1428571428571428,0.2575847709696612,smooth
42_156_14076,150,1.0,0.4452041220768929,smooth
42_156_14247,128,1.0,0.28097427655694535,smooth
42_174_1615,153,1.4166666666666667,0.4862087614926986,intermittent
42_174_1621,139,1.0,0.12217903979396917,smooth
42_174_1766,137,1.0,0.25837747307362335,smooth
42_174_2311,152,1.0,0.24704834038761422,smooth
42_174_2861,153,1.7,0.7822485207100591,lumpy
42_174_3754,157,1.625,0.76,lumpy
42_174_3968,139,1.0,0.3070787619737137,smooth
42_174_4936,151,1.2666666666666666,2.05764579414136,erratic
42_174_5593,152,1.6363636363636365,0.40038872691933935,intermittent
42_174_5996,139,1.0,0.14230561758863258,smooth
42_174_6069,140,1.0,0.41726007014560523,smooth
42_174_6084,139,1.0,0.14867384497200653,smooth
42_174_7079,141,1.0357142857142858,0.24735263504997218,smooth
42_174_7223,153,1.7,1.0069204152249136,lumpy
42_174_7777,153,1.5454545454545454,1.469387755102041,lumpy
42_174_8860,141,1.0740740740740742,0.2620356430096985,smooth
42_174_9718,139,1.0,1.2261832948800069,erratic
42_174_9745,139,1.1481481481481481,0.36598678540649254,smooth
42_174_9901,151,1.0,0.16037355549583432,smooth
42_174_10280,137,1.0,0.3333600384553756,smooth
42_174_10875,152,1.2857142857142858,0.5555555555555554,erratic
42_174_10880,139,1.0333333333333334,0.1846664335926282,smooth
42_174_11415,136,1.0625,0.34765625,smooth
42_174_12249,139,1.0,0.27842675186861154,smooth
42_174_12316,153,1.4166666666666667,0.6666666666666667,lumpy
42_174_12580,141,1.3181818181818181,0.5362654320987651,erratic
42_174_13802,155,2.142857142857143,0.29629629629629606,intermittent
42_229_101,17,1.125,0.86581940523066,erratic
42_229_649,40,1.0,1.576689738250653,erratic
42_229_2181,83,1.12987012987013,7.26617742563979,erratic
42_229_3849,0,1.223021582733813,0.7198295156207112,erratic
42_229_4555,4,1.0121951219512195,0.8630829782009013,erratic
42_229_6468,18,1.0704225352112675,2.2784542198124824,erratic
42_229_6618,0,1.1111111111111112,0.570746922431279,erratic
42_229_9642,0,1.0119047619047619,0.4752790452823745,smooth
42_229_10646,125,1.0,1.0777812499999997,erratic
42_229_13109,0,1.328125,1.7441602067501765,erratic
42_229_14240,16,1.1492537313432836,4.112648231567438,erratic
42_232_2311,14,1.0612244897959184,0.5287585844888023,erratic
42_232_3300,149,1.2352941176470589,1.1400226223018195,erratic
42_232_3754,75,1.0674157303370786,0.3556061394380852,smooth
42_232_4264,0,1.0429447852760736,0.5189258262743335,erratic
42_232_4936,0,1.103896103896104,1.0621474653552871,erratic
42_232_4970,19,1.102189781021898,0.3985989222010152,smooth
42_232_5593,13,1.0397350993377483,0.34260189125968593,smooth
42_232_6552,144,1.0,0.2755449118422878,smooth
42_232_6867,144,1.0,0.7805487603305784,erratic
42_232_8434,0,1.0240963855421688,0.6068041368472469,erratic
42_232_8966,144,1.0,0.1699657086255997,smooth
42_232_10085,0,1.0429447852760736,0.543067842617392,erratic
42_232_10875,0,1.0559006211180124,0.8387647641223057,erratic
42_232_11862,0,1.0365853658536586,0.5424900862260404,erratic
42_232_12236,0,1.4912280701754386,0.5355652698949402,lumpy
42_232_13370,144,1.0833333333333333,1.9359056122448972,erratic
42_232_13802,39,1.1391304347826088,1.5177233261464946,erratic
42_245_881,128,1.024390243902439,0.6649081333686262,erratic
42_245_3690,122,1.0909090909090908,0.5428409840701293,erratic
42_245_7305,67,1.0618556701030928,0.5442164289898805,erratic
42_245_7333,124,1.0,0.7578895463510845,erratic
42_245_8079,69,1.01,0.7269695577830873,erratic
42_245_8806,69,1.063157894736842,0.4742212674543503,smooth
42_245_10819,127,1.1025641025641026,0.5083912037037036,erratic
42_245_10870,69,1.01,0.471680955135552,smooth
42_245_10922,122,1.0,0.6566255144032921,erratic
42_245_11204,122,1.2307692307692308,2.6346938775510202,erratic
42_245_11651,68,1.0,0.2564687417346237,smooth
42_245_11663,67,1.3733333333333333,0.9891677719960548,lumpy
43_114_613,87,1.0,0.2046562758419773,smooth
43_114_1679,87,1.0,0.4583167854747446,smooth
43_114_2489,101,1.078125,0.3287140197185678,smooth
43_114_2509,148,1.0,0.4699973796838149,smooth
43_114_2812,100,2.3333333333333335,0.24361448036107386,intermittent
43_114_2853,73,1.0,0.12569022839853666,smooth
43_114_5084,87,1.0,0.23059630945229065,smooth
43_114_8226,88,1.0,0.5645510375240109,erratic
43_114_8325,125,1.0465116279069768,1.0341748100825758,erratic
43_114_9014,74,1.0,0.0783242519543766,smooth
43_114_11935,27,1.5212765957446808,0.578021538160509,lumpy
43_268_613,107,7.0,0.11570247933884288,intermittent
43_268_1679,107,4.846153846153846,0.3324099722991693,intermittent
43_268_2853,67,3.9615384615384617,0.1679687499999998,intermittent
43_268_5084,122,12.0,0.0,intermittent
43_268_8226,107,21.0,0.12500000000000006,intermittent
43_268_9014,64,7.571428571428571,0.20312500000000008,intermittent
43_268_11935,78,5.75,0.18518518518518517,intermittent
44_319_62,131,1.0263157894736843,1.3138511417028664,erratic
44_319_121,73,2.255813953488372,0.3428665351742276,intermittent
44_319_175,68,1.0,4.971029144311577,erratic
44_319_209,68,1.0303030303030303,1.3408266398116915,erratic
44_319_220,68,1.0,0.42834107625511303,smooth
44_319_251,98,1.0285714285714285,0.20543232231779077,smooth
44_319_326,68,1.0851063829787233,0.5669667081617669,erratic
44_319_395,68,1.0,0.35638927471442844,smooth
44_319_452,126,4.888888888888889,0.07999999999999981,intermittent
44_319_480,120,1.6129032258064515,0.6533333333333331,lumpy
44_319_486,68,1.0515463917525774,0.9964363636363636,erratic
44_319_518,69,1.364864864864865,0.5509489251619699,lumpy
44_319_524,147,1.15,0.3029547881808473,smooth
44_319_629,77,1.2236842105263157,0.4713630637440163,smooth
44_319_665,68,1.3076923076923077,1.05136783975224,erratic
44_319_764,155,1.0,0.16877428629186236,smooth
44_319_774,68,1.108695652173913,0.5047724119485817,erratic
44_319_793,65,1.0194174757281553,0.05605188546571471,smooth
44_319_815,68,1.02,0.30940695763330905,smooth
44_319_816,73,5.105263157894737,0.22496570644718797,intermittent
44_319_887,71,1.2531645569620253,0.4213551020408166,smooth
44_319_978,129,1.5769230769230769,1.0379867046533713,lumpy
44_319_988,98,1.0,0.4073922571219865,smooth
44_319_1002,134,1.0,0.9457457096493961,erratic
44_319_1022,69,1.2625,0.5574307981725343,erratic
44_319_1040,87,4.882352941176471,0.10499999999999983,intermittent
44_319_1068,68,1.36,0.42060250541377675,intermittent
44_319_1124,156,1.0,0.21372314477596996,smooth
44_319_1159,81,12.714285714285714,0.26000000000000006,intermittent
44_319_1164,68,5.368421052631579,0.8690466813694601,lumpy
44_319_1234,68,1.0515463917525774,0.6175915568724224,erratic
44_319_1383,100,1.1666666666666667,0.4814814814814814,smooth
44_319_1407,68,1.0,1.4517125847550438,erratic
44_319_1425,69,2.02,0.2103584162131734,intermittent
44_319_1456,69,1.2317073170731707,0.4408733057381703,smooth
44_319_1462,125,5.625,0.256198347107438,intermittent
44_319_1465,68,1.2,0.778529338082323,erratic
44_319_1510,155,1.0,0.6958677685950416,erratic
44_319_1785,68,1.186046511627907,0.6872870993099834,erratic
44_319_1843,75,1.484375,0.7448471466449866,lumpy
44_319_1896,88,1.0,0.16495067039034214,smooth
44_319_1919,68,1.0,1.102836349707939,erratic
44_319_1972,69,2.9705882352941178,0.4964604493690366,intermittent
44_319_2144,150,1.0,0.20786674429985996,smooth
44_319_2160,70,4.166666666666667,2.1683673469387745,lumpy
44_319_2273,116,2.076923076923077,0.49759999999999993,intermittent
44_319_2279,124,3.5384615384615383,0.39446366782006914,intermittent
44_319_2321,102,1.8888888888888888,0.5568704799474029,lumpy
44_319_2403,81,1.2361111111111112,0.6982248520710062,erratic
44_319_2405,80,1.0,0.505542863276039,erratic
44_319_2439,69,1.5303030303030303,0.31146825050222743,intermittent
44_319_2453,135,1.0606060606060606,1.4036385558118132,erratic
44_319_2536,69,5.611111111111111,0.2248520710059171,intermittent
44_319_2556,68,1.096774193548387,0.6254518149692235,erratic
44_319_2586,68,1.0736842105263158,0.6585727249030889,erratic
44_319_2665,69,1.5303030303030303,0.38068877105063814,intermittent
44_319_2909,152,2.5714285714285716,0.09375000000000011,intermittent
44_319_2913,69,1.3289473684210527,0.4464234415397876,smooth
44_319_2948,73,1.7321428571428572,1.0302734375000002,lumpy
44_319_2981,76,1.7735849056603774,0.3297491039426523,intermittent
44_319_3099,69,1.0978260869565217,0.8712047838447212,erratic
44_319_3155,68,1.4366197183098592,0.5143537190082642,lumpy
44_319_3217,81,1.0113636363636365,0.22680890538033402,smooth
44_319_3287,108,3.4444444444444446,0.10204081632653039,intermittent
44_319_3391,71,1.010204081632653,0.28150098731598244,smooth
44_319_3445,147,1.0,0.8828767568051175,erratic
44_319_3503,68,1.0,0.0353250618007372,smooth
44_319_3604,68,1.0851063829787233,1.4417634218692674,erratic
44_319_3639,88,7.454545454545454,0.0694444444444446,intermittent
44_319_3707,68,1.0,0.1614552543438073,smooth
44_319_3746,75,1.2666666666666666,0.3966942148760328,smooth
44_319_3842,68,1.0,0.3151578141681745,smooth
44_319_3906,68,1.6721311475409837,0.3032660237625871,intermittent
44_319_4054,134,1.1612903225806452,0.15449743521290601,smooth
44_319_4077,69,1.4027777777777777,0.6445291898251453,lumpy
44_319_4189,78,1.84,0.41868512110726647,intermittent
44_319_4198,126,4.888888888888889,0.07999999999999981,intermittent
44_319_4221,71,1.98,0.3124999999999997,intermittent
44_319_4224,78,1.0,0.259408293360995,smooth
44_319_4289,69,9.181818181818182,0.12244897959183675,intermittent
44_319_4301,155,5.0,0.0,intermittent
44_319_4316,72,1.0425531914893618,0.26678332527352533,smooth
44_319_4364,135,1.0606060606060606,0.2681647798265877,smooth
44_319_4453,69,2.2444444444444445,0.46836127636560293,intermittent
44_319_4541,68,1.0,0.1176902969531963,smooth
44_319_4583,68,1.5,0.7621277670229774,lumpy
44_319_4636,71,2.75,0.6959999999999996,lumpy
44_319_4692,155,1.0714285714285714,0.9888392857142858,erratic
44_319_4705,101,3.8333333333333335,0.10204081632653039,intermittent
44_319_4826,68,1.0,0.08725071590762719,smooth
44_319_4908,68,1.0851063829787233,1.6989091343331115,erratic
44_319_4940,80,3.9130434782608696,0.34782608695652173,intermittent
44_319_5029,68,1.186046511627907,0.20524424950657974,smooth
44_319_5045,68,1.02,0.8901207541840266,erratic
44_319_5054,68,1.2142857142857142,0.218053746582275,smooth
44_319_5088,68,1.0,0.11913073255487973,smooth
44_319_5105,68,4.25,0.7005113221329439,lumpy
44_319_5182,133,1.0,0.23162557436225986,smooth
44_319_5373,68,1.0,0.37872296256999044,smooth
44_319_5446,69,1.01,0.570800895452571,erratic
44_319_5501,68,1.0,0.1534170632197868,smooth
44_319_5556,68,1.00990099009901,0.19079874975254968,smooth
44_319_5589,69,1.4428571428571428,1.231548044713764,lumpy
44_319_5613,68,1.0,0.22633929967958413,smooth
44_319_5636,125,3.75,0.12500000000000006,intermittent
44_319_5637,124,2.3,0.34067952249770445,intermittent
44_319_5675,68,1.36,1.407245251041593,lumpy
44_319_5723,124,1.7037037037037037,0.4444444444444444,intermittent
44_319_5778,68,1.0,0.28801890432098776,smooth
44_319_5793,68,1.0,0.20879105578000123,smooth
44_319_5866,68,1.0851063829787233,0.5538775510204085,erratic
44_319_5867,127,1.075,0.2298372846712958,smooth
44_319_5873,130,13.333333333333334,0.12500000000000006,intermittent
44_319_5891,78,1.5593220338983051,0.44438693649397054,intermittent
44_319_5974,156,1.0,0.41211465657111934,smooth
44_319_5984,68,2.6153846153846154,0.5226319182031876,lumpy
44_319_5994,70,2.127659574468085,0.3986064740891276,intermittent
44_319_6013,69,1.02020202020202,0.9294325538380235,erratic
44_319_6024,71,1.375,0.6205321150228432,lumpy
44_319_6067,149,3.0,0.36111111111111127,intermittent
44_319_6083,69,1.10989010989011,0.9809845884435536,erratic
44_319_6200,68,1.0,0.07378267836060057,smooth
44_319_6240,83,2.71875,0.7483930211202938,lumpy
44_319_6309,68,1.3246753246753247,0.16359175575494,smooth
44_319_6319,68,1.00990099009901,0.6039839927536766,erratic
44_319_6340,77,1.5245901639344261,0.569102926005283,lumpy
44_319_6377,134,1.0,0.854437755761242,erratic
44_319_6413,154,1.0,0.7233270431122079,erratic
44_319_6431,129,1.0,0.1465803161463773,smooth
44_319_6439,154,1.0,0.4066976686120908,smooth
44_319_6512,125,1.125,0.3975308641975309,smooth
44_319_6696,139,1.631578947368421,3.3269054178145083,lumpy
44_319_6698,69,1.3116883116883118,0.8301746417103925,erratic
44_319_6713,68,1.2592592592592593,0.16418593794886527,smooth
44_319_6716,137,1.0,0.4250183105468747,smooth
44_319_6758,69,1.6290322580645162,0.7823723129652647,lumpy
44_319_6802,81,2.4054054054054053,0.4799999999999999,intermittent
44_319_6814,103,1.2181818181818183,0.8689231180460422,erratic
44_319_6822,69,1.5303030303030303,0.5089163237311386,lumpy
44_319_6862,100,1.0294117647058822,0.6304721037492991,erratic
44_319_6890,68,2.6153846153846154,0.4359043267938726,intermittent
44_319_6987,75,1.1046511627906976,0.6235180055401663,erratic
44_319_7000,68,1.0,0.5564970609512843,erratic
44_319_7001,68,3.7777777777777777,0.2996214169821525,intermittent
44_319_7013,82,2.0952380952380953,1.1445847890352057,lumpy
44_319_7103,68,1.0,0.4156309469871074,smooth
44_319_7224,68,1.0,0.16531420480273706,smooth
44_319_7230,68,1.7,0.5830192422138466,lumpy
44_319_7293,68,1.0,0.270605825811991,smooth
44_319_7331,89,1.0945945945945945,0.4333358956448501,smooth
44_319_7371,70,3.7037037037037037,0.3973825104104699,intermittent
44_319_7392,127,1.0,0.2420765465778706,smooth
44_319_7409,154,1.0666666666666667,0.39505217112628865,smooth
44_319_7541,138,1.103448275862069,0.6724336793540946,erratic
44_319_7602,96,1.0,0.062243383314734925,smooth
44_319_7652,68,1.2289156626506024,0.8729522599480968,erratic
44_319_7700,70,1.5151515151515151,0.5345259600256397,lumpy
44_319_7858,81,1.0595238095238095,0.5180372057000716,erratic
44_319_7869,90,1.0389610389610389,0.48241420353104525,smooth
44_319_7902,68,1.00990099009901,0.6832034072231412,erratic
44_319_7982,68,1.1590909090909092,0.16314783469864175,smooth
44_319_8054,62,1.0384615384615385,0.1985532085185456,smooth
44_319_8220,68,1.1590909090909092,0.5966681756450883,erratic
44_319_8236,82,2.0952380952380953,0.8104723102459634,lumpy
44_319_8246,69,2.8055555555555554,0.3333333333333333,intermittent
44_319_8333,68,1.0851063829787233,0.24360376981021206,smooth
44_319_8356,68,1.0851063829787233,0.43736430710789664,smooth
44_319_8403,68,1.00990099009901,0.4011983539094651,smooth
44_319_8456,68,1.5,0.2952234360109592,intermittent
44_319_8529,93,2.4838709677419355,1.2821216278006402,lumpy
44_319_8558,155,1.0714285714285714,1.3443944636678204,erratic
44_319_8602,70,2.0833333333333335,0.5076698319941564,lumpy
44_319_8622,68,1.186046511627907,0.9286536707025073,erratic
44_319_8661,69,1.1348314606741574,0.592316118300945,erratic
44_319_8663,83,1.1756756756756757,0.43687805700792703,smooth
44_319_8718,68,1.0,0.2564971155513425,smooth
44_319_8840,142,1.0,0.5079111627231818,erratic
44_319_9037,126,3.3846153846153846,0.449905482041588,intermittent
44_319_9142,70,4.166666666666667,0.17187500000000014,intermittent
44_319_9171,68,2.372093023255814,0.8326070783292593,lumpy
44_319_9195,68,1.8888888888888888,0.3515751439647708,intermittent
44_319_9215,151,1.3571428571428572,0.5866666666666668,lumpy
44_319_9234,68,1.108695652173913,0.5434318262726947,erratic
44_319_9251,69,2.3488372093023258,0.22978303747534534,intermittent
44_319_9262,108,2.066666666666667,0.6266666666666666,lumpy
44_319_9291,68,1.02,0.5157916082261693,erratic
44_319_9311,68,1.02,0.34234374999999995,smooth
44_319_9369,93,1.0694444444444444,0.8699936516422201,erratic
44_319_9374,68,2.4878048780487805,0.30126953125,intermittent
44_319_9411,70,1.0638297872340425,0.784869976359338,erratic
44_319_9450,70,1.2658227848101267,0.863926837952812,erratic
44_319_9477,140,1.0714285714285714,0.3216104572204617,smooth
44_319_9503,68,1.0,0.12657857211310872,smooth
44_319_9542,69,1.8035714285714286,0.6050652948159874,lumpy
44_319_9556,69,1.188235294117647,0.7586086456278767,erratic
44_319_9622,68,2.04,0.287913427831123,intermittent
44_319_9676,69,1.2784810126582278,0.6164271274759525,erratic
44_319_9694,69,8.416666666666666,0.4532871972318337,intermittent
44_319_9721,75,1.2337662337662338,1.3574225703097187,erratic
44_319_9879,141,1.0357142857142858,0.5994842486468781,erratic
44_319_9923,68,4.08,0.26953125,intermittent
44_319_9928,68,1.0,0.30243690375558513,smooth
44_319_9935,68,2.4285714285714284,0.3392504930966468,intermittent
44_319_10135,156,1.0,0.47145328719723206,smooth
44_319_10183,124,1.1219512195121952,0.3455856256249902,smooth
44_319_10200,105,1.2037037037037037,1.0492307692307692,erratic
44_319_10201,68,1.02,0.3809523809523809,smooth
44_319_10222,127,1.0,0.1094926303854877,smooth
44_319_10283,71,1.2857142857142858,0.4893004115226337,smooth
44_319_10474,135,1.0294117647058822,0.32320499479708653,smooth
44_319_10557,68,1.0515463917525774,0.22057196587420363,smooth
44_319_10567,73,1.0,0.4203292893260841,smooth
44_319_10569,69,1.041237113402062,0.6830702872267422,erratic
44_319_10585,127,1.0,0.1457199193284613,smooth
44_319_10617,70,2.2222222222222223,0.47691263014938867,intermittent
44_319_10756,68,1.8545454545454545,0.4421997755331088,intermittent
44_319_10837,68,1.8545454545454545,0.7250491879171329,lumpy
44_319_10954,68,1.0,0.578304892097418,erratic
44_319_10989,138,1.0,0.19606214512329626,smooth
44_319_10990,68,1.7894736842105263,0.26695271431618295,intermittent
44_319_11021,92,1.164179104477612,0.5347872586426176,erratic
44_319_11024,154,1.7777777777777777,0.538506859691945,lumpy
44_319_11054,70,3.0303030303030303,0.3200000000000001,intermittent
44_319_11072,68,2.2666666666666666,0.27968750000000003,intermittent
44_319_11176,127,1.4333333333333333,2.839455782312925,lumpy
44_319_11320,147,1.0952380952380953,1.4616666666666667,erratic
44_319_11355,68,1.0851063829787233,0.6952344473171823,erratic
44_319_11508,68,1.120879120879121,0.20011277302943947,smooth
44_319_11519,147,1.5333333333333334,0.19822485207100585,intermittent
44_319_11521,117,1.7666666666666666,1.71875,lumpy
44_319_11566,68,1.186046511627907,0.4916716485035295,smooth
44_319_11640,69,1.8363636363636364,0.329766151407055,intermittent
44_319_11664,68,1.0851063829787233,1.0559787626962138,erratic
44_319_11677,82,2.838709677419355,0.42621527777777785,intermittent
44_319_11707,68,1.36,0.4320115023426976,intermittent
44_319_11783,74,1.28,0.39033310624260475,smooth
44_319_11985,72,1.6610169491525424,0.22968335704585122,intermittent
44_319_12081,68,1.457142857142857,0.44368496914553407,intermittent
44_319_12091,69,1.086021505376344,0.23828603422332648,smooth
44_319_12219,79,1.4444444444444444,0.9574241221979768,lumpy
44_319_12230,73,5.388888888888889,0.43400713436385246,intermittent
44_319_12234,122,5.333333333333333,0.0,intermittent
44_319_12297,127,1.0,0.21301977651471557,smooth
44_319_12372,74,13.714285714285714,0.4499314128943758,intermittent
44_319_12392,68,1.275,0.9409921991769207,erratic
44_319_12409,66,1.0097087378640777,0.09491972116388818,smooth
44_319_12418,141,1.2083333333333333,0.38942107455227026,smooth
44_319_12432,68,1.0,0.25091031514954515,smooth
44_319_12465,69,1.6290322580645162,0.5795369168772625,lumpy
44_319_12635,81,2.022727272727273,0.6640754651061231,lumpy
44_319_12662,79,10.11111111111111,0.11570247933884288,intermittent
44_319_12663,68,2.4878048780487805,0.5235505733649803,lumpy
44_319_12688,116,2.076923076923077,0.24674644073718258,intermittent
44_319_12772,69,1.9423076923076923,0.23076923076923073,intermittent
44_319_12786,77,1.7547169811320755,3.253864447086802,lumpy
44_319_12798,128,1.0,0.5157701274876892,erratic
44_319_12818,68,1.00990099009901,0.9048813340481766,erratic
44_319_12850,68,1.0,0.11518595931845162,smooth
44_319_12902,143,4.5,0.10204081632653039,intermittent
44_319_12929,68,1.096774193548387,0.6796470565671643,erratic
44_319_12992,76,1.3623188405797102,0.665843621399177,lumpy
44_319_13001,90,1.0256410256410255,0.3756168126106581,smooth
44_319_13034,134,1.0285714285714285,0.33122679740414335,smooth
44_319_13036,69,1.0978260869565217,0.27851314148227146,smooth
44_319_13080,100,1.1666666666666667,0.31571387532318285,smooth
44_319_13136,69,2.9705882352941178,0.2767346938775514,intermittent
44_319_13143,69,1.9056603773584906,0.3702647405294809,intermittent
44_319_13179,130,2.857142857142857,0.21107266435986183,intermittent
44_319_13187,69,1.3466666666666667,2.4787379895170982,lumpy
44_319_13311,135,1.0,0.19258151491233813,smooth
44_319_13315,148,11.0,0.0,intermittent
44_319_13350,125,1.0,0.47967123132639206,smooth
44_319_13366,68,1.0,0.16856720496176014,smooth
44_319_13375,139,1.0,0.8633369716587002,erratic
44_319_13386,76,1.175,0.399600392645554,smooth
44_319_13471,69,1.4027777777777777,0.8527595333790808,lumpy
44_319_13598,87,1.0,0.11124775920290161,smooth
44_319_13630,70,3.5714285714285716,0.46031746031746024,intermittent
44_319_13640,68,1.0,0.039120719544392356,smooth
44_319_13690,68,1.108695652173913,0.37476156849376224,smooth
44_319_13703,96,1.0136986301369864,0.34477773181633786,smooth
44_319_13715,70,2.7027027027027026,0.32322317790855615,intermittent
44_319_13814,126,22.0,0.0,intermittent
44_319_13874,68,1.146067415730337,1.8997147994295995,erratic
44_319_13883,68,1.4166666666666667,0.9655900410104585,lumpy
44_319_13910,157,1.1818181818181819,0.21376393694732776,smooth
44_319_13933,73,5.105263157894737,0.1852551984877127,intermittent
44_319_13934,69,1.4852941176470589,0.8693187914297311,lumpy
44_319_13980,73,2.108695652173913,0.8513580246913581,lumpy
44_319_14043,68,1.4166666666666667,0.4360683048729698,intermittent
44_319_14048,68,1.00990099009901,0.2353371450541812,smooth
44_319_14139,142,1.0,1.5386444708680138,erratic
44_319_14291,68,1.0,0.26280918181510904,smooth
44_319_14306,73,1.127906976744186,0.46489049821857154,smooth
44_319_14308,96,1.0277777777777777,0.24406497292794707,smooth
45_26_1365,155,1.0,0.06247246959685915,smooth
45_26_2615,155,1.0,0.08788981454882067,smooth
45_26_3433,155,1.0,0.08488746283262426,smooth
45_26_4501,156,2.3333333333333335,0.2174817898022892,intermittent
45_26_6062,154,1.0,0.12774244756372255,smooth
45_26_8889,145,1.4705882352941178,0.20833432520002637,intermittent
45_26_9765,155,1.0,0.16249142575731795,smooth
45_26_11467,155,1.0,0.27249084711526317,smooth
45_26_11555,148,1.375,0.18632346059773489,intermittent
45_26_11596,155,1.0,0.08210490807893397,smooth
45_26_12312,155,1.0,0.16159999999999985,smooth
45_26_12898,155,1.0,0.08340215248548145,smooth
45_26_13342,155,1.0,0.10208053507305158,smooth
45_337_1365,114,1.3658536585365855,1.625863221207396,lumpy
45_337_3433,114,2.24,1.517361111111111,lumpy
45_337_6062,68,1.5454545454545454,0.6859691945122465,lumpy
45_337_11596,117,1.8275862068965518,0.5453514739229023,lumpy
45_337_12312,149,1.3125,0.39755102040816326,smooth
46_24_760,124,1.0,0.9033598259678303,erratic
46_24_1078,125,1.2857142857142858,0.5502893518518515,erratic
46_24_1338,126,1.2222222222222223,0.7674418604651161,erratic
46_24_3384,125,1.0,0.7105343029537812,erratic
46_24_6397,125,1.125,1.8825964200542742,erratic
46_24_6499,125,1.0,0.5391709625026484,erratic
46_24_6603,124,1.069767441860465,0.5459024728822311,erratic
46_24_7484,125,1.1538461538461537,1.7455999999999996,erratic
46_24_8760,125,1.0975609756097562,1.2643698060941826,erratic
46_24_8997,125,1.25,0.7803215217574275,erratic
46_24_9917,124,1.3142857142857143,4.917121516805516,erratic
46_24_10030,125,1.0227272727272727,0.38241866971459765,smooth
46_24_10430,125,1.0714285714285714,0.852896988699458,erratic
46_24_10891,145,1.0,0.49139662852650884,smooth
46_24_10904,125,1.0,0.20585452214523386,smooth
46_24_11844,125,1.1842105263157894,3.5865776369397913,erratic
46_24_12523,125,1.2857142857142858,0.6367582703026355,erratic
46_107_683,147,1.6428571428571428,0.3214285714285714,intermittent
46_107_918,147,23.0,0.0,intermittent
46_107_1789,145,2.272727272727273,0.22222222222222246,intermittent
46_107_1853,121,2.0416666666666665,0.21487082545683672,intermittent
46_107_2221,151,9.5,0.0,intermittent
46_107_3291,119,1.5454545454545454,0.6671280276816609,lumpy
46_107_3320,120,1.0,0.237337321298225,smooth
46_107_3988,154,4.0,0.12,intermittent
46_107_4173,149,7.0,0.0,intermittent
46_107_4443,106,1.28,0.5139407409257201,erratic
46_107_4677,119,1.1590909090909092,0.2861332402794584,smooth
46_107_4895,122,1.7142857142857142,0.5178777393310267,lumpy
46_107_5046,119,1.0,0.24769081186193492,smooth
46_107_5776,153,17.0,0.0,intermittent
46_107_6131,119,1.0,0.42972091883844976,smooth
46_107_6502,119,3.923076923076923,1.1887755102040816,lumpy
46_107_7477,119,1.02,0.5184612925568756,erratic
46_107_7910,151,9.5,0.1111111111111111,intermittent
46_107_8983,153,8.5,0.1111111111111111,intermittent
46_107_9148,148,5.5,0.0,intermittent
46_107_9165,120,1.1111111111111112,0.43942396617783064,smooth
46_107_9368,149,3.0,0.09375000000000011,intermittent
46_107_9426,156,14.0,0.0,intermittent
46_107_9839,121,1.5806451612903225,0.7520184544405997,lumpy
46_107_10578,148,5.5,0.0,intermittent
46_107_12350,120,1.0,0.43695215485756034,smooth
46_107_12814,147,5.75,0.1111111111111111,intermittent
46_107_13582,120,1.4285714285714286,0.6854934601664683,lumpy
46_112_683,151,4.75,0.12,intermittent
46_112_1853,150,2.2222222222222223,0.39680000000000015,intermittent
46_112_3291,151,1.7272727272727273,0.29861111111111127,intermittent
46_112_3320,150,1.4285714285714286,0.6541421457673153,lumpy
46_112_4443,150,1.5384615384615385,0.8431001890359169,lumpy
46_112_4677,150,1.3333333333333333,0.4952555861646774,intermittent
46_112_4895,150,10.0,0.25,intermittent
46_112_5046,153,2.4285714285714284,0.337777777777778,intermittent
46_112_6502,151,1.5833333333333333,0.19008264462809932,intermittent
46_112_7477,150,1.6666666666666667,0.2863999999999997,intermittent
46_112_9148,152,9.0,0.0,intermittent
46_112_9165,153,1.7,0.32231404958677673,intermittent
46_112_9839,157,6.5,0.0,intermittent
46_112_12350,152,1.6363636363636365,0.3321799307958478,intermittent
46_112_13582,150,1.4285714285714286,0.33,intermittent
46_134_122,130,3.076923076923077,2.0067722951561797,lumpy
46_134_477,131,1.6956521739130435,1.289462723865056,lumpy
46_134_529,131,3.5454545454545454,0.8650519031141868,lumpy
46_134_683,115,1.1224489795918366,0.47218732868666297,smooth
46_134_918,131,1.95,0.5195266272189349,lumpy
46_134_1789,115,1.0576923076923077,0.7968434477627802,erratic
46_134_1853,57,1.0970873786407767,2.2971512556249096,erratic
46_134_2030,114,1.1666666666666667,0.8487284998536528,erratic
46_134_2221,116,2.0,0.3163265306122448,intermittent
46_134_2415,134,5.142857142857143,0.12345679012345664,intermittent
46_134_3291,61,1.1122448979591837,0.831428724145737,erratic
46_134_3320,58,1.0769230769230769,1.126890087870395,erratic
46_134_3458,155,15.0,0.0,intermittent
46_134_3748,131,3.5454545454545454,0.8649613325401551,lumpy
46_134_3928,138,5.333333333333333,1.1133333333333335,lumpy
46_134_3988,131,2.6,0.5119999999999999,lumpy
46_134_4037,132,38.0,0.0,intermittent
46_134_4173,131,2.0526315789473686,0.2602040816326533,intermittent
46_134_4443,58,1.0666666666666667,0.7694778097803983,erratic
46_134_4610,114,1.0566037735849056,0.5324168883239572,erratic
46_134_4622,131,2.4375,0.9001189060642093,lumpy
46_134_4677,57,1.0462962962962963,2.086663938475194,erratic
46_134_4895,39,1.048,3.1452764746695006,erratic
46_134_5046,39,1.1696428571428572,1.175995717070799,erratic
46_134_5205,132,1.52,0.8470343392299686,lumpy
46_134_5294,137,33.0,0.0,intermittent
46_134_5629,145,25.0,0.0,intermittent
46_134_5704,114,1.0769230769230769,0.41291787102412886,smooth
46_134_5747,131,2.6,1.195551726838437,lumpy
46_134_5776,131,2.6,0.12188365650969539,intermittent
46_134_5853,114,1.0769230769230769,0.28636792536808575,smooth
46_134_6093,131,1.5,2.1146222349899455,lumpy
46_134_6117,131,1.4444444444444444,1.0680473372781065,lumpy
46_134_6131,94,1.0,0.8518435809944301,erratic
46_134_6502,59,1.1443298969072164,1.3751056570237834,erratic
46_134_6545,131,1.95,0.4141414141414143,intermittent
46_134_7477,39,1.031496062992126,2.678677221701319,erratic
46_134_7739,131,2.0526315789473686,1.496219281663516,lumpy
46_134_8305,114,1.435897435897436,0.4607609988109392,intermittent
46_134_8471,115,1.1458333333333333,0.8551380715255772,erratic
46_134_8983,131,1.7727272727272727,1.3884592504461633,lumpy
46_134_9148,115,1.2222222222222223,0.5249940828402369,erratic
46_134_9165,59,1.099009900990099,1.293484766540472,erratic
46_134_9368,115,1.1458333333333333,0.7146369783484733,erratic
46_134_9426,131,2.6,0.33270321361058586,intermittent
46_134_9591,131,1.6956521739130435,0.30617283950617286,intermittent
46_134_9707,114,1.0,0.3568723171450216,smooth
46_134_9839,61,1.1595744680851063,4.242215081509319,erratic
46_134_10069,114,1.037037037037037,0.40088449531737747,smooth
46_134_10153,114,1.4,0.5398518518518518,lumpy
46_134_10578,132,7.6,0.0,intermittent
46_134_10776,124,9.2,0.0,intermittent
46_134_10829,121,1.1136363636363635,2.7907637367096827,erratic
46_134_10850,131,2.6,0.43065389421074557,intermittent
46_134_10961,131,2.1666666666666665,0.681660899653979,lumpy
46_134_11283,131,1.0263157894736843,0.5081054584923496,erratic
46_134_11719,131,1.6956521739130435,0.4280496712929145,intermittent
46_134_11861,115,1.1224489795918366,0.4479687058158168,smooth
46_134_11872,114,1.037037037037037,0.6276479181884591,erratic
46_134_11955,131,1.625,0.6883629191321498,lumpy
46_134_12350,58,1.1666666666666667,2.027590180259949,erratic
46_134_12773,130,1.3333333333333333,3.9699755553193756,lumpy
46_134_12932,134,6.0,0.10204081632653039,intermittent
46_134_12933,131,2.0526315789473686,1.6245333333333332,lumpy
46_134_13330,40,1.2871287128712872,1.1447632253311368,erratic
46_134_13485,113,1.3902439024390243,0.46318001579204754,intermittent
46_134_13582,58,1.1313131313131313,2.8867495253293574,erratic
46_134_13691,116,1.7419354838709677,1.5680179458420125,lumpy
46_134_14148,131,2.6,0.376953125,intermittent
46_134_14254,131,1.7727272727272727,1.1343724805159903,lumpy
46_134_14294,131,2.4375,0.256198347107438,intermittent
46_160_3291,117,1.358974358974359,0.4487179487179487,intermittent
46_160_4443,117,1.1521739130434783,0.6421393228705375,erratic
46_160_4895,118,1.625,0.7656840513983371,lumpy
46_160_5046,119,1.3421052631578947,0.6639346938775507,lumpy
46_160_6502,137,3.3,0.22448979591836746,intermittent
46_160_7477,118,1.2380952380952381,0.3456746173015309,smooth
46_160_9165,117,1.7096774193548387,0.37096774193548376,intermittent
46_160_9839,118,2.736842105263158,0.3933333333333333,intermittent
46_160_12350,117,1.2045454545454546,0.536938618199521,erratic
46_160_13330,118,1.625,0.8734948096885813,lumpy
46_160_13582,118,3.25,0.08641975308641975,intermittent
46_195_2775,157,1.0,0.43745009315943567,smooth
46_195_2855,157,1.0,0.11718750000000014,smooth
46_195_3323,157,1.0,0.24033577028946543,smooth
46_195_4664,157,1.0833333333333333,0.45630041506774227,smooth
46_195_5206,157,1.0,0.4870277651342741,smooth
46_195_5307,157,1.0,0.37911799959527004,smooth
46_195_5673,157,1.0,0.7806267806267807,erratic
46_195_9872,157,1.0,0.47686455819779316,smooth
46_195_11163,157,1.0,0.3286152955407821,smooth
46_195_11672,157,1.0,0.14924192739477635,smooth
46_318_683,115,1.0377358490566038,0.8461109449831735,erratic
46_318_918,129,1.4137931034482758,0.6950231481481481,lumpy
46_318_1789,115,1.0185185185185186,0.550544622272712,erratic
46_318_1853,71,1.0879120879120878,2.7201494097905994,erratic
46_318_2030,113,1.0178571428571428,0.5090475895237505,erratic
46_318_2221,115,1.0576923076923077,0.620803202479339,erratic
46_318_2415,131,1.3928571428571428,0.2790123456790122,intermittent
46_318_2725,154,1.1428571428571428,0.15185546875000017,smooth
46_318_3291,71,1.0,1.4275272530533651,erratic
46_318_3320,71,1.03125,0.6920009754242868,erratic
46_318_3742,150,6.666666666666667,0.12500000000000006,intermittent
46_318_3748,129,1.28125,1.0766894993291434,erratic
46_318_3928,130,2.6666666666666665,0.8475341796875,lumpy
46_318_3988,129,1.4137931034482758,1.3769176600774615,lumpy
46_318_4173,127,1.2647058823529411,0.7507244106821206,erratic
46_318_4443,71,1.03125,0.5129290784355767,erratic
46_318_4610,114,1.037037037037037,0.35225783911258646,smooth
46_318_4677,71,1.1511627906976745,0.8323436954243799,erratic
46_318_4841,154,1.7777777777777777,0.9230769230769236,lumpy
46_318_4895,71,1.1,4.131756557223013,erratic
46_318_5046,73,1.0,0.7748976151373311,erratic
46_318_5205,128,1.2,0.6275851031086487,erratic
46_318_5257,154,1.0666666666666667,0.6854745370370372,erratic
46_318_5704,111,1.0535714285714286,0.30805194805194797,smooth
46_318_5747,129,2.7333333333333334,2.236461019638961,lumpy
46_318_5776,128,1.3125,0.8298676748582231,erratic
46_318_5853,115,1.0185185185185186,0.1665720684407398,smooth
46_318_6019,146,2.1818181818181817,0.21000000000000013,intermittent
46_318_6117,129,1.5185185185185186,0.506087384192736,lumpy
46_318_6131,93,1.013157894736842,0.513001831256675,erratic
46_318_6502,72,1.0315789473684212,1.2365683689152696,erratic
46_318_6545,128,1.3125,0.7015457788347206,erratic
46_318_6738,154,1.0666666666666667,0.5579156832801149,erratic
46_318_7477,71,1.03125,1.7477687118718126,erratic
46_318_7910,130,1.1428571428571428,1.1582892416225747,erratic
46_318_8305,113,1.1176470588235294,0.6115984023807658,erratic
46_318_8471,114,1.018181818181818,0.24754848117660938,smooth
46_318_8983,129,1.7083333333333333,1.9709755442085464,lumpy
46_318_9148,115,1.0576923076923077,0.6556132256824299,erratic
46_318_9165,71,1.0,1.065941864323638,erratic
46_318_9368,115,1.0377358490566038,0.4804485399034952,smooth
46_318_9426,130,1.1428571428571428,0.6381771629611889,erratic
46_318_9571,154,1.2307692307692308,0.4260147199999998,smooth
46_318_9591,129,1.025,0.5339915701585402,erratic
46_318_9707,111,1.0727272727272728,0.39772609362892825,smooth
46_318_9839,71,1.1785714285714286,3.1149109404839384,erratic
46_318_9969,148,2.0,0.22222222222222246,intermittent
46_318_10069,114,1.018181818181818,0.15052988881552629,smooth
46_318_10153,114,1.1914893617021276,0.43858195559881424,smooth
46_318_10578,131,1.0833333333333333,1.2544372333177949,erratic
46_318_10829,120,1.0416666666666667,0.5467245572279177,erratic
46_318_11283,130,1.0256410256410255,0.22693750027935594,smooth
46_318_11719,130,1.25,0.3765035590028408,smooth
46_318_11861,113,1.0178571428571428,0.4068735642538625,smooth
46_318_11872,114,1.018181818181818,0.2991526802397977,smooth
46_318_12350,71,1.0421052631578946,1.7108473295893964,erratic
46_318_12675,154,1.0666666666666667,0.6897512138206178,erratic
46_318_12804,154,2.6666666666666665,1.2203856749311297,lumpy
46_318_12814,130,1.3333333333333333,0.8133333333333335,lumpy
46_318_12932,139,1.24,0.3542454018644493,smooth
46_318_12933,129,1.0789473684210527,0.4961226423816567,smooth
46_318_13330,74,1.032258064516129,1.0774938064331196,erratic
46_318_13485,114,1.1914893617021276,0.26703316088609336,smooth
46_318_13582,71,1.053191489361702,2.672742345342824,erratic
46_318_13691,115,1.1,0.5431218067515898,erratic
46_318_13946,154,1.2307692307692308,0.8259077745600355,erratic
46_318_14294,127,1.2285714285714286,0.41323505848421727,smooth
