model,policy,tau,L,H,q_liq,k,group,n_series,fill_rate,csl,stockout_rate_demand_weeks,inventory_weeks,excess_weeks_of_demand,liquidated_share,liq_series_share,fill_rate_lo,fill_rate_hi,inventory_weeks_lo,inventory_weeks_hi
empirical,none,0.8,2,13,0.95,26,all,13844,0.830386819392738,0.9075772898006357,0.22241097319121703,1.8197507490354503,0.4489625878434701,0.0,0.0,0.8153390098180323,0.8434817112766675,1.6610760902940545,1.9604827812165069
empirical,none,0.8,2,13,0.95,26,smooth,2596,0.8905305334576098,0.8678736517719569,0.1571657676046071,1.557736485731849,0.23447308547082188,0.0,0.0,0.8783339666366237,0.9019804429615419,1.3768724131230352,1.7504421304724869
empirical,none,0.8,2,13,0.95,26,erratic,1901,0.7796219387448491,0.8698531873176797,0.16600585580090277,2.1432433812140275,0.5469367578077798,0.0,0.0,0.7385163428103334,0.8114467646831389,1.8718302444348938,2.5010270118503257
empirical,none,0.8,2,13,0.95,26,intermittent,6539,0.7751045464671331,0.940503830165858,0.33663716814159295,2.37643213855685,1.2835085878965788,0.0,0.0,0.7325186253877293,0.8122334060492923,1.8527938251186453,2.984429757258003
empirical,none,0.8,2,13,0.95,26,lumpy,2808,0.584425767783511,0.8931462056462056,0.324580813295963,2.2820553840607465,1.1064689844753386,0.0,0.0,0.5103024318252228,0.6334041286887342,1.8486987377142157,3.064249798481383
empirical,quantile,0.8,2,13,0.95,26,all,13844,0.830386819392738,0.9075772898006357,0.22241097319121703,1.8194892317900708,0.4489625878434701,9.200573715324583e-05,0.0038283733025137245,0.8153390098180323,0.8434817112766675,1.66064523491138,1.9602148043553336
empirical,quantile,0.8,2,13,0.95,26,smooth,2596,0.8905305334576098,0.8678736517719569,0.1571657676046071,1.557736485731849,0.23447308547082188,0.0,0.0,0.8783339666366237,0.9019804429615419,1.3768724131230352,1.7504421304724869
empirical,quantile,0.8,2,13,0.95,26,erratic,1901,0.7796219387448491,0.8698531873176797,0.16600585580090277,2.1432433812140275,0.5469367578077798,0.0,0.0,0.7385163428103334,0.8114467646831389,1.8718302444348938,2.5010270118503257
empirical,quantile,0.8,2,13,0.95,26,intermittent,6539,0.7751045464671331,0.940503830165858,0.33663716814159295,2.37402679435012,1.2835085878965788,0.0009869524881072225,0.005046643217617373,0.7325186253877293,0.8122334060492923,1.8508544999768883,2.9811125565266865
empirical,quantile,0.8,2,13,0.95,26,lumpy,2808,0.584425767783511,0.8931462056462056,0.324580813295963,2.28056375475992,1.1064689844753386,0.0004123386133705865,0.007122507122507123,0.5103024318252228,0.6334041286887342,1.8476936446047447,3.0629388897776777
empirical,fixed,0.8,2,13,0.95,26,all,13844,0.8294541608602071,0.9046419847127735,0.22947464898904102,1.6351235440264715,0.3108647727984779,0.045640369424612,0.19264663392083212,0.8142914628300562,0.8425721247199918,1.4926874951344722,1.7687239120164704
empirical,fixed,0.8,2,13,0.95,26,smooth,2596,0.8904739650372351,0.8672783302983611,0.1578739091496053,1.5081921226008828,0.20504277007722024,0.012731085623411551,0.075115562403698,0.8783176640121279,0.9019021314464709,1.3281889909077198,1.697177973668162
empirical,fixed,0.8,2,13,0.95,26,erratic,1901,0.7785996625583915,0.8676533881689064,0.1688117604001464,1.9769619528447646,0.4465488485822865,0.038133745000894975,0.13887427669647553,0.7371152985799068,0.8105648917272841,1.7283663053937588,2.28237467220348
empirical,fixed,0.8,2,13,0.95,26,intermittent,6539,0.7679392714034746,0.9370698883621349,0.3560668633235005,1.3834705197291803,0.42091493315511797,0.2549636660491164,0.2113473008105215,0.7264666362029151,0.8040463257120534,1.0716344207682698,1.7426130045535382
empirical,fixed,0.8,2,13,0.95,26,lumpy,2808,0.5819810279173521,0.8887108262108262,0.3380537935782072,1.630145783105383,0.5717491719429485,0.16016763930510805,0.29415954415954415,0.50750894045806,0.631431079505123,1.2355744945969427,2.23102535179659
empirical,none,0.9,2,13,0.95,26,all,13844,0.8875829713088826,0.9432048015549893,0.13667501560487663,2.8016390830704783,0.7431926888409125,0.0,0.0,0.876830418614346,0.8984052948494254,2.5890627917286033,2.995944498277632
empirical,none,0.9,2,13,0.95,26,smooth,2596,0.9260436075799362,0.9146939347247514,0.10147251785974631,2.109027362580077,0.2945341851667158,0.0,0.0,0.9155287145001891,0.9355456420362397,1.8852774010832327,2.332012722143939
empirical,none,0.9,2,13,0.95,26,erratic,1901,0.8581220230729415,0.9263306393764048,0.09396730511162621,3.6528945860072235,1.004396563032503,0.0,0.0,0.8282226823448119,0.8793873650049943,3.235534669683593,4.243203029150908
empirical,none,0.9,2,13,0.95,26,intermittent,6539,0.8520953001322517,0.9615315102392638,0.2176597836774828,3.4555152314967557,1.8451048566522008,0.0,0.0,0.8186456150207496,0.879670219397916,2.6635680028556177,4.260464751740829
empirical,none,0.9,2,13,0.95,26,lumpy,2808,0.7199364592956445,0.9383093758093758,0.18739243742931602,4.690545503706541,2.43672517518758,0.0,0.0,0.6707082916903512,0.7591168649904315,3.870215760176125,6.151219572542987
empirical,quantile,0.9,2,13,0.95,26,all,13844,0.8875786558427873,0.9431883848598671,0.13671452162164296,2.7933604655317685,0.7403186574688548,0.0009528549138572551,0.01581912741982086,0.8768220087171138,0.8984041242848254,2.582160072329027,2.9876022138148257
empirical,quantile,0.9,2,13,0.95,26,smooth,2596,0.9260436075799362,0.9146939347247514,0.10147251785974631,2.109027362580077,0.2945341851667158,0.0,0.0,0.9155287145001891,0.9355456420362397,1.8852774010832327,2.332012722143939
empirical,quantile,0.9,2,13,0.95,26,erratic,1901,0.8581220230729415,0.9263306393764048,0.09396730511162621,3.6528945860072235,1.004396563032503,0.0,0.0,0.8282226823448119,0.8793873650049943,3.235534669683593,4.243203029150908
empirical,quantile,0.9,2,13,0.95,26,intermittent,6539,0.8520642816254825,0.9615106563416702,0.21777777777777776,3.440412038564464,1.843138283323041,0.0030736520343910643,0.017128001223428658,0.8186141832637636,0.8795917955509274,2.65254359500693,4.242778703483167
empirical,quantile,0.9,2,13,0.95,26,lumpy,2808,0.7199049142651135,0.9382770007770008,0.18749078035108424,4.594551722583988,2.400781415470584,0.009981748946621303,0.038105413105413107,0.6706704445762103,0.7591144902565943,3.7842499520143678,6.0167286386617125
empirical,fixed,0.9,2,13,0.95,26,all,13844,0.8856385949049536,0.9385096267500197,0.14797373640005373,2.4632136723632545,0.48255548783150765,0.07935089175654488,0.2748483097370702,0.8746310172513635,0.8964699689913761,2.2876467302369234,2.64096426102206
empirical,fixed,0.9,2,13,0.95,26,smooth,2596,0.9259597702799963,0.913993556520521,0.10230562555974423,2.0454314038280286,0.25472022854802207,0.015943881806232563,0.08320493066255778,0.9154700721391719,0.9354621996040149,1.8276809489489472,2.2691508022966156
empirical,fixed,0.9,2,13,0.95,26,erratic,1901,0.8557588979061431,0.9222657931232365,0.09915212882761987,3.2968659028243126,0.7831237839469036,0.07305009864125149,0.20147290899526565,0.8262798146721253,0.8775309175718479,2.9258696837998777,3.7956122125308185
empirical,fixed,0.9,2,13,0.95,26,intermittent,6539,0.8441066247070866,0.9566795033991853,0.24511307767944937,2.060818832181419,0.6169208774289606,0.38800486144597,0.31610337972166996,0.8106951430604173,0.8726497002380856,1.6262358758278905,2.5806420095223315
empirical,fixed,0.9,2,13,0.95,26,lumpy,2808,0.7098307834433654,0.9298594923594924,0.2130599400108177,3.122865640702102,1.0967729433766702,0.3471846060251008,0.40562678062678065,0.6581810858273645,0.7492829070970419,2.5619672873508925,4.051291897633589
empirical,none,0.95,2,13,0.95,26,all,13844,0.9266393204211135,0.9632266029261117,0.08849347755663188,3.9151703651074197,1.1511038703343988,0.0,0.0,0.9182331170534225,0.9357110369552215,3.6161651879296675,4.187104732046957
empirical,none,0.95,2,13,0.95,26,smooth,2596,0.9499189621116324,0.9417285334080403,0.06931456063982672,2.6609051005278848,0.363436377787699,0.0,0.0,0.9410712209512461,0.9576689364018879,2.410285144218235,2.946801469346302
empirical,none,0.95,2,13,0.95,26,erratic,1901,0.9110542174708421,0.9567691645545406,0.0551421251677443,5.442785812460785,1.6897581754631745,0.0,0.0,0.8924657203095026,0.9259483102054614,4.775795906857838,6.301672516028407
empirical,none,0.95,2,13,0.95,26,intermittent,6539,0.8979237339514475,0.9739743358033617,0.14725663716814158,4.3907232105846425,2.3048053306713814,0.0,0.0,0.8722352296520675,0.9196955368405284,3.4373828457631865,5.377313024193249
empirical,none,0.95,2,13,0.95,26,lumpy,2808,0.8231112412969513,0.9624449624449625,0.11407778925111865,7.950623014352988,4.468952930308015,0.0,0.0,0.792136800188373,0.8520087625653817,6.556887668507461,10.439953501148596
empirical,quantile,0.95,2,13,0.95,26,all,13844,0.9266179157092805,0.9631051193822069,0.08878582208070289,3.8867231578440418,1.1363436989102758,0.0024710358862077187,0.040450736781277086,0.9182054124565506,0.9356921027728016,3.5920725390129236,4.158289488565914
empirical,quantile,0.95,2,13,0.95,26,smooth,2596,0.9499189621116324,0.9417285334080403,0.06931456063982672,2.6609051005278848,0.363436377787699,0.0,0.0,0.9410712209512461,0.9576689364018879,2.410285144218235,2.946801469346302
empirical,quantile,0.95,2,13,0.95,26,erratic,1901,0.9110542174708421,0.9567691645545406,0.0551421251677443,5.442502134050003,1.689539245518818,2.0678152949835446e-05,0.0010520778537611783,0.8924657203095026,0.9259483102054614,4.775473389051286,6.3011028815810874
empirical,quantile,0.95,2,13,0.95,26,intermittent,6539,0.8977855606031125,0.9737936020242183,0.14827925270403147,4.344370282014624,2.2874287631793404,0.005947093706908949,0.05536014681143906,0.8721645148825424,0.9195733103511688,3.4103744078325224,5.331459946019827
empirical,quantile,0.95,2,13,0.95,26,lumpy,2808,0.8229422500619634,0.9622668997668997,0.11461867532084379,7.617324981410964,4.29093440886866,0.02743065726324328,0.0698005698005698,0.7920106194655032,0.851969808226026,6.278864157973733,9.959415245027039
empirical,fixed,0.95,2,13,0.95,26,all,13844,0.9224132707832415,0.9566073914528118,0.10442230351682562,3.3271358061644536,0.6848484848484849,0.13252796378875137,0.3576278532216122,0.9137169737917021,0.9315972348197185,3.0853147422219402,3.5723539458842364
empirical,fixed,0.95,2,13,0.95,26,smooth,2596,0.949827292261179,0.9409406079282813,0.07025180680232437,2.5809266371408524,0.31271225849273304,0.019131149676269082,0.09090909090909091,0.9410171748449865,0.9576139908441221,2.3343824204138426,2.8584882843833777
empirical,fixed,0.95,2,13,0.95,26,erratic,1901,0.9050426906929572,0.9497154607622782,0.06413931926314505,4.692162398458961,1.1794893400890583,0.14387471107127695,0.28826933193056287,0.8853647330636526,0.9202040724560245,4.182742519531096,5.365703576352219
empirical,fixed,0.95,2,13,0.95,26,intermittent,6539,0.8887450758120504,0.9677737769189061,0.1823402163225172,2.647136286859151,0.7610886931903099,0.5007825123298565,0.42024774430341033,0.8636278645036692,0.9111574913209802,2.1159506155029337,3.275404654067683
empirical,fixed,0.95,2,13,0.95,26,lumpy,2808,0.7969559045537504,0.9497539497539498,0.1526282145842553,4.906703318987855,1.789608616299768,0.6794822108559969,0.5053418803418803,0.7614734980611312,0.8305658489745823,4.074826036992414,6.266040906603092
empirical,none,0.9,1,13,0.95,26,all,13844,0.8843796871356129,0.9394388116939403,0.14573769585107813,1.925022401584501,0.4460604541561995,0.0,0.0,0.8730685350804406,0.8946514706182134,1.782830705428834,2.0581593145647687
empirical,none,0.9,1,13,0.95,26,smooth,2596,0.9256084658847461,0.9107367978708503,0.10617957636473455,1.4668809304373784,0.1746519519151021,0.0,0.0,0.9162857868822657,0.9343428469833286,1.3172558758435104,1.6143291972100196
empirical,none,0.9,1,13,0.95,26,erratic,1901,0.8471283538187055,0.917364066759122,0.1054044162498475,2.459249499362531,0.5633550820114932,0.0,0.0,0.8173440657995654,0.8712540444988295,2.169310999596365,2.8382669752627856
empirical,none,0.9,1,13,0.95,26,intermittent,6539,0.8558457195870591,0.9597589289438196,0.22768928220255655,2.417119959845133,1.1765505728554229,0.0,0.0,0.8242686714489377,0.8826476738584822,1.8676589907653551,2.973546046621337
empirical,none,0.9,1,13,0.95,26,lumpy,2808,0.7168405398706654,0.9335988085988086,0.20170133254658995,3.2274757215925733,1.56144431175503,0.0,0.0,0.6661077400893782,0.754462412254374,2.6438319333138476,4.263960830579576
empirical,quantile,0.9,1,13,0.95,26,all,13844,0.8843772704745995,0.939428961676867,0.14576139946113792,1.9207849591161374,0.44462647655830195,0.0005083619060343508,0.011918520658769142,0.8730653649888604,0.8946503261213067,1.7793115697346902,2.0537308844798154
empirical,quantile,0.9,1,13,0.95,26,smooth,2596,0.9256084658847461,0.9107367978708503,0.10617957636473455,1.4668809304373784,0.1746519519151021,0.0,0.0,0.9162857868822657,0.9343428469833286,1.3172558758435104,1.6143291972100196
empirical,quantile,0.9,1,13,0.95,26,erratic,1901,0.8471283538187055,0.917364066759122,0.1054044162498475,2.459249499362531,0.5633550820114932,0.0,0.0,0.8173440657995654,0.8712540444988295,2.169310999596365,2.8382669752627856
empirical,quantile,0.9,1,13,0.95,26,intermittent,6539,0.855825980537297,0.9597519776446217,0.22772861356932153,2.4094330098949035,1.1753842770009053,0.0013760937548466417,0.012234286588163328,0.8242522871031501,0.8826287828636222,1.862963809006439,2.9647583099087274
empirical,quantile,0.9,1,13,0.95,26,lumpy,2808,0.7168247673553998,0.9335664335664335,0.20179967546835817,3.1783060318604806,1.543658322255019,0.005536152858205088,0.03027065527065527,0.66610167019017,0.7544584414039335,2.60228057256258,4.202765450771186
empirical,fixed,0.9,1,13,0.95,26,all,13844,0.8838338669838707,0.9371076409865777,0.15134755023190033,1.74205941292054,0.30777237884199476,0.06785811507000462,0.23071366657035539,0.8724580752593458,0.8941157597554351,1.61746420584213,1.8712984061699494
empirical,fixed,0.9,1,13,0.95,26,smooth,2596,0.9255823573830346,0.9104566465891581,0.10651281944473372,1.4337428596874002,0.1567049098197846,0.012460717583466703,0.062788906009245,0.9162701804859422,0.9342704753304191,1.2883831392155296,1.5843020933021634
empirical,fixed,0.9,1,13,0.95,26,erratic,1901,0.846840798254247,0.9164315432069245,0.10659387580822252,2.2933008600173053,0.46213268007601804,0.05259100487422837,0.14308258811152025,0.8170069509918265,0.8710856651256068,2.0323900680263534,2.6260517573154316
empirical,fixed,0.9,1,13,0.95,26,intermittent,6539,0.852219374159328,0.956964506666296,0.24350049164208457,1.5800658156316356,0.45736167860879184,0.3719767530391087,0.2651781617984401,0.820553786468092,0.8800335815363701,1.240285939460164,1.9704933848132615
empirical,fixed,0.9,1,13,0.95,26,lumpy,2808,0.7138189765890809,0.929503367003367,0.21414171215026798,2.344120231630653,0.8233703611905995,0.30836844595660307,0.36502849002849,0.6620001914043927,0.7522526697219818,1.8598683454080518,3.0744993609226237
empirical,none,0.9,4,13,0.95,26,all,13844,0.8885656892481198,0.946606340784324,0.12848936893088816,4.43961704899107,1.384706264347846,0.0,0.0,0.8782762775149996,0.8990162547398183,4.098623534643647,4.743002847455411
empirical,none,0.9,4,13,0.95,26,smooth,2596,0.9228160165794788,0.9188436755848158,0.09653635473725866,3.3049458495169786,0.5733480353207415,0.0,0.0,0.911643111431807,0.9326728955150027,2.955930566144019,3.6726558920686325
empirical,none,0.9,4,13,0.95,26,erratic,1901,0.8722859116512991,0.9325952847783463,0.08597657679638893,5.861717436917094,1.965904181316384,0.0,0.0,0.8454801105416071,0.8921111921180207,5.12852250811876,6.921341376385245
empirical,none,0.9,4,13,0.95,26,intermittent,6539,0.8402885285102375,0.9628522570868495,0.21018682399213373,5.405826403516935,3.1863202745419836,0.0,0.0,0.8001307590048009,0.8689786405338562,4.16758823178739,6.649944610880891
empirical,none,0.9,4,13,0.95,26,lumpy,2808,0.7178792726617246,0.9439264439264439,0.17032994050253233,7.522022937743629,4.220504269845204,0.0,0.0,0.6694777616354527,0.7544451155590566,6.2921424582968415,10.049210821916894
empirical,quantile,0.9,4,13,0.95,26,all,13844,0.88855619522271,0.9465603740379817,0.12859998577783396,4.419285162029353,1.3782020974200937,0.002409756267653493,0.029976885293267842,0.87825667893296,0.8990048302437004,4.075448048837267,4.722091452446789
empirical,quantile,0.9,4,13,0.95,26,smooth,2596,0.9228160165794788,0.9188436755848158,0.09653635473725866,3.3049458495169786,0.5733480353207415,0.0,0.0,0.911643111431807,0.9326728955150027,2.955930566144019,3.6726558920686325
empirical,quantile,0.9,4,13,0.95,26,erratic,1901,0.8722859116512991,0.9325952847783463,0.08597657679638893,5.859831201652701,1.9655430890704977,0.0003987006365640147,0.0026301946344029457,0.8454801105416071,0.8921111921180207,5.126772508989233,6.9170363763797535
empirical,quantile,0.9,4,13,0.95,26,intermittent,6539,0.8402152120396924,0.9627827440948713,0.21058013765978367,5.362631722908859,3.1809168506628094,0.008871292935958062,0.037926288423306316,0.8000605599687002,0.8688661832477705,4.141514982289695,6.598124760347946
empirical,quantile,0.9,4,13,0.95,26,lumpy,2808,0.717813929384196,0.9438616938616938,0.17052662634606874,7.297719744935895,4.141181136071742,0.022976048308961043,0.057692307692307696,0.6693993730024133,0.7544354296816301,6.071450099386201,9.669925408155063
empirical,fixed,0.9,4,13,0.95,26,all,13844,0.8793402584480859,0.9324058995035591,0.16266207343378397,3.6023463707016448,0.7554354244873701,0.1447838874995965,0.37648078590002887,0.8675303484303963,0.8906074369035457,3.343101105308886,3.8512003888352355
empirical,fixed,0.9,4,13,0.95,26,smooth,2596,0.9220556789907498,0.9134682728673483,0.10293045633474267,3.1028631453260127,0.43998238546417867,0.03792201854689943,0.12865947611710324,0.9111732087608956,0.9320326816615065,2.7884091609606996,3.4695715587748737
empirical,fixed,0.9,4,13,0.95,26,erratic,1901,0.8545317787670264,0.9079192769355842,0.11745150664877395,4.722307914498423,1.2281969878393075,0.17645055627462397,0.3445554971067859,0.8246197827306415,0.8774408020930713,4.1911493546443594,5.436028940021536
empirical,fixed,0.9,4,13,0.95,26,intermittent,6539,0.820806086395001,0.9519178634486786,0.272055063913471,2.6420548914775246,0.7731486886221298,0.5554906986777657,0.41749502982107356,0.7843257933618138,0.8487188094393145,2.1102352290951987,3.32829150188037
empirical,fixed,0.9,4,13,0.95,26,lumpy,2808,0.6808386471688335,0.9210534835534836,0.2398092147317697,4.344036862621392,1.5429841598882403,0.5362046821838174,0.5316951566951567,0.6209041159346489,0.7233434932664393,3.660511124604826,5.541205510990109
empirical,none,0.9,2,8,0.95,26,all,13844,0.8875829713088826,0.9432048015549893,0.13667501560487663,2.8016390830704783,1.0372731639978963,0.0,0.0,0.876830418614346,0.8984052948494254,2.5890627917286033,2.995944498277632
empirical,none,0.9,2,8,0.95,26,smooth,2596,0.9260436075799362,0.9146939347247514,0.10147251785974631,2.109027362580077,0.4863909434829264,0.0,0.0,0.9155287145001891,0.9355456420362397,1.8852774010832327,2.332012722143939
empirical,none,0.9,2,8,0.95,26,erratic,1901,0.8581220230729415,0.9263306393764048,0.09396730511162621,3.6528945860072235,1.4573635656545356,0.0,0.0,0.8282226823448119,0.8793873650049943,3.235534669683593,4.243203029150908
empirical,none,0.9,2,8,0.95,26,intermittent,6539,0.8520953001322517,0.9615315102392638,0.2176597836774828,3.4555152314967557,2.1569856027130854,0.0,0.0,0.8186456150207496,0.879670219397916,2.6635680028556177,4.260464751740829
empirical,none,0.9,2,8,0.95,26,lumpy,2808,0.7199364592956445,0.9383093758093758,0.18739243742931602,4.690545503706541,2.9565489736598995,0.0,0.0,0.6707082916903512,0.7591168649904315,3.870215760176125,6.151219572542987
empirical,quantile,0.9,2,8,0.95,26,all,13844,0.887577965368212,0.9431851015208427,0.13672242282499625,2.7926584255073736,1.032312725601779,0.0010246642696841786,0.017986131175960703,0.8768209136227676,0.8984030345357304,2.581613932331647,2.986658180867523
empirical,quantile,0.9,2,8,0.95,26,smooth,2596,0.9260436075799362,0.9146939347247514,0.10147251785974631,2.109027362580077,0.4863909434829264,0.0,0.0,0.9155287145001891,0.9355456420362397,1.8852774010832327,2.332012722143939
empirical,quantile,0.9,2,8,0.95,26,erratic,1901,0.8581220230729415,0.9263306393764048,0.09396730511162621,3.6528810159693497,1.4573635656545356,1.0339076474917723e-05,0.0005260389268805891,0.8282226823448119,0.8793873650049943,3.2355098518293817,4.243186264813197
empirical,quantile,0.9,2,8,0.95,26,intermittent,6539,0.8520586418969791,0.9615106563416702,0.21777777777777776,3.4385678473438293,2.151207888852231,0.0034486939798718088,0.019574858541061325,0.8185956721222298,0.879579857737751,2.651099324886715,4.240613145288643
empirical,quantile,0.9,2,8,0.95,26,lumpy,2808,0.7199004078321805,0.9382608132608132,0.18753995181196834,4.5869088123296,2.8964163343172373,0.010583357743178387,0.042735042735042736,0.6706650557666951,0.7591144902565943,3.7797756847638593,6.0087278751147535
empirical,fixed,0.9,2,8,0.95,26,all,13844,0.8856385949049536,0.9385096267500197,0.14797373640005373,2.4632136723632545,0.7484760506879687,0.07935089175654488,0.2748483097370702,0.8746310172513635,0.8964699689913761,2.2876467302369234,2.64096426102206
empirical,fixed,0.9,2,8,0.95,26,smooth,2596,0.9259597702799963,0.913993556520521,0.10230562555974423,2.0454314038280286,0.4384381352766568,0.015943881806232563,0.08320493066255778,0.9154700721391719,0.9354621996040149,1.8276809489489472,2.2691508022966156
empirical,fixed,0.9,2,8,0.95,26,erratic,1901,0.8557588979061431,0.9222657931232365,0.09915212882761987,3.2968659028243126,1.1921607398987761,0.07305009864125149,0.20147290899526565,0.8262798146721253,0.8775309175718479,2.9258696837998777,3.7956122125308185
empirical,fixed,0.9,2,8,0.95,26,intermittent,6539,0.8441066247070866,0.9566795033991853,0.24511307767944937,2.060818832181419,0.849547270794384,0.38800486144597,0.31610337972166996,0.8106951430604173,0.8726497002380856,1.6262358758278905,2.5806420095223315
empirical,fixed,0.9,2,8,0.95,26,lumpy,2808,0.7098307834433654,0.9298594923594924,0.2130599400108177,3.122865640702102,1.5287457846075272,0.3471846060251008,0.40562678062678065,0.6581810858273645,0.7492829070970419,2.5619672873508925,4.051291897633589
empirical,none,0.9,2,26,0.95,26,all,13844,0.8875829713088826,0.9432048015549893,0.13667501560487663,2.8016390830704783,,0.0,0.0,0.876830418614346,0.8984052948494254,2.5890627917286033,2.995944498277632
empirical,none,0.9,2,26,0.95,26,smooth,2596,0.9260436075799362,0.9146939347247514,0.10147251785974631,2.109027362580077,,0.0,0.0,0.9155287145001891,0.9355456420362397,1.8852774010832327,2.332012722143939
empirical,none,0.9,2,26,0.95,26,erratic,1901,0.8581220230729415,0.9263306393764048,0.09396730511162621,3.6528945860072235,,0.0,0.0,0.8282226823448119,0.8793873650049943,3.235534669683593,4.243203029150908
empirical,none,0.9,2,26,0.95,26,intermittent,6539,0.8520953001322517,0.9615315102392638,0.2176597836774828,3.4555152314967557,,0.0,0.0,0.8186456150207496,0.879670219397916,2.6635680028556177,4.260464751740829
empirical,none,0.9,2,26,0.95,26,lumpy,2808,0.7199364592956445,0.9383093758093758,0.18739243742931602,4.690545503706541,,0.0,0.0,0.6707082916903512,0.7591168649904315,3.870215760176125,6.151219572542987
empirical,quantile,0.9,2,26,0.95,26,all,13844,0.8793210977786224,0.9371010743085288,0.15136335263860687,2.771545611801039,,0.010100434705530719,0.0667437156891072,0.8677827885769435,0.8907179079804628,2.5628295244999784,2.9619988613926993
empirical,quantile,0.9,2,26,0.95,26,smooth,2596,0.9153521761291129,0.8989879534948872,0.12015495803219961,2.0931017567250425,,0.009845806089837034,0.08012326656394453,0.90427947780234,0.9253203154661389,1.8685898791958169,2.316930444469591
empirical,quantile,0.9,2,26,0.95,26,erratic,1901,0.8529970721027808,0.9182965903113194,0.10421495669147249,3.62594707555991,,0.008308094139876073,0.03577064702788006,0.8230971199820106,0.8755375612956526,3.215569688900442,4.199046439636861
empirical,quantile,0.9,2,26,0.95,26,intermittent,6539,0.8465147887780682,0.9580767145379472,0.23720747295968536,3.394792274699896,,0.014389767276603304,0.07340571952897997,0.8112962425415611,0.8748272082933491,2.620634986572268,4.184087821050364
empirical,quantile,0.9,2,26,0.95,26,lumpy,2808,0.7174646808318875,0.9362211862211862,0.1937355558833653,4.563912485072441,,0.014900520493003763,0.05982905982905983,0.6671952110957652,0.7570490959200703,3.7460080330815617,5.975007292926833
empirical,fixed,0.9,2,26,0.95,26,all,13844,0.8856385949049536,0.9385096267500197,0.14797373640005373,2.4632136723632545,,0.07935089175654488,0.2748483097370702,0.8746310172513635,0.8964699689913761,2.2876467302369234,2.64096426102206
empirical,fixed,0.9,2,26,0.95,26,smooth,2596,0.9259597702799963,0.913993556520521,0.10230562555974423,2.0454314038280286,,0.015943881806232563,0.08320493066255778,0.9154700721391719,0.9354621996040149,1.8276809489489472,2.2691508022966156
empirical,fixed,0.9,2,26,0.95,26,erratic,1901,0.8557588979061431,0.9222657931232365,0.09915212882761987,3.2968659028243126,,0.07305009864125149,0.20147290899526565,0.8262798146721253,0.8775309175718479,2.9258696837998777,3.7956122125308185
empirical,fixed,0.9,2,26,0.95,26,intermittent,6539,0.8441066247070866,0.9566795033991853,0.24511307767944937,2.060818832181419,,0.38800486144597,0.31610337972166996,0.8106951430604173,0.8726497002380856,1.6262358758278905,2.5806420095223315
empirical,fixed,0.9,2,26,0.95,26,lumpy,2808,0.7098307834433654,0.9298594923594924,0.2130599400108177,3.122865640702102,,0.3471846060251008,0.40562678062678065,0.6581810858273645,0.7492829070970419,2.5619672873508925,4.051291897633589
empirical,none,0.9,2,13,0.9,26,all,13844,0.8875829713088826,0.9432048015549893,0.13667501560487663,2.8016390830704783,0.7431926888409125,0.0,0.0,0.876830418614346,0.8984052948494254,2.5890627917286033,2.995944498277632
empirical,none,0.9,2,13,0.9,26,smooth,2596,0.9260436075799362,0.9146939347247514,0.10147251785974631,2.109027362580077,0.2945341851667158,0.0,0.0,0.9155287145001891,0.9355456420362397,1.8852774010832327,2.332012722143939
empirical,none,0.9,2,13,0.9,26,erratic,1901,0.8581220230729415,0.9263306393764048,0.09396730511162621,3.6528945860072235,1.004396563032503,0.0,0.0,0.8282226823448119,0.8793873650049943,3.235534669683593,4.243203029150908
empirical,none,0.9,2,13,0.9,26,intermittent,6539,0.8520953001322517,0.9615315102392638,0.2176597836774828,3.4555152314967557,1.8451048566522008,0.0,0.0,0.8186456150207496,0.879670219397916,2.6635680028556177,4.260464751740829
empirical,none,0.9,2,13,0.9,26,lumpy,2808,0.7199364592956445,0.9383093758093758,0.18739243742931602,4.690545503706541,2.43672517518758,0.0,0.0,0.6707082916903512,0.7591168649904315,3.870215760176125,6.151219572542987
empirical,quantile,0.9,2,13,0.9,26,all,13844,0.8875582868428171,0.9431030180452313,0.13691995290882802,2.786311755830238,0.7368799214654218,0.0013844015233940555,0.029182317249349898,0.8768036834403358,0.8983802903129238,2.5757458838716962,2.9792810896325723
empirical,quantile,0.9,2,13,0.9,26,smooth,2596,0.9260436075799362,0.9146939347247514,0.10147251785974631,2.109027362580077,0.2945341851667158,0.0,0.0,0.9155287145001891,0.9355456420362397,1.8852774010832327,2.332012722143939
empirical,quantile,0.9,2,13,0.9,26,erratic,1901,0.8581220230729415,0.9263306393764048,0.09396730511162621,3.651670697829505,1.004396563032503,0.00022422872104977813,0.0021041557075223566,0.8282226823448119,0.8793873650049943,3.234410623787228,4.241714878874658
empirical,quantile,0.9,2,13,0.9,26,intermittent,6539,0.8518330527568403,0.9613855329561095,0.21848574237954768,3.4050537607119593,1.8369345819692242,0.007658751307712047,0.03578528827037773,0.8181572628766226,0.8791412136235458,2.6280159799269374,4.191767128467388
empirical,quantile,0.9,2,13,0.9,26,lumpy,2808,0.7198237984723193,0.9381475006475006,0.18788415203815706,4.535064554651766,2.360852166467632,0.011169194024469932,0.05911680911680912,0.6706399907149049,0.7590553040924034,3.7359465588506664,5.944807687763747
empirical,fixed,0.9,2,13,0.9,26,all,13844,0.8856385949049536,0.9385096267500197,0.14797373640005373,2.4632136723632545,0.48255548783150765,0.07935089175654488,0.2748483097370702,0.8746310172513635,0.8964699689913761,2.2876467302369234,2.64096426102206
empirical,fixed,0.9,2,13,0.9,26,smooth,2596,0.9259597702799963,0.913993556520521,0.10230562555974423,2.0454314038280286,0.25472022854802207,0.015943881806232563,0.08320493066255778,0.9154700721391719,0.9354621996040149,1.8276809489489472,2.2691508022966156
empirical,fixed,0.9,2,13,0.9,26,erratic,1901,0.8557588979061431,0.9222657931232365,0.09915212882761987,3.2968659028243126,0.7831237839469036,0.07305009864125149,0.20147290899526565,0.8262798146721253,0.8775309175718479,2.9258696837998777,3.7956122125308185
empirical,fixed,0.9,2,13,0.9,26,intermittent,6539,0.8441066247070866,0.9566795033991853,0.24511307767944937,2.060818832181419,0.6169208774289606,0.38800486144597,0.31610337972166996,0.8106951430604173,0.8726497002380856,1.6262358758278905,2.5806420095223315
empirical,fixed,0.9,2,13,0.9,26,lumpy,2808,0.7098307834433654,0.9298594923594924,0.2130599400108177,3.122865640702102,1.0967729433766702,0.3471846060251008,0.40562678062678065,0.6581810858273645,0.7492829070970419,2.5619672873508925,4.051291897633589
empirical,none,0.9,2,13,0.99,26,all,13844,0.8875829713088826,0.9432048015549893,0.13667501560487663,2.8016390830704783,0.7431926888409125,0.0,0.0,0.876830418614346,0.8984052948494254,2.5890627917286033,2.995944498277632
empirical,none,0.9,2,13,0.99,26,smooth,2596,0.9260436075799362,0.9146939347247514,0.10147251785974631,2.109027362580077,0.2945341851667158,0.0,0.0,0.9155287145001891,0.9355456420362397,1.8852774010832327,2.332012722143939
empirical,none,0.9,2,13,0.99,26,erratic,1901,0.8581220230729415,0.9263306393764048,0.09396730511162621,3.6528945860072235,1.004396563032503,0.0,0.0,0.8282226823448119,0.8793873650049943,3.235534669683593,4.243203029150908
empirical,none,0.9,2,13,0.99,26,intermittent,6539,0.8520953001322517,0.9615315102392638,0.2176597836774828,3.4555152314967557,1.8451048566522008,0.0,0.0,0.8186456150207496,0.879670219397916,2.6635680028556177,4.260464751740829
empirical,none,0.9,2,13,0.99,26,lumpy,2808,0.7199364592956445,0.9383093758093758,0.18739243742931602,4.690545503706541,2.43672517518758,0.0,0.0,0.6707082916903512,0.7591168649904315,3.870215760176125,6.151219572542987
empirical,quantile,0.9,2,13,0.99,26,all,13844,0.8875819355970197,0.9431916681988916,0.1367066204182897,2.7964848629848147,0.7421931578457677,0.000686504346451142,0.011196186073389194,0.8768298710671729,0.8984047542283256,2.5849113363771252,2.990763392240311
empirical,quantile,0.9,2,13,0.99,26,smooth,2596,0.9260436075799362,0.9146939347247514,0.10147251785974631,2.109027362580077,0.2945341851667158,0.0,0.0,0.9155287145001891,0.9355456420362397,1.8852774010832327,2.332012722143939
empirical,quantile,0.9,2,13,0.99,26,erratic,1901,0.8581220230729415,0.9263306393764048,0.09396730511162621,3.6528945860072235,1.004396563032503,0.0,0.0,0.8282226823448119,0.8793873650049943,3.235534669683593,4.243203029150908
empirical,quantile,0.9,2,13,0.99,26,intermittent,6539,0.8520840206752447,0.961517607640868,0.21773844641101278,3.4485840051659915,1.8447078197655564,0.0011561443432113179,0.010093286435234746,0.8186330958429795,0.8796344059583872,2.6580360888949577,4.252263256098155
empirical,quantile,0.9,2,13,0.99,26,lumpy,2808,0.7199319528627115,0.9382770007770008,0.18749078035108424,4.6288051193078115,2.423995403438408,0.008037223136026677,0.0316951566951567,0.6707027774333019,0.7591144902565943,3.8108751761527038,6.064520384320479
empirical,fixed,0.9,2,13,0.99,26,all,13844,0.8856385949049536,0.9385096267500197,0.14797373640005373,2.4632136723632545,0.48255548783150765,0.07935089175654488,0.2748483097370702,0.8746310172513635,0.8964699689913761,2.2876467302369234,2.64096426102206
empirical,fixed,0.9,2,13,0.99,26,smooth,2596,0.9259597702799963,0.913993556520521,0.10230562555974423,2.0454314038280286,0.25472022854802207,0.015943881806232563,0.08320493066255778,0.9154700721391719,0.9354621996040149,1.8276809489489472,2.2691508022966156
empirical,fixed,0.9,2,13,0.99,26,erratic,1901,0.8557588979061431,0.9222657931232365,0.09915212882761987,3.2968659028243126,0.7831237839469036,0.07305009864125149,0.20147290899526565,0.8262798146721253,0.8775309175718479,2.9258696837998777,3.7956122125308185
empirical,fixed,0.9,2,13,0.99,26,intermittent,6539,0.8441066247070866,0.9566795033991853,0.24511307767944937,2.060818832181419,0.6169208774289606,0.38800486144597,0.31610337972166996,0.8106951430604173,0.8726497002380856,1.6262358758278905,2.5806420095223315
empirical,fixed,0.9,2,13,0.99,26,lumpy,2808,0.7098307834433654,0.9298594923594924,0.2130599400108177,3.122865640702102,1.0967729433766702,0.3471846060251008,0.40562678062678065,0.6581810858273645,0.7492829070970419,2.5619672873508925,4.051291897633589
empirical,none,0.9,2,13,0.95,13,all,13844,0.8875829713088826,0.9432048015549893,0.13667501560487663,2.8016390830704783,0.7431926888409125,0.0,0.0,0.876830418614346,0.8984052948494254,2.5890627917286033,2.995944498277632
empirical,none,0.9,2,13,0.95,13,smooth,2596,0.9260436075799362,0.9146939347247514,0.10147251785974631,2.109027362580077,0.2945341851667158,0.0,0.0,0.9155287145001891,0.9355456420362397,1.8852774010832327,2.332012722143939
empirical,none,0.9,2,13,0.95,13,erratic,1901,0.8581220230729415,0.9263306393764048,0.09396730511162621,3.6528945860072235,1.004396563032503,0.0,0.0,0.8282226823448119,0.8793873650049943,3.235534669683593,4.243203029150908
empirical,none,0.9,2,13,0.95,13,intermittent,6539,0.8520953001322517,0.9615315102392638,0.2176597836774828,3.4555152314967557,1.8451048566522008,0.0,0.0,0.8186456150207496,0.879670219397916,2.6635680028556177,4.260464751740829
empirical,none,0.9,2,13,0.95,13,lumpy,2808,0.7199364592956445,0.9383093758093758,0.18739243742931602,4.690545503706541,2.43672517518758,0.0,0.0,0.6707082916903512,0.7591168649904315,3.870215760176125,6.151219572542987
empirical,quantile,0.9,2,13,0.95,13,all,13844,0.8875786558427873,0.9431883848598671,0.13671452162164296,2.7933604655317685,0.7403186574688548,0.0009528549138572551,0.01581912741982086,0.8768220087171138,0.8984041242848254,2.582160072329027,2.9876022138148257
empirical,quantile,0.9,2,13,0.95,13,smooth,2596,0.9260436075799362,0.9146939347247514,0.10147251785974631,2.109027362580077,0.2945341851667158,0.0,0.0,0.9155287145001891,0.9355456420362397,1.8852774010832327,2.332012722143939
empirical,quantile,0.9,2,13,0.95,13,erratic,1901,0.8581220230729415,0.9263306393764048,0.09396730511162621,3.6528945860072235,1.004396563032503,0.0,0.0,0.8282226823448119,0.8793873650049943,3.235534669683593,4.243203029150908
empirical,quantile,0.9,2,13,0.95,13,intermittent,6539,0.8520642816254825,0.9615106563416702,0.21777777777777776,3.440412038564464,1.843138283323041,0.0030736520343910643,0.017128001223428658,0.8186141832637636,0.8795917955509274,2.65254359500693,4.242778703483167
empirical,quantile,0.9,2,13,0.95,13,lumpy,2808,0.7199049142651135,0.9382770007770008,0.18749078035108424,4.594551722583988,2.400781415470584,0.009981748946621303,0.038105413105413107,0.6706704445762103,0.7591144902565943,3.7842499520143678,6.0167286386617125
empirical,fixed,0.9,2,13,0.95,13,all,13844,0.8823146502996574,0.9334631346694334,0.1601178859540308,2.3031568324962195,0.3930701209728718,0.11884983507151677,0.3726524125975152,0.8711631065180374,0.8929085280781777,2.1437613426244297,2.4717690103233934
empirical,fixed,0.9,2,13,0.95,13,smooth,2596,0.9256255814580902,0.911402157164869,0.10538812404973653,1.9822412872303607,0.22335103779843832,0.03157823281995316,0.15755007704160245,0.9150842665590007,0.9350659428838805,1.7817597482007321,2.2075459512975635
empirical,fixed,0.9,2,13,0.95,13,erratic,1901,0.8494695084479947,0.9105255607096743,0.11412711967793095,2.9844196579445788,0.6029259586424017,0.14680325448279738,0.39189900052603893,0.8183958793219847,0.8717583343769532,2.6596216155104457,3.3987418547060666
empirical,fixed,0.9,2,13,0.95,13,intermittent,6539,0.83777320959769,0.9537321525393097,0.26178957718780727,1.7594120019062285,0.47146889548737125,0.4654524331198696,0.3827802416271601,0.8044892896435758,0.8663781715645219,1.4218946909225991,2.1863030112995507
empirical,fixed,0.9,2,13,0.95,13,lumpy,2808,0.6960298325860166,0.9221866096866097,0.2363672124698825,2.854741894053762,0.9169153466573533,0.4222798044208107,0.5349002849002849,0.6412374086557163,0.7351011117141502,2.311344896001339,3.7202020313993476
empirical,none,0.9,2,13,0.95,52,all,13844,0.8875829713088826,0.9432048015549893,0.13667501560487663,2.8016390830704783,0.7431926888409125,0.0,0.0,0.876830418614346,0.8984052948494254,2.5890627917286033,2.995944498277632
empirical,none,0.9,2,13,0.95,52,smooth,2596,0.9260436075799362,0.9146939347247514,0.10147251785974631,2.109027362580077,0.2945341851667158,0.0,0.0,0.9155287145001891,0.9355456420362397,1.8852774010832327,2.332012722143939
empirical,none,0.9,2,13,0.95,52,erratic,1901,0.8581220230729415,0.9263306393764048,0.09396730511162621,3.6528945860072235,1.004396563032503,0.0,0.0,0.8282226823448119,0.8793873650049943,3.235534669683593,4.243203029150908
empirical,none,0.9,2,13,0.95,52,intermittent,6539,0.8520953001322517,0.9615315102392638,0.2176597836774828,3.4555152314967557,1.8451048566522008,0.0,0.0,0.8186456150207496,0.879670219397916,2.6635680028556177,4.260464751740829
empirical,none,0.9,2,13,0.95,52,lumpy,2808,0.7199364592956445,0.9383093758093758,0.18739243742931602,4.690545503706541,2.43672517518758,0.0,0.0,0.6707082916903512,0.7591168649904315,3.870215760176125,6.151219572542987
empirical,quantile,0.9,2,13,0.95,52,all,13844,0.8875786558427873,0.9431883848598671,0.13671452162164296,2.7933604655317685,0.7403186574688548,0.0009528549138572551,0.01581912741982086,0.8768220087171138,0.8984041242848254,2.582160072329027,2.9876022138148257
empirical,quantile,0.9,2,13,0.95,52,smooth,2596,0.9260436075799362,0.9146939347247514,0.10147251785974631,2.109027362580077,0.2945341851667158,0.0,0.0,0.9155287145001891,0.9355456420362397,1.8852774010832327,2.332012722143939
empirical,quantile,0.9,2,13,0.95,52,erratic,1901,0.8581220230729415,0.9263306393764048,0.09396730511162621,3.6528945860072235,1.004396563032503,0.0,0.0,0.8282226823448119,0.8793873650049943,3.235534669683593,4.243203029150908
empirical,quantile,0.9,2,13,0.95,52,intermittent,6539,0.8520642816254825,0.9615106563416702,0.21777777777777776,3.440412038564464,1.843138283323041,0.0030736520343910643,0.017128001223428658,0.8186141832637636,0.8795917955509274,2.65254359500693,4.242778703483167
empirical,quantile,0.9,2,13,0.95,52,lumpy,2808,0.7199049142651135,0.9382770007770008,0.18749078035108424,4.594551722583988,2.400781415470584,0.009981748946621303,0.038105413105413107,0.6706704445762103,0.7591144902565943,3.7842499520143678,6.0167286386617125
empirical,fixed,0.9,2,13,0.95,52,all,13844,0.8868237945133854,0.9401972630085892,0.14391251787647258,2.532963342532181,0.535416702269262,0.06634252337731139,0.2249349898873158,0.8759807935311579,0.8976442044590789,2.347895776672669,2.7182127317116462
empirical,fixed,0.9,2,13,0.95,52,smooth,2596,0.9260160486059076,0.9144663118083766,0.10174327786224564,2.0661012145384903,0.27097474350572776,0.012445052482439857,0.0512326656394453,0.9154999749135758,0.9355194068016934,1.847649342130107,2.2889724864847887
empirical,fixed,0.9,2,13,0.95,52,erratic,1901,0.8577394772433696,0.9249198986179523,0.09576674393070636,3.418211120064464,0.8632279759900797,0.05259746679702519,0.1215149921094161,0.827857058128171,0.8789287550504707,3.043029708579545,3.945842292349252
empirical,fixed,0.9,2,13,0.95,52,intermittent,6539,0.8476737529855313,0.957965493750782,0.23783677482792526,2.2337329080978043,0.753296844289916,0.34466354789680426,0.2738950909925065,0.8149119263020165,0.8757042633131591,1.7613919100870847,2.800372484769996
empirical,fixed,0.9,2,13,0.95,52,lumpy,2808,0.7151078164079223,0.932951307951308,0.20366819098195407,3.3114846443297803,1.2722385705594736,0.3105090015997837,0.34152421652421655,0.6643977862940671,0.7547955720759345,2.7382380099548635,4.317938321129869
tsb,none,0.8,2,13,0.95,26,all,13844,0.8133667937312504,0.8939218827979302,0.25527207793746987,1.2400933728768124,0.2349915598114107,0.0,0.0,0.8027499908879628,0.8223305934677907,1.1139812098430817,1.3697882615253825
tsb,none,0.8,2,13,0.95,26,smooth,2596,0.8584272296587938,0.7978883597142457,0.24041405452689896,0.8819037043032323,0.11347015928796894,0.0,0.0,0.8520780919240604,0.8676681486386335,0.7665342749277905,1.0132284657662949
tsb,none,0.8,2,13,0.95,26,erratic,1901,0.7439663411365359,0.8113672229926833,0.2406063193851409,1.6325324210821524,0.32443711805997566,0.0,0.0,0.7130166744625926,0.7717975985454616,1.3661450874320815,1.943676711506636
tsb,none,0.8,2,13,0.95,26,intermittent,6539,0.8266685841743578,0.9492068567615287,0.28739429695181906,1.2352528149294892,0.28524618824849773,0.0,0.0,0.8022714523764737,0.8461285886847068,0.9944530682156458,1.527911802352916
tsb,none,0.8,2,13,0.95,26,lumpy,2808,0.6947387395507086,0.9098517223517224,0.2738358656635689,2.657684594759018,0.8268254433203398,0.0,0.0,0.643122838365017,0.7318528689505434,2.1847222889537807,3.3672955373191398
tsb,quantile,0.8,2,13,0.95,26,all,13844,0.8038463576689371,0.8916399621759344,0.260763414267993,1.0415184088289604,0.21752445186244296,0.025576386598095635,0.18903496099393238,0.791103722785758,0.8147477139312418,0.9677786263273932,1.130922570480497
tsb,quantile,0.8,2,13,0.95,26,smooth,2596,0.8484323150147383,0.795051827987113,0.24378814071189053,0.7707252912765984,0.10783925169552962,0.014011562585124595,0.12750385208012327,0.8374696316260322,0.8593350815094265,0.6977741604165393,0.8418662481727741
tsb,quantile,0.8,2,13,0.95,26,erratic,1901,0.7340027023761136,0.8080675242695232,0.24481517628400634,1.3659335184458816,0.2996056288517098,0.034356751126151594,0.22567069963177275,0.69857520057758,0.7621736411362877,1.1812837554729618,1.5863177366274097
tsb,quantile,0.8,2,13,0.95,26,intermittent,6539,0.8243732146734456,0.9477331813315909,0.295732546705998,1.076454979457289,0.2545006443389815,0.0219554630640081,0.15338736809909773,0.799441286977429,0.844166290767711,0.8866177304397438,1.3102485766292706
tsb,quantile,0.8,2,13,0.95,26,lumpy,2808,0.6846758748112931,0.9068894068894069,0.2828342430053597,1.985694328654154,0.7537135260584483,0.08767941236114553,0.3041310541310541,0.6332613238155194,0.7233548506193048,1.6545031688100522,2.490187705531202
tsb,fixed,0.8,2,13,0.95,26,all,13844,0.8132425083077037,0.893219248246697,0.2569629354550698,1.2312062746186552,0.2330118656329572,0.001894144378578924,0.11550130020225369,0.802627816056822,0.8222144406340997,1.105924784628071,1.360703916652987
tsb,fixed,0.8,2,13,0.95,26,smooth,2596,0.8584162060691823,0.7977833029836111,0.24053902068189864,0.8803598215686974,0.11334826159442299,0.0004510968906805123,0.03736517719568567,0.8520581182266656,0.8676507558085383,0.7651715822373494,1.011369212862158
tsb,fixed,0.8,2,13,0.95,26,erratic,1901,0.7439411396376283,0.8110802926689302,0.240972306941564,1.6255483749233455,0.3241243609966094,0.0022351790954212754,0.060494476591267755,0.7129988678150116,0.7717786061768884,1.361192677151462,1.9359847737300804
tsb,fixed,0.8,2,13,0.95,26,intermittent,6539,0.8259777174326828,0.9484283112513728,0.29179941002949855,1.2007743347235265,0.27483017367543927,0.005684846331497601,0.13962379568741398,0.8014459620185512,0.8456137725321692,0.9696795450451221,1.489441126909197
tsb,fixed,0.8,2,13,0.95,26,lumpy,2808,0.6938419593970393,0.908491970991971,0.2779662683778335,2.6055744575381357,0.8113444942655641,0.008884432527432911,0.16880341880341881,0.6421371656486853,0.7310309572451934,2.11991532120421,3.2885528134475535
tsb,none,0.9,2,13,0.95,26,all,13844,0.823034991352669,0.9101185942055633,0.2162954417957855,1.3134561238794247,0.24990553444717242,0.0,0.0,0.8126578787801021,0.8320011042457658,1.1831437896887649,1.447165816625963
tsb,none,0.9,2,13,0.95,26,smooth,2596,0.8670940918491288,0.8256583555119765,0.20738133422198154,0.9305957699005527,0.11790634184209405,0.0,0.0,0.8607443492424209,0.8759920456949682,0.813828595535444,1.0617497856749392
tsb,none,0.9,2,13,0.95,26,erratic,1901,0.7531448562771441,0.8337477882454211,0.21205928998414053,1.7069976808159082,0.3382311261774431,0.0,0.0,0.7221591784777598,0.7803615849708564,1.4343347384327192,2.0242020834673444
tsb,none,0.9,2,13,0.95,26,intermittent,6539,0.8439571719017447,0.9604471075644038,0.22379547689282203,1.4361230250375747,0.3546780138004157,0.0,0.0,0.8222562407919903,0.8610743471856938,1.1574631732958496,1.7562019574724406
tsb,none,0.9,2,13,0.95,26,lumpy,2808,0.70780288862351,0.9227046102046101,0.23479372572159118,2.8169396813951915,0.8834649962821928,0.0,0.0,0.6585027329997399,0.7438682088505625,2.315970919166682,3.557066659600396
tsb,quantile,0.9,2,13,0.95,26,all,13844,0.8134187519430386,0.9075805731396601,0.22240307198786374,1.1041696551269378,0.22976604822585145,0.026747949333666143,0.2182895117018203,0.8009253049946524,0.8240089510367006,1.0261411935781357,1.1966609507632997
tsb,quantile,0.9,2,13,0.95,26,smooth,2596,0.8570553729410908,0.8226992575991035,0.21090121425447275,0.8155332821026511,0.11149171504717081,0.014407831622211141,0.13520801232665638,0.8461396545700458,0.8682018959446764,0.7417935038597919,0.8891694115838408
tsb,quantile,0.9,2,13,0.95,26,erratic,1901,0.7430855810593289,0.83035244608101,0.216390142735147,1.4286716806879622,0.3109132183154155,0.035654951416033455,0.23619147816938454,0.7073905151135365,0.7709303701762766,1.2415394022400168,1.659559415638639
tsb,quantile,0.9,2,13,0.95,26,intermittent,6539,0.8413177789621208,0.9585980619777836,0.23425762045231072,1.2458752435657747,0.31297673330005893,0.025700242790312074,0.1916195136871081,0.8185589641332055,0.858529971944391,1.0255234859010256,1.5282245221704889
tsb,quantile,0.9,2,13,0.95,26,lumpy,2808,0.6974380928775827,0.919531857031857,0.24443133205487536,2.1013203848493722,0.7989815461571393,0.09237511547734391,0.3450854700854701,0.6482442773420622,0.7349935670404417,1.7514506879105596,2.634475431287051
tsb,fixed,0.9,2,13,0.95,26,all,13844,0.82286081914106,0.9089300254787108,0.21915567740966949,1.3018311213117222,0.24683744519573833,0.0023735063524524015,0.15992487720312049,0.8124712645837475,0.8318607769718076,1.1725045163803671,1.4351876994492008
tsb,fixed,0.9,2,13,0.95,26,smooth,2596,0.8670813276927366,0.8255182798711305,0.20754795576198112,0.9288090781001018,0.11775763942012439,0.0005102761612263802,0.04275808936825886,0.8607389797059616,0.8759891899929602,0.8122278922189781,1.0596408830429223
tsb,fixed,0.9,2,13,0.95,26,erratic,1901,0.7531138390477193,0.8333891253407297,0.2125167744296694,1.6992537125361948,0.33786150419346483,0.002413528164613606,0.06943713834823777,0.7221355587534741,0.7803386842305888,1.429172438922401,2.015664266791754
tsb,fixed,0.9,2,13,0.95,26,intermittent,6539,0.8427897481015264,0.9589595295360703,0.232212389380531,1.3775149664295163,0.333635058808269,0.009387328094025553,0.20905337207524086,0.8205945554089944,0.8598701721590408,1.113737445017691,1.6929102697210796
tsb,fixed,0.9,2,13,0.95,26,lumpy,2808,0.7066695207408575,0.9206811706811707,0.24094015833210405,2.752907775850026,0.8626750185890358,0.011101597530474752,0.2150997150997151,0.6572514820085679,0.7428493375609145,2.252421781704907,3.462509923633841
tsb,none,0.95,2,13,0.95,26,all,13844,0.8304382597485948,0.921347613669197,0.1892733263275997,1.378061931081316,0.2636578201337898,0.0,0.0,0.8199954461719609,0.8393177230819231,1.2440917346981861,1.5151028683103795
tsb,none,0.95,2,13,0.95,26,smooth,2596,0.8737616229972966,0.8461794368959238,0.18297127861204257,0.973092868230682,0.12177069018984653,0.0,0.0,0.8672510864461087,0.8822879182318213,0.8552726847240907,1.1041445755270967
tsb,none,0.95,2,13,0.95,26,erratic,1901,0.7602781728525576,0.8496724212137152,0.19174698060265952,1.7711897756872739,0.35022251631150864,0.0,0.0,0.7292589642657616,0.7875498758091902,1.4952099800565746,2.0932609513359552
tsb,none,0.95,2,13,0.95,26,intermittent,6539,0.8564012328446509,0.9675443840453781,0.18363815142576204,1.6233366325745078,0.42624391261804656,0.0,0.0,0.8363003998359676,0.8731352349481611,1.307336416521162,1.9761925642436693
tsb,none,0.95,2,13,0.95,26,lumpy,2808,0.7178342083323945,0.9317858067858068,0.20720853616560947,2.9567404970595526,0.933962731799644,0.0,0.0,0.6702200739003249,0.7538152662799321,2.431684542545452,3.72517336883897
tsb,quantile,0.95,2,13,0.95,26,all,13844,0.8207398538645085,0.9185469254813375,0.1960130527879396,1.15899230069063,0.24078633316054207,0.027808173043976155,0.24313782143889048,0.8082337723750775,0.831266930386908,1.07729653397135,1.2545313440323431
tsb,quantile,0.95,2,13,0.95,26,smooth,2596,0.8636895432259607,0.8431327917075221,0.18659529710703351,0.8546971950476233,0.11467445744357735,0.014750433183557562,0.1421417565485362,0.8528808524434899,0.8750046749836655,0.7805730377933935,0.9305775906591126
tsb,quantile,0.95,2,13,0.95,26,erratic,1901,0.7501336002538244,0.846109703027115,0.19629132609491276,1.482814193225708,0.3206442278551521,0.03676252498340901,0.2503945291951604,0.7142278663131735,0.7773518661196427,1.2876924977084454,1.7226038464283675
tsb,quantile,0.95,2,13,0.95,26,intermittent,6539,0.8534685740228466,0.9653686273964603,0.1959488692232055,1.3989120963716808,0.37041680413504896,0.02946758143062993,0.22174644441046032,0.8329026191866563,0.8699608056607055,1.1492528975273093,1.7207049842083109
tsb,quantile,0.95,2,13,0.95,26,lumpy,2808,0.7071877605281539,0.9282731157731158,0.2178787431774598,2.2016606205358147,0.8382812464793492,0.09668101214483675,0.3814102564102564,0.6595915557967347,0.7433753528469995,1.8371028188709608,2.7524647559240396
tsb,fixed,0.95,2,13,0.95,26,all,13844,0.8302138555116356,0.9196993774789209,0.19323973041094158,1.363163733789599,0.25915195567429417,0.0029726656651332954,0.2013868824039295,0.8197527937718149,0.8391328627032227,1.2304386955341355,1.499861217825071
tsb,fixed,0.95,2,13,0.95,26,smooth,2596,0.8737488588409044,0.8460393612550777,0.18313790015204215,0.9710793225598052,0.12158880096125703,0.0005598823144780635,0.04468412942989214,0.8672453522845708,0.8822696587242087,0.8534345233251522,1.1018043761487777
tsb,fixed,0.95,2,13,0.95,26,erratic,1901,0.7602400475080564,0.8492420257280857,0.19229596193729412,1.762700747709087,0.3497846564227959,0.002575722426813878,0.07574960547080484,0.729230705719358,0.787514743186067,1.4893556879636687,2.0839528496778548
tsb,fixed,0.95,2,13,0.95,26,intermittent,6539,0.8547064944293582,0.9652713092076909,0.19649950835791544,1.5325313639401401,0.38962966722781966,0.01525828546613766,0.2772595198042514,0.83454335194087,0.871487570662794,1.2388269121780644,1.872027305992264
tsb,fixed,0.95,2,13,0.95,26,lumpy,2808,0.716491291318357,0.9293738668738669,0.2145350838373408,2.8800703003537547,0.9073432324643428,0.013280457853585994,0.25462962962962965,0.6686882782110039,0.752549706662993,2.367301613029676,3.6196699223464965
tsb,none,0.9,1,13,0.95,26,all,13844,0.8292708398604758,0.9085097580835807,0.22016703143888813,0.8584515037414228,0.15861516347762356,0.0,0.0,0.8186410135298112,0.8376391529425227,0.7746875003403817,0.9460776221652129
tsb,none,0.9,1,13,0.95,26,smooth,2596,0.8694772178664538,0.8199327636923939,0.2141919896694645,0.6096903734763152,0.07146842626364423,0.0,0.0,0.8621176483682563,0.8780512716616989,0.5336582074212243,0.6959166343549639
tsb,none,0.9,1,13,0.95,26,erratic,1901,0.7637088076653913,0.8296112094113146,0.21733561058923997,1.0725131128568355,0.2066926134406702,0.0,0.0,0.7334106608233355,0.7885148756651202,0.8991239578616151,1.2905195598357635
tsb,none,0.9,1,13,0.95,26,intermittent,6539,0.8563532951523714,0.9603984484700191,0.224070796460177,1.030254323556864,0.25324749666551055,0.0,0.0,0.8341988086882881,0.8727271632478841,0.8279017648460355,1.2588973949974296
tsb,none,0.9,1,13,0.95,26,lumpy,2808,0.7239494378224917,0.922979797979798,0.23395781088656145,1.9069308938509721,0.5922417250625267,0.0,0.0,0.6761550366967903,0.7598411172248744,1.564424459228985,2.4477209132517
tsb,quantile,0.9,1,13,0.95,26,all,13844,0.8251259209851968,0.9069567387250138,0.22390430062498518,0.7620301816793965,0.1502699151424009,0.014233960750318006,0.1736492343253395,0.8135317614302121,0.8341491588714846,0.7035682271626367,0.8271190815307972
tsb,quantile,0.9,1,13,0.95,26,smooth,2596,0.8650117937904119,0.8180592519960779,0.21642055276695896,0.5564455653694513,0.06883581900774349,0.007939305275977016,0.11171032357473036,0.8549804630545302,0.8746873689592941,0.4982163910210955,0.6124639903723592
tsb,quantile,0.9,1,13,0.95,26,erratic,1901,0.760043605055033,0.8277700731672326,0.21968403074295473,0.9585952296793528,0.19531252120318418,0.016881127114421912,0.17780115728563914,0.7303939489621056,0.7855055702925025,0.8237068917983542,1.1203238641388047
tsb,quantile,0.9,1,13,0.95,26,intermittent,6539,0.854740332800379,0.9591611172128071,0.23107177974434612,0.9306679976425934,0.23479768883925928,0.014183917186226655,0.15109343936381708,0.8317436684970667,0.8710692310823934,0.7585960127569249,1.1452065666106659
tsb,quantile,0.9,1,13,0.95,26,lumpy,2808,0.71859804871454,0.9211829836829837,0.23941584304469685,1.5386877267299068,0.5581816543115297,0.05393524255875262,0.28062678062678065,0.6718132514417939,0.7536042216648998,1.2808584963769105,1.9542566693220191
tsb,fixed,0.9,1,13,0.95,26,all,13844,0.8291947150385535,0.9078892070079588,0.2216603588726563,0.8516448053785207,0.15686446519205466,0.001529573802842235,0.12315804680728114,0.8185641366638399,0.8375634521050961,0.7683324875683839,0.939049938314077
tsb,fixed,0.9,1,13,0.95,26,smooth,2596,0.8694685150325501,0.8198277069617593,0.2143169558244642,0.6086425522742971,0.07137078046724354,0.000286903424362075,0.03389830508474576,0.8620947174264392,0.8780272861877108,0.5327198841235907,0.6947182944563889
tsb,fixed,0.9,1,13,0.95,26,erratic,1901,0.7636920066661196,0.8294199225288126,0.21757960229352202,1.0681370987388266,0.20644382941299247,0.001466856474878952,0.05628616517622304,0.7333862586895442,0.7885003246475882,0.895762019677336,1.286394668969466
tsb,fixed,0.9,1,13,0.95,26,intermittent,6539,0.8557865024377727,0.9595364873694894,0.2289478859390364,0.9964356915858071,0.2417582417582418,0.005966832756671094,0.15629301116378652,0.8334675010759061,0.8721366065724792,0.8025953043325988,1.2184227301120503
tsb,fixed,0.9,1,13,0.95,26,lumpy,2808,0.7235348459926545,0.9221542346542346,0.23646555539165068,1.8685022870147137,0.580196029832586,0.007854712602239697,0.1737891737891738,0.6756846606183118,0.7594642178368917,1.5184558969893838,2.3896710862461013
tsb,none,0.9,4,13,0.95,26,all,13844,0.8045611714729739,0.9112283627958289,0.21362483506238,2.271640810983103,0.36983900031710043,0.0,0.0,0.7944778359582162,0.8144668522406168,2.0706852990089577,2.499860747823785
tsb,none,0.9,4,13,0.95,26,smooth,2596,0.8522192081407469,0.8364091609469113,0.1945931310270135,1.6341346032508566,0.17851310922375654,0.0,0.0,0.8437233729499509,0.861832605202334,1.4546734286894285,1.8580917291789427
tsb,none,0.9,4,13,0.95,26,erratic,1901,0.7325035362872505,0.8357563005116924,0.20949737708917895,3.0165845248580476,0.491042805715183,0.0,0.0,0.6954206824395839,0.7598909732224529,2.5579062302361755,3.5644965402852775
tsb,none,0.9,4,13,0.95,26,intermittent,6539,0.820921700829322,0.959202825007994,0.23083579154375614,2.221940235797049,0.5006076807462488,0.0,0.0,0.797034687499289,0.8383776830083065,1.828404257544684,2.70317150625751
tsb,none,0.9,4,13,0.95,26,lumpy,2808,0.6725783556026227,0.9197746697746698,0.2436937601416138,4.665426646537933,1.3287839390730267,0.0,0.0,0.6157017804731874,0.7159579449701514,3.882428073397776,5.791640776100431
tsb,quantile,0.9,4,13,0.95,26,all,13844,0.7911359290689278,0.9059257702713351,0.22638527847791218,1.7112114255589868,0.291304042366139,0.06080405419051609,0.30793123374747183,0.7793037148822058,0.8019765133321367,1.5982444025596991,1.8360736088196437
tsb,quantile,0.9,4,13,0.95,26,smooth,2596,0.8395458513155639,0.8306835691273288,0.2014037864744965,1.3447337556528534,0.1468452372145942,0.03044512384567787,0.2014637904468413,0.828268526540226,0.8508950732971574,1.2334587931978023,1.4481679884890417
tsb,quantile,0.9,4,13,0.95,26,erratic,1901,0.7168217420439191,0.8280091817703601,0.21937904111260217,2.157597896514891,0.3822289368779995,0.0932978875328185,0.3787480273540242,0.6818309361378675,0.745265212118912,1.9157213174669359,2.4523816171203783
tsb,quantile,0.9,4,13,0.95,26,intermittent,6539,0.815848765040451,0.9554213182443799,0.2522320550639135,1.7765708758780354,0.38520022446119445,0.054716645940664416,0.26074323291023094,0.7924674710915766,0.8342309622785288,1.5131319405376389,2.121161746044684
tsb,quantile,0.9,4,13,0.95,26,lumpy,2808,0.6545075595412452,0.912975912975913,0.264345773712937,2.9489736598995067,1.0212667582974697,0.1881683603343773,0.4683048433048433,0.5983277162538251,0.6968995075733205,2.4344645247993504,3.6074512877177423
tsb,fixed,0.9,4,13,0.95,26,all,13844,0.8041774402277737,0.9088052585957815,0.21945592313709378,2.24287391399138,0.36171135504427065,0.005051857229881599,0.23136376769719735,0.7940839070221246,0.8141307348048318,2.044382814894588,2.4668269803345195
tsb,fixed,0.9,4,13,0.95,26,smooth,2596,0.852182076049424,0.8361815380305365,0.19486389102951285,1.6299293939085384,0.1782463383551586,0.001200700984261505,0.05701078582434515,0.8436936648911184,0.8618092226750506,1.4512441811037282,1.8531443819779072
tsb,fixed,0.9,4,13,0.95,26,erratic,1901,0.7324175927140528,0.8350389747023098,0.21041234598023667,2.9939380702242997,0.48957000427133096,0.005330440115099769,0.10362966859547607,0.6953394257190728,0.7598134415925047,2.5381553683955773,3.5324392317058986
tsb,fixed,0.9,4,13,0.95,26,intermittent,6539,0.8183556243602433,0.9560677890697772,0.24857423795476893,2.088019242753654,0.4527585322042597,0.019375287273670647,0.30417495029821073,0.7944325267485755,0.8362668620529141,1.725543118572844,2.561363817026966
tsb,fixed,0.9,4,13,0.95,26,lumpy,2808,0.6702079718798585,0.9158249158249159,0.2556915965973349,4.508566729005655,1.2681341114440863,0.022547937180324915,0.30947293447293445,0.6127220570436579,0.71413550290093,3.7280241557301776,5.580821056580698
tsb,none,0.9,2,8,0.95,26,all,13844,0.823034991352669,0.9101185942055633,0.2162954417957855,1.3134561238794247,0.45053682384342203,0.0,0.0,0.8126578787801021,0.8320011042457658,1.1831437896887649,1.447165816625963
tsb,none,0.9,2,8,0.95,26,smooth,2596,0.8670940918491288,0.8256583555119765,0.20738133422198154,0.9305957699005527,0.21836535831162704,0.0,0.0,0.8607443492424209,0.8759920456949682,0.813828595535444,1.0617497856749392
tsb,none,0.9,2,8,0.95,26,erratic,1901,0.7531448562771441,0.8337477882454211,0.21205928998414053,1.7069976808159082,0.6646732065633318,0.0,0.0,0.7221591784777598,0.7803615849708564,1.4343347384327192,2.0242020834673444
tsb,none,0.9,2,8,0.95,26,intermittent,6539,0.8439571719017447,0.9604471075644038,0.22379547689282203,1.4361230250375747,0.5297381944033215,0.0,0.0,0.8222562407919903,0.8610743471856938,1.1574631732958496,1.7562019574724406
tsb,none,0.9,2,8,0.95,26,lumpy,2808,0.70780288862351,0.9227046102046101,0.23479372572159118,2.8169396813951915,1.4438938584829843,0.0,0.0,0.6585027329997399,0.7438682088505625,2.315970919166682,3.557066659600396
tsb,quantile,0.9,2,8,0.95,26,all,13844,0.8120849276822822,0.9064511045152478,0.22512108594138888,1.0335731178914564,0.32361942629503254,0.03206857379196726,0.2731147067321583,0.7993302639988088,0.8229479486000555,0.9627380488434295,1.115285812578777
tsb,quantile,0.9,2,8,0.95,26,smooth,2596,0.8561549197265106,0.8212109539151142,0.21267156811696833,0.7826275770179043,0.15358641367721906,0.016900613346724092,0.17796610169491525,0.8452751374129995,0.8675098017087318,0.7192486137693183,0.8457861410582249
tsb,quantile,0.9,2,8,0.95,26,erratic,1901,0.7411993457949361,0.8286786858591172,0.218525070147615,1.3077070707005436,0.488282961568145,0.04505058716261493,0.3140452393477117,0.7049979334059715,0.7686480403454599,1.1475065494062162,1.5069235874598792
tsb,quantile,0.9,2,8,0.95,26,intermittent,6539,0.8403844038947965,0.9579724450499798,0.23779744346116027,1.1880003496631673,0.40225626738328824,0.03170091391800399,0.23291023092215934,0.8173129758781742,0.8578874909173301,0.9821093661225617,1.4530346559961862
tsb,quantile,0.9,2,8,0.95,26,lumpy,2808,0.6943444266690701,0.9179292929292929,0.24929930668240152,1.9034361551114216,1.0072944127742351,0.10490750546404994,0.426994301994302,0.6453151319706221,0.7329101224591892,1.5932110235902528,2.3699677036154125
tsb,fixed,0.9,2,8,0.95,26,all,13844,0.82286081914106,0.9089300254787108,0.21915567740966949,1.3018311213117222,0.4452905519889667,0.0023735063524524015,0.15992487720312049,0.8124712645837475,0.8318607769718076,1.1725045163803671,1.4351876994492008
tsb,fixed,0.9,2,8,0.95,26,smooth,2596,0.8670813276927366,0.8255182798711305,0.20754795576198112,0.9288090781001018,0.2180496581768588,0.0005102761612263802,0.04275808936825886,0.8607389797059616,0.8759891899929602,0.8122278922189781,1.0596408830429223
tsb,fixed,0.9,2,8,0.95,26,erratic,1901,0.7531138390477193,0.8333891253407297,0.2125167744296694,1.6992537125361948,0.6633804773680847,0.002413528164613606,0.06943713834823777,0.7221355587534741,0.7803386842305888,1.429172438922401,2.015664266791754
tsb,fixed,0.9,2,8,0.95,26,intermittent,6539,0.8427897481015264,0.9589595295360703,0.232212389380531,1.3775149664295163,0.4967055525946982,0.009387328094025553,0.20905337207524086,0.8205945554089944,0.8598701721590408,1.113737445017691,1.6929102697210796
tsb,fixed,0.9,2,8,0.95,26,lumpy,2808,0.7066695207408575,0.9206811706811707,0.24094015833210405,2.752907775850026,1.40876801634333,0.011101597530474752,0.2150997150997151,0.6572514820085679,0.7428493375609145,2.252421781704907,3.462509923633841
tsb,none,0.9,2,26,0.95,26,all,13844,0.823034991352669,0.9101185942055633,0.2162954417957855,1.3134561238794247,,0.0,0.0,0.8126578787801021,0.8320011042457658,1.1831437896887649,1.447165816625963
tsb,none,0.9,2,26,0.95,26,smooth,2596,0.8670940918491288,0.8256583555119765,0.20738133422198154,0.9305957699005527,,0.0,0.0,0.8607443492424209,0.8759920456949682,0.813828595535444,1.0617497856749392
tsb,none,0.9,2,26,0.95,26,erratic,1901,0.7531448562771441,0.8337477882454211,0.21205928998414053,1.7069976808159082,,0.0,0.0,0.7221591784777598,0.7803615849708564,1.4343347384327192,2.0242020834673444
tsb,none,0.9,2,26,0.95,26,intermittent,6539,0.8439571719017447,0.9604471075644038,0.22379547689282203,1.4361230250375747,,0.0,0.0,0.8222562407919903,0.8610743471856938,1.1574631732958496,1.7562019574724406
tsb,none,0.9,2,26,0.95,26,lumpy,2808,0.70780288862351,0.9227046102046101,0.23479372572159118,2.8169396813951915,,0.0,0.0,0.6585027329997399,0.7438682088505625,2.315970919166682,3.557066659600396
tsb,quantile,0.9,2,26,0.95,26,all,13844,0.8158412819903343,0.9085491581518741,0.2200722169986489,1.1810203384464704,,0.020215196758498057,0.16642588847154002,0.8038327760904828,0.8261611350021417,1.084595822209841,1.2891905006828663
tsb,quantile,0.9,2,26,0.95,26,smooth,2596,0.8591777040357652,0.8238548816360834,0.20952658654947617,0.8549342022242703,,0.011179950527290202,0.10400616332819723,0.8487265262708599,0.8698848245327973,0.7624348094413937,0.9427333795661913
tsb,quantile,0.9,2,26,0.95,26,erratic,1901,0.7461866578095245,0.8315718999569605,0.2148346956203489,1.5503819965661343,,0.02443123771023058,0.17254076801683324,0.7125500817570428,0.7725808717848432,1.3300735743005225,1.8126237963511436
tsb,quantile,0.9,2,26,0.95,26,intermittent,6539,0.8423977869705352,0.9592862405983679,0.2303638151425762,1.3072580485975407,,0.01832347790777352,0.14436458174032726,0.8201793691312321,0.8593492504573796,1.0699727354086428,1.595161334051782
tsb,quantile,0.9,2,26,0.95,26,lumpy,2808,0.7008990333701358,0.9208106708106708,0.24054678664503124,2.3249881706135507,,0.07720420900835943,0.27136752136752135,0.6513597891669084,0.7390109748885395,1.9363978509875703,2.919310122057053
tsb,fixed,0.9,2,26,0.95,26,all,13844,0.82286081914106,0.9089300254787108,0.21915567740966949,1.3018311213117222,,0.0023735063524524015,0.15992487720312049,0.8124712645837475,0.8318607769718076,1.1725045163803671,1.4351876994492008
tsb,fixed,0.9,2,26,0.95,26,smooth,2596,0.8670813276927366,0.8255182798711305,0.20754795576198112,0.9288090781001018,,0.0005102761612263802,0.04275808936825886,0.8607389797059616,0.8759891899929602,0.8122278922189781,1.0596408830429223
tsb,fixed,0.9,2,26,0.95,26,erratic,1901,0.7531138390477193,0.8333891253407297,0.2125167744296694,1.6992537125361948,,0.002413528164613606,0.06943713834823777,0.7221355587534741,0.7803386842305888,1.429172438922401,2.015664266791754
tsb,fixed,0.9,2,26,0.95,26,intermittent,6539,0.8427897481015264,0.9589595295360703,0.232212389380531,1.3775149664295163,,0.009387328094025553,0.20905337207524086,0.8205945554089944,0.8598701721590408,1.113737445017691,1.6929102697210796
tsb,fixed,0.9,2,26,0.95,26,lumpy,2808,0.7066695207408575,0.9206811706811707,0.24094015833210405,2.752907775850026,,0.011101597530474752,0.2150997150997151,0.6572514820085679,0.7428493375609145,2.252421781704907,3.462509923633841
tsb,none,0.9,2,13,0.9,26,all,13844,0.823034991352669,0.9101185942055633,0.2162954417957855,1.3134561238794247,0.24990553444717242,0.0,0.0,0.8126578787801021,0.8320011042457658,1.1831437896887649,1.447165816625963
tsb,none,0.9,2,13,0.9,26,smooth,2596,0.8670940918491288,0.8256583555119765,0.20738133422198154,0.9305957699005527,0.11790634184209405,0.0,0.0,0.8607443492424209,0.8759920456949682,0.813828595535444,1.0617497856749392
tsb,none,0.9,2,13,0.9,26,erratic,1901,0.7531448562771441,0.8337477882454211,0.21205928998414053,1.7069976808159082,0.3382311261774431,0.0,0.0,0.7221591784777598,0.7803615849708564,1.4343347384327192,2.0242020834673444
tsb,none,0.9,2,13,0.9,26,intermittent,6539,0.8439571719017447,0.9604471075644038,0.22379547689282203,1.4361230250375747,0.3546780138004157,0.0,0.0,0.8222562407919903,0.8610743471856938,1.1574631732958496,1.7562019574724406
tsb,none,0.9,2,13,0.9,26,lumpy,2808,0.70780288862351,0.9227046102046101,0.23479372572159118,2.8169396813951915,0.8834649962821928,0.0,0.0,0.6585027329997399,0.7438682088505625,2.315970919166682,3.557066659600396
tsb,quantile,0.9,2,13,0.9,26,all,13844,0.8133188057482699,0.9071504557274566,0.2234381296271422,1.0993244224137024,0.2281991542722165,0.02723870413803139,0.2349032071655591,0.8008155106775724,0.8239100277142776,1.021726282704785,1.1911960160139008
tsb,quantile,0.9,2,13,0.9,26,smooth,2596,0.8569982243317892,0.822454125227623,0.21119280194947201,0.8140004229577278,0.11108326204261894,0.014567383577114216,0.13944530046224962,0.8460869109778416,0.8681554308039007,0.7405459942628614,0.8874514693378447
tsb,quantile,0.9,2,13,0.9,26,erratic,1901,0.7430022222552498,0.8299459614556932,0.21690862510674638,1.42336644207177,0.30961811974847614,0.036192583392729176,0.24618621778011573,0.7072812313534442,0.7708847461928151,1.2367420014617396,1.6531491355628392
tsb,quantile,0.9,2,13,0.9,26,intermittent,6539,0.840954016473647,0.9581462275299253,0.2368141592920354,1.229066032761183,0.3053089584267414,0.027476757268905076,0.2121119437222817,0.8180800701414461,0.8582611263117669,1.0128498975703604,1.5070173177827149
tsb,quantile,0.9,2,13,0.9,26,lumpy,2808,0.697158694035736,0.9189652939652939,0.24615233318581894,2.0819111782068904,0.792344021090106,0.09424753836101034,0.3685897435897436,0.6479090476229095,0.7347384101608342,1.7355543324334706,2.6088772338239723
tsb,fixed,0.9,2,13,0.9,26,all,13844,0.82286081914106,0.9089300254787108,0.21915567740966949,1.3018311213117222,0.24683744519573833,0.0023735063524524015,0.15992487720312049,0.8124712645837475,0.8318607769718076,1.1725045163803671,1.4351876994492008
tsb,fixed,0.9,2,13,0.9,26,smooth,2596,0.8670813276927366,0.8255182798711305,0.20754795576198112,0.9288090781001018,0.11775763942012439,0.0005102761612263802,0.04275808936825886,0.8607389797059616,0.8759891899929602,0.8122278922189781,1.0596408830429223
tsb,fixed,0.9,2,13,0.9,26,erratic,1901,0.7531138390477193,0.8333891253407297,0.2125167744296694,1.6992537125361948,0.33786150419346483,0.002413528164613606,0.06943713834823777,0.7221355587534741,0.7803386842305888,1.429172438922401,2.015664266791754
tsb,fixed,0.9,2,13,0.9,26,intermittent,6539,0.8427897481015264,0.9589595295360703,0.232212389380531,1.3775149664295163,0.333635058808269,0.009387328094025553,0.20905337207524086,0.8205945554089944,0.8598701721590408,1.113737445017691,1.6929102697210796
tsb,fixed,0.9,2,13,0.9,26,lumpy,2808,0.7066695207408575,0.9206811706811707,0.24094015833210405,2.752907775850026,0.8626750185890358,0.011101597530474752,0.2150997150997151,0.6572514820085679,0.7428493375609145,2.252421781704907,3.462509923633841
tsb,none,0.9,2,13,0.99,26,all,13844,0.823034991352669,0.9101185942055633,0.2162954417957855,1.3134561238794247,0.24990553444717242,0.0,0.0,0.8126578787801021,0.8320011042457658,1.1831437896887649,1.447165816625963
tsb,none,0.9,2,13,0.99,26,smooth,2596,0.8670940918491288,0.8256583555119765,0.20738133422198154,0.9305957699005527,0.11790634184209405,0.0,0.0,0.8607443492424209,0.8759920456949682,0.813828595535444,1.0617497856749392
tsb,none,0.9,2,13,0.99,26,erratic,1901,0.7531448562771441,0.8337477882454211,0.21205928998414053,1.7069976808159082,0.3382311261774431,0.0,0.0,0.7221591784777598,0.7803615849708564,1.4343347384327192,2.0242020834673444
tsb,none,0.9,2,13,0.99,26,intermittent,6539,0.8439571719017447,0.9604471075644038,0.22379547689282203,1.4361230250375747,0.3546780138004157,0.0,0.0,0.8222562407919903,0.8610743471856938,1.1574631732958496,1.7562019574724406
tsb,none,0.9,2,13,0.99,26,lumpy,2808,0.70780288862351,0.9227046102046101,0.23479372572159118,2.8169396813951915,0.8834649962821928,0.0,0.0,0.6585027329997399,0.7438682088505625,2.315970919166682,3.557066659600396
tsb,quantile,0.9,2,13,0.99,26,all,13844,0.8135875729766894,0.9082700743347956,0.2207438192836769,1.1128314860549167,0.23243956578125385,0.025875362089182733,0.18701242415486855,0.8011144258074213,0.8241752726250069,1.0340308514615129,1.2064124611621254
tsb,quantile,0.9,2,13,0.99,26,smooth,2596,0.8571534248697403,0.8232595601624877,0.2102347280944744,0.8183817196393662,0.11222884507882303,0.014116576780897163,0.12750385208012327,0.8462353952286245,0.8682877683875296,0.7441412405779511,0.892276015915976
tsb,quantile,0.9,2,13,0.99,26,erratic,1901,0.7432322667068167,0.830639376404763,0.21602415517872392,1.4383845968438675,0.3132759557668461,0.0346714467663569,0.2219884271436086,0.7076143658163837,0.7710090226009277,1.25029334633697,1.671205909615706
tsb,quantile,0.9,2,13,0.99,26,intermittent,6539,0.8419043107264816,0.9593557535903461,0.22997050147492626,1.2735324721467909,0.3248133954831415,0.022536355099865492,0.14895243921088852,0.8193854067239468,0.8589939642925325,1.0464035673468621,1.562826146746606
tsb,quantile,0.9,2,13,0.99,26,lumpy,2808,0.6979000022532165,0.9204545454545454,0.2416285587844815,2.136292557626011,0.810457177621054,0.08920483990897006,0.306980056980057,0.6487665588681969,0.7354069634463999,1.780744003694376,2.6745547334350457
tsb,fixed,0.9,2,13,0.99,26,all,13844,0.82286081914106,0.9089300254787108,0.21915567740966949,1.3018311213117222,0.24683744519573833,0.0023735063524524015,0.15992487720312049,0.8124712645837475,0.8318607769718076,1.1725045163803671,1.4351876994492008
tsb,fixed,0.9,2,13,0.99,26,smooth,2596,0.8670813276927366,0.8255182798711305,0.20754795576198112,0.9288090781001018,0.11775763942012439,0.0005102761612263802,0.04275808936825886,0.8607389797059616,0.8759891899929602,0.8122278922189781,1.0596408830429223
tsb,fixed,0.9,2,13,0.99,26,erratic,1901,0.7531138390477193,0.8333891253407297,0.2125167744296694,1.6992537125361948,0.33786150419346483,0.002413528164613606,0.06943713834823777,0.7221355587534741,0.7803386842305888,1.429172438922401,2.015664266791754
tsb,fixed,0.9,2,13,0.99,26,intermittent,6539,0.8427897481015264,0.9589595295360703,0.232212389380531,1.3775149664295163,0.333635058808269,0.009387328094025553,0.20905337207524086,0.8205945554089944,0.8598701721590408,1.113737445017691,1.6929102697210796
tsb,fixed,0.9,2,13,0.99,26,lumpy,2808,0.7066695207408575,0.9206811706811707,0.24094015833210405,2.752907775850026,0.8626750185890358,0.011101597530474752,0.2150997150997151,0.6572514820085679,0.7428493375609145,2.252421781704907,3.462509923633841
tsb,none,0.9,2,13,0.95,13,all,13844,0.823034991352669,0.9101185942055633,0.2162954417957855,1.3134561238794247,0.24990553444717242,0.0,0.0,0.8126578787801021,0.8320011042457658,1.1831437896887649,1.447165816625963
tsb,none,0.9,2,13,0.95,13,smooth,2596,0.8670940918491288,0.8256583555119765,0.20738133422198154,0.9305957699005527,0.11790634184209405,0.0,0.0,0.8607443492424209,0.8759920456949682,0.813828595535444,1.0617497856749392
tsb,none,0.9,2,13,0.95,13,erratic,1901,0.7531448562771441,0.8337477882454211,0.21205928998414053,1.7069976808159082,0.3382311261774431,0.0,0.0,0.7221591784777598,0.7803615849708564,1.4343347384327192,2.0242020834673444
tsb,none,0.9,2,13,0.95,13,intermittent,6539,0.8439571719017447,0.9604471075644038,0.22379547689282203,1.4361230250375747,0.3546780138004157,0.0,0.0,0.8222562407919903,0.8610743471856938,1.1574631732958496,1.7562019574724406
tsb,none,0.9,2,13,0.95,13,lumpy,2808,0.70780288862351,0.9227046102046101,0.23479372572159118,2.8169396813951915,0.8834649962821928,0.0,0.0,0.6585027329997399,0.7438682088505625,2.315970919166682,3.557066659600396
tsb,quantile,0.9,2,13,0.95,13,all,13844,0.8134187519430386,0.9075805731396601,0.22240307198786374,1.1041696551269378,0.22976604822585145,0.026747949333666143,0.2182895117018203,0.8009253049946524,0.8240089510367006,1.0261411935781357,1.1966609507632997
tsb,quantile,0.9,2,13,0.95,13,smooth,2596,0.8570553729410908,0.8226992575991035,0.21090121425447275,0.8155332821026511,0.11149171504717081,0.014407831622211141,0.13520801232665638,0.8461396545700458,0.8682018959446764,0.7417935038597919,0.8891694115838408
tsb,quantile,0.9,2,13,0.95,13,erratic,1901,0.7430855810593289,0.83035244608101,0.216390142735147,1.4286716806879622,0.3109132183154155,0.035654951416033455,0.23619147816938454,0.7073905151135365,0.7709303701762766,1.2415394022400168,1.659559415638639
tsb,quantile,0.9,2,13,0.95,13,intermittent,6539,0.8413177789621208,0.9585980619777836,0.23425762045231072,1.2458752435657747,0.31297673330005893,0.025700242790312074,0.1916195136871081,0.8185589641332055,0.858529971944391,1.0255234859010256,1.5282245221704889
tsb,quantile,0.9,2,13,0.95,13,lumpy,2808,0.6974380928775827,0.919531857031857,0.24443133205487536,2.1013203848493722,0.7989815461571393,0.09237511547734391,0.3450854700854701,0.6482442773420622,0.7349935670404417,1.7514506879105596,2.634475431287051
tsb,fixed,0.9,2,13,0.95,13,all,13844,0.8224487784382742,0.9076199732079535,0.2223082575476245,1.284764143379117,0.24046353629660855,0.004409370637603211,0.23454203987286912,0.8120951391664961,0.8315114760763037,1.1574254316757333,1.4145435762688683
tsb,fixed,0.9,2,13,0.95,13,smooth,2596,0.8670711743865155,0.8253957136853901,0.20769374960948075,0.9274523062944987,0.11773274931515951,0.0008636112177208264,0.06779661016949153,0.8607314758979704,0.8759916780160542,0.811277178534631,1.0581051423011174
tsb,fixed,0.9,2,13,0.95,13,erratic,1901,0.7529128732487381,0.8329348189947874,0.21309625472733926,1.6754034016853987,0.3323427636480656,0.004547901264404433,0.11888479747501315,0.7219744107141159,0.7802994111816444,1.4190809225691283,1.9954947626265407
tsb,fixed,0.9,2,13,0.95,13,intermittent,6539,0.8402264914966994,0.9574858541061324,0.24055063913470992,1.3293178466388629,0.31504876955223377,0.016953023881430346,0.2908701636335831,0.8174824869496501,0.858115168509297,1.0739074855265365,1.6399303403299195
tsb,fixed,0.9,2,13,0.95,13,lumpy,2808,0.7041188797007728,0.9180749805749806,0.2488567635344446,2.6623442464117524,0.8137635474640049,0.021443861111737003,0.33582621082621084,0.6540953334089922,0.7405347808207474,2.1805882863124535,3.3506372030357117
tsb,none,0.9,2,13,0.95,52,all,13844,0.823034991352669,0.9101185942055633,0.2162954417957855,1.3134561238794247,0.24990553444717242,0.0,0.0,0.8126578787801021,0.8320011042457658,1.1831437896887649,1.447165816625963
tsb,none,0.9,2,13,0.95,52,smooth,2596,0.8670940918491288,0.8256583555119765,0.20738133422198154,0.9305957699005527,0.11790634184209405,0.0,0.0,0.8607443492424209,0.8759920456949682,0.813828595535444,1.0617497856749392
tsb,none,0.9,2,13,0.95,52,erratic,1901,0.7531448562771441,0.8337477882454211,0.21205928998414053,1.7069976808159082,0.3382311261774431,0.0,0.0,0.7221591784777598,0.7803615849708564,1.4343347384327192,2.0242020834673444
tsb,none,0.9,2,13,0.95,52,intermittent,6539,0.8439571719017447,0.9604471075644038,0.22379547689282203,1.4361230250375747,0.3546780138004157,0.0,0.0,0.8222562407919903,0.8610743471856938,1.1574631732958496,1.7562019574724406
tsb,none,0.9,2,13,0.95,52,lumpy,2808,0.70780288862351,0.9227046102046101,0.23479372572159118,2.8169396813951915,0.8834649962821928,0.0,0.0,0.6585027329997399,0.7438682088505625,2.315970919166682,3.557066659600396
tsb,quantile,0.9,2,13,0.95,52,all,13844,0.8134187519430386,0.9075805731396601,0.22240307198786374,1.1041696551269378,0.22976604822585145,0.026747949333666143,0.2182895117018203,0.8009253049946524,0.8240089510367006,1.0261411935781357,1.1966609507632997
tsb,quantile,0.9,2,13,0.95,52,smooth,2596,0.8570553729410908,0.8226992575991035,0.21090121425447275,0.8155332821026511,0.11149171504717081,0.014407831622211141,0.13520801232665638,0.8461396545700458,0.8682018959446764,0.7417935038597919,0.8891694115838408
tsb,quantile,0.9,2,13,0.95,52,erratic,1901,0.7430855810593289,0.83035244608101,0.216390142735147,1.4286716806879622,0.3109132183154155,0.035654951416033455,0.23619147816938454,0.7073905151135365,0.7709303701762766,1.2415394022400168,1.659559415638639
tsb,quantile,0.9,2,13,0.95,52,intermittent,6539,0.8413177789621208,0.9585980619777836,0.23425762045231072,1.2458752435657747,0.31297673330005893,0.025700242790312074,0.1916195136871081,0.8185589641332055,0.858529971944391,1.0255234859010256,1.5282245221704889
tsb,quantile,0.9,2,13,0.95,52,lumpy,2808,0.6974380928775827,0.919531857031857,0.24443133205487536,2.1013203848493722,0.7989815461571393,0.09237511547734391,0.3450854700854701,0.6482442773420622,0.7349935670404417,1.7514506879105596,2.634475431287051
tsb,fixed,0.9,2,13,0.95,52,all,13844,0.8229583486748153,0.9094684930787214,0.21785988005973309,1.3053439107133518,0.24792204265855497,0.0017211804974765744,0.10957815660213811,0.8125692458194894,0.831938681723745,1.1758204040161981,1.438808691439814
tsb,fixed,0.9,2,13,0.95,52,smooth,2596,0.8670906107155673,0.8255883176915535,0.20746464499198133,0.929269458013613,0.11780231396749724,0.000348403450615624,0.030816640986132512,0.8607435291403123,0.875989899593458,0.8126246056690094,1.0602262992253477
tsb,fixed,0.9,2,13,0.95,52,erratic,1901,0.7531325786238301,0.8335325905026063,0.21233378065145786,1.7011386554160284,0.3378842501617096,0.001905621032783273,0.05102577590741715,0.722151530782566,0.7803485520692888,1.4307248356340097,2.017447939308123
tsb,fixed,0.9,2,13,0.95,52,intermittent,6539,0.843379099730139,0.9595225847710938,0.22902654867256636,1.4001923147419684,0.3431577403863778,0.006313676059634489,0.13885915277565378,0.8215779371498991,0.8605181023437337,1.1305166630385972,1.7151394968605453
tsb,fixed,0.9,2,13,0.95,52,lumpy,2808,0.7073342195984769,0.9218628593628594,0.23735064168756453,2.770491877154638,0.8687970077285324,0.008071021383024268,0.15384615384615385,0.6579154154533162,0.7435649707510876,2.2710021730895056,3.4856134341147014
tsb_nb,none,0.8,2,13,0.95,26,all,13844,0.8737158251766709,0.9165014052691025,0.20093550247702724,1.7505519049589366,0.3041528765947589,0.0,0.0,0.8624264599124633,0.8838471759490854,1.6126634769016115,1.9150002921712002
tsb_nb,none,0.8,2,13,0.95,26,smooth,2596,0.9144575248038018,0.8672082924779381,0.1579572199196051,1.2741772703445422,0.13978027665148604,0.0,0.0,0.9084788835578118,0.9219014178919345,1.1510827855678905,1.4181622665198816
tsb_nb,none,0.8,2,13,0.95,26,erratic,1901,0.815092725361173,0.8543111281143896,0.18583018177381969,2.3340213127137686,0.43498963184487255,0.0,0.0,0.7826800760837891,0.8438440436201897,2.0332300831939603,2.6875730222864505
tsb_nb,none,0.8,2,13,0.95,26,intermittent,6539,0.8720965972698075,0.953405441477012,0.263638151425762,1.6173557004965782,0.3320220964562766,0.0,0.0,0.8470832715049843,0.893614052587177,1.3473391630224092,1.941905091602364
tsb_nb,none,0.8,2,13,0.95,26,lumpy,2808,0.7629751470223745,0.9182368557368558,0.24836504892560357,3.52256370969559,1.1023793965886302,0.0,0.0,0.7032680260870138,0.8062468168076723,2.9100071461859023,4.403783241368823
tsb_nb,quantile,0.8,2,13,0.95,26,all,13844,0.869426251877875,0.9150140526910246,0.2045147475960589,1.6463955414675728,0.29648132430261637,0.016739692983932485,0.13500433400751227,0.8575584613535675,0.8801987866575338,1.5292932701091804,1.8018269253574555
tsb_nb,quantile,0.8,2,13,0.95,26,smooth,2596,0.9089466002814497,0.8657374982490544,0.15970674608960073,1.212625317182034,0.13713171420009498,0.009508426228832896,0.09167950693374423,0.9009381238574404,0.9179840115546071,1.1050617152851874,1.3273569704756956
tsb_nb,quantile,0.8,2,13,0.95,26,erratic,1901,0.8124717694747814,0.8519678638037397,0.18881908015127485,2.2283559511401094,0.4244639350395825,0.016289861178512555,0.13361388742766964,0.778434416162682,0.8406711711839848,1.9438245116261936,2.549685781898724
tsb_nb,quantile,0.8,2,13,0.95,26,intermittent,6539,0.8707515220217299,0.9522445745109761,0.27020648967551625,1.5083482081172614,0.31681062073671773,0.01702916021622719,0.1264719376051384,0.8450800668531423,0.8926109669728731,1.2735910216333908,1.8008095585444392
tsb_nb,quantile,0.8,2,13,0.95,26,lumpy,2808,0.7600009012865866,0.916553354053354,0.25347888085755027,3.0966291881661068,1.0716703093666209,0.07424348257137063,0.19586894586894588,0.7014630170118719,0.8027347929455959,2.586632012282554,3.872315389425194
tsb_nb,fixed,0.8,2,13,0.95,26,all,13844,0.8735501112786087,0.9158119040739671,0.2025947551812141,1.7403068158298893,0.30234141654656727,0.002284435132244006,0.09823750361167292,0.8621893335409554,0.883708518470105,1.6029717382686768,1.9043304776050387
tsb_nb,fixed,0.8,2,13,0.95,26,smooth,2596,0.9144430200806288,0.8671032357473035,0.1580821860746048,1.2723528662638415,0.13976368324817612,0.0005865710051163961,0.03505392912172573,0.9084494292444797,0.9218802907229428,1.1494281101280717,1.4160094811548585
tsb_nb,fixed,0.8,2,13,0.95,26,erratic,1901,0.8150791553232997,0.854167662952513,0.18601317555203123,2.3250379476416243,0.43492565880918393,0.0029744230633778927,0.046291425565491845,0.7826736350808013,0.8438281448702596,2.026265621193461,2.674711104179615
tsb_nb,fixed,0.8,2,13,0.95,26,intermittent,6539,0.871070166682176,0.9525990907700649,0.2682005899705015,1.5756217095709013,0.3192052494592911,0.007145536013896291,0.13167150940510783,0.8458421171455078,0.8927932128200925,1.3156404981336773,1.8955368808035604
tsb_nb,fixed,0.8,2,13,0.95,26,lumpy,2808,0.7617922083774589,0.9169094794094794,0.2523971087181,3.4676753565715055,1.089327414884748,0.009181857101011694,0.11396011396011396,0.702186032090228,0.8052115827172736,2.8708746576023523,4.32915173120944
tsb_nb,none,0.9,2,13,0.95,26,all,13844,0.9112262017148972,0.948051009955084,0.12501283945544905,2.4011060021746498,0.42939312290775417,0.0,0.0,0.9024864754493526,0.9199756145840717,2.2236655357314574,2.599954702059984
tsb_nb,none,0.9,2,13,0.95,26,smooth,2596,0.9408944134478511,0.9173553719008265,0.09830670859975424,1.6878084610691781,0.170121952811494,0.0,0.0,0.9350238195666543,0.947066353426997,1.5477257553016008,1.8545917932877203
tsb_nb,none,0.9,2,13,0.95,26,erratic,1901,0.868862384953542,0.9225527234469896,0.09878614127119678,3.2678473461206172,0.617880011140355,0.0,0.0,0.8384077324648316,0.8935811238761832,2.9091750858167322,3.7517119893840905
tsb_nb,none,0.9,2,13,0.95,26,intermittent,6539,0.9112729713191607,0.9678502412100821,0.18190757128810225,2.3227024451042926,0.5090943441982704,0.0,0.0,0.8915377681152523,0.9285910057829595,1.9489972926124277,2.7564522124650095
tsb_nb,none,0.9,2,13,0.95,26,lumpy,2808,0.8284693900543025,0.9475848225848226,0.15921719034272508,4.98181428989883,1.7222766499177575,0.0,0.0,0.7794360365304982,0.8669679811703206,4.195060700661275,6.309897427780415
tsb_nb,quantile,0.9,2,13,0.95,26,all,13844,0.9067365634079201,0.9461630900160227,0.1295560313835797,2.246170239613666,0.41203614565354024,0.022834684678386438,0.17697197341808726,0.8965003387004645,0.9153075470331464,2.0942032982911254,2.4154461706353643
tsb_nb,quantile,0.9,2,13,0.95,26,smooth,2596,0.9351937671463959,0.9156919736657795,0.10028533938724929,1.607058056314878,0.1646569792521539,0.011563455407984502,0.10400616332819723,0.9271876320613406,0.9431307728896731,1.484630246064913,1.7396860353710875
tsb_nb,quantile,0.9,2,13,0.95,26,erratic,1901,0.8660359399222114,0.9198029745110229,0.10229352202025131,3.0896688716901224,0.5917050881826295,0.024760795772868584,0.1693845344555497,0.8337801563906706,0.890692382584187,2.7643472720685165,3.4874725953760928
tsb_nb,quantile,0.9,2,13,0.95,26,intermittent,6539,0.9096656486956718,0.9663487605833531,0.1904031465093412,2.148282561677481,0.4754516717565217,0.02511935075445468,0.16944486924606209,0.8896406213555802,0.9272796552580392,1.83054771133215,2.5228526954675083
tsb_nb,quantile,0.9,2,13,0.95,26,lumpy,2808,0.8252833419706631,0.9451728826728827,0.1665437380144564,4.347281494333161,1.6563128365742097,0.10183862463666885,0.2670940170940171,0.7772702673623538,0.8633141732753761,3.670116779278064,5.491040832369982
tsb_nb,fixed,0.9,2,13,0.95,26,all,13844,0.9107230183681773,0.946461873867248,0.12883702187843207,2.3704095739823656,0.4197080777066992,0.005396231424291966,0.16873735914475585,0.9019662262715318,0.9194821192442311,2.1967559264613956,2.56804123250837
tsb_nb,fixed,0.9,2,13,0.95,26,smooth,2596,0.9408758474021895,0.9172328057150861,0.09845250244725387,1.6840726245687383,0.16996303906441054,0.000990092403789446,0.04429892141756549,0.9350017101701259,0.9470468118521187,1.5446637010790094,1.8512526886501675
tsb_nb,fixed,0.9,2,13,0.95,26,erratic,1901,0.868777087572624,0.9221701496819855,0.09927412467976089,3.245103316452637,0.6173952376921372,0.005513312530249876,0.08837453971593898,0.8382778715819965,0.8935281226837033,2.8930562908335222,3.712308678482762
tsb_nb,fixed,0.9,2,13,0.95,26,intermittent,6539,0.9085912804157608,0.9659177800330881,0.1928416912487709,2.208960400646313,0.4670270453180384,0.017810262613957763,0.2194525156751797,0.8881805885122823,0.9268910403899894,1.8604966777581533,2.604969395455521
tsb_nb,fixed,0.9,2,13,0.95,26,lumpy,2808,0.82448570334152,0.9446225071225072,0.1682155676845159,4.780338433113269,1.6323949437822491,0.029291814064577183,0.22008547008547008,0.7753906744456097,0.8641950044983766,4.038217531311638,6.050447114793665
tsb_nb,none,0.95,2,13,0.95,26,all,13844,0.9337116788768465,0.9640802710724699,0.0864391646847815,3.09098866810389,0.6068645601323087,0.0,0.0,0.9254552821275921,0.9412488161836157,2.866829169238154,3.312412900788137
tsb_nb,none,0.95,2,13,0.95,26,smooth,2596,0.9555073418557285,0.9416760050427231,0.06937704371732656,2.091578470697413,0.20628280787072695,0.0,0.0,0.9503064846953427,0.9611095962989783,1.92244025205221,2.2856015844713298
tsb_nb,none,0.95,2,13,0.95,26,erratic,1901,0.9028036344438578,0.952752140021998,0.06026595095766744,4.302143355172478,0.8904890189314953,0.0,0.0,0.879904556109948,0.9223803837046618,3.831978415531365,4.9339460862995015
tsb_nb,none,0.95,2,13,0.95,26,intermittent,6539,0.9322668606733272,0.9759554560747403,0.136047197640118,3.0856533766464485,0.7636570255507901,0.0,0.0,0.9142504872710281,0.9481378110742936,2.5623213717385225,3.669037413328306
tsb_nb,none,0.95,2,13,0.95,26,lumpy,2808,0.8733489556341678,0.9648083398083398,0.10689875596203963,6.634661228904261,2.603996755368288,0.0,0.0,0.8377244569270168,0.9030108344557054,5.580192583522494,8.515475616562417
tsb_nb,quantile,0.95,2,13,0.95,26,all,13844,0.9292303262647725,0.9617885004334008,0.09195420462536444,2.8688390032516176,0.5673029562496321,0.030278518455608614,0.2169170759895984,0.9204048163092572,0.9367965812349717,2.6800752094131597,3.0591766590800664
tsb_nb,quantile,0.95,2,13,0.95,26,smooth,2596,0.9498432474566694,0.9399425689872531,0.0714389852748214,1.9899569296750101,0.19535349895986628,0.013618774681599569,0.11594761171032357,0.9411760892883891,0.9573982768917514,1.8429317797250735,2.136655517188498
tsb_nb,quantile,0.95,2,13,0.95,26,erratic,1901,0.9002214500942471,0.9496915499019655,0.06416981822618031,4.025378555592245,0.8293848184878196,0.035340901968107824,0.20199894792214623,0.8761137742505902,0.920808985502463,3.615797427863491,4.5593589872411115
tsb_nb,quantile,0.95,2,13,0.95,26,intermittent,6539,0.9302139994980642,0.9740299461969442,0.14694198623402163,2.8209724583858535,0.6941507555826263,0.03542031486604235,0.20981801498700106,0.912052482988281,0.9464320612698639,2.3654452642155994,3.3370063795599454
tsb_nb,quantile,0.95,2,13,0.95,26,lumpy,2808,0.8694914490435096,0.9616679616679616,0.11643801937355559,5.700770600031545,2.4410874022667355,0.13791712669836192,0.3368945868945869,0.8342886950492152,0.9007110733966113,4.801236375773602,7.257009783550082
tsb_nb,fixed,0.95,2,13,0.95,26,all,13844,0.9320212244979689,0.9611745160358278,0.09343172965242606,3.005842277999909,0.5694512643193638,0.013733711920542948,0.2444380236925744,0.9235301012440305,0.9395722259511986,2.790060190785731,3.227720121154747
tsb_nb,fixed,0.95,2,13,0.95,26,smooth,2596,0.9554719503311864,0.941535929401877,0.06954366525732614,2.084671611616891,0.2058118104998531,0.0015749228421250811,0.054699537750385205,0.9502846182743927,0.961107631877673,1.9168973789785408,2.2800627852678654
tsb_nb,fixed,0.95,2,13,0.95,26,erratic,1901,0.9019067195596587,0.951484864425422,0.06188239599853605,4.227507500676887,0.8787378830870156,0.013588131257160619,0.156233561283535,0.8791875003443052,0.9214548672767676,3.7673726103374223,4.843556163066375
tsb_nb,fixed,0.95,2,13,0.95,26,intermittent,6539,0.927588705879699,0.9728621279317105,0.1535496558505408,2.8227884509639707,0.6432679970786207,0.040180245722970895,0.3026456644746903,0.9095184333259179,0.9448551928892405,2.3672016624291095,3.358069535413633
tsb_nb,fixed,0.95,2,13,0.95,26,lumpy,2808,0.8584236497600325,0.9586732711732712,0.12553473963711462,6.047171086726301,2.256466055293932,0.08754872580608819,0.344017094017094,0.8173673904278324,0.8898850025033783,5.095974196149727,7.7045632913495385
tsb_nb,none,0.9,1,13,0.95,26,all,13844,0.9194649443468862,0.9493971789551102,0.12177334608060808,1.7556781608243026,0.2797255087373516,0.0,0.0,0.9106268639080356,0.9270732254057809,1.632385790419897,1.8878094823295994
tsb_nb,none,0.9,1,13,0.95,26,smooth,2596,0.9455289625960902,0.9219428491385349,0.09284985316476788,1.260396622952332,0.10946349059644292,0.0,0.0,0.9392395409344504,0.9527487118751538,1.158987577200464,1.374954540329797
tsb_nb,none,0.9,1,13,0.95,26,erratic,1901,0.8791523508152038,0.9220984171010473,0.09936562156886666,2.3361531010444407,0.3949865818173124,0.0,0.0,0.8556754121014452,0.9033728217879426,2.0983088429683536,2.657398110335705
tsb_nb,none,0.9,1,13,0.95,26,intermittent,6539,0.922524229683583,0.9686426893186336,0.17742379547689283,1.7534395294210536,0.35971541929971496,0.0,0.0,0.9026289355654499,0.9388059033217366,1.47085418984243,2.0705494133586204
tsb_nb,none,0.9,1,13,0.95,26,lumpy,2808,0.8551429665847998,0.9484427609427609,0.15661110291586763,3.580342939546202,1.1363601541200063,0.0,0.0,0.813635493586665,0.885962083032457,3.027715746170218,4.499726079267798
tsb_nb,quantile,0.9,1,13,0.95,26,all,13844,0.9181183463064875,0.9480904100233774,0.12491802501520982,1.6881613128131194,0.27322058228756646,0.011394211440922047,0.13688240392950016,0.9094773940918499,0.9260256325306274,1.5767926425496457,1.814515594348033
tsb_nb,quantile,0.9,1,13,0.95,26,smooth,2596,0.9441016978358663,0.9209623196526124,0.09401620394476495,1.2294757441865796,0.10715317828944639,0.0053557239844010405,0.08705701078582434,0.9367001895696145,0.9515434757646963,1.1330022415314556,1.32805508357897
tsb_nb,quantile,0.9,1,13,0.95,26,erratic,1901,0.878291622698667,0.9199942613935249,0.10204953031596925,2.2602067686056526,0.38556975096395735,0.01089415564316487,0.1251972645975802,0.8546126649737813,0.9029013615768539,2.0325174104964314,2.542607887823967
tsb_nb,quantile,0.9,1,13,0.95,26,intermittent,6539,0.9213962839828891,0.9675652379429716,0.18352015732546706,1.6610607765342178,0.346538757624208,0.014406686462113714,0.13151858082275578,0.901310967812703,0.9379168694416905,1.413493566201017,1.9452780998800743
tsb_nb,quantile,0.9,1,13,0.95,26,lumpy,2808,0.8525540208647845,0.9468401968401968,0.1614790775433938,3.2778373628354474,1.1127595142065299,0.05763277078028886,0.20334757834757836,0.8118968757817346,0.8821421433566072,2.77378019906315,4.1374866879355725
tsb_nb,fixed,0.9,1,13,0.95,26,all,13844,0.9193192542115065,0.9486682776916814,0.12352741322503417,1.741574872387352,0.2766331147808684,0.0029448740634791253,0.11831840508523549,0.9104414567700486,0.9269320669885662,1.6202908783320207,1.8742706659592736
tsb_nb,fixed,0.9,1,13,0.95,26,smooth,2596,0.9455132974950633,0.921855301863006,0.09295399162726761,1.2584155678613627,0.1094003080223013,0.0004983822882245146,0.03312788906009245,0.9392369390427433,0.9527442432521432,1.1566930757438878,1.3729120667985615
tsb_nb,fixed,0.9,1,13,0.95,26,erratic,1901,0.8791290878931353,0.9219788627994835,0.09951811638404294,2.3254224320480352,0.39490128443639433,0.0031967132075886237,0.054182009468700686,0.8556428901740012,0.9033185808989352,2.088388228453595,2.6382409810616307
tsb_nb,fixed,0.9,1,13,0.95,26,intermittent,6539,0.9214808799104411,0.9676973126277302,0.18277286135693216,1.7005304164657515,0.34244431473068887,0.009686233704709455,0.15782229698730693,0.9012988776248633,0.9380577744434673,1.4310213838893795,2.0056567866074104
tsb_nb,fixed,0.9,1,13,0.95,26,lumpy,2808,0.8542777314616615,0.9472125097125097,0.16034813394305944,3.4913318762533514,1.1105833577431783,0.015682386606881323,0.1485042735042735,0.8124770080052263,0.885204157248582,2.957398156877952,4.401980677513984
tsb_nb,none,0.9,4,13,0.95,26,all,13844,0.888882271840876,0.9435429854745081,0.13586119165948973,3.607514055041526,0.645836395156528,0.0,0.0,0.8799790853789944,0.8980008321451389,3.3327586128886897,3.9098976596104853
tsb_nb,none,0.9,4,13,0.95,26,smooth,2596,0.9223115423075215,0.9086356632581594,0.1086788994647283,2.519599217093062,0.25592771774272854,0.0,0.0,0.9157108053178995,0.9303354731386454,2.300600361691656,2.79392270702038
tsb_nb,none,0.9,4,13,0.95,26,erratic,1901,0.8468317515623314,0.9166467409497394,0.1063193851409052,4.978189718176161,0.9121630834227771,0.0,0.0,0.8153781490635911,0.8702120446984875,4.395636899649444,5.74597925460477
tsb_nb,none,0.9,4,13,0.95,26,intermittent,6539,0.887047517532506,0.9653269196012735,0.1961848574237955,3.3240024025243424,0.7357403694586143,0.0,0.0,0.8633120021550836,0.9081054586206864,2.8264160802027156,3.9448563318688143
tsb_nb,none,0.9,4,13,0.95,26,lumpy,2808,0.7773236294810842,0.9432951307951308,0.17224762747701233,7.504659651652734,2.6738320452445863,0.0,0.0,0.7197380346707843,0.8271503905290637,6.290447460942755,9.500059158480962
tsb_nb,quantile,0.9,4,13,0.95,26,all,13844,0.8830791782731128,0.940000262667122,0.14438659007766882,3.156906549617417,0.5814953849542484,0.05321470289655811,0.2489164981219301,0.8732275424611862,0.8920529402318218,2.9468951612897034,3.3762112811435436
tsb_nb,quantile,0.9,4,13,0.95,26,smooth,2596,0.9156089097292751,0.9056240369799692,0.11226126257471934,2.284343630816503,0.2381746908245732,0.02626457253275384,0.15138674884437597,0.9060025929172397,0.9253038604678736,2.1268592617984123,2.4505130642486592
tsb_nb,quantile,0.9,4,13,0.95,26,erratic,1901,0.8423775481784809,0.9118645688871886,0.11241917774795657,4.367839785670944,0.8212417618561745,0.07101200819113333,0.25460284061020516,0.8105185175758716,0.8657324853026281,3.920679121982242,4.958818713385772
tsb_nb,quantile,0.9,4,13,0.95,26,intermittent,6539,0.8838892695705629,0.9623934713397934,0.2127826941986234,2.923567579456725,0.6323805012026721,0.052246444856144623,0.2345924453280318,0.8592557044428473,0.9056038983462764,2.5266066224064776,3.417109712344635
tsb_nb,quantile,0.9,4,13,0.95,26,lumpy,2808,0.7716905883148194,0.9386816886816887,0.18626149382898166,5.898292061918388,2.371495009125527,0.2012572947883103,0.3685897435897436,0.71484108128006,0.821580095179509,4.93783645197516,7.443024194063448
tsb_nb,fixed,0.9,4,13,0.95,26,all,13844,0.8865764319967989,0.9395799952719918,0.14539794410688747,3.5023475272465587,0.6069849443745051,0.01543866626550094,0.2597515169026293,0.8773634014848929,0.8957217341376487,3.2383087501780055,3.8075729571319235
tsb_nb,fixed,0.9,4,13,0.95,26,smooth,2596,0.9222633866265872,0.9083730214315731,0.10899131485222752,2.5102053781772957,0.2555250086085532,0.0022978382450677412,0.0662557781201849,0.9156061765045502,0.9303180701804582,2.29250709344379,2.7830375444695137
tsb_nb,fixed,0.9,4,13,0.95,26,erratic,1901,0.8455122269272201,0.9147577829850317,0.10872880322069049,4.86569151943714,0.8943018118585331,0.01716803648660088,0.1699105733824303,0.8134103039358522,0.8689077627930738,4.306388228170005,5.583056718220994
tsb_nb,fixed,0.9,4,13,0.95,26,intermittent,6539,0.8808748346854582,0.9612047991769662,0.21950835791543757,3.0176241515733437,0.6116043053687397,0.041697332690404286,0.3177855941275424,0.856714576610887,0.9040707850488114,2.578417443882794,3.5540044724211683
tsb_nb,fixed,0.9,4,13,0.95,26,lumpy,2808,0.7571325567247246,0.9348776223776224,0.19781678713674583,6.841952637389873,2.331298078006354,0.09049367972781146,0.3643162393162393,0.6956218079862808,0.8102371281745979,5.756005167454116,8.68562637501306
tsb_nb,none,0.9,2,8,0.95,26,all,13844,0.9112262017148972,0.948051009955084,0.12501283945544905,2.4011060021746498,0.738668342678619,0.0,0.0,0.9024864754493526,0.9199756145840717,2.2236655357314574,2.599954702059984
tsb_nb,none,0.9,2,8,0.95,26,smooth,2596,0.9408944134478511,0.9173553719008265,0.09830670859975424,1.6878084610691781,0.29996448276785703,0.0,0.0,0.9350238195666543,0.947066353426997,1.5477257553016008,1.8545917932877203
tsb_nb,none,0.9,2,8,0.95,26,erratic,1901,0.868862384953542,0.9225527234469896,0.09878614127119678,3.2678473461206172,1.1623360367864342,0.0,0.0,0.8384077324648316,0.8935811238761832,2.9091750858167322,3.7517119893840905
tsb_nb,none,0.9,2,8,0.95,26,intermittent,6539,0.9112729713191607,0.9678502412100821,0.18190757128810225,2.3227024451042926,0.7842429745432055,0.0,0.0,0.8915377681152523,0.9285910057829595,1.9489972926124277,2.7564522124650095
tsb_nb,none,0.9,2,8,0.95,26,lumpy,2808,0.8284693900543025,0.9475848225848226,0.15921719034272508,4.98181428989883,2.6324520252660673,0.0,0.0,0.7794360365304982,0.8669679811703206,4.195060700661275,6.309897427780415
tsb_nb,quantile,0.9,2,8,0.95,26,all,13844,0.9040140221576743,0.9452142050379554,0.13183947915267497,2.1700480069710313,0.6444992566178104,0.03053330357387914,0.21453337185784455,0.8926752268916122,0.9139271264230548,2.026136732869746,2.3221200463110105
tsb_nb,quantile,0.9,2,8,0.95,26,smooth,2596,0.9327883038553845,0.9151316711023953,0.10095182554724762,1.5689509575002907,0.25494700505992435,0.015142350803692207,0.12827426810477657,0.9230076156423068,0.9418775602438254,1.4588841815584543,1.6812640442507922
tsb_nb,quantile,0.9,2,8,0.95,26,erratic,1901,0.8625846269564279,0.9183205011716321,0.10418445772843724,2.970096806065419,1.0343681671897593,0.03819254849834607,0.2140978432403998,0.8296134871323936,0.887761208317992,2.6575324339921953,3.3633134149397512
tsb_nb,quantile,0.9,2,8,0.95,26,intermittent,6539,0.9085151440809639,0.965653630663571,0.1943362831858407,2.0892487035674105,0.6719973380481464,0.031901124279877166,0.2037008716929194,0.8884507773063585,0.9265214664039821,1.7891585565506019,2.4502146023077316
tsb_nb,quantile,0.9,2,8,0.95,26,lumpy,2808,0.8213830242671414,0.9436350686350686,0.1712150267984462,4.113740114012753,2.2888109776706247,0.1222775512043442,0.3198005698005698,0.7764060304141575,0.8615519797421614,3.4682770966331553,5.188990271322209
tsb_nb,fixed,0.9,2,8,0.95,26,all,13844,0.9107230183681773,0.946461873867248,0.12883702187843207,2.3704095739823656,0.7240472903735014,0.005396231424291966,0.16873735914475585,0.9019662262715318,0.9194821192442311,2.1967559264613956,2.56804123250837
tsb_nb,fixed,0.9,2,8,0.95,26,smooth,2596,0.9408758474021895,0.9172328057150861,0.09845250244725387,1.6840726245687383,0.2994134966835918,0.000990092403789446,0.04429892141756549,0.9350017101701259,0.9470468118521187,1.5446637010790094,1.8512526886501675
tsb_nb,fixed,0.9,2,8,0.95,26,erratic,1901,0.868777087572624,0.9221701496819855,0.09927412467976089,3.245103316452637,1.1593648446844547,0.005513312530249876,0.08837453971593898,0.8382778715819965,0.8935281226837033,2.8930562908335222,3.712308678482762
tsb_nb,fixed,0.9,2,8,0.95,26,intermittent,6539,0.9085912804157608,0.9659177800330881,0.1928416912487709,2.208960400646313,0.7193605299840866,0.017810262613957763,0.2194525156751797,0.8881805885122823,0.9268910403899894,1.8604966777581533,2.604969395455521
tsb_nb,fixed,0.9,2,8,0.95,26,lumpy,2808,0.82448570334152,0.9446225071225072,0.1682155676845159,4.780338433113269,2.5080855921828413,0.029291814064577183,0.22008547008547008,0.7753906744456097,0.8641950044983766,4.038217531311638,6.050447114793665
tsb_nb,none,0.9,2,26,0.95,26,all,13844,0.9112262017148972,0.948051009955084,0.12501283945544905,2.4011060021746498,,0.0,0.0,0.9024864754493526,0.9199756145840717,2.2236655357314574,2.599954702059984
tsb_nb,none,0.9,2,26,0.95,26,smooth,2596,0.9408944134478511,0.9173553719008265,0.09830670859975424,1.6878084610691781,,0.0,0.0,0.9350238195666543,0.947066353426997,1.5477257553016008,1.8545917932877203
tsb_nb,none,0.9,2,26,0.95,26,erratic,1901,0.868862384953542,0.9225527234469896,0.09878614127119678,3.2678473461206172,,0.0,0.0,0.8384077324648316,0.8935811238761832,2.9091750858167322,3.7517119893840905
tsb_nb,none,0.9,2,26,0.95,26,intermittent,6539,0.9112729713191607,0.9678502412100821,0.18190757128810225,2.3227024451042926,,0.0,0.0,0.8915377681152523,0.9285910057829595,1.9489972926124277,2.7564522124650095
tsb_nb,none,0.9,2,26,0.95,26,lumpy,2808,0.8284693900543025,0.9475848225848226,0.15921719034272508,4.98181428989883,,0.0,0.0,0.7794360365304982,0.8669679811703206,4.195060700661275,6.309897427780415
tsb_nb,quantile,0.9,2,26,0.95,26,all,13844,0.9097651575136494,0.9468525912111581,0.12789677867939286,2.3176982270511712,,0.01332132598046958,0.13103149378792256,0.9005294440506781,0.9185477506232389,2.1549549902278624,2.506878066350119
tsb_nb,quantile,0.9,2,26,0.95,26,smooth,2596,0.9389586130931815,0.916234766774058,0.0996396809197509,1.6508971316329737,,0.005646978825715018,0.08436055469953775,0.9321269044976441,0.9458513675632033,1.5155057756243298,1.8087578748100073
tsb_nb,quantile,0.9,2,26,0.95,26,erratic,1901,0.8681871140212739,0.9210224283869733,0.10073807490545321,3.172238028803375,,0.012680877296486587,0.11467648605996844,0.8373800608060089,0.8927686878315814,2.835092104247689,3.6024253099159984
tsb_nb,quantile,0.9,2,26,0.95,26,intermittent,6539,0.910503148378437,0.9668631567239917,0.18749262536873157,2.2088673451260057,,0.01718989247857608,0.1228016516286894,0.8904176576908442,0.9279919891447715,1.8698022023428287,2.600764023240763
tsb_nb,quantile,0.9,2,26,0.95,26,lumpy,2808,0.8274036186656452,0.9460470085470085,0.16388847912671486,4.604118879700772,,0.07207138189765891,0.20441595441595442,0.7780105542320366,0.8663271144482767,3.877253207755759,5.826562889478444
tsb_nb,fixed,0.9,2,26,0.95,26,all,13844,0.9107230183681773,0.946461873867248,0.12883702187843207,2.3704095739823656,,0.005396231424291966,0.16873735914475585,0.9019662262715318,0.9194821192442311,2.1967559264613956,2.56804123250837
tsb_nb,fixed,0.9,2,26,0.95,26,smooth,2596,0.9408758474021895,0.9172328057150861,0.09845250244725387,1.6840726245687383,,0.000990092403789446,0.04429892141756549,0.9350017101701259,0.9470468118521187,1.5446637010790094,1.8512526886501675
tsb_nb,fixed,0.9,2,26,0.95,26,erratic,1901,0.868777087572624,0.9221701496819855,0.09927412467976089,3.245103316452637,,0.005513312530249876,0.08837453971593898,0.8382778715819965,0.8935281226837033,2.8930562908335222,3.712308678482762
tsb_nb,fixed,0.9,2,26,0.95,26,intermittent,6539,0.9085912804157608,0.9659177800330881,0.1928416912487709,2.208960400646313,,0.017810262613957763,0.2194525156751797,0.8881805885122823,0.9268910403899894,1.8604966777581533,2.604969395455521
tsb_nb,fixed,0.9,2,26,0.95,26,lumpy,2808,0.82448570334152,0.9446225071225072,0.1682155676845159,4.780338433113269,,0.029291814064577183,0.22008547008547008,0.7753906744456097,0.8641950044983766,4.038217531311638,6.050447114793665
tsb_nb,none,0.9,2,13,0.9,26,all,13844,0.9112262017148972,0.948051009955084,0.12501283945544905,2.4011060021746498,0.42939312290775417,0.0,0.0,0.9024864754493526,0.9199756145840717,2.2236655357314574,2.599954702059984
tsb_nb,none,0.9,2,13,0.9,26,smooth,2596,0.9408944134478511,0.9173553719008265,0.09830670859975424,1.6878084610691781,0.170121952811494,0.0,0.0,0.9350238195666543,0.947066353426997,1.5477257553016008,1.8545917932877203
tsb_nb,none,0.9,2,13,0.9,26,erratic,1901,0.868862384953542,0.9225527234469896,0.09878614127119678,3.2678473461206172,0.617880011140355,0.0,0.0,0.8384077324648316,0.8935811238761832,2.9091750858167322,3.7517119893840905
tsb_nb,none,0.9,2,13,0.9,26,intermittent,6539,0.9112729713191607,0.9678502412100821,0.18190757128810225,2.3227024451042926,0.5090943441982704,0.0,0.0,0.8915377681152523,0.9285910057829595,1.9489972926124277,2.7564522124650095
tsb_nb,none,0.9,2,13,0.9,26,lumpy,2808,0.8284693900543025,0.9475848225848226,0.15921719034272508,4.98181428989883,1.7222766499177575,0.0,0.0,0.7794360365304982,0.8669679811703206,4.195060700661275,6.309897427780415
tsb_nb,quantile,0.9,2,13,0.9,26,all,13844,0.9034728627093153,0.944807070998923,0.1328192283684805,2.1696772221241174,0.39869590066970856,0.03176252093648376,0.21460560531638254,0.8920111796986405,0.9136787589545512,2.029744689021721,2.323873926384734
tsb_nb,quantile,0.9,2,13,0.9,26,smooth,2596,0.9324674593787975,0.9149040481860204,0.10122258554974695,1.5737238817076005,0.16111556406112523,0.015261579628174322,0.12172573189522343,0.9224724711172283,0.9417567338982716,1.4622475288345291,1.6865178121579802
tsb_nb,quantile,0.9,2,13,0.9,26,erratic,1901,0.8617116211865771,0.9172206015972455,0.10558741002805905,2.9644859185009373,0.5691311363226619,0.040893632227418326,0.21988427143608627,0.8283862188813097,0.8869407832062927,2.651223573969717,3.3524166772035793
tsb_nb,quantile,0.9,2,13,0.9,26,intermittent,6539,0.9082021391490214,0.9654172864908451,0.19567354965585054,2.084167308185784,0.45264066187853724,0.03233820323889608,0.20232451445175104,0.8881512926243044,0.9263568447883199,1.7876244407965445,2.441676215573797
tsb_nb,quantile,0.9,2,13,0.9,26,lumpy,2808,0.8201054505306324,0.9431332556332557,0.17273934208585337,4.0954530091705905,1.6066280615578739,0.1276289403122958,0.32549857549857547,0.7760777547061226,0.8611806243364981,3.45997611497504,5.167051224960671
tsb_nb,fixed,0.9,2,13,0.9,26,all,13844,0.9107230183681773,0.946461873867248,0.12883702187843207,2.3704095739823656,0.4197080777066992,0.005396231424291966,0.16873735914475585,0.9019662262715318,0.9194821192442311,2.1967559264613956,2.56804123250837
tsb_nb,fixed,0.9,2,13,0.9,26,smooth,2596,0.9408758474021895,0.9172328057150861,0.09845250244725387,1.6840726245687383,0.16996303906441054,0.000990092403789446,0.04429892141756549,0.9350017101701259,0.9470468118521187,1.5446637010790094,1.8512526886501675
tsb_nb,fixed,0.9,2,13,0.9,26,erratic,1901,0.868777087572624,0.9221701496819855,0.09927412467976089,3.245103316452637,0.6173952376921372,0.005513312530249876,0.08837453971593898,0.8382778715819965,0.8935281226837033,2.8930562908335222,3.712308678482762
tsb_nb,fixed,0.9,2,13,0.9,26,intermittent,6539,0.9085912804157608,0.9659177800330881,0.1928416912487709,2.208960400646313,0.4670270453180384,0.017810262613957763,0.2194525156751797,0.8881805885122823,0.9268910403899894,1.8604966777581533,2.604969395455521
tsb_nb,fixed,0.9,2,13,0.9,26,lumpy,2808,0.82448570334152,0.9446225071225072,0.1682155676845159,4.780338433113269,1.6323949437822491,0.029291814064577183,0.22008547008547008,0.7753906744456097,0.8641950044983766,4.038217531311638,6.050447114793665
tsb_nb,none,0.9,2,13,0.99,26,all,13844,0.9112262017148972,0.948051009955084,0.12501283945544905,2.4011060021746498,0.42939312290775417,0.0,0.0,0.9024864754493526,0.9199756145840717,2.2236655357314574,2.599954702059984
tsb_nb,none,0.9,2,13,0.99,26,smooth,2596,0.9408944134478511,0.9173553719008265,0.09830670859975424,1.6878084610691781,0.170121952811494,0.0,0.0,0.9350238195666543,0.947066353426997,1.5477257553016008,1.8545917932877203
tsb_nb,none,0.9,2,13,0.99,26,erratic,1901,0.868862384953542,0.9225527234469896,0.09878614127119678,3.2678473461206172,0.617880011140355,0.0,0.0,0.8384077324648316,0.8935811238761832,2.9091750858167322,3.7517119893840905
tsb_nb,none,0.9,2,13,0.99,26,intermittent,6539,0.9112729713191607,0.9678502412100821,0.18190757128810225,2.3227024451042926,0.5090943441982704,0.0,0.0,0.8915377681152523,0.9285910057829595,1.9489972926124277,2.7564522124650095
tsb_nb,none,0.9,2,13,0.99,26,lumpy,2808,0.8284693900543025,0.9475848225848226,0.15921719034272508,4.98181428989883,1.7222766499177575,0.0,0.0,0.7794360365304982,0.8669679811703206,4.195060700661275,6.309897427780415
tsb_nb,quantile,0.9,2,13,0.99,26,all,13844,0.9108236550375213,0.9473713587770218,0.1266483885495761,2.345468078756221,0.42608502469396015,0.008702914165206745,0.1124674949436579,0.9021473158844974,0.9196494096191071,2.1786750447115995,2.541581349451738
tsb_nb,quantile,0.9,2,13,0.99,26,smooth,2596,0.9404418660848533,0.9166374842414904,0.09916064399225209,1.6631681274373376,0.16871598098488813,0.003414411834925807,0.07473035439137134,0.9345875434946121,0.94665405102254,1.522526117639384,1.8294838853281539
tsb_nb,quantile,0.9,2,13,0.99,26,erratic,1901,0.8686375100402125,0.9217875759169815,0.099762108088325,3.20351567371684,0.6140999155426691,0.008935546843447642,0.09258285113098369,0.8380262119355435,0.8933215660470145,2.860420821121044,3.6483167160850063
tsb_nb,quantile,0.9,2,13,0.99,26,intermittent,6539,0.9107682156181002,0.9672524294790696,0.18529006882989185,2.2403060116685984,0.5003905511988653,0.0121930930245018,0.1055207218229087,0.890817993455413,0.9282000777833079,1.891770232757738,2.6475887286854025
tsb_nb,quantile,0.9,2,13,0.99,26,lumpy,2808,0.8279173520200086,0.9468078218078219,0.16157742046516202,4.737108221986886,1.7101516414681956,0.046179671481039186,0.176994301994302,0.7787915345504466,0.8665888437275299,3.989286126189406,6.0014016038545295
tsb_nb,fixed,0.9,2,13,0.99,26,all,13844,0.9107230183681773,0.946461873867248,0.12883702187843207,2.3704095739823656,0.4197080777066992,0.005396231424291966,0.16873735914475585,0.9019662262715318,0.9194821192442311,2.1967559264613956,2.56804123250837
tsb_nb,fixed,0.9,2,13,0.99,26,smooth,2596,0.9408758474021895,0.9172328057150861,0.09845250244725387,1.6840726245687383,0.16996303906441054,0.000990092403789446,0.04429892141756549,0.9350017101701259,0.9470468118521187,1.5446637010790094,1.8512526886501675
tsb_nb,fixed,0.9,2,13,0.99,26,erratic,1901,0.868777087572624,0.9221701496819855,0.09927412467976089,3.245103316452637,0.6173952376921372,0.005513312530249876,0.08837453971593898,0.8382778715819965,0.8935281226837033,2.8930562908335222,3.712308678482762
tsb_nb,fixed,0.9,2,13,0.99,26,intermittent,6539,0.9085912804157608,0.9659177800330881,0.1928416912487709,2.208960400646313,0.4670270453180384,0.017810262613957763,0.2194525156751797,0.8881805885122823,0.9268910403899894,1.8604966777581533,2.604969395455521
tsb_nb,fixed,0.9,2,13,0.99,26,lumpy,2808,0.82448570334152,0.9446225071225072,0.1682155676845159,4.780338433113269,1.6323949437822491,0.029291814064577183,0.22008547008547008,0.7753906744456097,0.8641950044983766,4.038217531311638,6.050447114793665
tsb_nb,none,0.9,2,13,0.95,13,all,13844,0.9112262017148972,0.948051009955084,0.12501283945544905,2.4011060021746498,0.42939312290775417,0.0,0.0,0.9024864754493526,0.9199756145840717,2.2236655357314574,2.599954702059984
tsb_nb,none,0.9,2,13,0.95,13,smooth,2596,0.9408944134478511,0.9173553719008265,0.09830670859975424,1.6878084610691781,0.170121952811494,0.0,0.0,0.9350238195666543,0.947066353426997,1.5477257553016008,1.8545917932877203
tsb_nb,none,0.9,2,13,0.95,13,erratic,1901,0.868862384953542,0.9225527234469896,0.09878614127119678,3.2678473461206172,0.617880011140355,0.0,0.0,0.8384077324648316,0.8935811238761832,2.9091750858167322,3.7517119893840905
tsb_nb,none,0.9,2,13,0.95,13,intermittent,6539,0.9112729713191607,0.9678502412100821,0.18190757128810225,2.3227024451042926,0.5090943441982704,0.0,0.0,0.8915377681152523,0.9285910057829595,1.9489972926124277,2.7564522124650095
tsb_nb,none,0.9,2,13,0.95,13,lumpy,2808,0.8284693900543025,0.9475848225848226,0.15921719034272508,4.98181428989883,1.7222766499177575,0.0,0.0,0.7794360365304982,0.8669679811703206,4.195060700661275,6.309897427780415
tsb_nb,quantile,0.9,2,13,0.95,13,all,13844,0.9067365634079201,0.9461630900160227,0.1295560313835797,2.246170239613666,0.41203614565354024,0.022834684678386438,0.17697197341808726,0.8965003387004645,0.9153075470331464,2.0942032982911254,2.4154461706353643
tsb_nb,quantile,0.9,2,13,0.95,13,smooth,2596,0.9351937671463959,0.9156919736657795,0.10028533938724929,1.607058056314878,0.1646569792521539,0.011563455407984502,0.10400616332819723,0.9271876320613406,0.9431307728896731,1.484630246064913,1.7396860353710875
tsb_nb,quantile,0.9,2,13,0.95,13,erratic,1901,0.8660359399222114,0.9198029745110229,0.10229352202025131,3.0896688716901224,0.5917050881826295,0.024760795772868584,0.1693845344555497,0.8337801563906706,0.890692382584187,2.7643472720685165,3.4874725953760928
tsb_nb,quantile,0.9,2,13,0.95,13,intermittent,6539,0.9096656486956718,0.9663487605833531,0.1904031465093412,2.148282561677481,0.4754516717565217,0.02511935075445468,0.16944486924606209,0.8896406213555802,0.9272796552580392,1.83054771133215,2.5228526954675083
tsb_nb,quantile,0.9,2,13,0.95,13,lumpy,2808,0.8252833419706631,0.9451728826728827,0.1665437380144564,4.347281494333161,1.6563128365742097,0.10183862463666885,0.2670940170940171,0.7772702673623538,0.8633141732753761,3.670116779278064,5.491040832369982
tsb_nb,fixed,0.9,2,13,0.95,13,all,13844,0.9075116211186482,0.9437170024428042,0.1354424278817664,2.2853935109544654,0.38327760340417777,0.01636217600990969,0.2807714533371858,0.8979620649062342,0.9165945870839051,2.1229469797481784,2.4593689913241605
tsb_nb,fixed,0.9,2,13,0.95,13,smooth,2596,0.9408320431382071,0.916882616612971,0.09886905629725283,1.6798375354966837,0.16985964939763337,0.0018391988983372655,0.08089368258859785,0.9349064937694597,0.9469666970674969,1.5409903876414088,1.8470680284515557
tsb_nb,fixed,0.9,2,13,0.95,13,erratic,1901,0.8655461261742121,0.9198747070919612,0.10220202513114554,3.119591451393094,0.5818759866548371,0.018838443529579776,0.24408206207259336,0.8340369698257165,0.8904182224469674,2.7755244550520706,3.555276877217375
tsb_nb,fixed,0.9,2,13,0.95,13,intermittent,6539,0.9030643464823603,0.9637698285809618,0.20499508357915439,2.0533800302853424,0.4027753103965575,0.03990389902630087,0.3101391650099404,0.8816649232768405,0.923045490428917,1.741520477637982,2.40458950714564
tsb_nb,fixed,0.9,2,13,0.95,13,lumpy,2808,0.7985894864919673,0.937969437969438,0.1884250381078822,4.265471710867263,1.332858655731056,0.10171920416394403,0.422008547008547,0.7430201239205999,0.8427218233600808,3.6221899952687933,5.387169720173522
tsb_nb,none,0.9,2,13,0.95,52,all,13844,0.9112262017148972,0.948051009955084,0.12501283945544905,2.4011060021746498,0.42939312290775417,0.0,0.0,0.9024864754493526,0.9199756145840717,2.2236655357314574,2.599954702059984
tsb_nb,none,0.9,2,13,0.95,52,smooth,2596,0.9408944134478511,0.9173553719008265,0.09830670859975424,1.6878084610691781,0.170121952811494,0.0,0.0,0.9350238195666543,0.947066353426997,1.5477257553016008,1.8545917932877203
tsb_nb,none,0.9,2,13,0.95,52,erratic,1901,0.868862384953542,0.9225527234469896,0.09878614127119678,3.2678473461206172,0.617880011140355,0.0,0.0,0.8384077324648316,0.8935811238761832,2.9091750858167322,3.7517119893840905
tsb_nb,none,0.9,2,13,0.95,52,intermittent,6539,0.9112729713191607,0.9678502412100821,0.18190757128810225,2.3227024451042926,0.5090943441982704,0.0,0.0,0.8915377681152523,0.9285910057829595,1.9489972926124277,2.7564522124650095
tsb_nb,none,0.9,2,13,0.95,52,lumpy,2808,0.8284693900543025,0.9475848225848226,0.15921719034272508,4.98181428989883,1.7222766499177575,0.0,0.0,0.7794360365304982,0.8669679811703206,4.195060700661275,6.309897427780415
tsb_nb,quantile,0.9,2,13,0.95,52,all,13844,0.9067365634079201,0.9461630900160227,0.1295560313835797,2.246170239613666,0.41203614565354024,0.022834684678386438,0.17697197341808726,0.8965003387004645,0.9153075470331464,2.0942032982911254,2.4154461706353643
tsb_nb,quantile,0.9,2,13,0.95,52,smooth,2596,0.9351937671463959,0.9156919736657795,0.10028533938724929,1.607058056314878,0.1646569792521539,0.011563455407984502,0.10400616332819723,0.9271876320613406,0.9431307728896731,1.484630246064913,1.7396860353710875
tsb_nb,quantile,0.9,2,13,0.95,52,erratic,1901,0.8660359399222114,0.9198029745110229,0.10229352202025131,3.0896688716901224,0.5917050881826295,0.024760795772868584,0.1693845344555497,0.8337801563906706,0.890692382584187,2.7643472720685165,3.4874725953760928
tsb_nb,quantile,0.9,2,13,0.95,52,intermittent,6539,0.9096656486956718,0.9663487605833531,0.1904031465093412,2.148282561677481,0.4754516717565217,0.02511935075445468,0.16944486924606209,0.8896406213555802,0.9272796552580392,1.83054771133215,2.5228526954675083
tsb_nb,quantile,0.9,2,13,0.95,52,lumpy,2808,0.8252833419706631,0.9451728826728827,0.1665437380144564,4.347281494333161,1.6563128365742097,0.10183862463666885,0.2670940170940171,0.7772702673623538,0.8633141732753761,3.670116779278064,5.491040832369982
tsb_nb,fixed,0.9,2,13,0.95,52,all,13844,0.911099672248981,0.947364792098973,0.12666419095628265,2.3840654348945485,0.4263675668901561,0.003499497766055821,0.10517191563132043,0.9023718210301687,0.9198501169252801,2.209634342188453,2.5822836526205424
tsb_nb,fixed,0.9,2,13,0.95,52,smooth,2596,0.9408845502360934,0.9172853340804035,0.09839001936975403,1.6851442335167601,0.16998409992245775,0.0006332762137334781,0.029661016949152543,0.935010245743284,0.9470599691377177,1.5454237920686307,1.852347524057409
tsb_nb,fixed,0.9,2,13,0.95,52,erratic,1901,0.8688539844539062,0.9224570800057386,0.0989081371233378,3.2542365981336676,0.6177847623983297,0.004202834587054055,0.04944765912677538,0.838401404289502,0.8935773831837333,2.9005401976156944,3.7275668753303792
tsb_nb,fixed,0.9,2,13,0.95,52,intermittent,6539,0.9104862291929267,0.9669187671175743,0.1871779744346116,2.2729713191606957,0.49433573867754005,0.00894460940650317,0.139776724269766,0.8907774354845227,0.9280230335962283,1.9126156302685342,2.693469379391871
tsb_nb,fixed,0.9,2,13,0.95,52,lumpy,2808,0.8275523309524346,0.946500259000259,0.16251167822195997,4.867272030824001,1.6959793605371667,0.018958563349180956,0.13212250712250712,0.7783647071636689,0.8664159237115778,4.110506390625857,6.153176191240724
ets,none,0.8,2,13,0.95,26,all,13844,0.8920893536243096,0.9420556328964304,0.13944043677852136,2.208361060202996,0.5146160521184019,0.0,0.0,0.8820452245193636,0.9006052390438345,2.028507558079673,2.4072276114740814
ets,none,0.8,2,13,0.95,26,smooth,2596,0.9207029685076351,0.8903207732175374,0.13046466581967384,1.4241143343506946,0.15515980868850324,0.0,0.0,0.9151721020002894,0.9264363669239462,1.2845337305483042,1.5706066922857136
ets,none,0.8,2,13,0.95,26,erratic,1901,0.8530177502557306,0.917842283965377,0.10479443698914237,3.113588325114845,0.7483608363537437,0.0,0.0,0.8283126600072381,0.876301276880239,2.734513797769451,3.642098017959943
ets,none,0.8,2,13,0.95,26,intermittent,6539,0.8890609006082447,0.9668284002280026,0.18768928220255654,2.3287792525667816,0.8257870946092655,0.0,0.0,0.869251526792577,0.904949264285,1.8941868702725502,2.8350924619714384
ets,none,0.8,2,13,0.95,26,lumpy,2808,0.8085013857281269,0.9485884485884486,0.1561685597679107,5.047078704851175,2.2428886235100602,0.0,0.0,0.7693747644047173,0.8377314181565664,4.21048371629487,6.445401786615645
ets,quantile,0.8,2,13,0.95,26,all,13844,0.8917988364467695,0.9419472827086234,0.1397011764891793,2.196097023415892,0.5093043347821217,0.0010640213204739348,0.019141866512568623,0.8815619885123325,0.9003534812829294,2.017603125526561,2.3847855844883443
ets,quantile,0.8,2,13,0.95,26,smooth,2596,0.9207029685076351,0.8903207732175374,0.13046466581967384,1.423593904883247,0.15515980868850324,0.00011255665182253297,0.0007704160246533128,0.9151721020002894,0.9264363669239462,1.2835698475463624,1.5696103761302438
ets,quantile,0.8,2,13,0.95,26,erratic,1901,0.8525188898158158,0.917746640524126,0.1049164328412834,3.099769503213837,0.7445579947878131,0.0012135491012434678,0.004734350341925302,0.8274693739502342,0.875503755768552,2.7213242195876743,3.6346685765883024
ets,quantile,0.8,2,13,0.95,26,intermittent,6539,0.8884574496583735,0.9666476664488592,0.1887118977384464,2.271065090926523,0.7949795136862111,0.004776850042438957,0.03410307386450528,0.868645802159222,0.9041926726175431,1.8635140975236058,2.7610349041247635
ets,quantile,0.8,2,13,0.95,26,lumpy,2808,0.8069308938509723,0.948539886039886,0.156316074150563,4.9853383204524455,2.211431017777878,0.0049660890921790855,0.01103988603988604,0.7676699389502649,0.8376046215735913,4.188814031581864,6.3446770356843665
ets,fixed,0.8,2,13,0.95,26,all,13844,0.8911049094986343,0.9380959260329385,0.14896928802256584,2.0806696981952895,0.41663733012815035,0.03525131634662307,0.3959838197052875,0.8809172399380256,0.899732143110271,1.9110667443372626,2.258723118774776
ets,fixed,0.8,2,13,0.95,26,smooth,2596,0.9206768600059237,0.8900581313909511,0.13077708120717305,1.4157416279463082,0.15113335555456922,0.002748935135748254,0.04699537750385208,0.9151589335714204,0.9263895098654498,1.2760018207243933,1.5598051926334815
ets,fixed,0.8,2,13,0.95,26,erratic,1901,0.8525828628515044,0.9161924346037971,0.10689886543857509,3.00323483855209,0.682313652685866,0.025812796804191462,0.12940557601262492,0.8278600465913519,0.8758976891915977,2.6195893276087463,3.516377644384579
ets,fixed,0.8,2,13,0.95,26,intermittent,6539,0.8839597661768562,0.9619763933879242,0.2151425762045231,1.891900503909742,0.4836281501408523,0.12694182902035095,0.5762348983024927,0.863252220811229,0.9003387301120267,1.5491648268063167,2.296517742096787
ets,fixed,0.8,2,13,0.95,26,lumpy,2808,0.8014465649714968,0.9417249417249417,0.1770172591827703,4.179218584529416,1.4989355805412226,0.24734909082715575,0.4793447293447293,0.7604239517240463,0.8314546123821629,3.450967763121625,5.194133552011213
ets,none,0.9,2,13,0.95,26,all,13844,0.9170458666724667,0.9583803945260172,0.10015565370605943,2.7381385530449327,0.6562448850938105,0.0,0.0,0.9080064816009175,0.9254196978449148,2.5291918809017706,2.965910244156727
ets,none,0.9,2,13,0.95,26,smooth,2596,0.9415781660982265,0.9252696456086287,0.08889259158977778,1.770066196655617,0.1811195499590532,0.0,0.0,0.9359993385378002,0.9470123129067043,1.6185761471885813,1.9349940563350656
ets,none,0.9,2,13,0.95,26,erratic,1901,0.8843205966681034,0.9423030940653244,0.07359399780407466,3.8755556445864916,0.9713779468791175,0.0,0.0,0.8627962540463731,0.9043305732595616,3.3872558275502493,4.514870139120776
ets,none,0.9,2,13,0.95,26,intermittent,6539,0.9128520953001322,0.9749197124942652,0.14190757128810227,2.889241371920356,1.0535435824119426,0.0,0.0,0.8950255006888177,0.9261384129949538,2.352777010381054,3.5120707810805962
ets,none,0.9,2,13,0.95,26,lumpy,2808,0.8439602532615308,0.9613603988603988,0.11737227713035354,6.170518915752236,2.9303260404227034,0.0,0.0,0.8097420663701718,0.8717676503218709,5.162385535855512,7.8396498610643075
ets,quantile,0.9,2,13,0.95,26,all,13844,0.9167453376135852,0.9582818943552835,0.10039268980665755,2.7245325789208126,0.6504869485632692,0.0012024614728133403,0.019791967639410574,0.9075892144864742,0.925059297343072,2.5201070886302688,2.946338720690013
ets,quantile,0.9,2,13,0.95,26,smooth,2596,0.9415781660982265,0.9252696456086287,0.08889259158977778,1.7694839770674524,0.1811195499590532,0.0001224198635801776,0.0007704160246533128,0.9359993385378002,0.9470123129067043,1.618468386769314,1.9342572900597652
ets,quantile,0.9,2,13,0.95,26,erratic,1901,0.8837293307321941,0.9422074506240734,0.07371599365621569,3.857746585358446,0.966707915273853,0.0015851096620608234,0.005786428195686481,0.8618959416020515,0.9035324674314622,3.366642141645536,4.490943429924456
ets,quantile,0.9,2,13,0.95,26,intermittent,6539,0.9122937621782887,0.9747528813135174,0.14285152409046215,2.8329315026774613,1.0222272979778753,0.004898104205263558,0.0345618596115614,0.8945334011149306,0.9253688865967704,2.322126763645774,3.434227932748337
ets,quantile,0.9,2,13,0.95,26,lumpy,2808,0.8425452333205651,0.9613280238280238,0.11747062005212175,6.10453347153061,2.8964741668732117,0.005304071562154976,0.012464387464387465,0.80684144089365,0.8716269745661208,5.119986211566532,7.7381303775658346
ets,fixed,0.9,2,13,0.95,26,all,13844,0.9155024833781192,0.9535177694308004,0.11185733587225334,2.53770465882184,0.5011740311821771,0.0544330452846024,0.42422710199364344,0.9062852842159623,0.9238557644972473,2.3515480960704886,2.73643815922208
ets,fixed,0.9,2,13,0.95,26,smooth,2596,0.9415392934401229,0.924954475416725,0.08926749005477683,1.7569858372981992,0.17471704911270258,0.004193895658243194,0.05508474576271186,0.9359800836974961,0.9470039734272523,1.6057445230032907,1.9221271376375422
ets,fixed,0.9,2,13,0.95,26,erratic,1901,0.8833383844029862,0.9399359188943618,0.07661339514456508,3.678369424249141,0.850004038701748,0.0439016572893397,0.16307206733298263,0.8617971560369598,0.9034420801112163,3.2414049596520447,4.273927555891271
ets,fixed,0.9,2,13,0.95,26,intermittent,6539,0.906546878833253,0.9692265984512506,0.17411996066863322,2.272568078572698,0.5694501546695542,0.1771861702577638,0.606514757608197,0.8874638307993183,0.9209521908350247,1.8641975131083486,2.7194945758279014
ets,fixed,0.9,2,13,0.95,26,lumpy,2808,0.8325792568892093,0.9525382025382025,0.1441707233121896,4.836148351772154,1.7659286631666704,0.38328564025145895,0.5178062678062678,0.7954813247158489,0.861623657343861,4.015968369358361,6.0413344921869365
ets,none,0.95,2,13,0.95,26,all,13844,0.9318349689812928,0.9673504767408263,0.07856956614492387,3.1937243801566586,0.7845836015395512,0.0,0.0,0.923685334303592,0.9393750703911171,2.9598252065653567,3.445166343976367
ets,none,0.95,2,13,0.95,26,smooth,2596,0.953061555434296,0.9436195545594621,0.06706516984983234,2.0726329814777587,0.2048379053671247,0.0,0.0,0.9478965257989216,0.957928797242398,1.902282916101359,2.256211398141237
ets,none,0.95,2,13,0.95,26,erratic,1901,0.9040979575800616,0.9550714934723351,0.05730755154324753,4.524787612752475,1.1817923693738461,0.0,0.0,0.884095390084737,0.9216652365076548,3.9418131905098597,5.272556471712376
ets,none,0.95,2,13,0.95,26,intermittent,6539,0.927120608413911,0.9796118394527937,0.11535889872173058,3.369427595755541,1.2559703575869858,0.0,0.0,0.9112537269485131,0.9397568322916381,2.7480099141085095,4.080649260574634
ets,none,0.95,2,13,0.95,26,lumpy,2808,0.8674477817083888,0.9690494690494691,0.09401583321040469,7.1197471891124575,3.525879092404407,0.0,0.0,0.8367299812185761,0.8942384769017288,5.976580764237674,9.050149170558054
ets,quantile,0.95,2,13,0.95,26,all,13844,0.9315197673376872,0.9672585432481416,0.07879079983881546,3.179007605059591,0.7784185611994372,0.0013253659472094211,0.02029760184917654,0.923215466282329,0.9391048489539646,2.950094714909326,3.4247506877121343
ets,quantile,0.95,2,13,0.95,26,smooth,2596,0.953061555434296,0.9436195545594621,0.06706516984983234,2.0719962241304635,0.2048379053671247,0.00013083260302052156,0.0007704160246533128,0.9478965257989216,0.957928797242398,1.9016895032645924,2.2560670629532726
ets,quantile,0.95,2,13,0.95,26,erratic,1901,0.9034123475713186,0.9549758500310841,0.05742954739538856,4.503471021830314,1.176320542387952,0.0018959281485880376,0.006838506049447659,0.8830433309886412,0.9216537413727229,3.9328754152225587,5.240970307619094
ets,quantile,0.95,2,13,0.95,26,intermittent,6539,0.92659893352734,0.9794589108704417,0.11622418879056047,3.315331319950258,1.224126758537844,0.00502499809659163,0.034714788193913444,0.9105632187636299,0.9393487638544464,2.717854138678641,4.005289122869686
ets,quantile,0.95,2,13,0.95,26,lumpy,2808,0.8661409161578153,0.969017094017094,0.09411417613217289,7.050147585678555,3.4899303756111846,0.005657826547396408,0.013888888888888888,0.8339870059072036,0.8934983024300539,5.930773057048273,8.910778703349115
ets,fixed,0.95,2,13,0.95,26,all,13844,0.9294174448746676,0.9616046334480313,0.09239667201314761,2.9257796795749162,0.5782708341640607,0.07212248604680348,0.44835307714533373,0.9211257576679975,0.936994745119401,2.728820064715998,3.139989894352485
ets,fixed,0.95,2,13,0.95,26,smooth,2596,0.953018621453704,0.943269365457347,0.0674817236998313,2.0553340684327037,0.19639505412147357,0.005430568355973756,0.06086286594761171,0.9478747721265476,0.957910741051611,1.8885053680658688,2.2343797918201007
ets,fixed,0.95,2,13,0.95,26,erratic,1901,0.9013606870833272,0.9513653101238583,0.062034890813712336,4.240069478593911,1.0069327384918003,0.06334558298498184,0.18779589689637033,0.8813085814664817,0.9192226946450618,3.74612736294622,4.878282834447126
ets,fixed,0.95,2,13,0.95,26,intermittent,6539,0.9199891717212734,0.9731262773012276,0.15205506391347098,2.590730542231697,0.6440186449424324,0.22251266824015092,0.6338889738492124,0.9029160783618222,0.9331646108915009,2.1303515065417917,3.077084288349297
ets,fixed,0.95,2,13,0.95,26,lumpy,2808,0.8514679705279287,0.9586570836570837,0.1255839110979987,5.371595953223226,1.9971266983619116,0.5005655573330929,0.5509259259259259,0.8154259603375498,0.880790705530378,4.483329455032462,6.7440239132488005
ets,none,0.9,1,13,0.95,26,all,13844,0.9177817399510488,0.9575103096845368,0.10224947259467616,1.8329748907194523,0.42270173379892034,0.0,0.0,0.9102104981095879,0.9245960261916505,1.695643052447174,1.9804928995476925
ets,none,0.9,1,13,0.95,26,smooth,2596,0.9395245873913922,0.9211899425689872,0.09374544394226564,1.179106642495996,0.1074339897300758,0.0,0.0,0.9334692161080713,0.9459794720562623,1.0792456760427083,1.281409971215013
ets,none,0.9,1,13,0.95,26,erratic,1901,0.8851438456324187,0.9395533451293577,0.0771013785531292,2.5484343730351715,0.5973531964224211,0.0,0.0,0.8631415842328669,0.9064848060780188,2.231237648571161,2.974391011687234
ets,none,0.9,1,13,0.95,26,intermittent,6539,0.9204939274223339,0.9755800859180581,0.13817109144542772,2.054553093814064,0.7606420266928351,0.0,0.0,0.9027592180750791,0.9327589464189183,1.6593486339380394,2.499159267573871
ets,none,0.9,1,13,0.95,26,lumpy,2808,0.8605394200220815,0.9611661486661487,0.11796233466096277,4.239890944323021,1.992417475946914,0.0,0.0,0.8296890186328829,0.8854519810151931,3.5600874598778085,5.443985647310141
ets,quantile,0.9,1,13,0.95,26,all,13844,0.9176943949172786,0.9574544929211211,0.10238379305168177,1.8305252595450776,0.42167713857669376,0.0002737731690901461,0.01654146200520081,0.9100570002340388,0.9244042777268293,1.6936985281217414,1.9775249863673277
ets,quantile,0.9,1,13,0.95,26,smooth,2596,0.9395245873913922,0.9211899425689872,0.09374544394226564,1.179081404277675,0.1074339897300758,1.2183967465325734e-05,0.0003852080123266564,0.9334692161080713,0.9459794720562623,1.0792450853606566,1.2813578436002209
ets,quantile,0.9,1,13,0.95,26,erratic,1901,0.8851438456324187,0.9395533451293577,0.0771013785531292,2.5484343730351715,0.5973531964224211,0.0,0.0,0.8631415842328669,0.9064848060780188,2.231237648571161,2.974391011687234
ets,quantile,0.9,1,13,0.95,26,intermittent,6539,0.9200568484633149,0.9754619138316951,0.13883972468043265,2.031317412379768,0.7481105499581251,0.0023404873289399847,0.03211500229392873,0.9024233404837145,0.9323756031122483,1.6464924154895826,2.4691729575481216
ets,quantile,0.9,1,13,0.95,26,lumpy,2808,0.8597485410423379,0.9611661486661487,0.11796233466096277,4.2266780829634305,1.989056578265474,0.0016087965570852393,0.00641025641025641,0.8292674098587218,0.8852363468206356,3.555202353161223,5.414747998417138
ets,fixed,0.9,1,13,0.95,26,all,13844,0.9173196398415568,0.9545257545113078,0.10943166644279924,1.7100540175522092,0.32502682062178273,0.053012393846007255,0.3876769719734181,0.9097413833925695,0.9242368352675926,1.5848005038423167,1.844251756235701
ets,fixed,0.9,1,13,0.95,26,smooth,2596,0.9395089222903654,0.9209448101975066,0.0940370316372649,1.1708453323655783,0.10319373697657169,0.0036197987150555833,0.04314329738058552,0.9334495793962118,0.9459727900276903,1.0720730739353392,1.274244866061297
ets,fixed,0.9,1,13,0.95,26,erratic,1901,0.8849693737169044,0.9386925541580986,0.07819934122239844,2.443487577276519,0.5292531891204483,0.034471773351935055,0.1115202524986849,0.8629126894977656,0.9063642869224044,2.1416604548780875,2.844544892989265
ets,fixed,0.9,1,13,0.95,26,intermittent,6539,0.9167491476960299,0.9714232089977617,0.1616912487708948,1.6464877180812518,0.4286447450419737,0.19293793196795506,0.5699648264260591,0.8983347805090364,0.9295861787849315,1.3274178303634445,1.9975011569913148
ets,fixed,0.9,1,13,0.95,26,lumpy,2808,0.858229873143913,0.956941206941207,0.13079608595171363,3.3915594511164686,1.2531290417070367,0.3894955048331493,0.4686609686609687,0.827323389001702,0.882892223200566,2.825035162746193,4.290632333121253
ets,none,0.9,4,13,0.95,26,all,13844,0.9081406434567091,0.959506579811405,0.09744554095588759,4.695877193572994,1.089708286575258,0.0,0.0,0.9005850229046913,0.9166417720990219,4.335589836672413,5.075012969948013
ets,none,0.9,4,13,0.95,26,smooth,2596,0.9335802617406306,0.9296995377503852,0.08362318538729094,3.0864730982349786,0.32593528630728025,0.0,0.0,0.9277026584928896,0.9406927741246128,2.8290970348588016,3.3802216969064562
ets,none,0.9,4,13,0.95,26,erratic,1901,0.8809855983126628,0.9444072497728468,0.07091008905697206,6.717813001000952,1.6470668363136798,0.0,0.0,0.8588066282832625,0.8997499091548239,5.934099550120977,7.863652875418294
ets,none,0.9,4,13,0.95,26,intermittent,6539,0.901175037433698,0.9744053163536265,0.1448180924287119,4.678622891094022,1.6614566854751613,0.0,0.0,0.880602163215837,0.9189425687246986,3.8828882582136894,5.6608000559681395
ets,none,0.9,4,13,0.95,26,lumpy,2808,0.810799666523963,0.96259065009065,0.11363524610316172,10.159883734030329,4.621754804984115,0.0,0.0,0.7685345156535961,0.8460446144022322,8.551256788912113,12.69313439962639
ets,quantile,0.9,4,13,0.95,26,all,13844,0.9073956213900047,0.9592077959601797,0.09816455046103521,4.533008395998217,1.0406306311438211,0.013901152005043226,0.04319560820572089,0.8998278131704873,0.9155370189902939,4.200816749019276,4.865044117111582
ets,quantile,0.9,4,13,0.95,26,smooth,2596,0.9334766980171754,0.9295944810197506,0.08374815154229064,3.014369829247498,0.3129101029168128,0.0062323894529775735,0.018875192604006163,0.9276139835616416,0.9406010497305783,2.793219384672303,3.2723046591531535
ets,quantile,0.9,4,13,0.95,26,erratic,1901,0.8795394199907336,0.9438812108459662,0.07158106624374772,6.466965035181938,1.5715033081813758,0.02100254147423599,0.034718569174118884,0.8561171642704802,0.8978629078517423,5.732365479589524,7.517115515711084
ets,quantile,0.9,4,13,0.95,26,intermittent,6539,0.9004841706920229,0.9740577513937355,0.14678466076696164,4.539981445293224,1.5855606031125662,0.013501510037306805,0.04878421777030127,0.8797806577299737,0.918340457500202,3.784619442872043,5.457292492989343
ets,quantile,0.9,4,13,0.95,26,lumpy,2808,0.8074739190194002,0.9623802123802124,0.11427447509465506,9.579439399743134,4.406434284941755,0.049023230661769675,0.0584045584045584,0.7664505765739928,0.8456474208211441,8.16437896876472,11.983364878435646
ets,fixed,0.9,4,13,0.95,26,all,13844,0.8990015219785825,0.9458741561818708,0.13025133727866753,4.128216640540836,0.7402085267741011,0.09256381322869882,0.5218867379370125,0.8908803455924358,0.908271143337425,3.8558609433894016,4.424337504979469
ets,fixed,0.9,4,13,0.95,26,smooth,2596,0.9334308630919487,0.9286839893542513,0.08483119155228792,3.0571111871158605,0.31366574097523375,0.006343205538019345,0.0936055469953775,0.9275844505309665,0.9405638957786334,2.7981250616979336,3.3493897592836235
ets,fixed,0.9,4,13,0.95,26,erratic,1901,0.866293124449525,0.9251350963607671,0.09549225326338905,5.835182843336498,1.2498795820686812,0.11569232717749028,0.30299842188321935,0.8419142531910697,0.8868190708349001,5.160147563778838,6.71489643738561
ets,fixed,0.9,4,13,0.95,26,intermittent,6539,0.8858406156327634,0.9629634778740146,0.2095575221238938,3.4113279586720697,0.7493326791248269,0.24591754152955075,0.694754549625325,0.8646734507622379,0.9041923474020431,2.9036205056516584,4.053378536693248
ets,fixed,0.9,4,13,0.95,26,lumpy,2808,0.756150154345328,0.9360107485107485,0.19437478487485862,7.068475248417116,2.2687744755638675,0.5590703228859196,0.6634615384615384,0.6983464665901788,0.8031912955272965,5.854979112290157,8.742257081049745
ets,none,0.9,2,8,0.95,26,all,13844,0.9170458666724667,0.9583803945260172,0.10015565370605943,2.7381385530449327,1.0136867136177872,0.0,0.0,0.9080064816009175,0.9254196978449148,2.5291918809017706,2.965910244156727
ets,none,0.9,2,8,0.95,26,smooth,2596,0.9415781660982265,0.9252696456086287,0.08889259158977778,1.770066196655617,0.3234986088520005,0.0,0.0,0.9359993385378002,0.9470123129067043,1.6185761471885813,1.9349940563350656
ets,none,0.9,2,8,0.95,26,erratic,1901,0.8843205966681034,0.9423030940653244,0.07359399780407466,3.8755556445864916,1.6478572587101872,0.0,0.0,0.8627962540463731,0.9043305732595616,3.3872558275502493,4.514870139120776
ets,none,0.9,2,8,0.95,26,intermittent,6539,0.9128520953001322,0.9749197124942652,0.14190757128810227,2.889241371920356,1.3680443583445894,0.0,0.0,0.8950255006888177,0.9261384129949538,2.352777010381054,3.5120707810805962
ets,none,0.9,2,8,0.95,26,lumpy,2808,0.8439602532615308,0.9613603988603988,0.11737227713035354,6.170518915752236,3.880055579339507,0.0,0.0,0.8097420663701718,0.8717676503218709,5.162385535855512,7.8396498610643075
ets,quantile,0.9,2,8,0.95,26,all,13844,0.913890915719465,0.9581538441333298,0.10070083673743511,2.635806250762759,0.9506061302289137,0.009255984299989108,0.04464027737648078,0.9049933090767283,0.9220575205092918,2.4483498447545236,2.8360376692670943
ets,quantile,0.9,2,8,0.95,26,smooth,2596,0.9391903985694862,0.9250770416024653,0.0891216962072772,1.721804921336535,0.2968619418207818,0.004572468933058672,0.021956856702619414,0.9334091914641397,0.9454760462238271,1.589031773495856,1.8677861398568543
ets,quantile,0.9,2,8,0.95,26,erratic,1901,0.8785442838800228,0.9419922528812587,0.073990484323533,3.7251925168349245,1.5534595949968346,0.013357440613314016,0.0389268805891636,0.8541221715374552,0.9003399009262608,3.2714082214969857,4.311731505178033
ets,quantile,0.9,2,8,0.95,26,intermittent,6539,0.9121640484227089,0.9746903196207372,0.1432055063913471,2.794107611659575,1.2948530897722585,0.009257614338445748,0.04954886068206148,0.8944243401433108,0.9251922221761028,2.297681977617421,3.3681871830057197
ets,quantile,0.9,2,8,0.95,26,lumpy,2808,0.8420157274509362,0.9611661486661487,0.11796233466096277,5.8099344314008246,3.651187369970633,0.031330974966765054,0.058048433048433046,0.8062431615179498,0.8714125848144646,4.939935479383736,7.325310431517604
ets,fixed,0.9,2,8,0.95,26,all,13844,0.9155024833781192,0.9535177694308004,0.11185733587225334,2.53770465882184,0.8435722599767966,0.0544330452846024,0.42422710199364344,0.9062852842159623,0.9238557644972473,2.3515480960704886,2.73643815922208
ets,fixed,0.9,2,8,0.95,26,smooth,2596,0.9415392934401229,0.924954475416725,0.08926749005477683,1.7569858372981992,0.3150891571489091,0.004193895658243194,0.05508474576271186,0.9359800836974961,0.9470039734272523,1.6057445230032907,1.9221271376375422
ets,fixed,0.9,2,8,0.95,26,erratic,1901,0.8833383844029862,0.9399359188943618,0.07661339514456508,3.678369424249141,1.5051651656696996,0.0439016572893397,0.16307206733298263,0.8617971560369598,0.9034420801112163,3.2414049596520447,4.273927555891271
ets,fixed,0.9,2,8,0.95,26,intermittent,6539,0.906546878833253,0.9692265984512506,0.17411996066863322,2.272568078572698,0.8317261047053196,0.1771861702577638,0.606514757608197,0.8874638307993183,0.9209521908350247,1.8641975131083486,2.7194945758279014
ets,fixed,0.9,2,8,0.95,26,lumpy,2808,0.8325792568892093,0.9525382025382025,0.1441707233121896,4.836148351772154,2.650945224307699,0.38328564025145895,0.5178062678062678,0.7954813247158489,0.861623657343861,4.015968369358361,6.0413344921869365
ets,none,0.9,2,26,0.95,26,all,13844,0.9170458666724667,0.9583803945260172,0.10015565370605943,2.7381385530449327,,0.0,0.0,0.9080064816009175,0.9254196978449148,2.5291918809017706,2.965910244156727
ets,none,0.9,2,26,0.95,26,smooth,2596,0.9415781660982265,0.9252696456086287,0.08889259158977778,1.770066196655617,,0.0,0.0,0.9359993385378002,0.9470123129067043,1.6185761471885813,1.9349940563350656
ets,none,0.9,2,26,0.95,26,erratic,1901,0.8843205966681034,0.9423030940653244,0.07359399780407466,3.8755556445864916,,0.0,0.0,0.8627962540463731,0.9043305732595616,3.3872558275502493,4.514870139120776
ets,none,0.9,2,26,0.95,26,intermittent,6539,0.9128520953001322,0.9749197124942652,0.14190757128810227,2.889241371920356,,0.0,0.0,0.8950255006888177,0.9261384129949538,2.352777010381054,3.5120707810805962
ets,none,0.9,2,26,0.95,26,lumpy,2808,0.8439602532615308,0.9613603988603988,0.11737227713035354,6.170518915752236,,0.0,0.0,0.8097420663701718,0.8717676503218709,5.162385535855512,7.8396498610643075
ets,quantile,0.9,2,26,0.95,26,all,13844,0.9169267598082345,0.9583180110845525,0.10030577656977158,2.736038992480214,,0.00026876722841951924,0.012857555619763074,0.9078777044931458,0.9252777120226893,2.5274289661287055,2.9633990852615435
ets,quantile,0.9,2,26,0.95,26,smooth,2596,0.9415781660982265,0.9252696456086287,0.08889259158977778,1.770066196655617,,0.0,0.0,0.9359993385378002,0.9470123129067043,1.6185761471885813,1.9349940563350656
ets,quantile,0.9,2,26,0.95,26,erratic,1901,0.8843205966681034,0.9423030940653244,0.07359399780407466,3.8755556445864916,,0.0,0.0,0.8627962540463731,0.9043305732595616,3.3872558275502493,4.514870139120776
ets,quantile,0.9,2,26,0.95,26,intermittent,6539,0.9124432149836307,0.9747876378095066,0.14265486725663717,2.868131868131868,,0.0022361523516257927,0.02584493041749503,0.8945769379383443,0.925566057110236,2.3436726202113474,3.4830577806722802
ets,quantile,0.9,2,26,0.95,26,lumpy,2808,0.842732250287285,0.9613603988603988,0.11737227713035354,6.159980622338388,,0.001721457380410536,0.003205128205128205,0.8071422687957667,0.8717382065772554,5.160471409405184,7.808848933653352
ets,fixed,0.9,2,26,0.95,26,all,13844,0.9155024833781192,0.9535177694308004,0.11185733587225334,2.53770465882184,,0.0544330452846024,0.42422710199364344,0.9062852842159623,0.9238557644972473,2.3515480960704886,2.73643815922208
ets,fixed,0.9,2,26,0.95,26,smooth,2596,0.9415392934401229,0.924954475416725,0.08926749005477683,1.7569858372981992,,0.004193895658243194,0.05508474576271186,0.9359800836974961,0.9470039734272523,1.6057445230032907,1.9221271376375422
ets,fixed,0.9,2,26,0.95,26,erratic,1901,0.8833383844029862,0.9399359188943618,0.07661339514456508,3.678369424249141,,0.0439016572893397,0.16307206733298263,0.8617971560369598,0.9034420801112163,3.2414049596520447,4.273927555891271
ets,fixed,0.9,2,26,0.95,26,intermittent,6539,0.906546878833253,0.9692265984512506,0.17411996066863322,2.272568078572698,,0.1771861702577638,0.606514757608197,0.8874638307993183,0.9209521908350247,1.8641975131083486,2.7194945758279014
ets,fixed,0.9,2,26,0.95,26,lumpy,2808,0.8325792568892093,0.9525382025382025,0.1441707233121896,4.836148351772154,,0.38328564025145895,0.5178062678062678,0.7954813247158489,0.861623657343861,4.015968369358361,6.0413344921869365
ets,none,0.9,2,13,0.9,26,all,13844,0.9170458666724667,0.9583803945260172,0.10015565370605943,2.7381385530449327,0.6562448850938105,0.0,0.0,0.9080064816009175,0.9254196978449148,2.5291918809017706,2.965910244156727
ets,none,0.9,2,13,0.9,26,smooth,2596,0.9415781660982265,0.9252696456086287,0.08889259158977778,1.770066196655617,0.1811195499590532,0.0,0.0,0.9359993385378002,0.9470123129067043,1.6185761471885813,1.9349940563350656
ets,none,0.9,2,13,0.9,26,erratic,1901,0.8843205966681034,0.9423030940653244,0.07359399780407466,3.8755556445864916,0.9713779468791175,0.0,0.0,0.8627962540463731,0.9043305732595616,3.3872558275502493,4.514870139120776
ets,none,0.9,2,13,0.9,26,intermittent,6539,0.9128520953001322,0.9749197124942652,0.14190757128810227,2.889241371920356,1.0535435824119426,0.0,0.0,0.8950255006888177,0.9261384129949538,2.352777010381054,3.5120707810805962
ets,none,0.9,2,13,0.9,26,lumpy,2808,0.8439602532615308,0.9613603988603988,0.11737227713035354,6.170518915752236,2.9303260404227034,0.0,0.0,0.8097420663701718,0.8717676503218709,5.162385535855512,7.8396498610643075
ets,quantile,0.9,2,13,0.9,26,all,13844,0.9157841970048248,0.9582654776601612,0.10043219582342391,2.7064499128880013,0.6471982181613111,0.002955749038039453,0.02376480785900029,0.9066970985346182,0.9235842384031624,2.5074474924086103,2.9227416029358757
ets,quantile,0.9,2,13,0.9,26,smooth,2596,0.941007260194137,0.9252521361535229,0.08891341928227772,1.7611309970865814,0.18072960498127005,0.001032736289918086,0.00423728813559322,0.934959907182286,0.9466295631243689,1.613133798732713,1.9200555752120192
ets,quantile,0.9,2,13,0.9,26,erratic,1901,0.8814269476396858,0.9421835397637607,0.07374649261925094,3.8206028069300246,0.9599040275226215,0.0049226927866202015,0.01209889531825355,0.8576583393388357,0.901758068390052,3.3257212888886203,4.43459324851079
ets,quantile,0.9,2,13,0.9,26,intermittent,6539,0.9122881224497853,0.9747389787151218,0.14293018682399214,2.8275173633141306,1.0189393362603525,0.005727144295273626,0.0363970025997859,0.8945331245428024,0.9253606841596512,2.3171226191904957,3.427871032234531
ets,quantile,0.9,2,13,0.9,26,lumpy,2808,0.8424663707442374,0.9613118363118363,0.11751979151300584,6.067220206845271,2.8829264775466976,0.008819089249904238,0.0202991452991453,0.8067658271792393,0.8715986339664519,5.095800299635642,7.683489846254655
ets,fixed,0.9,2,13,0.9,26,all,13844,0.9155024833781192,0.9535177694308004,0.11185733587225334,2.53770465882184,0.5011740311821771,0.0544330452846024,0.42422710199364344,0.9062852842159623,0.9238557644972473,2.3515480960704886,2.73643815922208
ets,fixed,0.9,2,13,0.9,26,smooth,2596,0.9415392934401229,0.924954475416725,0.08926749005477683,1.7569858372981992,0.17471704911270258,0.004193895658243194,0.05508474576271186,0.9359800836974961,0.9470039734272523,1.6057445230032907,1.9221271376375422
ets,fixed,0.9,2,13,0.9,26,erratic,1901,0.8833383844029862,0.9399359188943618,0.07661339514456508,3.678369424249141,0.850004038701748,0.0439016572893397,0.16307206733298263,0.8617971560369598,0.9034420801112163,3.2414049596520447,4.273927555891271
ets,fixed,0.9,2,13,0.9,26,intermittent,6539,0.906546878833253,0.9692265984512506,0.17411996066863322,2.272568078572698,0.5694501546695542,0.1771861702577638,0.606514757608197,0.8874638307993183,0.9209521908350247,1.8641975131083486,2.7194945758279014
ets,fixed,0.9,2,13,0.9,26,lumpy,2808,0.8325792568892093,0.9525382025382025,0.1441707233121896,4.836148351772154,1.7659286631666704,0.38328564025145895,0.5178062678062678,0.7954813247158489,0.861623657343861,4.015968369358361,6.0413344921869365
ets,none,0.9,2,13,0.99,26,all,13844,0.9170458666724667,0.9583803945260172,0.10015565370605943,2.7381385530449327,0.6562448850938105,0.0,0.0,0.9080064816009175,0.9254196978449148,2.5291918809017706,2.965910244156727
ets,none,0.9,2,13,0.99,26,smooth,2596,0.9415781660982265,0.9252696456086287,0.08889259158977778,1.770066196655617,0.1811195499590532,0.0,0.0,0.9359993385378002,0.9470123129067043,1.6185761471885813,1.9349940563350656
ets,none,0.9,2,13,0.99,26,erratic,1901,0.8843205966681034,0.9423030940653244,0.07359399780407466,3.8755556445864916,0.9713779468791175,0.0,0.0,0.8627962540463731,0.9043305732595616,3.3872558275502493,4.514870139120776
ets,none,0.9,2,13,0.99,26,intermittent,6539,0.9128520953001322,0.9749197124942652,0.14190757128810227,2.889241371920356,1.0535435824119426,0.0,0.0,0.8950255006888177,0.9261384129949538,2.352777010381054,3.5120707810805962
ets,none,0.9,2,13,0.99,26,lumpy,2808,0.8439602532615308,0.9613603988603988,0.11737227713035354,6.170518915752236,2.9303260404227034,0.0,0.0,0.8097420663701718,0.8717676503218709,5.162385535855512,7.8396498610643075
ets,quantile,0.9,2,13,0.99,26,all,13844,0.9168965515455669,0.958285177694308,0.10038478860330428,2.731498776910599,0.6532671789642778,0.0006105521431726651,0.01762496388327073,0.9078437519873359,0.9252477411706391,2.5241572019119536,2.9554590065610866
ets,quantile,0.9,2,13,0.99,26,smooth,2596,0.9415781660982265,0.9252696456086287,0.08889259158977778,1.7699542201927214,0.1811195499590532,3.568161900559679e-05,0.0003852080123266564,0.9359993385378002,0.9470123129067043,1.6185761471885813,1.9349880868339582
ets,quantile,0.9,2,13,0.99,26,erratic,1901,0.8842760094008053,0.942255272344699,0.07365499573014518,3.873519492713213,0.9708036111809357,0.00016994856955646008,0.0010520778537611783,0.862775063542787,0.9042008549217303,3.3850898659120503,4.514647693256885
ets,quantile,0.9,2,13,0.99,26,intermittent,6539,0.9122965820425405,0.9747528813135174,0.14285152409046215,2.83983735022996,1.0278292403003721,0.004407447825461683,0.03318550237039303,0.8945334011149306,0.9253689490012915,2.327281688041846,3.4430227063865924
ets,quantile,0.9,2,13,0.99,26,lumpy,2808,0.8426105765980938,0.9613118363118363,0.11751979151300584,6.131294923503301,2.9140073454856807,0.0035781077488114283,0.008547008547008548,0.806941148902691,0.871660319498687,5.141690956324299,7.769602529750636
ets,fixed,0.9,2,13,0.99,26,all,13844,0.9155024833781192,0.9535177694308004,0.11185733587225334,2.53770465882184,0.5011740311821771,0.0544330452846024,0.42422710199364344,0.9062852842159623,0.9238557644972473,2.3515480960704886,2.73643815922208
ets,fixed,0.9,2,13,0.99,26,smooth,2596,0.9415392934401229,0.924954475416725,0.08926749005477683,1.7569858372981992,0.17471704911270258,0.004193895658243194,0.05508474576271186,0.9359800836974961,0.9470039734272523,1.6057445230032907,1.9221271376375422
ets,fixed,0.9,2,13,0.99,26,erratic,1901,0.8833383844029862,0.9399359188943618,0.07661339514456508,3.678369424249141,0.850004038701748,0.0439016572893397,0.16307206733298263,0.8617971560369598,0.9034420801112163,3.2414049596520447,4.273927555891271
ets,fixed,0.9,2,13,0.99,26,intermittent,6539,0.906546878833253,0.9692265984512506,0.17411996066863322,2.272568078572698,0.5694501546695542,0.1771861702577638,0.606514757608197,0.8874638307993183,0.9209521908350247,1.8641975131083486,2.7194945758279014
ets,fixed,0.9,2,13,0.99,26,lumpy,2808,0.8325792568892093,0.9525382025382025,0.1441707233121896,4.836148351772154,1.7659286631666704,0.38328564025145895,0.5178062678062678,0.7954813247158489,0.861623657343861,4.015968369358361,6.0413344921869365
ets,none,0.9,2,13,0.95,13,all,13844,0.9170458666724667,0.9583803945260172,0.10015565370605943,2.7381385530449327,0.6562448850938105,0.0,0.0,0.9080064816009175,0.9254196978449148,2.5291918809017706,2.965910244156727
ets,none,0.9,2,13,0.95,13,smooth,2596,0.9415781660982265,0.9252696456086287,0.08889259158977778,1.770066196655617,0.1811195499590532,0.0,0.0,0.9359993385378002,0.9470123129067043,1.6185761471885813,1.9349940563350656
ets,none,0.9,2,13,0.95,13,erratic,1901,0.8843205966681034,0.9423030940653244,0.07359399780407466,3.8755556445864916,0.9713779468791175,0.0,0.0,0.8627962540463731,0.9043305732595616,3.3872558275502493,4.514870139120776
ets,none,0.9,2,13,0.95,13,intermittent,6539,0.9128520953001322,0.9749197124942652,0.14190757128810227,2.889241371920356,1.0535435824119426,0.0,0.0,0.8950255006888177,0.9261384129949538,2.352777010381054,3.5120707810805962
ets,none,0.9,2,13,0.95,13,lumpy,2808,0.8439602532615308,0.9613603988603988,0.11737227713035354,6.170518915752236,2.9303260404227034,0.0,0.0,0.8097420663701718,0.8717676503218709,5.162385535855512,7.8396498610643075
ets,quantile,0.9,2,13,0.95,13,all,13844,0.9167453376135852,0.9582818943552835,0.10039268980665755,2.7245325789208126,0.6504869485632692,0.0012024614728133403,0.019791967639410574,0.9075892144864742,0.925059297343072,2.5201070886302688,2.946338720690013
ets,quantile,0.9,2,13,0.95,13,smooth,2596,0.9415781660982265,0.9252696456086287,0.08889259158977778,1.7694839770674524,0.1811195499590532,0.0001224198635801776,0.0007704160246533128,0.9359993385378002,0.9470123129067043,1.618468386769314,1.9342572900597652
ets,quantile,0.9,2,13,0.95,13,erratic,1901,0.8837293307321941,0.9422074506240734,0.07371599365621569,3.857746585358446,0.966707915273853,0.0015851096620608234,0.005786428195686481,0.8618959416020515,0.9035324674314622,3.366642141645536,4.490943429924456
ets,quantile,0.9,2,13,0.95,13,intermittent,6539,0.9122937621782887,0.9747528813135174,0.14285152409046215,2.8329315026774613,1.0222272979778753,0.004898104205263558,0.0345618596115614,0.8945334011149306,0.9253688865967704,2.322126763645774,3.434227932748337
ets,quantile,0.9,2,13,0.95,13,lumpy,2808,0.8425452333205651,0.9613280238280238,0.11747062005212175,6.10453347153061,2.8964741668732117,0.005304071562154976,0.012464387464387465,0.80684144089365,0.8716269745661208,5.119986211566532,7.7381303775658346
ets,fixed,0.9,2,13,0.95,13,all,13844,0.9092538610906702,0.9479787764965459,0.125186665929221,2.349239105648997,0.4147218155614672,0.0802165742552757,0.5509245882692864,0.8997039485857639,0.9177734473553611,2.1923584741437394,2.512195651566156
ets,fixed,0.9,2,13,0.95,13,smooth,2596,0.9414542957623291,0.9243241350329178,0.09001728698477496,1.749493857684878,0.17334617871617533,0.005573004737532683,0.11093990755007704,0.9359113342345224,0.9469127110388478,1.5997896678525605,1.914187836139558
ets,fixed,0.9,2,13,0.95,13,erratic,1901,0.8718891495915742,0.9298694467026923,0.0894534585824082,3.267404058216755,0.6865216568111574,0.09446620317448419,0.35770647027880065,0.8471000456407533,0.8948256030319011,2.8865431541408357,3.7376970800417
ets,fixed,0.9,2,13,0.95,13,intermittent,6539,0.8997933039503478,0.9655563124748016,0.19488692232055063,2.0465897971671647,0.46346612074094756,0.2210491586935005,0.7124942651781618,0.8805618092411363,0.9149650482555983,1.7221524872687448,2.458616135565242
ets,fixed,0.9,2,13,0.95,13,lumpy,2808,0.796994209233681,0.9411745661745662,0.17868908885282983,4.047840292016854,1.3028386021045042,0.4977670624816926,0.7122507122507122,0.7470950423651712,0.8328702070370255,3.3228922829766474,5.099538642386425
ets,none,0.9,2,13,0.95,52,all,13844,0.9170458666724667,0.9583803945260172,0.10015565370605943,2.7381385530449327,0.6562448850938105,0.0,0.0,0.9080064816009175,0.9254196978449148,2.5291918809017706,2.965910244156727
ets,none,0.9,2,13,0.95,52,smooth,2596,0.9415781660982265,0.9252696456086287,0.08889259158977778,1.770066196655617,0.1811195499590532,0.0,0.0,0.9359993385378002,0.9470123129067043,1.6185761471885813,1.9349940563350656
ets,none,0.9,2,13,0.95,52,erratic,1901,0.8843205966681034,0.9423030940653244,0.07359399780407466,3.8755556445864916,0.9713779468791175,0.0,0.0,0.8627962540463731,0.9043305732595616,3.3872558275502493,4.514870139120776
ets,none,0.9,2,13,0.95,52,intermittent,6539,0.9128520953001322,0.9749197124942652,0.14190757128810227,2.889241371920356,1.0535435824119426,0.0,0.0,0.8950255006888177,0.9261384129949538,2.352777010381054,3.5120707810805962
ets,none,0.9,2,13,0.95,52,lumpy,2808,0.8439602532615308,0.9613603988603988,0.11737227713035354,6.170518915752236,2.9303260404227034,0.0,0.0,0.8097420663701718,0.8717676503218709,5.162385535855512,7.8396498610643075
ets,quantile,0.9,2,13,0.95,52,all,13844,0.9167453376135852,0.9582818943552835,0.10039268980665755,2.7245325789208126,0.6504869485632692,0.0012024614728133403,0.019791967639410574,0.9075892144864742,0.925059297343072,2.5201070886302688,2.946338720690013
ets,quantile,0.9,2,13,0.95,52,smooth,2596,0.9415781660982265,0.9252696456086287,0.08889259158977778,1.7694839770674524,0.1811195499590532,0.0001224198635801776,0.0007704160246533128,0.9359993385378002,0.9470123129067043,1.618468386769314,1.9342572900597652
ets,quantile,0.9,2,13,0.95,52,erratic,1901,0.8837293307321941,0.9422074506240734,0.07371599365621569,3.857746585358446,0.966707915273853,0.0015851096620608234,0.005786428195686481,0.8618959416020515,0.9035324674314622,3.366642141645536,4.490943429924456
ets,quantile,0.9,2,13,0.95,52,intermittent,6539,0.9122937621782887,0.9747528813135174,0.14285152409046215,2.8329315026774613,1.0222272979778753,0.004898104205263558,0.0345618596115614,0.8945334011149306,0.9253688865967704,2.322126763645774,3.434227932748337
ets,quantile,0.9,2,13,0.95,52,lumpy,2808,0.8425452333205651,0.9613280238280238,0.11747062005212175,6.10453347153061,2.8964741668732117,0.005304071562154976,0.012464387464387465,0.80684144089365,0.8716269745661208,5.119986211566532,7.7381303775658346
ets,fixed,0.9,2,13,0.95,52,all,13844,0.9165086774529152,0.9553301725722991,0.10749587162124792,2.575134940309336,0.5249584636388321,0.04721258003247647,0.35076567466050274,0.9074625044993138,0.9248886866522105,2.3839695680799093,2.7837875435184896
ets,fixed,0.9,2,13,0.95,52,smooth,2596,0.9415642415639804,0.9250770416024653,0.0891216962072772,1.758569753068692,0.17515805071605467,0.0036789779856014515,0.03659476117103236,0.9359871454603852,0.9470057822549672,1.6067613010254456,1.9238557833702632
ets,fixed,0.9,2,13,0.95,52,erratic,1901,0.8841092917926472,0.9412988379321888,0.07487495425155545,3.737155474508684,0.8799292031738379,0.03381007245754032,0.09416096791162545,0.8624736711357253,0.9041282946463647,3.2890455373176484,4.345325243063268
ets,fixed,0.9,2,13,0.95,52,intermittent,6539,0.9091608929946112,0.9709296667547165,0.16448377581120943,2.381581210680518,0.6273555031060805,0.15757683425119914,0.5207218229087016,0.8907681578478942,0.9232609098914953,1.9340337424849283,2.876383229690742
ets,fixed,0.9,2,13,0.95,52,lumpy,2808,0.8407426601473603,0.956471768971769,0.13222205831735262,5.0203397850431495,1.922349203487979,0.34389265676753566,0.41915954415954415,0.8058113298857915,0.8685400745063356,4.182556931654465,6.298218573447941
lgb_tweedie,none,0.8,2,13,0.95,26,all,13844,0.8952210010603964,0.9530318352551811,0.1130267139685374,2.0756608230077176,0.452248280157297,0.0,0.0,0.8853929784003135,0.9034683413099065,1.8921213709824642,2.253507130947996
lgb_tweedie,none,0.8,2,13,0.95,26,smooth,2596,0.9164986294487074,0.9120850259139935,0.10457584404223856,1.5161482533557404,0.1809868027325738,0.0,0.0,0.9050888762484687,0.9273270465243107,1.3317703623610095,1.6957823247838266
lgb_tweedie,none,0.8,2,13,0.95,26,erratic,1901,0.8545828279571213,0.9167423843909904,0.10619738928876418,2.480995808150682,0.5528762987657081,0.0,0.0,0.8361207572250672,0.8739502076086199,2.1561060867323225,2.905675645593831
lgb_tweedie,none,0.8,2,13,0.95,26,intermittent,6539,0.9141887109554546,0.9791252485089463,0.11811209439528024,3.623847028004072,1.484068048964123,0.0,0.0,0.8982788166440846,0.9282399556269054,3.0161798995651328,4.522604672572996
lgb_tweedie,none,0.8,2,13,0.95,26,lumpy,2808,0.8564994028976364,0.9546911421911422,0.13763091901460392,3.771048421621865,1.383827313490007,0.0,0.0,0.8191693726243211,0.8821878751362489,3.2154911275920424,4.736302594074837
lgb_tweedie,quantile,0.8,2,13,0.95,26,all,13844,0.8947133296289372,0.9527724514722492,0.1136509090334458,1.9947197683043516,0.39858273188682364,0.0062650210586114525,0.06854955215255706,0.8846983725457068,0.9028966804395628,1.8239075458962577,2.1642053039651263
lgb_tweedie,quantile,0.8,2,13,0.95,26,smooth,2596,0.9164948582206824,0.9120850259139935,0.10457584404223856,1.5034113658430595,0.17371953029064857,0.0010173612833546987,0.0065485362095531584,0.9050888762484687,0.9273201130603639,1.3217790681480817,1.6831475566935015
lgb_tweedie,quantile,0.8,2,13,0.95,26,erratic,1901,0.8542093288194649,0.9165750083688011,0.10641088203001098,2.4191765313303097,0.5201007801479393,0.004923338978899883,0.03682272488164124,0.835812457109849,0.8736403073426984,2.1044266367454676,2.820918302568425
lgb_tweedie,quantile,0.8,2,13,0.95,26,intermittent,6539,0.9131791995533335,0.97882634264344,0.11980334316617502,3.1697981259182186,1.1179317987632076,0.030375577719688573,0.09512157822296988,0.8971112979422766,0.9272477659523449,2.6145949917914018,3.960910847621435
lgb_tweedie,quantile,0.8,2,13,0.95,26,lumpy,2808,0.8520109956963565,0.9542217042217043,0.1390568913802429,3.3918095581442507,1.1466163448322482,0.032437304251819475,0.08547008547008547,0.8119965080116588,0.8782669647926944,2.9281560494867076,4.240737634237298
lgb_tweedie,fixed,0.8,2,13,0.95,26,all,13844,0.8925864953184961,0.9485205274355809,0.12388296737593135,1.9646437315179377,0.3853074260367951,0.01724598346624106,0.4624386015602427,0.8829514231434419,0.9008869284351088,1.7858125587064166,2.1290642872019507
lgb_tweedie,fixed,0.8,2,13,0.95,26,smooth,2596,0.916464978490946,0.9118574029976187,0.10484660404473789,1.5057759258147232,0.17888199334349245,0.001971481973675088,0.05701078582434515,0.9050274893592676,0.9272717981377098,1.321412531800442,1.6854089607478002
lgb_tweedie,fixed,0.8,2,13,0.95,26,erratic,1901,0.8529447305281265,0.9153555544928507,0.10796632914480908,2.4112160886369027,0.536076979593894,0.01213613720471436,0.14150447133087848,0.834105824780439,0.8730538348362028,2.0855519394516047,2.8151271224098644
lgb_tweedie,fixed,0.8,2,13,0.95,26,intermittent,6539,0.9088817264336895,0.9726674915541714,0.15465093411996067,2.6209764061958056,0.6955900142967119,0.12875782159846824,0.6930723352194526,0.8923521274999263,0.9236855565606139,2.1199206308371292,3.339478707569433
lgb_tweedie,fixed,0.8,2,13,0.95,26,lumpy,2808,0.8323246434284942,0.9486370111370112,0.1560210453852584,3.447150807778103,1.2149992113742367,0.06459971609472522,0.5174501424501424,0.7888349839782675,0.8632662123098128,2.9325573300862975,4.258755207115703
lgb_tweedie,none,0.9,2,13,0.95,26,all,13844,0.9257249594648269,0.9659649076725066,0.0819038739600041,2.59747265591218,0.5470404274590001,0.0,0.0,0.9185265928095233,0.9323460641895237,2.3975647032137513,2.7994670148384873
lgb_tweedie,none,0.9,2,13,0.95,26,smooth,2596,0.9452458303997531,0.9420437035999439,0.06893966217482765,1.9306688737053448,0.21708256059420628,0.0,0.0,0.9371048517533427,0.9534580264377913,1.7179502867616376,2.14814601774982
lgb_tweedie,none,0.9,2,13,0.95,26,erratic,1901,0.8938202693717137,0.93835780211372,0.07862632670489203,3.143373912054523,0.6957039198669878,0.0,0.0,0.8751644192824252,0.9086269645524163,2.752947439467312,3.616911267164329
lgb_tweedie,none,0.9,2,13,0.95,26,intermittent,6539,0.9337021715774603,0.9843317716081136,0.08865290068829892,4.218595876794492,1.6461397468325876,0.0,0.0,0.917898252776085,0.9470209057767156,3.525431310496414,5.242924722046526
lgb_tweedie,none,0.9,2,13,0.95,26,lumpy,2808,0.8789774903674996,0.963998963998964,0.10935732900624477,4.577787792073185,1.7132696424145468,0.0,0.0,0.8399761920064416,0.903673334179763,3.967495940428921,5.718233955197149
lgb_tweedie,quantile,0.9,2,13,0.95,26,all,13844,0.9252333415672427,0.9657153739066481,0.08250436541485268,2.518198579452133,0.48869926155470367,0.006977763438922432,0.07649523259173649,0.9180380162356201,0.9318460298477498,2.324134014639599,2.7162965299231407
lgb_tweedie,quantile,0.9,2,13,0.95,26,smooth,2596,0.9452411888883377,0.9420261941448382,0.0689604898673276,1.9188980007559864,0.20957723663556566,0.001079151404071708,0.008859784283513097,0.9371048059296008,0.953450660240062,1.7080004911766957,2.1384990880779156
lgb_tweedie,quantile,0.9,2,13,0.95,26,erratic,1901,0.8934299692347856,0.938166515231218,0.07887031840917409,3.0766086795254624,0.6567969411842249,0.0058338239009723255,0.04471330878485008,0.874585196229343,0.9082220881791009,2.699771536142625,3.5307194027797073
lgb_tweedie,quantile,0.9,2,13,0.95,26,intermittent,6539,0.9326560019400666,0.9840537196402007,0.09022615535889872,3.7862148116189687,1.2679372974984986,0.033344894776765444,0.10429729316409236,0.9172064659401916,0.9460347335445016,3.146254075715641,4.708251180697737
lgb_tweedie,quantile,0.9,2,13,0.95,26,lumpy,2808,0.874793267389198,0.9635619010619011,0.11068495845011556,4.212737432685158,1.4478975237151033,0.035713480994119105,0.0957977207977208,0.8361068062468683,0.9003286880244916,3.6494577643998465,5.280094589916762
lgb_tweedie,fixed,0.9,2,13,0.95,26,all,13844,0.922942001689246,0.961010349084605,0.0938267898200896,2.466403492282307,0.4720030684690124,0.022287828814781405,0.4806414331118174,0.9156311622265124,0.9297977414310068,2.2721157070655527,2.666016309608991
lgb_tweedie,fixed,0.9,2,13,0.95,26,smooth,2596,0.9452011558523802,0.9417635523182518,0.06927290525482682,1.9161255679686977,0.2140115045662319,0.002717604933694559,0.062403697996918334,0.9370728735297686,0.9533860902414374,1.7051063724953608,2.1359309146798404
lgb_tweedie,fixed,0.9,2,13,0.95,26,erratic,1901,0.8919243412231257,0.9368753287743293,0.08051726241307795,3.0473297073330547,0.6737327361655079,0.016618773048870876,0.1509731720147291,0.8729245145984574,0.907064924170362,2.671208586019542,3.496675679795876
lgb_tweedie,fixed,0.9,2,13,0.95,26,intermittent,6539,0.9279299094541589,0.9771858360327546,0.12908554572271386,3.137206134896666,0.808702101080854,0.16226344863758257,0.7163174797369628,0.9110451093593794,0.9410723621439757,2.540761337452288,3.9893035557777
lgb_tweedie,fixed,0.9,2,13,0.95,26,lumpy,2808,0.8542214010499989,0.957475394975395,0.12917342774253823,4.1788670827606405,1.5034167774498095,0.08221310921340214,0.5416666666666666,0.810472410444735,0.8833646392371113,3.549264091426041,5.206785207503403
lgb_tweedie,none,0.95,2,13,0.95,26,all,13844,0.9413787085605211,0.9729617031336187,0.06506640961418424,3.0619630157650883,0.632311966079746,0.0,0.0,0.9346735092399154,0.9476397375254578,2.846125316117904,3.287914024208885
lgb_tweedie,none,0.95,2,13,0.95,26,smooth,2596,0.9596275535202528,0.9576621375542793,0.0503613604648741,2.3030402189865087,0.24993941377130635,0.0,0.0,0.9534342238818504,0.9653841569751582,2.0767736313623577,2.5489556150258963
lgb_tweedie,none,0.95,2,13,0.95,26,erratic,1901,0.9145947049712219,0.9504566974319736,0.0631938514090521,3.7320001525013784,0.8263311722509527,0.0,0.0,0.8966852599806413,0.9289059356554249,3.3073573919855743,4.25026067807706
lgb_tweedie,none,0.95,2,13,0.95,26,intermittent,6539,0.944406376277046,0.9872374146728023,0.07221238938053097,4.733948627713062,1.78850848920133,0.0,0.0,0.9293129512300395,0.957168577538025,3.964625180862499,5.856546550844665
lgb_tweedie,none,0.95,2,13,0.95,26,lumpy,2808,0.8906108469840698,0.9690980315980317,0.09386831882775237,5.284290574795521,2.001880534462946,0.0,0.0,0.8533406041934911,0.9151176073052624,4.562802696215649,6.592350100373336
lgb_tweedie,quantile,0.95,2,13,0.95,26,all,13844,0.9409216143916996,0.9726891859945891,0.0657222094925057,2.9831634679568877,0.5689845380302176,0.007963761132392113,0.08718578445535972,0.9342647515761998,0.9470264394649583,2.769160538873955,3.2064291268248684
lgb_tweedie,quantile,0.95,2,13,0.95,26,smooth,2596,0.9596223318199105,0.9576446280991735,0.050382188157374046,2.2914352800702495,0.24211051844812226,0.0012587198769535323,0.014252696456086287,0.9534287298605466,0.9653738364179567,2.066988463847528,2.5406615744455214
lgb_tweedie,quantile,0.95,2,13,0.95,26,erratic,1901,0.914303272253085,0.9502414996891588,0.06346834207636941,3.661413338830276,0.7808961006819267,0.006886471124574886,0.055234087322461864,0.8963644656612164,0.92868352949207,3.250297401238047,4.168134492070169
lgb_tweedie,quantile,0.95,2,13,0.95,26,intermittent,6539,0.9433009894903659,0.9869524114056917,0.07382497541789577,4.320364777639605,1.3986058591139423,0.037098134095824624,0.11561400825814344,0.9277089858206002,0.9557866287377864,3.6009166176131493,5.354950539229647
lgb_tweedie,quantile,0.95,2,13,0.95,26,lumpy,2808,0.8865843491584237,0.9685800310800311,0.09544180557604366,4.922451048872265,1.7060471823528087,0.04051959171717627,0.11004273504273504,0.8494153644048664,0.9120294258632026,4.277522963122976,6.157441751407856
lgb_tweedie,fixed,0.95,2,13,0.95,26,all,13844,0.9385051259969374,0.9675606104383915,0.07806388913031455,2.911567123536431,0.5491108845203714,0.027077823561996072,0.49414908985842243,0.9320220066822088,0.9450213969576003,2.6987767785643206,3.1331572095866975
lgb_tweedie,fixed,0.95,2,13,0.95,26,smooth,2596,0.9595822987839531,0.9573819862725872,0.05069460354487326,2.2846232818792784,0.24586573325872105,0.0033694471930894856,0.06664098613251156,0.9534057223658027,0.9653408955846422,2.058748315981582,2.523090208104017
lgb_tweedie,fixed,0.95,2,13,0.95,26,erratic,1901,0.9125230125225602,0.9487829372100808,0.06532877882152006,3.612789954553297,0.8000382545829572,0.020760219369355105,0.15728563913729615,0.8946360662750205,0.9277797723171961,3.1964551745572707,4.100148379192685
lgb_tweedie,fixed,0.95,2,13,0.95,26,intermittent,6539,0.9382703516652708,0.9795423264608155,0.11575221238938053,3.579154999478326,0.9055728977207038,0.1939897413338522,0.7325279094662792,0.9225109898393391,0.9509506349183734,2.9018861053812213,4.537981996711274
lgb_tweedie,fixed,0.95,2,13,0.95,26,lumpy,2808,0.8655798652576553,0.9617812742812742,0.11609381914736687,4.802613731101147,1.744677677384466,0.0998828327437417,0.5623219373219374,0.8243679826173971,0.8946516692265299,4.080318619103952,5.987943012830522
lgb_tweedie,none,0.9,1,13,0.95,26,all,13844,0.9284585483082769,0.9634498699797747,0.08795619572860947,1.753071964539988,0.3222108926852332,0.0,0.0,0.9211122635028334,0.9343914187232225,1.6190435127713938,1.88399282182693
lgb_tweedie,none,0.9,1,13,0.95,26,smooth,2596,0.947888010772948,0.9362305645048326,0.07585445608481037,1.3230674704604062,0.11994222478665728,0.0,0.0,0.9388996601853519,0.9561104203416513,1.1887241552465144,1.4642447749821648
lgb_tweedie,none,0.9,1,13,0.95,26,erratic,1901,0.8948393145967728,0.9342690450002391,0.08384164938392094,2.0769330680498626,0.40518672695209845,0.0,0.0,0.8773716113954259,0.9101307888218979,1.8179725743675745,2.3756463643929457
lgb_tweedie,none,0.9,1,13,0.95,26,intermittent,6539,0.9391360499905534,0.9834559079091882,0.0936086529006883,2.8111508711970608,1.0323207200805353,0.0,0.0,0.9260316532013463,0.9505389847105858,2.336971578831159,3.491277474050217
lgb_tweedie,none,0.9,1,13,0.95,26,lumpy,2808,0.8862418602555148,0.9617812742812742,0.11609381914736687,3.118260066244564,1.0365246389220613,0.0,0.0,0.8541120796699504,0.9080302650551125,2.67084458986301,3.912704539158569
lgb_tweedie,quantile,0.9,1,13,0.95,26,all,13844,0.9283548045033442,0.9633645031651388,0.08816162701579451,1.7283267367118602,0.30476619063623267,0.0023125719711858056,0.04059520369835308,0.9209920136083024,0.9342722842228012,1.594932002082593,1.8548378718175407
lgb_tweedie,quantile,0.9,1,13,0.95,26,smooth,2596,0.9478851098283134,0.9362305645048326,0.07585445608481037,1.3218287671014313,0.1198337294573232,0.00022221235901046457,0.0015408320493066256,0.9388996601853519,0.9561077117704858,1.1875668791396417,1.464221187053756
lgb_tweedie,quantile,0.9,1,13,0.95,26,erratic,1901,0.894836729827654,0.9341973124193008,0.08393314627302671,2.069149035848809,0.40262211903249506,0.0008723595775711829,0.013150973172014729,0.8773696611421176,0.9101307730966791,1.8119767536903015,2.369129096585401
lgb_tweedie,quantile,0.9,1,13,0.95,26,intermittent,6539,0.9385889963257169,0.9833377358228252,0.09427728613569321,2.620051490721237,0.8820918880965071,0.014316450806058196,0.06025386144670439,0.9256748472577927,0.9499877515085289,2.208632036896478,3.2885152779311437
lgb_tweedie,quantile,0.9,1,13,0.95,26,lumpy,2808,0.8853563461841779,0.9616841491841492,0.11638884791267148,2.9847186859241566,0.9386422117572835,0.013978954958202835,0.0495014245014245,0.8530583229146368,0.9076222255841594,2.5589809582163983,3.735588571995742
lgb_tweedie,fixed,0.9,1,13,0.95,26,all,13844,0.9278552461481444,0.9606097817236217,0.09479073662918863,1.6877207900341042,0.28411060919363446,0.014964482850941901,0.4211932967350477,0.9204481071470274,0.9336074786195334,1.5581125155094724,1.8161895697554735
lgb_tweedie,fixed,0.9,1,13,0.95,26,smooth,2596,0.9478723456719211,0.9361079983190923,0.07600024993231,1.3158290334081488,0.11871176011044476,0.0014878945030870401,0.046224961479198766,0.9388968902089769,0.9560891669107765,1.1835809453258215,1.4572999715305532
lgb_tweedie,fixed,0.9,1,13,0.95,26,erratic,1901,0.8947695258305671,0.933695184352733,0.08457362449676711,2.0395818618996633,0.40095739848157735,0.008428285903896993,0.09994739610731194,0.8772865523699582,0.9100500907487213,1.7907473579752757,2.317815605522161
lgb_tweedie,fixed,0.9,1,13,0.95,26,intermittent,6539,0.9356676169609195,0.9790070764225833,0.11878072763028515,2.230227816832898,0.5717331167677588,0.13509123670786488,0.6467349747667839,0.9219140444075244,0.9472566908052422,1.843443712088079,2.792812570269631
lgb_tweedie,fixed,0.9,1,13,0.95,26,lumpy,2808,0.8815033460264527,0.9586408961408961,0.12563308255888284,2.9158716567900678,0.9315337644487506,0.046443297807620375,0.4601139601139601,0.848223088463922,0.9044803927238558,2.466640337458063,3.670231292089786
lgb_tweedie,none,0.9,4,13,0.95,26,all,13844,0.9183534528993632,0.9686539623335347,0.0754327884136754,4.363107114874428,1.060652771211077,0.0,0.0,0.9111920997665495,0.9259617328127684,4.033404874158553,4.687344234193153
lgb_tweedie,none,0.9,4,13,0.95,26,smooth,2596,0.9419880695750957,0.9498003922117944,0.05971299439735072,3.2708313208029933,0.4545660723501394,0.0,0.0,0.9340561505643602,0.9492514384134199,2.909613684467764,3.6312682736713033
lgb_tweedie,none,0.9,4,13,0.95,26,erratic,1901,0.8817972158159437,0.9415140356750036,0.07460046358423814,5.24271757455605,1.3184202925053974,0.0,0.0,0.8616299352382814,0.8980475774682121,4.644202422315137,6.087371464994197
lgb_tweedie,none,0.9,4,13,0.95,26,intermittent,6539,0.9254033110846044,0.9853049534958084,0.0831465093411996,7.390683732485118,3.184657682579161,0.0,0.0,0.9048488145363229,0.9409681056403555,6.201147870817134,9.070783284431068
lgb_tweedie,none,0.9,4,13,0.95,26,lumpy,2808,0.8566143169374282,0.9656824656824656,0.10424349707429807,7.360697145174736,3.1722363173430073,0.0,0.0,0.8184346525588714,0.8881230774302544,6.298523361967727,9.229439653392582
lgb_tweedie,quantile,0.9,4,13,0.95,26,all,13844,0.9151575913277774,0.9666018754432508,0.0803710405094696,4.092523593084691,0.8776542921539475,0.026677348308345922,0.19763074255995378,0.9072459663592115,0.9225997825706808,3.777125342606775,4.390654934358452
lgb_tweedie,quantile,0.9,4,13,0.95,26,smooth,2596,0.9419085836921076,0.9494151841994677,0.060171203632349575,3.2286832061124064,0.43813030637166384,0.004808025637388302,0.0724191063174114,0.933962981940626,0.9491916888890977,2.879177186743835,3.595248290502614
lgb_tweedie,quantile,0.9,4,13,0.95,26,erratic,1901,0.8774115088137396,0.9394816125484194,0.07719287544223496,4.961315699176816,1.1631705294964159,0.029880577204791904,0.14729089952656496,0.8565511914789248,0.8941715835781183,4.417301806687219,5.720767265684033
lgb_tweedie,quantile,0.9,4,13,0.95,26,intermittent,6539,0.9198171600019175,0.9832890767284406,0.09455260570304819,5.996528747106114,2.034193673916538,0.11057533690328147,0.24545037467502676,0.8993088249686344,0.9359749977441243,4.918759560543172,7.505880325346629
lgb_tweedie,quantile,0.9,4,13,0.95,26,lumpy,2808,0.835271850566684,0.961991711991712,0.11545459015587353,6.251328271107005,2.3718122620040107,0.11833216917149231,0.2361111111111111,0.7903078627963135,0.8731996795722682,5.363278817864024,7.812930707089331
lgb_tweedie,fixed,0.9,4,13,0.95,26,all,13844,0.9086940588287791,0.9551397389088808,0.10795414141573761,3.963231365774246,0.8311297700357165,0.05662875443392564,0.5777954348454204,0.900603477752144,0.915772510582195,3.6507596435877967,4.265685412254753
lgb_tweedie,fixed,0.9,4,13,0.95,26,smooth,2596,0.9414818547363578,0.9483295979829107,0.06146252056734634,3.2206519408915124,0.43661328638444535,0.007445564499167864,0.09976887519260401,0.9335088389746419,0.9486249884244873,2.8682974444482037,3.5711010389155615
lgb_tweedie,fixed,0.9,4,13,0.95,26,erratic,1901,0.870137968513635,0.93340825402898,0.08493961205319019,4.8898339091983525,1.1848943507932332,0.05156162057269437,0.23987375065754865,0.8487243706590508,0.8897841432126242,4.350987036929642,5.6124144277237145
lgb_tweedie,fixed,0.9,4,13,0.95,26,intermittent,6539,0.9085010447597053,0.9682117087683688,0.17986234021632252,4.5913114342675545,1.2030838035456974,0.3547276434112462,0.8183208441657746,0.88774336011507,0.9266251344814438,3.725295960828596,5.732896387118153
lgb_tweedie,fixed,0.9,4,13,0.95,26,lumpy,2808,0.788621256844145,0.9457070707070707,0.164921079805281,5.9981298303327995,2.3646542439332143,0.21811586039070774,0.6883903133903134,0.7284810877262343,0.8339928379589708,5.0957599627451255,7.497458027116719
lgb_tweedie,none,0.9,2,8,0.95,26,all,13844,0.9257249594648269,0.9659649076725066,0.0819038739600041,2.59747265591218,0.8221724735290749,0.0,0.0,0.9185265928095233,0.9323460641895237,2.3975647032137513,2.7994670148384873
lgb_tweedie,none,0.9,2,8,0.95,26,smooth,2596,0.9452458303997531,0.9420437035999439,0.06893966217482765,1.9306688737053448,0.3753032139855701,0.0,0.0,0.9371048517533427,0.9534580264377913,1.7179502867616376,2.14814601774982
lgb_tweedie,none,0.9,2,8,0.95,26,erratic,1901,0.8938202693717137,0.93835780211372,0.07862632670489203,3.143373912054523,1.092740008198026,0.0,0.0,0.8751644192824252,0.9086269645524163,2.752947439467312,3.616911267164329
lgb_tweedie,none,0.9,2,8,0.95,26,intermittent,6539,0.9337021715774603,0.9843317716081136,0.08865290068829892,4.218595876794492,2.082239273001398,0.0,0.0,0.917898252776085,0.9470209057767156,3.525431310496414,5.242924722046526
lgb_tweedie,none,0.9,2,8,0.95,26,lumpy,2808,0.8789774903674996,0.963998963998964,0.10935732900624477,4.577787792073185,2.3427836236227213,0.0,0.0,0.8399761920064416,0.903673334179763,3.967495940428921,5.718233955197149
lgb_tweedie,quantile,0.9,2,8,0.95,26,all,13844,0.9243075877804643,0.9650849728139529,0.08402139645868066,2.461788014983989,0.7006848989930637,0.013586986073300436,0.16628142155446402,0.9169760938246887,0.9311125649987114,2.2749663708178516,2.653971929737646
lgb_tweedie,quantile,0.9,2,8,0.95,26,smooth,2596,0.945180269051011,0.9417460428631461,0.06929373294732677,1.9071773141488062,0.3562731332203706,0.0023793547893000396,0.052003081664098616,0.9370771327231621,0.953386795889356,1.7011432516528602,2.124618924455235
lgb_tweedie,quantile,0.9,2,8,0.95,26,erratic,1901,0.8914713604350684,0.9375687437233992,0.0796327924850555,2.9842232154915553,0.9571740374589048,0.01727013486679069,0.1215149921094161,0.8719738128728999,0.9060407702405637,2.6148826068615603,3.4217008396947572
lgb_tweedie,quantile,0.9,2,8,0.95,26,intermittent,6539,0.9316098323026729,0.9834767618067817,0.09349065880039331,3.6097082286458733,1.4806539453190724,0.04869623576321036,0.20415965743997552,0.915773868388974,0.9446769725482534,2.9700000739615344,4.501138785321473
lgb_tweedie,quantile,0.9,2,8,0.95,26,lumpy,2808,0.8708478853563462,0.96246114996115,0.11402861779023454,4.030616705346882,1.858202984760746,0.05974178139293842,0.21403133903133903,0.8314501561994488,0.897368723337281,3.481212100414642,5.029091423412983
lgb_tweedie,fixed,0.9,2,8,0.95,26,all,13844,0.922942001689246,0.961010349084605,0.0938267898200896,2.466403492282307,0.7270494277950885,0.022287828814781405,0.4806414331118174,0.9156311622265124,0.9297977414310068,2.2721157070655527,2.666016309608991
lgb_tweedie,fixed,0.9,2,8,0.95,26,smooth,2596,0.9452011558523802,0.9417635523182518,0.06927290525482682,1.9161255679686977,0.3686484083145328,0.002717604933694559,0.062403697996918334,0.9370728735297686,0.9533860902414374,1.7051063724953608,2.1359309146798404
lgb_tweedie,fixed,0.9,2,8,0.95,26,erratic,1901,0.8919243412231257,0.9368753287743293,0.08051726241307795,3.0473297073330547,1.0498837607787566,0.016618773048870876,0.1509731720147291,0.8729245145984574,0.907064924170362,2.671208586019542,3.496675679795876
lgb_tweedie,fixed,0.9,2,8,0.95,26,intermittent,6539,0.9279299094541589,0.9771858360327546,0.12908554572271386,3.137206134896666,1.1319976576327617,0.16226344863758257,0.7163174797369628,0.9110451093593794,0.9410723621439757,2.540761337452288,3.9893035557777
lgb_tweedie,fixed,0.9,2,8,0.95,26,lumpy,2808,0.8542214010499989,0.957475394975395,0.12917342774253823,4.1788670827606405,2.0615455562815916,0.08221310921340214,0.5416666666666666,0.810472410444735,0.8833646392371113,3.549264091426041,5.206785207503403
lgb_tweedie,none,0.9,2,26,0.95,26,all,13844,0.9257249594648269,0.9659649076725066,0.0819038739600041,2.59747265591218,,0.0,0.0,0.9185265928095233,0.9323460641895237,2.3975647032137513,2.7994670148384873
lgb_tweedie,none,0.9,2,26,0.95,26,smooth,2596,0.9452458303997531,0.9420437035999439,0.06893966217482765,1.9306688737053448,,0.0,0.0,0.9371048517533427,0.9534580264377913,1.7179502867616376,2.14814601774982
lgb_tweedie,none,0.9,2,26,0.95,26,erratic,1901,0.8938202693717137,0.93835780211372,0.07862632670489203,3.143373912054523,,0.0,0.0,0.8751644192824252,0.9086269645524163,2.752947439467312,3.616911267164329
lgb_tweedie,none,0.9,2,26,0.95,26,intermittent,6539,0.9337021715774603,0.9843317716081136,0.08865290068829892,4.218595876794492,,0.0,0.0,0.917898252776085,0.9470209057767156,3.525431310496414,5.242924722046526
lgb_tweedie,none,0.9,2,26,0.95,26,lumpy,2808,0.8789774903674996,0.963998963998964,0.10935732900624477,4.577787792073185,,0.0,0.0,0.8399761920064416,0.903673334179763,3.967495940428921,5.718233955197149
lgb_tweedie,quantile,0.9,2,26,0.95,26,all,13844,0.9253985376093733,0.9658861075359197,0.0820935028404826,2.561984334167599,,0.0037932946978284747,0.029399017624963882,0.9181355178551687,0.9320846194712404,2.3630348403081203,2.7587327857065236
lgb_tweedie,quantile,0.9,2,26,0.95,26,smooth,2596,0.9452458303997531,0.9420437035999439,0.06893966217482765,1.930401116515571,,5.192690895936444e-05,0.002696456086286595,0.9371048517533427,0.9534580264377913,1.717879931021003,2.147919325859321
lgb_tweedie,quantile,0.9,2,26,0.95,26,erratic,1901,0.8938138074489169,0.93835780211372,0.07862632670489203,3.1356667767347517,,0.0007056419694131346,0.009468700683850605,0.8751543939594224,0.9086244447912346,2.7478808700561417,3.615263515649062
lgb_tweedie,quantile,0.9,2,26,0.95,26,intermittent,6539,0.9332622727541896,0.9842414047185419,0.08916420845624386,3.9755066591094312,,0.023007272429905225,0.04037314574093898,0.917540118070416,0.9466477801139499,3.278935025936818,4.94949968764858
lgb_tweedie,quantile,0.9,2,26,0.95,26,lumpy,2808,0.8750906919627769,0.9638209013209014,0.1098982150759699,4.337748135463374,,0.02826660057231698,0.04202279202279202,0.8374579480750731,0.9012737521867233,3.774332026187483,5.436409438148968
lgb_tweedie,fixed,0.9,2,26,0.95,26,all,13844,0.922942001689246,0.961010349084605,0.0938267898200896,2.466403492282307,,0.022287828814781405,0.4806414331118174,0.9156311622265124,0.9297977414310068,2.2721157070655527,2.666016309608991
lgb_tweedie,fixed,0.9,2,26,0.95,26,smooth,2596,0.9452011558523802,0.9417635523182518,0.06927290525482682,1.9161255679686977,,0.002717604933694559,0.062403697996918334,0.9370728735297686,0.9533860902414374,1.7051063724953608,2.1359309146798404
lgb_tweedie,fixed,0.9,2,26,0.95,26,erratic,1901,0.8919243412231257,0.9368753287743293,0.08051726241307795,3.0473297073330547,,0.016618773048870876,0.1509731720147291,0.8729245145984574,0.907064924170362,2.671208586019542,3.496675679795876
lgb_tweedie,fixed,0.9,2,26,0.95,26,intermittent,6539,0.9279299094541589,0.9771858360327546,0.12908554572271386,3.137206134896666,,0.16226344863758257,0.7163174797369628,0.9110451093593794,0.9410723621439757,2.540761337452288,3.9893035557777
lgb_tweedie,fixed,0.9,2,26,0.95,26,lumpy,2808,0.8542214010499989,0.957475394975395,0.12917342774253823,4.1788670827606405,,0.08221310921340214,0.5416666666666666,0.810472410444735,0.8833646392371113,3.549264091426041,5.206785207503403
lgb_tweedie,none,0.9,2,13,0.9,26,all,13844,0.9257249594648269,0.9659649076725066,0.0819038739600041,2.59747265591218,0.5470404274590001,0.0,0.0,0.9185265928095233,0.9323460641895237,2.3975647032137513,2.7994670148384873
lgb_tweedie,none,0.9,2,13,0.9,26,smooth,2596,0.9452458303997531,0.9420437035999439,0.06893966217482765,1.9306688737053448,0.21708256059420628,0.0,0.0,0.9371048517533427,0.9534580264377913,1.7179502867616376,2.14814601774982
lgb_tweedie,none,0.9,2,13,0.9,26,erratic,1901,0.8938202693717137,0.93835780211372,0.07862632670489203,3.143373912054523,0.6957039198669878,0.0,0.0,0.8751644192824252,0.9086269645524163,2.752947439467312,3.616911267164329
lgb_tweedie,none,0.9,2,13,0.9,26,intermittent,6539,0.9337021715774603,0.9843317716081136,0.08865290068829892,4.218595876794492,1.6461397468325876,0.0,0.0,0.917898252776085,0.9470209057767156,3.525431310496414,5.242924722046526
lgb_tweedie,none,0.9,2,13,0.9,26,lumpy,2808,0.8789774903674996,0.963998963998964,0.10935732900624477,4.577787792073185,1.7132696424145468,0.0,0.0,0.8399761920064416,0.903673334179763,3.967495940428921,5.718233955197149
lgb_tweedie,quantile,0.9,2,13,0.9,26,all,13844,0.9251660202961549,0.9656398571090856,0.08268609309197791,2.5052922286913937,0.4809897331609218,0.00836043877587834,0.09513146489453915,0.9179581454218827,0.9317865291994679,2.3120820935743724,2.700001262083803
lgb_tweedie,quantile,0.9,2,13,0.9,26,smooth,2596,0.9452406086994107,0.9420261941448382,0.0689604898673276,1.9175038067645969,0.20928238462290474,0.0012894698900803069,0.013482280431432974,0.937104792837103,0.9534500604686457,1.7069476977006097,2.1369763639269923
lgb_tweedie,quantile,0.9,2,13,0.9,26,erratic,1901,0.8933937824671233,0.938166515231218,0.07887031840917409,3.0540410603498356,0.6449164376453529,0.007972720346720929,0.05944239873750658,0.8745424354369439,0.9081739130097414,2.681563504526046,3.5040130537518457
lgb_tweedie,quantile,0.9,2,13,0.9,26,intermittent,6539,0.9324670710352003,0.9839564014514313,0.09077679449360865,3.7538061117737795,1.2415901778488385,0.03731244377895648,0.12555436611102616,0.9170240163955415,0.9458777733976255,3.1224398709366197,4.6672867174204935
lgb_tweedie,quantile,0.9,2,13,0.9,26,lumpy,2808,0.874196165025574,0.9634162134162134,0.11112750159807248,4.159685450981275,1.4120330772177283,0.04149974088010635,0.12393162393162394,0.8355008026973798,0.8998730775345333,3.614779028549123,5.219006988483892
lgb_tweedie,fixed,0.9,2,13,0.9,26,all,13844,0.922942001689246,0.961010349084605,0.0938267898200896,2.466403492282307,0.4720030684690124,0.022287828814781405,0.4806414331118174,0.9156311622265124,0.9297977414310068,2.2721157070655527,2.666016309608991
lgb_tweedie,fixed,0.9,2,13,0.9,26,smooth,2596,0.9452011558523802,0.9417635523182518,0.06927290525482682,1.9161255679686977,0.2140115045662319,0.002717604933694559,0.062403697996918334,0.9370728735297686,0.9533860902414374,1.7051063724953608,2.1359309146798404
lgb_tweedie,fixed,0.9,2,13,0.9,26,erratic,1901,0.8919243412231257,0.9368753287743293,0.08051726241307795,3.0473297073330547,0.6737327361655079,0.016618773048870876,0.1509731720147291,0.8729245145984574,0.907064924170362,2.671208586019542,3.496675679795876
lgb_tweedie,fixed,0.9,2,13,0.9,26,intermittent,6539,0.9279299094541589,0.9771858360327546,0.12908554572271386,3.137206134896666,0.808702101080854,0.16226344863758257,0.7163174797369628,0.9110451093593794,0.9410723621439757,2.540761337452288,3.9893035557777
lgb_tweedie,fixed,0.9,2,13,0.9,26,lumpy,2808,0.8542214010499989,0.957475394975395,0.12917342774253823,4.1788670827606405,1.5034167774498095,0.08221310921340214,0.5416666666666666,0.810472410444735,0.8833646392371113,3.549264091426041,5.206785207503403
lgb_tweedie,none,0.9,2,13,0.99,26,all,13844,0.9257249594648269,0.9659649076725066,0.0819038739600041,2.59747265591218,0.5470404274590001,0.0,0.0,0.9185265928095233,0.9323460641895237,2.3975647032137513,2.7994670148384873
lgb_tweedie,none,0.9,2,13,0.99,26,smooth,2596,0.9452458303997531,0.9420437035999439,0.06893966217482765,1.9306688737053448,0.21708256059420628,0.0,0.0,0.9371048517533427,0.9534580264377913,1.7179502867616376,2.14814601774982
lgb_tweedie,none,0.9,2,13,0.99,26,erratic,1901,0.8938202693717137,0.93835780211372,0.07862632670489203,3.143373912054523,0.6957039198669878,0.0,0.0,0.8751644192824252,0.9086269645524163,2.752947439467312,3.616911267164329
lgb_tweedie,none,0.9,2,13,0.99,26,intermittent,6539,0.9337021715774603,0.9843317716081136,0.08865290068829892,4.218595876794492,1.6461397468325876,0.0,0.0,0.917898252776085,0.9470209057767156,3.525431310496414,5.242924722046526
lgb_tweedie,none,0.9,2,13,0.99,26,lumpy,2808,0.8789774903674996,0.963998963998964,0.10935732900624477,4.577787792073185,1.7132696424145468,0.0,0.0,0.8399761920064416,0.903673334179763,3.967495940428921,5.718233955197149
lgb_tweedie,quantile,0.9,2,13,0.99,26,all,13844,0.9253436448806402,0.9657908907042105,0.08232263773772745,2.5342864644370207,0.4993830782288706,0.005464588407242595,0.05850910141577579,0.9181437220769124,0.9319144420919014,2.3376521680494267,2.7376895812842292
lgb_tweedie,quantile,0.9,2,13,0.99,26,smooth,2596,0.9452423492661916,0.9420261941448382,0.0689604898673276,1.920246359822149,0.2100673802410279,0.0009245310550474551,0.004622496147919877,0.9371048321145962,0.9534518597828946,1.7086040041493809,2.140062729439624
lgb_tweedie,quantile,0.9,2,13,0.99,26,erratic,1901,0.8935753624977141,0.9382621586724691,0.07874832255703305,3.1028964276552204,0.670589527678677,0.003551472769134238,0.026301946344029457,0.8748150555985658,0.9084071178494758,2.7236214018095133,3.5664609421639897
lgb_tweedie,quantile,0.9,2,13,0.99,26,intermittent,6539,0.9327744362386394,0.9841371352305746,0.08975417895771878,3.830717909239849,1.3095269113744865,0.028914888037289886,0.0838048631289188,0.9173540999235271,0.9462113108103856,3.179446562515755,4.7600363653352495
lgb_tweedie,quantile,0.9,2,13,0.99,26,lumpy,2808,0.8756224510488723,0.9636752136752137,0.11034075822392683,4.285038642662401,1.5022221220792682,0.028660913453955522,0.07122507122507123,0.8368730731786554,0.9011380823138253,3.694508567054279,5.3560563596099735
lgb_tweedie,fixed,0.9,2,13,0.99,26,all,13844,0.922942001689246,0.961010349084605,0.0938267898200896,2.466403492282307,0.4720030684690124,0.022287828814781405,0.4806414331118174,0.9156311622265124,0.9297977414310068,2.2721157070655527,2.666016309608991
lgb_tweedie,fixed,0.9,2,13,0.99,26,smooth,2596,0.9452011558523802,0.9417635523182518,0.06927290525482682,1.9161255679686977,0.2140115045662319,0.002717604933694559,0.062403697996918334,0.9370728735297686,0.9533860902414374,1.7051063724953608,2.1359309146798404
lgb_tweedie,fixed,0.9,2,13,0.99,26,erratic,1901,0.8919243412231257,0.9368753287743293,0.08051726241307795,3.0473297073330547,0.6737327361655079,0.016618773048870876,0.1509731720147291,0.8729245145984574,0.907064924170362,2.671208586019542,3.496675679795876
lgb_tweedie,fixed,0.9,2,13,0.99,26,intermittent,6539,0.9279299094541589,0.9771858360327546,0.12908554572271386,3.137206134896666,0.808702101080854,0.16226344863758257,0.7163174797369628,0.9110451093593794,0.9410723621439757,2.540761337452288,3.9893035557777
lgb_tweedie,fixed,0.9,2,13,0.99,26,lumpy,2808,0.8542214010499989,0.957475394975395,0.12917342774253823,4.1788670827606405,1.5034167774498095,0.08221310921340214,0.5416666666666666,0.810472410444735,0.8833646392371113,3.549264091426041,5.206785207503403
lgb_tweedie,none,0.9,2,13,0.95,13,all,13844,0.9257249594648269,0.9659649076725066,0.0819038739600041,2.59747265591218,0.5470404274590001,0.0,0.0,0.9185265928095233,0.9323460641895237,2.3975647032137513,2.7994670148384873
lgb_tweedie,none,0.9,2,13,0.95,13,smooth,2596,0.9452458303997531,0.9420437035999439,0.06893966217482765,1.9306688737053448,0.21708256059420628,0.0,0.0,0.9371048517533427,0.9534580264377913,1.7179502867616376,2.14814601774982
lgb_tweedie,none,0.9,2,13,0.95,13,erratic,1901,0.8938202693717137,0.93835780211372,0.07862632670489203,3.143373912054523,0.6957039198669878,0.0,0.0,0.8751644192824252,0.9086269645524163,2.752947439467312,3.616911267164329
lgb_tweedie,none,0.9,2,13,0.95,13,intermittent,6539,0.9337021715774603,0.9843317716081136,0.08865290068829892,4.218595876794492,1.6461397468325876,0.0,0.0,0.917898252776085,0.9470209057767156,3.525431310496414,5.242924722046526
lgb_tweedie,none,0.9,2,13,0.95,13,lumpy,2808,0.8789774903674996,0.963998963998964,0.10935732900624477,4.577787792073185,1.7132696424145468,0.0,0.0,0.8399761920064416,0.903673334179763,3.967495940428921,5.718233955197149
lgb_tweedie,quantile,0.9,2,13,0.95,13,all,13844,0.9252333415672427,0.9657153739066481,0.08250436541485268,2.518198579452133,0.48869926155470367,0.006977763438922432,0.07649523259173649,0.9180380162356201,0.9318460298477498,2.324134014639599,2.7162965299231407
lgb_tweedie,quantile,0.9,2,13,0.95,13,smooth,2596,0.9452411888883377,0.9420261941448382,0.0689604898673276,1.9188980007559864,0.20957723663556566,0.001079151404071708,0.008859784283513097,0.9371048059296008,0.953450660240062,1.7080004911766957,2.1384990880779156
lgb_tweedie,quantile,0.9,2,13,0.95,13,erratic,1901,0.8934299692347856,0.938166515231218,0.07887031840917409,3.0766086795254624,0.6567969411842249,0.0058338239009723255,0.04471330878485008,0.874585196229343,0.9082220881791009,2.699771536142625,3.5307194027797073
lgb_tweedie,quantile,0.9,2,13,0.95,13,intermittent,6539,0.9326560019400666,0.9840537196402007,0.09022615535889872,3.7862148116189687,1.2679372974984986,0.033344894776765444,0.10429729316409236,0.9172064659401916,0.9460347335445016,3.146254075715641,4.708251180697737
lgb_tweedie,quantile,0.9,2,13,0.95,13,lumpy,2808,0.874793267389198,0.9635619010619011,0.11068495845011556,4.212737432685158,1.4478975237151033,0.035713480994119105,0.0957977207977208,0.8361068062468683,0.9003286880244916,3.6494577643998465,5.280094589916762
lgb_tweedie,fixed,0.9,2,13,0.95,13,all,13844,0.9166436652323784,0.9558325234430406,0.1062869875081975,2.3596474920150934,0.41741735925582035,0.04261350150532088,0.6155013002022537,0.9089089566997509,0.9238735226410275,2.1763289598114324,2.5501844872450157
lgb_tweedie,fixed,0.9,2,13,0.95,13,smooth,2596,0.9449798137767601,0.9410631741140216,0.07010601295482473,1.8965360690401616,0.2044281759469336,0.005229532892795881,0.1140215716486903,0.936875961714474,0.9531609455775087,1.68741437583516,2.1029874247797395
lgb_tweedie,fixed,0.9,2,13,0.95,13,erratic,1901,0.8806592712114232,0.9323561761752188,0.0862815664267415,2.904065001773798,0.6042239004553717,0.03968912981809041,0.29879011046817466,0.8589213477122032,0.8988376705948502,2.5307216980186644,3.294831866543325
lgb_tweedie,fixed,0.9,2,13,0.95,13,intermittent,6539,0.9196733469250791,0.9716247966744984,0.16055063913470993,2.705656929675406,0.6127395827164881,0.26164392446147644,0.8496712035479431,0.9024686649925706,0.9342959401487865,2.225568182766732,3.3345857745538
lgb_tweedie,fixed,0.9,2,13,0.95,13,lumpy,2808,0.8196052364750681,0.9486046361046361,0.1561193883070266,3.781902165341024,1.2642923773686938,0.1681620513282711,0.7482193732193733,0.7650311850608391,0.8581494224159257,3.2232361441348196,4.773388741939352
lgb_tweedie,none,0.9,2,13,0.95,52,all,13844,0.9257249594648269,0.9659649076725066,0.0819038739600041,2.59747265591218,0.5470404274590001,0.0,0.0,0.9185265928095233,0.9323460641895237,2.3975647032137513,2.7994670148384873
lgb_tweedie,none,0.9,2,13,0.95,52,smooth,2596,0.9452458303997531,0.9420437035999439,0.06893966217482765,1.9306688737053448,0.21708256059420628,0.0,0.0,0.9371048517533427,0.9534580264377913,1.7179502867616376,2.14814601774982
lgb_tweedie,none,0.9,2,13,0.95,52,erratic,1901,0.8938202693717137,0.93835780211372,0.07862632670489203,3.143373912054523,0.6957039198669878,0.0,0.0,0.8751644192824252,0.9086269645524163,2.752947439467312,3.616911267164329
lgb_tweedie,none,0.9,2,13,0.95,52,intermittent,6539,0.9337021715774603,0.9843317716081136,0.08865290068829892,4.218595876794492,1.6461397468325876,0.0,0.0,0.917898252776085,0.9470209057767156,3.525431310496414,5.242924722046526
lgb_tweedie,none,0.9,2,13,0.95,52,lumpy,2808,0.8789774903674996,0.963998963998964,0.10935732900624477,4.577787792073185,1.7132696424145468,0.0,0.0,0.8399761920064416,0.903673334179763,3.967495940428921,5.718233955197149
lgb_tweedie,quantile,0.9,2,13,0.95,52,all,13844,0.9252333415672427,0.9657153739066481,0.08250436541485268,2.518198579452133,0.48869926155470367,0.006977763438922432,0.07649523259173649,0.9180380162356201,0.9318460298477498,2.324134014639599,2.7162965299231407
lgb_tweedie,quantile,0.9,2,13,0.95,52,smooth,2596,0.9452411888883377,0.9420261941448382,0.0689604898673276,1.9188980007559864,0.20957723663556566,0.001079151404071708,0.008859784283513097,0.9371048059296008,0.953450660240062,1.7080004911766957,2.1384990880779156
lgb_tweedie,quantile,0.9,2,13,0.95,52,erratic,1901,0.8934299692347856,0.938166515231218,0.07887031840917409,3.0766086795254624,0.6567969411842249,0.0058338239009723255,0.04471330878485008,0.874585196229343,0.9082220881791009,2.699771536142625,3.5307194027797073
lgb_tweedie,quantile,0.9,2,13,0.95,52,intermittent,6539,0.9326560019400666,0.9840537196402007,0.09022615535889872,3.7862148116189687,1.2679372974984986,0.033344894776765444,0.10429729316409236,0.9172064659401916,0.9460347335445016,3.146254075715641,4.708251180697737
lgb_tweedie,quantile,0.9,2,13,0.95,52,lumpy,2808,0.874793267389198,0.9635619010619011,0.11068495845011556,4.212737432685158,1.4478975237151033,0.035713480994119105,0.0957977207977208,0.8361068062468683,0.9003286880244916,3.6494577643998465,5.280094589916762
lgb_tweedie,fixed,0.9,2,13,0.95,52,all,13844,0.9250551991268259,0.9630361692626934,0.08895174735112157,2.5046188433618726,0.49212698448866127,0.015720897748138007,0.39092747760762786,0.9178926847842755,0.9317548612677848,2.3069265815312834,2.707366774075273
lgb_tweedie,fixed,0.9,2,13,0.95,52,smooth,2596,0.9452321959599704,0.9419036279590979,0.06910628371482723,1.918958340404386,0.2147218298694604,0.002059090501640049,0.03775038520801233,0.9370997291242456,0.9534409636734645,1.707043851294252,2.13885580514117
lgb_tweedie,fixed,0.9,2,13,0.95,52,erratic,1901,0.8937472496441096,0.9377122088852757,0.07944979870684396,3.093101445079795,0.6884863398183036,0.01086701556741821,0.08995265649658074,0.8751297944390255,0.9085601019108978,2.7081948239766294,3.5709550639753056
lgb_tweedie,fixed,0.9,2,13,0.95,52,intermittent,6539,0.9304903461947341,0.9798273297279262,0.11413962635201573,3.376167071317187,0.9732304646854302,0.12631017942796233,0.6023856858846919,0.9142814066250244,0.9435433613999787,2.7627597492077136,4.231317684077706
lgb_tweedie,fixed,0.9,2,13,0.95,52,lumpy,2808,0.8731619386674477,0.9606157731157731,0.11963416433102228,4.3051508528424325,1.577668822243753,0.050393186273405284,0.4287749287749288,0.8341872498028788,0.898377108286341,3.6560373434705675,5.366815214432017
lgb_conformal,none,0.8,2,13,0.95,26,all,13844,0.8678643983886395,0.9336535683328517,0.1596596161595411,1.7419876035647133,0.3724646679844374,0.0,0.0,0.8524434830191466,0.8810029347399014,1.5895377798314536,1.8965010360654353
lgb_conformal,none,0.8,2,13,0.95,26,smooth,2596,0.8994123556453688,0.8920191903627959,0.1284443796471789,1.388995208509747,0.1788066848207782,0.0,0.0,0.8799289295572996,0.9177057778927825,1.2123330477811562,1.5661478533119995
lgb_conformal,none,0.8,2,13,0.95,26,erratic,1901,0.8205601582395654,0.9019176509970829,0.1251067463706234,1.9945002575076234,0.4288325825656031,0.0,0.0,0.7919077864797296,0.8479094552318973,1.7202180602740662,2.362406921708855
lgb_conformal,none,0.8,2,13,0.95,26,intermittent,6539,0.8249174484740305,0.9585563541825968,0.2344936086529007,2.635273117952102,1.2121970408344545,0.0,0.0,0.8033700730503299,0.847424076097637,2.1778493737946647,3.292476507458631
lgb_conformal,none,0.8,2,13,0.95,26,lumpy,2808,0.8220882810211577,0.9356384356384356,0.19550572847519299,2.889472972668484,1.0091020932380974,0.0,0.0,0.7807246746881217,0.8557565160448128,2.476361088535817,3.6130048937882253
lgb_conformal,quantile,0.8,2,13,0.95,26,all,13844,0.8676491429398026,0.9333482178035776,0.16039442807139528,1.687149249704434,0.33882733595748193,0.0037529019351758303,0.07208899162091881,0.8522599289640567,0.8807745949834481,1.5390367926625341,1.8324162290779518
lgb_conformal,quantile,0.8,2,13,0.95,26,smooth,2596,0.8994094547007342,0.8920016809076902,0.12846520733967884,1.3769649911100552,0.17246481371729075,0.0008296701654959904,0.008859784283513097,0.8799287380243161,0.9177052153737929,1.2004085222918837,1.5345512386185804
lgb_conformal,quantile,0.8,2,13,0.95,26,erratic,1901,0.8205433572402937,0.9018220075558319,0.12522874222276442,1.9642532892802518,0.41335395117500373,0.0021737908288514515,0.015781167806417674,0.7918984278871938,0.8478843220683135,1.694490604169061,2.321200968986542
lgb_conformal,quantile,0.8,2,13,0.95,26,intermittent,6539,0.8237274657597983,0.9580489093411558,0.23736479842674532,2.1277483101963472,0.8613839329774664,0.03239742038818251,0.12402508028750574,0.802308610721863,0.8467694449869043,1.7095922871702476,2.686168602204905
lgb_conformal,quantile,0.8,2,13,0.95,26,lumpy,2808,0.8203104932290846,0.9353956228956228,0.19624330038845453,2.7781077488114283,0.9535778824271647,0.009075955927085915,0.04772079772079772,0.7783010141757974,0.8548183327989944,2.3614361571535376,3.45727893720811
lgb_conformal,fixed,0.8,2,13,0.95,26,all,13844,0.8651901903586618,0.9294574610595991,0.16975735404502107,1.6461039885781696,0.3081228982601249,0.012392637676746388,0.4268997399595493,0.8493388599130819,0.8784941031427502,1.4983396626487981,1.7890951803714041
lgb_conformal,fixed,0.8,2,13,0.95,26,smooth,2596,0.8993824759156324,0.8918090769015268,0.12869431195717826,1.3805273511213456,0.17617535398051667,0.001565639819294357,0.052003081664098616,0.8798755135604126,0.9176195397585736,1.2038630629077587,1.5587202604252823
lgb_conformal,fixed,0.8,2,13,0.95,26,erratic,1901,0.8185963799016107,0.9007221079814451,0.12663169452238623,1.9368573213908384,0.40653584719361924,0.009801444498222001,0.1262493424513414,0.7890341820643674,0.8457111158096098,1.6595299935829952,2.3017326286238986
lgb_conformal,fixed,0.8,2,13,0.95,26,intermittent,6539,0.8200193442687669,0.9526407985652519,0.2679646017699115,1.74529012173354,0.4973259227300798,0.08058044085757711,0.6416883315491665,0.7983304149570252,0.8432882146375995,1.3760027051515518,2.2508184426028954
lgb_conformal,fixed,0.8,2,13,0.95,26,lumpy,2808,0.7981748946621302,0.9297299922299922,0.21345331169789056,2.61579955386314,0.8386431130438701,0.05103760618282598,0.47685185185185186,0.7519571606544371,0.8385735704314772,2.2265351896011834,3.240320927460088
lgb_conformal,none,0.9,2,13,0.95,26,all,13844,0.9297379976962316,0.9670681095847233,0.07924906963330515,2.6965567931736927,0.5317045383340264,0.0,0.0,0.9193680418801395,0.9388903896059592,2.4860781785175807,2.904385959383284
lgb_conformal,none,0.9,2,13,0.95,26,smooth,2596,0.9475146591984748,0.9430767614511837,0.06771082831733072,2.00688568218469,0.23356108649659588,0.0,0.0,0.9362093475050168,0.9584035532565173,1.7817292859805272,2.221603016308661
lgb_conformal,none,0.9,2,13,0.95,26,erratic,1901,0.8917201444627461,0.9464157620391181,0.06834817616201048,2.985778600308751,0.5755938345502211,0.0,0.0,0.8674697281607286,0.9111994650750338,2.6217312291427395,3.4457186642718254
lgb_conformal,none,0.9,2,13,0.95,26,intermittent,6539,0.9487884453242421,0.9821143071640089,0.10119960668633235,4.945731712475362,1.8219402357970487,0.0,0.0,0.9337451791100837,0.9616297335998991,4.229396979760394,5.801230402670032
lgb_conformal,none,0.9,2,13,0.95,26,lumpy,2808,0.9090061062166243,0.9681915306915307,0.09662192063726213,5.247660034699534,1.6634361551114216,0.0,0.0,0.8748228192146315,0.9286564939512044,4.75795965344561,6.197656267476431
lgb_conformal,quantile,0.9,2,13,0.95,26,all,13844,0.929511176798259,0.9667561923774001,0.07999968395186587,2.628381577655,0.49434706739049117,0.005125738009434299,0.09130309159202543,0.9190851370051746,0.9387221106926535,2.424728018792532,2.821369886773873
lgb_conformal,quantile,0.9,2,13,0.95,26,smooth,2596,0.9475103077815229,0.9430417425409722,0.06775248370233061,1.9940884550236095,0.226801827479082,0.0009961843875221088,0.01386748844375963,0.9362072013707976,0.958397289403492,1.773479705443971,2.200115857866649
lgb_conformal,quantile,0.9,2,13,0.95,26,erratic,1901,0.891703989655754,0.9463201185978671,0.06847017201415152,2.9476836268446367,0.5570203298553111,0.0029815311784543983,0.020515518148342977,0.8674489485679223,0.911184622685609,2.590078219824625,3.405578533431509
lgb_conformal,quantile,0.9,2,13,0.95,26,intermittent,6539,0.9475561646462339,0.9815790571257768,0.10422812192723697,4.326489522794373,1.4466411186965462,0.04302830861722317,0.15246979660498547,0.9325774133481572,0.961009676820924,3.776298667926907,5.056540798098377
lgb_conformal,quantile,0.9,2,13,0.95,26,lumpy,2808,0.9071201640341587,0.9679972804972805,0.09721197816787137,5.084797548500485,1.5929514882494762,0.014391293571573422,0.06837606837606838,0.8725782073867936,0.9276405247963306,4.617357238165522,5.9555844909695255
lgb_conformal,fixed,0.9,2,13,0.95,26,all,13844,0.9260083992779707,0.9620183341651125,0.0914011203906355,2.5481164975608124,0.4321429724274515,0.022299221645273176,0.4691563132042762,0.9151904005989512,0.9347464423902091,2.3534460710057354,2.7444886812669593
lgb_conformal,fixed,0.9,2,13,0.95,26,smooth,2596,0.9474734657846634,0.94276159125928,0.06808572678232978,1.9933916481223781,0.22894556754515974,0.002870774810401511,0.05970724191063174,0.9361790957195437,0.9583647554829685,1.767485310706661,2.209966517343655
lgb_conformal,fixed,0.9,2,13,0.95,26,erratic,1901,0.8888019401277005,0.9447420018172253,0.07048310357447847,2.888025217007522,0.5354599952052533,0.01793506672258384,0.1509731720147291,0.8649901378163907,0.9090909962502927,2.537843273424536,3.3419413543897027
lgb_conformal,fixed,0.9,2,13,0.95,26,intermittent,6539,0.942959785915906,0.9756009398156515,0.13805309734513274,3.711485589083742,0.8338581100705812,0.12308425472397759,0.6958250497017893,0.9271694937407219,0.9573826583306879,3.2228253560118367,4.3543741031756324
lgb_conformal,fixed,0.9,2,13,0.95,26,lumpy,2808,0.8754759919785494,0.9598873348873349,0.1218468800708069,4.741941371307541,1.3291656339424527,0.10788851084923728,0.5352564102564102,0.8290106320159071,0.9036211512575594,4.311923603520234,5.484751642096345
lgb_conformal,none,0.95,2,13,0.95,26,all,13844,0.959968182931572,0.9827821701557616,0.04143391038455157,4.09752694447566,0.8048244839522489,0.0,0.0,0.9528578057716647,0.9654203143714479,3.7955150792898,4.395965396622653
lgb_conformal,none,0.95,2,13,0.95,26,smooth,2596,0.9735642717338047,0.969078302283233,0.03678170495490805,2.7566574503655628,0.300229551748936,0.0,0.0,0.9670912745163042,0.9791857269033585,2.475822964190629,3.0120084196257637
lgb_conformal,none,0.95,2,13,0.95,26,erratic,1901,0.9309989421832382,0.9685093969681029,0.040167134317433205,4.487888095005774,0.8024009920343879,0.0,0.0,0.9123022545159898,0.9465201329732139,4.006036657251242,5.118764171998122
lgb_conformal,none,0.95,2,13,0.95,26,intermittent,6539,0.9712232853110452,0.9917418565529897,0.04672566371681416,8.702806046916903,2.903344640988983,0.0,0.0,0.9603410642805799,0.9796495495715193,7.6850400448345395,9.878798112495023
lgb_conformal,none,0.95,2,13,0.95,26,lumpy,2808,0.9463847141794912,0.9842495467495468,0.04784383144023209,9.471294022216714,3.055730154795971,0.0,0.0,0.922772641611946,0.9596217211938461,8.668308125636543,10.835855181728082
lgb_conformal,quantile,0.95,2,13,0.95,26,all,13844,0.9596752490930185,0.9824407028972184,0.04225563553329172,4.002325518369472,0.7583451533949686,0.007709839107340659,0.12792545507078878,0.9526330842101234,0.9650448700365747,3.716185823936193,4.292690126740267
lgb_conformal,quantile,0.95,2,13,0.95,26,smooth,2596,0.973550637294022,0.9690257739179157,0.03684418803240789,2.7424155527764507,0.2929712142164853,0.0013257316980128239,0.02234206471494607,0.967085387236292,0.9791785920838022,2.474219844799855,3.0050189421095395
lgb_conformal,quantile,0.95,2,13,0.95,26,erratic,1901,0.9309556473004994,0.9684137535268519,0.040289130169574236,4.433285493564894,0.7759687553108927,0.004372136964330833,0.03208837453971594,0.9122150582614379,0.946516902246536,3.9555335295954257,5.031436321361867
lgb_conformal,quantile,0.95,2,13,0.95,26,intermittent,6539,0.9693480755836414,0.9911718500187685,0.04995083579154375,7.873785695956598,2.4663248991193565,0.06194959774636449,0.20935922923994493,0.9584709850547686,0.9781156291921563,7.004684645696808,8.868087220347261
lgb_conformal,quantile,0.95,2,13,0.95,26,lumpy,2808,0.9443162614632388,0.984006734006734,0.04858140335349363,9.192059665172032,2.94677361934161,0.02559428584304094,0.10078347578347578,0.9181416577496725,0.9590178999864076,8.43988642250972,10.46124122756923
lgb_conformal,fixed,0.95,2,13,0.95,26,all,13844,0.9552139202436271,0.9763927924141735,0.05680965211001635,3.836841548340902,0.6342776091005929,0.040733684474178584,0.5201531349321006,0.947282526357385,0.9610298485791209,3.553717782930929,4.121454868802226
lgb_conformal,fixed,0.95,2,13,0.95,26,smooth,2596,0.9735164061473337,0.9686580753606948,0.037281569574906796,2.734540648471362,0.2931141727680785,0.00490897851067243,0.0689522342064715,0.9669837885084962,0.9791081649812012,2.458363319745088,2.9940534542052863
lgb_conformal,fixed,0.95,2,13,0.95,26,erratic,1901,0.9272897984978614,0.9659270240543255,0.04346102232524094,4.311033668556348,0.7298584128095987,0.03098362742620969,0.17727511835875856,0.9085224422739253,0.9430256518950526,3.8500151669221356,4.87477044416988
lgb_conformal,fixed,0.95,2,13,0.95,26,intermittent,6539,0.9638098621932341,0.9839355475538378,0.09089478859390364,6.914899316746892,1.484607770981905,0.19609054020139471,0.7491971249426518,0.9521118346712916,0.972988132504205,6.266552588500628,7.6915697997890655
lgb_conformal,fixed,0.95,2,13,0.95,26,lumpy,2808,0.9035555755841463,0.9730639730639731,0.08182131091114717,8.285619972510759,2.2714165971924922,0.22885018363714202,0.636039886039886,0.8630340912344084,0.9274419953059252,7.615330023954487,9.318519105932944
lgb_conformal,none,0.9,1,13,0.95,26,all,13844,0.930992589999477,0.9632397362822096,0.08846187274321879,1.7776494070463278,0.30799264023150236,0.0,0.0,0.9204736146164434,0.9396899771666445,1.6530256997280406,1.9062012504088184
lgb_conformal,none,0.9,1,13,0.95,26,smooth,2596,0.9497153157982834,0.9379640005603026,0.07379251452731551,1.3717519936016767,0.13604676090675405,0.0,0.0,0.9389358514171084,0.960666621149187,1.2249491031258641,1.5102208103927257
lgb_conformal,none,0.9,1,13,0.95,26,erratic,1901,0.8923198108982913,0.9415857682559419,0.07450896669513236,1.891555365431427,0.3151013197184928,0.0,0.0,0.8657161544485219,0.9132759255499232,1.6596443556104479,2.1845118808974173
lgb_conformal,none,0.9,1,13,0.95,26,intermittent,6539,0.9481257772250844,0.979173907603331,0.11783677482792528,3.172846399174344,1.1167468918046286,0.0,0.0,0.9324879276192027,0.9604554126146189,2.739967250593601,3.7129273766314754
lgb_conformal,none,0.9,1,13,0.95,26,lumpy,2808,0.9067281043689868,0.9641608391608392,0.10886561439740375,3.41831414343976,0.9725039994592279,0.0,0.0,0.877489706134008,0.9265223950458505,3.0941252153304513,4.00998637012444
lgb_conformal,quantile,0.9,1,13,0.95,26,all,13844,0.930906798533501,0.9631248194163536,0.08873841486058327,1.7554489232653163,0.29750098263162994,0.0018544420905015383,0.055908696908407975,0.9203503867718076,0.9395952200317517,1.6323215247522842,1.8812280239094672
lgb_conformal,quantile,0.9,1,13,0.95,26,smooth,2596,0.9497150257038199,0.9379640005603026,0.07379251452731551,1.3712919037826288,0.13603463495818144,8.644815011112069e-05,0.00423728813559322,0.9389355968246522,0.9606660582130666,1.2248324279381055,1.5098700983471012
lgb_conformal,quantile,0.9,1,13,0.95,26,erratic,1901,0.8923178723214522,0.9415618573956291,0.07453946565816762,1.8875929143724148,0.31462934087741284,0.0005072609395506508,0.008416622830089426,0.8657142851432171,0.9132740989441128,1.6556614710235764,2.1764312155445027
lgb_conformal,quantile,0.9,1,13,0.95,26,intermittent,6539,0.9473249357775917,0.9789584173281987,0.11905604719764012,2.8999878745837178,0.9728396315001395,0.02046657473909206,0.09680379262884233,0.9317442424698061,0.9601359709727334,2.5203637652913975,3.3755994283397333
lgb_conformal,quantile,0.9,1,13,0.95,26,lumpy,2808,0.906257182127487,0.9641122766122766,0.10901312878005606,3.3639462833194385,0.952284085532097,0.005412225952547261,0.0405982905982906,0.8760015036075522,0.926478676361111,3.0492199503596105,3.9569875089792506
lgb_conformal,fixed,0.9,1,13,0.95,26,all,13844,0.9301533181532498,0.9601139975309291,0.0959838183355325,1.695600831124246,0.25132925849762744,0.01728482266109937,0.40652990465183475,0.9196004208020425,0.9389700475571858,1.5759740810080622,1.8155602569308735
lgb_conformal,fixed,0.9,1,13,0.95,26,smooth,2596,0.9496961695636951,0.9378064154643507,0.07397996375981505,1.3639324973391085,0.133128236547667,0.0019027295858350356,0.04429892141756549,0.9389316221486702,0.9606059583324351,1.2162092776627142,1.5000948927184368
lgb_conformal,fixed,0.9,1,13,0.95,26,erratic,1901,0.892267469323637,0.9410836401893741,0.07514944491887275,1.8512290900255697,0.2992075744074255,0.010038597064865427,0.10047343503419252,0.865670897426105,0.9131937373546306,1.6234780904502735,2.124506156141153
lgb_conformal,fixed,0.9,1,13,0.95,26,intermittent,6539,0.9443866372272839,0.9744192189520221,0.14473942969518191,2.479915516867018,0.5558764561074031,0.1229883793394186,0.6181373298669521,0.9274953247328072,0.957840676310797,2.157384265119629,2.901707405293311
lgb_conformal,fixed,0.9,1,13,0.95,26,lumpy,2808,0.8990919537639981,0.9603082103082103,0.12056842208782023,3.1023591176404315,0.759121696221356,0.07756472364300038,0.45584045584045585,0.8677569746327751,0.9206948252906061,2.8109549994117877,3.5893161053886176
lgb_conformal,none,0.9,4,13,0.95,26,all,13844,0.9257353165834559,0.9708275327677235,0.0702021917938102,4.5994172049347535,1.0578417801677404,0.0,0.0,0.9158800581552698,0.9361678863369877,4.246923582824904,4.96510327285343
lgb_conformal,none,0.9,4,13,0.95,26,smooth,2596,0.9439192284183499,0.9510435635243031,0.05823422822985441,3.387809302343122,0.4511535751386724,0.0,0.0,0.9313000465075413,0.9552622525099556,3.0151288926749658,3.7676522444570835
lgb_conformal,none,0.9,4,13,0.95,26,erratic,1901,0.8869816164758353,0.9490459566735211,0.06499329022813224,5.083484165381282,1.144294219099247,0.0,0.0,0.8645476385929756,0.904922618157716,4.47485245520607,5.910435154894257
lgb_conformal,none,0.9,4,13,0.95,26,intermittent,6539,0.9442484638789489,0.9845750670800373,0.08727630285152409,8.535139738372996,3.556333838089035,0.0,0.0,0.9276433513369581,0.9591916022882457,7.358855472067846,10.015372239445805
lgb_conformal,none,0.9,4,13,0.95,26,lumpy,2808,0.9048354025371217,0.9718499093499093,0.08550917047745489,9.177452062819675,3.4722236993307947,0.0,0.0,0.8697846036732423,0.9256297696097914,8.283021086045222,10.885656263126801
lgb_conformal,quantile,0.9,4,13,0.95,26,all,13844,0.9247196284832501,0.9695371805311129,0.07330736471164559,4.383575715802046,0.9445738796575315,0.01779508337221568,0.1916353655013002,0.9148592163034628,0.9354742012849147,4.059306832383589,4.718911401068186
lgb_conformal,quantile,0.9,4,13,0.95,26,smooth,2596,0.9438907991609308,0.9509385067936685,0.0583591943848541,3.343670269349808,0.44218866989657846,0.005533261796038644,0.07434514637904469,0.9312791016087191,0.9552565656736318,2.9908748083885257,3.7317441242573586
lgb_conformal,quantile,0.9,4,13,0.95,26,erratic,1901,0.8854598336571834,0.9483286308641385,0.06590825911918995,4.938076686222599,1.074009177222756,0.013206231619868345,0.07837980010520779,0.863410114796926,0.9029675956548955,4.371358520499962,5.700161872240212
lgb_conformal,quantile,0.9,4,13,0.95,26,intermittent,6539,0.9389724978639529,0.9824618721238999,0.0992330383480826,6.783504922073052,2.439282964918069,0.11750092350554245,0.2919406637100474,0.922272361662305,0.9554358647344362,5.85051547055917,8.019583950747494
lgb_conformal,quantile,0.9,4,13,0.95,26,lumpy,2808,0.9013203848493725,0.970991970991971,0.08811525790431234,8.609546878168585,3.201012144836754,0.04936571956467858,0.14316239316239315,0.8618883109264225,0.9248731531087648,7.80017462805346,10.099809158439685
lgb_conformal,fixed,0.9,4,13,0.95,26,all,13844,0.9141817781342928,0.9584033778991884,0.10010034528258654,4.195092555527534,0.8012524518320621,0.05026430503647691,0.5736058942502167,0.9027153343845179,0.9254131605541873,3.882797103122391,4.523863493387388
lgb_conformal,fixed,0.9,4,13,0.95,26,smooth,2596,0.9435664735507824,0.9498704300322174,0.059629683627350924,3.346073411885112,0.4363969339335968,0.006640842457529445,0.0936055469953775,0.9309107613422114,0.9549156151861281,2.980261222731165,3.715351757751279
lgb_conformal,fixed,0.9,4,13,0.95,26,erratic,1901,0.871637134602498,0.9389316627612262,0.07789435159204587,4.758517298890424,0.9970894207338546,0.04821175979482103,0.2430299842188322,0.8452908368815204,0.8913666326978917,4.218684937659004,5.465577895432691
lgb_conformal,fixed,0.9,4,13,0.95,26,intermittent,6539,0.9292862641592434,0.9712355239194206,0.16275319567354965,5.769044658190155,1.4510519503591097,0.2272274812690517,0.8008869857776418,0.9115443734369868,0.9476269467149836,4.964875458045081,6.80284624406599
lgb_conformal,fixed,0.9,4,13,0.95,26,lumpy,2808,0.8222257272256146,0.9495920745920746,0.15311992919309633,7.567296816205133,2.433061895856335,0.25485004844415404,0.7118945868945868,0.7552211024986277,0.8628611011611267,6.821267013036277,8.763981320193027
lgb_conformal,none,0.9,2,8,0.95,26,all,13844,0.9297379976962316,0.9670681095847233,0.07924906963330515,2.6965567931736927,0.786640007443316,0.0,0.0,0.9193680418801395,0.9388903896059592,2.4860781785175807,2.904385959383284
lgb_conformal,none,0.9,2,8,0.95,26,smooth,2596,0.9475146591984748,0.9430767614511837,0.06771082831733072,2.00688568218469,0.38774060797417464,0.0,0.0,0.9362093475050168,0.9584035532565173,1.7817292859805272,2.221603016308661
lgb_conformal,none,0.9,2,8,0.95,26,erratic,1901,0.8917201444627461,0.9464157620391181,0.06834817616201048,2.985778600308751,0.9100434435069631,0.0,0.0,0.8674697281607286,0.9111994650750338,2.6217312291427395,3.4457186642718254
lgb_conformal,none,0.9,2,8,0.95,26,intermittent,6539,0.9487884453242421,0.9821143071640089,0.10119960668633235,4.945731712475362,2.2413724843286045,0.0,0.0,0.9337451791100837,0.9616297335998991,4.229396979760394,5.801230402670032
lgb_conformal,none,0.9,2,8,0.95,26,lumpy,2808,0.9090061062166243,0.9681915306915307,0.09662192063726213,5.247660034699534,2.2922611027241384,0.0,0.0,0.8748228192146315,0.9286564939512044,4.75795965344561,6.197656267476431
lgb_conformal,quantile,0.9,2,8,0.95,26,all,13844,0.9291334872055924,0.9661225079456804,0.08152461619904712,2.573457087091457,0.6914539213806086,0.009401501816724916,0.1765385726668593,0.9186547245847341,0.9383949170046492,2.3778897713081926,2.759464059019614
lgb_conformal,quantile,0.9,2,8,0.95,26,smooth,2596,0.947473755879127,0.9429541952654433,0.06785662216483036,1.9787372362062259,0.3706515299243559,0.0029418479539492443,0.06664098613251156,0.9361592644932705,0.9583623460373848,1.7635760062806343,2.1845324428997617
lgb_conformal,quantile,0.9,2,8,0.95,26,erratic,1901,0.8910151486856126,0.9459375448328631,0.06895815542271563,2.865442735409463,0.8131200295697587,0.008379821482920815,0.06470278800631246,0.8671173494347941,0.9107871796647737,2.5193166520310144,3.289540824908971
lgb_conformal,quantile,0.9,2,8,0.95,26,intermittent,6539,0.9460165187647867,0.9806475830332689,0.10949852507374631,4.096526773201139,1.5459003403576153,0.05962038987443145,0.26961309068664935,0.9302013044173731,0.9599513961407222,3.557830901055189,4.779199354800764
lgb_conformal,quantile,0.9,2,8,0.95,26,lumpy,2808,0.9061062166242311,0.9673821548821548,0.09908049368146728,4.957614745048557,2.0761986736065734,0.02300984655595863,0.1371082621082621,0.8715192463638951,0.9267390396493378,4.52695304134201,5.762437785897983
lgb_conformal,fixed,0.9,2,8,0.95,26,all,13844,0.9260083992779707,0.9620183341651125,0.0914011203906355,2.5481164975608124,0.6699032432223735,0.022299221645273176,0.4691563132042762,0.9151904005989512,0.9347464423902091,2.3534460710057354,2.7444886812669593
lgb_conformal,fixed,0.9,2,8,0.95,26,smooth,2596,0.9474734657846634,0.94276159125928,0.06808572678232978,1.9933916481223781,0.38046418788683495,0.002870774810401511,0.05970724191063174,0.9361790957195437,0.9583647554829685,1.767485310706661,2.209966517343655
lgb_conformal,fixed,0.9,2,8,0.95,26,erratic,1901,0.8888019401277005,0.9447420018172253,0.07048310357447847,2.888025217007522,0.8528288036331515,0.01793506672258384,0.1509731720147291,0.8649901378163907,0.9090909962502927,2.537843273424536,3.3419413543897027
lgb_conformal,fixed,0.9,2,8,0.95,26,intermittent,6539,0.942959785915906,0.9756009398156515,0.13805309734513274,3.711485589083742,1.1406787037272026,0.12308425472397759,0.6958250497017893,0.9271694937407219,0.9573826583306879,3.2228253560118367,4.3543741031756324
lgb_conformal,fixed,0.9,2,8,0.95,26,lumpy,2808,0.8754759919785494,0.9598873348873349,0.1218468800708069,4.741941371307541,1.9040096738093628,0.10788851084923728,0.5352564102564102,0.8290106320159071,0.9036211512575594,4.311923603520234,5.484751642096345
lgb_conformal,none,0.9,2,26,0.95,26,all,13844,0.9297379976962316,0.9670681095847233,0.07924906963330515,2.6965567931736927,,0.0,0.0,0.9193680418801395,0.9388903896059592,2.4860781785175807,2.904385959383284
lgb_conformal,none,0.9,2,26,0.95,26,smooth,2596,0.9475146591984748,0.9430767614511837,0.06771082831733072,2.00688568218469,,0.0,0.0,0.9362093475050168,0.9584035532565173,1.7817292859805272,2.221603016308661
lgb_conformal,none,0.9,2,26,0.95,26,erratic,1901,0.8917201444627461,0.9464157620391181,0.06834817616201048,2.985778600308751,,0.0,0.0,0.8674697281607286,0.9111994650750338,2.6217312291427395,3.4457186642718254
lgb_conformal,none,0.9,2,26,0.95,26,intermittent,6539,0.9487884453242421,0.9821143071640089,0.10119960668633235,4.945731712475362,,0.0,0.0,0.9337451791100837,0.9616297335998991,4.229396979760394,5.801230402670032
lgb_conformal,none,0.9,2,26,0.95,26,lumpy,2808,0.9090061062166243,0.9681915306915307,0.09662192063726213,5.247660034699534,,0.0,0.0,0.8748228192146315,0.9286564939512044,4.75795965344561,6.197656267476431
lgb_conformal,quantile,0.9,2,26,0.95,26,all,13844,0.9296722299929382,0.9670155761603321,0.07937548888695749,2.6704028245933924,,0.002193810344241278,0.03763363189829529,0.9192681673447045,0.9388350806888645,2.463129220220412,2.875644624903996
lgb_conformal,quantile,0.9,2,26,0.95,26,smooth,2596,0.9475146591984748,0.9430767614511837,0.06771082831733072,2.0049530728691187,,0.00017173592236840082,0.002696456086286595,0.9362093475050168,0.9584035532565173,1.7815912176239097,2.216131130272257
lgb_conformal,quantile,0.9,2,26,0.95,26,erratic,1901,0.891718205885907,0.9463679403184927,0.068409174088081,2.984834513388135,,0.00020355056809994267,0.005786428195686481,0.8674657874541994,0.911197720623731,2.6206754635847895,3.4447014233991387
lgb_conformal,quantile,0.9,2,26,0.95,26,intermittent,6539,0.9483513663652232,0.9820378428728329,0.1016322517207473,4.61230250375747,,0.02544081527915246,0.06621807615843402,0.9333868709819076,0.9614737815289641,3.9943101578303737,5.372955055489293
lgb_conformal,quantile,0.9,2,26,0.95,26,lumpy,2808,0.9085036389445934,0.9681429681429682,0.09676943501991445,5.1909984002163085,,0.006263941776886505,0.02492877492877493,0.8740829372203727,0.9282416157240693,4.710567936571628,6.107508910165548
lgb_conformal,fixed,0.9,2,26,0.95,26,all,13844,0.9260083992779707,0.9620183341651125,0.0914011203906355,2.5481164975608124,,0.022299221645273176,0.4691563132042762,0.9151904005989512,0.9347464423902091,2.3534460710057354,2.7444886812669593
lgb_conformal,fixed,0.9,2,26,0.95,26,smooth,2596,0.9474734657846634,0.94276159125928,0.06808572678232978,1.9933916481223781,,0.002870774810401511,0.05970724191063174,0.9361790957195437,0.9583647554829685,1.767485310706661,2.209966517343655
lgb_conformal,fixed,0.9,2,26,0.95,26,erratic,1901,0.8888019401277005,0.9447420018172253,0.07048310357447847,2.888025217007522,,0.01793506672258384,0.1509731720147291,0.8649901378163907,0.9090909962502927,2.537843273424536,3.3419413543897027
lgb_conformal,fixed,0.9,2,26,0.95,26,intermittent,6539,0.942959785915906,0.9756009398156515,0.13805309734513274,3.711485589083742,,0.12308425472397759,0.6958250497017893,0.9271694937407219,0.9573826583306879,3.2228253560118367,4.3543741031756324
lgb_conformal,fixed,0.9,2,26,0.95,26,lumpy,2808,0.8754759919785494,0.9598873348873349,0.1218468800708069,4.741941371307541,,0.10788851084923728,0.5352564102564102,0.8290106320159071,0.9036211512575594,4.311923603520234,5.484751642096345
lgb_conformal,none,0.9,2,13,0.9,26,all,13844,0.9297379976962316,0.9670681095847233,0.07924906963330515,2.6965567931736927,0.5317045383340264,0.0,0.0,0.9193680418801395,0.9388903896059592,2.4860781785175807,2.904385959383284
lgb_conformal,none,0.9,2,13,0.9,26,smooth,2596,0.9475146591984748,0.9430767614511837,0.06771082831733072,2.00688568218469,0.23356108649659588,0.0,0.0,0.9362093475050168,0.9584035532565173,1.7817292859805272,2.221603016308661
lgb_conformal,none,0.9,2,13,0.9,26,erratic,1901,0.8917201444627461,0.9464157620391181,0.06834817616201048,2.985778600308751,0.5755938345502211,0.0,0.0,0.8674697281607286,0.9111994650750338,2.6217312291427395,3.4457186642718254
lgb_conformal,none,0.9,2,13,0.9,26,intermittent,6539,0.9487884453242421,0.9821143071640089,0.10119960668633235,4.945731712475362,1.8219402357970487,0.0,0.0,0.9337451791100837,0.9616297335998991,4.229396979760394,5.801230402670032
lgb_conformal,none,0.9,2,13,0.9,26,lumpy,2808,0.9090061062166243,0.9681915306915307,0.09662192063726213,5.247660034699534,1.6634361551114216,0.0,0.0,0.8748228192146315,0.9286564939512044,4.75795965344561,6.197656267476431
lgb_conformal,quantile,0.9,2,13,0.9,26,all,13844,0.9293147367815979,0.9664147251188568,0.08082140910060602,2.592584268537991,0.4779618985772254,0.008237879538769888,0.16425888471540018,0.9189146398444773,0.9385339183496274,2.3941854568714778,2.785540934741331
lgb_conformal,quantile,0.9,2,13,0.9,26,smooth,2596,0.9474958030583499,0.9429892141756548,0.06781496677983047,1.989338448278913,0.22616361965946974,0.0016900903441187554,0.040061633281972264,0.9361822912240545,0.9583935231455926,1.7706766101981426,2.1967687841773573
lgb_conformal,quantile,0.9,2,13,0.9,26,erratic,1901,0.8915501958931896,0.9462005642963034,0.0686226668293278,2.906119247030908,0.5361224715303836,0.00618599869339921,0.05628616517622304,0.8673267446570405,0.9111397874622107,2.5566632348208795,3.3435657543595543
lgb_conformal,quantile,0.9,2,13,0.9,26,intermittent,6539,0.9464761566378195,0.9810368557883469,0.10729596853490658,4.137575537113643,1.3601863366297546,0.05977548240827687,0.25600244685731766,0.9306270537531298,0.9602018517153555,3.5947134278230286,4.813027764820522
lgb_conformal,quantile,0.9,2,13,0.9,26,lumpy,2808,0.9060679119443005,0.9677059052059052,0.09809706446378522,4.950307564047678,1.5259813884319866,0.025069286406345058,0.13853276353276353,0.871563699902537,0.9268400238333209,4.520112918192331,5.762149889380331
lgb_conformal,fixed,0.9,2,13,0.9,26,all,13844,0.9260083992779707,0.9620183341651125,0.0914011203906355,2.5481164975608124,0.4321429724274515,0.022299221645273176,0.4691563132042762,0.9151904005989512,0.9347464423902091,2.3534460710057354,2.7444886812669593
lgb_conformal,fixed,0.9,2,13,0.9,26,smooth,2596,0.9474734657846634,0.94276159125928,0.06808572678232978,1.9933916481223781,0.22894556754515974,0.002870774810401511,0.05970724191063174,0.9361790957195437,0.9583647554829685,1.767485310706661,2.209966517343655
lgb_conformal,fixed,0.9,2,13,0.9,26,erratic,1901,0.8888019401277005,0.9447420018172253,0.07048310357447847,2.888025217007522,0.5354599952052533,0.01793506672258384,0.1509731720147291,0.8649901378163907,0.9090909962502927,2.537843273424536,3.3419413543897027
lgb_conformal,fixed,0.9,2,13,0.9,26,intermittent,6539,0.942959785915906,0.9756009398156515,0.13805309734513274,3.711485589083742,0.8338581100705812,0.12308425472397759,0.6958250497017893,0.9271694937407219,0.9573826583306879,3.2228253560118367,4.3543741031756324
lgb_conformal,fixed,0.9,2,13,0.9,26,lumpy,2808,0.8754759919785494,0.9598873348873349,0.1218468800708069,4.741941371307541,1.3291656339424527,0.10788851084923728,0.5352564102564102,0.8290106320159071,0.9036211512575594,4.311923603520234,5.484751642096345
lgb_conformal,none,0.9,2,13,0.99,26,all,13844,0.9297379976962316,0.9670681095847233,0.07924906963330515,2.6965567931736927,0.5317045383340264,0.0,0.0,0.9193680418801395,0.9388903896059592,2.4860781785175807,2.904385959383284
lgb_conformal,none,0.9,2,13,0.99,26,smooth,2596,0.9475146591984748,0.9430767614511837,0.06771082831733072,2.00688568218469,0.23356108649659588,0.0,0.0,0.9362093475050168,0.9584035532565173,1.7817292859805272,2.221603016308661
lgb_conformal,none,0.9,2,13,0.99,26,erratic,1901,0.8917201444627461,0.9464157620391181,0.06834817616201048,2.985778600308751,0.5755938345502211,0.0,0.0,0.8674697281607286,0.9111994650750338,2.6217312291427395,3.4457186642718254
lgb_conformal,none,0.9,2,13,0.99,26,intermittent,6539,0.9487884453242421,0.9821143071640089,0.10119960668633235,4.945731712475362,1.8219402357970487,0.0,0.0,0.9337451791100837,0.9616297335998991,4.229396979760394,5.801230402670032
lgb_conformal,none,0.9,2,13,0.99,26,lumpy,2808,0.9090061062166243,0.9681915306915307,0.09662192063726213,5.247660034699534,1.6634361551114216,0.0,0.0,0.8748228192146315,0.9286564939512044,4.75795965344561,6.197656267476431
lgb_conformal,quantile,0.9,2,13,0.99,26,all,13844,0.9297267774843836,0.9670287095164298,0.0793438840735444,2.6694358149507424,0.5159569882672834,0.0020006500818126063,0.029615718000577867,0.9193495369678222,0.9388840375591014,2.4593879471847298,2.8719481999622105
lgb_conformal,quantile,0.9,2,13,0.99,26,smooth,2596,0.9475143691040113,0.9430592519960779,0.06773165600983067,1.9997487781946437,0.22965653105620784,0.000495191249126453,0.003852080123266564,0.9362093405913784,0.9584029804144499,1.778819411532973,2.201174199746749
lgb_conformal,quantile,0.9,2,13,0.99,26,erratic,1901,0.8917175596936273,0.9463679403184927,0.068409174088081,2.984841621503211,0.5754914776931195,0.00019321149162502497,0.0052603892688058915,0.8674644738853563,0.9111971391399631,2.620533870299195,3.444763019199098
lgb_conformal,quantile,0.9,2,13,0.99,26,intermittent,6539,0.948619253469138,0.9820517454712285,0.10155358898721731,4.629985872480099,1.6178570723605368,0.021656557453324198,0.052913289493806394,0.9336593317616382,0.9615126837443185,4.007871733395304,5.4007705354429
lgb_conformal,quantile,0.9,2,13,0.99,26,lumpy,2808,0.9090061062166243,0.9681915306915307,0.09662192063726213,5.204643879137469,1.6516383136927966,0.004290124152227305,0.01566951566951567,0.8748228192146315,0.9286564939512044,4.726583049007146,6.125474321955119
lgb_conformal,fixed,0.9,2,13,0.99,26,all,13844,0.9260083992779707,0.9620183341651125,0.0914011203906355,2.5481164975608124,0.4321429724274515,0.022299221645273176,0.4691563132042762,0.9151904005989512,0.9347464423902091,2.3534460710057354,2.7444886812669593
lgb_conformal,fixed,0.9,2,13,0.99,26,smooth,2596,0.9474734657846634,0.94276159125928,0.06808572678232978,1.9933916481223781,0.22894556754515974,0.002870774810401511,0.05970724191063174,0.9361790957195437,0.9583647554829685,1.767485310706661,2.209966517343655
lgb_conformal,fixed,0.9,2,13,0.99,26,erratic,1901,0.8888019401277005,0.9447420018172253,0.07048310357447847,2.888025217007522,0.5354599952052533,0.01793506672258384,0.1509731720147291,0.8649901378163907,0.9090909962502927,2.537843273424536,3.3419413543897027
lgb_conformal,fixed,0.9,2,13,0.99,26,intermittent,6539,0.942959785915906,0.9756009398156515,0.13805309734513274,3.711485589083742,0.8338581100705812,0.12308425472397759,0.6958250497017893,0.9271694937407219,0.9573826583306879,3.2228253560118367,4.3543741031756324
lgb_conformal,fixed,0.9,2,13,0.99,26,lumpy,2808,0.8754759919785494,0.9598873348873349,0.1218468800708069,4.741941371307541,1.3291656339424527,0.10788851084923728,0.5352564102564102,0.8290106320159071,0.9036211512575594,4.311923603520234,5.484751642096345
lgb_conformal,none,0.9,2,13,0.95,13,all,13844,0.9297379976962316,0.9670681095847233,0.07924906963330515,2.6965567931736927,0.5317045383340264,0.0,0.0,0.9193680418801395,0.9388903896059592,2.4860781785175807,2.904385959383284
lgb_conformal,none,0.9,2,13,0.95,13,smooth,2596,0.9475146591984748,0.9430767614511837,0.06771082831733072,2.00688568218469,0.23356108649659588,0.0,0.0,0.9362093475050168,0.9584035532565173,1.7817292859805272,2.221603016308661
lgb_conformal,none,0.9,2,13,0.95,13,erratic,1901,0.8917201444627461,0.9464157620391181,0.06834817616201048,2.985778600308751,0.5755938345502211,0.0,0.0,0.8674697281607286,0.9111994650750338,2.6217312291427395,3.4457186642718254
lgb_conformal,none,0.9,2,13,0.95,13,intermittent,6539,0.9487884453242421,0.9821143071640089,0.10119960668633235,4.945731712475362,1.8219402357970487,0.0,0.0,0.9337451791100837,0.9616297335998991,4.229396979760394,5.801230402670032
lgb_conformal,none,0.9,2,13,0.95,13,lumpy,2808,0.9090061062166243,0.9681915306915307,0.09662192063726213,5.247660034699534,1.6634361551114216,0.0,0.0,0.8748228192146315,0.9286564939512044,4.75795965344561,6.197656267476431
lgb_conformal,quantile,0.9,2,13,0.95,13,all,13844,0.929511176798259,0.9667561923774001,0.07999968395186587,2.628381577655,0.49434706739049117,0.005125738009434299,0.09130309159202543,0.9190851370051746,0.9387221106926535,2.424728018792532,2.821369886773873
lgb_conformal,quantile,0.9,2,13,0.95,13,smooth,2596,0.9475103077815229,0.9430417425409722,0.06775248370233061,1.9940884550236095,0.226801827479082,0.0009961843875221088,0.01386748844375963,0.9362072013707976,0.958397289403492,1.773479705443971,2.200115857866649
lgb_conformal,quantile,0.9,2,13,0.95,13,erratic,1901,0.891703989655754,0.9463201185978671,0.06847017201415152,2.9476836268446367,0.5570203298553111,0.0029815311784543983,0.020515518148342977,0.8674489485679223,0.911184622685609,2.590078219824625,3.405578533431509
lgb_conformal,quantile,0.9,2,13,0.95,13,intermittent,6539,0.9475561646462339,0.9815790571257768,0.10422812192723697,4.326489522794373,1.4466411186965462,0.04302830861722317,0.15246979660498547,0.9325774133481572,0.961009676820924,3.776298667926907,5.056540798098377
lgb_conformal,quantile,0.9,2,13,0.95,13,lumpy,2808,0.9071201640341587,0.9679972804972805,0.09721197816787137,5.084797548500485,1.5929514882494762,0.014391293571573422,0.06837606837606838,0.8725782073867936,0.9276405247963306,4.617357238165522,5.9555844909695255
lgb_conformal,fixed,0.9,2,13,0.95,13,all,13844,0.9195885392958575,0.9572180925113604,0.10295267969311726,2.446896031963449,0.38320924642122717,0.03728303778432233,0.6024992776654147,0.9077384592346407,0.9287963583944064,2.262444658239841,2.6314833113369134
lgb_conformal,fixed,0.9,2,13,0.95,13,smooth,2596,0.9472207935069897,0.94218377924079,0.06877304063482807,1.9710416102795554,0.2198268542185392,0.005393146170187398,0.10631741140215717,0.9358860177883791,0.9580950069847131,1.7561911799960113,2.1690726173515116
lgb_conformal,fixed,0.9,2,13,0.95,13,erratic,1901,0.8772305749754286,0.9388599301802879,0.07798584848115164,2.74465001256844,0.47232429547271226,0.03866362267023451,0.30668069437138346,0.8531450568888511,0.8991235127676218,2.415913899860032,3.1469109217872875
lgb_conformal,fixed,0.9,2,13,0.95,13,intermittent,6539,0.9360708575489176,0.9715413810841246,0.16102261553588987,3.4248040899311114,0.659583731639159,0.15420427660612418,0.8204618443187032,0.9185998674797939,0.9516005791739052,2.9674405109952997,4.013890930203315
lgb_conformal,fixed,0.9,2,13,0.95,13,lumpy,2808,0.8394921250084496,0.9501910126910127,0.15130058514038452,4.323302764696604,1.1206561366350465,0.18673756787814605,0.7539173789173789,0.7819739307149861,0.8769512731938507,3.9316869144223974,4.944578843404993
lgb_conformal,none,0.9,2,13,0.95,52,all,13844,0.9297379976962316,0.9670681095847233,0.07924906963330515,2.6965567931736927,0.5317045383340264,0.0,0.0,0.9193680418801395,0.9388903896059592,2.4860781785175807,2.904385959383284
lgb_conformal,none,0.9,2,13,0.95,52,smooth,2596,0.9475146591984748,0.9430767614511837,0.06771082831733072,2.00688568218469,0.23356108649659588,0.0,0.0,0.9362093475050168,0.9584035532565173,1.7817292859805272,2.221603016308661
lgb_conformal,none,0.9,2,13,0.95,52,erratic,1901,0.8917201444627461,0.9464157620391181,0.06834817616201048,2.985778600308751,0.5755938345502211,0.0,0.0,0.8674697281607286,0.9111994650750338,2.6217312291427395,3.4457186642718254
lgb_conformal,none,0.9,2,13,0.95,52,intermittent,6539,0.9487884453242421,0.9821143071640089,0.10119960668633235,4.945731712475362,1.8219402357970487,0.0,0.0,0.9337451791100837,0.9616297335998991,4.229396979760394,5.801230402670032
lgb_conformal,none,0.9,2,13,0.95,52,lumpy,2808,0.9090061062166243,0.9681915306915307,0.09662192063726213,5.247660034699534,1.6634361551114216,0.0,0.0,0.8748228192146315,0.9286564939512044,4.75795965344561,6.197656267476431
lgb_conformal,quantile,0.9,2,13,0.95,52,all,13844,0.929511176798259,0.9667561923774001,0.07999968395186587,2.628381577655,0.49434706739049117,0.005125738009434299,0.09130309159202543,0.9190851370051746,0.9387221106926535,2.424728018792532,2.821369886773873
lgb_conformal,quantile,0.9,2,13,0.95,52,smooth,2596,0.9475103077815229,0.9430417425409722,0.06775248370233061,1.9940884550236095,0.226801827479082,0.0009961843875221088,0.01386748844375963,0.9362072013707976,0.958397289403492,1.773479705443971,2.200115857866649
lgb_conformal,quantile,0.9,2,13,0.95,52,erratic,1901,0.891703989655754,0.9463201185978671,0.06847017201415152,2.9476836268446367,0.5570203298553111,0.0029815311784543983,0.020515518148342977,0.8674489485679223,0.911184622685609,2.590078219824625,3.405578533431509
lgb_conformal,quantile,0.9,2,13,0.95,52,intermittent,6539,0.9475561646462339,0.9815790571257768,0.10422812192723697,4.326489522794373,1.4466411186965462,0.04302830861722317,0.15246979660498547,0.9325774133481572,0.961009676820924,3.776298667926907,5.056540798098377
lgb_conformal,quantile,0.9,2,13,0.95,52,lumpy,2808,0.9071201640341587,0.9679972804972805,0.09721197816787137,5.084797548500485,1.5929514882494762,0.014391293571573422,0.06837606837606838,0.8725782073867936,0.9276405247963306,4.617357238165522,5.9555844909695255
lgb_conformal,fixed,0.9,2,13,0.95,52,all,13844,0.9288621306975157,0.9639883375797851,0.08666039837867308,2.5817811033334905,0.45172686828179026,0.01651874111984964,0.3838485986709044,0.9185037395653951,0.9380965120267475,2.383876490334642,2.7776108537362836
lgb_conformal,fixed,0.9,2,13,0.95,52,smooth,2596,0.9475004445697652,0.9428841574450203,0.06793993293483015,1.9960497836910633,0.22962972632778414,0.0021745480980971833,0.03659476117103236,0.9362055105348817,0.9583950487750493,1.7694985760721582,2.2126627442137705
lgb_conformal,fixed,0.9,2,13,0.95,52,erratic,1901,0.8916296775435906,0.9458179905312993,0.06911065023789191,2.9312419104803986,0.5560266153676156,0.01145892769560725,0.08890057864281957,0.8673769229529948,0.911024720708786,2.577348793191895,3.3808210630608158
lgb_conformal,fixed,0.9,2,13,0.95,52,intermittent,6539,0.9453989684936567,0.9777002321733932,0.12617502458210422,3.9320638304472024,0.9920524945929103,0.10528245170277503,0.5895396849671204,0.9298603093309111,0.9592497978387089,3.4115072853761554,4.640869836851759
lgb_conformal,fixed,0.9,2,13,0.95,52,lumpy,2808,0.9007075099704829,0.9638694638694638,0.1097507006933176,4.83377796804939,1.3813636466055292,0.0746490615353417,0.4255698005698006,0.8663878081399577,0.9218171341685635,4.367294800757495,5.638207910507761
hgb_quantile,none,0.8,2,13,0.95,26,all,13844,0.9055993517824688,0.945709989230648,0.13064639744633108,2.235147503494233,0.5431300282732078,0.0,0.0,0.8987809936844259,0.9125211315532833,2.018906642470455,2.4820140475739825
hgb_quantile,none,0.8,2,13,0.95,26,smooth,2596,0.923309757356288,0.8977447821823785,0.12163372419969591,1.5412507074678727,0.1957791835755477,0.0,0.0,0.9167106656218016,0.930038643205878,1.3661479505405905,1.6837658362393713
hgb_quantile,none,0.8,2,13,0.95,26,erratic,1901,0.8743278792550954,0.9082540289799627,0.11702452116628034,2.9537772200420416,0.791315175761069,0.0,0.0,0.8542838096275277,0.8891031613736662,2.4415549704560413,3.557018155839673
hgb_quantile,none,0.8,2,13,0.95,26,intermittent,6539,0.9078101780180302,0.9735085987571077,0.14989183874139628,2.68641981575007,0.9648492641564237,0.0,0.0,0.8939778778044787,0.9194694088505218,2.100055110239783,3.395696100361777
hgb_quantile,none,0.8,2,13,0.95,26,lumpy,2808,0.8753137603929609,0.9506766381766382,0.14982544131386144,4.758380838647169,2.0386917825195465,0.0,0.0,0.8483547798779396,0.8949525931863158,3.896880387363406,6.302097345178035
hgb_quantile,quantile,0.8,2,13,0.95,26,all,13844,0.9049038712665393,0.9454703054818628,0.13122318529111984,2.0600269250560626,0.4869994512453314,0.0167574727042454,0.053524992776654144,0.8980071790637532,0.9121446049847731,1.8710078249349267,2.270008719786889
hgb_quantile,quantile,0.8,2,13,0.95,26,smooth,2596,0.9231177148214773,0.897709763272167,0.1216753795846958,1.5331074657840835,0.1930380809903129,0.0011099014171984823,0.01386748844375963,0.9166942500432723,0.9300380922245389,1.3602193796388942,1.6771880906267482
hgb_quantile,quantile,0.8,2,13,0.95,26,erratic,1901,0.8732035046884481,0.9075845248912056,0.11787849213126754,2.64061370173186,0.7169131136322662,0.029483168952787252,0.09942135718043135,0.8528839454515253,0.8885030438265555,2.2530417274879855,3.125326552456145
hgb_quantile,quantile,0.8,2,13,0.95,26,intermittent,6539,0.907099572226593,0.9734251831667339,0.1503638151425762,2.4943645012929077,0.9204927994766333,0.02073446184300688,0.029209359229239944,0.8930094484537958,0.9188539624515162,1.9757818608923468,3.078691965100422
hgb_quantile,quantile,0.8,2,13,0.95,26,lumpy,2808,0.8722155877515153,0.9501748251748252,0.15134975660126862,3.781192402154075,1.622178409679818,0.09074378675559361,0.11574074074074074,0.845534984195408,0.8926262156478469,3.1106120563294075,4.971417676894911
hgb_quantile,fixed,0.8,2,13,0.95,26,all,13844,0.9021005444909882,0.9421442830500906,0.13922710428798307,2.1514426516847496,0.4920324239955796,0.013700741759574336,0.4331118173938168,0.8949254894303745,0.9092873052337019,1.9393095252423518,2.393027090759143
hgb_quantile,fixed,0.8,2,13,0.95,26,smooth,2596,0.9232810380044054,0.8975346687211094,0.12188365650969529,1.5372540760447826,0.19514097575593542,0.0009764579640068196,0.05778120184899846,0.9166895443350751,0.929994117929236,1.3620645089771686,1.6789607597345415
hgb_quantile,fixed,0.8,2,13,0.95,26,erratic,1901,0.8716313188719809,0.9070106642436995,0.1186104672441137,2.89679727720421,0.7716200105070864,0.0095487833168662,0.1509731720147291,0.8505878502814596,0.8867900387059013,2.389976158908013,3.4868449344048122
hgb_quantile,fixed,0.8,2,13,0.95,26,intermittent,6539,0.9028669559847389,0.9688512282945683,0.17624385447394297,2.224151009370409,0.6585911394225482,0.07729811886855767,0.6259366875669062,0.887795596948116,0.915074031500982,1.7748211126890727,2.74505759776782
hgb_quantile,fixed,0.8,2,13,0.95,26,lumpy,2808,0.8432189450440504,0.9449786324786325,0.16713379554506563,4.264872355287173,1.6900556544467227,0.07619251481489826,0.5220797720797721,0.8080849663385671,0.8696947646182956,3.510427578301028,5.605365864121946
hgb_quantile,none,0.9,2,13,0.95,26,all,13844,0.9453142410208528,0.9715433006750545,0.06847972946279718,3.474570425558469,0.9768926814355726,0.0,0.0,0.9396363177720578,0.9506756088968878,3.171779806335429,3.7865047264343525
hgb_quantile,none,0.9,2,13,0.95,26,smooth,2596,0.9594091123892673,0.9499404678526404,0.059546372857351135,2.37309455077857,0.35018016316653194,0.0,0.0,0.9550456702796889,0.9643546557311715,2.135979883673539,2.576028729696984
hgb_quantile,none,0.9,2,13,0.95,26,erratic,1901,0.918925485629653,0.9509349146382287,0.06258387214834696,4.567635330433653,1.3816853599323309,0.0,0.0,0.9034027385463115,0.9327108023967361,3.8361748936725033,5.3547266692238304
hgb_quantile,none,0.9,2,13,0.95,26,intermittent,6539,0.9478466106641626,0.9855760541645233,0.08161258603736479,3.9451790190820213,1.6215792931728268,0.0,0.0,0.9390693469177361,0.9565365984584286,3.121354902479336,4.9287776682428435
hgb_quantile,none,0.9,2,13,0.95,26,lumpy,2808,0.9258286203555576,0.9727887852887853,0.08265722574617691,7.8424708771771705,3.918068092201618,0.0,0.0,0.9070367555404748,0.9406068112692674,6.2796703805525995,10.562947969127071
hgb_quantile,quantile,0.9,2,13,0.95,26,all,13844,0.9442942374545517,0.9711887000604135,0.06933305942495042,3.065450775463365,0.8216797969038084,0.03658876559889952,0.11687373591447558,0.9383371751829951,0.9497349506829215,2.8403066898254505,3.316033975777465
hgb_quantile,quantile,0.9,2,13,0.95,26,smooth,2596,0.959218520326774,0.9499229583975347,0.05956720054985108,2.3150306934447067,0.3134289658741576,0.004625556219871877,0.039676425269645606,0.9546816098003924,0.9641815170101025,2.087952688607811,2.5092007564182266
hgb_quantile,quantile,0.9,2,13,0.95,26,erratic,1901,0.9171684888211966,0.9501219453875951,0.06362083689154568,3.82693807604003,1.147811314439102,0.0647684983848424,0.1804313519200421,0.9019229406124051,0.9311170142868267,3.325689933739128,4.364010180537308
hgb_quantile,quantile,0.9,2,13,0.95,26,intermittent,6539,0.9465917710721405,0.9853883690861822,0.08267453294001967,3.565396881794111,1.531619419841129,0.039985675089601186,0.08487536320538308,0.9362704473143684,0.9556239022047579,2.820595983203125,4.445652840203073
hgb_quantile,quantile,0.9,2,13,0.95,26,lumpy,2808,0.9211239043734931,0.9720441595441596,0.08491911294684565,5.8393772109686575,3.0648858745859715,0.18387823618215002,0.21972934472934472,0.9010708855091005,0.9378350584589353,4.658884148619125,7.958400407816373
hgb_quantile,fixed,0.9,2,13,0.95,26,all,13844,0.9389157857505727,0.9656726904993302,0.0826070810584452,3.244463386463626,0.8351035893112465,0.02954126422787594,0.5117740537416932,0.9316193850647376,0.9449982153925323,2.9587000569617716,3.5448125454307173
hgb_quantile,fixed,0.9,2,13,0.95,26,smooth,2596,0.9593069991381293,0.9494326936545735,0.06015037593984962,2.357319213855608,0.3441573959728506,0.0027039704939119326,0.07742681047765794,0.9548898144665497,0.9642662995390818,2.120485058101677,2.5608005209311013
hgb_quantile,fixed,0.9,2,13,0.95,26,erratic,1901,0.9117217340957541,0.9477547702166323,0.0666402342320361,4.337205748268043,1.27352117281314,0.02990448631914015,0.22251446607048922,0.8949819744091418,0.9260006314891523,3.645524560965377,5.0402237938943735
hgb_quantile,fixed,0.9,2,13,0.95,26,intermittent,6539,0.9396267063703553,0.9790070764225833,0.11878072763028515,3.0095480603563747,0.968050374054993,0.11993728621904141,0.7215170515369322,0.9285547008739907,0.949595125304865,2.4017777890866157,3.7377422555012467
hgb_quantile,fixed,0.9,2,13,0.95,26,lumpy,2808,0.8747887609562651,0.9617650867650868,0.11614299060825096,6.512485072440909,3.0134165521281626,0.16449381492079945,0.6207264957264957,0.8411146154072956,0.9023746801159712,5.2449019247507405,8.75732352888313
hgb_quantile,none,0.95,2,13,0.95,26,all,13844,0.969646392434332,0.9855303249192299,0.034820603177863986,4.946736618645887,1.601581324872258,0.0,0.0,0.9655094055692173,0.9731294187666002,4.529209732518212,5.3679513692438245
hgb_quantile,none,0.95,2,13,0.95,26,smooth,2596,0.9775870116586064,0.9755568006723631,0.02907545872992731,3.3694413912002164,0.6111350439043466,0.0,0.0,0.9738932867814625,0.9817919554418084,3.0353222330767373,3.6973431279045137
hgb_quantile,none,0.95,2,13,0.95,26,erratic,1901,0.9559897824076736,0.9747501315097318,0.03220690496523118,6.514593929540486,2.267082125223017,0.0,0.0,0.9451032394979393,0.965305730317604,5.532648818177723,7.561294191717427
hgb_quantile,none,0.95,2,13,0.95,26,intermittent,6539,0.969384733818914,0.9927567462358715,0.040983284169124876,5.991915449190277,2.976808872420882,0.0,0.0,0.962885506489001,0.974953670645561,4.708278330674273,7.4853613023885295
hgb_quantile,none,0.95,2,13,0.95,26,lumpy,2808,0.955798652576553,0.9852207977207977,0.044893543787185915,10.895741420878302,5.875136657578693,0.0,0.0,0.9421952377628515,0.9680713608805549,8.898136813146387,14.559186968770165
hgb_quantile,quantile,0.95,2,13,0.95,26,all,13844,0.9681106043603124,0.9848408237240944,0.036479855882050834,4.144676518703144,1.2347226890118048,0.06704076579154193,0.2685639988442647,0.9636359679037627,0.9717661246385847,3.8712439249572945,4.43312344012472
hgb_quantile,quantile,0.95,2,13,0.95,26,smooth,2596,0.9773578370324729,0.9753817061213055,0.02928373565492679,3.1979529194091474,0.4962652948679679,0.013673602535193535,0.07665639445300462,0.9736526345065777,0.9817737183582124,2.9237971722681912,3.469110423912951
hgb_quantile,quantile,0.95,2,13,0.95,26,erratic,1901,0.9532402342576253,0.9735784993544068,0.033701354153958765,5.070926710810216,1.6869035564484498,0.11898532303475158,0.2930036822724882,0.941099836989085,0.9630013205356421,4.465659556317996,5.73478476398694
hgb_quantile,quantile,0.95,2,13,0.95,26,intermittent,6539,0.9675715611050484,0.9922979604888154,0.043579154375614555,5.0649612127672174,2.574349950793369,0.08109365615139287,0.28322373451598104,0.9602881565187463,0.9739909913759699,4.020183960169691,6.2706836584826275
hgb_quantile,quantile,0.95,2,13,0.95,26,lumpy,2808,0.9485680809355355,0.9838448588448588,0.04907311796233466,7.532942024740317,4.323309073702711,0.28919808025957056,0.3952991452991453,0.931013024660826,0.9631345688040139,6.074430145229486,10.042001444385997
hgb_quantile,fixed,0.95,2,13,0.95,26,all,13844,0.9598635760334203,0.9771315436946757,0.05503188135553045,4.370366246702768,1.2352509365856066,0.06047970375878823,0.5902918231724935,0.9548060932923759,0.9646607719646902,4.031787792808663,4.758250015362796
hgb_quantile,fixed,0.95,2,13,0.95,26,smooth,2596,0.9773752427002805,0.9748214035579212,0.029950221814925123,3.273011380695896,0.5466466965638022,0.00894303211954909,0.10208012326656395,0.9737464382453601,0.9815807532497867,2.966266988569565,3.5691021026687375
hgb_quantile,fixed,0.95,2,13,0.95,26,erratic,1901,0.9406530548416926,0.9690354358949835,0.03949615713065756,5.818315932452229,1.9337328524801185,0.07529238585174927,0.3003682272488164,0.9248188058732425,0.9537567108957765,4.986096710965882,6.662711080828534
hgb_quantile,fixed,0.95,2,13,0.95,26,intermittent,6539,0.9579332650926184,0.9834767618067817,0.09349065880039331,4.07619555194613,1.5419361751925262,0.20216734766388347,0.8132742009481572,0.9492300631931422,0.9658437355513843,3.271264805438984,4.9944221139768095
hgb_quantile,fixed,0.95,2,13,0.95,26,lumpy,2808,0.8923751154773439,0.9699721574721575,0.09121305994001082,8.079903562335234,3.9031621639890943,0.2959081588968252,0.7186609686609686,0.8579243773393337,0.9187283158820031,6.60234812676498,10.605090257269458
hgb_quantile,none,0.9,2,13,0.9,26,all,13844,0.9453142410208528,0.9715433006750545,0.06847972946279718,3.474570425558469,0.9768926814355726,0.0,0.0,0.9396363177720578,0.9506756088968878,3.171779806335429,3.7865047264343525
hgb_quantile,none,0.9,2,13,0.9,26,smooth,2596,0.9594091123892673,0.9499404678526404,0.059546372857351135,2.37309455077857,0.35018016316653194,0.0,0.0,0.9550456702796889,0.9643546557311715,2.135979883673539,2.576028729696984
hgb_quantile,none,0.9,2,13,0.9,26,erratic,1901,0.918925485629653,0.9509349146382287,0.06258387214834696,4.567635330433653,1.3816853599323309,0.0,0.0,0.9034027385463115,0.9327108023967361,3.8361748936725033,5.3547266692238304
hgb_quantile,none,0.9,2,13,0.9,26,intermittent,6539,0.9478466106641626,0.9855760541645233,0.08161258603736479,3.9451790190820213,1.6215792931728268,0.0,0.0,0.9390693469177361,0.9565365984584286,3.121354902479336,4.9287776682428435
hgb_quantile,none,0.9,2,13,0.9,26,lumpy,2808,0.9258286203555576,0.9727887852887853,0.08265722574617691,7.8424708771771705,3.918068092201618,0.0,0.0,0.9070367555404748,0.9406068112692674,6.2796703805525995,10.562947969127071
hgb_quantile,quantile,0.9,2,13,0.9,26,all,13844,0.942804193321143,0.9706403824433296,0.07065256038494663,2.9090505163282567,0.728252890456036,0.04831336912408294,0.20117018202831552,0.9359650453741608,0.9486012215704798,2.697517932592768,3.1330064638001773
hgb_quantile,quantile,0.9,2,13,0.9,26,smooth,2596,0.9590212560916211,0.9498179016669002,0.05969216670485077,2.2867427120293184,0.29998639456966375,0.007592932486605614,0.07550077041602465,0.9542674990224882,0.9641575877403166,2.0641416588375603,2.491857538369652
hgb_quantile,quantile,0.9,2,13,0.9,26,erratic,1901,0.9133333376412819,0.9490937783941467,0.06493229230206173,3.563822795983527,0.9960701170318838,0.08456136791151302,0.2519726459758022,0.8966440722162439,0.9287665291630189,3.1328374062058506,4.01413751386801
hgb_quantile,quantile,0.9,2,13,0.9,26,intermittent,6539,0.9453933287651533,0.9851103171182694,0.08424778761061946,3.353193637258302,1.4163422412845046,0.05908743553085354,0.17632665545190396,0.9347689781251239,0.9548685379174358,2.652132786323818,4.1611942719173385
hgb_quantile,quantile,0.9,2,13,0.9,26,lumpy,2808,0.9175367837588158,0.9707815332815333,0.08875448689580567,5.104601068024605,2.571002456005948,0.22959374507108898,0.3408119658119658,0.8969364006208045,0.9351437650465206,4.096241737624145,6.814032086984032
hgb_quantile,fixed,0.9,2,13,0.9,26,all,13844,0.9389157857505727,0.9656726904993302,0.0826070810584452,3.244463386463626,0.8351035893112465,0.02954126422787594,0.5117740537416932,0.9316193850647376,0.9449982153925323,2.9587000569617716,3.5448125454307173
hgb_quantile,fixed,0.9,2,13,0.9,26,smooth,2596,0.9593069991381293,0.9494326936545735,0.06015037593984962,2.357319213855608,0.3441573959728506,0.0027039704939119326,0.07742681047765794,0.9548898144665497,0.9642662995390818,2.120485058101677,2.5608005209311013
hgb_quantile,fixed,0.9,2,13,0.9,26,erratic,1901,0.9117217340957541,0.9477547702166323,0.0666402342320361,4.337205748268043,1.27352117281314,0.02990448631914015,0.22251446607048922,0.8949819744091418,0.9260006314891523,3.645524560965377,5.0402237938943735
hgb_quantile,fixed,0.9,2,13,0.9,26,intermittent,6539,0.9396267063703553,0.9790070764225833,0.11878072763028515,3.0095480603563747,0.968050374054993,0.11993728621904141,0.7215170515369322,0.9285547008739907,0.949595125304865,2.4017777890866157,3.7377422555012467
hgb_quantile,fixed,0.9,2,13,0.9,26,lumpy,2808,0.8747887609562651,0.9617650867650868,0.11614299060825096,6.512485072440909,3.0134165521281626,0.16449381492079945,0.6207264957264957,0.8411146154072956,0.9023746801159712,5.2449019247507405,8.75732352888313
hgb_quantile,none,0.9,2,13,0.99,26,all,13844,0.9453142410208528,0.9715433006750545,0.06847972946279718,3.474570425558469,0.9768926814355726,0.0,0.0,0.9396363177720578,0.9506756088968878,3.171779806335429,3.7865047264343525
hgb_quantile,none,0.9,2,13,0.99,26,smooth,2596,0.9594091123892673,0.9499404678526404,0.059546372857351135,2.37309455077857,0.35018016316653194,0.0,0.0,0.9550456702796889,0.9643546557311715,2.135979883673539,2.576028729696984
hgb_quantile,none,0.9,2,13,0.99,26,erratic,1901,0.918925485629653,0.9509349146382287,0.06258387214834696,4.567635330433653,1.3816853599323309,0.0,0.0,0.9034027385463115,0.9327108023967361,3.8361748936725033,5.3547266692238304
hgb_quantile,none,0.9,2,13,0.99,26,intermittent,6539,0.9478466106641626,0.9855760541645233,0.08161258603736479,3.9451790190820213,1.6215792931728268,0.0,0.0,0.9390693469177361,0.9565365984584286,3.121354902479336,4.9287776682428435
hgb_quantile,none,0.9,2,13,0.99,26,lumpy,2808,0.9258286203555576,0.9727887852887853,0.08265722574617691,7.8424708771771705,3.918068092201618,0.0,0.0,0.9070367555404748,0.9406068112692674,6.2796703805525995,10.562947969127071
hgb_quantile,quantile,0.9,2,13,0.99,26,all,13844,0.9451512890210918,0.9715071839457855,0.06856664269968316,3.3133870764218987,0.9522340391191824,0.017456405593051203,0.042545507078878934,0.9394471316218641,0.9506308195254471,3.047262863669335,3.607404198344018
hgb_quantile,quantile,0.9,2,13,0.99,26,smooth,2596,0.9592768293139295,0.9499229583975347,0.05956720054985108,2.359787917739654,0.3468321249448458,0.0015537459462924912,0.00539291217257319,0.9547880377705564,0.9642212316538188,2.1207385056945705,2.564025482864856
hgb_quantile,quantile,0.9,2,13,0.99,26,erratic,1901,0.9189164389377374,0.9508870929176032,0.06264487007441746,4.272162618164336,1.341722115349199,0.030539693330067907,0.0773277222514466,0.903387969934403,0.932701850869416,3.6282483807820047,5.017163542476608
hgb_quantile,quantile,0.9,2,13,0.99,26,intermittent,6539,0.9470683281306838,0.9855482489677321,0.08176991150442478,3.820163157345606,1.606101058295054,0.017528276188784272,0.022633430188102155,0.9370835256507734,0.9560611849833464,3.042199182712912,4.7932527607810576
hgb_quantile,quantile,0.9,2,13,0.99,26,lumpy,2808,0.9253824834951894,0.9727240352240353,0.08285391158971334,6.972057862598859,3.773916315540434,0.09529753723440211,0.09971509971509972,0.9066223740615169,0.9404666223710512,5.643669185418131,9.383301783564692
hgb_quantile,fixed,0.9,2,13,0.99,26,all,13844,0.9389157857505727,0.9656726904993302,0.0826070810584452,3.244463386463626,0.8351035893112465,0.02954126422787594,0.5117740537416932,0.9316193850647376,0.9449982153925323,2.9587000569617716,3.5448125454307173
hgb_quantile,fixed,0.9,2,13,0.99,26,smooth,2596,0.9593069991381293,0.9494326936545735,0.06015037593984962,2.357319213855608,0.3441573959728506,0.0027039704939119326,0.07742681047765794,0.9548898144665497,0.9642662995390818,2.120485058101677,2.5608005209311013
hgb_quantile,fixed,0.9,2,13,0.99,26,erratic,1901,0.9117217340957541,0.9477547702166323,0.0666402342320361,4.337205748268043,1.27352117281314,0.02990448631914015,0.22251446607048922,0.8949819744091418,0.9260006314891523,3.645524560965377,5.0402237938943735
hgb_quantile,fixed,0.9,2,13,0.99,26,intermittent,6539,0.9396267063703553,0.9790070764225833,0.11878072763028515,3.0095480603563747,0.968050374054993,0.11993728621904141,0.7215170515369322,0.9285547008739907,0.949595125304865,2.4017777890866157,3.7377422555012467
hgb_quantile,fixed,0.9,2,13,0.99,26,lumpy,2808,0.8747887609562651,0.9617650867650868,0.11614299060825096,6.512485072440909,3.0134165521281626,0.16449381492079945,0.6207264957264957,0.8411146154072956,0.9023746801159712,5.2449019247507405,8.75732352888313
hgb_quantile,none,0.9,2,13,0.95,13,all,13844,0.9453142410208528,0.9715433006750545,0.06847972946279718,3.474570425558469,0.9768926814355726,0.0,0.0,0.9396363177720578,0.9506756088968878,3.171779806335429,3.7865047264343525
hgb_quantile,none,0.9,2,13,0.95,13,smooth,2596,0.9594091123892673,0.9499404678526404,0.059546372857351135,2.37309455077857,0.35018016316653194,0.0,0.0,0.9550456702796889,0.9643546557311715,2.135979883673539,2.576028729696984
hgb_quantile,none,0.9,2,13,0.95,13,erratic,1901,0.918925485629653,0.9509349146382287,0.06258387214834696,4.567635330433653,1.3816853599323309,0.0,0.0,0.9034027385463115,0.9327108023967361,3.8361748936725033,5.3547266692238304
hgb_quantile,none,0.9,2,13,0.95,13,intermittent,6539,0.9478466106641626,0.9855760541645233,0.08161258603736479,3.9451790190820213,1.6215792931728268,0.0,0.0,0.9390693469177361,0.9565365984584286,3.121354902479336,4.9287776682428435
hgb_quantile,none,0.9,2,13,0.95,13,lumpy,2808,0.9258286203555576,0.9727887852887853,0.08265722574617691,7.8424708771771705,3.918068092201618,0.0,0.0,0.9070367555404748,0.9406068112692674,6.2796703805525995,10.562947969127071
hgb_quantile,quantile,0.9,2,13,0.95,13,all,13844,0.9442942374545517,0.9711887000604135,0.06933305942495042,3.065450775463365,0.8216797969038084,0.03658876559889952,0.11687373591447558,0.9383371751829951,0.9497349506829215,2.8403066898254505,3.316033975777465
hgb_quantile,quantile,0.9,2,13,0.95,13,smooth,2596,0.959218520326774,0.9499229583975347,0.05956720054985108,2.3150306934447067,0.3134289658741576,0.004625556219871877,0.039676425269645606,0.9546816098003924,0.9641815170101025,2.087952688607811,2.5092007564182266
hgb_quantile,quantile,0.9,2,13,0.95,13,erratic,1901,0.9171684888211966,0.9501219453875951,0.06362083689154568,3.82693807604003,1.147811314439102,0.0647684983848424,0.1804313519200421,0.9019229406124051,0.9311170142868267,3.325689933739128,4.364010180537308
hgb_quantile,quantile,0.9,2,13,0.95,13,intermittent,6539,0.9465917710721405,0.9853883690861822,0.08267453294001967,3.565396881794111,1.531619419841129,0.039985675089601186,0.08487536320538308,0.9362704473143684,0.9556239022047579,2.820595983203125,4.445652840203073
hgb_quantile,quantile,0.9,2,13,0.95,13,lumpy,2808,0.9211239043734931,0.9720441595441596,0.08491911294684565,5.8393772109686575,3.0648858745859715,0.18387823618215002,0.21972934472934472,0.9010708855091005,0.9378350584589353,4.658884148619125,7.958400407816373
hgb_quantile,fixed,0.9,2,13,0.95,13,all,13844,0.9256434834649464,0.9574774762942923,0.10232848462820887,2.750976546822721,0.5270186671527608,0.07409189215408561,0.6863623230280266,0.9167193273693356,0.932927248837559,2.564568928974486,2.944883894713567
hgb_quantile,fixed,0.9,2,13,0.95,13,smooth,2596,0.9574057200246117,0.9467362375682868,0.0633578405848416,2.217030981798603,0.2536761205551364,0.014942475718368172,0.2014637904468413,0.9524614788474319,0.9629333440019928,2.0099545339609297,2.4079302077570333
hgb_quantile,fixed,0.9,2,13,0.95,13,erratic,1901,0.8848058870701448,0.9338386495146096,0.08439063071855557,3.5037275601653475,0.7872962474968127,0.1080220248176607,0.49237243556023147,0.8622243075421867,0.9038550700669227,3.0833913986296517,3.9573525817543023
hgb_quantile,fixed,0.9,2,13,0.95,13,intermittent,6539,0.925609161174981,0.972646637656578,0.15476892822025565,2.4568490272878263,0.6106799538670209,0.17968456998480092,0.8732222052301575,0.9112473924344264,0.9373712046673728,1.9770111931821155,2.987607592154155
hgb_quantile,fixed,0.9,2,13,0.95,13,lumpy,2808,0.8213649985354093,0.9480866355866355,0.1576928750553179,4.508474347130529,1.6757049187715463,0.3308307609112007,0.8308404558404558,0.7610018722820764,0.8602090599961408,3.8110512509759866,5.75761543771464
hgb_quantile,none,0.9,2,13,0.95,52,all,13844,0.9453142410208528,0.9715433006750545,0.06847972946279718,3.474570425558469,0.9768926814355726,0.0,0.0,0.9396363177720578,0.9506756088968878,3.171779806335429,3.7865047264343525
hgb_quantile,none,0.9,2,13,0.95,52,smooth,2596,0.9594091123892673,0.9499404678526404,0.059546372857351135,2.37309455077857,0.35018016316653194,0.0,0.0,0.9550456702796889,0.9643546557311715,2.135979883673539,2.576028729696984
hgb_quantile,none,0.9,2,13,0.95,52,erratic,1901,0.918925485629653,0.9509349146382287,0.06258387214834696,4.567635330433653,1.3816853599323309,0.0,0.0,0.9034027385463115,0.9327108023967361,3.8361748936725033,5.3547266692238304
hgb_quantile,none,0.9,2,13,0.95,52,intermittent,6539,0.9478466106641626,0.9855760541645233,0.08161258603736479,3.9451790190820213,1.6215792931728268,0.0,0.0,0.9390693469177361,0.9565365984584286,3.121354902479336,4.9287776682428435
hgb_quantile,none,0.9,2,13,0.95,52,lumpy,2808,0.9258286203555576,0.9727887852887853,0.08265722574617691,7.8424708771771705,3.918068092201618,0.0,0.0,0.9070367555404748,0.9406068112692674,6.2796703805525995,10.562947969127071
hgb_quantile,quantile,0.9,2,13,0.95,52,all,13844,0.9442942374545517,0.9711887000604135,0.06933305942495042,3.065450775463365,0.8216797969038084,0.03658876559889952,0.11687373591447558,0.9383371751829951,0.9497349506829215,2.8403066898254505,3.316033975777465
hgb_quantile,quantile,0.9,2,13,0.95,52,smooth,2596,0.959218520326774,0.9499229583975347,0.05956720054985108,2.3150306934447067,0.3134289658741576,0.004625556219871877,0.039676425269645606,0.9546816098003924,0.9641815170101025,2.087952688607811,2.5092007564182266
hgb_quantile,quantile,0.9,2,13,0.95,52,erratic,1901,0.9171684888211966,0.9501219453875951,0.06362083689154568,3.82693807604003,1.147811314439102,0.0647684983848424,0.1804313519200421,0.9019229406124051,0.9311170142868267,3.325689933739128,4.364010180537308
hgb_quantile,quantile,0.9,2,13,0.95,52,intermittent,6539,0.9465917710721405,0.9853883690861822,0.08267453294001967,3.565396881794111,1.531619419841129,0.039985675089601186,0.08487536320538308,0.9362704473143684,0.9556239022047579,2.820595983203125,4.445652840203073
hgb_quantile,quantile,0.9,2,13,0.95,52,lumpy,2808,0.9211239043734931,0.9720441595441596,0.08491911294684565,5.8393772109686575,3.0648858745859715,0.18387823618215002,0.21972934472934472,0.9010708855091005,0.9378350584589353,4.658884148619125,7.958400407816373
hgb_quantile,fixed,0.9,2,13,0.95,52,all,13844,0.9438882384042995,0.9686572456725592,0.07542488721032213,3.378268037742031,0.9140426129836494,0.013588194403807138,0.3850765674660503,0.9378655559499147,0.949459409057351,3.0808071745578105,3.682095183103964
hgb_quantile,fixed,0.9,2,13,0.95,52,smooth,2596,0.9593801029429213,0.9496953354811598,0.059837960552350404,2.364668466992907,0.34687424666094024,0.0014310359882488534,0.04198767334360555,0.9549936273484069,0.9643239003805778,2.1280999828170812,2.5669591323554846
hgb_quantile,fixed,0.9,2,13,0.95,52,erratic,1901,0.9185242002239703,0.9500741236669695,0.0636818348176162,4.498406812934443,1.3496590366436256,0.009887388071419756,0.10468174644923724,0.9028378043302988,0.9323810389785455,3.773578387883865,5.260226971492066
hgb_quantile,fixed,0.9,2,13,0.95,52,intermittent,6539,0.9447447599872543,0.9818084499993048,0.10293018682399213,3.4178503046863327,1.247731842189117,0.08363435384220604,0.5725646123260437,0.9348674920359781,0.9539714380399288,2.7170852415922266,4.2392818735893
hgb_quantile,fixed,0.9,2,13,0.95,52,lumpy,2808,0.9113179063112593,0.9681429681429682,0.09676943501991445,7.313625199972962,3.5337509294517924,0.06494896464703365,0.45548433048433046,0.8896488494452495,0.9293271834487917,5.901338660249793,9.77850593635607
lgb_quantile,none,0.8,2,13,0.95,26,all,13844,0.9074805497627616,0.9468427411940847,0.12792048228945269,2.1549868576795532,0.49953688144050945,0.0,0.0,0.900976398567867,0.9145863717873982,1.9785697901384434,2.3507818344901823
lgb_quantile,none,0.8,2,13,0.95,26,smooth,2596,0.9253444799229973,0.9015618433954335,0.11709328723470727,1.487593094939505,0.17391099263653223,0.0,0.0,0.917933493937147,0.9320126006897218,1.329462970299128,1.623775957068721
lgb_quantile,none,0.8,2,13,0.95,26,erratic,1901,0.8755491826636951,0.9096169480177897,0.11528608027327071,2.775767401796544,0.6854739206488805,0.0,0.0,0.8547548674346354,0.892293172799035,2.3702930787975003,3.2227469663592414
lgb_quantile,none,0.8,2,13,0.95,26,intermittent,6539,0.9123219608208061,0.9736754299378554,0.14894788593903638,2.6170567948858943,0.9236442797643722,0.0,0.0,0.8984115381027008,0.9244019929389554,2.038086117857099,3.281613984104483
lgb_quantile,none,0.8,2,13,0.95,26,lumpy,2808,0.8762015276807643,0.9514212639212639,0.1475635541131927,4.804930037628714,2.041502444739866,0.0,0.0,0.8485295087108601,0.8977001186753374,3.8996207314662445,6.409634936613903
lgb_quantile,quantile,0.8,2,13,0.95,26,all,13844,0.9072518300597071,0.9467803577526201,0.12807060515316482,2.104720308600707,0.4781278541413888,0.004109014197365598,0.02289800635654435,0.900762565075906,0.9143313140741947,1.9326644099014414,2.290836680847708
lgb_quantile,quantile,0.8,2,13,0.95,26,smooth,2596,0.9253444799229973,0.9015618433954335,0.11709328723470727,1.4866833587020942,0.1735925269345457,7.832550513423687e-05,0.0023112480739599386,0.917933493937147,0.9320126006897218,1.3288565797453362,1.6228675814803113
lgb_quantile,quantile,0.8,2,13,0.95,26,erratic,1901,0.875297167674619,0.9095213045765387,0.11540807612541173,2.7398785287752654,0.6738834282051299,0.003061659021135011,0.021041557075223566,0.8546467762834877,0.8921944477116043,2.3518493930447297,3.1627832559416618
lgb_quantile,quantile,0.8,2,13,0.95,26,intermittent,6539,0.9120089558888635,0.9736059169458772,0.14934119960668632,2.515234316619998,0.894896327690785,0.009469104157325867,0.01743385838813274,0.8982934761354578,0.9240025854483596,1.9876662387021202,3.1295557660138917
lgb_quantile,quantile,0.8,2,13,0.95,26,lumpy,2808,0.8743448773123634,0.9513403263403264,0.14780941141761322,4.362362272143485,1.8279069872242624,0.03478515580991866,0.05591168091168091,0.8459802403613599,0.8965695466975052,3.5982172953934874,5.680378438540805
lgb_quantile,fixed,0.8,2,13,0.95,26,all,13844,0.9033254463874975,0.9432639016574296,0.13653279394451776,2.076946141429562,0.4545105165319465,0.013379153226147513,0.4250939034960994,0.8956880114541119,0.9112601862877743,1.8839935843050166,2.2634209093215722
lgb_quantile,fixed,0.8,2,13,0.95,26,smooth,2596,0.9253090883984552,0.9013692393892702,0.11732239185220669,1.483876404673654,0.17339404430264627,0.0009573117294184505,0.05662557781201849,0.9179008951222933,0.9319736606201934,1.3257065865363056,1.6198271473201078
lgb_quantile,fixed,0.8,2,13,0.95,26,erratic,1901,0.8708184089841405,0.9080627420974606,0.1172685128705624,2.723296588686336,0.6671890054260766,0.010700297959260162,0.15412940557601262,0.8467955737659237,0.8895332096915641,2.3232526523965356,3.1650392961355083
lgb_quantile,fixed,0.8,2,13,0.95,26,intermittent,6539,0.9072885031314593,0.9691987932544592,0.1742772861356932,2.1860800221077357,0.636177166431208,0.07484201710529655,0.6117143294081664,0.8929417421575736,0.9195493415814106,1.7388818367739065,2.7019012500500597
lgb_quantile,fixed,0.8,2,13,0.95,26,lumpy,2808,0.8427570356684166,0.945431882931883,0.16575699464031077,4.342455104661904,1.7512408463081046,0.07009080462360019,0.5146011396011396,0.8076376452165477,0.8719402788883235,3.518041826988906,5.680291472987818
lgb_quantile,none,0.9,2,13,0.95,26,all,13844,0.9477340091698476,0.9726103858580022,0.0659118383729842,3.40521070090592,0.9091562279857286,0.0,0.0,0.9425925005015379,0.953054752290208,3.12626309750367,3.701342328602714
lgb_quantile,none,0.9,2,13,0.95,26,smooth,2596,0.9605239454123446,0.9533898305084746,0.05544331743486139,2.3550033897538056,0.3271293731377749,0.0,0.0,0.9551819269922839,0.9657239736878213,2.121992622667886,2.55792866196654
lgb_quantile,none,0.9,2,13,0.95,26,erratic,1901,0.9245622208853223,0.9533499115298169,0.05950347688178602,4.42902385548039,1.2814879481908878,0.0,0.0,0.910461813456404,0.9385667869258779,3.774711669993001,5.0747877016857155
lgb_quantile,none,0.9,2,13,0.95,26,intermittent,6539,0.9497133607988112,0.9857637392428645,0.08055063913470993,4.001080008008415,1.6665251094812294,0.0,0.0,0.9393367377569254,0.9583112732425181,3.153227864314859,5.007856878350002
lgb_quantile,none,0.9,2,13,0.95,26,lumpy,2808,0.9276086613640973,0.9727887852887853,0.08265722574617691,7.516283995403438,3.52639958540817,0.0,0.0,0.9076830363166086,0.9445384219671585,6.123318225184906,10.18199461878878
lgb_quantile,quantile,0.9,2,13,0.95,26,all,13844,0.9475051168481493,0.9725184523653174,0.06613307206687578,3.2604827418469196,0.8459499437004294,0.01180573428777634,0.053813926610806126,0.9422951005330745,0.9528161582773129,2.9991710446442283,3.5299947379078356
lgb_quantile,quantile,0.9,2,13,0.95,26,smooth,2596,0.9605239454123446,0.9533898305084746,0.05544331743486139,2.338942019689872,0.31722311136175274,0.0009866112702279243,0.003852080123266564,0.9551819269922839,0.9657239736878213,2.108928369318882,2.5488575953705177
lgb_quantile,quantile,0.9,2,13,0.95,26,erratic,1901,0.9243554393558239,0.9532064463679403,0.05968647065999756,4.20296641027911,1.1866557417091916,0.018065597563079676,0.048921620199894794,0.9102162752719738,0.9384173690590816,3.6162395569177592,4.807828356344001
lgb_quantile,quantile,0.9,2,13,0.95,26,intermittent,6539,0.9493383188533304,0.9856872749516885,0.08098328416912488,3.7658948698209667,1.6175282761887844,0.024428484012779625,0.04786664627618902,0.9386925307003923,0.9580084251269445,2.979537491551909,4.6786048439484285
lgb_quantile,quantile,0.9,2,13,0.95,26,lumpy,2808,0.9256416033888376,0.9726107226107226,0.08319811181590205,6.728048038575066,3.14812509857822,0.06392600437123995,0.11716524216524217,0.9052128107824591,0.9441175691425739,5.483229297593702,8.949001508149792
lgb_quantile,fixed,0.9,2,13,0.95,26,all,13844,0.9409965308831153,0.9670155761603321,0.07937548888695749,3.1980377748283004,0.7862834118489235,0.027647810323872278,0.5059231436001156,0.9343591474294826,0.9470972071922448,2.9101551719505774,3.481127791064202
lgb_quantile,fixed,0.9,2,13,0.95,26,smooth,2596,0.9604665067085795,0.9530221319512536,0.055880698977360296,2.342479721671768,0.323535624905538,0.0026044680929451056,0.07819722650231124,0.955061915514939,0.9656360087171755,2.112070968096372,2.5416290376739985
lgb_quantile,fixed,0.9,2,13,0.95,26,erratic,1901,0.9158224703026183,0.9501219453875951,0.06362083689154568,4.217901852439408,1.186762363435339,0.029494800413821538,0.21146764860599684,0.8985399633177069,0.9305880229829191,3.5703089455675947,4.847832352237721
lgb_quantile,fixed,0.9,2,13,0.95,26,intermittent,6539,0.9419192560070159,0.9793337874848809,0.11693215339233039,3.0578861733596145,0.9858425895377398,0.11523657251139931,0.7160116225722588,0.9304411461087356,0.9522275352832479,2.4351531297628166,3.8075946119191473
lgb_quantile,fixed,0.9,2,13,0.95,26,lumpy,2808,0.8768121493431874,0.9627039627039627,0.113291045876973,6.399123498794529,2.8246362182014826,0.1457357878371375,0.6114672364672364,0.8423155860151663,0.9064629877749687,5.21861375328534,8.482683700742738
lgb_quantile,none,0.95,2,13,0.95,26,all,13844,0.9707535684157595,0.9862165427753408,0.033169251677030415,4.767470258239218,1.4816376054548872,0.0,0.0,0.9666305078414563,0.974323659249935,4.381861666000714,5.154073048090966
lgb_quantile,none,0.95,2,13,0.95,26,smooth,2596,0.9788402197407542,0.9780781622075921,0.026076271009934808,3.237447540042464,0.5333579333438349,0.0,0.0,0.9752921573111145,0.9831871530459018,2.945688426419971,3.5288104432245873
lgb_quantile,none,0.95,2,13,0.95,26,erratic,1901,0.9563535886611348,0.9758261202238057,0.030834451628644625,6.328014955474121,2.1685437475404306,0.0,0.0,0.945678843283272,0.9655957621441092,5.420196898994166,7.269198519505973
lgb_quantile,none,0.95,2,13,0.95,26,intermittent,6539,0.9726952544504508,0.9930139443061908,0.03952802359882006,5.963228970157377,2.9309511120134677,0.0,0.0,0.9658306320696329,0.9788035462939282,4.723259389083868,7.471829800767686
lgb_quantile,none,0.95,2,13,0.95,26,lumpy,2808,0.9566030508550957,0.98494560994561,0.04572945862221567,10.254478267727182,5.293840156823865,0.0,0.0,0.9415459331290505,0.9691799102616461,8.518602201543823,13.487392763987497
lgb_quantile,quantile,0.95,2,13,0.95,26,all,13844,0.9704573548229736,0.9860096924168001,0.03366702748828647,4.45441219295243,1.328974816148198,0.024990346302344663,0.14894539150534528,0.9663726051742267,0.97407680841943,4.1058541639544535,4.777351984311827
lgb_quantile,quantile,0.95,2,13,0.95,26,smooth,2596,0.97883064662346,0.9780781622075921,0.026076271009934808,3.1946934180177093,0.50401505242152,0.0026030176206278052,0.012711864406779662,0.9752820373399435,0.9831776928293094,2.917841012194487,3.4837264880671084
lgb_quantile,quantile,0.95,2,13,0.95,26,erratic,1901,0.956044062559167,0.9755631007603653,0.03116994022203245,5.79414640261527,1.919277789660536,0.042617027037331175,0.10520778537611783,0.9453420888163321,0.9654708919225803,5.082193827359765,6.548508231357166
lgb_quantile,quantile,0.95,2,13,0.95,26,intermittent,6539,0.9721453809213625,0.9928332105270475,0.04055063913470993,5.39956066514958,2.7394490549224964,0.052359239426214024,0.17862058418718457,0.9648622959595221,0.9781624436777269,4.2669101953130255,6.79017835058788
lgb_quantile,quantile,0.95,2,13,0.95,26,lumpy,2808,0.9543295554403911,0.9845247345247345,0.04700791660520234,8.81211779815687,4.551210653207454,0.11554494040242447,0.2353988603988604,0.93823491225888,0.9671137855687525,7.37370464168877,11.414794542103218
lgb_quantile,fixed,0.95,2,13,0.95,26,all,13844,0.9616966134120889,0.978080428672743,0.05274843358643522,4.27856989596447,1.1833702650921776,0.05495521668214193,0.5814793412308581,0.9565544750838442,0.9662607651806739,3.9424954792428295,4.624889887720939
lgb_quantile,fixed,0.95,2,13,0.95,26,smooth,2596,0.9786078540755226,0.977360274548256,0.026930206402432676,3.1940511488756083,0.5174601765572924,0.0065587457243702265,0.10208012326656395,0.9749981208152522,0.9828786199777035,2.905534294727662,3.482951700539741
lgb_quantile,fixed,0.95,2,13,0.95,26,erratic,1901,0.9430639982371875,0.970254889770934,0.03794071001585946,5.686884946110795,1.8664815541182804,0.06976291851450735,0.2866912151499211,0.927847782367178,0.955151601226512,4.919213217152266,6.464983540596492
lgb_quantile,fixed,0.95,2,13,0.95,26,intermittent,6539,0.9608518245931641,0.9839216449554422,0.09097345132743363,4.040270481379027,1.4462626929139633,0.20195585784500333,0.8028750573482184,0.9509800094598293,0.9698600134911357,3.2294915165741354,4.986966167222932
lgb_quantile,fixed,0.95,2,13,0.95,26,lumpy,2808,0.8959892746896194,0.9704415954415955,0.08978708757437183,7.981965255402086,3.7636006399134763,0.26176516977986075,0.7086894586894587,0.8607314744660651,0.9224078065192205,6.6331390818714935,10.428781921326179
lgb_quantile,none,0.9,1,13,0.95,26,all,13844,0.9435060607268937,0.9686572456725592,0.07542488721032213,2.0738512617646077,0.48310652106629304,0.0,0.0,0.9376397649781574,0.9493916072071286,1.8954720988247908,2.265667668700106
lgb_quantile,none,0.9,1,13,0.95,26,smooth,2596,0.9543191149333957,0.9415884577671942,0.0694811821798263,1.391043565516239,0.15361917501195915,0.0,0.0,0.9474357072158724,0.9612522638365455,1.2562812225918558,1.5197700713056541
lgb_quantile,none,0.9,1,13,0.95,26,erratic,1901,0.9192311345779427,0.9442637846109703,0.0710930828351836,2.6720600028303223,0.6536764786656388,0.0,0.0,0.9043398470963043,0.9338775628583446,2.2487864832448694,3.143862449019333
lgb_quantile,none,0.9,1,13,0.95,26,intermittent,6539,0.9540756907962451,0.9853466612909952,0.08291052114060964,2.557422305690204,0.9200213181737431,0.0,0.0,0.9432289101199678,0.9631320288400624,2.0113698013492294,3.181602090450213
lgb_quantile,none,0.9,1,13,0.95,26,lumpy,2808,0.9357179874270521,0.9713319088319088,0.08708265722574618,4.90504269845204,2.0984146368941663,0.0,0.0,0.9198583802187974,0.9493912472347675,4.007141444557792,6.602596388231229
lgb_quantile,quantile,0.9,1,13,0.95,26,all,13844,0.9433712455660743,0.9686276956213391,0.07549599804050157,2.0391098608918137,0.468765226043251,0.0029447014448353106,0.02376480785900029,0.9375752316974387,0.9493559548413827,1.8687992105398683,2.220787663382836
lgb_quantile,quantile,0.9,1,13,0.95,26,smooth,2596,0.9543191149333957,0.9415884577671942,0.0694811821798263,1.3899516499557751,0.153257311178239,8.673824457458082e-05,0.0023112480739599386,0.9474357072158724,0.9612522638365455,1.2550059236414215,1.5187243578653924
lgb_quantile,quantile,0.9,1,13,0.95,26,erratic,1901,0.9191794391955681,0.9442159628903448,0.07115408076125412,2.636335262648083,0.6415784668054257,0.003063597597974058,0.015255128879537085,0.904339036369263,0.9337868544431391,2.234166726012073,3.1151162093513496
lgb_quantile,quantile,0.9,1,13,0.95,26,intermittent,6539,0.9538331824705959,0.9853258073934018,0.08302851524090463,2.498298211924078,0.9071300267605119,0.006341874702151838,0.02018657287046949,0.9428837517631137,0.962942138479639,1.9735909657701427,3.1074644260232662
lgb_quantile,quantile,0.9,1,13,0.95,26,lumpy,2808,0.934332259300151,0.9712671587671587,0.08727934306928259,4.631851467970527,1.966511795588202,0.022013924877763005,0.057692307692307696,0.9169449364469685,0.9487872289951909,3.792637675128748,6.1250369112511525
lgb_quantile,fixed,0.9,1,13,0.95,26,all,13844,0.941686142365155,0.965794174043235,0.08231473653437418,2.0071334654556434,0.4431442693113224,0.013457867327727024,0.42704420687662525,0.9360381908881696,0.9475503245541446,1.8304319328015985,2.19017225318602
lgb_quantile,fixed,0.9,1,13,0.95,26,smooth,2596,0.954302869643442,0.9414483821263482,0.06964780371982587,1.3867672830303732,0.1521946951585845,0.0008920404751399198,0.05007704160246533,0.9474162885678082,0.9612249466310109,1.2520721622602289,1.5153271920250135
lgb_quantile,fixed,0.9,1,13,0.95,26,erratic,1901,0.9170657442487271,0.9437616565444025,0.07173356105892399,2.626749646371275,0.6384167772193959,0.007930717848541576,0.12467122567069963,0.9014493676715174,0.9310472630950322,2.21881305615613,3.079511136208094
lgb_quantile,fixed,0.9,1,13,0.95,26,intermittent,6539,0.9507961886714773,0.9811689304731054,0.10654867256637168,2.1682923184077922,0.6561654921932059,0.10210446469106978,0.6354182596727328,0.9395203283641367,0.9604331647532443,1.7220821781366578,2.691794410758858
lgb_quantile,fixed,0.9,1,13,0.95,26,lumpy,2808,0.9222595254726121,0.9674145299145299,0.09898215075969907,4.536308330141276,1.8518893220071653,0.059498434014555776,0.495014245014245,0.9007417167978109,0.9381820792908144,3.6761603867089763,6.0753943586783175
lgb_quantile,none,0.9,4,13,0.95,26,all,13844,0.9429838893293542,0.9767276929946679,0.056003729367982744,6.006814120964586,1.8713103843751127,0.0,0.0,0.9365018272313287,0.9491020614364745,5.47742011490281,6.5421066500200435
lgb_quantile,none,0.9,4,13,0.95,26,smooth,2596,0.9605143722950504,0.9669071298501191,0.03936433882490159,4.22220858778244,0.7569936118298202,0.0,0.0,0.9548702432482502,0.9671614221744094,3.8330579789109467,4.617073712879337
lgb_quantile,none,0.9,4,13,0.95,26,erratic,1901,0.9160615614461007,0.9624838601692889,0.04785287300231792,7.427982839717821,2.328639823408574,0.0,0.0,0.8975296241708699,0.9322438343006046,6.515903779291805,8.458754992249943
lgb_quantile,none,0.9,4,13,0.95,26,intermittent,6539,0.9375033485887989,0.986013986013986,0.07913470993117011,7.056321148699902,3.1382167742444884,0.0,0.0,0.9225150013793654,0.9486431034620622,5.555473029306165,8.94004575431765
lgb_quantile,none,0.9,4,13,0.95,26,lumpy,2808,0.9050764966990379,0.9738247863247863,0.07951025224959433,14.074067731686984,7.919420022081521,0.0,0.0,0.8821607638326955,0.9263401609576646,10.795537038637221,20.32676713207291
lgb_quantile,quantile,0.9,4,13,0.95,26,all,13844,0.9421327067967037,0.9761104252580705,0.05748915559839764,5.279320614446419,1.442612603888373,0.05012862678243854,0.15407396706154292,0.9355164725112008,0.9481806059118433,4.89655413178725,5.628838206777749
lgb_quantile,quantile,0.9,4,13,0.95,26,smooth,2596,0.9604905845490467,0.9668195825745903,0.03946847728740133,4.09859382510727,0.6651127466636961,0.007293264905851292,0.039676425269645606,0.9548552784843346,0.9671597474762851,3.7589652608964474,4.453056456678524
lgb_quantile,quantile,0.9,4,13,0.95,26,erratic,1901,0.9144854984759555,0.9614796040361532,0.04913382944979871,6.578659370725034,1.9492498676921306,0.06181216870529561,0.17096265123619148,0.8962346204500123,0.93071649355946,5.8622895218759785,7.3597018426812575
lgb_quantile,quantile,0.9,4,13,0.95,26,intermittent,6539,0.9365220358291951,0.9855969080621169,0.08149459193706982,5.887594571197343,2.6398486296869668,0.09551444193476526,0.14421165315797524,0.9214659704699928,0.9475217051376337,4.703293406199924,7.293567919545396
lgb_quantile,quantile,0.9,4,13,0.95,26,lumpy,2808,0.9004303643451026,0.9725135975135976,0.08349314058120667,9.433516594939276,4.758342083323944,0.30583357743178385,0.27136752136752135,0.8740433696359704,0.9227584959240476,7.784413748201409,12.198161576967626
lgb_quantile,fixed,0.9,4,13,0.95,26,all,13844,0.9244391231870511,0.9614634498699798,0.09273642375733825,5.047980387760164,1.271288358236162,0.08595787034855329,0.6326206298757584,0.9167209665862758,0.9316876556310361,4.6803305795317405,5.446244665241233
lgb_quantile,fixed,0.9,4,13,0.95,26,smooth,2596,0.959680060618139,0.9647359574170051,0.041946972694895134,4.082260056342147,0.6834861115825146,0.013758600212987354,0.14522342064714946,0.9544634570318106,0.9663059116411127,3.716494027984093,4.44568123908217
lgb_quantile,fixed,0.9,4,13,0.95,26,erratic,1901,0.8853150865865345,0.9418248768590693,0.0742039770647798,6.398124879242818,1.8485136608278887,0.10553741550228203,0.3992635455023672,0.8618708395691012,0.9064410142632956,5.633663841358001,7.267307927485016
lgb_quantile,fixed,0.9,4,13,0.95,26,intermittent,6539,0.9202457793681812,0.9721183389175437,0.15775811209439528,4.482504152250111,1.4125890019654455,0.2284061845262769,0.8369781312127237,0.904659708979614,0.934733091311745,3.648337710798194,5.433303637178553
lgb_quantile,fixed,0.9,4,13,0.95,26,lumpy,2808,0.7904891732948784,0.9469211344211345,0.1612332202389733,8.292913634212837,3.7112142583538,0.46464703364052184,0.7653133903133903,0.7264056193569574,0.8384973013143825,6.949979065804837,10.82393653270592
lgb_quantile,none,0.9,2,8,0.95,26,all,13844,0.9477340091698476,0.9726103858580022,0.0659118383729842,3.40521070090592,1.3676660077813032,0.0,0.0,0.9425925005015379,0.953054752290208,3.12626309750367,3.701342328602714
lgb_quantile,none,0.9,2,8,0.95,26,smooth,2596,0.9605239454123446,0.9533898305084746,0.05544331743486139,2.3550033897538056,0.5520467856614817,0.0,0.0,0.9551819269922839,0.9657239736878213,2.121992622667886,2.55792866196654
lgb_quantile,none,0.9,2,8,0.95,26,erratic,1901,0.9245622208853223,0.9533499115298169,0.05950347688178602,4.42902385548039,2.0407246744860243,0.0,0.0,0.910461813456404,0.9385667869258779,3.774711669993001,5.0747877016857155
lgb_quantile,none,0.9,2,8,0.95,26,intermittent,6539,0.9497133607988112,0.9857637392428645,0.08055063913470993,4.001080008008415,2.1375183878648083,0.0,0.0,0.9393367377569254,0.9583112732425181,3.153227864314859,5.007856878350002
lgb_quantile,none,0.9,2,8,0.95,26,lumpy,2808,0.9276086613640973,0.9727887852887853,0.08265722574617691,7.516283995403438,4.740680020729592,0.0,0.0,0.9076830363166086,0.9445384219671585,6.123318225184906,10.18199461878878
lgb_quantile,quantile,0.9,2,8,0.95,26,all,13844,0.9457154067490783,0.9721441517165297,0.06703380924914865,3.0159487543579737,1.0609613903303985,0.031055302352774854,0.14670615429066744,0.9396896006253529,0.9516090486767705,2.793722965873831,3.228506193094742
lgb_quantile,quantile,0.9,2,8,0.95,26,smooth,2596,0.9603345137277052,0.9531972265023112,0.055672422052360816,2.277296656110129,0.4829986561857471,0.00594925725664048,0.046224961479198766,0.9548514080222881,0.9655788843623853,2.069961918796657,2.474926796108056
lgb_quantile,quantile,0.9,2,8,0.95,26,erratic,1901,0.9188240334417429,0.9522978336760557,0.06084543125533732,3.7598400544869333,1.52404716255893,0.05236031423038177,0.17254076801683324,0.9015705050081214,0.935324947680577,3.3010935721073515,4.2295678969194865
lgb_quantile,quantile,0.9,2,8,0.95,26,intermittent,6539,0.948139876546343,0.9854926385741495,0.08208456243854474,3.506236129792712,1.8023117247135725,0.0457522974843991,0.1272365805168986,0.9372797504209203,0.957254756080528,2.7899002789104292,4.3530532436963
lgb_quantile,quantile,0.9,2,8,0.95,26,lumpy,2808,0.9239967553682882,0.9720117845117845,0.08501745586861385,5.7675446700164485,3.342986112675845,0.14002613731101146,0.2674501424501424,0.9033178719119149,0.9417447962905374,4.784081826325056,7.4477209827378275
lgb_quantile,fixed,0.9,2,8,0.95,26,all,13844,0.9409965308831153,0.9670155761603321,0.07937548888695749,3.1980377748283004,1.2152256318432144,0.027647810323872278,0.5059231436001156,0.9343591474294826,0.9470972071922448,2.9101551719505774,3.481127791064202
lgb_quantile,fixed,0.9,2,8,0.95,26,smooth,2596,0.9604665067085795,0.9530221319512536,0.055880698977360296,2.342479721671768,0.5462803652753446,0.0026044680929451056,0.07819722650231124,0.955061915514939,0.9656360087171755,2.112070968096372,2.5416290376739985
lgb_quantile,fixed,0.9,2,8,0.95,26,erratic,1901,0.9158224703026183,0.9501219453875951,0.06362083689154568,4.217901852439408,1.909719270379989,0.029494800413821538,0.21146764860599684,0.8985399633177069,0.9305880229829191,3.5703089455675947,4.847832352237721
lgb_quantile,fixed,0.9,2,8,0.95,26,intermittent,6539,0.9419192560070159,0.9793337874848809,0.11693215339233039,3.0578861733596145,1.3320256682843288,0.11523657251139931,0.7160116225722588,0.9304411461087356,0.9522275352832479,2.4351531297628166,3.8075946119191473
lgb_quantile,fixed,0.9,2,8,0.95,26,lumpy,2808,0.8768121493431874,0.9627039627039627,0.113291045876973,6.399123498794529,3.8960768497029505,0.1457357878371375,0.6114672364672364,0.8423155860151663,0.9064629877749687,5.21861375328534,8.482683700742738
lgb_quantile,none,0.9,2,26,0.95,26,all,13844,0.9477340091698476,0.9726103858580022,0.0659118383729842,3.40521070090592,,0.0,0.0,0.9425925005015379,0.953054752290208,3.12626309750367,3.701342328602714
lgb_quantile,none,0.9,2,26,0.95,26,smooth,2596,0.9605239454123446,0.9533898305084746,0.05544331743486139,2.3550033897538056,,0.0,0.0,0.9551819269922839,0.9657239736878213,2.121992622667886,2.55792866196654
lgb_quantile,none,0.9,2,26,0.95,26,erratic,1901,0.9245622208853223,0.9533499115298169,0.05950347688178602,4.42902385548039,,0.0,0.0,0.910461813456404,0.9385667869258779,3.774711669993001,5.0747877016857155
lgb_quantile,none,0.9,2,26,0.95,26,intermittent,6539,0.9497133607988112,0.9857637392428645,0.08055063913470993,4.001080008008415,,0.0,0.0,0.9393367377569254,0.9583112732425181,3.153227864314859,5.007856878350002
lgb_quantile,none,0.9,2,26,0.95,26,lumpy,2808,0.9276086613640973,0.9727887852887853,0.08265722574617691,7.516283995403438,,0.0,0.0,0.9076830363166086,0.9445384219671585,6.123318225184906,10.18199461878878
lgb_quantile,quantile,0.9,2,26,0.95,26,all,13844,0.9476214618140804,0.972587402484831,0.0659671467964571,3.3851329085878987,,0.0021085367341968065,0.016902629297890784,0.9424726189659213,0.9529399486947373,3.10463901229219,3.678302028098271
lgb_quantile,quantile,0.9,2,26,0.95,26,smooth,2596,0.9605239454123446,0.9533898305084746,0.05544331743486139,2.354962776528921,,1.0443400684564915e-05,0.0015408320493066256,0.9551819269922839,0.9657239736878213,2.1219292764367332,2.5578781544247753
lgb_quantile,quantile,0.9,2,26,0.95,26,erratic,1901,0.9245570513470848,0.9533499115298169,0.05950347688178602,4.424311175184666,,0.0004646122490916152,0.0052603892688058915,0.9104554352000817,0.9385666611241277,3.7725463178720693,5.071812020202248
lgb_quantile,quantile,0.9,2,26,0.95,26,intermittent,6539,0.9496541436495247,0.9857567879436667,0.08058997050147493,3.8897574070784233,,0.012257949902291704,0.018657287046949075,0.9393024756316543,0.958276749954829,3.0682768446228263,4.84231151076319
lgb_quantile,quantile,0.9,2,26,0.95,26,lumpy,2808,0.926204907505464,0.9726916601916602,0.08295225451148154,7.359906266194993,,0.01602712872625673,0.0349002849002849,0.9055175938210382,0.9444938221870012,6.0005598870972925,9.925677432011707
lgb_quantile,fixed,0.9,2,26,0.95,26,all,13844,0.9409965308831153,0.9670155761603321,0.07937548888695749,3.1980377748283004,,0.027647810323872278,0.5059231436001156,0.9343591474294826,0.9470972071922448,2.9101551719505774,3.481127791064202
lgb_quantile,fixed,0.9,2,26,0.95,26,smooth,2596,0.9604665067085795,0.9530221319512536,0.055880698977360296,2.342479721671768,,0.0026044680929451056,0.07819722650231124,0.955061915514939,0.9656360087171755,2.112070968096372,2.5416290376739985
lgb_quantile,fixed,0.9,2,26,0.95,26,erratic,1901,0.9158224703026183,0.9501219453875951,0.06362083689154568,4.217901852439408,,0.029494800413821538,0.21146764860599684,0.8985399633177069,0.9305880229829191,3.5703089455675947,4.847832352237721
lgb_quantile,fixed,0.9,2,26,0.95,26,intermittent,6539,0.9419192560070159,0.9793337874848809,0.11693215339233039,3.0578861733596145,,0.11523657251139931,0.7160116225722588,0.9304411461087356,0.9522275352832479,2.4351531297628166,3.8075946119191473
lgb_quantile,fixed,0.9,2,26,0.95,26,lumpy,2808,0.8768121493431874,0.9627039627039627,0.113291045876973,6.399123498794529,,0.1457357878371375,0.6114672364672364,0.8423155860151663,0.9064629877749687,5.21861375328534,8.482683700742738
lgb_quantile,none,0.9,2,13,0.9,26,all,13844,0.9477340091698476,0.9726103858580022,0.0659118383729842,3.40521070090592,0.9091562279857286,0.0,0.0,0.9425925005015379,0.953054752290208,3.12626309750367,3.701342328602714
lgb_quantile,none,0.9,2,13,0.9,26,smooth,2596,0.9605239454123446,0.9533898305084746,0.05544331743486139,2.3550033897538056,0.3271293731377749,0.0,0.0,0.9551819269922839,0.9657239736878213,2.121992622667886,2.55792866196654
lgb_quantile,none,0.9,2,13,0.9,26,erratic,1901,0.9245622208853223,0.9533499115298169,0.05950347688178602,4.42902385548039,1.2814879481908878,0.0,0.0,0.910461813456404,0.9385667869258779,3.774711669993001,5.0747877016857155
lgb_quantile,none,0.9,2,13,0.9,26,intermittent,6539,0.9497133607988112,0.9857637392428645,0.08055063913470993,4.001080008008415,1.6665251094812294,0.0,0.0,0.9393367377569254,0.9583112732425181,3.153227864314859,5.007856878350002
lgb_quantile,none,0.9,2,13,0.9,26,lumpy,2808,0.9276086613640973,0.9727887852887853,0.08265722574617691,7.516283995403438,3.52639958540817,0.0,0.0,0.9076830363166086,0.9445384219671585,6.123318225184906,10.18199461878878
lgb_quantile,quantile,0.9,2,13,0.9,26,all,13844,0.9468767849846637,0.9722820519555567,0.06670195870831128,3.0804924188480918,0.774901214665611,0.027662655527240343,0.13493210054897428,0.941402733835967,0.9523397094860004,2.842482814530466,3.3242819584188874
lgb_quantile,quantile,0.9,2,13,0.9,26,smooth,2596,0.9605068298390005,0.9533373021431573,0.05550580051236124,2.3225513924099106,0.3103355725724968,0.002607369037579707,0.029275808936825885,0.9551723470776765,0.9657085536722246,2.0982252938805077,2.53469424533618
lgb_quantile,quantile,0.9,2,13,0.9,26,erratic,1901,0.9225977963550879,0.952656496580747,0.06038794680980847,3.866276323450253,1.067381570725422,0.04868348015898915,0.14939505523408733,0.9073638287710789,0.936894329018803,3.384690786245342,4.386230143220628
lgb_quantile,quantile,0.9,2,13,0.9,26,intermittent,6539,0.9484387821570269,0.9854995898733473,0.08204523107177975,3.508875522732336,1.478850736125563,0.04451437707788747,0.12417800886985778,0.9374668516776479,0.9577282436026076,2.7909190015153325,4.359739175134664
lgb_quantile,quantile,0.9,2,13,0.9,26,lumpy,2808,0.9244203600639913,0.9723031598031598,0.08413236957270001,5.885297762556048,2.800921565534801,0.13550843829566706,0.24786324786324787,0.9039538502892537,0.9421747800496166,4.838625648766957,7.697812886618391
lgb_quantile,fixed,0.9,2,13,0.9,26,all,13844,0.9409965308831153,0.9670155761603321,0.07937548888695749,3.1980377748283004,0.7862834118489235,0.027647810323872278,0.5059231436001156,0.9343591474294826,0.9470972071922448,2.9101551719505774,3.481127791064202
lgb_quantile,fixed,0.9,2,13,0.9,26,smooth,2596,0.9604665067085795,0.9530221319512536,0.055880698977360296,2.342479721671768,0.323535624905538,0.0026044680929451056,0.07819722650231124,0.955061915514939,0.9656360087171755,2.112070968096372,2.5416290376739985
lgb_quantile,fixed,0.9,2,13,0.9,26,erratic,1901,0.9158224703026183,0.9501219453875951,0.06362083689154568,4.217901852439408,1.186762363435339,0.029494800413821538,0.21146764860599684,0.8985399633177069,0.9305880229829191,3.5703089455675947,4.847832352237721
lgb_quantile,fixed,0.9,2,13,0.9,26,intermittent,6539,0.9419192560070159,0.9793337874848809,0.11693215339233039,3.0578861733596145,0.9858425895377398,0.11523657251139931,0.7160116225722588,0.9304411461087356,0.9522275352832479,2.4351531297628166,3.8075946119191473
lgb_quantile,fixed,0.9,2,13,0.9,26,lumpy,2808,0.8768121493431874,0.9627039627039627,0.113291045876973,6.399123498794529,2.8246362182014826,0.1457357878371375,0.6114672364672364,0.8423155860151663,0.9064629877749687,5.21861375328534,8.482683700742738
lgb_quantile,none,0.9,2,13,0.99,26,all,13844,0.9477340091698476,0.9726103858580022,0.0659118383729842,3.40521070090592,0.9091562279857286,0.0,0.0,0.9425925005015379,0.953054752290208,3.12626309750367,3.701342328602714
lgb_quantile,none,0.9,2,13,0.99,26,smooth,2596,0.9605239454123446,0.9533898305084746,0.05544331743486139,2.3550033897538056,0.3271293731377749,0.0,0.0,0.9551819269922839,0.9657239736878213,2.121992622667886,2.55792866196654
lgb_quantile,none,0.9,2,13,0.99,26,erratic,1901,0.9245622208853223,0.9533499115298169,0.05950347688178602,4.42902385548039,1.2814879481908878,0.0,0.0,0.910461813456404,0.9385667869258779,3.774711669993001,5.0747877016857155
lgb_quantile,none,0.9,2,13,0.99,26,intermittent,6539,0.9497133607988112,0.9857637392428645,0.08055063913470993,4.001080008008415,1.6665251094812294,0.0,0.0,0.9393367377569254,0.9583112732425181,3.153227864314859,5.007856878350002
lgb_quantile,none,0.9,2,13,0.99,26,lumpy,2808,0.9276086613640973,0.9727887852887853,0.08265722574617691,7.516283995403438,3.52639958540817,0.0,0.0,0.9076830363166086,0.9445384219671585,6.123318225184906,10.18199461878878
lgb_quantile,quantile,0.9,2,13,0.99,26,all,13844,0.9477338365512038,0.9726071025189778,0.06591973957633748,3.379111797672997,0.9012834023548981,0.002257334005165095,0.01278532216122508,0.9425923103459428,0.9530543947117732,3.102308946355529,3.6668321603447396
lgb_quantile,quantile,0.9,2,13,0.99,26,smooth,2596,0.9605239454123446,0.9533898305084746,0.05544331743486139,2.3534557357912456,0.3266417823635911,0.00011458731306675392,0.0023112480739599386,0.9551819269922839,0.9657239736878213,2.11917840053636,2.5578952100668246
lgb_quantile,quantile,0.9,2,13,0.99,26,erratic,1901,0.9245622208853223,0.9533499115298169,0.05950347688178602,4.409030666347017,1.2751148122132925,0.001483011281871011,0.00631246712256707,0.910461813456404,0.9385667869258779,3.7462819214882925,5.069983073310329
lgb_quantile,quantile,0.9,2,13,0.99,26,intermittent,6539,0.9497105409345594,0.9857567879436667,0.08058997050147493,3.918173179143156,1.6569465945909365,0.009528321306612299,0.012234286588163328,0.9393300971940336,0.9583112732425181,3.091547995480753,4.901257319610743
lgb_quantile,quantile,0.9,2,13,0.99,26,lumpy,2808,0.9276086613640973,0.9727887852887853,0.08265722574617691,7.323593429620783,3.457297942813366,0.01579054099727361,0.028133903133903133,0.9076830363166086,0.9445384219671585,5.995860881889363,9.835891135221898
lgb_quantile,fixed,0.9,2,13,0.99,26,all,13844,0.9409965308831153,0.9670155761603321,0.07937548888695749,3.1980377748283004,0.7862834118489235,0.027647810323872278,0.5059231436001156,0.9343591474294826,0.9470972071922448,2.9101551719505774,3.481127791064202
lgb_quantile,fixed,0.9,2,13,0.99,26,smooth,2596,0.9604665067085795,0.9530221319512536,0.055880698977360296,2.342479721671768,0.323535624905538,0.0026044680929451056,0.07819722650231124,0.955061915514939,0.9656360087171755,2.112070968096372,2.5416290376739985
lgb_quantile,fixed,0.9,2,13,0.99,26,erratic,1901,0.9158224703026183,0.9501219453875951,0.06362083689154568,4.217901852439408,1.186762363435339,0.029494800413821538,0.21146764860599684,0.8985399633177069,0.9305880229829191,3.5703089455675947,4.847832352237721
lgb_quantile,fixed,0.9,2,13,0.99,26,intermittent,6539,0.9419192560070159,0.9793337874848809,0.11693215339233039,3.0578861733596145,0.9858425895377398,0.11523657251139931,0.7160116225722588,0.9304411461087356,0.9522275352832479,2.4351531297628166,3.8075946119191473
lgb_quantile,fixed,0.9,2,13,0.99,26,lumpy,2808,0.8768121493431874,0.9627039627039627,0.113291045876973,6.399123498794529,2.8246362182014826,0.1457357878371375,0.6114672364672364,0.8423155860151663,0.9064629877749687,5.21861375328534,8.482683700742738
lgb_quantile,none,0.9,2,13,0.95,13,all,13844,0.9477340091698476,0.9726103858580022,0.0659118383729842,3.40521070090592,0.9091562279857286,0.0,0.0,0.9425925005015379,0.953054752290208,3.12626309750367,3.701342328602714
lgb_quantile,none,0.9,2,13,0.95,13,smooth,2596,0.9605239454123446,0.9533898305084746,0.05544331743486139,2.3550033897538056,0.3271293731377749,0.0,0.0,0.9551819269922839,0.9657239736878213,2.121992622667886,2.55792866196654
lgb_quantile,none,0.9,2,13,0.95,13,erratic,1901,0.9245622208853223,0.9533499115298169,0.05950347688178602,4.42902385548039,1.2814879481908878,0.0,0.0,0.910461813456404,0.9385667869258779,3.774711669993001,5.0747877016857155
lgb_quantile,none,0.9,2,13,0.95,13,intermittent,6539,0.9497133607988112,0.9857637392428645,0.08055063913470993,4.001080008008415,1.6665251094812294,0.0,0.0,0.9393367377569254,0.9583112732425181,3.153227864314859,5.007856878350002
lgb_quantile,none,0.9,2,13,0.95,13,lumpy,2808,0.9276086613640973,0.9727887852887853,0.08265722574617691,7.516283995403438,3.52639958540817,0.0,0.0,0.9076830363166086,0.9445384219671585,6.123318225184906,10.18199461878878
lgb_quantile,quantile,0.9,2,13,0.95,13,all,13844,0.9475051168481493,0.9725184523653174,0.06613307206687578,3.2604827418469196,0.8459499437004294,0.01180573428777634,0.053813926610806126,0.9422951005330745,0.9528161582773129,2.9991710446442283,3.5299947379078356
lgb_quantile,quantile,0.9,2,13,0.95,13,smooth,2596,0.9605239454123446,0.9533898305084746,0.05544331743486139,2.338942019689872,0.31722311136175274,0.0009866112702279243,0.003852080123266564,0.9551819269922839,0.9657239736878213,2.108928369318882,2.5488575953705177
lgb_quantile,quantile,0.9,2,13,0.95,13,erratic,1901,0.9243554393558239,0.9532064463679403,0.05968647065999756,4.20296641027911,1.1866557417091916,0.018065597563079676,0.048921620199894794,0.9102162752719738,0.9384173690590816,3.6162395569177592,4.807828356344001
lgb_quantile,quantile,0.9,2,13,0.95,13,intermittent,6539,0.9493383188533304,0.9856872749516885,0.08098328416912488,3.7658948698209667,1.6175282761887844,0.024428484012779625,0.04786664627618902,0.9386925307003923,0.9580084251269445,2.979537491551909,4.6786048439484285
lgb_quantile,quantile,0.9,2,13,0.95,13,lumpy,2808,0.9256416033888376,0.9726107226107226,0.08319811181590205,6.728048038575066,3.14812509857822,0.06392600437123995,0.11716524216524217,0.9052128107824591,0.9441175691425739,5.483229297593702,8.949001508149792
lgb_quantile,fixed,0.9,2,13,0.95,13,all,13844,0.9285531433250873,0.9592800294187177,0.09799072398726326,2.7672270385700823,0.5284108710388552,0.07052490049829824,0.6930078012135221,0.919659834436194,0.9360554673484844,2.562043440173181,2.971114073309872
lgb_quantile,fixed,0.9,2,13,0.95,13,smooth,2596,0.9592826312031987,0.9508159406079283,0.058504988232353734,2.229619050851529,0.2511245656923264,0.012333366114007704,0.19915254237288135,0.9536944939309829,0.9648904746926559,2.0266822475833965,2.4250439460691697
lgb_quantile,fixed,0.9,2,13,0.95,13,erratic,1901,0.8900665384190389,0.9377122088852757,0.07944979870684396,3.504549516745104,0.7882615295242021,0.10251194324880923,0.5034192530247238,0.8649735460241591,0.9093224046333417,3.0816241315432262,3.969383097269022
lgb_quantile,fixed,0.9,2,13,0.95,13,intermittent,6539,0.9281865171010667,0.9732305467891949,0.15146509341199607,2.498991898530005,0.6106675464643133,0.17660245835765467,0.882244991588928,0.9138340348952999,0.9409135384487982,2.022759592968158,3.0250002668207783
lgb_quantile,fixed,0.9,2,13,0.95,13,lumpy,2808,0.8243640296523287,0.9492197617197617,0.1542508727934307,4.586280164935445,1.7103400103647957,0.32621166715486355,0.8372507122507122,0.7624710973538227,0.8623017451504437,3.858853437396234,5.901260171996823
lgb_quantile,none,0.9,2,13,0.95,52,all,13844,0.9477340091698476,0.9726103858580022,0.0659118383729842,3.40521070090592,0.9091562279857286,0.0,0.0,0.9425925005015379,0.953054752290208,3.12626309750367,3.701342328602714
lgb_quantile,none,0.9,2,13,0.95,52,smooth,2596,0.9605239454123446,0.9533898305084746,0.05544331743486139,2.3550033897538056,0.3271293731377749,0.0,0.0,0.9551819269922839,0.9657239736878213,2.121992622667886,2.55792866196654
lgb_quantile,none,0.9,2,13,0.95,52,erratic,1901,0.9245622208853223,0.9533499115298169,0.05950347688178602,4.42902385548039,1.2814879481908878,0.0,0.0,0.910461813456404,0.9385667869258779,3.774711669993001,5.0747877016857155
lgb_quantile,none,0.9,2,13,0.95,52,intermittent,6539,0.9497133607988112,0.9857637392428645,0.08055063913470993,4.001080008008415,1.6665251094812294,0.0,0.0,0.9393367377569254,0.9583112732425181,3.153227864314859,5.007856878350002
lgb_quantile,none,0.9,2,13,0.95,52,lumpy,2808,0.9276086613640973,0.9727887852887853,0.08265722574617691,7.516283995403438,3.52639958540817,0.0,0.0,0.9076830363166086,0.9445384219671585,6.123318225184906,10.18199461878878
lgb_quantile,quantile,0.9,2,13,0.95,52,all,13844,0.9475051168481493,0.9725184523653174,0.06613307206687578,3.2604827418469196,0.8459499437004294,0.01180573428777634,0.053813926610806126,0.9422951005330745,0.9528161582773129,2.9991710446442283,3.5299947379078356
lgb_quantile,quantile,0.9,2,13,0.95,52,smooth,2596,0.9605239454123446,0.9533898305084746,0.05544331743486139,2.338942019689872,0.31722311136175274,0.0009866112702279243,0.003852080123266564,0.9551819269922839,0.9657239736878213,2.108928369318882,2.5488575953705177
lgb_quantile,quantile,0.9,2,13,0.95,52,erratic,1901,0.9243554393558239,0.9532064463679403,0.05968647065999756,4.20296641027911,1.1866557417091916,0.018065597563079676,0.048921620199894794,0.9102162752719738,0.9384173690590816,3.6162395569177592,4.807828356344001
lgb_quantile,quantile,0.9,2,13,0.95,52,intermittent,6539,0.9493383188533304,0.9856872749516885,0.08098328416912488,3.7658948698209667,1.6175282761887844,0.024428484012779625,0.04786664627618902,0.9386925307003923,0.9580084251269445,2.979537491551909,4.6786048439484285
lgb_quantile,quantile,0.9,2,13,0.95,52,lumpy,2808,0.9256416033888376,0.9726107226107226,0.08319811181590205,6.728048038575066,3.14812509857822,0.06392600437123995,0.11716524216524217,0.9052128107824591,0.9441175691425739,5.483229297593702,8.949001508149792
lgb_quantile,fixed,0.9,2,13,0.95,52,all,13844,0.9463223339007308,0.9698162643481916,0.07263576242661757,3.3198081447345187,0.8566842685897765,0.012370715108981918,0.37944235770008666,0.9409419429111242,0.9517382830679155,3.0292681860809623,3.614890237928719
lgb_quantile,fixed,0.9,2,13,0.95,52,smooth,2596,0.9605039288943659,0.953144698136994,0.055734905129860665,2.3480121131844163,0.3251898595739731,0.0014284251380777123,0.04121725731895223,0.9551376000577553,0.9656997823061929,2.1165142496457308,2.548435518049263
lgb_quantile,fixed,0.9,2,13,0.95,52,erratic,1901,0.9241667512101566,0.952656496580747,0.06038794680980847,4.378319085870554,1.266196971038308,0.009275443982560562,0.10520778537611783,0.9098070505901359,0.9384206762812549,3.735715113248486,5.019267716583577
lgb_quantile,fixed,0.9,2,13,0.95,52,intermittent,6539,0.9465156347373438,0.9819752811800525,0.10198623402163225,3.4279087604722713,1.234995643309731,0.08125156854949003,0.5664474690319621,0.9356399386202716,0.9557903471161542,2.730904808975158,4.281101867383207
lgb_quantile,fixed,0.9,2,13,0.95,52,lumpy,2808,0.91327144498772,0.9685314685314685,0.09558931995869598,7.090610846984069,3.2546724949865933,0.053115071764944455,0.4423076923076923,0.8922433484562846,0.9325329633723421,5.692878345470772,9.548165376972433
