model,policy,tau,L,H,q_liq,k,group,n_series,fill_rate,csl,stockout_rate_demand_weeks,inventory_weeks,excess_weeks_of_demand,liquidated_share,liq_series_share,fill_rate_lo,fill_rate_hi,inventory_weeks_lo,inventory_weeks_hi
empirical,none,0.5,2,13,0.95,26,all,11442,0.6807219807440189,0.8070227709713813,0.4240273740627264,0.6810064944529544,0.13919977021242524,0.0,0.0,0.6549244409813454,0.7078115900688693,0.6118106322900775,0.7707553534795623
empirical,none,0.5,2,13,0.95,26,smooth,2265,0.8119897050621258,0.7659843467790488,0.2708836647463297,0.7258082399822594,0.10448488350995558,0.0,0.0,0.7893760184808638,0.8369663020091174,0.643329125446068,0.8234389795904603
empirical,none,0.5,2,13,0.95,26,erratic,1629,0.6047063036314635,0.7327696858083599,0.32718390215571724,0.6678469998274805,0.15096081777154066,0.0,0.0,0.5602648415687955,0.6440297235071037,0.5390366053666586,0.844808660446275
empirical,none,0.5,2,13,0.95,26,intermittent,5258,0.4500861448144468,0.8644576230160103,0.6728606986524762,0.8370358891147595,0.44495088074336747,0.0,0.0,0.3873233259008438,0.523337692890989,0.5336860229150686,1.3574388409557103
empirical,none,0.5,2,13,0.95,26,lumpy,2290,0.22513461717934416,0.7685589519650655,0.6156282998944034,0.31956523154588923,0.10983980501398802,0.0,0.0,0.169357137324852,0.28856477462444513,0.2312859314255368,0.4311960725738948
empirical,quantile,0.5,2,13,0.95,26,all,11442,0.6807219807440189,0.8070227709713813,0.4240273740627264,0.6810064944529544,0.13919977021242524,0.0,0.0,0.6549244409813454,0.7078115900688693,0.6118106322900775,0.7707553534795623
empirical,quantile,0.5,2,13,0.95,26,smooth,2265,0.8119897050621258,0.7659843467790488,0.2708836647463297,0.7258082399822594,0.10448488350995558,0.0,0.0,0.7893760184808638,0.8369663020091174,0.643329125446068,0.8234389795904603
empirical,quantile,0.5,2,13,0.95,26,erratic,1629,0.6047063036314635,0.7327696858083599,0.32718390215571724,0.6678469998274805,0.15096081777154066,0.0,0.0,0.5602648415687955,0.6440297235071037,0.5390366053666586,0.844808660446275
empirical,quantile,0.5,2,13,0.95,26,intermittent,5258,0.4500861448144468,0.8644576230160103,0.6728606986524762,0.8370358891147595,0.44495088074336747,0.0,0.0,0.3873233259008438,0.523337692890989,0.5336860229150686,1.3574388409557103
empirical,quantile,0.5,2,13,0.95,26,lumpy,2290,0.22513461717934416,0.7685589519650655,0.6156282998944034,0.31956523154588923,0.10983980501398802,0.0,0.0,0.169357137324852,0.28856477462444513,0.2312859314255368,0.4311960725738948
empirical,fixed,0.5,2,13,0.95,26,all,11442,0.6803181422964998,0.8057753730276016,0.42676827192500066,0.6110157333748962,0.09128703973980211,0.010083523430209214,0.06834469498339452,0.6545130048396267,0.7073623215717844,0.5458282440181086,0.7007284696475045
empirical,fixed,0.5,2,13,0.95,26,smooth,2265,0.8117380435586079,0.7649608669476219,0.2720683887753206,0.678383654434148,0.07647465577141475,0.0077625309956925225,0.06622516556291391,0.7893350303191419,0.8366018794947069,0.6032674869194944,0.7651837063253454
empirical,fixed,0.5,2,13,0.95,26,erratic,1629,0.6045946733509525,0.7319325855237457,0.3282088073519866,0.6173705414938452,0.12370708214393929,0.009920597526446953,0.0620012277470841,0.5601936686944311,0.6438259715887151,0.5016695641621586,0.7718439476586549
empirical,fixed,0.5,2,13,0.95,26,intermittent,5258,0.4470384111675281,0.8630139354749473,0.6800274654536091,0.46718140852089196,0.12184675035020069,0.03223669617164544,0.05629516926588056,0.3841422249897785,0.5217220513922474,0.2504420911273406,0.907398528845593
empirical,fixed,0.5,2,13,0.95,26,lumpy,2290,0.22476131359454457,0.7672489082969433,0.6191129883843717,0.2595610210287118,0.06806973831852779,0.009740619119654651,0.10262008733624454,0.16889134429723102,0.28812502936400763,0.1902211904379032,0.35132606210021133
empirical,dead13,0.5,2,13,0.95,26,all,11442,0.6801646137240551,0.8044167421461601,0.4297535810616178,0.600042132904438,0.07266005936697255,0.0037202499522895386,0.07647264464254501,0.6543373606792665,0.7071745979767747,0.5365370273316875,0.6791173180990383
empirical,dead13,0.5,2,13,0.95,26,smooth,2265,0.8117971789719846,0.7649006622516556,0.2721380784240847,0.669073522790654,0.056815087594331064,0.003286719395743594,0.04856512141280353,0.789327295272695,0.8368047778946951,0.6030245705522345,0.7516788282323952
empirical,dead13,0.5,2,13,0.95,26,erratic,1629,0.6045548053936273,0.7310117752106702,0.32933620306788286,0.6146914147615824,0.11660420686685698,0.0036207353970921035,0.057704112952731736,0.5601522914658171,0.6437912158434711,0.49870534291633667,0.7756527115682739
empirical,dead13,0.5,2,13,0.95,26,intermittent,5258,0.4460052811177252,0.8615702479338843,0.6871942322547421,0.4229968671850548,0.06686296137612922,0.007292682704491381,0.07607455306200075,0.38301085316455846,0.5208707834363088,0.21417887245028133,0.8572013284291732
empirical,dead13,0.5,2,13,0.95,26,lumpy,2290,0.22352203250779706,0.7644898769352918,0.6264519535374868,0.2367287320049224,0.047576239660901444,0.004266946789046579,0.1183406113537118,0.16661638501704867,0.286536560708997,0.1718142344286124,0.32316812031935604
empirical,dead26,0.5,2,13,0.95,26,all,11442,0.680435134955502,0.8061924965438337,0.4258517296462147,0.6366995088251721,0.11015601223719891,0.0019902355827925177,0.03600769096311834,0.6545907553403194,0.7074851278054813,0.5674133312804189,0.7232250572280696
empirical,dead26,0.5,2,13,0.95,26,smooth,2265,0.8118563143853613,0.7658438691551275,0.27104627392677944,0.6985999018889733,0.09144404647505897,0.0017357587812728897,0.027373068432671083,0.7893709975587611,0.8368597492918632,0.6267873140028011,0.7872914715871718
empirical,dead26,0.5,2,13,0.95,26,erratic,1629,0.6046910813204848,0.732602265751437,0.3273888831949711,0.654608663379614,0.1506849315068493,0.0017534652503635234,0.024554941682013505,0.560241947173767,0.6440142722939416,0.5287238967866449,0.823844142605961
empirical,dead26,0.5,2,13,0.95,26,intermittent,5258,0.4472511144130758,0.8632127666931775,0.6790404257145309,0.5025569968732623,0.14813200971142246,0.004399918565043133,0.0300494484594903,0.38436401850425567,0.5219213886670607,0.28257327458041465,0.9516156908926736
empirical,dead26,0.5,2,13,0.95,26,lumpy,2290,0.22486332096946074,0.767526796347757,0.6183738120380148,0.27904442963770015,0.08255174703907316,0.002621806572313462,0.06637554585152838,0.16905533409180376,0.288264184954909,0.20337039373112847,0.37303279491078545
empirical,none,0.8,2,13,0.95,26,all,11442,0.8769680322417776,0.910612416773927,0.19641064585679244,1.6830256866905497,0.3672392958518912,0.0,0.0,0.8638252168573524,0.8881967089011149,1.537205719323951,1.854701690381006
empirical,none,0.8,2,13,0.95,26,smooth,2265,0.920951744158698,0.8963475817780453,0.11998234528897975,1.479705129325117,0.18150875943310643,0.0,0.0,0.9093118035355998,0.933847468317636,1.3317649138005219,1.6360031119490082
empirical,none,0.8,2,13,0.95,26,erratic,1629,0.8510083693715506,0.8934929404542664,0.130402104472003,1.967655488657929,0.3997799288755642,0.0,0.0,0.830788953703793,0.8737006780895221,1.5995179440738678,2.5052805238280653
empirical,none,0.8,2,13,0.95,26,intermittent,5258,0.7646468974193019,0.9274093156748159,0.36035533430606814,2.204672178719344,1.2091620403710759,0.0,0.0,0.7208622567251288,0.8075291562753183,1.621956295694194,3.109332294639395
empirical,none,0.8,2,13,0.95,26,lumpy,2290,0.7508090052978724,0.8983326716951171,0.27043294614572333,1.7715599097994361,0.8681804271721603,0.0,0.0,0.7229672785198333,0.7807799865278964,1.3133530455453928,2.3109507240620184
empirical,quantile,0.8,2,13,0.95,26,all,11442,0.8769680322417776,0.910612416773927,0.19641064585679244,1.6828410637236857,0.3672392958518912,4.9945371035804806e-05,0.0024471246285614405,0.8638252168573524,0.8881967089011149,1.5370525616443589,1.8545196552915266
empirical,quantile,0.8,2,13,0.95,26,smooth,2265,0.920951744158698,0.8963475817780453,0.11998234528897975,1.479705129325117,0.18150875943310643,0.0,0.0,0.9093118035355998,0.933847468317636,1.3317649138005219,1.6360031119490082
empirical,quantile,0.8,2,13,0.95,26,erratic,1629,0.8510083693715506,0.8934929404542664,0.130402104472003,1.967655488657929,0.3997799288755642,0.0,0.0,0.830788953703793,0.8737006780895221,1.5995179440738678,2.5052805238280653
empirical,quantile,0.8,2,13,0.95,26,intermittent,5258,0.7646468974193019,0.9274093156748159,0.36035533430606814,2.2044290892958607,1.2091620403710759,0.00010027438718675649,0.0009509319132750095,0.7208622567251288,0.8075291562753183,1.6217427157815667,3.10898881246437
empirical,quantile,0.8,2,13,0.95,26,lumpy,2290,0.7508090052978724,0.8983326716951171,0.27043294614572333,1.7696716881786474,0.8681804271721603,0.0004861628081111056,0.010043668122270743,0.7229672785198333,0.7807799865278964,1.3111022119675182,2.307705901633496
empirical,fixed,0.8,2,13,0.95,26,all,11442,0.8762227384755429,0.9070450175589138,0.20424926458393344,1.4891628261850558,0.22678424493676372,0.04473569959083664,0.18580667715434365,0.8630736491386433,0.8874055404860394,1.3632368681533837,1.6475553627768535
empirical,fixed,0.8,2,13,0.95,26,smooth,2265,0.9206933627218418,0.8949829420028096,0.12156197732763427,1.3950400172030293,0.12802373480455073,0.018718374313726808,0.07593818984547461,0.9091045827186944,0.9336354097414203,1.276527038512918,1.5345184774042266
empirical,fixed,0.8,2,13,0.95,26,erratic,1629,0.8506495577556225,0.8919303532563201,0.13231526083837244,1.8429601160954918,0.33616980560384013,0.0283019004692821,0.10313075506445672,0.8304511053349781,0.8734155872532087,1.494750611234162,2.3463427808002613
empirical,fixed,0.8,2,13,0.95,26,intermittent,5258,0.7606328833140381,0.9238822227601231,0.37786456098189,1.2589662014542824,0.37324132398654497,0.25906039860588215,0.20445036135412706,0.7158748226163679,0.8044025606991785,0.8681525909824572,1.9559699922241296
empirical,fixed,0.8,2,13,0.95,26,lumpy,2290,0.7480960431990381,0.8910678840809845,0.2897571277719113,1.202250239283257,0.4326028592450152,0.10891566160464111,0.31048034934497815,0.7209041811331528,0.7782074438802472,0.906393983651481,1.5580748345883466
empirical,dead13,0.8,2,13,0.95,26,all,11442,0.8762174912964846,0.9051977562727431,0.20830823753284278,1.4983125460828641,0.20910513830980978,0.007839674192935275,0.13616500611781157,0.8631065430610335,0.8873687844491266,1.3696280231557785,1.6482133953084588
empirical,dead13,0.8,2,13,0.95,26,smooth,2265,0.9208385132819482,0.8953441701786072,0.12114383943504925,1.3887360477384063,0.10356384944661348,0.005080269603725531,0.04856512141280353,0.9092464807771761,0.9337264227414899,1.2682487000886902,1.515938152198803
empirical,dead13,0.8,2,13,0.95,26,erratic,1629,0.8508358498471245,0.8916513198281154,0.13265689590379556,1.871324355552592,0.33598481828185056,0.0066441763062555,0.057704112952731736,0.8306154669692231,0.8735593111184868,1.4980758896129154,2.389465832667649
empirical,dead13,0.8,2,13,0.95,26,intermittent,5258,0.7595511353795386,0.9205971852415367,0.39417217406231225,1.2575532441802872,0.2912503000635071,0.017821493359100812,0.18581209585393685,0.7150910577396877,0.803777329067414,0.8759185144263297,1.9588199062110963
empirical,dead13,0.8,2,13,0.95,26,lumpy,2290,0.7473147101145738,0.8892219134577213,0.2946673706441394,1.2612365464209518,0.4522798648293764,0.0221138966600181,0.1646288209606987,0.7197614557393351,0.7785720331638165,0.9250722556430927,1.6372392830022555
empirical,dead26,0.8,2,13,0.95,26,all,11442,0.8767002317698424,0.908689675994343,0.2006354693132916,1.5774230987041022,0.2869073165498748,0.004197160226693682,0.07262716308337704,0.8636099302355815,0.8878867666942226,1.433913059796257,1.7355401054342698
empirical,dead26,0.8,2,13,0.95,26,smooth,2265,0.9209016806553278,0.8962472406181016,0.12009849470358669,1.4347040877354498,0.15690399231239627,0.0026705015086250345,0.027373068432671083,0.9092643044177305,0.9337933620009073,1.302615285983198,1.5754291639208813
empirical,dead26,0.8,2,13,0.95,26,erratic,1629,0.8509880729569121,0.8933255203973436,0.13060708551125688,1.9438680907017776,0.3991579887412889,0.003231479159206526,0.024554941682013505,0.8307488950833594,0.8737002152670095,1.5682755644793889,2.4755984398700566
empirical,dead26,0.8,2,13,0.95,26,intermittent,5258,0.7624682084613351,0.9249196030291504,0.3727147884301777,1.448071541217331,0.48324232673041684,0.01098764194143368,0.0899581589958159,0.7181044319586044,0.8058980937806132,1.0205255284770973,2.168608080455858
empirical,dead26,0.8,2,13,0.95,26,lumpy,2290,0.7497585463732037,0.8946605795950774,0.28020063357972547,1.4945187313755153,0.6503343454490603,0.012099810960800953,0.11179039301310044,0.7221784491456735,0.7798685008691684,1.0983349535409406,1.9357971074204792
empirical,none,0.9,2,13,0.95,26,all,11442,0.9321943974897495,0.946409559676471,0.1177538603887885,2.681282845883355,0.7133572967466323,0.0,0.0,0.9249759579372744,0.9389324653349079,2.4405449058621826,2.9185904769165774
empirical,none,0.9,2,13,0.95,26,smooth,2265,0.952948706748829,0.9347581778045354,0.07552034937743914,2.045398189649959,0.227847269355088,0.0,0.0,0.9454600387712513,0.9617454486731845,1.835693137388001,2.2709426211235275
empirical,none,0.9,2,13,0.95,26,erratic,1629,0.9244284747099425,0.9439421842736759,0.06863448464350382,3.561535104823733,0.9937455148548011,0.0,0.0,0.9089674808807467,0.94035214878892,2.893335767113462,4.542248418536325
empirical,none,0.9,2,13,0.95,26,intermittent,5258,0.8587012339826859,0.9528424219371348,0.23410007724658827,2.996280731820709,1.625427761419885,0.0,0.0,0.8304980225065809,0.885257942313276,2.2721841650021015,4.124512764858952
empirical,none,0.9,2,13,0.95,26,lumpy,2290,0.8738776475797122,0.9449186184994045,0.1465153115100317,3.9281868080590163,2.3585285761723793,0.0,0.0,0.8533657003422203,0.8918152746118811,2.9698184431670662,5.097111999000436
empirical,quantile,0.9,2,13,0.95,26,all,11442,0.9321920654101681,0.9463936692568051,0.11778877628512321,2.6790263645483483,0.7129592496300738,0.000322215662168733,0.010400279671386122,0.9249755612268367,0.9389308027130774,2.4376806782766116,2.916408340911034
empirical,quantile,0.9,2,13,0.95,26,smooth,2265,0.952948706748829,0.9347581778045354,0.07552034937743914,2.045398189649959,0.227847269355088,0.0,0.0,0.9454600387712513,0.9617454486731845,1.835693137388001,2.2709426211235275
empirical,quantile,0.9,2,13,0.95,26,erratic,1629,0.9244284747099425,0.9439421842736759,0.06863448464350382,3.561535104823733,0.9937455148548011,0.0,0.0,0.9089674808807467,0.94035214878892,2.893335767113462,4.542248418536325
empirical,quantile,0.9,2,13,0.95,26,intermittent,5258,0.8586981953648924,0.9528337771015596,0.23414299201785255,2.9879974597155243,1.624017235040125,0.0012549491487312252,0.008558387219475086,0.8304943787083744,0.885255010053054,2.2650617124764474,4.109147334152743
empirical,quantile,0.9,2,13,0.95,26,lumpy,2290,0.8738537735132426,0.9448590710599444,0.14667370644139388,3.9089030734605026,2.3550907106007366,0.002702110250438957,0.032314410480349345,0.8533143980268851,0.8917650764302673,2.9552652866019766,5.071145909437158
empirical,fixed,0.9,2,13,0.95,26,all,11442,0.9309737481688317,0.9406651729672181,0.13037595691378392,2.319728693635094,0.4627855680032462,0.08841477279131658,0.26743576297850025,0.9238740790573549,0.9375767613409988,2.1136489837520993,2.5536001495360634
empirical,fixed,0.9,2,13,0.95,26,smooth,2265,0.9526856213586361,0.9333132651013446,0.07719290094777922,1.9467045446909168,0.1657107337495212,0.023382344047147053,0.08035320088300221,0.9451991923491865,0.9617047855526222,1.7554922346415733,2.130962569691607
empirical,fixed,0.9,2,13,0.95,26,erratic,1629,0.9236840312158857,0.940677493163681,0.07263161490895426,3.261467111834695,0.8484268104039423,0.061864196689654774,0.17556783302639656,0.9084253089928692,0.9395778786177942,2.671993020008642,4.165230675189662
empirical,fixed,0.9,2,13,0.95,26,intermittent,5258,0.8533684597550266,0.9471973443065113,0.26212342288215607,1.7710371106391123,0.5499448490870473,0.34910679829958946,0.30867249904906807,0.8232337359430844,0.8800427046288788,1.292866079856727,2.6158162812634513
empirical,fixed,0.9,2,13,0.95,26,lumpy,2290,0.8679829235313651,0.9329297340214371,0.1784054910242872,2.3014882224889366,1.164820477871996,0.4017853460980009,0.42314410480349346,0.8458542174823287,0.8870416770421627,1.7172777672721466,2.975158787623373
empirical,dead13,0.9,2,13,0.95,26,all,11442,0.9312316373025458,0.9396044874545136,0.1327065929941254,2.405767077332925,0.47260206832138074,0.011910902122231287,0.15530501660548854,0.92423508894469,0.9379848937314841,2.1852826220731125,2.6347306385067335
empirical,dead13,0.9,2,13,0.95,26,smooth,2265,0.9528341318854117,0.9337146297411199,0.07672830328935142,1.943391617555154,0.1400600090047107,0.005846342004287317,0.04856512141280353,0.945333824950629,0.9616540101373849,1.756303895611158,2.145090244462681
empirical,dead13,0.9,2,13,0.95,26,erratic,1629,0.9242443572342945,0.9420447569618841,0.07095760308838099,3.4085479799993337,0.890114341301609,0.010430907380211286,0.057704112952731736,0.9087592848255559,0.9401150631241085,2.743801275471929,4.3831794654763465
empirical,dead13,0.9,2,13,0.95,26,intermittent,5258,0.8521195878418825,0.9435319340226149,0.28031928589820615,1.7849053622488202,0.45524571782787443,0.023327468800991805,0.22289844047166224,0.8216470463520555,0.8793587000843568,1.3008491075462212,2.633865775427298
empirical,dead13,0.9,2,13,0.95,26,lumpy,2290,0.8691180268735174,0.9346764589122668,0.17375923970432947,2.833469704894835,1.3829625980193205,0.04736180713660958,0.17510917030567685,0.8478770372444954,0.8882668679134919,2.1251933352818395,3.6379238075379714
empirical,dead26,0.9,2,13,0.95,26,all,11442,0.9318406987532314,0.9437995582463333,0.1234887963617636,2.5249079703095174,0.5944280011240624,0.006323433785070104,0.08923265163432967,0.9246903315822105,0.9385712784340761,2.293569667805072,2.753603494901694
empirical,dead26,0.9,2,13,0.95,26,smooth,2265,0.952898643245459,0.9346578366445916,0.07563649879204609,1.9952957106665503,0.20041287270430277,0.0029994422455329245,0.027373068432671083,0.9454284677062832,0.9617454486731845,1.8034266454721024,2.2100091640150814
empirical,dead26,0.9,2,13,0.95,26,erratic,1629,0.9244016544477418,0.9437468608739327,0.06887362918929998,3.522709513364464,0.992812604653388,0.0054626350255227414,0.024554941682013505,0.908934886127515,0.9403184588851614,2.839070988012514,4.502781186489853
empirical,dead26,0.9,2,13,0.95,26,intermittent,5258,0.8557446588695734,0.9490992081330614,0.2526821732040168,2.035475862739557,0.7033178667687642,0.014360507692260945,0.12286040319513122,0.8270890161430278,0.882545870736372,1.5135217685226994,2.865603819631756
empirical,dead26,0.9,2,13,0.95,26,lumpy,2290,0.8724430332218487,0.9407105994442239,0.15770855332629355,3.3079602648719155,1.8689717439571483,0.024631525487736325,0.11921397379912664,0.8514678967760566,0.8907275877018999,2.4476351675009944,4.225470304591965
empirical,none,0.95,2,13,0.95,26,all,11442,0.9573252757392595,0.9653509399183232,0.0761341119578216,3.7928244632038655,1.2001099186842716,0.0,0.0,0.9523333725396693,0.9622726759251853,3.4490589270429877,4.1388141269236
empirical,none,0.95,2,13,0.95,26,smooth,2265,0.9674657787394749,0.9555087296809152,0.0515006504367218,2.554579298573358,0.28189999395206,0.0,0.0,0.9612796665883631,0.9740398328328078,2.318503873092026,2.8347305088199586
empirical,none,0.95,2,13,0.95,26,erratic,1629,0.9582466507291487,0.9678553490708187,0.03935635953674285,5.614262290566372,2.0409459868914155,0.0,0.0,0.9478036114120182,0.967319493333411,4.538719634408663,7.144149875015798
empirical,none,0.95,2,13,0.95,26,intermittent,5258,0.9053440171134954,0.9675040630727203,0.1613166251823878,3.768964773303919,2.014405479235605,0.0,0.0,0.8815089211129898,0.9235894575217208,2.861264363719341,5.101759780784028
empirical,none,0.95,2,13,0.95,26,lumpy,2290,0.9261922383239537,0.9683604605001985,0.08416050686378036,6.354664449995767,4.0320815364481035,0.0,0.0,0.9124452928531442,0.9393581696611202,4.7618790147895504,8.14726703520367
empirical,quantile,0.95,2,13,0.95,26,all,11442,0.9573095342020848,0.9652238165609954,0.07641343912849922,3.782952964675602,1.1952974392600155,0.0008716147435625858,0.03574549903862961,0.9523277721873309,0.9622655965323703,3.442587333011668,4.127624169972576
empirical,quantile,0.95,2,13,0.95,26,smooth,2265,0.9674657787394749,0.9555087296809152,0.0515006504367218,2.554579298573358,0.28189999395206,0.0,0.0,0.9612796665883631,0.9740398328328078,2.318503873092026,2.8347305088199586
empirical,quantile,0.95,2,13,0.95,26,erratic,1629,0.9582466507291487,0.9678553490708187,0.03935635953674285,5.612329057072069,2.0409459868914155,0.0003595364878794161,0.001841620626151013,0.9478036114120182,0.967319493333411,4.537679042959904,7.141715526905599
empirical,quantile,0.95,2,13,0.95,26,intermittent,5258,0.9052710902864505,0.9673052318544901,0.16230366492146597,3.7308605061729523,1.9971649695986289,0.0033971746931755684,0.051540509699505514,0.8814224986639194,0.9235397860448792,2.828140229179464,5.067071585248444
empirical,quantile,0.95,2,13,0.95,26,lumpy,2290,0.9260685272522469,0.9681818181818181,0.08463569165786695,6.277425333857115,3.990650481496513,0.006231131348602608,0.05895196506550218,0.9124250429988463,0.9393368782981871,4.692068576081314,8.06865215549531
empirical,fixed,0.95,2,13,0.95,26,all,11442,0.9556246067044956,0.9575606616770749,0.09325163013591013,3.165566767244077,0.7744402134474705,0.15173734098618205,0.3515119734312183,0.9507091446575154,0.9606566931886297,2.905724547873333,3.481133189991152
empirical,fixed,0.95,2,13,0.95,26,smooth,2265,0.9671979893959451,0.9539434075857917,0.053312581304590226,2.441436452950387,0.21055163932773788,0.026889141259718703,0.08741721854304636,0.9610034421437182,0.9735582099401686,2.218516437797815,2.6869539579695823
empirical,fixed,0.95,2,13,0.95,26,erratic,1629,0.956569297033679,0.9607678999944194,0.04803389019848997,4.815126482906795,1.6285422680083566,0.15763355403268012,0.27071823204419887,0.9460106714530265,0.965293533156915,3.932928153683653,6.122410355434626
empirical,fixed,0.95,2,13,0.95,26,intermittent,5258,0.8989446880403043,0.9600522148068744,0.1983091580121878,2.2861253672929256,0.7212736670343394,0.4305721413443453,0.4195511601369342,0.8745580142761828,0.9182791877860135,1.6892200554982846,3.2545744595196546
empirical,fixed,0.95,2,13,0.95,26,lumpy,2290,0.9185221518781294,0.9531361651448987,0.12465681098204857,3.532220223070595,1.8975490015214291,0.7413787490423244,0.5139737991266375,0.903082399644008,0.9333340168660028,2.6365089512276407,4.460168723782273
empirical,dead13,0.95,2,13,0.95,26,all,11442,0.9562653455694958,0.9576242233557388,0.09311196655057132,3.4242167419215788,0.8740802569640754,0.015791288205779592,0.1608110470197518,0.9514148093540441,0.9611569515433376,3.1219204302200585,3.7853148543604322
empirical,dead13,0.95,2,13,0.95,26,smooth,2265,0.9673512038760576,0.9544651816174995,0.052708604348634086,2.442263004750993,0.18586112585763148,0.006591918608167407,0.04856512141280353,0.9610956436521787,0.973884777857817,2.219977185762527,2.7061561110452654
empirical,dead13,0.95,2,13,0.95,26,erratic,1629,0.9580618083815494,0.9659300184162063,0.04171364148816235,5.397944553094696,1.8908973479834787,0.014368411820051987,0.057704112952731736,0.9476387005163421,0.9671265251618882,4.335227283630989,6.875604559206795
empirical,dead13,0.95,2,13,0.95,26,intermittent,5258,0.8978659787235982,0.9565856357412083,0.21551798128915972,2.3186689638617186,0.6128369447305809,0.028073789794498278,0.23392925066565234,0.8734449715049021,0.9171575672441175,1.7052502508156402,3.311606977215126
empirical,dead13,0.95,2,13,0.95,26,lumpy,2290,0.9209898622032291,0.9572250893211592,0.1137803590285111,4.647173853122402,2.4617313907077794,0.07070196266530078,0.17729257641921398,0.9053353986812185,0.9356359305150345,3.5895142096333745,5.893901850937241
empirical,dead26,0.95,2,13,0.95,26,all,11442,0.9569198825720194,0.962192719009709,0.08307364635434397,3.5840563103935734,1.041100998091193,0.008447375263865088,0.10304142632406922,0.9519043276758594,0.9619350718110665,3.2547799575797813,3.950025819533986
empirical,dead26,0.95,2,13,0.95,26,smooth,2265,0.9674157152361048,0.9554083885209713,0.05161679985132875,2.500583962207095,0.25316018305098414,0.003336446902446728,0.027373068432671083,0.9611914342139707,0.9739467316446054,2.2724599651837116,2.7707070489085504
empirical,dead26,0.95,2,13,0.95,26,erratic,1629,0.9582191055949967,0.9676321223282549,0.03962966758908135,5.558068042280332,2.0397611111997067,0.00781919373942593,0.024554941682013505,0.9477874694462951,0.9672633218256321,4.462658647494526,7.076395898112458
empirical,dead26,0.95,2,13,0.95,26,intermittent,5258,0.9018678383576878,0.9627580483419206,0.18487683460647156,2.62956818202536,0.9227850755248451,0.017757682385436513,0.15252947888931154,0.877731809920661,0.920856745259104,1.973230773386978,3.569049764887616
empirical,dead26,0.95,2,13,0.95,26,lumpy,2290,0.9245536092162578,0.9637356093687971,0.09646251319957762,5.3540263613101216,3.2251810630904765,0.036692269794314065,0.12008733624454149,0.910352856737148,0.9378391142510177,4.07357718011247,6.769909365871653
empirical,none,0.99,2,13,0.95,26,all,11442,0.976615266337092,0.9809791676598179,0.04179432791264043,5.635606735201303,2.1507533200067943,0.0,0.0,0.9736762345900439,0.9797644440109695,5.0456785609307575,6.169151207322987
empirical,none,0.99,2,13,0.95,26,smooth,2265,0.9809247972260116,0.9734697973108569,0.030709905222077682,3.3661103681851476,0.3872637775433268,0.0,0.0,0.9762975732528895,0.9851981348381013,3.0842841536749717,3.720926228626004
empirical,none,0.99,2,13,0.95,26,erratic,1629,0.9783553235320981,0.9840113845638707,0.01957568924874449,9.010247514776516,4.178126843893026,0.0,0.0,0.9719848913485257,0.9833923964959569,7.3668869730185245,11.488176894766172
empirical,none,0.99,2,13,0.95,26,intermittent,5258,0.9451529488266377,0.9811974826238805,0.09333962749978543,4.952436515677748,2.6860700644490834,0.0,0.0,0.9294526039309421,0.9577011560922392,3.752958674843102,6.687580485069833
empirical,none,0.99,2,13,0.95,26,lumpy,2290,0.9660402256316318,0.9857483128225486,0.03790918690601901,10.679221531803512,7.089408813003119,0.0,0.0,0.9563504830223919,0.9733368872464955,8.09119447598187,13.576083747867036
empirical,quantile,0.99,2,13,0.95,26,all,11442,0.975936048158998,0.9799661534061115,0.044020216303977795,5.579923671035299,2.111853727304493,0.007886898804459403,0.12052088795665093,0.9728362970505137,0.9792464133896555,4.999968428728752,6.1204634457764335
empirical,quantile,0.99,2,13,0.95,26,smooth,2265,0.9809247972260116,0.9734697973108569,0.030709905222077682,3.3661103681851476,0.3872637775433268,0.0,0.0,0.9762975732528895,0.9851981348381013,3.0842841536749717,3.720926228626004
empirical,quantile,0.99,2,13,0.95,26,erratic,1629,0.9783430007089248,0.9838439645069479,0.01978067028799836,8.99001343912598,4.173786020699444,0.0023319130675566162,0.015346838551258441,0.9719757201063557,0.9833885954085054,7.338017381273304,11.442564179359298
empirical,quantile,0.99,2,13,0.95,26,intermittent,5258,0.9403640871840218,0.9797278605760918,0.10063513861471118,4.757290403741146,2.5311193964089616,0.03617170621427725,0.19303917839482693,0.9230491864093933,0.9540296325033321,3.600939207450048,6.4117191232214275
empirical,quantile,0.99,2,13,0.95,26,lumpy,2290,0.9619121825020456,0.9841802302500993,0.04208025343189018,10.257327710628951,6.778654414206371,0.05526195276841504,0.1480349344978166,0.9519987449112037,0.9714352590937665,7.756020963635164,12.981929115266412
empirical,fixed,0.99,2,13,0.95,26,all,11442,0.9734214833503122,0.9695420381052263,0.06692504429954348,4.381889691858438,1.2778595085297753,0.30586331448365234,0.46783779059604963,0.9701127293914779,0.9766558299554324,4.021551708771818,4.822648690236153
empirical,fixed,0.99,2,13,0.95,26,smooth,2265,0.9806459199924736,0.9717439293598233,0.032707675153317226,3.227232529853304,0.3007974544892515,0.03396993501824462,0.10596026490066225,0.9759568281988638,0.9849031372801038,2.9560572037869823,3.534519470155932
empirical,fixed,0.99,2,13,0.95,26,erratic,1629,0.9734443160615677,0.9673530889000502,0.03997130265450446,6.825738608274849,2.876792064681774,0.4725875174150486,0.38060159607120936,0.9656205058524058,0.9792933247977434,5.705766759858209,8.394026825072206
empirical,fixed,0.99,2,13,0.95,26,intermittent,5258,0.9370763027314135,0.9714028839171479,0.14196206334220238,2.9932755388229,0.9757299519594527,0.5761067405658514,0.5774058577405857,0.9183745215328841,0.9493449071765413,2.2243559667996973,4.218439619336987
empirical,fixed,0.99,2,13,0.95,26,lumpy,2290,0.9526468743421067,0.9646486701071854,0.0940337909186906,5.514998339667195,3.0175578566297196,1.3699373414273652,0.6362445414847162,0.9414080228885078,0.9617166732536808,4.147741783590967,6.874098538180244
empirical,dead13,0.99,2,13,0.95,26,all,11442,0.9754752681016989,0.9724897109532663,0.060448145529455925,5.096871865053437,1.6691902747617295,0.022188376837630124,0.16238419856668415,0.9725013061212527,0.9787526186141674,4.606152959476714,5.631126277478843
empirical,dead13,0.99,2,13,0.95,26,smooth,2265,0.9808088783759266,0.9724061810154525,0.03194108901691135,3.2398851563392497,0.2785425808575979,0.007552533078871858,0.04856512141280353,0.9761932591288708,0.9851112093278585,2.967641946359183,3.5645498319720077
empirical,dead13,0.99,2,13,0.95,26,erratic,1629,0.9781704811844988,0.9820860539092583,0.021932971200163985,8.65051023736657,3.9118248361426957,0.02117640918731706,0.057704112952731736,0.971844283084419,0.9832267930611677,7.059289233142845,10.979674664849906
empirical,dead13,0.99,2,13,0.95,26,intermittent,5258,0.9367785181876468,0.9689045264359072,0.15436443223757618,3.096084133249467,0.8878427940698335,0.034849907474088185,0.23716241917078737,0.9188483040424541,0.9503333313393901,2.2747062288185864,4.346677145823867
empirical,dead13,0.99,2,13,0.95,26,lumpy,2290,0.9605925977371725,0.9739777689559349,0.06921858500527983,7.881061571217426,4.495395994799794,0.11071489806858802,0.1777292576419214,0.9513939093422301,0.968794936073005,6.114334429379942,10.02155828535386
empirical,dead26,0.99,2,13,0.95,26,all,11442,0.9761587617590254,0.9772727272727273,0.049938460732710084,5.32584321195766,1.9120665684342921,0.012183949773224696,0.10531375633630484,0.9731983413216496,0.9793330848846481,4.806378427422243,5.8719859616527454
empirical,dead26,0.99,2,13,0.95,26,smooth,2265,0.9808733897359738,0.9733493879189243,0.030849284519606023,3.305665575797488,0.3547999139848533,0.0037601386994241016,0.027373068432671083,0.9762779408472314,0.9851733932659432,3.0219221098630333,3.647606453776418
empirical,dead26,0.99,2,13,0.95,26,erratic,1629,0.978327778397946,0.983788157821307,0.01984899730108298,8.907634641340607,4.175945269268184,0.013758794508949995,0.024554941682013505,0.9719674068963319,0.9833773590649758,7.269563531415132,11.344090724431373
empirical,dead26,0.99,2,13,0.95,26,intermittent,5258,0.9410477761875679,0.9754313772952038,0.12196377993305296,3.4780991622530744,1.2680164206905562,0.02175346478393908,0.15728413845568656,0.9239160485279581,0.9538057565756369,2.599908780287518,4.726787185399105
empirical,dead26,0.99,2,13,0.95,26,lumpy,2290,0.9642887373006244,0.9807463279079,0.051214361140443504,8.970556764933772,5.6528728098256975,0.055047086170187366,0.1205240174672489,0.9541535480435165,0.9715611059784263,6.872213452307523,11.232534753026345
tsb,none,0.5,2,13,0.95,26,all,11442,0.8470066398192483,0.8468521078641686,0.3365106798997914,0.6493389914766378,0.07448312371176895,0.0,0.0,0.8377429309094228,0.8554060629180419,0.6086873117650784,0.693645395950568
tsb,none,0.5,2,13,0.95,26,smooth,2265,0.865660468648151,0.7429460164559503,0.2975515703400855,0.5027377008420076,0.020546599377734173,0.0,0.0,0.8573764129247197,0.8732728008363729,0.4747929805025282,0.533509606376409
tsb,none,0.5,2,13,0.95,26,erratic,1629,0.8315926741541106,0.765974663764719,0.28652932937036657,0.8481378764441263,0.12068828041526465,0.0,0.0,0.7879753616207168,0.862185967676131,0.7158624509682138,1.0498938753648934
tsb,none,0.5,2,13,0.95,26,intermittent,5258,0.7972755752863138,0.906730868978872,0.46300746717019997,0.7091252730957741,0.1304168679750955,0.0,0.0,0.7578632773610197,0.8299555085324815,0.5927784458928014,0.8500907318206359
tsb,none,0.5,2,13,0.95,26,lumpy,2290,0.8081848981336991,0.8696705041683208,0.3466737064413939,0.9583744799251656,0.24458981098250462,0.0,0.0,0.7668373210183361,0.8369798683620272,0.7451510472857255,1.2364530880728326
tsb,quantile,0.5,2,13,0.95,26,all,11442,0.8463322801402824,0.8452630658975704,0.34000226953326174,0.6033352236133941,0.06214580083807166,0.0051795487503745906,0.10959622443628736,0.8371066983389165,0.8549223946959686,0.5654867329454113,0.6440979845590045
tsb,quantile,0.5,2,13,0.95,26,smooth,2265,0.8654655905813414,0.7419827413204897,0.2986666047203122,0.48900854103527297,0.017991949519860766,0.0016497436345431454,0.0772626931567329,0.8572465889323433,0.873045690243963,0.46113723744472324,0.5191474935521135
tsb,quantile,0.5,2,13,0.95,26,erratic,1629,0.8307380501234457,0.7637982030247223,0.2891940828806669,0.773472441093281,0.09958377852552347,0.007758304495510868,0.11847759361571517,0.7870710684739693,0.8610939432198859,0.6608425809952322,0.947004242357399
tsb,quantile,0.5,2,13,0.95,26,intermittent,5258,0.7952427399824368,0.9056589093675438,0.4683288988069694,0.6202760888127209,0.11085667751453218,0.011400893961354859,0.08178014454165082,0.754536195258737,0.8287512152848087,0.5285462221890526,0.7251536138953102
tsb,quantile,0.5,2,13,0.95,26,lumpy,2290,0.8059233729281109,0.8666931321953156,0.3545934530095037,0.820312923900328,0.2004705361464218,0.015815483851364404,0.19912663755458515,0.7641474095800109,0.8352008488104666,0.6423035322942438,1.0480978590271597
tsb,fixed,0.5,2,13,0.95,26,all,11442,0.846866715044362,0.8461926554480304,0.3379596895976816,0.6398800766943238,0.07135475555724848,0.0016963935555312846,0.05899318300996329,0.8376154339489176,0.8552902633376361,0.5988204829072263,0.6848325727515544
tsb,fixed,0.5,2,13,0.95,26,smooth,2265,0.8656581166714826,0.7429259482239614,0.29757480022300686,0.5018587335613631,0.02054290341439813,0.0001710223034587497,0.032671081677704196,0.8573763312743516,0.8732703478378422,0.47394407160987295,0.5324144990254647
tsb,fixed,0.5,2,13,0.95,26,erratic,1629,0.8315767269711806,0.7658909537362576,0.28663181988999353,0.8411653331439002,0.11929768606375685,0.001657782152782711,0.040515653775322284,0.7879582273718561,0.8621787755871124,0.7110191116763972,1.0378304616411216
tsb,fixed,0.5,2,13,0.95,26,intermittent,5258,0.7966678517276061,0.9063332065424116,0.4649815466483564,0.6647462602211506,0.10683901706791614,0.005487743735129764,0.045834918219855456,0.7570260634152365,0.8294546288438425,0.5588194859241042,0.7932794606781652
tsb,fixed,0.5,2,13,0.95,26,lumpy,2290,0.807119246621277,0.8673680031758635,0.35279831045406546,0.9109909690917652,0.2306807798572331,0.008957115665511307,0.12838427947598252,0.765750994956898,0.8361063437333951,0.71195481737193,1.174727024183108
tsb,dead13,0.5,2,13,0.95,26,all,11442,0.8466585769417186,0.8449969013681651,0.34058711079686804,0.6293437411453853,0.0708408429534855,0.002801216257237706,0.10041950707918196,0.8374092990095291,0.8551608154019403,0.588141368872266,0.6728234363490161
tsb,dead13,0.5,2,13,0.95,26,smooth,2265,0.8656003252447736,0.7423239012642986,0.29827169671064857,0.4969746860111148,0.01895142160189771,0.0010005980740671052,0.047240618101545256,0.8573504597908773,0.8732609147698692,0.4700168662193618,0.5267915591276037
tsb,dead13,0.5,2,13,0.95,26,erratic,1629,0.8314919169528703,0.7646353033093365,0.28816917768439754,0.8209914218653276,0.1171719265791698,0.0030966529762517453,0.05463474524248005,0.787899322950657,0.8620996532120403,0.6927907310019579,1.0122636169728707
tsb,dead13,0.5,2,13,0.95,26,intermittent,5258,0.7960388578443438,0.904829005152322,0.4724487168483392,0.660151870117321,0.11917276669188719,0.006314247774972121,0.11487257512362115,0.756343345671868,0.8290246882090208,0.5545827337783326,0.7902000231346444
tsb,dead13,0.5,2,13,0.95,26,lumpy,2290,0.8058712840558132,0.866335847558555,0.35554382259767686,0.8885558577192453,0.23277692289327642,0.011038500187736977,0.15240174672489082,0.76362958140455,0.835594660503112,0.7005115896470384,1.1362749644856824
tsb,dead26,0.5,2,13,0.95,26,all,11442,0.8469940077215155,0.8467567653461727,0.3367201752777996,0.6479735588817056,0.07435827971817595,0.00025419667437678086,0.025345219367243488,0.837733460424871,0.8553936350006232,0.6074811704108353,0.6924712087968248
tsb,dead26,0.5,2,13,0.95,26,smooth,2265,0.8656601326514841,0.7429460164559503,0.2975515703400855,0.5021050191182104,0.02054290341439813,9.374307006874491e-05,0.025607064017660046,0.8573764038524566,0.8732724607044727,0.47423037924019235,0.5327022927976054
tsb,dead26,0.5,2,13,0.95,26,erratic,1629,0.8315876000504511,0.7659467604218986,0.2865634928769089,0.8468997951511866,0.12068828041526465,0.0003095203232349006,0.019643953345610803,0.7879686748782566,0.8621858312797596,0.714751114531766,1.0480513010802437
tsb,dead26,0.5,2,13,0.95,26,intermittent,5258,0.7972208801660301,0.9066444206231198,0.46343661488284266,0.705086950048162,0.1302898537513256,0.0008690446889518896,0.019208824648155192,0.7577637949924698,0.8298890114320137,0.5899365670790262,0.8436828193139184
tsb,dead26,0.5,2,13,0.95,26,lumpy,2290,0.8081002537162155,0.8694124652639936,0.3473600844772967,0.9538036813810495,0.24331016101972647,0.0006858368185853097,0.04323144104803493,0.7667273380389173,0.8368930482883483,0.7422762421345976,1.2296919758520028
tsb,none,0.8,2,13,0.95,26,all,11442,0.8679941900124027,0.8938082979771496,0.2333342062307417,0.7612276999748523,0.08954948497965844,0.0,0.0,0.8598902720504661,0.8751953060040444,0.7101342768727006,0.8126651171981838
tsb,none,0.8,2,13,0.95,26,smooth,2265,0.8843284434618408,0.8143688541039534,0.2148764170228582,0.5820917136502005,0.023904012472196277,0.0,0.0,0.8765792731695582,0.8904892054407831,0.5492372651454926,0.6209553860291555
tsb,none,0.8,2,13,0.95,26,erratic,1629,0.8509293583288512,0.8298454154807746,0.20832906289501554,0.9612360226565978,0.1343454478766326,0.0,0.0,0.8104381463551498,0.8791997767637314,0.8059080374118037,1.1794376410957281
tsb,none,0.8,2,13,0.95,26,intermittent,5258,0.8360027590649566,0.9408866143365953,0.2934512059050725,0.9896930084443187,0.2039447336195711,0.0,0.0,0.8016770271869993,0.86536084824094,0.8266665825813405,1.1778077795383501
tsb,none,0.8,2,13,0.95,26,lumpy,2290,0.8364279187674036,0.9097856292179436,0.23996832101372756,1.156318705765153,0.2977525821973257,0.0,0.0,0.798329139326387,0.8636970073035207,0.8990496973790983,1.4877025159968775
tsb,quantile,0.8,2,13,0.95,26,all,11442,0.8672170244918884,0.8916829543468243,0.23800420736550834,0.7057253719764102,0.07362161464639261,0.006238895900242964,0.15652857891976926,0.8590643222927837,0.8745135809934996,0.6610966109585974,0.7512959976286752
tsb,quantile,0.8,2,13,0.95,26,smooth,2265,0.8841070216583452,0.8131647601846277,0.21627020999814162,0.5656292209581282,0.020358105247595945,0.0019383647714214674,0.09271523178807947,0.8762742200038204,0.8902542582320745,0.5348790100990336,0.6007101066936733
tsb,quantile,0.8,2,13,0.95,26,erratic,1629,0.8500196440298822,0.8274457279982141,0.21126712445765433,0.8773734119867727,0.10974213405201971,0.008727458294492278,0.13812154696132597,0.8089286161045403,0.8781740681935626,0.7498149714129172,1.0716246703630776
tsb,quantile,0.8,2,13,0.95,26,intermittent,5258,0.8333652388201654,0.9392959645907535,0.301347523817698,0.8655806646672561,0.17260564514413682,0.015761310495081997,0.1399771776340814,0.799105560591275,0.8633594766729147,0.7268760130143509,1.0122952787569792
tsb,quantile,0.8,2,13,0.95,26,lumpy,2290,0.8337865788679786,0.9057165541881699,0.25079197465681097,0.982558909259014,0.238826611336709,0.019765556667267134,0.27074235807860264,0.7943281364894133,0.8615311943471352,0.7756915702922673,1.2480760538158808
tsb,fixed,0.8,2,13,0.95,26,all,11442,0.8677934368284339,0.8925887082677854,0.23601400127443023,0.7481315184053551,0.08517524217674753,0.002334411661019795,0.11667540639748296,0.8596797188016929,0.8750226918876032,0.6986293827735361,0.7994829665313626
tsb,fixed,0.8,2,13,0.95,26,smooth,2265,0.8843244115018379,0.8143086494079872,0.21494610667162237,0.5808313901526098,0.02388553265551606,0.00023250969350384045,0.03532008830022075,0.87657506119977,0.8904891030025134,0.5482094198356172,0.6192606565973379
tsb,fixed,0.8,2,13,0.95,26,erratic,1629,0.8509018131946992,0.8296221887382108,0.20860237094735404,0.9527622695450849,0.13254341620552731,0.0019317837504004918,0.04665438919582566,0.810416894624838,0.8791801491437308,0.8009363821047898,1.169136961616214
tsb,fixed,0.8,2,13,0.95,26,intermittent,5258,0.8348967021881086,0.9396936270272139,0.29937344433954166,0.9230409271430611,0.1726591248173031,0.009112814762820689,0.13921643210346138,0.8004101093791033,0.8643635519684834,0.7774388885962025,1.0922453772309162
tsb,fixed,0.8,2,13,0.95,26,lumpy,2290,0.835084459936061,0.9066494640730449,0.2483104540654699,1.0911815709569812,0.2767625029571287,0.012275610904805416,0.19519650655021833,0.7961720669365765,0.8626176211955872,0.8477346769377253,1.388055660541204
tsb,dead13,0.8,2,13,0.95,26,all,11442,0.8675417665736037,0.890566652365289,0.24045704908302126,0.7357376814698009,0.08361854018814441,0.003366356875806268,0.14997378080755114,0.8594346713905651,0.8748029712526915,0.6879489137310245,0.7861400331942836
tsb,dead13,0.8,2,13,0.95,26,smooth,2265,0.8842605721351244,0.8136263295203693,0.21573592269094963,0.5752118458984887,0.021630995020529398,0.0011108049808145903,0.04856512141280353,0.8765100754690975,0.8904232672492851,0.5429550325902032,0.6105090387055055
tsb,dead13,0.8,2,13,0.95,26,erratic,1629,0.8508162783044375,0.8283386349684692,0.21017389224830035,0.9314691559735974,0.1299854880635336,0.003367755086064047,0.057704112952731736,0.8103722300911811,0.8791253233914578,0.7875934277419749,1.1421272641669264
tsb,dead13,0.8,2,13,0.95,26,intermittent,5258,0.8336326371859968,0.9366247103980082,0.3146081881383572,0.9018101046196105,0.17742550068824695,0.01037384114713899,0.2120578166603271,0.7988574925321118,0.863089939836362,0.7570070815653485,1.0643630981293295
tsb,dead13,0.8,2,13,0.95,26,lumpy,2290,0.8338451788493134,0.905180627233029,0.25221752903907074,1.0679868301967874,0.27819494694531316,0.012926721808525646,0.17336244541484716,0.7939525872338342,0.862065242881018,0.8372072113607366,1.3596175138291646
tsb,dead26,0.8,2,13,0.95,26,all,11442,0.8679615408982626,0.8934309005100824,0.2341634587686909,0.7588134145881683,0.08917709073849575,0.00039470446915844187,0.05130221989162734,0.8598528645142851,0.875161757257509,0.7080206051733444,0.8101167593796018
tsb,dead26,0.8,2,13,0.95,26,smooth,2265,0.8843274354718401,0.8143487858719647,0.2148996469057796,0.5811831786628677,0.023892185389520936,0.000130702703429182,0.026931567328918323,0.8765754752222108,0.8904891798312157,0.548474635579247,0.6196971991256148
tsb,dead26,0.8,2,13,0.95,26,erratic,1629,0.8509221096093376,0.8297617054523132,0.20843155341464248,0.9596717489855418,0.1343454478766326,0.00036678520739311403,0.022713321055862493,0.8104214619908735,0.8791951277180694,0.8050123069491559,1.1771697502869856
tsb,dead26,0.8,2,13,0.95,26,intermittent,5258,0.8357718241126476,0.940419793215533,0.29576860355334306,0.9787175209740593,0.20250078244408184,0.001938638152277292,0.06409281095473564,0.8014047224362417,0.865091877024585,0.8173834604629098,1.1637302240090406
tsb,dead26,0.8,2,13,0.95,26,lumpy,2290,0.8362564595627573,0.9090512107979357,0.24192185850052797,1.1477479159025157,0.2947014765024927,0.001080844100175583,0.06637554585152838,0.7981655792692515,0.8635323436728982,0.8924706347868357,1.4751831787131042
tsb,none,0.9,2,13,0.95,26,all,11442,0.8775724295333004,0.9132462538335637,0.1906233360393153,0.8274329128723408,0.09915434907577743,0.0,0.0,0.8699111249881735,0.8844129391352901,0.7731614361873062,0.8846358680420021
tsb,none,0.9,2,13,0.95,26,smooth,2265,0.8929336540981514,0.84457154324704,0.17991544322616615,0.6286934433610418,0.02591609491233847,0.0,0.0,0.8853239011998235,0.8993372935595643,0.5938875732386235,0.6710341877316024
tsb,none,0.9,2,13,0.95,26,erratic,1629,0.8597880184465414,0.857246498130476,0.17478049947046564,1.0265810544567304,0.1422472770185147,0.0,0.0,0.82220720465402,0.8862077218685928,0.8581512319867473,1.2585494163528614
tsb,none,0.9,2,13,0.95,26,intermittent,5258,0.8526999638404482,0.9544330716829766,0.22620375933396275,1.1652278811414263,0.2565754169743267,0.0,0.0,0.8207213563793494,0.8809862660155331,0.970507286648667,1.3808176748867558
tsb,none,0.9,2,13,0.95,26,lumpy,2290,0.8493611516849665,0.9264390631202858,0.19567053854276664,1.273638038767143,0.33077041612497854,0.0,0.0,0.8123248183937187,0.8751649040615962,0.9865118066868624,1.6375025420161329
tsb,quantile,0.9,2,13,0.95,26,all,11442,0.8767377393831105,0.9107315949214219,0.19614877663428218,0.7659250912717646,0.08071891017257,0.006911700859487929,0.1823981821359902,0.8689592775486028,0.8836632121061055,0.718229292049174,0.814298764919496
tsb,quantile,0.9,2,13,0.95,26,smooth,2265,0.892699464421313,0.8432871763997591,0.18140215573313512,0.6105990148577726,0.021690869626573305,0.002107707091545652,0.09933774834437085,0.8849870075690025,0.8990757923076765,0.5780206298128066,0.6490861434572578
tsb,quantile,0.9,2,13,0.95,26,erratic,1629,0.8588507590134202,0.8546514872481723,0.17795770557890062,0.9373681639138447,0.11547195687881738,0.009294308160463454,0.14855739717618172,0.820478566257971,0.8853279002328928,0.8012770250555948,1.1448754485642925
tsb,quantile,0.9,2,13,0.95,26,intermittent,5258,0.8497069253138132,0.9523756008160724,0.23641747489485881,1.0161806397505901,0.21603113975514815,0.018806005524207147,0.17325979459870675,0.817262323558839,0.8776153758791185,0.8506079264507795,1.1871864116341158
tsb,quantile,0.9,2,13,0.95,26,lumpy,2290,0.8464962637085975,0.921714966256451,0.2082365364308342,1.0771805161573171,0.26130643232461787,0.022313570670492305,0.30960698689956334,0.8080393041101317,0.872827032175895,0.8477996774598997,1.3723506873519895
tsb,fixed,0.9,2,13,0.95,26,all,11442,0.8773283385371098,0.9114506364113076,0.19456883232513683,0.8115370697653267,0.09372491799825172,0.002829589892145206,0.15460583814018528,0.8696364174496962,0.8842205828417458,0.7594091690842371,0.8669607701463617
tsb,fixed,0.9,2,13,0.95,26,smooth,2265,0.8929289501448145,0.8445113385510736,0.17998513287493031,0.6271982581932788,0.025885788012982913,0.00027081331353192976,0.03708609271523179,0.8853174718594876,0.8993371740482494,0.5925183843714006,0.6693020799656181
tsb,fixed,0.9,2,13,0.95,26,erratic,1629,0.8597539494648271,0.8569395613594508,0.17515629804243107,1.0172584762901633,0.14022198478638748,0.0020927053236045852,0.05033763044812769,0.8221836448545387,0.886184056647251,0.8529041072632166,1.2499400055650913
tsb,fixed,0.9,2,13,0.95,26,intermittent,5258,0.851162423236918,0.952358311144922,0.23650330443738735,1.0773601704056859,0.2165525665685193,0.012655843110086084,0.20445036135412706,0.8190410104078296,0.879737172006455,0.8988266643563987,1.2714502452518974
tsb,fixed,0.9,2,13,0.95,26,lumpy,2290,0.8478657669760891,0.922508932115919,0.2061246040126716,1.1964466707614307,0.3049816495243635,0.014545817589109953,0.23056768558951965,0.8105672622703703,0.8738702751028382,0.9373184735075883,1.5223328726488559
tsb,dead13,0.9,2,13,0.95,26,all,11442,0.8770620927848956,0.9091624159794061,0.19959672139733417,0.7983419691535835,0.09140033993946699,0.0036673894817769357,0.16063625240342597,0.8694488482315936,0.8839975736943896,0.7490745635649699,0.8504360953801094
tsb,dead13,0.9,2,13,0.95,26,smooth,2265,0.8928637667914334,0.8437888821994782,0.18082140866010035,0.6212007176888806,0.02325721888838863,0.0011692684008574635,0.04856512141280353,0.8852600551128048,0.8992692784692297,0.5864192753916827,0.6610839998512938
tsb,dead13,0.9,2,13,0.95,26,erratic,1629,0.8596705891904195,0.8557118142753501,0.1766594923302928,0.9953709677185525,0.13739773868946054,0.0035163538360948538,0.057704112952731736,0.8221368537388255,0.8861228900633057,0.8393101818027364,1.217137642042774
tsb,dead13,0.9,2,13,0.95,26,intermittent,5258,0.8496765391358778,0.9486842560254504,0.25474208222470174,1.0488761672090599,0.2150283958832806,0.01248871913144149,0.23373906428299734,0.8169046404053877,0.8785920350820282,0.8790178220108276,1.2370387195891646
tsb,dead13,0.9,2,13,0.95,26,lumpy,2290,0.8466243155196624,0.9210996427153633,0.20987328405491024,1.173705537264162,0.3055450774930494,0.01395547703640361,0.17685589519650655,0.8077679403895991,0.8733262276399941,0.9209701731008743,1.4961315913076816
tsb,dead26,0.9,2,13,0.95,26,all,11442,0.8775191803828575,0.9125391301584275,0.19217709342620962,0.8240150559057776,0.09840870549760553,0.000495372571090531,0.06843209229155742,0.869854018247212,0.8843696294791085,0.7698388313908504,0.8807263166377703
tsb,dead26,0.9,2,13,0.95,26,smooth,2265,0.8929326461081506,0.8445514750150511,0.17993867310908754,0.6276340458702651,0.02590426782966313,0.00015153449677779196,0.026931567328918323,0.8853238045144246,0.8993372679499968,0.5928132031371385,0.6696989423893304
tsb,dead26,0.9,2,13,0.95,26,erratic,1629,0.859779319983125,0.8571348847591942,0.1749171534966349,1.0248268643344154,0.1422472770185147,0.0003994044452047546,0.02332719459791283,0.8221894028343868,0.8861938408719688,0.8572354599475488,1.2558344974881677
tsb,dead26,0.9,2,13,0.95,26,intermittent,5258,0.8522229008468628,0.9533611120716484,0.23152519097073213,1.1450970382592367,0.25140794355463586,0.0028076828412291815,0.09490300494484595,0.8202007726882145,0.8805349440894803,0.9560171266723632,1.3547254248254281
tsb,dead26,0.9,2,13,0.95,26,lumpy,2290,0.8491397739777016,0.9254664549424375,0.19825765575501583,1.2619419165666488,0.3262104694292579,0.0013521403100590123,0.08078602620087336,0.812081877575977,0.8748263995163745,0.9794840860109967,1.6208239766100592
tsb,none,0.95,2,13,0.95,26,all,11442,0.884749598785142,0.9264829734153279,0.16153839439250706,0.8866805606785729,0.10852919238918055,0.0,0.0,0.8774344358457116,0.8916904533399735,0.8313271402937779,0.9469477732392038
tsb,none,0.95,2,13,0.95,26,smooth,2265,0.8994361975929199,0.8679309652819587,0.1528758595056681,0.6697364442144734,0.0277197250203278,0.0,0.0,0.8918877675354078,0.9060284113894175,0.6325719459143986,0.7148079039697705
tsb,none,0.95,2,13,0.95,26,erratic,1629,0.8664372688564566,0.8760812545342932,0.1517201325544054,1.0839793150539958,0.14921141180410483,0.0,0.0,0.8309795855664983,0.8920676785876516,0.9043147143255194,1.3340277576287216
tsb,none,0.95,2,13,0.95,26,intermittent,5258,0.8647237744494785,0.9628099173553719,0.18461934597888593,1.3312944207938693,0.31287614290011756,0.0,0.0,0.8343142603070234,0.8916301666550895,1.108645559931292,1.575144876547041
tsb,none,0.95,2,13,0.95,26,lumpy,2290,0.8590149560174585,0.9368400158793172,0.16800422386483632,1.3797191975709222,0.36275211556784465,0.0,0.0,0.8227183464592334,0.8844661757877529,1.0675554944653045,1.7737778238557171
tsb,quantile,0.95,2,13,0.95,26,all,11442,0.8838581613651372,0.9236743417393654,0.16770977906966594,0.8193781043380177,0.0875335965214701,0.0075522453845229985,0.20485929033385772,0.8765212088121878,0.890932032242207,0.7696706102491965,0.871582758220469
tsb,quantile,0.95,2,13,0.95,26,smooth,2265,0.8991905840294064,0.8666265302026892,0.15438580189555845,0.6502123498934891,0.02290905914213331,0.0022632735483264005,0.10860927152317881,0.8915635234950227,0.9057532289640909,0.6139525882778387,0.6917099300487792
tsb,quantile,0.95,2,13,0.95,26,erratic,1629,0.8654666653135723,0.8733188235950666,0.15510231970209423,0.9900424340040332,0.12048575119205192,0.009797369294714088,0.1534683855125844,0.8291951360977726,0.8911465170651277,0.8434919892050872,1.2072473280629765
tsb,quantile,0.95,2,13,0.95,26,intermittent,5258,0.8613691404054123,0.9603115598741312,0.1970217148742597,1.1543465908227664,0.2604393233605897,0.022045172092118738,0.20616203879802206,0.8304036756667581,0.8889373675869446,0.9652947447160461,1.3434759872524262
tsb,quantile,0.95,2,13,0.95,26,lumpy,2290,0.8559482236609361,0.9317983326716951,0.18141499472016895,1.161855318816454,0.28281219140056124,0.024642377336131664,0.33362445414847164,0.8184812251981012,0.881541357142506,0.9163216148978313,1.4645285709294371
tsb,fixed,0.95,2,13,0.95,26,all,11442,0.8844578944974971,0.9241629721440943,0.1666361152573738,0.8674906551627772,0.10163455457863015,0.0034324324639470214,0.19306065373186507,0.8770442672063634,0.8914008089491838,0.8144949521468761,0.9268142595747346
tsb,fixed,0.95,2,13,0.95,26,smooth,2265,0.8994304856495824,0.8678306241220148,0.15299200892027504,0.6680356290865596,0.027671677496959233,0.0003030689935555839,0.040176600441501106,0.8918829444592049,0.9060283143325065,0.6309452954030695,0.7127677342175276
tsb,fixed,0.95,2,13,0.95,26,erratic,1629,0.8663988506430339,0.8758022211060885,0.1520617676198285,1.0738173351677427,0.1469373435182675,0.0022405792016840227,0.0521792510742787,0.8309558550639544,0.8920438769699383,0.8985109129217134,1.324225736679616
tsb,fixed,0.95,2,13,0.95,26,intermittent,5258,0.8627061322345692,0.9598447387530689,0.19933911252253025,1.2144565280145367,0.25865443926866544,0.017879227097178034,0.2713959680486877,0.8320196874684296,0.889775168575227,1.0195266522479138,1.4390884814478115
tsb,fixed,0.95,2,13,0.95,26,lumpy,2290,0.8573502824736138,0.9323541087733227,0.17993664202745513,1.290273922357195,0.33160123363812555,0.016896327951539985,0.2646288209606987,0.8207743632371579,0.8828893594958652,1.0055611599142924,1.6422014492403867
tsb,dead13,0.95,2,13,0.95,26,all,11442,0.8841932034650039,0.9218548886876102,0.17170764919998951,0.8541136523436816,0.09890081315728207,0.003942963552316901,0.16229680125852125,0.8768175888062988,0.8909237975180828,0.802742197111633,0.9111246029302321
tsb,dead13,0.95,2,13,0.95,26,smooth,2265,0.8993632863161998,0.8671081677704194,0.15382828470544507,0.6617145237919241,0.024726733910799603,0.0012179879175598578,0.04856512141280353,0.8917896165668787,0.9059556489036674,0.6245905128393447,0.7052707214018951
tsb,dead13,0.95,2,13,0.95,26,erratic,1629,0.8663140406247236,0.8745186673363469,0.15363328892077482,1.051447786748471,0.14385953721275138,0.003647555659292786,0.057704112952731736,0.8309038668498844,0.8919796611498871,0.8841273101806854,1.2908444028877446
tsb,dead13,0.95,2,13,0.95,26,intermittent,5258,0.8612232867513225,0.9560928801134202,0.21796412325122308,1.1861123012364134,0.25523842514517,0.014500284110763696,0.23697223278813237,0.8298762086345881,0.8885225580960866,0.9942548425366275,1.3966037892765406
tsb,dead13,0.95,2,13,0.95,26,lumpy,2290,0.8561413865623732,0.9310639142516872,0.1833685322069694,1.2689348476726041,0.331749252850238,0.014888735998402607,0.1777292576419214,0.8181527599855373,0.8830930449071999,0.9915644452648112,1.6194523793260325
tsb,dead26,0.95,2,13,0.95,26,all,11442,0.8846774986580825,0.9255176304206194,0.1636595350948403,0.8821398073935474,0.10722260593568668,0.00058185385556887,0.07760880964866282,0.87735954293718,0.8916169048699694,0.826901954920022,0.9421112437711844
tsb,dead26,0.95,2,13,0.95,26,smooth,2265,0.8994345176095853,0.8678707605859923,0.15294554915443226,0.6685416400669305,0.02770198439631479,0.0001690063234572713,0.027373068432671083,0.8918833117463975,0.9060284033013416,0.6313764470889472,0.7133692672141448
tsb,dead26,0.95,2,13,0.95,26,erratic,1629,0.8664285703930401,0.8759696411630113,0.15185678658057464,1.0820228856572487,0.14920024877605373,0.00043057393911365556,0.02394106813996317,0.830961783746865,0.8920537975910275,0.9032800529037379,1.331076606211986
tsb,dead26,0.95,2,13,0.95,26,intermittent,5258,0.8640400854459324,0.961253846951831,0.1923440048064544,1.3001698587346586,0.3012576839047454,0.003497449080362325,0.1108786610878661,0.8335352580340537,0.8909902877433566,1.0853280287266722,1.5352978836992206
tsb,dead26,0.95,2,13,0.95,26,lumpy,2290,0.8587349783288587,0.9357284636760619,0.170960929250264,1.3648152689847661,0.3566069308585331,0.001619095780584307,0.0890829694323144,0.8223693617207194,0.8842847308955366,1.0567275692062954,1.7526375881039264
tsb,none,0.99,2,13,0.95,26,all,11442,0.8965508931670457,0.9455395591997585,0.11966550571311353,1.0071635654542832,0.12898736051734855,0.0,0.0,0.8899313426050391,0.9036255556964264,0.942876276197515,1.077703899206733
tsb,none,0.99,2,13,0.95,26,smooth,2265,0.9101675951374563,0.9008027292795505,0.11482531128043115,0.7532101121556875,0.03155539577047396,0.0,0.0,0.9029921373670011,0.9168063589665272,0.707258648981227,0.8050985153361152
tsb,none,0.99,2,13,0.95,26,erratic,1629,0.8776220430660924,0.9048216976393773,0.11653172081582454,1.1983126430716016,0.16318433348748945,0.0,0.0,0.8456819863926294,0.9019781428934572,0.9968164390406749,1.4752115853132466
tsb,none,0.99,2,13,0.95,26,intermittent,5258,0.8832198409587447,0.9745409592309554,0.1263840013732727,1.6820815747332853,0.44497762057995055,0.0,0.0,0.8551504113396485,0.9089050275013136,1.4051938014337464,1.9984351848645425
tsb,none,0.99,2,13,0.95,26,lumpy,2290,0.8747913732145997,0.9521635569670505,0.12724392819429778,1.5931793962465626,0.43025842591768654,0.0,0.0,0.8399129672777055,0.8993830565876435,1.2303780260792605,2.047242728984038
tsb,quantile,0.99,2,13,0.95,26,all,11442,0.8955488763068877,0.9420436668732421,0.12734700290674836,0.9264497081208063,0.10146182521763161,0.00902514798016644,0.281069743051914,0.8888885441772453,0.9027443051539504,0.8711393152848259,0.9890005408223279
tsb,quantile,0.99,2,13,0.95,26,smooth,2265,0.9099011497805942,0.8993578165763596,0.11649786285077124,0.7306247522024581,0.02542305340331024,0.0026029661785755085,0.12759381898454747,0.9027377457187086,0.9164807172529277,0.6864772580749621,0.7778566765923647
tsb,quantile,0.99,2,13,0.95,26,erratic,1629,0.87659417463905,0.901724426586305,0.12032387004202111,1.0948132512391688,0.130267753201397,0.010822338233950972,0.17495395948434622,0.8437859391647019,0.9010012026934007,0.9273402413729365,1.3271480755984402
tsb,quantile,0.99,2,13,0.95,26,intermittent,5258,0.8791450544976102,0.9711262491787406,0.143335336022659,1.4302804340361657,0.35599412939042285,0.03037706208200014,0.32084442753898823,0.8504996355164023,0.9057886310548335,1.2018798125293695,1.6777206396935103
tsb,quantile,0.99,2,13,0.95,26,lumpy,2290,0.8713101002493755,0.9461691147280666,0.14318901795142555,1.3274089475660389,0.3245822580960215,0.02987730900204232,0.4170305676855895,0.8352782061800291,0.8960566727855204,1.0397659321366814,1.669013701478207
tsb,fixed,0.99,2,13,0.95,26,all,11442,0.8961437509401196,0.9419006530962483,0.12766124597376072,0.9796790358872066,0.11782109140547052,0.005120275061013032,0.2647264464254501,0.8895277527731464,0.9031846328698014,0.9207960825723511,1.047445444893165
tsb,fixed,0.99,2,13,0.95,26,smooth,2265,0.9101602032107842,0.9006421834236403,0.11501115034380227,0.7510506615774372,0.03146817103574333,0.0003840441902816324,0.044591611479028695,0.9029600619155782,0.9168012855991354,0.705210725419777,0.8029716009075222
tsb,fixed,0.99,2,13,0.95,26,erratic,1629,0.8775662279258369,0.9044031474970702,0.11704417341395922,1.1865291246301342,0.16036646626373455,0.0025450254212593345,0.057704112952731736,0.845635281358247,0.9019443536568792,0.9893274935292588,1.4598171507712876
tsb,fixed,0.99,2,13,0.95,26,intermittent,5258,0.8800991804847811,0.9693281233790934,0.15226160844562697,1.4849603612308833,0.3450307963913375,0.03490764121216541,0.399201217192849,0.8512663890283378,0.9061317291162917,1.2450903694970532,1.7715007091103578
tsb,fixed,0.99,2,13,0.95,26,lumpy,2290,0.8726882849955833,0.9464073044859072,0.14255543822597677,1.4762615816351998,0.38594338373655185,0.02214862257488318,0.32096069868995636,0.8376258197846982,0.8974694816123858,1.1407967356421298,1.8778512358733583
tsb,dead13,0.99,2,13,0.95,26,all,11442,0.8959245354594644,0.9400970904641591,0.1316242002077496,0.9673450556609093,0.11518483091062655,0.004493334333536354,0.16238419856668415,0.8893307115011009,0.9028934666911117,0.9094397680527706,1.0346881026055925
tsb,dead13,0.99,2,13,0.95,26,smooth,2265,0.9100896439107324,0.9,0.11575450659728675,0.7441694498390576,0.027912654306469283,0.0013144189609639073,0.04856512141280353,0.9029706093570616,0.9167324767991485,0.7004646524369788,0.7953561376169351
tsb,dead13,0.99,2,13,0.95,26,erratic,1629,0.8774930158587485,0.9032312070986104,0.1184790406887363,1.1633462698814254,0.15695695855327157,0.003893287250807145,0.057704112952731736,0.8456018466268905,0.9018885886882085,0.9733372179789149,1.4253059897281073
tsb,dead13,0.99,2,13,0.95,26,intermittent,5258,0.8789840077545527,0.9664061689546665,0.16676680113294995,1.4736840505990634,0.34847355035141614,0.01870573113702039,0.23716241917078737,0.8498869978853668,0.9052720538929602,1.2318352137143205,1.740612493516168
tsb,dead13,0.99,2,13,0.95,26,lumpy,2290,0.8717116186400029,0.9455736403334657,0.14477296726504751,1.460433075565761,0.38721825888603606,0.01667277987459604,0.1777292576419214,0.8354081892529664,0.8977954569316919,1.1378509262665832,1.8639877631728041
tsb,dead26,0.99,2,13,0.95,26,all,11442,0.8964486703453927,0.9441372296642354,0.12274683356465114,1.0001743229487126,0.1263622162685094,0.0007594805836884248,0.08800908932004894,0.8898234555237333,0.9035256446211671,0.9366351241393015,1.070504365450122
tsb,dead26,0.99,2,13,0.95,26,smooth,2265,0.9101659151541217,0.9007425245835842,0.11489500092919532,0.7517589425512899,0.03153248079779049,0.0002036139801493169,0.027373068432671083,0.902989634247027,0.9168060435315666,0.7061501950423829,0.8037811869291671
tsb,dead26,0.99,2,13,0.95,26,erratic,1629,0.8776118948587732,0.9047100842680953,0.11666837484199379,1.196022047705273,0.1631651968679733,0.00048638907936912943,0.02394106813996317,0.845663067117639,0.901963943028538,0.9950145872795692,1.4729420928183166
tsb,dead26,0.99,2,13,0.95,26,intermittent,5258,0.8821958267623223,0.9722673674746707,0.13767058621577546,1.6261375825364557,0.41843164781204323,0.005013719359337824,0.12571319893495625,0.8540249097288279,0.9079641569790415,1.3584414548491324,1.931345389992114
tsb,dead26,0.99,2,13,0.95,26,lumpy,2290,0.8744224103691581,0.9505160778086542,0.13162618796198522,1.5713150920996373,0.42010717285475235,0.0021291326551651545,0.10698689956331878,0.8396132254686349,0.8991284190522748,1.2138043020312566,2.0167238379449564
tsb_nb,none,0.5,2,13,0.95,26,all,11442,0.8095095209092312,0.7972263272473026,0.4455530241530713,0.541770849082968,0.05314762724506386,0.0,0.0,0.7970894613649189,0.8214407445459692,0.5068818564839583,0.5803445938554664
tsb_nb,none,0.5,2,13,0.95,26,smooth,2265,0.8477582302383561,0.6983945414408991,0.34912191042557145,0.45713488922189893,0.01731189226602872,0.0,0.0,0.8385935982304512,0.8557255049540852,0.4288759289754072,0.4866772307396285
tsb_nb,none,0.5,2,13,0.95,26,erratic,1629,0.7577151746144044,0.5924158714213963,0.4990263400635441,0.6694765119741598,0.09227996874352147,0.0,0.0,0.6987835316633235,0.8013567370534866,0.5678453929640849,0.8271638097200921
tsb_nb,none,0.5,2,13,0.95,26,intermittent,5258,0.7728511654618547,0.900342335488779,0.4947214831344949,0.6250041780994661,0.10595660246067269,0.0,0.0,0.7317957251913435,0.8096872229413017,0.5199308680482939,0.7529663191993204
tsb_nb,none,0.5,2,13,0.95,26,lumpy,2290,0.7437053853382847,0.80391028185788,0.5215945089757128,0.6466573051387843,0.1297412268231648,0.0,0.0,0.6881308792930857,0.7837403960954343,0.5254369768638731,0.8048164558399102
tsb_nb,quantile,0.5,2,13,0.95,26,all,11442,0.8091686486104109,0.7963205733263415,0.4475432302441494,0.5211305844074827,0.05132199761272787,0.002655655623362929,0.05724523684670512,0.79668640415392,0.8211626616320662,0.48627879376328875,0.5565002545310463
tsb_nb,quantile,0.5,2,13,0.95,26,smooth,2265,0.8476503753082769,0.6979329721051575,0.3496561977327634,0.45153617676112656,0.01697408121711433,0.0008097519672604848,0.02913907284768212,0.838541008950663,0.8556704128090715,0.42559433966193727,0.47996901111654816
tsb_nb,quantile,0.5,2,13,0.95,26,erratic,1629,0.7571881927057585,0.5910486076231933,0.5007003518841174,0.632711006600684,0.08875404659766853,0.004214405525263962,0.04665438919582566,0.698408051775647,0.800744097162929,0.5438731478688756,0.7701572285916065
tsb_nb,quantile,0.5,2,13,0.95,26,intermittent,5258,0.7719061553280644,0.899469207095681,0.49905587503218607,0.5856631935265286,0.10304864523225674,0.006065081115901999,0.0599087105363256,0.7308524420752839,0.8090152202908578,0.4890588063535435,0.703394287288102
tsb_nb,quantile,0.5,2,13,0.95,26,lumpy,2290,0.7428480893150531,0.8028185788011115,0.5244984160506864,0.5904946489535563,0.12416901970912707,0.0074769235443873155,0.08646288209606987,0.6869268413325799,0.7826196149777493,0.48938208450450066,0.7250901418622521
tsb_nb,fixed,0.5,2,13,0.95,26,all,11442,0.8094531623193464,0.7969561901129809,0.44614659439076126,0.5383963299286267,0.05169738468935339,0.0006170293892555652,0.02403425974479986,0.7970076399014034,0.8213898582811042,0.5040371016591075,0.5772140164372312
tsb_nb,fixed,0.5,2,13,0.95,26,smooth,2265,0.8477578942416891,0.6983744732089103,0.34914514030849286,0.45703644219849343,0.01731189226602872,5.4767456706829465e-05,0.004856512141280353,0.8385935710136618,0.8557252071487729,0.4287294924693808,0.4865594774422627
tsb_nb,fixed,0.5,2,13,0.95,26,erratic,1629,0.7577122751265989,0.5924158714213963,0.4990263400635441,0.668228282473901,0.09209657613982491,0.0006502101403787021,0.012277470841006752,0.6987784955646609,0.8013520037651802,0.5668300895544776,0.8260787596801452
tsb_nb,fixed,0.5,2,13,0.95,26,intermittent,5258,0.772468299619869,0.9000916352570975,0.4959660115011587,0.594074087579042,0.08749943025916371,0.002977845437667314,0.028718143780905286,0.7308692904370061,0.8091726831021374,0.49894915201898027,0.7130493730996579
tsb_nb,fixed,0.5,2,13,0.95,26,lumpy,2290,0.7433602965593129,0.8031560142913855,0.5236008447729673,0.6354364938980056,0.12727742316348745,0.0024633695857415394,0.04061135371179039,0.6878285367218859,0.7835862290107058,0.5167515949828364,0.7907409299297359
tsb_nb,dead13,0.5,2,13,0.95,26,all,11442,0.8092910827884364,0.7959868745133559,0.4482764640671782,0.5284663350708622,0.05252725520840824,0.0020487319122935964,0.07140360076909631,0.7968526146825504,0.821196584381268,0.4921371755766288,0.562767661916334
tsb_nb,dead13,0.5,2,13,0.95,26,smooth,2265,0.8476977508383117,0.6979530403371463,0.34963296784984205,0.45327025555906486,0.017227624301966924,0.0008628394406327489,0.016777041942604858,0.8385749016057604,0.8556688300290324,0.42685819196419583,0.48160162153712377
tsb_nb,dead13,0.5,2,13,0.95,26,erratic,1629,0.7576354386997537,0.5915229644511413,0.500119572272898,0.6482703830368366,0.09177603776292918,0.002616062872493574,0.030079803560466543,0.6987320497763896,0.8013143060307643,0.5494936596911609,0.7986940564217873
tsb_nb,dead13,0.5,2,13,0.95,26,intermittent,5258,0.771802842323084,0.898708461565061,0.5028323749034418,0.588963132450311,0.10141751520068551,0.005150457160047038,0.10136934195511602,0.7306001110983221,0.8089480563844249,0.4912987560710858,0.7054487826307143
tsb_nb,dead13,0.5,2,13,0.95,26,lumpy,2290,0.7426440745652207,0.8025406907502978,0.5252375923970433,0.6122743086829979,0.12810824067663446,0.005794887043110053,0.08602620087336245,0.6867556248101282,0.7826651396312349,0.5045318366266542,0.7524782013772997
tsb_nb,dead26,0.5,2,13,0.95,26,all,11442,0.80950757750958,0.7972064642227201,0.44559666902348966,0.5416066318124417,0.05314591705337081,8.006806562938358e-05,0.008477538891802132,0.7970866470176159,0.8214391497091429,0.5067403989629409,0.5801579134337361
tsb_nb,dead26,0.5,2,13,0.95,26,smooth,2265,0.8477582302383561,0.6983945414408991,0.34912191042557145,0.45711506541855107,0.01731189226602872,1.579184334491402e-05,0.0017660044150110375,0.8385935982304512,0.8557255049540852,0.42884753454853325,0.486662654707488
tsb_nb,dead26,0.5,2,13,0.95,26,erratic,1629,0.7577137248705016,0.5924158714213963,0.4990263400635441,0.6693670563095029,0.09227996874352147,0.00010438156099724984,0.003069367710251688,0.6987818020137553,0.8013531870872568,0.5677693128357628,0.8271132759177863
tsb_nb,dead26,0.5,2,13,0.95,26,intermittent,5258,0.7728268565195064,0.9002991113109029,0.4949360569908162,0.6235821049720902,0.10594323254238111,0.0004618699046177875,0.012932674020540129,0.7317387075138316,0.809670993928956,0.5189041362138982,0.7513625250309504
tsb_nb,dead26,0.5,2,13,0.95,26,lumpy,2290,0.7437053853382847,0.80391028185788,0.5215945089757128,0.64629485340238,0.12973167719657688,0.00014975550785565304,0.008733624454148471,0.6881308792930857,0.7837403960954343,0.5252856023130985,0.8042539089593314
tsb_nb,none,0.8,2,13,0.95,26,all,11442,0.9204051521856833,0.915379542673722,0.1859358769563813,1.2234454843360045,0.11829395940860017,0.0,0.0,0.9130904570221128,0.9264035890661693,1.1569175727269434,1.289649428837817
tsb_nb,none,0.8,2,13,0.95,26,smooth,2265,0.9356472303794746,0.8880594019666868,0.12957628693551385,0.9495003729563003,0.02830590480542433,0.0,0.0,0.9292818245249443,0.9407949056746507,0.9065012738966416,1.00717486262058
tsb_nb,none,0.8,2,13,0.95,26,erratic,1629,0.9031230383152816,0.8602042524694459,0.17115916777698062,1.608363282626124,0.1905034525651044,0.0,0.0,0.8689841079767021,0.9284267367348015,1.403005723589427,1.92377228179977
tsb_nb,none,0.8,2,13,0.95,26,intermittent,5258,0.8817916905957818,0.9456412739029704,0.26984808170972446,1.3402218798712842,0.23818509436427557,0.0,0.0,0.8514363926168425,0.905785557913497,1.1414349613449648,1.5713227172758057
tsb_nb,none,0.8,2,13,0.95,26,lumpy,2290,0.9012742240385805,0.9121675267963477,0.2336325237592397,1.7570857144097354,0.39773239775931035,0.0,0.0,0.8728271407471679,0.9243783234965222,1.4265481776422673,2.1589406667452087
tsb_nb,quantile,0.8,2,13,0.95,26,all,11442,0.9199296022910349,0.9137666650776247,0.18947984043435376,1.180414340579234,0.11095509930577878,0.005131158099059744,0.11151896521587135,0.9125695186839887,0.9258171096729338,1.116934656215318,1.2436662199579298
tsb_nb,quantile,0.8,2,13,0.95,26,smooth,2265,0.9355040957993697,0.8873168773831026,0.13043579260360527,0.9389211819018756,0.02676247051629248,0.0013745623643413457,0.06710816777041943,0.9290973927503821,0.940620913355267,0.8973495220427029,0.9949316695473956
tsb_nb,quantile,0.8,2,13,0.95,26,erratic,1629,0.9024938494614926,0.8583347285004743,0.1734481227153155,1.5362508462880033,0.1779482354442088,0.007829341946745108,0.08225905463474524,0.8676952006590335,0.928038206430963,1.3546812107714852,1.8307615667817911
tsb_nb,quantile,0.8,2,13,0.95,26,intermittent,5258,0.8803817719395801,0.944180296690757,0.27710067805338595,1.2439675840253783,0.22089779001327875,0.012786503675208222,0.11582350703689616,0.8502511344363319,0.9047021303027457,1.0684805067173748,1.433959078573683
tsb_nb,quantile,0.8,2,13,0.95,26,lumpy,2290,0.899778839329703,0.9095275903136165,0.2406546990496304,1.629520066152868,0.37568230996785684,0.015850209766229483,0.1663755458515284,0.8719778136293596,0.9232947382279619,1.328146218982715,2.0075570906848896
tsb_nb,fixed,0.8,2,13,0.95,26,all,11442,0.9202092575008425,0.9142592680872702,0.18839744764797794,1.2064185826319929,0.11279312782788942,0.002873705064227415,0.10015731515469324,0.9128811675535186,0.9262048529812453,1.1420331701134447,1.2729432478300564
tsb_nb,fixed,0.8,2,13,0.95,26,smooth,2265,0.9356431984194716,0.8880192655027093,0.12962274670135662,0.948426863605513,0.02828816418141132,0.00022746974350014448,0.03399558498896247,0.9292818164678278,0.9407948032363809,0.905634068213639,1.005842692765791
tsb_nb,fixed,0.8,2,13,0.95,26,erratic,1629,0.9030882444616158,0.8600089290697026,0.1713983123227768,1.5935599476352504,0.18842553462930775,0.0029669008969565526,0.03621853898096992,0.8689608424394366,0.9283895606683834,1.391842572092042,1.8951586502450815
tsb_nb,fixed,0.8,2,13,0.95,26,intermittent,5258,0.880612706891889,0.944448286593589,0.2757703201441936,1.25521958571485,0.19510721762884495,0.010747591135744172,0.13179916317991633,0.8503057410448669,0.9050644760981793,1.0737910964518254,1.45230118386499
tsb_nb,fixed,0.8,2,13,0.95,26,lumpy,2290,0.9000588170183027,0.9094878920206431,0.24076029567053855,1.6789024874606893,0.37340472402664343,0.014063995520356982,0.13842794759825328,0.8720363795874033,0.9230045062450999,1.359178455178763,2.069169142798921
tsb_nb,dead13,0.8,2,13,0.95,26,all,11442,0.919994511839385,0.9126503630960894,0.19193268215186668,1.1965113255501472,0.11450502971263726,0.0037857425205349324,0.13590281419332284,0.91262555023411,0.9260977864214207,1.1322264564322178,1.2626098419350782
tsb_nb,dead13,0.8,2,13,0.95,26,smooth,2265,0.9355823830227604,0.8874774232390127,0.13024995354023416,0.942873510694774,0.026867435875036122,0.0011974921208781609,0.045474613686534215,0.9291759113947572,0.9407321938061998,0.9005551324223656,0.9997016887544145
tsb_nb,dead13,0.8,2,13,0.95,26,erratic,1629,0.9030244557298953,0.859088118756627,0.1725257080386731,1.5761354756682233,0.18849889167078637,0.0038664669886064626,0.044812768569674644,0.8689329560663758,0.928318742200541,1.3811715553664672,1.8704929338634877
tsb_nb,dead13,0.8,2,13,0.95,26,intermittent,5258,0.8795036113972476,0.9416041356893392,0.2898892798901382,1.2476595046445274,0.21421283086749496,0.011261117542852108,0.20387980220616203,0.8489658105059529,0.9038584363174201,1.0703282043270863,1.4417805709859055
tsb_nb,dead13,0.8,2,13,0.95,26,lumpy,2290,0.8990365728994619,0.9091703056768559,0.2416050686378036,1.6617023077540798,0.38783420980095534,0.014923461913267686,0.13406113537117903,0.8706593083744693,0.9238810762788436,1.367185217896359,2.0200840021003605
tsb_nb,dead26,0.8,2,13,0.95,26,all,11442,0.9203888276286132,0.9151570767983983,0.18642469950506718,1.222097347997968,0.11818621733193771,0.00031521942342441786,0.03941618598147177,0.9130740422336279,0.9263856618142426,1.1555614208616134,1.2884524936522306
tsb_nb,dead26,0.8,2,13,0.95,26,smooth,2265,0.9356472303794746,0.8880594019666868,0.12957628693551385,0.9489439624758923,0.02830590480542433,9.172709006726654e-05,0.025607064017660046,0.9292818245249443,0.9407949056746507,0.9060292343268511,1.006466931115854
tsb_nb,dead26,0.8,2,13,0.95,26,erratic,1629,0.903117964211622,0.8601484457838049,0.17122749479006524,1.6078660204674846,0.19050185784681137,0.000304446219575312,0.012277470841006752,0.8689696913094083,0.9284225108935422,1.4025849265392392,1.9230403785916834
tsb_nb,dead26,0.8,2,13,0.95,26,intermittent,5258,0.8815911418214083,0.9452436114665099,0.2718221611878809,1.3308629370671867,0.23732273463446946,0.001886981649787145,0.05610498288322556,0.8511370204004745,0.9056409894099829,1.1337410373131043,1.558995283507247
tsb_nb,dead26,0.8,2,13,0.95,26,lumpy,2290,0.9012503499721107,0.9120087336244541,0.23405491024287223,1.7537976043459482,0.39714987053744866,0.0006684738611527701,0.03406113537117904,0.8728114280729209,0.9243490467501954,1.4239711206161063,2.15433685308996
tsb_nb,none,0.9,2,13,0.95,26,all,11442,0.9509046719716294,0.9520705216824776,0.10531507231955028,1.856183178632243,0.19994919953311768,0.0,0.0,0.9449954282288417,0.9553948524476312,1.7497448118732988,1.9670670778128754
tsb_nb,none,0.9,2,13,0.95,26,smooth,2265,0.9600069887306718,0.9371262291792093,0.07277922319271511,1.3436244632453247,0.04169046643057301,0.0,0.0,0.9542895556096274,0.9644903810293798,1.2755370867699887,1.429065566810139
tsb_nb,none,0.9,2,13,0.95,26,erratic,1629,0.9433780772626515,0.9448908979295719,0.06747292542106521,2.591000424774964,0.30984419602277263,0.0,0.0,0.9218480800151952,0.959262159736825,2.2328357054013908,3.110531196124027
tsb_nb,none,0.9,2,13,0.95,26,intermittent,5258,0.9129223298905794,0.9616601542238666,0.19032701055703374,1.9262497075330371,0.3625921840673115,0.0,0.0,0.8867416789156645,0.9322446092830343,1.6391555589501483,2.2990205094526317
tsb_nb,none,0.9,2,13,0.95,26,lumpy,2290,0.9417733222499788,0.9499404525605399,0.1331573389651531,2.916861819073643,0.7770101421375103,0.0,0.0,0.922061361767808,0.9573224627779334,2.338112261353374,3.6321180396631463
tsb_nb,quantile,0.9,2,13,0.95,26,all,11442,0.9502880312623041,0.9498577807439894,0.11017711088415778,1.7864957822397372,0.1820605944237645,0.007853472330458786,0.1476140534871526,0.9444110727457637,0.9547106683244218,1.6854981351883607,1.8913970989705282
tsb_nb,quantile,0.9,2,13,0.95,26,smooth,2265,0.9598618381705654,0.9362833634356813,0.0737548782754135,1.3267194629429278,0.03703798778316119,0.0019447487080928158,0.07991169977924945,0.9541028274274042,0.9643953212587334,1.2638768472021458,1.4020742809891522
tsb_nb,quantile,0.9,2,13,0.95,26,erratic,1629,0.9424922837380777,0.9424354037613706,0.07047931399678863,2.4810547466789994,0.28488366530052467,0.011584903526791993,0.10620012277470842,0.9209555469139202,0.9586756234619538,2.1571667007607465,2.9669989132126324
tsb_nb,quantile,0.9,2,13,0.95,26,intermittent,5258,0.9112997079888301,0.9598015145751928,0.1995536863788516,1.7708456777181194,0.31895277076363504,0.019346879491456925,0.15271966527196654,0.8845256096357881,0.9306810114501811,1.5035421313045823,2.0926575737402833
tsb_nb,quantile,0.9,2,13,0.95,26,lumpy,2290,0.9396355081160974,0.9457324335053593,0.144350580781415,2.6879898253069445,0.7131899876505965,0.026639117440873702,0.23231441048034934,0.9193346817220917,0.9557569638988089,2.1667089594567828,3.3868857562742964
tsb_nb,fixed,0.9,2,13,0.95,26,all,11442,0.9505494185153903,0.9500127123357328,0.10983668089489443,1.815517735270877,0.1846254544154234,0.006312550747023392,0.15845131969935325,0.944599328208119,0.9551424600151505,1.714861572144483,1.9216273241746527
tsb_nb,fixed,0.9,2,13,0.95,26,smooth,2265,0.9599989248106658,0.9369656833232992,0.07296506225608623,1.3404976782630316,0.04162689586119306,0.000538938653728555,0.0423841059602649,0.9542866370362014,0.9644755737705196,1.2728590569283966,1.4257035710657993
tsb_nb,fixed,0.9,2,13,0.95,26,erratic,1629,0.9432838439089735,0.9443886377588036,0.06808786853882683,2.5557375789566774,0.30243194539684565,0.005528598373097392,0.05831798649478207,0.9217265214279123,0.9592118043196646,2.211683770622524,3.069266980170954
tsb_nb,fixed,0.9,2,13,0.95,26,intermittent,5258,0.9109320352358119,0.9593779176320066,0.2016565101708008,1.7817573542147147,0.29336943211272054,0.021176127403166847,0.20806390262457208,0.883749058854072,0.9305914730787659,1.5079158667862873,2.099327984288034
tsb_nb,fixed,0.9,2,13,0.95,26,lumpy,2290,0.9395617155470091,0.9454148471615721,0.14519535374868003,2.6916989870884707,0.6779232166614939,0.03533795911457598,0.23056768558951965,0.9196829211794018,0.9558420190194139,2.1743642477413374,3.3333498672920454
tsb_nb,dead13,0.9,2,13,0.95,26,all,11442,0.9504131861998414,0.9483521634806376,0.11348539206187097,1.8141437517174794,0.19047815793698022,0.0054776662568684605,0.15329487851774165,0.9445307975626455,0.9549599075258695,1.7099862891513684,1.9188355435708824
tsb_nb,dead13,0.9,2,13,0.95,26,smooth,2265,0.9599411333839568,0.9364639775235801,0.07354580932912098,1.3328816418141134,0.03725235365665172,0.0015566725578082265,0.047240618101545256,0.9542000990002995,0.9644224049654571,1.2675916094307473,1.4107708799492
tsb_nb,dead13,0.9,2,13,0.95,26,erratic,1629,0.9432599231345783,0.9436631508454713,0.06897611970892692,2.5489687246747863,0.3052657598035307,0.004907383110773482,0.04788213627992634,0.9217951431019962,0.9592131186006593,2.1993763991294926,3.05079037789496
tsb_nb,dead13,0.9,2,13,0.95,26,intermittent,5258,0.909819901123377,0.9559718524153671,0.21856493004892283,1.7817603928325083,0.31239482584162115,0.015676229196862932,0.2303157093952073,0.882468408355082,0.9294541846749127,1.5141182493825645,2.116732497247823
tsb_nb,dead13,0.9,2,13,0.95,26,lumpy,2290,0.9392795674887303,0.945950774116713,0.1437697993664203,2.745814984666338,0.7494690190580161,0.02522837714947987,0.15633187772925763,0.9178312630505506,0.9555907376193576,2.2215036304102638,3.368568072327127
tsb_nb,dead26,0.9,2,13,0.95,26,all,11442,0.9508687190780823,0.9515580556482497,0.10644110997634448,1.8526296723700262,0.19952165160985397,0.0006434596245118666,0.05724523684670512,0.9449573420242394,0.9553652188037123,1.7462280768346499,1.9633021153410062
tsb_nb,dead26,0.9,2,13,0.95,26,smooth,2265,0.9600069887306718,0.9371262291792093,0.07277922319271511,1.3418749286007083,0.04169046643057301,0.0002462855568472761,0.026931567328918323,0.9542895556096274,0.9644903810293798,1.273902461250725,1.4268680457990839
tsb_nb,dead26,0.9,2,13,0.95,26,erratic,1629,0.9433715534150893,0.9448350912439311,0.06754125243414984,2.5897058034698173,0.30978359672763806,0.0005356803720622752,0.01596071209330878,0.9218408648311568,0.9592572459629064,2.23159500172043,3.1076167687878593
tsb_nb,dead26,0.9,2,13,0.95,26,intermittent,5258,0.9124726144571358,0.9606746429682907,0.1952192944811604,1.9044293931576404,0.3586079484164243,0.0034518698134592537,0.08729554963864587,0.8862380182285603,0.9317586258790624,1.6208048705378186,2.2748528733569437
tsb_nb,dead26,0.9,2,13,0.95,26,lumpy,2290,0.941712551898965,0.9496824136562128,0.13384371700105596,2.9079394293229965,0.7752625604719252,0.0015257698843844072,0.04759825327510917,0.9219916360198583,0.9572811889386676,2.330895636783635,3.620143474108748
tsb_nb,none,0.95,2,13,0.95,26,all,11442,0.9663624727972634,0.9686919006530963,0.06879304475345013,2.5567466867951048,0.3555467152464756,0.0,0.0,0.9618947371521067,0.9698807271102673,2.3972473214193535,2.7287127700572142
tsb_nb,none,0.95,2,13,0.95,26,smooth,2265,0.9729599962368374,0.9609271523178808,0.045228582047946476,1.730637856072468,0.060261943001525424,0.0,0.0,0.9683317560925014,0.9766418970047995,1.6353416815908808,1.8464248226818685
tsb_nb,none,0.95,2,13,0.95,26,erratic,1629,0.9620935461750681,0.9711200401808137,0.035359229271292404,3.767824963720159,0.607188990064905,0.0,0.0,0.9474844947313449,0.9742449973206082,3.186547264093736,4.5341685443119415
tsb_nb,none,0.95,2,13,0.95,26,intermittent,5258,0.9306131626845581,0.9711176043431654,0.14337825079392327,2.522943083650109,0.5174425777202466,0.0,0.0,0.9071165042809664,0.9473045052572301,2.152115058238896,3.057235594769192
tsb_nb,none,0.95,2,13,0.95,26,lumpy,2290,0.9620619380099013,0.9690750297737197,0.082259767687434,4.290998825830004,1.3938491723295228,0.0,0.0,0.9454692956196428,0.9731475432363447,3.3859735312903996,5.4107553661478756
tsb_nb,quantile,0.95,2,13,0.95,26,all,11442,0.9656237865898428,0.9658475155328852,0.0750429901973621,2.43928800055659,0.31252855339937524,0.012380427477960877,0.18764202062576474,0.9611822251700457,0.9692607845196033,2.287734318879435,2.599597280302082
tsb_nb,quantile,0.95,2,13,0.95,26,smooth,2265,0.9728356774700795,0.9600240818783865,0.04627392677940903,1.7045665307000155,0.04958874007969841,0.0027061171553178194,0.09006622516556291,0.9681517318400276,0.9765556668248877,1.6164522349623645,1.807996764710254
tsb_nb,quantile,0.95,2,13,0.95,26,erratic,1629,0.9608685125772533,0.9676321223282549,0.03962966758908135,3.5787972054736534,0.5435900298212321,0.018766209949012506,0.14671577655003068,0.9462687029267892,0.97333345349837,3.0657261810845626,4.258573819955601
tsb_nb,quantile,0.95,2,13,0.95,26,intermittent,5258,0.9287474513593257,0.968861302258031,0.15457900609389752,2.290993232998174,0.4320756494285879,0.02741137111550698,0.19303917839482693,0.9046006541259922,0.9456502756528572,1.9293471517986427,2.7615691557012934
tsb_nb,quantile,0.95,2,13,0.95,26,lumpy,2290,0.9596159313815922,0.9634180230250099,0.09730728616684266,3.879288379189627,1.2337687818366103,0.04501563751353768,0.30087336244541485,0.9426624812192477,0.97119771851691,3.0642229745550305,4.918533470157624
tsb_nb,fixed,0.95,2,13,0.95,26,all,11442,0.9656848093388904,0.9654303920166531,0.07595953247614808,2.46534393704007,0.312996718375349,0.014329268648182862,0.22426149274602342,0.961232848644273,0.9691820304060188,2.315710947950359,2.61429587452639
tsb_nb,fixed,0.95,2,13,0.95,26,smooth,2265,0.9729257245768121,0.9607465382299819,0.045437650994238986,1.7241514404177112,0.059997312026664695,0.0010241178407510198,0.04768211920529802,0.9683215915249942,0.9766324404600942,1.6299201358789548,1.8393448988906675
tsb_nb,fixed,0.95,2,13,0.95,26,erratic,1629,0.9617637294371949,0.9699760031251744,0.036759933039527175,3.6885703640451912,0.5869743409826654,0.012185822374477549,0.11970534069981584,0.9472246591686012,0.9738317533542522,3.132042248432231,4.407968734100535
tsb_nb,fixed,0.95,2,13,0.95,26,intermittent,5258,0.927732553016284,0.9676078010996231,0.16080164792721655,2.2909476537312705,0.4070872721416482,0.038234927696089605,0.28775199695701786,0.9029449250081465,0.9451340526454538,1.943482704260658,2.770267520573861
tsb_nb,fixed,0.95,2,13,0.95,26,lumpy,2290,0.9577602653059896,0.9618300913060739,0.1015311510031679,3.7151259574043247,1.0597125128323108,0.08961673441837348,0.32751091703056767,0.9410586610986428,0.9700965486915506,3.0165183090419165,4.564402943399084
tsb_nb,dead13,0.95,2,13,0.95,26,all,11442,0.9657880038603691,0.9641750488630405,0.07871788828658968,2.494667311357111,0.3363545165190914,0.007567209561837228,0.1588883062401678,0.9612846177882745,0.9693374736621353,2.336889727362188,2.659218886663325
tsb_nb,dead13,0.95,2,13,0.95,26,smooth,2265,0.972899180840126,0.9601444912703191,0.04613454748188069,1.7139724213935799,0.051136609524833516,0.002003212128135689,0.04768211920529802,0.9682710404381917,0.9765860770760141,1.6223589804538041,1.8205742669916556
tsb_nb,dead13,0.95,2,13,0.95,26,erratic,1629,0.9619463971689401,0.9696411630113287,0.03716989511803492,3.7127107746416597,0.5973176838311512,0.006160686714691849,0.053406998158379376,0.9473708581530966,0.9740436821312158,3.1546930925838295,4.449854643358886
tsb_nb,dead13,0.95,2,13,0.95,26,intermittent,5258,0.9268331221493967,0.964296829074311,0.17723800532143164,2.3175568297492832,0.4312400295353649,0.02030100547862788,0.23621148725751237,0.9024198024708222,0.9441570777245941,1.969015870464687,2.820743311036321
tsb_nb,dead13,0.95,2,13,0.95,26,lumpy,2290,0.9591796870760997,0.9639936482731243,0.09577613516367477,4.017072127895545,1.329584960206272,0.03862389880868408,0.1663755458515284,0.9420809311327997,0.9708445998366261,3.212613819710047,4.96160482989746
tsb_nb,dead26,0.95,2,13,0.95,26,all,11442,0.9662991179686343,0.9678298453862166,0.07068723212960781,2.5494233738894927,0.3544025970038219,0.0011304755771022435,0.0692186680650236,0.961840279584244,0.9698210646719131,2.389726719913845,2.7211713714362262
tsb_nb,dead26,0.95,2,13,0.95,26,smooth,2265,0.9729599962368374,0.9609271523178808,0.045228582047946476,1.7270208519531487,0.060261943001525424,0.00048517918702246476,0.026931567328918323,0.9683317560925014,0.9766418970047995,1.6321169503846742,1.8419492519570286
tsb_nb,dead26,0.95,2,13,0.95,26,erratic,1629,0.9620812233518949,0.9709805234667113,0.03553004680400396,3.7646753950914573,0.607055033728292,0.0009155132745800454,0.019643953345610803,0.9474697578072714,0.9742300302448511,3.183587734971971,4.528008740380558
tsb_nb,dead26,0.95,2,13,0.95,26,intermittent,5258,0.9299142805920443,0.9695874684463501,0.15097416530769892,2.483052109256541,0.506612943904077,0.005192997809156571,0.10612400152149107,0.9061995813285669,0.9467936316951773,2.117584811152762,3.005048617510525
tsb_nb,dead26,0.95,2,13,0.95,26,lumpy,2290,0.9618904788052549,0.9683803096466852,0.08410770855332629,4.270499684211211,1.389208053807805,0.0030406879203734773,0.06157205240174673,0.9452912317674251,0.972996111745002,3.369542047639256,5.383937512942017
tsb_nb,none,0.99,2,13,0.95,26,all,11442,0.9829727096160581,0.9844154709125869,0.03424376533026074,4.434711488717982,1.208771612061671,0.0,0.0,0.9798484007235113,0.9852535705065579,4.085283446396147,4.800142033597541
tsb_nb,none,0.99,2,13,0.95,26,smooth,2265,0.9869075538770655,0.9822797511539233,0.020511986619587436,2.596541922304131,0.13878933680977887,0.0,0.0,0.9837248555522762,0.9895014621699305,2.4402374168421814,2.776874644186453
tsb_nb,none,0.99,2,13,0.95,26,erratic,1629,0.9822986269475498,0.9890897929571962,0.013357931058043797,7.174753579780133,2.5975521074202246,0.0,0.0,0.9740189610014074,0.9884569235187265,5.935572969257763,8.716379814328654
tsb_nb,none,0.99,2,13,0.95,26,intermittent,5258,0.9528831924933986,0.9825374321380407,0.0866878379538237,3.920880469891855,0.9955909655815762,0.0,0.0,0.9329291007231739,0.9665502668054354,3.2837612252175274,4.870987356577112
tsb_nb,none,0.99,2,13,0.95,26,lumpy,2290,0.9810656949198157,0.987514886859865,0.033210137275607184,8.471297946179172,4.114380218382597,0.0,0.0,0.9713474072547548,0.987769295720933,6.460547400017789,10.922570560395439
tsb_nb,quantile,0.99,2,13,0.95,26,all,11442,0.9820120871684705,0.9798390300487836,0.04429954347465542,3.98382644508283,0.9175623083079169,0.04777245588579962,0.32913826254151374,0.9788526236948444,0.984250064929393,3.6868053102559326,4.272170637540778
tsb_nb,quantile,0.99,2,13,0.95,26,smooth,2265,0.9868044029003232,0.9813365442504516,0.02160379111689277,2.537370221287405,0.10220299574628221,0.00495628683363461,0.12980132450331125,0.983654423361,0.9894292367077356,2.3969899918574296,2.7050239277764736
tsb_nb,quantile,0.99,2,13,0.95,26,erratic,1629,0.9814411034290792,0.9854623583905352,0.017799186908544293,6.365320241179396,2.067815395410401,0.08755148403034604,0.3149171270718232,0.9729042349677421,0.9876561684691765,5.290188942015645,7.7451862889999985
tsb_nb,quantile,0.99,2,13,0.95,26,intermittent,5258,0.9498658450244153,0.979165946263702,0.10342459874688868,3.4372206370766065,0.7468570056852539,0.05323962236058062,0.34157474324838344,0.9291420745496544,0.9643421313858204,2.8499674625902114,4.205849086501692
tsb_nb,quantile,0.99,2,13,0.95,26,lumpy,2290,0.9757265855093098,0.9759031361651449,0.06409714889123548,6.587095850036136,2.8622809283105193,0.20133434327869065,0.5078602620087336,0.9655705799089557,0.9835831743350918,5.219965751438372,8.245297756007021
tsb_nb,fixed,0.99,2,13,0.95,26,all,11442,0.9807002924039115,0.9765695762025075,0.05148348914552073,3.872113614253048,0.8919953700446709,0.10328139144305587,0.36715609159237894,0.9773110656787927,0.9830223846958135,3.6041300710916717,4.131444188966367
tsb_nb,fixed,0.99,2,13,0.95,26,smooth,2265,0.9868087708569931,0.9818984547461369,0.02095335439509385,2.5744303176512493,0.1363559145493277,0.003427837995847081,0.07505518763796909,0.9836171307628395,0.9894814028158707,2.4229278417282534,2.75747026423792
tsb_nb,fixed,0.99,2,13,0.95,26,erratic,1629,0.9796050027762596,0.9787934594564429,0.02596426497215674,6.1244800855928805,2.0711961981915894,0.1898062707222769,0.3228974831184776,0.9710922619605166,0.9861694059872832,5.138966456468071,7.47692584644904
tsb_nb,fixed,0.99,2,13,0.95,26,intermittent,5258,0.9477327353333516,0.9760019364431689,0.1191314050296112,3.384813595991455,0.7299641139238583,0.11228908194240604,0.4376188664891594,0.9266230361951778,0.9620531263656041,2.8535663806094425,4.169527557394012
tsb_nb,fixed,0.99,2,13,0.95,26,lumpy,2290,0.9680695212815599,0.9710202461294164,0.07708553326293559,5.858650333911375,2.358084518536042,0.4827835425207976,0.525764192139738,0.9532604357072904,0.9783667450052915,4.726940738689,7.0931824695803245
tsb_nb,dead13,0.99,2,13,0.95,26,all,11442,0.9822328573688468,0.9785002621919245,0.04724120774085422,4.292792202769656,1.1394917465760213,0.014530799192012162,0.1617724174095438,0.979154137856917,0.9845561185760182,3.9519895197223116,4.634187127930683
tsb_nb,dead13,0.99,2,13,0.95,26,smooth,2265,0.9868568183803617,0.9814168171784066,0.02151087158520721,2.560878564084644,0.11389111020018682,0.0033095671690936824,0.04812362030905077,0.9836520400104072,0.9894733362069297,2.4126594386930273,2.732698921128
tsb_nb,dead13,0.99,2,13,0.95,26,erratic,1629,0.9821333561426374,0.987415592387968,0.015407741450582487,7.038845887873907,2.531781140861467,0.011358743477964617,0.056476365868631064,0.9738424353570988,0.9883095808765917,5.800829087246012,8.564300429601458
tsb_nb,dead13,0.99,2,13,0.95,26,intermittent,5258,0.9478998593119962,0.9739271759051142,0.1294309501330358,3.5479114060596113,0.7938723233575511,0.03153477546133815,0.23716241917078737,0.9266575717356169,0.9625010367996636,2.9418265510570025,4.4287028402329485
tsb_nb,dead13,0.99,2,13,0.95,26,lumpy,2290,0.9771850739336431,0.9797737197300516,0.053801478352692715,7.790049289095411,3.842507124238471,0.08436661016470935,0.1759825327510917,0.9668085943328871,0.9851641816753117,6.03835292148715,9.785839179859732
tsb_nb,dead26,0.99,2,13,0.95,26,all,11442,0.9828393923999859,0.9829217714639844,0.03752585958572289,4.407649648575041,1.2036440298179694,0.0034161079068769527,0.08197867505680825,0.979718353009273,0.9851331600558078,4.055338854484997,4.775540135861799
tsb_nb,dead26,0.99,2,13,0.95,26,smooth,2265,0.9869075538770655,0.9822797511539233,0.020511986619587436,2.5866804201302322,0.13878933680977887,0.0012784673176042094,0.026931567328918323,0.9837248555522762,0.9895014621699305,2.432239228372903,2.7702062372013083
tsb_nb,dead26,0.99,2,13,0.95,26,erratic,1629,0.9822783305329114,0.9889223729002734,0.013562912097297666,7.150048493933548,2.597228379606743,0.003991144964242067,0.02332719459791283,0.9739950381918048,0.988456494603828,5.901474839260079,8.68872417893294
tsb_nb,dead26,0.99,2,13,0.95,26,intermittent,5258,0.951755865291996,0.9801860368615789,0.09836065573770492,3.8248723020872264,0.9619923609148671,0.010100365545720563,0.12095853936858121,0.9317152927268303,0.9655615796055348,3.1994632058022474,4.765909734273401
tsb_nb,dead26,0.99,2,13,0.95,26,lumpy,2290,0.9804427988219233,0.9855696705041683,0.0383843717001056,8.375319858231453,4.082083381262331,0.010728137323630335,0.08864628820960699,0.9706538927927916,0.987322490684362,6.380648209484302,10.800836070665044
ets,none,0.5,2,13,0.95,26,all,11442,0.8523132869068113,0.8691900653096248,0.28742765862728153,0.7669517893074929,0.09745826646419034,0.0,0.0,0.8440932719004364,0.8598041524284188,0.7107922034629129,0.8240955585983719
ets,none,0.5,2,13,0.95,26,smooth,2265,0.8666318350121966,0.7612883804936785,0.27631945734993496,0.5684643608335406,0.019988508913991572,0.0,0.0,0.8593039348582296,0.8736788064835067,0.5325198691922558,0.6046491966327338
ets,none,0.5,2,13,0.95,26,erratic,1629,0.8405905096864639,0.7856465204531503,0.262444057258037,1.02225211916315,0.14970577447493902,0.0,0.0,0.8019076449186264,0.8681904672381564,0.8507707812785158,1.2957899818949068
ets,none,0.5,2,13,0.95,26,intermittent,5258,0.8243709301512928,0.9327864034026073,0.33366234657969274,0.9863444516358398,0.26257182532809475,0.0,0.0,0.7957523612921038,0.8501952140645198,0.8319598730089783,1.16351722763433
ets,none,0.5,2,13,0.95,26,lumpy,2290,0.8148804885936222,0.8893211591901549,0.29440337909186903,1.1279715073868533,0.32350315029158916,0.0,0.0,0.7730865034619533,0.8445746318903754,0.8518144925744574,1.55580557288936
ets,quantile,0.5,2,13,0.95,26,all,11442,0.8523024038687645,0.869054996742464,0.2877244437461265,0.7579546262823036,0.09144651511517947,0.0006370464056629111,0.01669288585911554,0.8440814697149659,0.8597886767140833,0.7047949780322854,0.8076889166242921
ets,quantile,0.5,2,13,0.95,26,smooth,2265,0.8666318350121966,0.7612883804936785,0.27631945734993496,0.5682815786467399,0.019945635739293466,2.9903703355262716e-05,0.0008830022075055188,0.8593039348582296,0.8736788064835067,0.5325198691922558,0.6045832164075577
ets,quantile,0.5,2,13,0.95,26,erratic,1629,0.8405905096864639,0.7856465204531503,0.262444057258037,1.0217041159679143,0.14943626708341973,8.770950611574465e-05,0.0006138735420503376,0.8019076449186264,0.8681904672381564,0.8502804796588052,1.294591298957346
ets,quantile,0.5,2,13,0.95,26,intermittent,5258,0.8242038061726482,0.9324924789930495,0.33512144880267786,0.9711726329927042,0.2548105877598398,0.0014463820697241238,0.03347280334728033,0.7955601013568924,0.8500669297457268,0.8206940617686378,1.147171409947731
ets,quantile,0.5,2,13,0.95,26,lumpy,2290,0.8148783182239431,0.8893211591901549,0.29440337909186903,1.0411502091151186,0.26299194141738164,0.005625598208142793,0.005240174672489083,0.7730864457658732,0.8445746318903754,0.8245240239805286,1.3206734187371518
ets,fixed,0.5,2,13,0.95,26,all,11442,0.8521414903776453,0.8669375983219717,0.2923769869327258,0.7512473710661218,0.08759516342242007,0.004610715672468751,0.3103478412864884,0.843928925650101,0.8596691570877467,0.6972721318530221,0.8080768008313364
ets,fixed,0.5,2,13,0.95,26,smooth,2265,0.866630827022196,0.761248244029701,0.27636591711577774,0.5680833406132612,0.01998333456532111,0.00013843062676818245,0.032671081677704196,0.8593035383325393,0.8736772764385986,0.5321014985813669,0.6043200736870783
ets,fixed,0.5,2,13,0.95,26,erratic,1629,0.8405854355828043,0.7855907137675093,0.2625123842711216,1.0104997702155916,0.14677787168896617,0.002937906018901761,0.044812768569674644,0.8019020576418409,0.86818928391608,0.8389376523796113,1.2878198682814166
ets,fixed,0.5,2,13,0.95,26,intermittent,5258,0.8224961029726798,0.9288357135447284,0.3532743970474637,0.8528427788767444,0.15835331224532584,0.04213955156078603,0.49733739064282995,0.7938627902663261,0.8485610506453853,0.7283231856788048,1.0047953769306006
ets,fixed,0.5,2,13,0.95,26,lumpy,2290,0.8143227035861018,0.8872171496625645,0.3,1.0855906986637034,0.2965923025668962,0.011702633309531613,0.3445414847161572,0.772498719739148,0.844236954338644,0.8228247001679314,1.499943635884234
ets,dead13,0.5,2,13,0.95,26,all,11442,0.8517463972285566,0.863735678759276,0.2994125400441686,0.7328974028795741,0.08285750488473502,0.0033426474000616446,0.16238419856668415,0.8434677766161964,0.8593523866112746,0.6818229609562803,0.7877437326553134
ets,dead13,0.5,2,13,0.95,26,smooth,2265,0.866568667638817,0.760485651214128,0.27724865266679055,0.5636670004233559,0.01926853525613026,0.001056709517441587,0.04856512141280353,0.8592707801472076,0.8736575151976407,0.5278379704189923,0.6005999974716137
ets,dead13,0.5,2,13,0.95,26,erratic,1629,0.840473080430342,0.7843629666834087,0.2640155785589833,0.989253773320943,0.14213724145629675,0.0035105548604838954,0.057704112952731736,0.8018437261802799,0.8681301183394484,0.8146550065041703,1.2616620077335041
ets,dead13,0.5,2,13,0.95,26,intermittent,5258,0.8201168652403394,0.9241329229918047,0.37662003261522614,0.7952913578671332,0.12714123799366145,0.008088800566398357,0.23716241917078737,0.7915240937198864,0.8467131191123322,0.6798954918295106,0.9374610507351748
ets,dead13,0.5,2,13,0.95,26,lumpy,2290,0.8123476671781504,0.8836443032949584,0.30950369588173177,1.013907728903464,0.2844881508667371,0.014215921397891703,0.1777292576419214,0.77108123894096,0.8429819603075063,0.7874000846848533,1.3653801008226942
ets,dead26,0.5,2,13,0.95,26,all,11442,0.8521582036146457,0.8669654065563872,0.29231588411414006,0.7555284861577473,0.08916682958833742,0.0004722461152412672,0.10531375633630484,0.8439317215388584,0.8596682147844953,0.7008888417143946,0.8119695543549428
ets,dead26,0.5,2,13,0.95,26,smooth,2265,0.8666311630188629,0.7612683122616898,0.2763426872328563,0.568176411689996,0.01998333456532111,4.4015563365611415e-05,0.027373068432671083,0.8593035383325393,0.8736778916901331,0.5322753103893508,0.6043972836933494
ets,dead26,0.5,2,13,0.95,26,erratic,1629,0.840584710710853,0.7855907137675093,0.2625123842711216,1.019433817016224,0.1496802589822508,0.0005356803720622752,0.024554941682013505,0.801898875978832,0.8681881005940033,0.8471663220344683,1.2944533419152724
ets,dead26,0.5,2,13,0.95,26,intermittent,5258,0.8224991415904733,0.9288616480514541,0.35314565273367093,0.8616638863313855,0.16118773492313815,0.003099390149408837,0.15728413845568656,0.7938576142131798,0.8485790509745436,0.7353793264629099,1.0148766604150739
ets,dead26,0.5,2,13,0.95,26,lumpy,2290,0.8145071850088226,0.8872766971020246,0.29984160506863783,1.0997501904499394,0.30342983520383027,0.0011719996266964152,0.1205240174672489,0.7725997946806109,0.8442780505392751,0.8297144237780024,1.5220506253619375
ets,none,0.8,2,13,0.95,26,all,11442,0.9354468711459956,0.9476251767809187,0.11508279431918367,1.655741910307442,0.29813301482308646,0.0,0.0,0.9298798381664535,0.9399799515891774,1.5231263438817877,1.7745419515913377
ets,none,0.8,2,13,0.95,26,smooth,2265,0.9440928425990014,0.9119004615693358,0.10197918602490244,1.1049929104703282,0.05158012512515876,0.0,0.0,0.9390322746514107,0.9492429219535379,1.0377922641820774,1.1763556887376738
ets,none,0.8,2,13,0.95,26,erratic,1629,0.9307993742905316,0.9422958870472683,0.07065013152950018,2.432422362589649,0.4603935764747158,0.0,0.0,0.9102828698631852,0.9479601637104805,2.007536915997017,3.1326077436327115
ets,none,0.8,2,13,0.95,26,intermittent,5258,0.9030832854751031,0.96121926760953,0.19251566389151145,1.78881302473131,0.5800605900388032,0.0,0.0,0.8826255063554251,0.921303828734037,1.4952757618325794,2.1287376839440966
ets,none,0.8,2,13,0.95,26,lumpy,2290,0.9166295895179826,0.9555379118697896,0.11826821541710665,2.792764421563925,1.2035394388726233,0.0,0.0,0.8956487182963155,0.935631972398753,2.129497530209815,3.60376992329331
ets,quantile,0.8,2,13,0.95,26,all,11442,0.9354375428276698,0.947498053423591,0.1153621214898613,1.6477489018820268,0.2920130938494899,0.0006675577801867296,0.017566858940744626,0.9298696339672625,0.9399693685458951,1.5115136618097715,1.7637475562226992
ets,quantile,0.8,2,13,0.95,26,smooth,2265,0.9440928425990014,0.9119004615693358,0.10197918602490244,1.1046945454301094,0.05150916262910672,4.199958336413303e-05,0.0013245033112582781,0.9390322746514107,0.9492429219535379,1.0377857506074675,1.176262584039398
ets,quantile,0.8,2,13,0.95,26,erratic,1629,0.9307993742905316,0.9422958870472683,0.07065013152950018,2.4320903712359216,0.46008101168928517,0.00010075720124040089,0.0012277470841006752,0.9102828698631852,0.9479601637104805,2.0072494673040535,3.1321764207848033
ets,quantile,0.8,2,13,0.95,26,intermittent,5258,0.9029404704388068,0.9609426328711228,0.19388893657196807,1.7738721410404832,0.5719383646766759,0.0015223475145625758,0.03385317611259034,0.8824618956215142,0.9211910716042438,1.4860649571661342,2.1091927913038773
ets,quantile,0.8,2,13,0.95,26,lumpy,2290,0.9166274191483035,0.9555379118697896,0.11826821541710665,2.71709231233356,1.1423884050170265,0.005794887043110053,0.007860262008733625,0.8956487182963155,0.935631972398753,2.1143282720925125,3.401181093783622
ets,fixed,0.8,2,13,0.95,26,all,11442,0.934679033943807,0.9425164068583052,0.12630825499079093,1.540661945241994,0.22514801903443354,0.03188574675714617,0.3668938996678902,0.9291371606008193,0.939342977004572,1.4209474151559218,1.6502310521527193
ets,fixed,0.8,2,13,0.95,26,smooth,2265,0.9439698678189112,0.9115191651615493,0.10242055380040885,1.0918685446640368,0.04540047442729368,0.0037473708260814054,0.045033112582781455,0.9388880116658337,0.9491142926385328,1.025074761652811,1.1599092038591192
ets,fixed,0.8,2,13,0.95,26,erratic,1629,0.9305645157782878,0.9410123332775266,0.07222165283044651,2.3285373388790873,0.41984148500167445,0.023482951736575733,0.09883364027010436,0.910112571084902,0.9477616927869857,1.9197918066323398,2.961529796601827
ets,fixed,0.8,2,13,0.95,26,intermittent,5258,0.8986803282922664,0.9550122756665168,0.2233284696592567,1.4254308000376787,0.2918118366317529,0.11214930552390329,0.5484975275770255,0.8770909839584118,0.9175786610753619,1.2069000647325663,1.6596572789476731
ets,fixed,0.8,2,13,0.95,26,lumpy,2290,0.9126968796595124,0.9455537911869789,0.14482576557550159,2.1629361629166297,0.755671501526855,0.18147546071522364,0.4589519650655022,0.8917355715597318,0.9316006893825061,1.6557480355498533,2.793255171288154
ets,dead13,0.8,2,13,0.95,26,all,11442,0.9345814752813169,0.9404546249066438,0.13083859254021873,1.5413745898940885,0.21456663548158028,0.00685437056977757,0.16238419856668415,0.9289607790091791,0.9391556186871499,1.4212136166045939,1.664215480804208
ets,dead13,0.8,2,13,0.95,26,smooth,2265,0.9439890196289252,0.9109171182018864,0.10311745028805056,1.0824895337038258,0.03592772039701366,0.0021312268582295664,0.04856512141280353,0.9388760870502569,0.9491134568566099,1.0186736935380598,1.1490858064156344
ets,dead13,0.8,2,13,0.95,26,erratic,1629,0.9306370029734248,0.9404542664211173,0.07290492296129275,2.3426071034551748,0.41191414036710416,0.007034157416092447,0.057704112952731736,0.9101558162141437,0.9477989447816315,1.9149409540368554,2.9848959273170292
ets,dead13,0.8,2,13,0.95,26,intermittent,5258,0.897097208421833,0.9508281752481068,0.244099218951163,1.3527227534738997,0.22319073100028256,0.014026259734971756,0.23716241917078737,0.8757166059669039,0.9161654695770843,1.1523308093624942,1.5724898625623516
ets,dead13,0.8,2,13,0.95,26,lumpy,2290,0.912397368643801,0.9458515283842794,0.1440337909186906,2.241284337961285,0.7714379350234726,0.031702589902138034,0.1777292576419214,0.8901952083155231,0.9318590356514075,1.735711402537909,2.8455400013248244
ets,dead26,0.8,2,13,0.95,26,all,11442,0.9351402026810364,0.9445305175509685,0.12188266513036723,1.5993121919954476,0.2568126457792663,0.0023254720226242812,0.10531375633630484,0.9295656858381818,0.9397003894888616,1.4708857770238377,1.7176525548421309
ets,dead26,0.8,2,13,0.95,26,smooth,2265,0.944075370772322,0.9118201886413807,0.102072105556588,1.0969686380711103,0.04876527944842787,0.0006528415238120838,0.027373068432671083,0.9390129899356426,0.9492263659314948,1.0298194244391898,1.1659770904719904
ets,dead26,0.8,2,13,0.95,26,erratic,1629,0.9307819773636987,0.9421284669903455,0.07085511256875406,2.413783005232126,0.46014161098441964,0.002747989567642876,0.024554941682013505,0.910268548721735,0.9479347704748494,1.9851408394063117,3.0993034484719373
ets,dead26,0.8,2,13,0.95,26,intermittent,5258,0.9001358262153711,0.9563435803451018,0.21671959488455927,1.4813444060565728,0.3158776895565745,0.00636286565966873,0.15728413845568656,0.8788906658059665,0.918713038369364,1.254165991592686,1.724100152186123
ets,dead26,0.8,2,13,0.95,26,lumpy,2290,0.9154749528487187,0.9514688368400159,0.12909186906019007,2.4898177106506547,0.9497103641663285,0.008980989731981049,0.1205240174672489,0.8946906516624027,0.9342872021427743,1.9222826055019657,3.174020585098438
ets,none,0.9,2,13,0.95,26,all,11442,0.9553770175889329,0.9638890213090527,0.07934637442061435,2.1980473886344543,0.4405120313929006,0.0,0.0,0.9503025187855098,0.9589452549861504,2.0207996717867425,2.3611616437018155
ets,none,0.9,2,13,0.95,26,smooth,2265,0.9635846812399621,0.9449729078868152,0.06369633897045159,1.453130816942296,0.07056924555308412,0.0,0.0,0.9583040331574585,0.9685273605265918,1.3585530910779144,1.5470417714310087
ets,none,0.9,2,13,0.95,26,erratic,1629,0.9506369449836687,0.9636977509905686,0.044446722011547264,3.2603682059564183,0.7201699969700354,0.0,0.0,0.9330139714621987,0.9653305836000489,2.6809015628810475,4.185673025859328
ets,none,0.9,2,13,0.95,26,intermittent,5258,0.9245663132754173,0.9698727480203326,0.14955797785597802,2.287985001382571,0.781324655040915,0.0,0.0,0.9066244104531437,0.9392759238445637,1.910182284697512,2.7447476905739747
ets,none,0.9,2,13,0.95,26,lumpy,2290,0.93855900475528,0.9689956331877729,0.08247096092925027,3.764855637860797,1.7493913198235054,0.0,0.0,0.9210062604021887,0.9538964408013095,2.8890602041586813,4.760054120512554
ets,quantile,0.9,2,13,0.95,26,all,11442,0.9553688553103978,0.9637738157664744,0.07959951466904094,2.1905699641365026,0.43433695673720296,0.0006889351763499146,0.01782905086523335,0.9502934300425298,0.958935684845946,2.01385391840032,2.352467530709458
ets,quantile,0.9,2,13,0.95,26,smooth,2265,0.9635846812399621,0.9449729078868152,0.06369633897045159,1.4527618926020256,0.0704834992036879,4.939151003622044e-05,0.0013245033112582781,0.9583040331574585,0.9685273605265918,1.3582342378955892,1.5469649889759531
ets,quantile,0.9,2,13,0.95,26,erratic,1629,0.9506369449836687,0.9636977509905686,0.044446722011547264,3.2600159181880524,0.7198382955650885,0.00010800592075409879,0.0012277470841006752,0.9330139714621987,0.9653305836000489,2.6805647695697967,4.185244796608346
ets,quantile,0.9,2,13,0.95,26,intermittent,5258,0.9244417299458823,0.969622047788651,0.15080250622264182,2.2739374713230447,0.7731422650464757,0.0015375406035302661,0.03385317611259034,0.9064624271060016,0.9391498665609247,1.8997235204031224,2.72635617481318
ets,quantile,0.9,2,13,0.95,26,lumpy,2290,0.9385568343856009,0.9689956331877729,0.08247096092925027,3.6948199786869695,1.6878201023980415,0.005953324029681976,0.009170305676855894,0.921001702474433,0.9538963877649796,2.876370918027242,4.59257780215941
ets,fixed,0.9,2,13,0.95,26,all,11442,0.9542648099685519,0.9579142235146431,0.09247475144246296,2.009190142610553,0.3210949035898867,0.05064285717062,0.39293829750043696,0.9491803408459308,0.957983430960915,1.854225625891129,2.15657046359549
ets,fixed,0.9,2,13,0.95,26,smooth,2265,0.9634281067931806,0.9445113385510736,0.06423062627764356,1.4324025105670952,0.060559837646410555,0.0057542789175531375,0.052538631346578366,0.9580889889772803,0.9684110564857585,1.3405129919624839,1.52036562857226
ets,fixed,0.9,2,13,0.95,26,erratic,1629,0.9500403753676913,0.961577096936213,0.04704314850876294,3.0601824937624773,0.6399636404229193,0.0425021419966163,0.12829957028852057,0.9323347485448078,0.9648914644050028,2.5105939459585653,3.8913130993743197
ets,fixed,0.9,2,13,0.95,26,intermittent,5258,0.9193854699374349,0.9627407586707701,0.1849626641490001,1.774631795488868,0.3685016879521843,0.15713300333944097,0.5794979079497908,0.9008672551902412,0.9347176420900417,1.5060981310448107,2.071619646487365
ets,fixed,0.9,2,13,0.95,26,lumpy,2290,0.9326360659011049,0.9574831282254863,0.11309398099260824,2.755664122269946,1.0154213447176457,0.28891310056841984,0.48951965065502184,0.9135477034765309,0.947346546007473,2.1294957676268265,3.46612042322308
ets,dead13,0.9,2,13,0.95,26,all,11442,0.9544434083964971,0.9563053185234622,0.09600998594635173,2.0398181211134436,0.3178882941654089,0.008721200274718975,0.16238419856668415,0.9493666889465543,0.9580186336988686,1.877292380068017,2.203388458087096
ets,dead13,0.9,2,13,0.95,26,smooth,2265,0.9634748103298816,0.9439293598233995,0.06490429288236388,1.4212695970055977,0.046814549999664,0.0027108211086546022,0.04856512141280353,0.9581351926186836,0.9684454293296219,1.330523504593955,1.5080374454414192
ets,dead13,0.9,2,13,0.95,26,erratic,1629,0.9504666000750968,0.9618840337072381,0.04666734993679751,3.140773032443819,0.6496372015883394,0.008876781916474456,0.057704112952731736,0.9328362496290862,0.9652353828403346,2.555404669299226,4.020271544269372
ets,dead13,0.9,2,13,0.95,26,intermittent,5258,0.9179603581922655,0.9588160033196169,0.20444597030297829,1.7061990841605967,0.2864371294785428,0.017390009632418407,0.23716241917078737,0.8982147779278818,0.9337683925640766,1.457267419169688,1.9820453747305748
ets,dead13,0.9,2,13,0.95,26,lumpy,2290,0.9340706802589686,0.9588130210400952,0.10955649419218585,2.9772067776304336,1.098049488769422,0.04088759438395142,0.1777292576419214,0.9150758818430212,0.949426470835326,2.354141147774894,3.714034340199451
ets,dead26,0.9,2,13,0.95,26,all,11442,0.9550392547295545,0.9606394304873591,0.08648667522106127,2.116699205654826,0.380162786928383,0.003317771884526302,0.10531375633630484,0.9499784424977104,0.9585986214096539,1.9469904974629204,2.284479924560387
ets,dead26,0.9,2,13,0.95,26,smooth,2265,0.9635672094132827,0.9448926349588601,0.06378925850213715,1.4410178011034132,0.06607051898045171,0.0009723743540464079,0.027373068432671083,0.958283553896983,0.9685266548363461,1.3498930367322377,1.531542969349973
ets,dead26,0.9,2,13,0.95,26,erratic,1629,0.9506173734409816,0.9635303309336458,0.044651703050801135,3.2334276150118084,0.71978088570654,0.003906334945931801,0.024554941682013505,0.9329918632814889,0.9653175775597762,2.6483722629590387,4.151756410410841
ets,dead26,0.9,2,13,0.95,26,intermittent,5258,0.921278528822809,0.9647031363463467,0.175221011072011,1.8710380222244505,0.4146145361398007,0.008265040398423565,0.15728413845568656,0.9027492940765705,0.9364240049008358,1.585962048042979,2.18544241414248
ets,dead26,0.9,2,13,0.95,26,lumpy,2290,0.937306701450458,0.9648273124255657,0.09355860612460401,3.3130845076841937,1.3675685999596312,0.013171973582260266,0.1205240174672489,0.9197930570033295,0.9527915242336388,2.5718662727273616,4.184225171247904
ets,none,0.95,2,13,0.95,26,all,11442,0.9658875059225105,0.9724936835581828,0.060439416555372244,2.665071783352916,0.5734623336109803,0.0,0.0,0.9613029822371736,0.9690183195874456,2.447404080919203,2.8614437312684693
ets,none,0.95,2,13,0.95,26,smooth,2265,0.9736881010140379,0.9612683122616897,0.044833674038282846,1.7601783470307975,0.08791587987447165,0.0,0.0,0.9688899317668964,0.9780751236757321,1.640786471700061,1.8726054348257053
ets,none,0.95,2,13,0.95,26,erratic,1629,0.961259943430993,0.9743568279479882,0.03139626251238427,3.963643322407097,0.9770791139745165,0.0,0.0,0.9463995349024601,0.9733939765495444,3.25660299668449,5.066400692148099
ets,none,0.95,2,13,0.95,26,intermittent,5258,0.9371279592339037,0.97509422870777,0.12363745601235945,2.717545283001668,0.9586966760559955,0.0,0.0,0.9208094221005083,0.9500078583366472,2.2688528659213767,3.270961321239993
ets,none,0.95,2,13,0.95,26,lumpy,2290,0.9498970159587282,0.9763001190948789,0.06304118268215417,4.584641161929111,2.2262041753571884,0.0,0.0,0.9349852730152746,0.9629844525804403,3.54015246716519,5.7618534835832715
ets,quantile,0.95,2,13,0.95,26,all,11442,0.9658793436439754,0.9723784780156044,0.06069255680379885,2.6579774029262158,0.5672350981086446,0.000712450312129418,0.018353434714210803,0.9612949790041729,0.9690113010887935,2.4392227925719765,2.8546221319745038
ets,quantile,0.95,2,13,0.95,26,smooth,2265,0.9736881010140379,0.9612683122616897,0.044833674038282846,1.7597502872771502,0.0878183064424001,5.5439450040655596e-05,0.0013245033112582781,0.9688899317668964,0.9780751236757321,1.6404050569130757,1.8722689805663497
ets,quantile,0.95,2,13,0.95,26,erratic,1629,0.961259943430993,0.9743568279479882,0.03139626251238427,3.963198251028956,0.9767282759500535,0.00012612771953834356,0.001841620626151013,0.9463995349024601,0.9733939765495444,3.256204859210484,5.06622706732446
ets,quantile,0.95,2,13,0.95,26,intermittent,5258,0.9370033759043687,0.9748435284760884,0.12488198437902326,2.70407205170512,0.9503872718377864,0.001570965399259185,0.034613921643210345,0.9207146895921375,0.9499091579018083,2.2584078549358613,3.25323680927171
ets,quantile,0.95,2,13,0.95,26,lumpy,2290,0.9498948455890491,0.9763001190948789,0.06304118268215417,4.519132893905819,2.164274846934678,0.006098738798179494,0.00960698689956332,0.9349851561453321,0.9629844525804403,3.527297299408266,5.591211629994948
ets,fixed,0.95,2,13,0.95,26,all,11442,0.9646872622979301,0.9658197072984698,0.07510409301594784,2.4067245903410703,0.4101770786894179,0.06725328832937981,0.4165355707044223,0.9600581584996773,0.9677536934808081,2.224654851921977,2.5856501059911996
ets,fixed,0.95,2,13,0.95,26,smooth,2265,0.9735164067172454,0.9607465382299819,0.045437650994238986,1.7324717258804794,0.07455349402933924,0.007475925838815679,0.05783664459161148,0.9687037232058465,0.9780468083487147,1.6207834205806773,1.8376753316332453
ets,fixed,0.95,2,13,0.95,26,erratic,1629,0.9604285153027717,0.9716502036944026,0.03471012264698849,3.6581308161913197,0.8481796290685251,0.0628137789459492,0.16758747697974216,0.9453570699835628,0.972583877813017,3.021191583399438,4.624363433995694
ets,fixed,0.95,2,13,0.95,26,intermittent,5258,0.9313819329863232,0.9672014938275874,0.1628186421766372,2.0733886969495314,0.436801915544657,0.19599084768320588,0.604031951312286,0.9143279957441962,0.9454983057870116,1.7637067207842057,2.4242826171830267
ets,fixed,0.95,2,13,0.95,26,lumpy,2290,0.9441954548118181,0.9635172687574435,0.09704329461457234,3.253260437850379,1.247677812961882,0.37472517693938806,0.5179039301310043,0.9272350644766604,0.9574716018839929,2.528013038010069,4.051838283033426
ets,dead13,0.95,2,13,0.95,26,all,11442,0.9649086155182017,0.964619980613688,0.07774024318921798,2.4705804274002245,0.4183193013400518,0.010258429398817092,0.16238419856668415,0.9603445188033022,0.9681369505992781,2.2716333262373376,2.668595540649536
ets,dead13,0.95,2,13,0.95,26,smooth,2265,0.9735825980606272,0.9602046959662853,0.04606485783311652,1.7205700519450848,0.05745744602213546,0.0031886083690049797,0.04856512141280353,0.9687596502313276,0.978016971699657,1.6089239179774142,1.8257606649336107
ets,dead13,0.95,2,13,0.95,26,erratic,1629,0.9610809000590046,0.9724873039790167,0.03368521745071914,3.8195800961760105,0.8883521775878291,0.010388139935080467,0.057704112952731736,0.9460516679062153,0.9732272645777718,3.1039376841937516,4.874033209860745
ets,dead13,0.95,2,13,0.95,26,intermittent,5258,0.9301178679842114,0.9636138870638681,0.1806282722513089,2.0143757007812284,0.34796549345633654,0.020149074588950978,0.23716241917078737,0.9123875313549672,0.9443748791542957,1.724279797847208,2.3425606321996253
ets,dead13,0.95,2,13,0.95,26,lumpy,2290,0.945189484124831,0.9657006748709805,0.09123548046462514,3.6020236526887626,1.3922114113696984,0.04847303641229211,0.1777292576419214,0.9285296034831592,0.9585857526321194,2.853885562439944,4.475817166859853
ets,dead26,0.95,2,13,0.95,26,all,11442,0.9655279769870387,0.9691209419840778,0.06785031555241312,2.5630905262765125,0.4972621774393844,0.004138469557227484,0.10531375633630484,0.96092048169856,0.968658653954088,2.3613665195965376,2.765700145318827
ets,dead26,0.95,2,13,0.95,26,smooth,2265,0.9736706291873585,0.9611679711017459,0.044949823452889795,1.744682180752767,0.08202303593148356,0.0012368037309069893,0.027373068432671083,0.9688713055847613,0.9780743814623465,1.6309235361710395,1.85317646666555
ets,dead26,0.95,2,13,0.95,26,erratic,1629,0.9612381972724519,0.9741894078910653,0.03160124355163814,3.9298838610159517,0.9765847513036823,0.004860266433934446,0.024554941682013505,0.9463545195750745,0.9733936485713659,3.2155807859474304,5.028267799143837
ets,dead26,0.95,2,13,0.95,26,intermittent,5258,0.9336426646247155,0.9697517203222795,0.1501587846536778,2.209506619628863,0.5062920658650792,0.009911971242521201,0.15728413845568656,0.9165753923608659,0.9473881051317736,1.8773820955044584,2.5876596193206964
ets,dead26,0.95,2,13,0.95,26,lumpy,2290,0.9485492163880274,0.9719333068678047,0.07465681098204857,4.0097753450345195,1.7378887945983839,0.01659681693582868,0.1205240174672489,0.9334963393097367,0.961776047528123,3.1218514185565467,5.044829579919194
ets,none,0.99,2,13,0.95,26,all,11442,0.9777132871400193,0.9820716340118543,0.039393860039629545,3.565979389858019,0.8582977529247193,0.0,0.0,0.9740752125706706,0.9801419525403348,3.2716226149864798,3.8284084485828154
ets,none,0.99,2,13,0.95,26,smooth,2265,0.9838056326481242,0.977924944812362,0.025552871213529085,2.3629116799161354,0.1261764923291961,0.0,0.0,0.9797579632440352,0.9873129889369974,2.200623872108348,2.508305525579805
ets,none,0.99,2,13,0.95,26,erratic,1629,0.9744634860251936,0.9855181650761762,0.01773085989545967,5.305577744691401,1.55533672476757,0.0,0.0,0.9631362672657618,0.9831873177944014,4.352491039955497,6.745273143014585
ets,none,0.99,2,13,0.95,26,intermittent,5258,0.9528710380222245,0.9818372004564473,0.09016393442622951,3.5435023716411873,1.3058800292922754,0.0,0.0,0.9378648085193426,0.9644229434895671,2.9637862763323986,4.27348412077851
ets,none,0.99,2,13,0.95,26,lumpy,2290,0.9658340405121204,0.9842596268360461,0.041869060190073915,6.14464211689177,3.180708452070641,0.0,0.0,0.9522596626990348,0.9755086994968677,4.781464498776126,7.639468488538564
ets,quantile,0.99,2,13,0.95,26,all,11442,0.9777045418415888,0.9819723188889419,0.03961208439172144,3.559366195184955,0.8518956503217687,0.0007713353215607365,0.01914001048767698,0.9740649150842767,0.9801312661980646,3.265730421661069,3.8176144477043783
ets,quantile,0.99,2,13,0.95,26,smooth,2265,0.9838056326481242,0.9779450130443508,0.025529641330607693,2.3623626613623996,0.12605526473177386,6.85433200502651e-05,0.0017660044150110375,0.9797579632440352,0.9873129889369974,2.2005585696385044,2.5078887988372633
ets,quantile,0.99,2,13,0.95,26,erratic,1629,0.9744634860251936,0.9855181650761762,0.01773085989545967,5.304408526233841,1.5548311990686847,0.00018919157930751533,0.0024554941682013503,0.9631362672657618,0.9831873177944014,4.3513715237141595,6.744205650429067
ets,quantile,0.99,2,13,0.95,26,intermittent,5258,0.9527373388393088,0.9816124347314914,0.0912797184791005,3.531101772425759,1.29739013117713,0.0016742784042394795,0.03575503993914036,0.9376865486485135,0.9642998010769831,2.953671304470224,4.257037536238098
ets,quantile,0.99,2,13,0.95,26,lumpy,2290,0.9658318701424413,0.9842596268360461,0.041869060190073915,6.0866910760909905,3.1175710958847622,0.006409101662286137,0.010043668122270743,0.95225609392736,0.9755086994968677,4.768034635929297,7.492988830096006
ets,fixed,0.99,2,13,0.95,26,all,11442,0.9761844146344213,0.9741462872034451,0.05680816333656306,3.1583884319524445,0.5970227894703497,0.10226985192460698,0.4564761405348715,0.9724980951440957,0.978345851746235,2.9332455336845844,3.3963583326349815
ets,fixed,0.99,2,13,0.95,26,smooth,2265,0.9836043706446432,0.9772426249247441,0.026342687232856345,2.3208465772019546,0.1059832270463877,0.01087856408464428,0.07019867549668875,0.9794289512160407,0.987233781112852,2.1609598063507987,2.4634840828014952
ets,fixed,0.99,2,13,0.95,26,erratic,1629,0.97318626164688,0.9804397566828507,0.023948618086160365,4.752901299985358,1.2968615943993496,0.10926574820557948,0.21669736034376919,0.9615469789136879,0.9822722352177031,3.9276424640621337,5.935289095823343
ets,fixed,0.99,2,13,0.95,26,intermittent,5258,0.9462073492009955,0.9728465714582109,0.13479529654106945,2.641652764990261,0.5680410334946838,0.2728283758284032,0.6470140737923165,0.9299571775611819,0.9587742241326577,2.2546404839055207,3.079730711537129
ets,fixed,0.99,2,13,0.95,26,lumpy,2290,0.95864360576537,0.969591107582374,0.0808870116156283,4.163374577591801,1.6941753788922866,0.5498414544949441,0.5716157205240174,0.9428320106743837,0.9696642919804542,3.263123502888437,5.095880099723371
ets,dead13,0.99,2,13,0.95,26,all,11442,0.9766772607859653,0.9738999856986224,0.057349359729750964,3.3032428343939757,0.6415262528028681,0.013152345819416973,0.16238419856668415,0.9729554573804801,0.9790719022471969,3.0437871266935037,3.5631707754063613
ets,dead13,0.99,2,13,0.95,26,smooth,2265,0.983709537601387,0.9768813967489465,0.026760825125441368,2.308784632856442,0.08313256412496389,0.0040867274596636,0.04856512141280353,0.9796238440150317,0.9872243351579623,2.1574256150135573,2.452614894635561
ets,dead13,0.99,2,13,0.95,26,erratic,1629,0.9742808182934485,0.9836486411072046,0.02001981483379454,5.1152386930848674,1.432135168322516,0.013247034911282922,0.057704112952731736,0.9628401104451951,0.9830173517267404,4.154325990458379,6.495175134836223
ets,dead13,0.99,2,13,0.95,26,intermittent,5258,0.9453109569519017,0.969846813513607,0.14968672216977083,2.6133966581281505,0.4762966541779475,0.025290415895617403,0.23716241917078737,0.92875554144912,0.9579896790613143,2.2417543779300244,3.047493651442298
ets,dead13,0.99,2,13,0.95,26,lumpy,2290,0.96083133840187,0.9733227471218737,0.070960929250264,4.794301043296705,1.9992907231888808,0.06275840963991397,0.1777292576419214,0.9452695752386299,0.9719024705778615,3.8107642566411326,5.924527671577371
ets,dead26,0.99,2,13,0.95,26,all,11442,0.9773238298499191,0.9785757416853379,0.04707535723326437,3.4252125399028532,0.7521948950000602,0.005677836420941919,0.10531375633630484,0.973691235554274,0.9797350443518765,3.1447367786962435,3.6929504621758698
ets,dead26,0.99,2,13,0.95,26,smooth,2265,0.9837837928647748,0.9778446718844069,0.025645790745214645,2.341103816250143,0.11767725504163,0.001731726821269933,0.027373068432671083,0.9797167239301914,0.9872941874963018,2.1880302192341015,2.4840192898533218
ets,dead26,0.99,2,13,0.95,26,erratic,1629,0.9744381155068957,0.9853507450192533,0.01793584093471354,5.258916287437825,1.5545967754796117,0.006660848361137005,0.024554941682013505,0.9630905788878535,0.9831866340760153,4.298074440096094,6.692661505314244
ets,dead26,0.99,2,13,0.95,26,intermittent,5258,0.9491760787852821,0.9762958608527266,0.11767230280662604,2.8645900752665625,0.6913517898978112,0.012895893915775593,0.15728413845568656,0.9333108340181705,0.9612586806228767,2.4408548250233695,3.3572845360859502
ets,dead26,0.99,2,13,0.95,26,lumpy,2290,0.964340826172922,0.9797141722905915,0.05395987328405491,5.338071973799297,2.4918127144596536,0.023068859318807772,0.1205240174672489,0.9495967947309318,0.9741059212212242,4.17431915671653,6.619857197138708
lgb_tweedie,none,0.5,2,13,0.95,26,all,11442,0.8471578363121115,0.8829313057157839,0.25723413727184646,0.7728194958743568,0.10337595727008318,0.0,0.0,0.8396531217161641,0.8538152544133201,0.7180514451980184,0.8340922586291596
lgb_tweedie,none,0.5,2,13,0.95,26,smooth,2265,0.8619067138853983,0.7763997591812162,0.25882735551012825,0.5681384440666348,0.02790156641646115,0.0,0.0,0.8541006082988772,0.8693496347800472,0.5339338351118496,0.6075252410642514
lgb_tweedie,none,0.5,2,13,0.95,26,erratic,1629,0.831630367495582,0.812405826217981,0.22968125448396023,0.96293584738256,0.1196102508491875,0.0,0.0,0.7992191593739245,0.8570489437352279,0.7875101569357337,1.2196062854989733
lgb_tweedie,none,0.5,2,13,0.95,26,intermittent,5258,0.8222074342822937,0.9419499291123483,0.28817268903956744,1.076706867580075,0.30435950494838904,0.0,0.0,0.7976169546856369,0.8419386750099829,0.9019737984786084,1.288969864663221
lgb_tweedie,none,0.5,2,13,0.95,26,lumpy,2290,0.8162000733584952,0.9029575228265184,0.2581309398099261,1.3086656350176125,0.39873988336433347,0.0,0.0,0.7973882393406662,0.83205085161014,0.9099322100793144,1.822878193625782
lgb_tweedie,quantile,0.5,2,13,0.95,26,all,11442,0.8471292683372389,0.882883634456786,0.25733888496085056,0.766661834079534,0.09971058892394351,0.0004666102562527912,0.0050690438734486976,0.8396496230439505,0.8537882564762855,0.714327982332667,0.826284552151886
lgb_tweedie,quantile,0.5,2,13,0.95,26,smooth,2265,0.8619067138853983,0.7763997591812162,0.25882735551012825,0.5680665407799156,0.02790156641646115,1.1087890008131119e-05,0.0004415011037527594,0.8541006082988772,0.8693496347800472,0.5339338351118496,0.607519449579358
lgb_tweedie,quantile,0.5,2,13,0.95,26,erratic,1629,0.8316151451846031,0.812405826217981,0.22968125448396023,0.962648073217866,0.11943164240036998,2.609539024931246e-05,0.001841620626151013,0.7991683098116404,0.8570063598482636,0.7874936913261569,1.2190953459905065
lgb_tweedie,quantile,0.5,2,13,0.95,26,intermittent,5258,0.8221892025755324,0.9419239946056226,0.2883014333533602,1.0659866240044726,0.2997335132195067,0.0012762194732859917,0.006276150627615063,0.7975993188264018,0.8419284624552037,0.8913056367241091,1.2764450612219185
lgb_tweedie,quantile,0.5,2,13,0.95,26,lumpy,2290,0.815939628997007,0.9027788805081381,0.25860612460401267,1.248880631838021,0.36164435888364865,0.004149746826376937,0.009170305676855894,0.7972574245569404,0.831724558922949,0.9015412785563054,1.665952620312584
lgb_tweedie,fixed,0.5,2,13,0.95,26,all,11442,0.8468231828921752,0.879975687657911,0.26372849399010134,0.7511797407582601,0.0905909917207288,0.005211226164689128,0.3214472994231778,0.8393385486601198,0.8534796965337422,0.6966761853505897,0.8104809795523545
lgb_tweedie,fixed,0.5,2,13,0.95,26,smooth,2265,0.8618522824253584,0.7761388721653623,0.2591293439881063,0.5635561215232746,0.026406179650697865,0.0007983280805854406,0.04105960264900662,0.8540552446303613,0.8693316862187858,0.5303009085883373,0.6023616198702291
lgb_tweedie,fixed,0.5,2,13,0.95,26,erratic,1629,0.8315375838858066,0.8120709861041353,0.23009121656246798,0.9556878527408135,0.11757857974388825,0.0015113580186060132,0.05402087170042971,0.7991089838972846,0.8569747159598476,0.7825472908967387,1.2106945162146852
lgb_tweedie,fixed,0.5,2,13,0.95,26,intermittent,5258,0.8198555441100952,0.9376534458314603,0.30950133035790917,0.9206677666463079,0.18576832970218507,0.04497762057995059,0.49695701787751995,0.7950455954939224,0.8398721193925491,0.7719807645122009,1.1026366663786973
lgb_tweedie,fixed,0.5,2,13,0.95,26,lumpy,2290,0.8147719701096687,0.8985510123064708,0.2698521647307286,1.2297488231170415,0.3564063887001873,0.016390631816317273,0.3860262008733624,0.7955189335967864,0.8306543739492872,0.8580555854731399,1.6955116004915054
lgb_tweedie,dead13,0.5,2,13,0.95,26,all,11442,0.8465042710094134,0.8770359600197041,0.2701879348120215,0.732269684792237,0.08351507359071458,0.0036751630803817303,0.16238419856668415,0.8391000294505875,0.853264649921315,0.6805669131213048,0.790647679026572
lgb_tweedie,dead13,0.5,2,13,0.95,26,smooth,2265,0.8618294346520082,0.7755970299016657,0.25975655082698385,0.557258535995323,0.021273964962267577,0.0012754433476019917,0.04856512141280353,0.8540303631588955,0.8692815251890222,0.5245486933293662,0.5952220278675177
lgb_tweedie,dead13,0.5,2,13,0.95,26,erratic,1629,0.8315100387516545,0.8110106590769575,0.2313894298110758,0.9333741194617972,0.11383258647359945,0.0032822201958024114,0.057704112952731736,0.7990853402730987,0.8569217435169986,0.7713661519261529,1.1850554121912673
lgb_tweedie,dead13,0.5,2,13,0.95,26,intermittent,5258,0.8174428815820259,0.9330111691275632,0.33254656252682174,0.8560667523556885,0.14665463374020424,0.009523028164948329,0.23716241917078737,0.7925487551665018,0.8380579973405119,0.7154584287633353,1.032576071984724
lgb_tweedie,dead13,0.5,2,13,0.95,26,lumpy,2290,0.8131637261774798,0.895811830091306,0.27713833157338963,1.1721949599675312,0.34968822639560193,0.016175765218089597,0.1777292576419214,0.7938726387424001,0.8298774595022758,0.8291719365329379,1.5886052976932499
lgb_tweedie,dead26,0.5,2,13,0.95,26,all,11442,0.8469598038876543,0.8804762358773895,0.2626286432555582,0.7584490271535687,0.09403916572185053,0.000693988015443031,0.10531375633630484,0.8394620540312077,0.8536295301457436,0.7027458172479711,0.8194220772545053
lgb_tweedie,dead26,0.5,2,13,0.95,26,smooth,2265,0.8618962979887239,0.7763395544852498,0.2588970451588924,0.5653369038579138,0.027717507442326175,0.00033263670024393356,0.027373068432671083,0.8541000919775169,0.8693490632494121,0.5308563136917344,0.6045323382713933
lgb_tweedie,dead26,0.5,2,13,0.95,26,erratic,1629,0.8316238436480196,0.81235001953234,0.22974958149704486,0.9607336863942986,0.11954965155405299,0.00037693341471229107,0.024554941682013505,0.7992137800631295,0.8570488552505706,0.7858004798404068,1.216419686332782
lgb_tweedie,dead26,0.5,2,13,0.95,26,intermittent,5258,0.8199953205285979,0.9377831183650887,0.30885760878894514,0.9349340771869692,0.19197865674861816,0.003618993792103848,0.15728413845568656,0.7953489062172039,0.8400825742277367,0.7834229955522057,1.1237221285819172
lgb_tweedie,dead26,0.5,2,13,0.95,26,lumpy,2290,0.8156553105690493,0.9003572846367607,0.26504751847940866,1.2741307126842916,0.3761072683510182,0.001888221620788669,0.1205240174672489,0.796801834010276,0.8316510597342395,0.8823292398004746,1.7866023565972835
lgb_tweedie,none,0.8,2,13,0.95,26,all,11442,0.9295680872011197,0.9460758608634854,0.11848709421181729,1.4471789805003163,0.2193538895783639,0.0,0.0,0.9239420915123642,0.9344246582511883,1.3536758503556836,1.556306162213541
lgb_tweedie,none,0.8,2,13,0.95,26,smooth,2265,0.9365970929568379,0.90648203893237,0.10825125441367775,1.0496240197297242,0.062213411642956504,0.0,0.0,0.9310787471557264,0.9415012540722092,0.9926568484398048,1.1172998101077092
lgb_tweedie,none,0.8,2,13,0.95,26,erratic,1629,0.9225046645510071,0.9261119482113958,0.09046496532404086,1.8852578442018217,0.2810675044253433,0.0,0.0,0.9011459320005194,0.9388659614861444,1.5768114180105044,2.3560431997756823
lgb_tweedie,none,0.8,2,13,0.95,26,intermittent,5258,0.9122994132429041,0.9671582696497113,0.16303321603295853,1.8392935821353582,0.4984439238279291,0.0,0.0,0.8925059769087482,0.9272407443563379,1.5460724857408732,2.176755697835064
lgb_tweedie,none,0.8,2,13,0.95,26,lumpy,2290,0.9176474928974653,0.9510321556173085,0.13025343189017952,2.4234412947557358,0.8502796521331478,0.0,0.0,0.9032410336102676,0.9305448131236035,1.7947560446946909,3.1545677954779077
lgb_tweedie,quantile,0.8,2,13,0.95,26,all,11442,0.9295323286475377,0.9460321622094039,0.11858311292673772,1.4374981294778355,0.21351786042581442,0.0010051262995999317,0.008127949659150499,0.9239172421286693,0.9344057430670546,1.3460241824007393,1.5432570243867707
lgb_tweedie,quantile,0.8,2,13,0.95,26,smooth,2265,0.9365970929568379,0.90648203893237,0.10825125441367775,1.0494143578095705,0.062213411642956504,3.3599666691306424e-05,0.0013245033112582781,0.9310787471557264,0.9415012540722092,0.9925913727537689,1.1171278649559484
lgb_tweedie,quantile,0.8,2,13,0.95,26,erratic,1629,0.9224778442888064,0.9261119482113958,0.09046496532404086,1.8841806844820863,0.28028609246176667,0.0001000323292890311,0.004297114794352364,0.9010741600806389,0.9388658603608219,1.5757838658409922,2.352562718222055
lgb_tweedie,quantile,0.8,2,13,0.95,26,intermittent,5258,0.9122842201539364,0.967149624814136,0.1630761308042228,1.82502119435911,0.4908899199931934,0.0020085263615286677,0.00798782807151008,0.8924931100687994,0.9272268466558632,1.537196849221071,2.153829618426057
lgb_tweedie,quantile,0.8,2,13,0.95,26,lumpy,2290,0.9173393004030377,0.9508336641524414,0.13078141499472018,2.3301002059680824,0.792838648206949,0.009273989638655153,0.017903930131004366,0.9026985410383871,0.9302402369901468,1.7363283363799193,2.9984622356276978
lgb_tweedie,fixed,0.8,2,13,0.95,26,all,11442,0.9290626089518429,0.9423336670321463,0.12670978779864003,1.396311466330018,0.19806969886245046,0.009900843862996543,0.35666841461282994,0.9234037505834827,0.9340315427283045,1.3055802905714502,1.5029020861451312
lgb_tweedie,fixed,0.8,2,13,0.95,26,smooth,2265,0.936504021880103,0.9061208107565724,0.10866939230626278,1.0352440343791791,0.05861354335364993,0.0024161520317718447,0.04944812362030905,0.9309257742265915,0.9413685301033068,0.9815267243066587,1.1033584245904708
lgb_tweedie,fixed,0.8,2,13,0.95,26,erratic,1629,0.9223364942582892,0.9253027512696022,0.09145570701376789,1.8530699052012465,0.2750410639960451,0.00595409820855146,0.07427869858809086,0.9008117352574048,0.9387251136261839,1.5521359050342483,2.3174147199930144
lgb_tweedie,fixed,0.8,2,13,0.95,26,intermittent,5258,0.909175714151147,0.9621874891939556,0.18770920950991332,1.612524574821405,0.34805908288437754,0.05701358566015491,0.5460251046025104,0.8891679557987121,0.924480483956035,1.346531572942368,1.9259411657800767
lgb_tweedie,fixed,0.8,2,13,0.95,26,lumpy,2290,0.9153382195589375,0.9446804287415641,0.14714889123548047,2.2065931490110713,0.7612914567738323,0.036414462475393435,0.42663755458515285,0.9004347458301813,0.9282361244158911,1.6509389877999678,2.892888896762437
lgb_tweedie,dead13,0.8,2,13,0.95,26,all,11442,0.9287260121322554,0.939270788641528,0.1334398268171542,1.3685762382079367,0.1734630332348548,0.006390481073036457,0.16238419856668415,0.9230999754394899,0.9337493201080046,1.2798619241218885,1.473080180252116
lgb_tweedie,dead13,0.8,2,13,0.95,26,smooth,2265,0.9364778141400837,0.9054585591009432,0.10943597844266865,1.021284716855609,0.04128464965627541,0.0024201839917748014,0.04856512141280353,0.9309660726488069,0.9414250369825962,0.9697339387107454,1.0845467536907614
lgb_tweedie,dead13,0.8,2,13,0.95,26,erratic,1629,0.9223466424656085,0.9243540376137062,0.09261726623620649,1.8233233349328843,0.25940963528792643,0.005912055635372011,0.057704112952731736,0.9008823865090692,0.9387089393434791,1.5177019464440042,2.2757168866275186
lgb_tweedie,dead13,0.8,2,13,0.95,26,intermittent,5258,0.9062920658650793,0.9570956810401466,0.21298600978456786,1.5066074743920483,0.2585341100040413,0.015715731228178927,0.23716241917078737,0.8855893821795495,0.9223943574932136,1.248360909219116,1.8058479545029047
lgb_tweedie,dead13,0.8,2,13,0.95,26,lumpy,2290,0.913777723759688,0.9423977768955935,0.153220696937698,2.151737055372642,0.709169594857092,0.026808406275840965,0.1777292576419214,0.8985091124175935,0.9274153054909204,1.602440807316702,2.819982927760379
lgb_tweedie,dead26,0.8,2,13,0.95,26,all,11442,0.9293035905085916,0.9433744895202683,0.12442279658871692,1.4215706089565072,0.2071238812334058,0.0019165807360120896,0.10531375633630484,0.9236885957126398,0.9341863063590704,1.3297939555627092,1.5311905221487245
lgb_tweedie,dead26,0.8,2,13,0.95,26,smooth,2265,0.9365685332401502,0.906401766004415,0.10834417394536332,1.0408353549132794,0.06164053732586973,0.0010345337374253248,0.027373068432671083,0.9310471954946009,0.9414732884245416,0.9863084995441715,1.1065320372599063
lgb_tweedie,dead26,0.8,2,13,0.95,26,erratic,1629,0.9224879924961256,0.9260003348401138,0.0906016193502101,1.877224813236742,0.2809670371728834,0.0013692831161375343,0.024554941682013505,0.9011140508433026,0.9388413053257892,1.5679681465247142,2.3460230959974395
lgb_tweedie,dead26,0.8,2,13,0.95,26,intermittent,5258,0.9096132751134164,0.9626629551505931,0.1853488970903785,1.6513155695737123,0.3629331169837464,0.006785233532970523,0.15728413845568656,0.8897357368466615,0.9247908751460818,1.3868619907581077,1.9632800425132622
lgb_tweedie,dead26,0.8,2,13,0.95,26,lumpy,2290,0.9168466264858893,0.94801508535133,0.13827877507919747,2.352537487710282,0.8144876516817109,0.005775353715998446,0.1205240174672489,0.9023945194403858,0.9298009022103662,1.7447756307842521,3.072736558732304
lgb_tweedie,none,0.9,2,13,0.95,26,all,11442,0.9517496621399706,0.962657513784939,0.08205235638655389,1.876435152057419,0.2956844478665553,0.0,0.0,0.9472257672815017,0.9555625615725125,1.7573143578393766,2.015950525526206
lgb_tweedie,none,0.9,2,13,0.95,26,smooth,2265,0.9568852436983825,0.9405779650812763,0.06878368333023602,1.3657206120515286,0.08394124090289025,0.0,0.0,0.9517339457978754,0.9616273802908759,1.2938636818529345,1.4538145502340307
lgb_tweedie,none,0.9,2,13,0.95,26,erratic,1629,0.9466008579584416,0.9511691500641777,0.05978613644904513,2.460627130217447,0.39209817085811793,0.0,0.0,0.9284253582878867,0.9600831147053212,2.054152187155104,3.0782629082953177
lgb_tweedie,none,0.9,2,13,0.95,26,intermittent,5258,0.9352683251442584,0.9752152564058232,0.12303664921465969,2.3264751729733177,0.6255316821484243,0.0,0.0,0.9176861777453358,0.9489882810112807,1.965061487654393,2.751321870243524
lgb_tweedie,none,0.9,2,13,0.95,26,lumpy,2290,0.9457646320897839,0.9638348551012307,0.09619852164730729,3.104794129584092,1.1391654060436114,0.0,0.0,0.932036539770018,0.9575668649978736,2.300322099985416,3.9842515369192153
lgb_tweedie,quantile,0.9,2,13,0.95,26,all,11442,0.9517030205483419,0.9625939521062751,0.08219201997189271,1.8631086776292547,0.2873023708309705,0.0018882071011045896,0.010749868904037755,0.9471732609091017,0.9554929075025391,1.7480483607375341,1.9995674014070801
lgb_tweedie,quantile,0.9,2,13,0.95,26,smooth,2265,0.9568852436983825,0.9405779650812763,0.06878368333023602,1.3649669715276425,0.08391906512287399,9.475106006948411e-05,0.0017660044150110375,0.9517339457978754,0.9616273802908759,1.293157986741546,1.453320788099761
lgb_tweedie,quantile,0.9,2,13,0.95,26,erratic,1629,0.9465769371840465,0.9511691500641777,0.05978613644904513,2.458693896723144,0.3907362814358844,0.00018991645125888512,0.006752608962553714,0.9283569626753372,0.9600655268754981,2.0525346438169403,3.0765935667195174
lgb_tweedie,quantile,0.9,2,13,0.95,26,intermittent,5258,0.9352349003485294,0.9751893218990975,0.12316539352845249,2.308829919446242,0.6133984812988268,0.0026830995116941207,0.009699505515405098,0.9176286138569179,0.948973747846696,1.9558596231709182,2.7324378810620744
lgb_tweedie,quantile,0.9,2,13,0.95,26,lumpy,2290,0.9453392396326866,0.9635768161969035,0.09688489968321014,2.9792252214319666,1.0584424124961205,0.017990194269789973,0.024890829694323144,0.9309667728751393,0.9572149999854034,2.2203794902269287,3.7990969520055837
lgb_tweedie,fixed,0.9,2,13,0.95,26,all,11442,0.9511565365664248,0.958442579968537,0.09131379788933407,1.8053815457101199,0.2682807637249685,0.012973358711541578,0.37711938472295053,0.9466704493456205,0.9550227666121395,1.6909570493914357,1.9374578659608996
lgb_tweedie,fixed,0.9,2,13,0.95,26,smooth,2265,0.9567747007949681,0.9402167369054786,0.06920182122282104,1.345424061393311,0.07897017021591146,0.003300159262420117,0.054304635761589407,0.951578188745887,0.9615562007299822,1.27703672541136,1.4312241067081006
lgb_tweedie,fixed,0.9,2,13,0.95,26,erratic,1629,0.9463826715010794,0.9502483397511022,0.06091353216494141,2.4071410035417244,0.38297319278549447,0.009024655794553893,0.08348680171884591,0.9279793487282453,0.9599185756350508,2.013723788417597,3.011990601226717
lgb_tweedie,fixed,0.9,2,13,0.95,26,intermittent,5258,0.9317374512681671,0.9696912064732529,0.15045918805252767,2.052051522803307,0.45161578501171384,0.06560375816248705,0.5760745530620007,0.9128404817670269,0.9454302870674769,1.7206276951294535,2.4515683095990437
lgb_tweedie,fixed,0.9,2,13,0.95,26,lumpy,2290,0.9430299662941589,0.9564708217546646,0.11578669482576558,2.798535434540565,1.016777391693127,0.04968844343256987,0.448471615720524,0.9287168198667015,0.9550411926970181,2.1140383385108628,3.6096781066271064
lgb_tweedie,dead13,0.9,2,13,0.95,26,all,11442,0.9508502567813959,0.9554710714909981,0.09784307050392367,1.777561974043177,0.23563576959209206,0.007822766615969848,0.16238419856668415,0.9463096363318261,0.9547734733122382,1.6652774774591783,1.910490188583316
lgb_tweedie,dead13,0.9,2,13,0.95,26,smooth,2265,0.9567683168582968,0.9395344170178608,0.0699916372421483,1.3282495917640498,0.05555106813340412,0.0030266579755528827,0.04856512141280353,0.9515519469320466,0.9615392995532315,1.266584125687316,1.4056536146488299
lgb_tweedie,dead13,0.9,2,13,0.95,26,erratic,1629,0.9464326876657239,0.9494391428093085,0.06190427385466844,2.3817342416462135,0.3617682236432934,0.0072748149039472175,0.057704112952731736,0.9281471841036856,0.9599942463167613,1.9776111828883103,2.970845031179043
lgb_tweedie,dead13,0.9,2,13,0.95,26,intermittent,5258,0.9287049107102161,0.9645302396348422,0.17607930649729636,1.931855957362115,0.33916140226133934,0.019085558361212653,0.23716241917078737,0.9092372355699128,0.9432438663107148,1.6228925481761103,2.3109771993586667
lgb_tweedie,dead13,0.9,2,13,0.95,26,lumpy,2290,0.9416669741357045,0.9547240968638349,0.12043294614572334,2.760710231773778,0.9472895338262965,0.03239927856911868,0.1777292576419214,0.9260469864761162,0.9543432095235567,2.078927308513171,3.570883100706624
lgb_tweedie,dead26,0.9,2,13,0.95,26,all,11442,0.9514597069120118,0.9598329916893105,0.08825865696004749,1.8447944679962887,0.28181436568795765,0.0025594573406285963,0.10531375633630484,0.9469530422825138,0.95531255333748,1.7286698724206677,1.9801554230270757
lgb_tweedie,dead26,0.9,2,13,0.95,26,smooth,2265,0.9568476120716882,0.9404976921533212,0.06887660286192157,1.3538290180161412,0.08316878456565711,0.0013990901210259995,0.027373068432671083,0.9516950373046993,0.9616260345652877,1.2870712710379497,1.437977344587951
lgb_tweedie,dead26,0.9,2,13,0.95,26,erratic,1629,0.9465827361596574,0.9510296333500753,0.05995695398175669,2.4494981711480666,0.39198016170443495,0.0018919157930751534,0.024554941682013505,0.9283907540729203,0.9600701086650484,2.041818462095008,3.067259685715728
lgb_tweedie,dead26,0.9,2,13,0.95,26,intermittent,5258,0.9323664451514295,0.9705470451952004,0.14621062569736504,2.1125747120149985,0.4766710118901114,0.008529400146461377,0.15728413845568656,0.914087124906069,0.9458860293614159,1.7748224108910262,2.5120791938446967
lgb_tweedie,dead26,0.9,2,13,0.95,26,lumpy,2290,0.9448964842181569,0.9606192933703851,0.1047518479408659,3.014350484317994,1.095934246480203,0.007789456778173026,0.1205240174672489,0.9310070710115391,0.9568517636809712,2.2361506252642553,3.8773487735022933
lgb_tweedie,none,0.95,2,13,0.95,26,all,11442,0.964037000774639,0.9715203953536413,0.06257801520587285,2.2550183437493074,0.3694535665464739,0.0,0.0,0.9601057840142676,0.9670292656035306,2.114456569802806,2.4155114254864736
lgb_tweedie,none,0.95,2,13,0.95,26,smooth,2265,0.9688319411871434,0.9582179409993979,0.04836461624233414,1.6446290932793948,0.10681334041166313,0.0,0.0,0.963883738858034,0.9732987523369445,1.5588336365264261,1.7528699019100622
lgb_tweedie,none,0.95,2,13,0.95,26,erratic,1629,0.9595108274123376,0.9640883977900553,0.043968432919954906,2.9658251869807204,0.5002726968281054,0.0,0.0,0.9456000012016262,0.970101027714859,2.47904166806429,3.697588879980879
lgb_tweedie,none,0.95,2,13,0.95,26,intermittent,5258,0.9469001540579222,0.9795981880424635,0.10127886018367523,2.7667161961367013,0.747685940619331,0.0,0.0,0.9294741016391993,0.9591089609570038,2.345021849318035,3.278895723898887
lgb_tweedie,none,0.95,2,13,0.95,26,lumpy,2290,0.9588563019939186,0.9714172290591505,0.07602956705385427,3.7040831164772294,1.4041293453513937,0.0,0.0,0.9456243808979613,0.9706935087403067,2.7534946294250875,4.737959659519794
lgb_tweedie,quantile,0.95,2,13,0.95,26,all,11442,0.963976949725417,0.9714449158602279,0.0627438657134627,2.2377100377758024,0.3571478822190981,0.0026673160212701205,0.014595350463205732,0.9600110661770527,0.9669936816822746,2.099668086572571,2.3928912926619783
lgb_tweedie,quantile,0.95,2,13,0.95,26,smooth,2265,0.9688319411871434,0.9582179409993979,0.04836461624233414,1.6431127403216161,0.10638534785734927,0.00015153449677779196,0.0030905077262693157,0.963883738858034,0.9732987523369445,1.5575091532295366,1.7518300817115318
lgb_tweedie,quantile,0.95,2,13,0.95,26,erratic,1629,0.9594869066379424,0.9640883977900553,0.043968432919954906,2.962694465022754,0.49805922783740253,0.0003232928903109266,0.009821976672805401,0.9455482313780408,0.970060003832262,2.4767004180548846,3.694759650261463
lgb_tweedie,quantile,0.95,2,13,0.95,26,intermittent,5258,0.9468515361732255,0.9795722535357377,0.10140760449746802,2.744260810642455,0.7296632907622981,0.0034944104625687865,0.013503233168505135,0.9294394170023148,0.9590773583588968,2.3318678084305513,3.2543060738323164
lgb_tweedie,quantile,0.95,2,13,0.95,26,lumpy,2290,0.9582920058773611,0.9710996427153632,0.07687434002111933,3.5459933890539572,1.2889656235146532,0.025345577112149513,0.03187772925764192,0.9449288079622586,0.9704520675652933,2.654296750808991,4.5016431744032435
lgb_tweedie,fixed,0.95,2,13,0.95,26,all,11442,0.9633669165749058,0.9667453242440133,0.07307024205445134,2.164171600634481,0.3353164301614071,0.016086101932866425,0.3998426848453068,0.9594520678245019,0.966464570364563,2.030401811417735,2.3186952139968673
lgb_tweedie,fixed,0.95,2,13,0.95,26,smooth,2265,0.9687066144303849,0.9578366445916114,0.04880598401784055,1.618965667860575,0.10054202982306415,0.004108231246346036,0.060044150110375276,0.9637090845560341,0.9731913723131862,1.5375291135948275,1.7218424768871488
lgb_tweedie,fixed,0.95,2,13,0.95,26,erratic,1629,0.9592571222293582,0.9630838774485183,0.04519831915547812,2.891428679123833,0.4880858596328959,0.011953138478087846,0.09699201964395335,0.9453037056854517,0.9698546843772904,2.423708373002967,3.603811796081531
lgb_tweedie,fixed,0.95,2,13,0.95,26,intermittent,5258,0.9427949814188522,0.9731145613610429,0.13346493863187708,2.4362178932047387,0.5429858066162864,0.07643946921424383,0.6095473564092811,0.9247618284888427,0.9551458141122716,2.049426535555422,2.9077146228303694
lgb_tweedie,fixed,0.95,2,13,0.95,26,lumpy,2290,0.9558742140548799,0.9635371179039302,0.09699049630411827,3.314104581433355,1.2460973497615848,0.06272368372504888,0.4698689956331878,0.9421390724069842,0.9680117489758587,2.5202546739404945,4.244868690284441
lgb_tweedie,dead13,0.95,2,13,0.95,26,all,11442,0.9630942576038426,0.9640201172712971,0.07905831827585304,2.1386619537929525,0.29708808769863,0.009041861217166748,0.16238419856668415,0.9592198565020124,0.9663113721434774,2.007286928781979,2.2914601602860136
lgb_tweedie,dead13,0.95,2,13,0.95,26,smooth,2265,0.9687166943303922,0.9571944611679711,0.04954934027132503,1.5995427085363314,0.0721917734576073,0.003535356929259262,0.04856512141280353,0.9637234848828496,0.9731511437324395,1.5263027090283026,1.6937592537404058
lgb_tweedie,dead13,0.95,2,13,0.95,26,erratic,1629,0.959341207375717,0.9622467771639043,0.046223224351747465,2.872948793595612,0.4628606056740077,0.00840489027613272,0.057704112952731736,0.9454199285488714,0.970000006364376,2.3881426080342885,3.57204677346633
lgb_tweedie,dead13,0.95,2,13,0.95,26,intermittent,5258,0.9398809469548491,0.9684117708081192,0.1568105741996395,2.311683181554374,0.4158178287860418,0.022315609075743627,0.23716241917078737,0.920142982928416,0.9530760081524527,1.9489900571192391,2.769977682862288
lgb_tweedie,dead13,0.95,2,13,0.95,26,lumpy,2290,0.9545936959442302,0.961949186184994,0.1012143611404435,3.298959741812823,1.1686546529470365,0.037037358573285786,0.1777292576419214,0.9390241905342444,0.9678087421010589,2.4934894279528454,4.227162046788402
lgb_tweedie,dead26,0.95,2,13,0.95,26,all,11442,0.9637274172102032,0.9686124485547664,0.06896762423512365,2.2181345617692085,0.3541058787450769,0.0031131319012550865,0.10531375633630484,0.9597607348147543,0.9667659635413367,2.081054653345142,2.377189388786417
lgb_tweedie,dead26,0.95,2,13,0.95,26,smooth,2265,0.9687865816371102,0.9581376680714428,0.0484575357740197,1.6301473009387748,0.1058649562196343,0.0017018231179146703,0.027373068432671083,0.9638385082439883,0.9732492331980991,1.5505538257543847,1.7336020693563758
lgb_tweedie,dead26,0.95,2,13,0.95,26,erratic,1629,0.9594927056135534,0.9639209777331325,0.04417341395920878,2.95217222377667,0.5001291721817341,0.00231959024438333,0.024554941682013505,0.9455801810993208,0.9700922946447949,2.4638490495866443,3.6840792222564507
lgb_tweedie,dead26,0.95,2,13,0.95,26,intermittent,5258,0.9438250728508616,0.974791659462637,0.12513947300660888,2.5281998924329296,0.5863979313090061,0.01026445090657162,0.15728413845568656,0.9260517919139785,0.9562415384244256,2.1304649570696976,3.01120409678995
lgb_tweedie,dead26,0.95,2,13,0.95,26,lumpy,2290,0.9579425763590312,0.9681222707423581,0.08479408658922914,3.5969558394881402,1.3544856115342128,0.009497537715599098,0.1205240174672489,0.9446457906062439,0.9699641874410705,2.6774346697831826,4.602455927047518
lgb_tweedie,none,0.99,2,13,0.95,26,all,11442,0.977612424698122,0.9815671131874593,0.04050243974825639,2.999709656092111,0.5270866379224902,0.0,0.0,0.9740673505924806,0.9802352239989341,2.8131186071163463,3.199169945973379
lgb_tweedie,none,0.99,2,13,0.95,26,smooth,2265,0.9816989335465792,0.977503511940598,0.026040698754878275,2.200379004240278,0.15572793677886715,0.0,0.0,0.9773505318468775,0.9851778244233421,2.0879988420432865,2.3421478224351753
lgb_tweedie,none,0.99,2,13,0.95,26,erratic,1629,0.9751593630985087,0.9784307159997768,0.02640839055720679,3.949503245251727,0.745108201636181,0.0,0.0,0.9654652619003232,0.9830100994405732,3.305726398752231,4.899948903441157
lgb_tweedie,none,0.99,2,13,0.95,26,intermittent,5258,0.9599023995964716,0.9849666309346796,0.07462878722856407,3.612096129712516,0.9832237911618762,0.0,0.0,0.9434260684602372,0.9713689624608098,3.074626501244155,4.287284632732372
lgb_tweedie,none,0.99,2,13,0.95,26,lumpy,2290,0.9712100462071704,0.9800119094878921,0.05316789862724393,4.881762600623763,1.9472882316044893,0.0,0.0,0.9597378979203737,0.9812946971583478,3.658654801632145,6.16138710538802
lgb_tweedie,quantile,0.99,2,13,0.95,26,all,11442,0.9775133113159109,0.9814717706694633,0.04071193512626461,2.9684230594474292,0.5006445090603235,0.004419485146790806,0.028753714385596922,0.9739925956657155,0.9801165905325729,2.7878177951819763,3.167541844477061
lgb_tweedie,quantile,0.99,2,13,0.95,26,smooth,2265,0.9816989335465792,0.977503511940598,0.026040698754878275,2.196464643070741,0.15346896398787724,0.0003336446902446728,0.006181015452538631,0.9773505318468775,0.9851778244233421,2.085451061871346,2.3392738584974153
lgb_tweedie,quantile,0.99,2,13,0.95,26,erratic,1629,0.9751354423241134,0.9784028126569563,0.026442554063749103,3.940071211420503,0.7390099988836972,0.001110503829498519,0.024554941682013505,0.9654375813354263,0.9830100994405732,3.3004978974968417,4.890785772053709
lgb_tweedie,quantile,0.99,2,13,0.95,26,intermittent,5258,0.959458761398615,0.984906117085653,0.07492919062741396,3.5724421675068445,0.9474592597319331,0.0061501624141210645,0.026435907189045264,0.9429161409248613,0.9710290791448138,3.048947517463602,4.2435485713304
lgb_tweedie,quantile,0.99,2,13,0.95,26,lumpy,2290,0.9704916538433992,0.9796943231441048,0.054012671594508975,4.614205937697368,1.7103810952119474,0.03948336520159479,0.059388646288209605,0.9585800172782492,0.9808609334135189,3.4896530334687266,5.826625450423494
lgb_tweedie,fixed,0.99,2,13,0.95,26,all,11442,0.9767998893039559,0.9760293019338641,0.052670629620900654,2.8623385083474844,0.4744777210607386,0.024149072745724424,0.43436462156965566,0.9731896676937072,0.9794578376249774,2.6858741460415554,3.0593448685793945
lgb_tweedie,fixed,0.99,2,13,0.95,26,smooth,2265,0.981541687106464,0.9769616696769015,0.026667905593755807,2.163342427643118,0.14649172440209396,0.005766710794228921,0.06799116997792494,0.977207341759629,0.985023494059462,2.0564345848896504,2.3045026384175427
lgb_tweedie,fixed,0.99,2,13,0.95,26,erratic,1629,0.974795477378921,0.9770913555443942,0.028048238871237745,3.824625929829496,0.7242205814342897,0.01937872674791998,0.12277470841006753,0.9649736096138625,0.982584442730235,3.214686052969196,4.739022325167614
lgb_tweedie,fixed,0.99,2,13,0.95,26,intermittent,5258,0.9550497269801913,0.977411044641931,0.11213629731353532,3.1737755129946486,0.7154510676183617,0.09840563724373057,0.6548117154811716,0.9367876158772633,0.9664242774536614,2.691041072980011,3.7749654972184272
lgb_tweedie,fixed,0.99,2,13,0.95,26,lumpy,2290,0.9677070695451556,0.97117903930131,0.07666314677930307,4.273829031298901,1.6732187233451474,0.10413433720165556,0.5122270742358078,0.9554159601850369,0.9781390090581323,3.3071955789369762,5.4411688191322956
lgb_tweedie,dead13,0.99,2,13,0.95,26,all,11442,0.9766072983985221,0.973745054106879,0.057689789719014326,2.8507121199341885,0.4317374653637597,0.011327493546941458,0.16238419856668415,0.9729373375522686,0.9792975823572868,2.6813541353505754,3.046904900752711
lgb_tweedie,dead13,0.99,2,13,0.95,26,smooth,2265,0.9815749507764883,0.9764599638771824,0.02724865266679056,2.1409741215367144,0.10940642828823138,0.004524867113318236,0.04856512141280353,0.9771951176227837,0.9850611433360537,2.0404154852182965,2.269841595178887
lgb_tweedie,dead13,0.99,2,13,0.95,26,erratic,1629,0.9749737958789579,0.9765053853451644,0.028765672508626286,3.829705832464696,0.6942398775256351,0.010599077672929077,0.057704112952731736,0.9651436079950089,0.982882639777212,3.18774306925451,4.739726939110134
lgb_tweedie,dead13,0.99,2,13,0.95,26,intermittent,5258,0.9523909364108455,0.9733739064282997,0.13217749549394903,3.0546799271947176,0.5721522833693409,0.027590649565325726,0.23716241917078737,0.9337654149165945,0.9642146437078917,2.5923774901088614,3.654899582173623
lgb_tweedie,dead13,0.99,2,13,0.95,26,lumpy,2290,0.9667065291231055,0.9699483922191345,0.07993664202745512,4.358330204383712,1.627571508255001,0.045833866882546107,0.1777292576419214,0.9529116946863765,0.9781940891214166,3.323896455235097,5.511432703929044
lgb_tweedie,dead26,0.99,2,13,0.95,26,all,11442,0.9772717467392669,0.9784843717722586,0.04727612363718892,2.95308652676003,0.5089308153610972,0.004126226139424933,0.10531375633630484,0.9737210667553095,0.9799311110982102,2.769572024822526,3.153793459463938
lgb_tweedie,dead26,0.99,2,13,0.95,26,smooth,2265,0.9816394621365356,0.9774031707806542,0.026156848169485224,2.1810450840327666,0.15444026315258955,0.002270329478331575,0.027373068432671083,0.977230841800004,0.9851127870905038,2.076047751262437,2.3222582243065477
lgb_tweedie,dead26,0.99,2,13,0.95,26,erratic,1629,0.9751397915558216,0.978263295942854,0.026613371596460662,3.9310929474308365,0.7449104565678474,0.0031234732384524274,0.024554941682013505,0.9654289126978285,0.9829940550980336,3.285156064396511,4.881600855038026
lgb_tweedie,dead26,0.99,2,13,0.95,26,intermittent,5258,0.9566298082328311,0.979961271136623,0.09947643979057591,3.3297021850700554,0.7984582053315586,0.013132906103671562,0.15728413845568656,0.9390597501018038,0.9676945240491764,2.821386446627261,3.9511457362377493
lgb_tweedie,dead26,0.99,2,13,0.95,26,lumpy,2290,0.9701856317186507,0.9763199682413656,0.06298838437170011,4.742793830073077,1.8854066513149184,0.012683640404470094,0.1205240174672489,0.9585392627880238,0.9804248715893462,3.5598975975650484,6.036722267369198
lgb_conformal,none,0.5,2,13,0.95,26,all,11442,0.8015454691386192,0.8520045764408638,0.32518920051326367,0.6377534144560171,0.07997241149855158,0.0,0.0,0.7939990220399251,0.8082258946804198,0.5916789124540476,0.6906575448152816
lgb_conformal,none,0.5,2,13,0.95,26,smooth,2265,0.8373994529974262,0.744230383303231,0.29606485783311653,0.5005470025737345,0.024887877912251114,0.0,0.0,0.8298481352958497,0.8449417458335151,0.4680443485642842,0.5391136204138299
lgb_conformal,none,0.5,2,13,0.95,26,erratic,1629,0.7690282511594327,0.743763602879625,0.31372348057804655,0.7702953273304272,0.09441210710128056,0.0,0.0,0.7398042418242358,0.7906762794163125,0.6236418343628206,0.9955613753835957
lgb_conformal,none,0.5,2,13,0.95,26,intermittent,5258,0.7153544395725272,0.9258446004356997,0.3681229079049009,0.7738478320981351,0.20092313208567686,0.0,0.0,0.6862883884744823,0.7355787740473066,0.6421930840836569,0.9361972562303006
lgb_conformal,none,0.5,2,13,0.95,26,lumpy,2290,0.7288709085818588,0.8660579595077411,0.3562829989440338,1.0299814867466375,0.3061658032212627,0.0,0.0,0.7142551704472266,0.7429062842668686,0.6961836664111758,1.4825000543975875
lgb_conformal,quantile,0.5,2,13,0.95,26,all,11442,0.8015369181801539,0.8519966312310308,0.32520665846143104,0.6373513250681841,0.07995488203369777,5.3443490407962343e-05,0.002971508477538892,0.7939983564502988,0.808217593079221,0.5909677375341129,0.6904380240060793
lgb_conformal,quantile,0.5,2,13,0.95,26,smooth,2265,0.8373934050574219,0.744230383303231,0.29606485783311653,0.500351788510258,0.0248782684075774,2.3183770017001433e-05,0.0013245033112582781,0.8298287368717461,0.8449289529419831,0.46786628660917706,0.5386810622923182
lgb_conformal,quantile,0.5,2,13,0.95,26,erratic,1629,0.7690282511594327,0.743763602879625,0.31372348057804655,0.7702779304035943,0.09441210710128056,3.6243597568489524e-06,0.0006138735420503376,0.7398042418242358,0.7906762794163125,0.6236063393745915,0.9955588918884902
lgb_conformal,quantile,0.5,2,13,0.95,26,intermittent,5258,0.7152754355098953,0.9258273107645493,0.3682087374474294,0.770632974472572,0.2007359532295949,0.00047706299358547783,0.004564473183720046,0.6862417106384355,0.7355124128697919,0.6399655215501067,0.9317867896336135
lgb_conformal,quantile,0.5,2,13,0.95,26,lumpy,2290,0.7288709085818588,0.8660579595077411,0.3562829989440338,1.0291003166569361,0.3061658032212627,9.549626587896717e-05,0.0026200873362445414,0.7142551704472266,0.7429062842668686,0.6953991057103175,1.481990240560202
lgb_conformal,fixed,0.5,2,13,0.95,26,all,11442,0.8013418008551736,0.8499388218842859,0.32972826703677516,0.6255543061655131,0.07320133503782437,0.0021243301587252233,0.23658451319699353,0.7938065759931703,0.8080015005452131,0.5788180011567691,0.6779329838605658
lgb_conformal,fixed,0.5,2,13,0.95,26,smooth,2265,0.8373510694773908,0.7440096327513546,0.29632038654525183,0.49686783907103643,0.023648251809342054,0.0004764432736827251,0.039735099337748346,0.8297487566148949,0.844874668604198,0.46516922981538394,0.5336752051744243
lgb_conformal,fixed,0.5,2,13,0.95,26,erratic,1629,0.768968086787469,0.7435961828227022,0.3139284616173004,0.7670957425370809,0.09353022788524408,0.0006900780977040406,0.049723756906077346,0.7396469554438256,0.7905980344615052,0.6215758275558976,0.9926777095485676
lgb_conformal,fixed,0.5,2,13,0.95,26,intermittent,5258,0.7136649680793201,0.9224558248902106,0.3849454982404944,0.683774084844286,0.14002315426758674,0.0167032820110788,0.35507797641688854,0.6842104765477747,0.7340201494233315,0.5663034610146231,0.8294271990070219
lgb_conformal,fixed,0.5,2,13,0.95,26,lumpy,2290,0.7282957606169059,0.8638547042477174,0.3621436114044351,0.9914248693980046,0.2846934678383769,0.006650012696662623,0.29213973799126636,0.7134816662562675,0.7423353282689318,0.6698881226470526,1.424350047398452
lgb_conformal,dead13,0.5,2,13,0.95,26,all,11442,0.8010259984118538,0.8473248478492317,0.33547193198383396,0.6089543693648698,0.06932091008628305,0.003102054523243254,0.15644118161160636,0.793468729608917,0.8078007651616939,0.5641192465260572,0.6594083003527828
lgb_conformal,dead13,0.5,2,13,0.95,26,smooth,2265,0.837326877717373,0.7434075857916917,0.2970172830328935,0.4913007102969538,0.0195930408370349,0.0011608684841846368,0.04856512141280353,0.829739078874014,0.8448644143524867,0.457660791303814,0.527235971379951
lgb_conformal,dead13,0.5,2,13,0.95,26,erratic,1629,0.7689238695984354,0.7425637591383447,0.31519251135936593,0.7476713488562247,0.09232940501060488,0.0027392911042264383,0.057704112952731736,0.7396283822555905,0.7906097624475719,0.6064808982939486,0.9700625913830633
lgb_conformal,dead13,0.5,2,13,0.95,26,intermittent,5258,0.71158655350854,0.9182198554583492,0.4059737361599863,0.6343509664323892,0.11717396390729784,0.007447652211961823,0.23145682769113732,0.6821377856202141,0.732196727015439,0.5244101125134162,0.7670993739177375
lgb_conformal,dead13,0.5,2,13,0.95,26,lumpy,2290,0.7265421019162194,0.8618499404525606,0.36747624076029567,0.9354597168535717,0.2874676343621609,0.013623410475506293,0.1611353711790393,0.7108767799868165,0.7405759357035882,0.6405675790684306,1.3168017351686818
lgb_conformal,dead26,0.5,2,13,0.95,26,all,11442,0.8014193425012565,0.8502486850677726,0.3290474070582484,0.629552462267924,0.07523218767332696,0.00041530450546114735,0.09456388743226708,0.7938780235358882,0.8081098731130255,0.5830989205621719,0.6825302455144431
lgb_conformal,dead26,0.5,2,13,0.95,26,smooth,2265,0.8373917250740872,0.7441701786072648,0.29613454748188067,0.49831128075209496,0.02474669211281424,0.0002684613368635383,0.027373068432671083,0.8298244261108341,0.8449261100771983,0.4655765621293775,0.5364653012730601
lgb_conformal,dead26,0.5,2,13,0.95,26,erratic,1629,0.7690260765435786,0.7437356995368045,0.31375764408458884,0.7695429102449053,0.09438659160859235,0.0001674454207664216,0.02332719459791283,0.739799945482457,0.7906752934444172,0.6231149849563058,0.9947643576581926
lgb_conformal,dead26,0.5,2,13,0.95,26,intermittent,5258,0.7137986672622357,0.9226460112728656,0.38400137327268047,0.6920421638605031,0.14339905863620755,0.0025129369152559885,0.14644351464435146,0.6844446334178186,0.7341149762414751,0.5720338622313166,0.840660603046706
lgb_conformal,dead26,0.5,2,13,0.95,26,lumpy,2290,0.7286299975474823,0.8647082175466455,0.35987328405491026,1.013519232730911,0.29530310297753015,0.000607703510138882,0.0925764192139738,0.7138898224325924,0.7426834533013367,0.6838301644649136,1.4620423302009946
lgb_conformal,none,0.8,2,13,0.95,26,all,11442,0.9251351925967356,0.9298279067550174,0.1541885982140519,1.3308727302549623,0.15226007662436145,0.0,0.0,0.9183577841266579,0.9312117281784217,1.2528028435133962,1.4151225698082275
lgb_conformal,none,0.8,2,13,0.95,26,smooth,2265,0.9451750878631284,0.9032309853501906,0.11201449544694295,1.1136656564366882,0.050866065008635115,0.0,0.0,0.9386661563348633,0.9505302551730662,1.0612783346087038,1.17908953622222
lgb_conformal,none,0.8,2,13,0.95,26,erratic,1629,0.9121520433415438,0.9116301132875718,0.10819582521950052,1.6589731173988116,0.19203119268981136,0.0,0.0,0.884578649019436,0.9335050917940014,1.4404516383636776,1.9715412615062293
lgb_conformal,none,0.8,2,13,0.95,26,intermittent,5258,0.8537908276283285,0.9466440748296967,0.26486996824306924,1.2401055008097914,0.32936793711276613,0.0,0.0,0.8263908951110863,0.8774869297812979,1.0672704077804727,1.459879372400199
lgb_conformal,none,0.8,2,13,0.95,26,lumpy,2290,0.88551951053823,0.9304684398570862,0.18495248152059135,1.8163737029328204,0.5616326388873817,0.0,0.0,0.8640873207661453,0.9033044773279149,1.3506294233717917,2.390459309364112
lgb_conformal,quantile,0.8,2,13,0.95,26,all,11442,0.9251015717827699,0.9297802354960194,0.15429334590305602,1.3298299020021291,0.15199713465155426,0.00010960774032760277,0.006030414263240692,0.9183348444855379,0.9311659116472026,1.2517136893918643,1.4142860953218876
lgb_conformal,quantile,0.8,2,13,0.95,26,smooth,2265,0.9451465281464407,0.9032109171182019,0.11203772532986433,1.1131085739629463,0.050699746658513144,5.1407490037698826e-05,0.0017660044150110375,0.9385585478266857,0.9504786074559848,1.0612511282097734,1.1781496867209367
lgb_conformal,quantile,0.8,2,13,0.95,26,erratic,1629,0.9121520433415438,0.9116301132875718,0.10819582521950052,1.658920926618313,0.19203119268981136,9.423335367807277e-06,0.0006138735420503376,0.884578649019436,0.9335050917940014,1.4404494537690746,1.9714824823542398
lgb_conformal,quantile,0.8,2,13,0.95,26,intermittent,5258,0.8535264678802906,0.9465576264739445,0.265299115955712,1.2314150539202728,0.3268276526373683,0.0008963922490937323,0.009319132750095093,0.8261388851945538,0.877291747816385,1.05857926187956,1.4469029333647727
lgb_conformal,quantile,0.8,2,13,0.95,26,lumpy,2290,0.8855173401685509,0.9304485907105995,0.1850052798310454,1.814689496061864,0.5615848907544422,0.00022354807694394585,0.006550218340611353,0.8640851618323144,0.9033043385954854,1.3492125110118223,2.3878788803850597
lgb_conformal,fixed,0.8,2,13,0.95,26,all,11442,0.9246759672591573,0.9263677678727495,0.16179153464093365,1.2951275861305007,0.13386995780101996,0.007526981189057416,0.3284390840762105,0.917866663303139,0.9307258505494979,1.2235311962186066,1.3781221091712235
lgb_conformal,fixed,0.8,2,13,0.95,26,smooth,2265,0.9450793288130582,0.9028496889424041,0.11245586322244935,1.102408088111766,0.04749165048282721,0.001664191491220407,0.045916114790286976,0.938539874786433,0.9504218735753428,1.0526758296209937,1.169200603349515
lgb_conformal,fixed,0.8,2,13,0.95,26,erratic,1629,0.9119889471524855,0.9108767230314192,0.10911823989614294,1.6408977104194544,0.18640024239718056,0.003616386165383885,0.06261510128913444,0.8843014305426801,0.9332776715611223,1.4271923451830362,1.954465847370041
lgb_conformal,fixed,0.8,2,13,0.95,26,intermittent,5258,0.8512657362418983,0.9422006293440299,0.2869281606729036,1.07208209129831,0.20384445923238434,0.046445272974229485,0.50038037276531,0.82359569035866,0.8747486848860325,0.9178157796231655,1.2643208699544304
lgb_conformal,fixed,0.8,2,13,0.95,26,lumpy,2290,0.8833013927262231,0.9242953552997221,0.20137275607180571,1.664026773680361,0.48456715232305514,0.02930867214612665,0.40218340611353715,0.8616805628803597,0.9013509920105774,1.2494565203434387,2.1798869777470458
lgb_conformal,dead13,0.8,2,13,0.95,26,all,11442,0.9243928139299777,0.9236346156902003,0.16779706881050271,1.272656055963691,0.11961636513525478,0.004848393449810344,0.16238419856668415,0.9176194536822001,0.9304744284838794,1.2019217872205226,1.3543905343601483
lgb_conformal,dead13,0.8,2,13,0.95,26,smooth,2265,0.9450558090463742,0.9023279149106964,0.11305984017840551,1.0911404398868363,0.03488619792891655,0.002056299601507953,0.04856512141280353,0.9384772200980035,0.9504225612766142,1.04118401196535,1.153231135394369
lgb_conformal,dead13,0.8,2,13,0.95,26,erratic,1629,0.9120099684390752,0.9099559127183436,0.11024563561203922,1.6139679925541155,0.17781746854418168,0.004472459939951608,0.057704112952731736,0.8842925417637967,0.933338443669424,1.4114294568193755,1.9090808074229444
lgb_conformal,dead13,0.8,2,13,0.95,26,intermittent,5258,0.8487923013579582,0.9375842871468585,0.30984464852802335,1.0021908434291409,0.15797226957401617,0.010310030173474689,0.23716241917078737,0.8211623814091398,0.8726661914280407,0.8513176487862633,1.1873462239123298
lgb_conformal,dead13,0.8,2,13,0.95,26,lumpy,2290,0.8819948301794245,0.9224096863834855,0.20638859556494193,1.616402351812584,0.46527213180220983,0.02010847507655979,0.1777292576419214,0.8600943152556694,0.9010983295611972,1.2232564236907753,2.087595153344382
lgb_conformal,dead26,0.8,2,13,0.95,26,all,11442,0.9248975148193941,0.9272814670035435,0.1597838706016882,1.310641162526124,0.14139309105876802,0.0013003287066170037,0.10531375633630484,0.918119837960347,0.9309836944205133,1.2345049436591915,1.3942589936210366
lgb_conformal,dead26,0.8,2,13,0.95,26,smooth,2265,0.9451428321831048,0.9031507124222355,0.11210741497862851,1.1068734838150407,0.050334585480912034,0.0007838802239081788,0.027373068432671083,0.9385489576995544,0.9504740801823063,1.0560857631439557,1.1720310238897234
lgb_conformal,dead26,0.8,2,13,0.95,26,erratic,1629,0.9121368210305649,0.9114905965734695,0.10836664275221208,1.6535822446964745,0.19192115712759344,0.0008394017196862174,0.024554941682013505,0.884534569130449,0.9334876493506562,1.4359727832146656,1.9660972932852694
lgb_conformal,dead26,0.8,2,13,0.95,26,intermittent,5258,0.8514480533095106,0.9424167502334105,0.2858552913912969,1.089548066375567,0.21153884720918148,0.004059593372166869,0.15728413845568656,0.8238771666554575,0.8751930734917909,0.9309095382240261,1.2862030414180559
lgb_conformal,dead26,0.8,2,13,0.95,26,lumpy,2290,0.8847924366957424,0.9276300119094879,0.19250263991552272,1.7579820770871901,0.5281946213898614,0.0040455690817817,0.1205240174672489,0.8634172845424443,0.9028875414940994,1.3055793982112704,2.3296031598762896
lgb_conformal,none,0.9,2,13,0.95,26,all,11442,0.9650174458986688,0.9682509415073652,0.06976196087673815,2.358349680563399,0.2934560680905049,0.0,0.0,0.9600996279891921,0.9692784575328504,2.22997497269363,2.49223047597837
lgb_conformal,none,0.9,2,13,0.95,26,smooth,2265,0.9734821350572203,0.9522576760987357,0.05526389146998699,1.7231494983569764,0.07289400649145561,0.0,0.0,0.9689827371625378,0.9773306379390718,1.6471272340474399,1.8145259974639838
lgb_conformal,none,0.9,2,13,0.95,26,erratic,1629,0.9510435981483871,0.9617724203359562,0.04680400396296676,2.872905301278529,0.33150047044189646,0.0,0.0,0.9304612905410561,0.9648211805365111,2.5991791770456847,3.3001586919642927
lgb_conformal,none,0.9,2,13,0.95,26,intermittent,5258,0.9525671762428707,0.9758463294028148,0.11990387091236804,3.41718702996381,0.8005505975441891,0.0,0.0,0.9362514681377992,0.9639302725203143,2.935573082441804,4.141012708804493
lgb_conformal,none,0.9,2,13,0.95,26,lumpy,2290,0.9610722494362465,0.9712385867407701,0.07650475184794087,4.164483636497805,1.2420674073414926,0.0,0.0,0.9463078656235275,0.9729716865855776,3.4575621121509217,5.019609990392984
lgb_conformal,quantile,0.9,2,13,0.95,26,all,11442,0.964912307977539,0.9680443660517074,0.0702158675290893,2.3532509772385146,0.2908647001276036,0.00044018002099648984,0.01546932354483482,0.9599840932079015,0.9691127124751399,2.2266468418047465,2.4862745346464132
lgb_conformal,quantile,0.9,2,13,0.95,26,smooth,2265,0.9734377834971877,0.9522376078667469,0.055287121352908385,1.722308498699693,0.07258576314922957,7.627124338926559e-05,0.002207505518763797,0.9689342150560384,0.9773306379390718,1.6461818293765833,1.8138953168276037
lgb_conformal,quantile,0.9,2,13,0.95,26,erratic,1629,0.9510435981483871,0.9617724203359562,0.04680400396296676,2.8726827655894587,0.33150047044189646,9.568309758081235e-05,0.003683241252302026,0.9304612905410561,0.9648211805365111,2.598936732980884,3.299820497079485
lgb_conformal,quantile,0.9,2,13,0.95,26,intermittent,5258,0.9513486905076619,0.9754400221307791,0.12192086516178868,3.355427123310148,0.7642111596277086,0.004457652303120356,0.023392925066565234,0.9348423933270499,0.9627889669293979,2.8928874899606156,4.066326111812379
lgb_conformal,quantile,0.9,2,13,0.95,26,lumpy,2290,0.961054886478814,0.9711591901548233,0.07671594508975713,4.157753320123017,1.241074246176351,0.0009527922891106042,0.018777292576419215,0.9462735617992638,0.9729714685998356,3.4529603426254205,5.0116771979677255
lgb_conformal,fixed,0.9,2,13,0.95,26,all,11442,0.9642338671593055,0.9635155964469022,0.08016689798447989,2.2694000841880726,0.2482531363555271,0.018438781550607488,0.37012760006991785,0.9592146480436388,0.9684820824025034,2.1484690208252832,2.395096237385689
lgb_conformal,fixed,0.9,2,13,0.95,26,smooth,2265,0.9733537843304595,0.9518763796909492,0.0557052592454934,1.7010624214607792,0.067767705344363,0.004659937773417288,0.04988962472406181,0.9687654765477949,0.9772715897948494,1.6281184344754913,1.7918049582187008
lgb_conformal,fixed,0.9,2,13,0.95,26,erratic,1629,0.9508087396361433,0.9606004799374965,0.04823887123774384,2.8311700738064625,0.31903774698199566,0.00923849302020798,0.0798035604665439,0.9299861958239927,0.9646582044501726,2.5615490752895904,3.2497738569158523
lgb_conformal,fixed,0.9,2,13,0.95,26,intermittent,5258,0.9478633958984737,0.970036999896262,0.1487425972019569,3.047217081893788,0.546181217087971,0.07400553636161983,0.5599087105363256,0.9304486876186029,0.9597308423140105,2.636623506007945,3.7238385182363447
lgb_conformal,fixed,0.9,2,13,0.95,26,lumpy,2290,0.9572133321468645,0.9621278285033743,0.10073917634635692,3.702991420528659,0.9893604137592756,0.0953009326078511,0.4576419213973799,0.9418873281365494,0.9695516249049094,3.139785187766857,4.365368447408048
lgb_conformal,dead13,0.9,2,13,0.95,26,all,11442,0.9640605159104186,0.9610406635839253,0.08560504883861,2.25177986257055,0.22573204949761175,0.007433698005799882,0.16238419856668415,0.9590320182637027,0.9683190442837035,2.1332297203580532,2.3781561604160837
lgb_conformal,dead13,0.9,2,13,0.95,26,smooth,2265,0.9733467284004542,0.9512743327312864,0.056402155733135104,1.6865611413134782,0.04936106873819812,0.0027014132019810362,0.04856512141280353,0.9688389645774933,0.9773116103644531,1.6167492173516254,1.774024557317605
lgb_conformal,dead13,0.9,2,13,0.95,26,erratic,1629,0.950871078623961,0.9599307997098052,0.04905879539475932,2.8056306603438506,0.30503133621445777,0.006180258257378834,0.057704112952731736,0.9302795467178537,0.9647280854835194,2.5503447690948744,3.211454061116546
lgb_conformal,dead13,0.9,2,13,0.95,26,intermittent,5258,0.9453565362188048,0.9652391161520107,0.1725602952536263,2.9334633861748967,0.4252837309364716,0.020152113206744517,0.23716241917078737,0.9275303648266618,0.9576978353834351,2.5314362419659218,3.6249177592885515
lgb_conformal,dead13,0.9,2,13,0.95,26,lumpy,2290,0.9569268433492277,0.9618499404525606,0.10147835269271384,3.757600092023674,0.9850344329149583,0.03267057477900211,0.1777292576419214,0.9399578406796307,0.970459202488846,3.1646580001525955,4.403323378447072
lgb_conformal,dead26,0.9,2,13,0.95,26,all,11442,0.9646598603628482,0.9652675152150768,0.0763174204135788,2.317290310092735,0.2733134303297055,0.002944444811531045,0.10531375633630484,0.9597129198273655,0.9688608211939616,2.196198353588895,2.4524886856086443
lgb_conformal,dead26,0.9,2,13,0.95,26,smooth,2265,0.9734317355571833,0.9521774031707807,0.05535681100167255,1.7097388633904753,0.07207424182352111,0.0015738083878207927,0.027373068432671083,0.968918466426583,0.9773306379390718,1.6351868988682337,1.802595915680822
lgb_conformal,dead26,0.9,2,13,0.95,26,erratic,1629,0.9510240266057001,0.9616050002790334,0.04700898500222063,2.862527309550768,0.33129315706380474,0.0015483264881258727,0.024554941682013505,0.9304284430338476,0.9648083893875489,2.5898655890974878,3.287342859400102
lgb_conformal,dead26,0.9,2,13,0.95,26,intermittent,5258,0.9488752556237219,0.970953352467236,0.1441936314479444,3.132359152468725,0.592614943314585,0.010158099283797786,0.15728413845568656,0.9317711483831126,0.9605291947587786,2.7042160738066228,3.8139141432276924
lgb_conformal,dead26,0.9,2,13,0.95,26,lumpy,2290,0.9600999238200243,0.9677649861055975,0.08574445617740233,4.027077532116045,1.171552964616463,0.010825803959188368,0.1205240174672489,0.9452078800407147,0.9720134006189114,3.3381862408116327,4.829590204268074
lgb_conformal,none,0.95,2,13,0.95,26,all,11442,0.9813402539090512,0.9846220463682446,0.03378985867790959,3.7835491996885895,0.567279563092664,0.0,0.0,0.977995197274149,0.9841347078116562,3.57383342889588,4.010753913841318
lgb_conformal,none,0.95,2,13,0.95,26,smooth,2265,0.9872388465906419,0.9758177804535421,0.027992008920275042,2.4568227483183365,0.10363259436466392,0.0,0.0,0.9843710813831349,0.9899572118010255,2.352026955193178,2.5805858148627636
lgb_conformal,none,0.95,2,13,0.95,26,erratic,1629,0.9704223248963071,0.9831184775936157,0.02066892145809846,4.500998873548988,0.5738115361921318,0.0,0.0,0.9572138807197099,0.9800707938327752,4.128147961992551,5.085930340742375
lgb_conformal,none,0.95,2,13,0.95,26,intermittent,5258,0.9724032731990871,0.987715688647602,0.06098188996652648,6.796464264335438,1.8126266723792681,0.0,0.0,0.9605077200129379,0.9809371367020406,5.887895508655313,8.226304372617433
lgb_conformal,none,0.95,2,13,0.95,26,lumpy,2290,0.9823114871156003,0.9872965462485113,0.0337909186906019,8.053378071886984,2.653144106035581,0.0,0.0,0.9735950294246893,0.9885555897662373,6.951856465752641,9.382958709696144
lgb_conformal,quantile,0.95,2,13,0.95,26,all,11442,0.9812013008339905,0.9843399914191734,0.03440961583785058,3.770705077053853,0.5601382301303904,0.0011547680727422263,0.02709316553050166,0.9778168677657009,0.9840146868535163,3.561983397353914,3.9974252708211058
lgb_conformal,quantile,0.95,2,13,0.95,26,smooth,2265,0.9871776951972636,0.9757776439895646,0.028038468686117823,2.455549320950736,0.10311515949761778,0.0001575824367822271,0.005298013245033113,0.9843048476689631,0.9899138128106256,2.3518070669453848,2.5802576876286603
lgb_conformal,quantile,0.95,2,13,0.95,26,erratic,1629,0.9704223248963071,0.9831184775936157,0.02066892145809846,4.500223260561023,0.5738115361921318,0.0003131446829917495,0.004910988336402701,0.9572138807197099,0.9800707938327752,4.1263200903700055,5.0840498599034305
lgb_conformal,quantile,0.95,2,13,0.95,26,intermittent,5258,0.9708292691820345,0.9871710640063626,0.06368552055617543,6.639604736597416,1.7119043929297442,0.010626046424002649,0.03879802206162039,0.9587054653919269,0.9793404939973138,5.781465496633504,8.041836685704716
lgb_conformal,quantile,0.95,2,13,0.95,26,lumpy,2290,0.9822789315704143,0.9871774513695911,0.034107708553326295,8.032522989640826,2.6486748807924454,0.0033510507844801206,0.03755458515283843,0.9735519352005289,0.9885245209723974,6.938021942298719,9.35855226906196
lgb_conformal,fixed,0.95,2,13,0.95,26,all,11442,0.9801654688199016,0.9781546455641894,0.048000628486134025,3.5853704372377138,0.4656441534181873,0.0390508669311504,0.4400454466002447,0.9766942828243265,0.9830405516328887,3.3782965921367234,3.7907388874313104
lgb_conformal,fixed,0.95,2,13,0.95,26,smooth,2265,0.9870772321938567,0.9752960064218342,0.028595985876231182,2.409860158187231,0.09632789242730713,0.00931046764016101,0.059602649006622516,0.9841311763094734,0.9897366225535342,2.3152881922713857,2.5325477446219
lgb_conformal,fixed,0.95,2,13,0.95,26,erratic,1629,0.9699816027498742,0.9813047603102851,0.022889549383348706,4.4010875978758355,0.548878115680865,0.021395320516630737,0.11786372007366483,0.9569540022639217,0.9796877258260019,4.045705594750705,4.948940655702415
lgb_conformal,fixed,0.95,2,13,0.95,26,intermittent,5258,0.9657821250269677,0.9796587018914901,0.10097845678482534,6.06198172575259,1.301935903396263,0.12619987420122336,0.6521491061240016,0.9521445284711891,0.9750446179752646,5.273929364678873,7.42754285755683
lgb_conformal,fixed,0.95,2,13,0.95,26,lumpy,2290,0.9762843705168301,0.9752878126240572,0.06573389651531152,6.967253462282231,2.0046958118376303,0.22177488491614777,0.5585152838427948,0.9668295325429124,0.9836526319596591,6.117655023271075,7.885454521280679
lgb_conformal,dead13,0.95,2,13,0.95,26,all,11442,0.9802451482056008,0.9766371104860879,0.051335096586098236,3.6012620048654953,0.44820105324487497,0.011052891176227092,0.16238419856668415,0.9767869780434518,0.9831739362356525,3.3997362868642855,3.8160510225730686
lgb_conformal,dead13,0.95,2,13,0.95,26,smooth,2265,0.987091344053867,0.9747541641581376,0.029223192715108717,2.3944086794659,0.07200919286880675,0.00339591831249034,0.04856512141280353,0.9842351689675989,0.9898104185979123,2.3006536856253645,2.5142813558373502
lgb_conformal,dead13,0.95,2,13,0.95,26,erratic,1629,0.9702396571645618,0.9812489536246443,0.02295787639643333,4.397974272844703,0.5318162246639131,0.00851724542859504,0.057704112952731736,0.9570750534810517,0.9798360979202164,4.050418443007079,4.946697566789728
lgb_conformal,dead13,0.95,2,13,0.95,26,intermittent,5258,0.9639224909373224,0.9759068432518414,0.11960346751351815,5.960546586568702,1.1343038678565893,0.03378335262855632,0.23716241917078737,0.9507952176100545,0.9738372182224476,5.177777437523066,7.351938389369336
lgb_conformal,dead13,0.95,2,13,0.95,26,lumpy,2290,0.9776386811965682,0.97689559348948,0.061457233368532205,7.326310740508431,2.1377985072197347,0.05186966496003264,0.1777292576419214,0.9667750621276254,0.9852175494309914,6.365776445989289,8.37913116685155
lgb_conformal,dead26,0.95,2,13,0.95,26,all,11442,0.9809123173058573,0.981340674707219,0.040999991271025917,3.707930547560625,0.5326575873626161,0.005845357470875241,0.10531375633630484,0.9775290092949025,0.9837239633152286,3.5003483129212256,3.9314994128416116
lgb_conformal,dead26,0.95,2,13,0.95,26,smooth,2265,0.9871696312772578,0.9756973710616095,0.028131388217803383,2.4285761805242894,0.10250310796916895,0.003394574325822688,0.027373068432671083,0.9843030297315596,0.9898998280951844,2.3308271586407634,2.55301850257044
lgb_conformal,dead26,0.95,2,13,0.95,26,erratic,1629,0.9703955046341064,0.9829231541938724,0.02090806600389464,4.480904698185066,0.5734543192944966,0.0029292075554853236,0.024554941682013505,0.9571954273949504,0.9800364577320081,4.110609887417346,5.058236284405908
lgb_conformal,dead26,0.95,2,13,0.95,26,intermittent,5258,0.9681066676390243,0.982355890590961,0.08758904815037336,6.317526443571348,1.4650756463899701,0.018730040079368696,0.15728413845568656,0.9556009759467062,0.977115648595448,5.492744313991622,7.676404694360123
lgb_conformal,dead26,0.95,2,13,0.95,26,lumpy,2290,0.9811286356405087,0.9834656609765781,0.043980992608236534,7.79358699167229,2.5230972911616036,0.021204511764488846,0.1205240174672489,0.9722489389544894,0.9874873677752986,6.7449064021592,9.022732230929739
lgb_conformal,none,0.99,2,13,0.95,26,all,11442,0.9947271680663679,0.9959360251704248,0.008929740487600491,9.073542518280588,2.6085609475394813,0.0,0.0,0.9933395186682286,0.995789760678167,8.462165481568508,9.60936334630294
lgb_conformal,none,0.99,2,13,0.95,26,smooth,2265,0.9960285193970876,0.9938390527794502,0.007131574056866753,4.392180349570933,0.2027568526520217,0.0,0.0,0.9944646946355614,0.9972867385435418,4.22352840263658,4.604215864658781
lgb_conformal,none,0.99,2,13,0.95,26,erratic,1629,0.9939712399804574,0.9967353088900051,0.003997130265450446,9.982495067246372,1.9691868531423926,0.0,0.0,0.9899791770965748,0.9964086324268413,9.273249037646526,11.034705487755579
lgb_conformal,none,0.99,2,13,0.95,26,intermittent,5258,0.98268595581242,0.9955824890210588,0.02192944811604154,16.740912253833976,6.08432225149424,0.0,0.0,0.9734868870740924,0.9902097446542909,14.647749341524564,20.151619321012166
lgb_conformal,none,0.99,2,13,0.95,26,lumpy,2290,0.9971850305262495,0.9982532751091703,0.004646251319957761,31.114745274562612,17.580619032839863,0.0,0.0,0.9951872134107281,0.9986526294788833,27.482271422171475,34.88990966839047
lgb_conformal,quantile,0.99,2,13,0.95,26,all,11442,0.9945464318988064,0.9956142441721886,0.009636787388378244,8.89795247299549,2.5646628920663037,0.016681559585993686,0.13100856493619997,0.9931563847286959,0.9956112154400928,8.32296912476057,9.455587930805867
lgb_conformal,quantile,0.99,2,13,0.95,26,smooth,2265,0.9959270484036798,0.9937989163154726,0.007178033822709534,4.385982555053054,0.20148396287908826,0.0016611675212181896,0.025607064017660046,0.9944620359901395,0.9972312432029178,4.220733343940826,4.596535949241268
lgb_conformal,quantile,0.99,2,13,0.95,26,erratic,1629,0.9939712399804574,0.9967353088900051,0.003997130265450446,9.9677721930421,1.9690513020874865,0.003629433860508541,0.03437691835481891,0.9899791770965748,0.9964086324268413,9.248057024756399,11.007937205523378
lgb_conformal,quantile,0.99,2,13,0.95,26,intermittent,5258,0.9809964843192128,0.9949946402019434,0.024847652562011845,16.111471693755945,5.7358219613062404,0.04566130958349666,0.14644351464435146,0.9715852126711392,0.9888852691136998,14.198095326778637,19.51023788804317
lgb_conformal,quantile,0.99,2,13,0.95,26,lumpy,2290,0.9970287639093567,0.9980349344978166,0.005227032734952481,29.687475447693004,17.347918506959292,0.13208652829836506,0.2685589519650655,0.995095430157952,0.9985842980276795,26.297793105420595,33.4388867627599
lgb_conformal,fixed,0.99,2,13,0.95,26,all,11442,0.9899570936225008,0.9821908121593491,0.039131990817119267,7.5468685807080265,1.6257962982900802,0.3098667177651215,0.6555672085299773,0.9874311727229567,0.991847073929734,7.132180106480044,7.997045333104359
lgb_conformal,fixed,0.99,2,13,0.95,26,smooth,2265,0.9957167144901923,0.9929761188039333,0.008130459022486526,4.264878268407577,0.18812231622662307,0.02302450759688464,0.0847682119205298,0.9942697897115849,0.9970312821185232,4.113564207651115,4.4618021606836145
lgb_conformal,fixed,0.99,2,13,0.95,26,erratic,1629,0.9926809679070192,0.9918243205536024,0.01000990741689727,9.425317892594274,1.8427703446186232,0.10644237195499415,0.2664211172498465,0.9883561822915415,0.9954100615794055,8.79851096486741,10.260599507352351
lgb_conformal,fixed,0.99,2,13,0.95,26,intermittent,5258,0.9690486391550212,0.982623880493793,0.08625869024118102,13.576893742574377,3.9900983600579765,0.5650066697660568,0.8815138836059339,0.9544880680731312,0.9798568911151597,12.487817117163672,15.270869050791532
lgb_conformal,fixed,0.99,2,13,0.95,26,lumpy,2290,0.9595312869641086,0.9636760619293371,0.0966209081309398,18.815514236539908,8.574065384556953,2.5895679011005943,0.9781659388646288,0.9360488550603829,0.9753438517562736,17.856435662378722,20.14709223706342
lgb_conformal,dead13,0.99,2,13,0.95,26,all,11442,0.9934693998121121,0.9868665681460648,0.028857988320632678,8.570983643959856,2.2660933508135654,0.02680492270905247,0.16238419856668415,0.9920931693483445,0.9945928523859741,7.979230493302135,9.108946358380788
lgb_conformal,dead13,0.99,2,13,0.95,26,smooth,2265,0.995849097176956,0.9927754364840458,0.008362757851700427,4.260788852974579,0.15137926631767815,0.005137725033767665,0.04856512141280353,0.9943529232550637,0.9971723732882827,4.103184974705362,4.445919301286329
lgb_conformal,dead13,0.99,2,13,0.95,26,erratic,1629,0.9937863976328581,0.9948099782353926,0.00635441221686994,9.701856542041849,1.878649911493135,0.01854294938799061,0.057704112952731736,0.9898122923532866,0.9962764401287982,9.050312491921462,10.627616463632627
lgb_conformal,dead13,0.99,2,13,0.95,26,intermittent,5258,0.9728985678994339,0.9820014523323767,0.08934855377220839,14.888576924128751,4.507420608513599,0.06836282311901962,0.23716241917078737,0.9611948210683828,0.9814500974759542,13.07848401310004,18.15314825996925
lgb_conformal,dead13,0.99,2,13,0.95,26,lumpy,2290,0.9918415803763855,0.9865422786820167,0.03579725448785639,28.51426475471567,15.485249516550153,0.16181842253190987,0.1777292576419214,0.987584011757343,0.9945697648077163,25.316847802997827,31.703259643724575
lgb_conformal,dead26,0.99,2,13,0.95,26,all,11442,0.9941882633430905,0.9919594476490124,0.017667443545360113,8.85590974230132,2.509529732265604,0.017508087457648463,0.10575074287711939,0.9927575719371419,0.9953280347733408,8.241586315336166,9.408565605985649
lgb_conformal,dead26,0.99,2,13,0.95,26,smooth,2265,0.9959136085370033,0.9937186433875176,0.007270953354395094,4.323668949204024,0.20079207854258088,0.008356909099461733,0.027373068432671083,0.9944356490128553,0.9972244197011401,4.170283746831721,4.5162581432590185
lgb_conformal,dead26,0.99,2,13,0.95,26,erratic,1629,0.9939436948463054,0.9965120821474412,0.004270438317788938,9.909167020645803,1.9683209211092862,0.010794793099798921,0.024554941682013505,0.989963454835348,0.9963967485715978,9.20548014396963,10.897367609120343
lgb_conformal,dead26,0.99,2,13,0.95,26,intermittent,5258,0.9776023482438309,0.9891334416819392,0.053943867479186336,15.65653591494301,5.277126804559142,0.04122188898713753,0.1582350703689616,0.9671819201610194,0.985680958253259,13.768210905074156,18.954867319799803
lgb_conformal,dead26,0.99,2,13,0.95,26,lumpy,2290,0.995622364357321,0.9934696308058754,0.01737064413938754,30.120876568905977,17.066481461787387,0.07978278940251893,0.1205240174672489,0.9933973515156901,0.99736483564676,26.718900254152455,33.77700909679206
hgb_quantile,none,0.5,2,13,0.95,26,all,11442,0.8249239839226433,0.8577688261746993,0.3125234591178499,0.6310498516991726,0.0699494055334807,0.0,0.0,0.8168117328029428,0.8330521129496983,0.5811687728819767,0.6752237198976268
hgb_quantile,none,0.5,2,13,0.95,26,smooth,2265,0.8435219842619162,0.7400361228175798,0.30091990336368707,0.4873604773840644,0.015010046300340701,0.0,0.0,0.8354938774151534,0.8506768342434283,0.45657705382084574,0.5202992789070406
hgb_quantile,none,0.5,2,13,0.95,26,erratic,1629,0.8054095743986824,0.7685696746470227,0.2833521232619316,0.7524424560401406,0.08458545297973113,0.0,0.0,0.7696190845446681,0.8345328687070726,0.6252303240568333,0.9187083804329801
hgb_quantile,none,0.5,2,13,0.95,26,intermittent,5258,0.7933679128038238,0.9277896884401259,0.3584670843704403,0.8617702379541593,0.22904675521198914,0.0,0.0,0.7655752676619999,0.8173362421095017,0.7261175532090294,1.0360909250246542
hgb_quantile,none,0.5,2,13,0.95,26,lumpy,2290,0.7857584682398953,0.87689559348948,0.32745512143611405,1.0309494716235017,0.26737044520793224,0.0,0.0,0.7614981145678337,0.8058467908108801,0.7311919323260333,1.4484133476348828
hgb_quantile,quantile,0.5,2,13,0.95,26,all,11442,0.8249113518249106,0.8577529357550333,0.3125583750141846,0.6296368058127861,0.06905155489462692,0.00011660397907191784,0.0027967138612130745,0.8168031757141876,0.8330410744305132,0.5799716251107225,0.6735710481596738
hgb_quantile,quantile,0.5,2,13,0.95,26,smooth,2265,0.8435219842619162,0.7400361228175798,0.30091990336368707,0.4873604773840644,0.015010046300340701,0.0,0.0,0.8354938774151534,0.8506768342434283,0.45657705382084574,0.5202992789070406
hgb_quantile,quantile,0.5,2,13,0.95,26,erratic,1629,0.8054095743986824,0.7685696746470227,0.2833521232619316,0.7523721434608577,0.08458545297973113,2.3195902443833296e-05,0.0012277470841006752,0.7696190845446681,0.8345328687070726,0.6252280502187936,0.9187039856754375
hgb_quantile,quantile,0.5,2,13,0.95,26,intermittent,5258,0.7933679128038238,0.9277896884401259,0.3584670843704403,0.8600746892253651,0.22882615156017827,0.00018231706761228451,0.0015214910612400153,0.7655752676619999,0.8173362421095017,0.7250391658819897,1.0344747641164052
hgb_quantile,quantile,0.5,2,13,0.95,26,lumpy,2290,0.7856173942107559,0.8768161969035332,0.3276663146779303,1.0165903058267916,0.257500906129341,0.0011025477969662573,0.00960698689956332,0.7612522939925938,0.8058012320867601,0.7237370699826629,1.4347575800680228
hgb_quantile,fixed,0.5,2,13,0.95,26,all,11442,0.824754713813024,0.8555680030509606,0.31735931076020635,0.6195111106101459,0.06155578470396776,0.0036683611816025353,0.3032686593252928,0.816633864027229,0.8328850617621449,0.5701249733387657,0.6634338467479889
hgb_quantile,fixed,0.5,2,13,0.95,26,smooth,2265,0.8435213122685823,0.7400160545855909,0.30094313324660843,0.48700465691380346,0.01500487195167024,0.00013372667343139957,0.033554083885209716,0.835492873170979,0.8506768261553523,0.4562556913651927,0.5199248775644848
hgb_quantile,fixed,0.5,2,13,0.95,26,erratic,1629,0.8053849287523359,0.7685417713042022,0.28338628676847394,0.75077525055199,0.0844148181223787,0.00048493933546638984,0.047268262737875995,0.7696082274608784,0.8345270435819526,0.6245115453477107,0.9171972259788977
hgb_quantile,fixed,0.5,2,13,0.95,26,intermittent,5258,0.791596398630191,0.9240551194716277,0.3770062655566046,0.7374816543450715,0.12702090872903735,0.04080255973162927,0.4804108025865348,0.7628922789105126,0.8158045581564204,0.6264146803715063,0.8797646942294477
hgb_quantile,fixed,0.5,2,13,0.95,26,lumpy,2290,0.7852115350807704,0.8745136959110759,0.3337909186906019,0.9981508450334347,0.24704883982888803,0.009508389563994435,0.34541484716157206,0.7608328473639769,0.8054313883178209,0.7049822408194187,1.4048740358442349
hgb_quantile,dead13,0.5,2,13,0.95,26,all,11442,0.8243953792175174,0.8526084123881712,0.32386239645254494,0.6035423900162118,0.058900284552576926,0.0027073500540848124,0.1617724174095438,0.8162286870086258,0.8326184368200459,0.5595746842943572,0.6448647912339736
hgb_quantile,dead13,0.5,2,13,0.95,26,smooth,2265,0.8434705767718784,0.739434075857917,0.3016167998513288,0.48378950480811234,0.01456505231468104,0.0007459126005470026,0.04856512141280353,0.8354722636097801,0.8506470652708545,0.4537629541948972,0.5158519518130309
hgb_quantile,dead13,0.5,2,13,0.95,26,erratic,1629,0.8053088171974421,0.767397734248563,0.2847869905367087,0.7304491161636297,0.08386782974787504,0.002772635213989449,0.0570902394106814,0.7693971050273292,0.8344514251679706,0.6150095537573078,0.8926580831218974
hgb_quantile,dead13,0.5,2,13,0.95,26,intermittent,5258,0.7893508600807665,0.919430132438881,0.39996566818298857,0.6844699283190062,0.09982649492398897,0.006742692883860989,0.23640167364016737,0.7597356681965785,0.8138534747251471,0.5796228864633891,0.8162653191459703
hgb_quantile,dead13,0.5,2,13,0.95,26,lumpy,2290,0.7833580393748467,0.8717348154029376,0.3411826821541711,0.9393056119248792,0.24129518980968026,0.012299484971275157,0.17685589519650655,0.7592266737904109,0.8045089509333045,0.6798493933218664,1.2839150530930585
hgb_quantile,dead26,0.5,2,13,0.95,26,all,11442,0.8247735647896406,0.85557992086571,0.3173331238379553,0.6209861509454055,0.061811458362079456,0.00026644009217933226,0.10531375633630484,0.8166570302998449,0.8329090759712242,0.571601423832885,0.6647136833509356
hgb_quantile,dead26,0.5,2,13,0.95,26,smooth,2265,0.8435213122685823,0.7400160545855909,0.30094313324660843,0.4871793751805983,0.01500487195167024,2.923171002143659e-05,0.027373068432671083,0.8354928409425126,0.8506761239756786,0.4564007560916414,0.5200785643090479
hgb_quantile,dead26,0.5,2,13,0.95,26,erratic,1629,0.8054073997828284,0.7685696746470227,0.2833521232619316,0.7521713539303283,0.08455993748704292,8.118565855341654e-05,0.024554941682013505,0.7696142413729201,0.834531266259174,0.6250746923052499,0.9184142352735558
hgb_quantile,dead26,0.5,2,13,0.95,26,intermittent,5258,0.7915143559497656,0.9238822227601231,0.37786456098189,0.739444601439697,0.12787658349969763,0.00265271333375874,0.15728413845568656,0.7626900200189323,0.8156569265679784,0.6279050913281288,0.8823065793170191
hgb_quantile,dead26,0.5,2,13,0.95,26,lumpy,2290,0.7854133794609236,0.8749503771337832,0.3326293558606125,1.0079131678498798,0.2488584940672945,0.0006489405340411633,0.1205240174672489,0.7611688278752536,0.8055851708537723,0.7120262504207929,1.416452441113438
hgb_quantile,none,0.8,2,13,0.95,26,all,11442,0.9177030493106567,0.9396998299725096,0.13249709761611717,1.3404130734826614,0.177698322962705,0.0,0.0,0.9112066587519081,0.9239332788824494,1.2546401630896427,1.431100207379311
hgb_quantile,none,0.8,2,13,0.95,26,smooth,2265,0.9269197169564078,0.891832229580574,0.12520906894629252,0.9743093588511602,0.0423320856657102,0.0,0.0,0.9214866905527813,0.932305002168338,0.92063539122904,1.0323060983372145
hgb_quantile,none,0.8,2,13,0.95,26,erratic,1629,0.90180449623574,0.9037334672693789,0.11786409757097469,1.6916394718872911,0.22555057649066296,0.0,0.0,0.8732380973543049,0.9228152686857187,1.4198310256165378,2.1269803438450468
hgb_quantile,none,0.8,2,13,0.95,26,intermittent,5258,0.9116916896841964,0.9677634081399772,0.1600291820444597,1.789174620248741,0.4294083507294202,0.0,0.0,0.8938348057940141,0.926384340046137,1.4904334704770608,2.1073793429033554
hgb_quantile,none,0.8,2,13,0.95,26,lumpy,2290,0.9100642212388036,0.9481937276697102,0.13780359028511088,2.333103997603912,0.7290328181599172,0.0,0.0,0.8948106524302585,0.9237558890656148,1.6877357801325052,3.179422401780971
hgb_quantile,quantile,0.8,2,13,0.95,26,all,11442,0.917573813233852,0.9396322956889291,0.13264549017553967,1.317737680692441,0.16420405540865612,0.001766938962869795,0.01966439433665443,0.9110811945192797,0.9237991800639279,1.235858206240277,1.4074365727442064
hgb_quantile,quantile,0.8,2,13,0.95,26,smooth,2265,0.9269197169564078,0.891832229580574,0.12520906894629252,0.96817271572666,0.04020247159148181,0.00047879525035111653,0.005298013245033113,0.9214866905527813,0.932305002168338,0.9174852509697092,1.0259677307197974
hgb_quantile,quantile,0.8,2,13,0.95,26,erratic,1629,0.9015507910527605,0.9036497572409175,0.11796658809060162,1.6716025614075274,0.21252013331844932,0.001408426201511503,0.009821976672805401,0.8717173468921237,0.922591960426908,1.40603251178751,2.100762858363022
hgb_quantile,quantile,0.8,2,13,0.95,26,intermittent,5258,0.9116400331817063,0.9677374736332515,0.16015792635825252,1.7642731474306967,0.4217808123440809,0.002816798694609796,0.01882845188284519,0.89380751633185,0.9263748056385314,1.4740133779171232,2.076619834955129
hgb_quantile,quantile,0.8,2,13,0.95,26,lumpy,2290,0.9094174510744415,0.9479753870583565,0.1383843717001056,2.19728660382723,0.6365494594694314,0.010411263350486488,0.04279475982532751,0.8937841845772779,0.9229728575608975,1.6313546429871986,2.9682619779594077
hgb_quantile,fixed,0.8,2,13,0.95,26,all,11442,0.9170891293608431,0.9360291430296674,0.14056266966943376,1.2980553177050316,0.15427553753462653,0.007341775202298187,0.3696906135291033,0.9105977553804238,0.9233744736113129,1.2173950575576453,1.3823112250307679
hgb_quantile,fixed,0.8,2,13,0.95,26,smooth,2265,0.9268578935696958,0.8915111378687538,0.12558074707303477,0.9689414761005571,0.04132013090430143,0.0008739273306408801,0.05121412803532009,0.9213738290631259,0.9322782336354596,0.9166731679248976,1.02605222910573
hgb_quantile,fixed,0.8,2,13,0.95,26,erratic,1629,0.9015957331137454,0.9028405602991239,0.11895732978032865,1.6781322079454666,0.2236369145390467,0.0026965236590956207,0.07243707796193984,0.873100346722298,0.9226993068667152,1.4083529135439057,2.113541574401763
hgb_quantile,fixed,0.8,2,13,0.95,26,intermittent,5258,0.9077111003746616,0.9627061793284691,0.18513432323405715,1.5764744133188693,0.2968389259093823,0.052577203681589316,0.5661848611639406,0.8888772188123348,0.9231757958263823,1.313097582009877,1.8645801945335763
hgb_quantile,fixed,0.8,2,13,0.95,26,lumpy,2290,0.9070756221907278,0.9424176260420802,0.15316789862724392,2.087096935220976,0.5744052644486936,0.030719412437520483,0.44497816593886463,0.8900228064786836,0.9213190670213603,1.5699685369450032,2.7307747276237673
hgb_quantile,dead13,0.8,2,13,0.95,26,all,11442,0.9170467632484469,0.9336773609191019,0.14573022232696992,1.2919940485329082,0.15922440474640384,0.005168665712327878,0.16255899318300995,0.91052937697842,0.9233464635922902,1.2079247710859042,1.378198610539927
hgb_quantile,dead13,0.8,2,13,0.95,26,smooth,2265,0.9268518456296914,0.890989363837046,0.1261847240289909,0.9631045420029434,0.03678222712030697,0.001569776427817836,0.04856512141280353,0.9214278212864039,0.9322311896424588,0.9092885116431256,1.019953071443984
hgb_quantile,dead13,0.8,2,13,0.95,26,erratic,1629,0.9016631462052228,0.902254590099894,0.1196747634177172,1.6545282025930121,0.2211379909738945,0.004403597104571478,0.057704112952731736,0.8730810187345177,0.9226895191855151,1.393095339563875,2.0748955039182433
hgb_quantile,dead13,0.8,2,13,0.95,26,intermittent,5258,0.9068602873924709,0.9586171721013866,0.20543301004205647,1.5492483978887681,0.2752866176233755,0.013540080888005663,0.23735260555344237,0.8879425610706313,0.9225628137371841,1.286897826929193,1.808728524096671
hgb_quantile,dead13,0.8,2,13,0.95,26,lumpy,2290,0.9070474073848999,0.9409884874950377,0.15696937697993665,2.1472291975492186,0.6818624376290013,0.024727021753615294,0.1781659388646288,0.8903509797103758,0.9215478404632463,1.5806371801842019,2.8828209409826533
hgb_quantile,dead26,0.8,2,13,0.95,26,all,11442,0.9175281433420488,0.9373281848373616,0.1377082951440717,1.3267093851821994,0.16874461435371663,0.0007233333501761303,0.10540115364446775,0.9110287211478588,0.9237713031601241,1.2409602691502093,1.4176187743455877
hgb_quantile,dead26,0.8,2,13,0.95,26,smooth,2265,0.926918708966407,0.8917920931165965,0.1252555287121353,0.9719153825994047,0.04231878019770044,0.00031348489022988893,0.027373068432671083,0.9214849741915401,0.9323046528269923,0.918452058664769,1.0302230676053512
hgb_quantile,dead26,0.8,2,13,0.95,26,erratic,1629,0.9018001470040318,0.9037055639265584,0.117898261077517,1.6898367153442344,0.2254899771955284,0.00037113443910133273,0.024554941682013505,0.8732259230722904,0.9228151171341948,1.4187589944152865,2.124373609700912
hgb_quantile,dead26,0.8,2,13,0.95,26,intermittent,5258,0.9096983564116354,0.963726269926346,0.1800703802248734,1.6548737910099454,0.3240935043467427,0.004071747843341021,0.15747432483834156,0.8912499022362077,0.924937082077863,1.376644142325966,1.942948830224454
hgb_quantile,dead26,0.8,2,13,0.95,26,lumpy,2290,0.9095541843642228,0.9456728860658992,0.14450897571277718,2.2968501424847694,0.7045284763353742,0.002033636389286187,0.1205240174672489,0.8942097706201056,0.9231145280378169,1.657907882492186,3.141767392586208
hgb_quantile,none,0.9,2,13,0.95,26,all,11442,0.9502040763973724,0.9678735440402981,0.07059121341468737,1.9607025156531124,0.29963285293789554,0.0,0.0,0.9450844479857782,0.9544292396950066,1.8242096055950856,2.0935810653901124
hgb_quantile,none,0.9,2,13,0.95,26,smooth,2265,0.9575693329122175,0.9444712020870961,0.06427708604348634,1.4176488969229426,0.07820510580535042,0.0,0.0,0.953188830690736,0.9613318897964855,1.3408149582937283,1.5071493222393109
hgb_quantile,none,0.9,2,13,0.95,26,erratic,1629,0.9362040195599447,0.9498018862659746,0.061460148269618396,2.49043748921753,0.3780774076259429,0.0,0.0,0.9138901082714341,0.9518060733032796,2.0945388883884033,3.175567282314328
hgb_quantile,none,0.9,2,13,0.95,26,intermittent,5258,0.9424546562259759,0.9822607973996335,0.08806111063428032,2.605046536431508,0.7079238036202092,0.0,0.0,0.9262163560496735,0.9540197111865826,2.1930601743531284,3.07557783500472
hgb_quantile,none,0.9,2,13,0.95,26,lumpy,2290,0.950081497381449,0.9708416038110361,0.07756071805702218,3.422223717365779,1.203443942606744,0.0,0.0,0.9388896806595461,0.9602839664102706,2.422460794079536,4.645256303005499
hgb_quantile,quantile,0.9,2,13,0.95,26,all,11442,0.949929474026658,0.9676471055600578,0.0710887649374569,1.9033263617109846,0.26274487321455015,0.004226505561426782,0.04553399755287537,0.944801197631254,0.9541804766030597,1.7770277921568682,2.0412950364656863
hgb_quantile,quantile,0.9,2,13,0.95,26,smooth,2265,0.9575236373655174,0.9444310656231186,0.06432354580932913,1.405233148087171,0.0743812621378796,0.0010637654474467614,0.00706401766004415,0.9530211359843814,0.9613307288294273,1.3287371919518987,1.4915274803026382
hgb_quantile,quantile,0.9,2,13,0.95,26,erratic,1629,0.9357719958769284,0.9496065628662314,0.06169929281541457,2.42548026391138,0.3328384390897348,0.004331109909434499,0.027010435850214856,0.9135079859081113,0.9515825637975951,2.0375721946481566,3.1025562985380915
hgb_quantile,quantile,0.9,2,13,0.95,26,intermittent,5258,0.9417557741334621,0.9819928074968014,0.08939146854347266,2.5190658073455547,0.6729146725737396,0.00810095503757251,0.053442373526055534,0.9254075941973411,0.9532077451574896,2.107995454723314,2.96617827797134
hgb_quantile,quantile,0.9,2,13,0.95,26,lumpy,2290,0.9491026606561895,0.9705041683207623,0.07845828933474129,3.117555903297008,0.9766403111441972,0.021575644979609378,0.07860262008733625,0.9377864056899446,0.9598014172694526,2.3146628298498455,4.203532066146294
hgb_quantile,fixed,0.9,2,13,0.95,26,all,11442,0.949081374418875,0.9623595684162018,0.08270702944282958,1.8631180059475803,0.24773281053291515,0.013599133399227538,0.4371613354308687,0.9437551852304304,0.9534439987336502,1.7454472991617547,1.993485940882243
hgb_quantile,fixed,0.9,2,13,0.95,26,smooth,2265,0.9573831907587477,0.9440698374473209,0.06474168370191415,1.3992292236461015,0.07160041932384031,0.0022888092950117934,0.059161147902869755,0.9530023348009027,0.9613168944172339,1.3226116482407395,1.4845285358973257
hgb_quantile,fixed,0.9,2,13,0.95,26,erratic,1629,0.9358133135781564,0.9484346224677717,0.06313416009019165,2.4351072882975227,0.3601990208429681,0.008398366428570394,0.09760589318600368,0.9133885860881427,0.9513762597411797,2.0445973349572544,3.121495557865354
hgb_quantile,fixed,0.9,2,13,0.95,26,intermittent,5258,0.9357636198446051,0.9746879214357342,0.1256544502617801,2.2063707660659317,0.4674858780238045,0.07231302625061913,0.6734499809813618,0.918196597970289,0.9483988615882301,1.8419971818065686,2.631745754938079
hgb_quantile,fixed,0.9,2,13,0.95,26,lumpy,2290,0.9446946398380036,0.9620484319174275,0.10095036958817317,2.9018168164583473,0.8917584552176773,0.06029286968449336,0.5100436681222708,0.9324361929011298,0.955686767350742,2.1646578217053003,3.8356965778464054
hgb_quantile,dead13,0.9,2,13,0.95,26,all,11442,0.9493520899902869,0.9608658689675994,0.08598912369829174,1.8826408158236265,0.2634396385898537,0.00752153967003406,0.16273378779933578,0.9442676877756866,0.9536218930560966,1.7570585687739524,2.013295841394976
hgb_quantile,dead13,0.9,2,13,0.95,26,smooth,2265,0.95743627823212,0.9435079269516355,0.06539212042371306,1.3932736827250674,0.06229915799235272,0.0025888543185651597,0.04856512141280353,0.9529262424551793,0.9612319395503324,1.3156167411898176,1.478394897760846
hgb_quantile,dead13,0.9,2,13,0.95,26,erratic,1629,0.9360387487550325,0.948043975668285,0.06361244918178402,2.4350819177792244,0.36536431339403896,0.0060164371963692615,0.05831798649478207,0.9137184520578815,0.9515839157661883,2.033597548652913,3.1147798079660842
hgb_quantile,dead13,0.9,2,13,0.95,26,intermittent,5258,0.9361100222730684,0.9715844254642276,0.14106085314565273,2.2356144237109423,0.4624654737053209,0.0207172961163426,0.23773297831875237,0.9187067048212307,0.9485457264086417,1.8592820008324065,2.652058246854791
hgb_quantile,dead13,0.9,2,13,0.95,26,lumpy,2290,0.9464526392780482,0.9625446605795951,0.09963041182682154,3.1375037710173173,1.1153725113998667,0.034465470503590875,0.1777292576419214,0.9337796849137519,0.9573681383112258,2.2504450220659775,4.240445299400879
hgb_quantile,dead26,0.9,2,13,0.95,26,all,11442,0.949932777806065,0.965132446647916,0.07661420553242378,1.9376732297864085,0.2869979567096067,0.001492919612050788,0.10540115364446775,0.9448359741768322,0.9541280310717978,1.8044173276412823,2.0701868364071583
hgb_quantile,dead26,0.9,2,13,0.95,26,smooth,2265,0.957524981352185,0.944390929159141,0.0643700055751719,1.4107445014145459,0.07742821431211402,0.0007724563372331347,0.027373068432671083,0.9530223660548766,0.9613307715120397,1.336915927562648,1.4988332828472029
hgb_quantile,dead26,0.9,2,13,0.95,26,erratic,1629,0.9361880723770146,0.9496623695518723,0.06163096580232995,2.485525032003097,0.3780008611478783,0.0008466504391999154,0.024554941682013505,0.9138743450423352,0.9517808096304197,2.0887153486508754,3.1710578121958157
hgb_quantile,dead26,0.9,2,13,0.95,26,intermittent,5258,0.9396530506203338,0.9776271655313116,0.11106342803192859,2.4084418879540075,0.5631676982774075,0.007037438809834182,0.15747432483834156,0.9230449175557024,0.9514566818845329,2.0142377319623233,2.8510739287548885
hgb_quantile,dead26,0.9,2,13,0.95,26,lumpy,2290,0.9493869790841474,0.9679634775704644,0.08521647307286166,3.3647696912215057,1.1709799870211892,0.0041215320205490605,0.1205240174672489,0.9380268684787422,0.9596619249720248,2.376826632114982,4.5741110927096225
hgb_quantile,none,0.95,2,13,0.95,26,all,11442,0.9671890006689181,0.9813605377318015,0.04095634640060754,2.667932661979446,0.4605400863102653,0.0,0.0,0.9626742165284777,0.9706248540943551,2.4905800194698835,2.8720537970364037
hgb_quantile,none,0.95,2,13,0.95,26,smooth,2265,0.9736528213640121,0.9683724663857114,0.03661029548411076,1.87142717944238,0.12552156762604916,0.0,0.0,0.9699211874148002,0.9770447332600837,1.7604252397899651,1.9835471512012768
hgb_quantile,none,0.95,2,13,0.95,26,erratic,1629,0.954771614594282,0.971789720408505,0.03453930511427693,3.5057765045804663,0.5885499226561629,0.0,0.0,0.9350147222393943,0.968523148593452,2.9123308453836523,4.535271649722507
hgb_quantile,none,0.95,2,13,0.95,26,intermittent,5258,0.958899655724604,0.9890642829973374,0.05428718564930049,3.5905857543520603,1.0897887249048153,0.0,0.0,0.9448324922225443,0.9686492895477777,3.020806624476514,4.260106319954131
hgb_quantile,none,0.95,2,13,0.95,26,lumpy,2290,0.9685361507625594,0.9833267169511711,0.044350580781414996,4.6453181870468,1.791863284073176,0.0,0.0,0.9590625833926005,0.9763594343619005,3.405427123043116,6.144698349140709
hgb_quantile,quantile,0.95,2,13,0.95,26,all,11442,0.9666967375372696,0.980907660771321,0.041951449446146594,2.535498332368759,0.39289858446656206,0.011272106656882297,0.09386470896696382,0.9620561135047252,0.970087953493798,2.3771974595668,2.715296950110147
hgb_quantile,quantile,0.95,2,13,0.95,26,smooth,2265,0.9735453024305999,0.9682319887617901,0.03677290466456049,1.846692112814241,0.11708516171519578,0.002369784491737842,0.018984547461368653,0.969815172791089,0.9770099964007452,1.7474242018615653,1.956220708550736
hgb_quantile,quantile,0.95,2,13,0.95,26,erratic,1629,0.9539619326246018,0.9714548802946593,0.03494926719278467,3.2817091610766957,0.5019120672333233,0.020423267229843847,0.05586249232658073,0.933900304478704,0.9679374829524664,2.77107487612555,4.067992246109928
hgb_quantile,quantile,0.95,2,13,0.95,26,intermittent,5258,0.9576052045445568,0.9885110135205228,0.057033731010213716,3.3779037791289497,0.9807837810736652,0.018799928288620073,0.11430201597565615,0.9431321667097694,0.9674689760008712,2.8360307640906,4.033567700908838
hgb_quantile,quantile,0.95,2,13,0.95,26,lumpy,2290,0.9670820030775842,0.9827113934100834,0.045987328405491024,4.148880848874988,1.4282087287927754,0.035999921866691556,0.1480349344978166,0.9569527402715634,0.9754114991272778,3.1570426074929068,5.437674524189712
hgb_quantile,fixed,0.95,2,13,0.95,26,all,11442,0.9655641242205509,0.9736219033544676,0.05796038791560828,2.4696783012821384,0.3522922204545923,0.026618162002572283,0.4909980772592204,0.9610903376081082,0.9689896420582296,2.304904534798425,2.6629429467849226
hgb_quantile,fixed,0.95,2,13,0.95,26,smooth,2265,0.9733796560738117,0.967650010034116,0.037446571269280804,1.8278292599337416,0.10830503121409035,0.005309083333893328,0.07328918322295806,0.9697454279516453,0.9768322096897205,1.720742566092703,1.9295993569986036
hgb_quantile,fixed,0.95,2,13,0.95,26,erratic,1629,0.9541185049660977,0.9696969696969697,0.03710156810495029,3.3498442250176512,0.5180952684708247,0.019769432729708297,0.14119091467157766,0.9343766614533818,0.9676952783715095,2.7752129392163103,4.253812761333329
hgb_quantile,fixed,0.95,2,13,0.95,26,intermittent,5258,0.9492824304080559,0.9786472561291885,0.10599948502274482,2.8612962135783673,0.6332461250026588,0.11429456968614117,0.7453404336249525,0.9334045672767942,0.9606552844004135,2.3716519844009625,3.398965775278685
hgb_quantile,fixed,0.95,2,13,0.95,26,lumpy,2290,0.9609789235400465,0.970782056371576,0.07771911298838437,3.7006409101662285,1.2312142567243478,0.12214623516823621,0.5689956331877729,0.9505259606988203,0.9701947390320756,2.852002884907588,4.770029310657224
hgb_quantile,dead13,0.95,2,13,0.95,26,all,11442,0.9662007819462837,0.9735623142807202,0.058091322526863415,2.548202724568575,0.39696328257303004,0.010377365457470448,0.16273378779933578,0.9616785113946733,0.9696295836761784,2.3761192206648363,2.7389135845642207
hgb_quantile,dead13,0.95,2,13,0.95,26,smooth,2265,0.9734888549905585,0.9673489865542846,0.03779501951310165,1.8308444940226194,0.09796446499250729,0.0038632896761664126,0.04856512141280353,0.969751178559688,0.9769572675210298,1.7243080926119825,1.9368983598024896
hgb_quantile,dead13,0.95,2,13,0.95,26,erratic,1629,0.9545983701979045,0.9699760031251744,0.036759933039527175,3.418038003586666,0.5619819158945573,0.00871948470302721,0.058931860036832415,0.934887431618988,0.9683032310790279,2.8204923971647142,4.412492369305619
hgb_quantile,dead13,0.95,2,13,0.95,26,intermittent,5258,0.9514185787169133,0.9772986617794529,0.11269418933997082,3.0510852423449615,0.7084920251476009,0.027526838591661426,0.23716241917078737,0.9358499857046977,0.9622792761051542,2.5218143104116097,3.6097181113312704
hgb_quantile,dead13,0.95,2,13,0.95,26,lumpy,2290,0.9644211298510476,0.9736800317586344,0.07001055966209081,4.218376085998727,1.611743002185562,0.045169733760751465,0.17860262008733624,0.9531975765636334,0.9735568400674697,3.12777663364301,5.58944275896963
hgb_quantile,dead26,0.95,2,13,0.95,26,all,11442,0.9668226698346672,0.9781864264035213,0.04793079669346462,2.629316144870338,0.4398471943722255,0.0025806403968266617,0.10557594826079357,0.9622898068125773,0.9702329287475004,2.448935020408742,2.8322577138923406
hgb_quantile,dead26,0.95,2,13,0.95,26,smooth,2265,0.9735621022639456,0.9682721252257676,0.03672644489871771,1.8592973637701515,0.12389386537285552,0.0013117309876286027,0.027373068432671083,0.969819105072146,0.977041675912607,1.750817919870991,1.9683954986875936
hgb_quantile,dead26,0.95,2,13,0.95,26,erratic,1629,0.9547513181796435,0.9716502036944026,0.03471012264698849,3.4957739965235146,0.5883633406158802,0.0016121152198464142,0.024554941682013505,0.9350031599415564,0.9685098986699986,2.9014366528880835,4.520326071474704
hgb_quantile,dead26,0.95,2,13,0.95,26,intermittent,5258,0.9553748590840998,0.9837995781320239,0.08042228134924041,3.2897777858807586,0.8631619249035998,0.010474115534325746,0.1578546976036516,0.9406835854764967,0.9654169656111082,2.7518792165548605,3.904192304215756
hgb_quantile,dead26,0.95,2,13,0.95,26,lumpy,2290,0.9676094029095976,0.9797538705835649,0.05385427666314678,4.537209902962771,1.7337108329661792,0.008039049291265782,0.1205240174672489,0.9580431982553929,0.9755970267945867,3.3201028102434003,6.025821924482846
hgb_quantile,none,0.99,2,13,0.95,26,all,11442,0.9884128682596584,0.9945972573135656,0.011871404753799285,5.193175868728795,1.2605339840353607,0.0,0.0,0.985884979925828,0.9903386895096565,4.869884803948227,5.552330344998365
hgb_quantile,none,0.99,2,13,0.95,26,smooth,2265,0.9924010993810941,0.9927353000200683,0.008409217617543208,3.573173690116994,0.37592751879901354,0.0,0.0,0.989990029029845,0.9942233315328074,3.3671290886009837,3.7956440616532126
hgb_quantile,none,0.99,2,13,0.95,26,erratic,1629,0.9807300040447855,0.9919080305820638,0.009907416897270337,6.808357628624904,1.6968153475688523,0.0,0.0,0.9706325570882112,0.9875959456458705,5.616145594683022,8.72379654315983
hgb_quantile,none,0.99,2,13,0.95,26,intermittent,5258,0.9800636286565967,0.9961530481690238,0.019097073212599777,7.532861132128217,2.9473316377846044,0.0,0.0,0.9684887064351577,0.988040910990024,6.276542484087388,9.071994662824698
hgb_quantile,none,0.99,2,13,0.95,26,lumpy,2290,0.9916180322994416,0.9947796744739976,0.013885955649419218,9.15034367803868,4.463543215315864,0.0,0.0,0.9873777159166784,0.9951229293151256,6.896267270448466,11.826256475606542
hgb_quantile,quantile,0.99,2,13,0.95,26,all,11442,0.9874615741303967,0.9932068455927922,0.014926545683085867,4.6290574783767635,0.9249896708308538,0.049395777614445836,0.4287711938472295,0.9849709362156386,0.9895581167998144,4.337596436236048,4.920112093082207
hgb_quantile,quantile,0.99,2,13,0.95,26,smooth,2265,0.9921934534409419,0.9925346177001806,0.008641516446757109,3.441188487410205,0.30000577914267096,0.01184556249202008,0.07947019867549669,0.9896174360657414,0.993969160057034,3.24467520920906,3.625169340432389
hgb_quantile,quantile,0.99,2,13,0.95,26,erratic,1629,0.9791425344712856,0.9908756068977064,0.011171466639335862,5.915959070830138,1.2759325115218398,0.08384883810274915,0.2234499693063229,0.9690549581489997,0.9862480689931138,5.038756977212148,7.29752708315044
hgb_quantile,quantile,0.99,2,13,0.95,26,intermittent,5258,0.9774139539406315,0.9944154362184031,0.02772294223671788,6.163626529564231,1.9882539190572992,0.10496905167777282,0.5882464815519208,0.9658277063685009,0.9857388123463092,5.182558039972141,7.418128141558337
hgb_quantile,quantile,0.99,2,13,0.95,26,lumpy,2290,0.9889810331393746,0.9927550615323542,0.019271383315733897,7.35284350983503,3.151849480522017,0.1491000562125747,0.5541484716157206,0.9837284461210704,0.9930831641210724,5.7824775249287095,9.38265439292892
hgb_quantile,fixed,0.99,2,13,0.95,26,all,11442,0.9850348509859449,0.9823775245904245,0.038721729035186496,4.422002821038934,0.8130888355188157,0.09807113697819234,0.6071490998077259,0.9824811501046719,0.986964423121335,4.159008570356763,4.724200834551821
hgb_quantile,fixed,0.99,2,13,0.95,26,smooth,2265,0.9918930724207216,0.991149909692956,0.010244378368333024,3.413042046622898,0.2934994052858996,0.01946294292760616,0.1280353200883002,0.9891463846913089,0.9937841853734176,3.2131130955578246,3.6136699672982977
hgb_quantile,fixed,0.99,2,13,0.95,26,erratic,1629,0.9778131193124735,0.9868575255315587,0.016091011581428716,5.944650227537306,1.3406669111901384,0.10309998738722805,0.2768569674647023,0.967293610718422,0.9851077363870941,4.9479010453356,7.498744012255249
hgb_quantile,fixed,0.99,2,13,0.95,26,intermittent,5258,0.9645089441714753,0.9799785608077735,0.09939061024804738,4.937990926687268,1.1002640558862584,0.3292919716679277,0.8602130087485736,0.9503314435599093,0.9744635763879267,4.119316571384144,6.036559499130874
hgb_quantile,fixed,0.99,2,13,0.95,26,lumpy,2290,0.9770179554683549,0.9760222310440652,0.06378035902851109,6.011808981423806,2.3846133811972194,0.42563119776191477,0.7349344978165939,0.9672228590622085,0.9844201020940546,4.770122915876305,7.537528674305847
hgb_quantile,dead13,0.99,2,13,0.95,26,all,11442,0.9872066000961595,0.985714512720281,0.0313893908048987,4.899652364670394,1.0655832472731186,0.019093901573026546,0.16290858241566158,0.9847305705913707,0.9890196400496464,4.568273248013397,5.23872400252825
hgb_quantile,dead13,0.99,2,13,0.95,26,smooth,2265,0.9922193251842941,0.9916716837246639,0.009640401412376882,3.480323699188904,0.3063547049613268,0.007209480481953619,0.04856512141280353,0.9895113347461403,0.993940062083951,3.2755186350241074,3.71262020080678
hgb_quantile,dead13,0.99,2,13,0.95,26,erratic,1629,0.9805451616971862,0.9899826999274514,0.01226469884868983,6.623942955476915,1.6230357057425808,0.01649518612537095,0.05954573357888275,0.9704385161535686,0.9874628859854228,5.463544883690254,8.520027721134683
hgb_quantile,dead13,0.99,2,13,0.95,26,intermittent,5258,0.9706803769101511,0.9827103288495452,0.08582954252853832,5.981002561554799,1.6640735102416613,0.05005211229515918,0.23735260555344237,0.9578994643664873,0.9798722682094769,5.00333555214199,7.20042460803911
hgb_quantile,dead13,0.99,2,13,0.95,26,lumpy,2290,0.9865762635349679,0.9836840015879317,0.04340021119324182,8.132663846632997,3.8732473722249106,0.08152993699416822,0.17860262008733624,0.9808521341501429,0.9912660988720302,6.1492424650071165,10.525476398222573
hgb_quantile,dead26,0.99,2,13,0.95,26,all,11442,0.9879093334100328,0.9907716387789801,0.02027740679637922,5.068171155984641,1.1821148541420259,0.006578602159272484,0.10531375633630484,0.9854539980816984,0.989820332657435,4.7293523144803435,5.4222667039573
hgb_quantile,dead26,0.99,2,13,0.95,26,smooth,2265,0.99228182056434,0.9925948223961469,0.008571826797992938,3.5390959001686704,0.368134949701299,0.003259503665723636,0.027373068432671083,0.9895942438788818,0.9940207628957285,3.328995471669305,3.755285481753085
hgb_quantile,dead26,0.99,2,13,0.95,26,erratic,1629,0.9807024589106335,0.9916848038395,0.010180724949608828,6.780334803856899,1.6961328081394422,0.004175987311841363,0.024554941682013505,0.9705910035853528,0.9875822055966411,5.585864540198465,8.698595107341989
hgb_quantile,dead26,0.99,2,13,0.95,26,intermittent,5258,0.9754023889613093,0.9898596078702583,0.050339026692987725,6.469463410483839,2.0443474112495705,0.02317857652910844,0.15728413845568656,0.9637107873281638,0.9836075249400309,5.404195015179957,7.776530968190869
hgb_quantile,dead26,0.99,2,13,0.95,26,lumpy,2290,0.9901769068325408,0.9904128622469234,0.025501583949313622,8.817877769120415,4.285113217334309,0.023355348116444675,0.1205240174672489,0.9857703729325789,0.9939670576570802,6.632152996849877,11.383773397634966
lgb_quantile,none,0.5,2,13,0.95,26,all,11442,0.8299387323825963,0.857093483338895,0.3140073847120748,0.6383543136281677,0.07063390975862588,0.0,0.0,0.8209577110555317,0.8385491197372995,0.5910531840227035,0.6798903450921246
lgb_quantile,none,0.5,2,13,0.95,26,smooth,2265,0.8426366330446002,0.7386514148103552,0.30252276528526295,0.488919501918541,0.015173407879793833,0.0,0.0,0.8349181334761625,0.8503166291931797,0.4614305664190246,0.5207426639389261
lgb_quantile,none,0.5,2,13,0.95,26,erratic,1629,0.8169118425230183,0.7669512807634354,0.2853336066413857,0.7461599908376186,0.08099574210215767,0.0,0.0,0.7727536149739782,0.8488066765718991,0.6235285798961416,0.9023148048017858
lgb_quantile,none,0.5,2,13,0.95,26,intermittent,5258,0.8032586137217902,0.9274006708392406,0.3603982490773324,0.8915973102155291,0.2273420906298143,0.0,0.0,0.775005344464961,0.825676197969853,0.7585271301244719,1.069511536132926
lgb_quantile,none,0.5,2,13,0.95,26,lumpy,2290,0.8059776321700876,0.8769352917824533,0.3273495248152059,1.099960716308809,0.2859253696682156,0.0,0.0,0.7800450359965658,0.8263999345778386,0.7899113645882927,1.5069214260469135
lgb_quantile,quantile,0.5,2,13,0.95,26,all,11442,0.8299159946066773,0.857077592919229,0.3140423006084095,0.6369231941250251,0.06957530110062496,0.00010319452147864728,0.0013983569306065373,0.8209577060079869,0.8385463039538926,0.5893061670948924,0.678996240296345
lgb_quantile,quantile,0.5,2,13,0.95,26,smooth,2265,0.8426366330446002,0.7386514148103552,0.30252276528526295,0.488919501918541,0.015173407879793833,0.0,0.0,0.8349181334761625,0.8503166291931797,0.4614305664190246,0.5207426639389261
lgb_quantile,quantile,0.5,2,13,0.95,26,erratic,1629,0.8169118425230183,0.7669512807634354,0.2853336066413857,0.7461208477522446,0.08099574210215767,1.304769512465623e-05,0.0006138735420503376,0.7727536149739782,0.8488066765718991,0.6235285798961416,0.9022213163231532
lgb_quantile,quantile,0.5,2,13,0.95,26,intermittent,5258,0.8032555751039967,0.9273920260036654,0.3604411638485967,0.8901023102611084,0.22658669024634073,0.00010331300498029457,0.0005705591479650057,0.774996185750742,0.8256760749410815,0.7583618626173755,1.069260100487105
lgb_quantile,quantile,0.5,2,13,0.95,26,lumpy,2290,0.8057258692873157,0.8768757443429933,0.3275079197465681,1.0851631358369271,0.2746424858546156,0.0010396070762733016,0.005240174672489083,0.7794694017169147,0.82621163521786,0.7754107325178561,1.4839545159947458
lgb_quantile,fixed,0.5,2,13,0.95,26,all,11442,0.8297434207176508,0.8549522492889037,0.3187123017431761,0.6266746760644292,0.06262764734758985,0.003337788900933648,0.2985492046844957,0.820776821350882,0.8383742553520501,0.5797886473162366,0.6683887343906132
lgb_quantile,fixed,0.5,2,13,0.95,26,smooth,2265,0.8426070653379119,0.7385711418824001,0.3026156848169485,0.4885818252682934,0.015168233531123372,0.00015153449677779196,0.03487858719646799,0.8348552510847014,0.850291869932428,0.46110817440127594,0.5204382088674545
lgb_quantile,fixed,0.5,2,13,0.95,26,erratic,1629,0.8168647258461793,0.7668396673921536,0.28547026066755493,0.74423980503844,0.08081394421675411,0.0005103098537643326,0.04788213627992634,0.7727090003648011,0.8487868375394758,0.6228133716053637,0.8996123850348433
lgb_quantile,fixed,0.5,2,13,0.95,26,intermittent,5258,0.8014931767837447,0.9237871295687956,0.37833662346579694,0.7687125680270558,0.13000908546720266,0.03584657411036868,0.47318372004564474,0.7728540181711024,0.8241502517662518,0.6561057881883761,0.9135729436386041
lgb_quantile,fixed,0.5,2,13,0.95,26,lumpy,2290,0.8053894619870603,0.8746923382294561,0.3333157338965153,1.0652261199650135,0.2666112498941945,0.00916547115470178,0.33668122270742357,0.7795156029408852,0.8259732643786535,0.7626576757939888,1.4632309229029818
lgb_quantile,dead13,0.5,2,13,0.95,26,all,11442,0.8294077955978888,0.8520045764408638,0.32518920051326367,0.6117911498357244,0.060028583522069835,0.0026663443214445214,0.16028666317077434,0.8204552412609599,0.8381457961535387,0.5698643626762411,0.6504581521840296
lgb_quantile,dead13,0.5,2,13,0.95,26,smooth,2265,0.8425865695412301,0.7380092313867148,0.30326612153874744,0.4853814570159464,0.01472323954546371,0.0007674163872294387,0.046799116997792496,0.8348522564242996,0.8502731409268925,0.4576981841547507,0.5149322318544164
lgb_quantile,dead13,0.5,2,13,0.95,26,erratic,1629,0.8168103604498266,0.7658630503934372,0.2866659833965358,0.725504039711385,0.08030841851786882,0.002632010055423709,0.056476365868631064,0.7725262805857193,0.8487377487769254,0.6136154388384975,0.8726682889243412
lgb_quantile,dead13,0.5,2,13,0.95,26,intermittent,5258,0.7992172520563846,0.9190929838514471,0.4016393442622951,0.7177579862472159,0.10306201515054832,0.006803465239731751,0.23526055534423734,0.7702141095280961,0.8223505971417131,0.6145704317248056,0.8540946065770555
lgb_quantile,dead13,0.5,2,13,0.95,26,lumpy,2290,0.8035620107172855,0.8719928543072648,0.3404963041182682,1.0121736035298894,0.26122048568532674,0.012080277633689346,0.17423580786026202,0.7771170900895156,0.8249604757785874,0.7400764558293268,1.3622127141653793
lgb_quantile,dead26,0.5,2,13,0.95,26,all,11442,0.8297904509892099,0.8549403314741543,0.31873848866542714,0.628594171899918,0.06292778598972097,0.00026333065273741445,0.10540115364446775,0.8208134297970574,0.838408999900282,0.5817827090954272,0.6697822701996807
lgb_quantile,dead26,0.5,2,13,0.95,26,smooth,2265,0.8426359610512664,0.7386313465783665,0.30254599516818437,0.4887313437850697,0.015168233531123372,3.023970002217578e-05,0.027373068432671083,0.8349170386577724,0.8503160439647027,0.4612686610446648,0.5205253796035494
lgb_quantile,dead26,0.5,2,13,0.95,26,erratic,1629,0.8169096679071642,0.7669512807634354,0.2853336066413857,0.7458975871912228,0.08097022660946944,6.813796342876031e-05,0.024554941682013505,0.7727487718022302,0.8488061153428588,0.6233733217960358,0.9019993997086878
lgb_quantile,dead26,0.5,2,13,0.95,26,intermittent,5258,0.8014324044278739,0.9235537190082644,0.3794953222899322,0.7726566939230682,0.1309917744616329,0.0026405588625845874,0.15747432483834156,0.7728081923850141,0.82411063183485,0.6584208008007411,0.921578840408552
lgb_quantile,dead26,0.5,2,13,0.95,26,lumpy,2290,0.805636884130474,0.87502977371973,0.3324181626187962,1.0779162714785209,0.26879333956952883,0.0006554516430783656,0.1205240174672489,0.7797013902683146,0.8261189667704637,0.7722360346663583,1.4805273850559837
lgb_quantile,none,0.8,2,13,0.95,26,all,11442,0.9190004629177969,0.9399501040822488,0.13194717224884558,1.3567463758511604,0.1746900957746216,0.0,0.0,0.9125834559546646,0.9250579319512013,1.271609108691875,1.4523928421743841
lgb_quantile,none,0.8,2,13,0.95,26,smooth,2265,0.9272106900699545,0.8921934577563717,0.12479093105370749,0.9885942571449692,0.04147683974974969,0.0,0.0,0.9224036561575478,0.9317039135099533,0.9345417334386461,1.0474582310569849
lgb_quantile,none,0.8,2,13,0.95,26,erratic,1629,0.9040407262057157,0.9038171772978403,0.11776160705134775,1.7158581686545076,0.2202210279554117,0.0,0.0,0.8748007836195947,0.9257178467827627,1.4331719082664418,2.199865184810549
lgb_quantile,none,0.8,2,13,0.95,26,intermittent,5258,0.9113179396955913,0.9684722846571459,0.15651017080078963,1.7925474859995685,0.4233918874982148,0.0,0.0,0.8934169124758802,0.9260243763227859,1.4919160861605594,2.1220475541560595
lgb_quantile,none,0.8,2,13,0.95,26,lumpy,2290,0.9162454340847876,0.9473997618102421,0.13991552270327348,2.3483161186844956,0.7212164487977237,0.0,0.0,0.900891137605375,0.9292002703069903,1.6965877100989661,3.1636049245937485
lgb_quantile,quantile,0.8,2,13,0.95,26,all,11442,0.9189279741108072,0.9398666793790024,0.1321304807046028,1.345667054439677,0.16694378250092992,0.0008617034053414729,0.010749868904037755,0.9125505768525111,0.9250473688774026,1.2605918252579824,1.4346358593879966
lgb_quantile,quantile,0.8,2,13,0.95,26,smooth,2265,0.9272103540732876,0.8921733895243829,0.12481416093662888,0.9881473815779748,0.041453185584399005,5.8799416709786236e-05,0.0030905077262693157,0.9224032839704484,0.9317039057425142,0.9338714151302548,1.046442699280269
lgb_quantile,quantile,0.8,2,13,0.95,26,erratic,1629,0.9039174979739829,0.9037892739550198,0.11779577055789006,1.7121932160683815,0.21844770121358062,0.0003066208354294214,0.004297114794352364,0.8740606959126676,0.9255604471761082,1.4272638896902006,2.198310700981395
lgb_quantile,quantile,0.8,2,13,0.95,26,intermittent,5258,0.9112845148998624,0.968437705314845,0.1566818298858467,1.779727557528631,0.41772972710173595,0.0011030182590543213,0.009509319132750094,0.893308917695792,0.9260145818677913,1.4834357638987437,2.1105049630462682
lgb_quantile,quantile,0.8,2,13,0.95,26,lumpy,2290,0.9158308934760858,0.9471020246129417,0.14070749736008448,2.247600113727371,0.6442130348062185,0.0075376938954012035,0.02576419213973799,0.9006111289793314,0.9289024880099402,1.6531781826906449,3.084059393187922
lgb_quantile,fixed,0.8,2,13,0.95,26,all,11442,0.9183774089896226,0.9362714719295737,0.14003020225032953,1.3167245864542712,0.15211855826176116,0.0070413256162228785,0.36837965390665967,0.9119505326965864,0.9245330931384779,1.2342042119978507,1.408336279678649
lgb_quantile,fixed,0.8,2,13,0.95,26,smooth,2265,0.9271411387599034,0.891912502508529,0.12511614941460694,0.983358085087796,0.04038874814361842,0.0008520875472915308,0.04812362030905077,0.9222731796188299,0.9316761146870387,0.9296674705656705,1.041954051943975
lgb_quantile,fixed,0.8,2,13,0.95,26,erratic,1629,0.9038442859068946,0.9029800770132261,0.11878651224761709,1.702512551157838,0.21756582199754418,0.0027124708420257562,0.07305095150399017,0.874689059150637,0.9256019919182711,1.4225178904123572,2.186934460796688
lgb_quantile,fixed,0.8,2,13,0.95,26,intermittent,5258,0.9074133158308948,0.9632594488052837,0.18238777787314395,1.59281002257693,0.294993877185146,0.05120374843891011,0.5673259794598706,0.8881353201075878,0.9228362341586367,1.3258586718447867,1.8906044571623064
lgb_quantile,fixed,0.8,2,13,0.95,26,lumpy,2290,0.9131135906378933,0.9418618499404525,0.15464625131995777,2.117803325440422,0.5758281588102901,0.028438353904820607,0.43842794759825326,0.8974686423941266,0.9264114457079111,1.5878090708354753,2.7868920106455284
lgb_quantile,dead13,0.8,2,13,0.95,26,all,11442,0.918358558013006,0.9340825666205844,0.14483986697043497,1.3094780378348818,0.15682842618443404,0.0051022014442568845,0.16238419856668415,0.9120274747137525,0.9244983382681126,1.224859905826329,1.3967498916825603
lgb_quantile,dead13,0.8,2,13,0.95,26,smooth,2265,0.9271438267332388,0.8913305237808549,0.12578981601932726,0.9768605815430312,0.03513900182110193,0.0015002251177668317,0.04856512141280353,0.9223449719694484,0.9316286298240547,0.9218882525190134,1.0363363411662165
lgb_quantile,dead13,0.8,2,13,0.95,26,erratic,1629,0.903913873614226,0.9025336235280986,0.11933312835229408,1.6772464144208927,0.2157111646227694,0.004601487147295431,0.057704112952731736,0.8746676809775753,0.9256044622741567,1.4101243867669104,2.1569230458783686
lgb_quantile,dead13,0.8,2,13,0.95,26,intermittent,5258,0.906510846346214,0.9593260486185553,0.2019139987983864,1.5578719951868294,0.2737624469381368,0.013722397955617948,0.23716241917078737,0.8875314661554307,0.9219561873536922,1.2897703490532346,1.827906047137396
lgb_quantile,dead13,0.8,2,13,0.95,26,lumpy,2290,0.9133219461270838,0.9408495434696308,0.1573389651531151,2.179450505804654,0.6830561409524885,0.023711288743811735,0.1777292576419214,0.8973538677013528,0.9265211714760091,1.59919202284214,2.9214941697164645
lgb_quantile,dead26,0.8,2,13,0.95,26,all,11442,0.9188372173470962,0.9376777740700132,0.13694014542470823,1.3440785195647873,0.16646022579971867,0.0006685294800123289,0.10531375633630484,0.9124179703609105,0.9249085500898945,1.2583361800474173,1.4376970155729207
lgb_quantile,dead26,0.8,2,13,0.95,26,smooth,2265,0.9272090100866199,0.8921332530604054,0.12486062070247166,0.9860433704497652,0.041456142355067845,0.0003339806869115858,0.027373068432671083,0.9224011314190175,0.9317035249571795,0.9326459132626038,1.0457007192918029
lgb_quantile,dead26,0.8,2,13,0.95,26,erratic,1629,0.9040371018459589,0.9037892739550198,0.11779577055789006,1.714232280867585,0.22018594415296538,0.00035373751226845776,0.024554941682013505,0.8747937932377872,0.9257177596318718,1.4316549351940204,2.1983212956997833
lgb_quantile,dead26,0.8,2,13,0.95,26,intermittent,5258,0.9094036104856623,0.9645043051281165,0.17620805081108917,1.6633241870937745,0.3218206182371762,0.0038924693935222746,0.15728413845568656,0.891032327642605,0.9243898519222972,1.3761825862212773,1.962432990329096
lgb_quantile,dead26,0.8,2,13,0.95,26,lumpy,2290,0.9158113601489741,0.9452362048431917,0.14567053854276663,2.320487638659493,0.7020933215554604,0.0014693402727286539,0.1205240174672489,0.9002700604952504,0.928837135506982,1.6734932664351498,3.133297858386258
lgb_quantile,none,0.9,2,13,0.95,26,all,11442,0.9522825423243293,0.9686482019990148,0.06888906346837056,2.0392576446540382,0.309353582521219,0.0,0.0,0.9469405748865508,0.9563389323107686,1.8981093043277664,2.1937634510441337
lgb_quantile,none,0.9,2,13,0.95,26,smooth,2265,0.9593847229035488,0.9465181617499498,0.061907637985504554,1.4675222261795162,0.08421474218975748,0.0,0.0,0.9551839783465388,0.9628832841808038,1.3855459622340198,1.5618880688567027
lgb_quantile,none,0.9,2,13,0.95,26,erratic,1629,0.9376486893590247,0.9506389865505888,0.06043524307334905,2.6195661786345443,0.38894700751112316,0.0,0.0,0.914498528854153,0.9543474088821335,2.1862738822709353,3.3830264204307836
lgb_quantile,none,0.9,2,13,0.95,26,intermittent,5258,0.9451468715910507,0.9824509837822885,0.0871169856664664,2.6607595936760284,0.7020410395719195,0.0,0.0,0.9295222237445988,0.9563116195011263,2.230475227373437,3.150503187626198
lgb_quantile,none,0.9,2,13,0.95,26,lumpy,2290,0.9553185994170387,0.9716554188169909,0.0753959873284055,3.550939661552552,1.2448415738652765,0.0,0.0,0.9438396390428372,0.9647775922021059,2.515652309110266,4.816423120962247
lgb_quantile,quantile,0.9,2,13,0.95,26,all,11442,0.9521054986161052,0.968457516963023,0.069308054224387,2.0046802893799818,0.2871215180594299,0.002709487793701131,0.03023946862436637,0.9467423709223487,0.9562578543975728,1.8692412280119415,2.164394125823559
lgb_quantile,quantile,0.9,2,13,0.95,26,smooth,2265,0.9593716190335392,0.9464780252859724,0.06195409775134733,1.4624399405957893,0.08297142012351238,0.0005006350337004657,0.006181015452538631,0.9551703706232925,0.9628829812506772,1.3793050679793741,1.5568314256025073
lgb_quantile,quantile,0.9,2,13,0.95,26,erratic,1629,0.9372913274869994,0.9504994698364864,0.06060606060606061,2.587536986591319,0.3697816830656865,0.002478337201733314,0.016574585635359115,0.9138656903094264,0.9538125107858881,2.1617730159004713,3.3507011297752967
lgb_quantile,quantile,0.9,2,13,0.95,26,intermittent,5258,0.944815662251555,0.9822867319063592,0.08793236632048751,2.6076749408229185,0.6783963390732823,0.00460958319279726,0.034613921643210345,0.9291046712037098,0.9560251435453746,2.186410215400569,3.0767710446623155
lgb_quantile,quantile,0.9,2,13,0.95,26,lumpy,2290,0.9547325996036905,0.9712187375942835,0.07655755015839494,3.331428472211672,1.0788595141410435,0.016312498507870844,0.053711790393013104,0.9429247003431338,0.9643789524175561,2.414283649796237,4.575175398091553
lgb_quantile,fixed,0.9,2,13,0.95,26,all,11442,0.9512163932756817,0.9630825825110041,0.08111835615960056,1.9377352242352819,0.25461205661822806,0.014684327764456852,0.43829750043698656,0.9458635409052796,0.9554532344473587,1.805010295019993,2.0858407669713306
lgb_quantile,fixed,0.9,2,13,0.95,26,smooth,2265,0.9592425963134446,0.9460766606461971,0.062418695409775134,1.4473177386080331,0.07562310581879028,0.0024410157851234115,0.05827814569536424,0.9550467392723029,0.9627724885708647,1.3654255605697385,1.5341031845072945
lgb_quantile,fixed,0.9,2,13,0.95,26,erratic,1629,0.9372471102979658,0.9491322060382834,0.06228007242663387,2.557791141194908,0.3712886918525843,0.00947697589220864,0.10128913443830571,0.9138535733321057,0.9538634389907124,2.130464419342808,3.308290265029
lgb_quantile,fixed,0.9,2,13,0.95,26,intermittent,5258,0.9385135689477571,0.9748521733116636,0.12483906960775899,2.2751711501472207,0.4747190038195426,0.07492016031747478,0.6783948269303918,0.9212238047640562,0.9512669005181268,1.903075716482244,2.7229117921591786
lgb_quantile,fixed,0.9,2,13,0.95,26,lumpy,2290,0.9502703195435278,0.9628026994839222,0.09894403379091869,3.0080325381822286,0.9042302675414704,0.06633734924069616,0.5026200873362445,0.9383766232926547,0.9609682756505071,2.2372224388880237,4.0142447318030055
lgb_quantile,dead13,0.9,2,13,0.95,26,all,11442,0.9514686465504073,0.9616484721361491,0.08426951580380758,1.9610171520566413,0.27288545485851856,0.007587615258174814,0.16238419856668415,0.9461566580707662,0.9556325699795896,1.8254530707211933,2.109950157797642
lgb_quantile,dead13,0.9,2,13,0.95,26,smooth,2265,0.9592896358468124,0.945574954846478,0.06299944248280989,1.4407043162131832,0.06693463520841873,0.002736356855339995,0.04856512141280353,0.9550616331360826,0.9627753113138695,1.3605792188860586,1.5262129056181635
lgb_quantile,dead13,0.9,2,13,0.95,26,erratic,1629,0.9374892175297234,0.9489647859813606,0.06248505346588774,2.5593677376891373,0.37427400449710563,0.006373074196443198,0.057704112952731736,0.9143319098409753,0.9541928135355537,2.124147674595576,3.317064423664941
lgb_quantile,dead13,0.9,2,13,0.95,26,intermittent,5258,0.939072674621768,0.9718178360247588,0.13990215432151748,2.310552815735178,0.47321488801174116,0.020890497330574267,0.23716241917078737,0.92218266611963,0.9513870446717654,1.9214883026137504,2.7502136817553495
lgb_quantile,dead13,0.9,2,13,0.95,26,lumpy,2290,0.951659356138131,0.963219531560143,0.09783526927138332,3.2807698735325586,1.1565648256867591,0.03305907095155518,0.1777292576419214,0.938197252225828,0.9623402740556242,2.3585625230319067,4.456948998309913
lgb_quantile,dead26,0.9,2,13,0.95,26,all,11442,0.9520497230461157,0.9659547758656306,0.07480730789710285,2.0175269384342647,0.29849728565370715,0.0015749310773313702,0.10531375633630484,0.9467246361451643,0.9561389900415004,1.878938578841813,2.1713650474298074
lgb_quantile,dead26,0.9,2,13,0.95,26,smooth,2265,0.9593702750468716,0.9464378888219948,0.062000557517190115,1.4603849849809492,0.08394198009555745,0.0008732553373070539,0.027373068432671083,0.9551689749593698,0.962882587173328,1.380215632059558,1.5530969875547067
lgb_quantile,dead26,0.9,2,13,0.95,26,erratic,1629,0.9376341919199973,0.9504994698364864,0.06060606060606061,2.6142006764505052,0.38887205575135153,0.0009321853294615506,0.024554941682013505,0.9144852259097657,0.9543361417547208,2.181627456048531,3.378091461697751
lgb_quantile,dead26,0.9,2,13,0.95,26,intermittent,5258,0.9426764753249042,0.9779210899408693,0.10960432580894344,2.483656794197455,0.5752273645764014,0.0070617477521824875,0.15728413845568656,0.9264401211358719,0.9542405604357868,2.0750377519568937,2.9486100370367545
lgb_quantile,dead26,0.9,2,13,0.95,26,lumpy,2290,0.954619740380379,0.9687772925764192,0.08305174234424498,3.4969191602405636,1.2161640452218225,0.004112850541832791,0.1205240174672489,0.9431288242482587,0.9641736508730072,2.4751719230092895,4.757404326585728
lgb_quantile,none,0.95,2,13,0.95,26,all,11442,0.9708039183601127,0.9830727304508112,0.0371941585705432,2.7456983820420544,0.4670495034419551,0.0,0.0,0.9664079939547638,0.9740727476027288,2.5491615219053005,2.953729119362159
lgb_quantile,none,0.95,2,13,0.95,26,smooth,2265,0.9782163280940253,0.9731085691350592,0.0311280431146627,1.961254880351587,0.12925153382478446,0.0,0.0,0.9749427580043634,0.981073180718557,1.8527822045060303,2.0769210911345897
lgb_quantile,none,0.95,2,13,0.95,26,erratic,1629,0.9561959879787235,0.9742452145767063,0.031532916538553515,3.546623039040154,0.5847816033297718,0.0,0.0,0.9372555563397319,0.9695503351542802,2.9821424484550825,4.553390031342696
lgb_quantile,none,0.95,2,13,0.95,26,intermittent,5258,0.9625763832547851,0.9896002628030015,0.0516264698309158,3.5966234879078205,1.071304812866723,0.0,0.0,0.9495340736106019,0.9720009186628292,3.0535486193977355,4.268426507980971
lgb_quantile,none,0.95,2,13,0.95,26,lumpy,2290,0.9725383124507597,0.9842199285430726,0.04197465681098205,4.8069434466772725,1.8649513511636437,0.0,0.0,0.9625804520273095,0.9801291490748169,3.4743704458868288,6.42347080428041
lgb_quantile,quantile,0.95,2,13,0.95,26,all,11442,0.9705213480508285,0.9828025933164894,0.03778772880823317,2.6753889034211995,0.42292527511737155,0.005519449349369231,0.055934277224261496,0.9662008765874964,0.9737233120892005,2.4857347424220553,2.875495770556342
lgb_quantile,quantile,0.95,2,13,0.95,26,smooth,2265,0.9781605526473177,0.9730483644390929,0.031197732763426873,1.9477135426816568,0.12346809039654327,0.001339618710982387,0.009713024282560706,0.9748838749853076,0.9810556435028267,1.8437911723526972,2.060193106609463
lgb_quantile,quantile,0.95,2,13,0.95,26,erratic,1629,0.9557704881432695,0.9740498911769631,0.0317720610843497,3.475008589732624,0.5336039038703814,0.005216178562057013,0.030079803560466543,0.9368239159391374,0.96906979356209,2.924355125712786,4.436663438799457
lgb_quantile,quantile,0.95,2,13,0.95,26,intermittent,5258,0.9616009869430593,0.9892890487222933,0.05317140159642949,3.4524896914891356,0.9984454431368259,0.011987347195507708,0.06618486116394066,0.9487634851516361,0.9709697788252757,2.9128894048094867,4.094488555427579
lgb_quantile,quantile,0.95,2,13,0.95,26,lumpy,2290,0.9717135719727141,0.9837832473203653,0.04313621964097149,4.426577478941987,1.6148084323202772,0.02880731675026207,0.0965065502183406,0.9618003549007083,0.9795627814416664,3.320957877689339,5.950866498802235
lgb_quantile,fixed,0.95,2,13,0.95,26,all,11442,0.9692742684946543,0.9755049180848866,0.05382285419994588,2.550036516479446,0.36048745904771085,0.027142296888500554,0.48933752840412514,0.9650038364499757,0.9724603989231021,2.376316642219136,2.7393741800998024
lgb_quantile,fixed,0.95,2,13,0.95,26,smooth,2265,0.9779865063738568,0.9725867951033514,0.031732020070618844,1.9221525962462453,0.11302255881621655,0.005320843217235285,0.07240618101545254,0.9746925136189313,0.9808554076837525,1.8203648733048172,2.032281466314366
lgb_quantile,fixed,0.95,2,13,0.95,26,erratic,1629,0.9555486773261503,0.9722919805792734,0.03392436199651532,3.3931161810266217,0.5290190887779674,0.020904582205553388,0.1387354205033763,0.9362674685055178,0.9690729311886209,2.8445460206931727,4.312945796055117
lgb_quantile,fixed,0.95,2,13,0.95,26,intermittent,5258,0.9529318103780952,0.9792869739617552,0.1028237919491889,2.898665135203298,0.6435810718420405,0.11378104327903324,0.7440091289463674,0.9373717342663016,0.964199590853121,2.429182804078554,3.4297402968005954
lgb_quantile,fixed,0.95,2,13,0.95,26,lumpy,2290,0.9657667590520693,0.9719928543072648,0.07449841605068638,3.832538616302515,1.252175687084781,0.1248917528122565,0.5663755458515284,0.9553258482847528,0.9746791998975078,2.931407973886549,4.984908808593392
lgb_quantile,dead13,0.95,2,13,0.95,26,all,11442,0.9698326072144436,0.9753102604439783,0.054250573930046,2.6288707176702837,0.40534749734823117,0.010255902979270533,0.16255899318300995,0.9653847112012368,0.973009894203371,2.4460979583712006,2.8174322621678187
lgb_quantile,dead13,0.95,2,13,0.95,26,smooth,2265,0.9780809214372593,0.9720850893036324,0.032312767143653595,1.9214634670824067,0.10193614719341985,0.0037346029527387087,0.04900662251655629,0.9747629710674224,0.9809648883624573,1.8188467913798247,2.035241547650304
lgb_quantile,dead13,0.95,2,13,0.95,26,erratic,1629,0.9560234684542975,0.9724594006361962,0.03371938095726145,3.463886154510806,0.559958218380723,0.00837154616636971,0.05831798649478207,0.9370914103272305,0.9694437662014378,2.8914103756738396,4.4521633521524295
lgb_quantile,dead13,0.95,2,13,0.95,26,intermittent,5258,0.955150001367378,0.9779038002697189,0.10969015535147197,3.074674032276198,0.7051428606155632,0.02794616784716968,0.23716241917078737,0.939988551213786,0.9658535055843623,2.565691284541509,3.6281140230255486
lgb_quantile,dead13,0.95,2,13,0.95,26,lumpy,2290,0.9683863952547037,0.974573243350536,0.06763463569165787,4.3797908197703315,1.6881734385817937,0.04538677072865821,0.1777292576419214,0.9565890621920898,0.9773252617313428,3.192135023404219,5.8992472664146165
lgb_quantile,dead26,0.95,2,13,0.95,26,all,11442,0.970468681920281,0.9799820438257775,0.04398530040764309,2.7094118067747686,0.44866194990615316,0.0025932724945594526,0.10531375633630484,0.9660996824226304,0.9737393984785675,2.5185655096625212,2.917263557240029
lgb_quantile,dead26,0.95,2,13,0.95,26,smooth,2265,0.9781605526473177,0.9730282962071042,0.03122096264634826,1.949578996176358,0.12827062515539847,0.0013362587443132563,0.027373068432671083,0.9748826243817857,0.9810492209974264,1.8430067906833634,2.0677898580598444
lgb_quantile,dead26,0.95,2,13,0.95,26,erratic,1629,0.9561749666921339,0.9740777945197835,0.031737897577807386,3.5375657640077884,0.584564721641922,0.0014925113478703987,0.024554941682013505,0.9372400924706292,0.9695308103400162,2.974436284963654,4.5446397132205085
lgb_quantile,dead26,0.95,2,13,0.95,26,intermittent,5258,0.9592247878285126,0.9844998098136174,0.0769461848768346,3.3164386184012615,0.866738378046594,0.01084786552293093,0.15728413845568656,0.9458208599605048,0.9690555020430646,2.7958541062199993,3.9205103234908782
lgb_quantile,dead26,0.95,2,13,0.95,26,lumpy,2290,0.971611564597798,0.9806867804684398,0.0513727560718057,4.704363094165829,1.812700569287967,0.008112841860354074,0.1205240174672489,0.9615914506708589,0.9793134242031907,3.391864609282756,6.309100658639769
lgb_quantile,none,0.99,2,13,0.95,26,all,11442,0.9916853589323118,0.9956261619869381,0.009610600466127215,5.301528950241583,1.2029419961279706,0.0,0.0,0.9895019338446762,0.9931678967802641,4.91917158255173,5.683850767718298
lgb_quantile,none,0.99,2,13,0.95,26,smooth,2265,0.9951008325997406,0.9950030102347983,0.005784240847426129,3.7422566208143215,0.34861434974565053,0.0,0.0,0.993210139175531,0.9964950167198612,3.5330251320736354,3.9592637796264936
lgb_quantile,none,0.99,2,13,0.95,26,erratic,1629,0.985823679247061,0.993944974607958,0.007413480919681596,6.871759278723414,1.5358859457476837,0.0,0.0,0.9782545458115505,0.9914833482868466,5.665333209579215,8.784033280545593
lgb_quantile,none,0.99,2,13,0.95,26,intermittent,5258,0.9820630391647447,0.996498841592033,0.01738048236202901,7.3848166346092485,2.8854957656861044,0.0,0.0,0.9712209203955551,0.9898659400549216,6.228645204811711,8.769086312910364
lgb_quantile,none,0.99,2,13,0.95,26,lumpy,2290,0.994046675970318,0.9954346963080588,0.012143611404435059,9.18413850431144,4.522803423107058,0.0,0.0,0.9909326062924378,0.9965718057018972,6.936677749036642,11.861936513255543
lgb_quantile,quantile,0.99,2,13,0.95,26,all,11442,0.9912945412624558,0.9947482163003925,0.0115397037386196,4.976180527835118,0.9976732453336059,0.028546597476456687,0.35063800034958925,0.9890825344203588,0.9927735685799123,4.66223631961516,5.322312852427653
lgb_quantile,quantile,0.99,2,13,0.95,26,smooth,2265,0.9949808817896526,0.994862532610877,0.00594685002787586,3.68497288506898,0.3157476261835483,0.004755696823487511,0.04326710816777042,0.9929316485916106,0.9964492614515391,3.4933452911357095,3.8842620897346576
lgb_quantile,quantile,0.99,2,13,0.95,26,erratic,1629,0.9856410115153158,0.9936101344941124,0.007823442998189335,6.4290908511011535,1.3341221873156108,0.04252388815515739,0.1270718232044199,0.9781544468489656,0.9912889290226035,5.390534488583933,8.074057188249226
lgb_quantile,quantile,0.99,2,13,0.95,26,intermittent,5258,0.9799177750025069,0.995357723296103,0.02304523216891254,6.4252940622369685,2.1899993011179073,0.07498700990893263,0.5055154050969951,0.9688098237941173,0.987573809821556,5.473199220154827,7.659941747572524
lgb_quantile,quantile,0.99,2,13,0.95,26,lumpy,2290,0.9925360986736871,0.9940452560539896,0.01583949313621964,7.931466236644087,3.5435608387176587,0.10720323992785691,0.4580786026200873,0.9891709437889153,0.9953072397096095,6.2962334906934725,10.064988287667893
lgb_quantile,fixed,0.99,2,13,0.95,26,all,11442,0.9887692877556883,0.9833706758195484,0.03653948551426751,4.61968815431837,0.8187974553902327,0.0983086204155688,0.6067121132669113,0.9864190695858517,0.9904178819480665,4.338276739480978,4.948318871163193
lgb_quantile,fixed,0.99,2,13,0.95,26,smooth,2265,0.9946882286927714,0.9935781657635963,0.007433562534844824,3.619657149001082,0.2986397510936692,0.017732224096336964,0.12759381898454747,0.9925580179800524,0.9962515883836747,3.427261725481506,3.8204195116264326
lgb_quantile,fixed,0.99,2,13,0.95,26,erratic,1629,0.9839129167832502,0.98931301969976,0.013084623005705306,6.141792927279397,1.3141993716809925,0.0999939110756085,0.26151012891344383,0.9758374378199368,0.9900180825090444,5.153325056431239,7.737031506764898
lgb_quantile,fixed,0.99,2,13,0.95,26,intermittent,5258,0.9657973181159354,0.9801860368615789,0.09836065573770492,5.048851858266711,1.220352661981118,0.3318049085831837,0.8674400912894636,0.9515062898194884,0.9756342146316189,4.277872641210498,5.9834294698518145
lgb_quantile,fixed,0.99,2,13,0.95,26,lumpy,2290,0.9814845762678757,0.976359666534339,0.06288278775079198,6.215452598041025,2.4086354668790735,0.44696810207682675,0.7275109170305677,0.9740202858344477,0.9869772203870679,4.965989172643675,7.6635160626664485
lgb_quantile,dead13,0.99,2,13,0.95,26,all,11442,0.99046645867108,0.9867116365543214,0.029198418309896036,5.017855178635353,1.01017389151399,0.018757304753438942,0.16273378779933578,0.9882528473239899,0.9919515904754147,4.652742810566656,5.391948656814218
lgb_quantile,dead13,0.99,2,13,0.95,26,smooth,2265,0.9949123384696024,0.9939193257074052,0.007038654525181193,3.6494892850662923,0.27562276982212336,0.0068607159416978584,0.04856512141280353,0.9928708591174454,0.996334120535629,3.4502941823269997,3.862195778374415
lgb_quantile,dead13,0.99,2,13,0.95,26,erratic,1629,0.9856388368994617,0.9920196439533456,0.00977076287110109,6.693733626954799,1.4607157095699046,0.015930510875253885,0.05831798649478207,0.9780605048769079,0.9913572889094577,5.5011743287977115,8.547919788929448
lgb_quantile,dead13,0.99,2,13,0.95,26,intermittent,5258,0.9725278565286223,0.983004253259103,0.08437044030555317,5.9578027147011365,1.705847819943664,0.05047751878625451,0.23716241917078737,0.9600733414183912,0.9813439279982671,4.99403259730898,7.015085151559943
lgb_quantile,dead13,0.99,2,13,0.95,26,lumpy,2290,0.9890157590542397,0.9843191742755062,0.04171066525871172,8.167624161423415,3.9091253193156392,0.0814105666618195,0.17903930131004367,0.9838452689727106,0.9925791151824742,6.201897801549071,10.644771043594076
lgb_quantile,dead26,0.99,2,13,0.95,26,all,11442,0.9911754108638372,0.9917925982425195,0.018034060456874505,5.183534468719233,1.1310040652033904,0.0066909306591117655,0.10531375633630484,0.988952658997236,0.99258609978626,4.801492137336479,5.564749481380029
lgb_quantile,dead26,0.99,2,13,0.95,26,smooth,2265,0.9949768498296497,0.994862532610877,0.00594685002787586,3.707277687805337,0.3399140520526036,0.003273951522400898,0.027373068432671083,0.9929236767121795,0.9963873188147131,3.5033165896022327,3.912035221089516
lgb_quantile,dead26,0.99,2,13,0.95,26,erratic,1629,0.985796134112909,0.9937217478653942,0.0076867889720200885,6.844413484357989,1.535179485543879,0.004149891921592051,0.024554941682013505,0.9782129923086921,0.9914539556932233,5.642740812090301,8.756656344938277
lgb_quantile,dead26,0.99,2,13,0.95,26,intermittent,5258,0.9773015250822705,0.990188111622117,0.0487082653849455,6.438989112632445,2.092987173994293,0.023607021637997307,0.15728413845568656,0.9661267214024419,0.9850935945083044,5.464294809046277,7.6270493075710935
lgb_quantile,dead26,0.99,2,13,0.95,26,lumpy,2290,0.9926359356789242,0.9910678840809846,0.02375923970432946,8.849780033033026,4.3437813482770515,0.024288607078443672,0.1205240174672489,0.9891918834300573,0.9953610118964157,6.672205092360942,11.56643284029809
chronos2,none,0.5,2,13,0.95,26,all,11442,0.8464601558373313,0.8625240342597448,0.3020748771396898,0.6668602940519144,0.08428808023597535,0.0,0.0,0.8370738862947228,0.8549819332741054,0.6210245771883219,0.7178992058369172
chronos2,none,0.5,2,13,0.95,26,smooth,2265,0.8704427092083247,0.7579570539835441,0.2801756179148857,0.5146568466040817,0.019483640322288005,0.0,0.0,0.8624296720432674,0.8775978859697838,0.48605326429652657,0.5485350359613269
chronos2,none,0.5,2,13,0.95,26,erratic,1629,0.8246694221465778,0.7790055248618785,0.2705749718151071,0.789391354017313,0.1013762418868707,0.0,0.0,0.7805459307471051,0.8573212951818288,0.6846116903246462,0.9297501805262897
chronos2,none,0.5,2,13,0.95,26,intermittent,5258,0.8044983697815538,0.9303917839482693,0.34554973821989526,0.9823972871220339,0.26433665454258165,0.0,0.0,0.7753706195072153,0.8308092148351762,0.8235253103791565,1.1624995661416981
chronos2,none,0.5,2,13,0.95,26,lumpy,2290,0.7867611790316245,0.8695315601429139,0.34704329461457234,1.0577665593780587,0.32312594004136724,0.0,0.0,0.7456699520426201,0.818859963569052,0.7890847124395628,1.5259001583269978
chronos2,quantile,0.5,2,13,0.95,26,all,11442,0.8464479124195287,0.8625121164449954,0.3021010640619408,0.666356953542254,0.0839084176801172,1.4186817453750003e-05,0.0007865757734661773,0.8370547991732901,0.8549554587238182,0.6199285944383248,0.71734345239645
chronos2,quantile,0.5,2,13,0.95,26,smooth,2265,0.8704427092083247,0.7579570539835441,0.2801756179148857,0.5145641115240137,0.019448159074261985,6.38393667134822e-06,0.0004415011037527594,0.8624296720432674,0.8775978859697838,0.485960338002304,0.5483444124775638
chronos2,quantile,0.5,2,13,0.95,26,erratic,1629,0.8246505754758422,0.7789497181762375,0.2706432988281917,0.7893500363160848,0.1013762418868707,1.9571542686984343e-05,0.001841620626151013,0.7805222155797734,0.8573031854089123,0.6845865203736954,0.9296698522789817
chronos2,quantile,0.5,2,13,0.95,26,intermittent,5258,0.8044983697815538,0.9303917839482693,0.34554973821989526,0.9775598075947213,0.25983099207832344,6.684959145783766e-05,0.0005705591479650057,0.7753706195072153,0.8308092148351762,0.8194525566645638,1.1534920950944274
chronos2,quantile,0.5,2,13,0.95,26,lumpy,2290,0.786680875353499,0.8695117109964272,0.3470960929250264,1.056323263541479,0.3223333210345718,1.0851848395337178e-05,0.0008733624454148472,0.7455042401669651,0.8187155335820637,0.7890578093602323,1.525222808057077
chronos2,fixed,0.5,2,13,0.95,26,all,11442,0.8462547384941995,0.8601682795442628,0.3072511587713096,0.6486591902786485,0.07131798643584779,0.004396941710836902,0.30589057857018004,0.8368816341439373,0.8548027628228321,0.6066759602237253,0.6932243745404458
chronos2,fixed,0.5,2,13,0.95,26,smooth,2265,0.8704235573983106,0.7578567128236002,0.2802917673294927,0.5128952160794565,0.019023862483284165,0.00047577128034889893,0.03576158940397351,0.8624138374463387,0.877595725309752,0.48412833307839953,0.5461460710300521
chronos2,fixed,0.5,2,13,0.95,26,erratic,1629,0.8246513003477935,0.7788939114905966,0.27071162584127634,0.7850609689798298,0.10067297111965172,0.0013584100368669875,0.04542664211172499,0.7805149638652976,0.8573123340026835,0.6806385562883573,0.9249723142705051
chronos2,fixed,0.5,2,13,0.95,26,intermittent,5258,0.8024716117132639,0.9263027767211868,0.3658484250278946,0.8428031856868947,0.15569938346444967,0.0416503340960264,0.49429440852034995,0.7729108936779306,0.8291427239836995,0.7086322211037919,0.9939801302214805
chronos2,fixed,0.5,2,13,0.95,26,lumpy,2290,0.7860927051704717,0.86732830488289,0.3529039070749736,0.9785502364617765,0.26094832132757173,0.012214840553791528,0.325764192139738,0.7451337525254483,0.8184851985991347,0.7435789004194336,1.369165155049998
chronos2,dead13,0.5,2,13,0.95,26,all,11442,0.8458779133018322,0.8570100586356486,0.314190693167832,0.6318946475275486,0.06939829626039379,0.0031465583752557026,0.16159762279321796,0.8364114170125733,0.8543681353261884,0.5913884906102546,0.6752594652154441
chronos2,dead13,0.5,2,13,0.95,26,smooth,2265,0.8703543420849266,0.7570941200080272,0.2811745028805055,0.508487275806224,0.017806412160391367,0.0009381026940212754,0.045474613686534215,0.8623751865507008,0.877568776360284,0.4784554335751092,0.5435006826700635
chronos2,dead13,0.5,2,13,0.95,26,erratic,1629,0.8245628659697265,0.7776940677493164,0.2721806566225957,0.7633503291643532,0.09757602819461943,0.002933556787193542,0.05831798649478207,0.7804648022816343,0.8572153270896566,0.661558939007043,0.8925066032203488
chronos2,dead13,0.5,2,13,0.95,26,intermittent,5258,0.8001379532478267,0.9216777896884402,0.3888078276542786,0.7916966730173778,0.12948097369468575,0.007584390012671036,0.23621148725751237,0.7703757387198618,0.827314015663994,0.6654068509072952,0.9359185676510685
chronos2,dead13,0.5,2,13,0.95,26,lumpy,2290,0.7842630835310178,0.8637753076617706,0.3623548046462513,0.9213067361763728,0.2753730322885897,0.014880054519686338,0.17860262008733624,0.7415998710473936,0.8168844019869596,0.7018056871172527,1.2861405506657744
chronos2,dead26,0.5,2,13,0.95,26,all,11442,0.8462881649682001,0.8602159508032607,0.3071464110823055,0.6539734166248512,0.07502311673885101,0.00045864231768287685,0.10496416710365321,0.8368936321466656,0.8548312877580583,0.6099086698706514,0.7026677077146727
chronos2,dead26,0.5,2,13,0.95,26,smooth,2265,0.8704316213183165,0.7578968492875777,0.2802453075636499,0.5134402026731896,0.019275187990135136,0.00010819092674600668,0.027373068432671083,0.8624290019136476,0.8775975258597786,0.484661564935744,0.5468747106379958
chronos2,dead26,0.5,2,13,0.95,26,erratic,1629,0.8246643480429182,0.7789497181762375,0.2706432988281917,0.7877872123889316,0.1013411580844244,0.00027907570127736934,0.024554941682013505,0.7805358228437386,0.8573212550215518,0.6830905664336421,0.9283576114281659
chronos2,dead26,0.5,2,13,0.95,26,intermittent,5258,0.8025263068335475,0.9263546457346381,0.365590936400309,0.8540217625806372,0.16072647274207907,0.00298392267325439,0.15633320654241156,0.7730463816901326,0.8292202798208711,0.7159259573127315,1.0096846403885544
chronos2,dead26,0.5,2,13,0.95,26,lumpy,2290,0.7863357865745272,0.8673680031758635,0.35279831045406546,1.0182028904983387,0.29511211044577224,0.0014563180546542493,0.12096069868995633,0.7452591463663665,0.8185563961210479,0.7495436490209348,1.4918477362831977
chronos2,none,0.8,2,13,0.95,26,all,11442,0.9333765674975737,0.9489718898476108,0.11212367210481752,1.5256124526830768,0.22968130966479852,0.0,0.0,0.9275037010978241,0.9381597787452501,1.4198242873989368,1.646402614379455
chronos2,none,0.8,2,13,0.95,26,smooth,2265,0.9426655287579547,0.911117800521774,0.10288515145883664,1.0761529725625123,0.04861004898831404,0.0,0.0,0.9383179219707257,0.9470442885153905,1.0134361183347285,1.141229538961924
chronos2,none,0.8,2,13,0.95,26,erratic,1629,0.9221864457643557,0.9301579329203639,0.08551125687540569,1.9872125339058857,0.29644058876999385,0.0,0.0,0.8963945933849359,0.9409153511832026,1.6756586161371745,2.4695489386586416
chronos2,none,0.8,2,13,0.95,26,intermittent,5258,0.9161037627204137,0.9698641031847575,0.1496008926272423,2.0616414005597132,0.5378250181557412,0.0,0.0,0.8994887400890578,0.9307395963379098,1.7171321998999969,2.464853574027147
chronos2,none,0.8,2,13,0.95,26,lumpy,2290,0.919216670175431,0.9518261214767765,0.1281414994720169,2.663933447784161,0.97932853102869,0.0,0.0,0.9043127634839323,0.9328254569743856,1.9272733405084463,3.798946899073237
chronos2,quantile,0.8,2,13,0.95,26,all,11442,0.9331843652720702,0.94883682128045,0.1124204572236625,1.5137425562934859,0.2234450956560742,0.0010677037683685276,0.018266037406047892,0.9274030741543229,0.9379513463368423,1.4127821099647773,1.6240471937171912
chronos2,quantile,0.8,2,13,0.95,26,smooth,2265,0.942471322684479,0.911037527593819,0.10297807099052221,1.0752313337051698,0.04836537621546795,0.00033767665024762953,0.0026490066225165563,0.9382511604424983,0.9468260266766243,1.012837826758526,1.1408063824563406
chronos2,quantile,0.8,2,13,0.95,26,erratic,1629,0.9220291485509085,0.9298788994921592,0.0858528919408288,1.9764510849158496,0.2877270480169678,0.0006110670550047334,0.013505217925107428,0.8963903169167077,0.9407575176489484,1.6721312247831512,2.441815188230376
chronos2,quantile,0.8,2,13,0.95,26,intermittent,5258,0.9159882952442593,0.9697603651578547,0.15011586988241352,2.0267854158500382,0.5119341713841208,0.0022060365181086426,0.022632179535945228,0.8993712196751156,0.9306925133547571,1.6910139413957028,2.3926953575457137
chronos2,quantile,0.8,2,13,0.95,26,lumpy,2290,0.9188780925054965,0.9516673283048829,0.1285638859556494,2.59444255139978,0.9558459992490521,0.006337479462876912,0.027074235807860263,0.9036383688295345,0.932702404953584,1.9022893089434214,3.6017449635877408
chronos2,fixed,0.8,2,13,0.95,26,all,11442,0.9327272776741082,0.9447450382164593,0.12141130052984872,1.4496298018004432,0.18572510767405767,0.010475312799890859,0.3848977451494494,0.9268542476065588,0.9375234499802443,1.3607953158901966,1.542633477620928
chronos2,fixed,0.8,2,13,0.95,26,smooth,2265,0.9426389850212686,0.9108368452739314,0.10321036981973611,1.0675924494829012,0.04736672692206894,0.0016359677711997097,0.04856512141280353,0.9383021094430105,0.9470137252949217,1.0076007343725364,1.1303962401789238
chronos2,fixed,0.8,2,13,0.95,26,erratic,1629,0.9220769900996989,0.9295998660639545,0.08619452700625192,1.966879875669963,0.29201843494346724,0.004685572293654326,0.06936771025168816,0.8962705414938016,0.9408364587633845,1.655512074095724,2.4489130018281746
chronos2,fixed,0.8,2,13,0.95,26,intermittent,5258,0.9098472486835188,0.9632940281475846,0.18221611878808686,1.6890126619203456,0.3485604548203113,0.06942026211117087,0.602700646633701,0.8908040291649878,0.9257170406065356,1.420645218498066,1.989294235695508
chronos2,fixed,0.8,2,13,0.95,26,lumpy,2290,0.916933441273052,0.9464668519253672,0.14239704329461458,2.1976968036965734,0.6448862834806653,0.042806201180247035,0.44192139737991265,0.9012299643061686,0.930671960377867,1.6793836495860859,2.8661898675507627
chronos2,dead13,0.8,2,13,0.95,26,all,11442,0.9325933774381406,0.9422701053534824,0.12684945138397885,1.4499388023449837,0.19337522266501503,0.006554698343562741,0.16264639049117288,0.9267410060603539,0.9375552702571179,1.3583230137255868,1.5515315152519817
chronos2,dead13,0.8,2,13,0.95,26,smooth,2265,0.9425496099078697,0.9100541842263696,0.10411633525367033,1.0596468003037411,0.03908333389332778,0.001794558197982676,0.04856512141280353,0.9381530794167674,0.9469322641704848,1.0000030851949862,1.1203752224390306
chronos2,dead13,0.8,2,13,0.95,26,erratic,1629,0.9220429211179845,0.9284000223226743,0.08766355778757132,1.931577886766303,0.2807772656960148,0.005484381184063835,0.057704112952731736,0.8962922706354219,0.9408299014516956,1.6195036846455393,2.395209991842879
chronos2,dead13,0.8,2,13,0.95,26,intermittent,5258,0.9104002771219428,0.9597842249040424,0.19963951592138013,1.7581169077809886,0.34109335545447084,0.01647842429435698,0.23735260555344237,0.8927213692887025,0.9260416052764531,1.4667924204328473,2.068347208598689
chronos2,dead13,0.8,2,13,0.95,26,lumpy,2290,0.9157223749921324,0.9437872171496625,0.1495248152059134,2.308813220155789,0.8228197008796508,0.033419352318280374,0.17860262008733624,0.8997359516116542,0.9305604399948364,1.6851007024997882,3.1649544196912456
chronos2,dead26,0.8,2,13,0.95,26,all,11442,0.933154825597372,0.9463698336273061,0.11784115012962526,1.5005521198409055,0.2153977886444049,0.0014184874054098805,0.10548855095263066,0.927290210249709,0.9379408198713146,1.3939371126051592,1.6169272415899587
chronos2,dead26,0.8,2,13,0.95,26,smooth,2265,0.9426534328779459,0.911037527593819,0.10297807099052221,1.071932854426084,0.04829441371941591,0.0004767792703496381,0.027373068432671083,0.9383176010396337,0.9470301023132964,1.0097639588214542,1.1349601882806168
chronos2,dead26,0.8,2,13,0.95,26,erratic,1629,0.9221690488375228,0.9300184162062615,0.08568207440811725,1.9810844664290055,0.29634968982729204,0.001059037920951264,0.024554941682013505,0.8963716888246299,0.9409021200246854,1.6696351938777505,2.4630554015701773
chronos2,dead26,0.8,2,13,0.95,26,intermittent,5258,0.9136941388101381,0.9654638818769667,0.1714445112007553,1.8972096372801939,0.41789016612123475,0.0058402233991801805,0.1576645112209966,0.8966213752654919,0.9287051898189886,1.5817886085009258,2.2507545187147384
chronos2,dead26,0.8,2,13,0.95,26,lumpy,2290,0.9185916037078595,0.9491067884080985,0.13537486800422385,2.5471176405477145,0.9077875034454618,0.005419413088631387,0.1205240174672489,0.9036751683539664,0.9323330551756968,1.8260287734372607,3.6606489540772302
chronos2,none,0.9,2,13,0.95,26,all,11442,0.9626051039116359,0.9747302601261699,0.05552500414626269,2.42842595122611,0.4563077894178779,0.0,0.0,0.9581324403294792,0.9659838196175691,2.2476304998814873,2.621792552755443
chronos2,none,0.9,2,13,0.95,26,smooth,2265,0.9674869465294904,0.9558298213927353,0.05112897230997956,1.5911908393868732,0.08178649427797677,0.0,0.0,0.9642115307984302,0.9710932197992236,1.500258623679365,1.6874622055619244
chronos2,none,0.9,2,13,0.95,26,erratic,1629,0.9546520107223059,0.9696411630113287,0.03716989511803492,3.2793185333810784,0.6168737142583763,0.0,0.0,0.9374825570761087,0.9672792999479964,2.7206292765729527,4.085488259109154
chronos2,none,0.9,2,13,0.95,26,intermittent,5258,0.9538403570983631,0.9829696739168021,0.08454209939061025,3.3177148378745476,0.9925025144562241,0.0,0.0,0.9409002479139975,0.9641081726560642,2.7258166074774963,3.9562760774029724
chronos2,none,0.9,2,13,0.95,26,lumpy,2290,0.9611438716356557,0.9781262405716554,0.05818373812038015,4.653665428832492,2.0117864095791433,0.0,0.0,0.9507063428998203,0.9699590810241666,3.3899946779858867,6.523161888709405
chronos2,quantile,0.9,2,13,0.95,26,all,11442,0.9619612556071938,0.9744919038311802,0.05604874259128324,2.38353030984398,0.4329341720009748,0.0039662843481312856,0.046670162558993186,0.9574134650267317,0.9652725546308638,2.2237133190122544,2.555784252401373
chronos2,quantile,0.9,2,13,0.95,26,smooth,2265,0.9667816895256399,0.955689343768814,0.05129158149042929,1.5818672678767027,0.07853552492759272,0.0009985820940656268,0.00706401766004415,0.9633630964895282,0.9703046099498579,1.4932045611002582,1.6765201483347079
chronos2,quantile,0.9,2,13,0.95,26,erratic,1629,0.9543134955210162,0.9692505162118422,0.037648184209627275,3.244103529111583,0.5860860828934569,0.001912937079664877,0.021485573971761818,0.9367324523714645,0.9671357810162426,2.6998603014990152,4.017242984027837
chronos2,quantile,0.9,2,13,0.95,26,intermittent,5258,0.9535699201147382,0.9827535530274214,0.08561496867221698,3.2154562332686107,0.9146093704895516,0.007763668462489783,0.058387219475085586,0.9405949584659906,0.9638565390323766,2.652559911373152,3.806535286884672
chronos2,quantile,0.9,2,13,0.95,26,lumpy,2290,0.9597157683868294,0.9778483525208416,0.058922914466737066,4.390979075465924,1.9195704404331189,0.026571835980822613,0.07685589519650655,0.9492287489670288,0.9687202977773022,3.2349769691761185,5.958428116368099
chronos2,fixed,0.9,2,13,0.95,26,all,11442,0.9611667938297839,0.9679251879042126,0.07047773675159959,2.2244426426970345,0.338957855823844,0.026287201041973157,0.44843558818388396,0.9566546622761608,0.9646263895073993,2.085916622341641,2.378901608221735
chronos2,fixed,0.9,2,13,0.95,26,smooth,2265,0.9672635087459932,0.9553080473610275,0.0517329492659357,1.5706164194851187,0.07555066493740382,0.003731914979403404,0.058719646799116995,0.9640597478624242,0.9709776874585349,1.4820147641872603,1.6706005226631224
chronos2,fixed,0.9,2,13,0.95,26,erratic,1629,0.9542946488502806,0.968469222612869,0.038604762392812,3.1931037132290587,0.589980384964996,0.013889996332147925,0.1190914671577655,0.9370541855889012,0.9670101256927026,2.651693217228892,3.960969747880822
chronos2,fixed,0.9,2,13,0.95,26,intermittent,5258,0.9440924712166929,0.9739185310695391,0.12947386490430007,2.419633117287608,0.5436075078168442,0.13678641859391,0.6858120958539369,0.9282303272075633,0.9562514534689298,2.0584856617893013,2.815857428973916
chronos2,fixed,0.9,2,13,0.95,26,lumpy,2290,0.954556799659686,0.9662564509726081,0.0897571277719113,3.4081054626034453,1.1426653441880754,0.1301766029807857,0.5231441048034935,0.9421927034125535,0.9640360510322795,2.6506806635451423,4.329895808648356
chronos2,dead13,0.9,2,13,0.95,26,all,11442,0.9616507003429323,0.9671227217110804,0.07224098951650212,2.29269367240734,0.3793170971361674,0.01026037279846829,0.16308337703198741,0.9572010168964529,0.9651946631719491,2.1395185794345037,2.4561485187739707
chronos2,dead13,0.9,2,13,0.95,26,smooth,2265,0.9673320520660436,0.9547662050973309,0.05236015610481323,1.5637042960533831,0.0634397322778558,0.0025233349685171123,0.04856512141280353,0.9640867929999081,0.9710038363951775,1.4791293406128427,1.654864057453156
chronos2,dead13,0.9,2,13,0.95,26,erratic,1629,0.9544983378686155,0.9678832524136392,0.03932219603020054,3.193199396326639,0.5859457476836717,0.00796126864189441,0.05831798649478207,0.937189399175953,0.9671897767546952,2.6300817115116355,3.9750634687805397
chronos2,dead13,0.9,2,13,0.95,26,intermittent,5258,0.9468697678799868,0.9717054531622809,0.14046004634795298,2.785905067502894,0.6120213797147953,0.024782966724096543,0.23773297831875237,0.9321867211283994,0.9582095138267349,2.290517980484467,3.3121351221829913
chronos2,dead13,0.9,2,13,0.95,26,lumpy,2290,0.9569246729795486,0.9682810639142517,0.08437170010559662,3.9530744371688824,1.6348387740883905,0.05674865599857624,0.1794759825327511,0.9444509239628733,0.9670249095291811,2.9216025708580537,5.344957659657841
chronos2,dead26,0.9,2,13,0.95,26,all,11442,0.9622692844519088,0.9716077926618042,0.062385977776031984,2.377056456925907,0.42487788648291697,0.0026958839961427404,0.10557594826079357,0.9578024135080225,0.9656686765948864,2.193972510993946,2.566067989857859
chronos2,dead26,0.9,2,13,0.95,26,smooth,2265,0.9674301630927821,0.9557294802327915,0.051245121724586506,1.5822479521003152,0.07967979517643185,0.0008278957872737903,0.027373068432671083,0.9641713544316326,0.9710931858608597,1.4911879682563798,1.6774098318120363
chronos2,dead26,0.9,2,13,0.95,26,erratic,1629,0.9546309894357162,0.9694737429544059,0.03737487615728879,3.2675255916042434,0.6166743744717496,0.001999921713829252,0.024554941682013505,0.9374370005064249,0.9672709191868868,2.7082679501095157,4.0729855078709685
chronos2,dead26,0.9,2,13,0.95,26,intermittent,5258,0.9507318510955737,0.9779729589543207,0.10934683718135782,3.0046825100198418,0.7498719222600024,0.009358942804097272,0.1578546976036516,0.9370957869358145,0.9615992146857537,2.4652239036363293,3.561404836613224
chronos2,dead26,0.9,2,13,0.95,26,lumpy,2290,0.9600434942083685,0.9742159587137753,0.06858500527983105,4.396639399588932,1.8482872527677638,0.012086788742726548,0.1205240174672489,0.9495071477865075,0.9688235468890115,3.1801005030066825,6.223809330561806
chronos2,none,0.95,2,13,0.95,26,all,11442,0.9809667324960909,0.9880941030652619,0.02616073532877681,3.881079294203888,1.0188915936693368,0.0,0.0,0.9779172013955626,0.9833348687931573,3.593982667438411,4.235490525610477
chronos2,none,0.95,2,13,0.95,26,smooth,2265,0.9834461162145272,0.9799719044752158,0.023183423155547295,2.3141457956737073,0.16176270571395934,0.0,0.0,0.9804877345323042,0.9862431842442716,2.164253456145849,2.4885961458314867
chronos2,none,0.95,2,13,0.95,26,erratic,1629,0.9771150676233044,0.9866901054746359,0.016295992620682587,5.253884951223367,1.388814645892803,0.0,0.0,0.9667791400953467,0.9852190270241687,4.335038611415617,6.560161180191341
chronos2,none,0.95,2,13,0.95,26,intermittent,5258,0.9751957629513487,0.9911131090286662,0.0441163848596687,5.8042340100335155,2.1941038660334184,0.0,0.0,0.9648517083437974,0.9826442834860688,4.670843864953637,7.103735296436838
chronos2,none,0.95,2,13,0.95,26,lumpy,2290,0.9806055765478534,0.9901945216355696,0.026082365364308344,8.518670605164177,4.608501772106843,0.0,0.0,0.9735706504564163,0.9863513283488722,6.156998787970208,12.311337850155093
chronos2,quantile,0.95,2,13,0.95,26,all,11442,0.9802058915326466,0.987502184932704,0.027461352467244526,3.705407626133439,0.9166439353687463,0.015387061078330279,0.12995979723824505,0.9770190356466686,0.9826489539352201,3.4561956450104447,3.990870552577943
chronos2,quantile,0.95,2,13,0.95,26,smooth,2265,0.9828450181774196,0.9796909492273731,0.023508641516446757,2.2817049814865835,0.14016497436345432,0.0030619376255787544,0.01545253863134658,0.9799828269214107,0.9857320782773566,2.1551119051078236,2.4395685337381225
chronos2,quantile,0.95,2,13,0.95,26,erratic,1629,0.9764112169585243,0.9859646185613037,0.017184243790782684,5.147073619445125,1.303891112634953,0.007520546495461577,0.047268262737875995,0.9662978201099253,0.9848659173704855,4.2513565138359635,6.431097936385266
chronos2,quantile,0.95,2,13,0.95,26,intermittent,5258,0.9745515759791186,0.9904820360316747,0.047249163161960345,5.326131809162647,1.861848026569674,0.040817752820596964,0.19399011030810193,0.9639964532352326,0.9820517216635601,4.3127190926758745,6.436861938696228
chronos2,quantile,0.95,2,13,0.95,26,lumpy,2290,0.9785589179404928,0.9894799523620484,0.0279831045406547,7.427636619345373,4.0977113451734235,0.10039044950526423,0.15502183406113537,0.9693497759011231,0.98492260796663,5.5075105528191255,10.098009039698514
chronos2,fixed,0.95,2,13,0.95,26,all,11442,0.9785380659519879,0.9785717690804214,0.04708408620734805,3.2911795697390906,0.6437738722354653,0.07847622697508679,0.5117112392938298,0.9756602335761784,0.9808419101329384,3.0765167995719453,3.50729331576201
chronos2,fixed,0.95,2,13,0.95,26,smooth,2265,0.9830902957442662,0.9792093116596428,0.02406615870656012,2.2646467667040744,0.14082729099327335,0.00938304292021423,0.07328918322295806,0.980285354576925,0.986126520702409,2.1249161544938064,2.4295292074786037
chronos2,fixed,0.95,2,13,0.95,26,erratic,1629,0.9760038389218545,0.983732351135666,0.019917324314167605,4.8602780318856675,1.209766054826415,0.05198709148029001,0.2105586249232658,0.9657270289093686,0.9842147082001889,4.05320847820106,6.045456731066845
chronos2,fixed,0.95,2,13,0.95,26,intermittent,5258,0.9609811089131776,0.9788115080051177,0.10518410436872372,3.451061541126172,0.8273305438821987,0.3226647462602211,0.7485736021300875,0.9468426336302994,0.9718386989496217,2.946305055791808,4.011767737588926
chronos2,fixed,0.95,2,13,0.95,26,lumpy,2290,0.9692610542353679,0.9737197300516078,0.06990496304118268,5.109764276149156,2.066787483912135,0.4296811075830546,0.6157205240174672,0.9590729990001774,0.976379299041235,4.0420732870053495,6.367048406097725
chronos2,dead13,0.95,2,13,0.95,26,all,11442,0.9798873683298152,0.9795609477046289,0.04491057166051274,3.6124441321185268,0.8403527114894953,0.017669195288732828,0.16317077434015032,0.976646364252738,0.9822816018719075,3.344694160405313,3.916590202065658
chronos2,dead13,0.95,2,13,0.95,26,smooth,2265,0.9833365813011135,0.9789082881798113,0.02441460695038097,2.2661107041818145,0.12540034002862693,0.003682859466034097,0.04856512141280353,0.9804313099572298,0.9862150076994659,2.1258107042424306,2.4394110021960818
chronos2,dead13,0.95,2,13,0.95,26,erratic,1629,0.9769410983549756,0.9848484848484849,0.018550784052475146,5.117429256121906,1.3289106479340425,0.011950238990282367,0.05831798649478207,0.9665791892205152,0.9851089890728413,4.165719791638549,6.374482876662655
chronos2,dead13,0.95,2,13,0.95,26,intermittent,5258,0.9669033749927833,0.9783965558975068,0.10724401338940863,4.750146613308538,1.3322655630406839,0.03760289519503368,0.23792316470140737,0.954956956840876,0.9761068707246069,3.861377831006066,5.863197221698903
chronos2,dead13,0.95,2,13,0.95,26,lumpy,2290,0.97570271144284,0.9791186978959905,0.05554382259767687,6.990324491970717,3.6444192199257297,0.11089937949130875,0.1794759825327511,0.9671967303214567,0.9826200474053147,5.112974019103865,9.653130257288613
chronos2,dead26,0.95,2,13,0.95,26,all,11442,0.9805718336869673,0.9844591695666682,0.0341477466153403,3.762817789569463,0.9357707192638713,0.005176050631002432,0.10566334556895647,0.9775195683545933,0.9829231628043411,3.460053852942127,4.095015050685384
chronos2,dead26,0.95,2,13,0.95,26,smooth,2265,0.9834239404345109,0.9798916315472607,0.023276342687232856,2.2946425331460714,0.15318954915967234,0.001401778094361304,0.027373068432671083,0.9804823116149848,0.9862431842442716,2.1530744378921636,2.4641038730011267
chronos2,dead26,0.95,2,13,0.95,26,erratic,1629,0.9770904219769577,0.9864947820748926,0.016535137166478767,5.231384925852849,1.3883888561085684,0.003740339269068119,0.024554941682013505,0.9667719270000142,0.9851961915957587,4.312188092461576,6.529654564511665
chronos2,dead26,0.95,2,13,0.95,26,intermittent,5258,0.971430915505155,0.9853124243576887,0.0729121963779933,5.122580880409119,1.62917802350067,0.017897458803939264,0.1576645112209966,0.9605477492274821,0.9797540827859726,4.131417538848022,6.337702388407374
chronos2,dead26,0.95,2,13,0.95,26,lumpy,2290,0.9791015103602596,0.9855696705041683,0.0383843717001056,7.87816629806555,4.140374301954852,0.024768258777517576,0.12139737991266375,0.9719348910186101,0.9848828425019032,5.677684593190845,11.474160122144147
chronos2,none,0.99,2,13,0.95,26,all,11442,0.9965199542445986,0.998124930479414,0.004120075767495047,12.721320182477452,6.394455053247207,0.0,0.0,0.9954381266753525,0.9973333292781056,11.17809671645511,14.610100962107804
chronos2,none,0.99,2,13,0.95,26,smooth,2265,0.9977239585783308,0.9979329721051575,0.002392677940903178,6.22911814314802,1.3902233033848304,0.0,0.0,0.9964291993202247,0.9987714984721204,5.617757214556215,7.061965479745933
chronos2,none,0.99,2,13,0.95,26,erratic,1629,0.9959349180967182,0.9984932194876946,0.0018448293532848212,14.582966668937933,7.232860765145837,0.0,0.0,0.9930911653432023,0.9980113165080665,11.685155571669872,18.24032286930888
chronos2,none,0.99,2,13,0.95,26,intermittent,5258,0.9890153966763598,0.9980030429821225,0.009913312162046176,34.20493957708518,23.696147944223128,0.0,0.0,0.9821516607907207,0.9944195611029331,24.275589096802477,44.78497930892613
chronos2,none,0.99,2,13,0.95,26,lumpy,2290,0.9958545939129811,0.9983326716951171,0.0044350580781415,33.73871353507643,23.85102799559849,0.0,0.0,0.9929008309883857,0.9981069367515698,23.352582586685646,53.21904917047297
chronos2,quantile,0.99,2,13,0.95,26,all,11442,0.9935801735922305,0.9953878056919483,0.010134338911147773,8.856699734259532,3.202718310828117,0.22924089643584392,0.47823807026743576,0.9919739782961778,0.9948487358698711,8.237384917896149,9.44534521584162
chronos2,quantile,0.99,2,13,0.95,26,smooth,2265,0.9956317073334633,0.9962472406181015,0.0043439881062999446,5.32165901714255,0.6456833164215011,0.05882125649313559,0.10772626931567329,0.9937363453068803,0.9974346680957377,5.039130769546963,5.646947308572953
chronos2,quantile,0.99,2,13,0.95,26,erratic,1629,0.993748704291387,0.9952006250348792,0.005876123125277579,12.549189085748004,5.5068716411245955,0.16218719963118516,0.22958870472682627,0.9907344274250979,0.9964500204855082,10.202986181412998,15.661791473587414
chronos2,quantile,0.99,2,13,0.95,26,intermittent,5258,0.9820660777825383,0.9950378643798194,0.0246330787056905,12.576495683643424,5.710098238513265,0.9653050620333823,0.6761125903385318,0.97222970291254,0.9903487420861681,10.650413683014124,14.939806399740572
chronos2,quantile,0.99,2,13,0.95,26,lumpy,2290,0.9880477741773757,0.9954743946010322,0.012038014783526927,17.97853938461338,11.02999060229929,1.0050916872670923,0.5672489082969432,0.9802653206015564,0.9931014599895267,14.650569580961236,22.29745731806778
chronos2,fixed,0.99,2,13,0.95,26,all,11442,0.9883790531057276,0.9800058794552764,0.04393292656314103,7.244931905219622,2.081628654417289,0.4952540237118078,0.6936724348890054,0.9861888708006535,0.9902536724213772,6.818275938223414,7.704896673187053
chronos2,fixed,0.99,2,13,0.95,26,smooth,2265,0.9959848398303889,0.9953642384105961,0.005366102954841107,5.337125279717226,0.7370586179785097,0.07042725336164665,0.18410596026490067,0.9939181932554837,0.9977675800067498,5.0079473639149885,5.7498265042657355
chronos2,fixed,0.99,2,13,0.95,26,erratic,1629,0.9868660451131308,0.9831742842792567,0.020600594445013835,10.093853520775555,4.179917712536081,0.5087216593188814,0.532842234499693,0.9815803159385641,0.9910926339853608,8.383771141290504,12.141436713436219
chronos2,fixed,0.99,2,13,0.95,26,intermittent,5258,0.960221454464793,0.9773159514506035,0.11260835979744228,7.650230783021419,1.759788755290993,1.585575073610516,0.893115252947889,0.9448709164317852,0.9720064400514432,6.716694284046119,8.796002732013555
chronos2,fixed,0.99,2,13,0.95,26,lumpy,2290,0.963891559649355,0.9687375942834459,0.08315733896515312,10.748838309629278,4.714177939928508,2.420322473526916,0.8541484716157205,0.9496379228644689,0.9757422809511952,9.27101751393663,12.336572134428527
chronos2,dead13,0.99,2,13,0.95,26,all,11442,0.9952548010716683,0.9886860211978198,0.024860118190309092,11.339719862827078,5.326531836190066,0.06411605827244986,0.1638699528054536,0.9941980841132049,0.9961818754409967,9.995403905752841,12.816691893725865
chronos2,dead13,0.99,2,13,0.95,26,smooth,2265,0.9976161036482518,0.996889424041742,0.003600631852815462,6.119390367647553,1.3040016531036014,0.007697683638978301,0.04856512141280353,0.9963242005883097,0.9987118532792426,5.510195478947365,6.926223373568803
chronos2,dead13,0.99,2,13,0.95,26,erratic,1629,0.9957500757491189,0.9965678888330822,0.004202111304704314,14.219987764161461,7.046725245985298,0.02962116742077512,0.05831798649478207,0.9928730897851253,0.9978446020432965,11.343222700681615,17.79794024956418
chronos2,dead13,0.99,2,13,0.95,26,intermittent,5258,0.9786567486181885,0.9837477091185726,0.08067976997682602,23.6278088223229,13.494151572332777,0.10935073853605472,0.2392544693799924,0.9697674831968169,0.9855134950456808,16.538858653056433,33.85832941049046
chronos2,dead13,0.99,2,13,0.95,26,lumpy,2290,0.990374410473336,0.9863040889241763,0.036430834213305174,27.659577515838272,20.325730817730186,0.4995236038554447,0.1799126637554585,0.9859582369856146,0.9940988100166119,19.75207175661549,42.112142620565294
chronos2,dead26,0.99,2,13,0.95,26,all,11442,0.9960012608776937,0.9939258870826778,0.01334660137394052,12.080821132994222,6.000454250234471,0.03316625278732095,0.10583814018528229,0.9949244665852771,0.996840548875283,10.56720357905124,13.969223186048062
chronos2,dead26,0.99,2,13,0.95,26,smooth,2265,0.9976806150082991,0.9978326309452137,0.002508827355510128,6.181998642573466,1.367660925603618,0.0032010402456807627,0.027373068432671083,0.9964114756207297,0.9987537453655239,5.5699921818018625,6.988658053838306
chronos2,dead26,0.99,2,13,0.95,26,erratic,1629,0.9959073729625662,0.9982699927451308,0.002118137405623313,14.513299225691783,7.231685457763887,0.011863254356117991,0.024554941682013505,0.9930840477546705,0.9980105457462634,11.61425661261497,18.15440603034332
chronos2,dead26,0.99,2,13,0.95,26,intermittent,5258,0.9838558236629322,0.9911995573844186,0.043687237147026006,28.135178989781128,20.100762996927955,0.31967474635137966,0.1580448839863066,0.9757163091248247,0.9899703836898343,19.321282832497385,38.25996806123156
chronos2,dead26,0.99,2,13,0.95,26,lumpy,2290,0.9941096166910109,0.993231441048035,0.018004223864836324,31.43404572100766,22.168173699026156,0.08586850598262402,0.12139737991266375,0.9909680844477363,0.9967434787277016,21.451162474112795,51.36526589608866
