model,policy,tau,L,H,q_liq,k,group,n_series,fill_rate,csl,stockout_rate_demand_weeks,inventory_weeks,excess_weeks_of_demand,liquidated_share,liq_series_share,fill_rate_lo,fill_rate_hi,inventory_weeks_lo,inventory_weeks_hi
empirical,none,0.5,2,13,0.95,26,all,30381,0.7211968007930272,0.6455859074601051,0.44018046945844297,0.5650719656566454,0.03608133795403635,0.0,0.0,0.7151477679861985,0.7269541568239246,0.5456313176885345,0.584265277805224
empirical,none,0.5,2,13,0.95,26,smooth,16102,0.7916357714002911,0.6616484682873951,0.37506923474097603,0.5759457882808457,0.024660767245127974,0.0,0.0,0.7867889148543833,0.7966988617538572,0.5546987994995568,0.5952093476093437
empirical,none,0.5,2,13,0.95,26,erratic,1777,0.6612439643647098,0.6419143602598865,0.41598074465872287,0.6635498734611941,0.026714202192249036,0.0,0.0,0.6422168061019011,0.6849054815661758,0.6015596474531302,0.7356520472376511
empirical,none,0.5,2,13,0.95,26,intermittent,10285,0.5009932189160907,0.6311707252397578,0.5514368214826121,0.5002502754014753,0.09372439357481953,0.0,0.0,0.486512772546682,0.5171717887077637,0.4527796726626458,0.5463485681276234
empirical,none,0.5,2,13,0.95,26,lumpy,2217,0.404688606767286,0.5987411325706319,0.5825916113476022,0.41898236437276376,0.028689224286674295,0.0,0.0,0.37633423131052735,0.4282955073333032,0.3773175308326482,0.47158239928975465
empirical,quantile,0.5,2,13,0.95,26,all,30381,0.7211968007930272,0.6455859074601051,0.44018046945844297,0.5650719656566454,0.03608133795403635,0.0,0.0,0.7151477679861985,0.7269541568239246,0.5456313176885345,0.584265277805224
empirical,quantile,0.5,2,13,0.95,26,smooth,16102,0.7916357714002911,0.6616484682873951,0.37506923474097603,0.5759457882808457,0.024660767245127974,0.0,0.0,0.7867889148543833,0.7966988617538572,0.5546987994995568,0.5952093476093437
empirical,quantile,0.5,2,13,0.95,26,erratic,1777,0.6612439643647098,0.6419143602598865,0.41598074465872287,0.6635498734611941,0.026714202192249036,0.0,0.0,0.6422168061019011,0.6849054815661758,0.6015596474531302,0.7356520472376511
empirical,quantile,0.5,2,13,0.95,26,intermittent,10285,0.5009932189160907,0.6311707252397578,0.5514368214826121,0.5002502754014753,0.09372439357481953,0.0,0.0,0.486512772546682,0.5171717887077637,0.4527796726626458,0.5463485681276234
empirical,quantile,0.5,2,13,0.95,26,lumpy,2217,0.404688606767286,0.5987411325706319,0.5825916113476022,0.41898236437276376,0.028689224286674295,0.0,0.0,0.37633423131052735,0.4282955073333032,0.3773175308326482,0.47158239928975465
empirical,fixed,0.5,2,13,0.95,26,all,30381,0.7194222312550482,0.644056841746187,0.44207956116487535,0.5477189443587965,0.03039262489851953,0.004576755249179866,0.030413745433000888,0.7131416354011781,0.72518469848973,0.529506085330384,0.5665811905791003
empirical,fixed,0.5,2,13,0.95,26,smooth,16102,0.7904050568716787,0.6603668657761317,0.3764899159795347,0.5625599386368139,0.0196439511199939,0.0034678412218822137,0.020432244441684264,0.7855759313972356,0.7956165354297352,0.541544990940578,0.5805197798856416
empirical,fixed,0.5,2,13,0.95,26,erratic,1777,0.6608146727775983,0.6410446615848979,0.41699105577511664,0.6574048710285417,0.02542346548700064,0.0016783256810404394,0.016319639842431063,0.6419396824338561,0.6843292518037205,0.5971841979348631,0.7291143484769318
empirical,fixed,0.5,2,13,0.95,26,intermittent,10285,0.49591775201451993,0.6290582047995757,0.5545952517823987,0.458165579840809,0.0822397086557846,0.011331366602225678,0.04579484686436558,0.4811941701340477,0.5124538995365535,0.41798814305005855,0.4986673614204636
empirical,fixed,0.5,2,13,0.95,26,lumpy,2217,0.4038304364409088,0.5975929798663222,0.5842586253088441,0.4082257214987559,0.025972138978187037,0.002942298261864545,0.04285069914298602,0.37545026971088363,0.4272792001590268,0.3663473238948549,0.4583574905943722
empirical,dead13,0.5,2,13,0.95,26,all,30381,0.7154147344325352,0.6409642988590357,0.44592048343219015,0.5266021221535294,0.025270060608252945,0.005698613202067544,0.05565978736710444,0.7089632789473508,0.7208976194988144,0.5105671363986886,0.5434566018956349
empirical,dead13,0.5,2,13,0.95,26,smooth,16102,0.7877719611561597,0.6581085353598085,0.3789933190430742,0.551914858579216,0.018581583487327354,0.0036543594485787378,0.031176251397341946,0.7830619406362065,0.7933012014286068,0.5302743559114584,0.5696937836879327
empirical,dead13,0.5,2,13,0.95,26,erratic,1777,0.6524107788984786,0.6383332480687574,0.42014084925563844,0.6366210254753893,0.02089464366754024,0.010172166368888217,0.04727068092290377,0.6318864208738325,0.6750864608347481,0.5771818668614759,0.7103699085982532
empirical,dead13,0.5,2,13,0.95,26,intermittent,10285,0.48843018203101446,0.6248950369028152,0.5608196060551999,0.38966007870865776,0.05853330732045695,0.012262509336060745,0.08808945065629557,0.47385492428816806,0.5043068942878028,0.367853692330861,0.41453263958311837
empirical,dead13,0.5,2,13,0.95,26,lumpy,2217,0.39705134492090305,0.5931028826833968,0.590777840621558,0.3870393577798362,0.02075773261410487,0.00801413029659093,0.08976093820478123,0.3700118190008099,0.4186413383177357,0.34519579022976377,0.43703045548468583
empirical,dead26,0.5,2,13,0.95,26,all,30381,0.7197211395259068,0.6443411103231386,0.44172650106289674,0.5518716115994813,0.03138809732669072,0.0007905838183056565,0.008162996609723182,0.7134004814616979,0.7254128707581378,0.5333848023504595,0.571397299664537
empirical,dead26,0.5,2,13,0.95,26,smooth,16102,0.790769138702947,0.6606858549474374,0.3761363102968097,0.5662708650885709,0.02074812154960391,0.00024963739240530105,0.0034157247546888585,0.7859707789248148,0.7959348798245591,0.5458272574001622,0.5848597983738962
empirical,dead26,0.5,2,13,0.95,26,erratic,1777,0.6610497610276832,0.6414283521768046,0.41654533028258994,0.6605816287731664,0.02656578995784765,0.0003945394110119425,0.0061902082160945416,0.6421047408673493,0.6845939371564845,0.59930235028671,0.7322751291319674
empirical,dead26,0.5,2,13,0.95,26,intermittent,10285,0.49599657891262233,0.6292924382375038,0.554245049259619,0.4650126812772322,0.08277947584054106,0.0034723248614124597,0.01438988818667963,0.48109207194021303,0.51281577661181,0.423318940479748,0.508444559373007
empirical,dead26,0.5,2,13,0.95,26,lumpy,2217,0.40393032928313266,0.5977775044080863,0.5839907123507874,0.41131331844021873,0.0264815924735284,0.0005584917997057702,0.015336039693279206,0.375565952116644,0.42741444065078826,0.3694518835537698,0.4621706249794268
empirical,none,0.8,2,13,0.95,26,all,30381,0.885972206290496,0.841023546415074,0.19744793292601348,1.2646904133739556,0.09316602720287384,0.0,0.0,0.8824817805954864,0.8894655363355684,1.2300470180778473,1.2982615188676743
empirical,none,0.8,2,13,0.95,26,smooth,16102,0.9149317450308946,0.8482345501970393,0.16823494437751318,1.1931636483401953,0.05525032427744389,0.0,0.0,0.9118677227048494,0.917635426537406,1.1564390219194265,1.2282936611721391
empirical,none,0.8,2,13,0.95,26,erratic,1777,0.8745058036134086,0.8541975750754591,0.16937568716013432,1.8039036914987998,0.13970538331650237,0.0,0.0,0.8630386180072288,0.885859897589022,1.6569577215501725,1.9891022746188867
empirical,none,0.8,2,13,0.95,26,intermittent,10285,0.7957260055848857,0.8320767224996686,0.25106217085918553,1.3006211559570473,0.2309423164466411,0.0,0.0,0.7850956727612459,0.8071472675248589,1.2190258611458358,1.3859831162196867
empirical,none,0.8,2,13,0.95,26,lumpy,2217,0.7252492780471858,0.8195965063353425,0.2619295686601375,1.3884605604896567,0.14315643219092247,0.0,0.0,0.6978703824492756,0.7466347132363649,1.2640725459486128,1.5122691125913417
empirical,quantile,0.8,2,13,0.95,26,all,30381,0.8859709370409382,0.841022050264669,0.1974497911370765,1.2646870815938664,0.09316602720287384,1.903874336678282e-06,6.583061782034824e-05,0.8824804547756584,0.8894629900130684,1.2300413905864247,1.298260119635484
empirical,quantile,0.8,2,13,0.95,26,smooth,16102,0.9149317450308946,0.8482345501970393,0.16823494437751318,1.1931636483401953,0.05525032427744389,0.0,0.0,0.9118677227048494,0.917635426537406,1.1564390219194265,1.2282936611721391
empirical,quantile,0.8,2,13,0.95,26,erratic,1777,0.8745058036134086,0.8541975750754591,0.16937568716013432,1.8039036914987998,0.13970538331650237,0.0,0.0,0.8630386180072288,0.885859897589022,1.6569577215501725,1.9891022746188867
empirical,quantile,0.8,2,13,0.95,26,intermittent,10285,0.7957181228950755,0.8320723030008397,0.251068778453955,1.3006004638962951,0.2309423164466411,1.1824034715365925e-05,0.00019445794846864364,0.7850878698620042,0.8071317143709584,1.219025670593606,1.3859621155950528
empirical,quantile,0.8,2,13,0.95,26,lumpy,2217,0.7252492780471858,0.8195965063353425,0.2619295686601375,1.3884605604896567,0.14315643219092247,0.0,0.0,0.6978703824492756,0.7466347132363649,1.2640725459486128,1.5122691125913417
empirical,fixed,0.8,2,13,0.95,26,all,30381,0.8825523720132377,0.8376766579590713,0.201604751074046,1.2183424965218594,0.07758890815503947,0.014432795377773885,0.05197327276916494,0.8789335803192081,0.8859789947639867,1.1846532780446246,1.2476759559915958
empirical,fixed,0.8,2,13,0.95,26,smooth,16102,0.9130846904135965,0.8462500423436953,0.17043480981959852,1.1663045868850603,0.04535411271597838,0.008011110720408086,0.02645634082722643,0.9100641212685106,0.9157429536728984,1.1305732787974734,1.199417229634429
empirical,fixed,0.8,2,13,0.95,26,erratic,1777,0.8735388754195814,0.8525860745894511,0.1712477342287463,1.7583313231584412,0.12766150562780826,0.013124057091692594,0.032639279684862126,0.8621384930110397,0.8847081600768876,1.6137359348225517,1.951118184324575
empirical,fixed,0.8,2,13,0.95,26,intermittent,10285,0.7848784390697637,0.8266451584390331,0.2591829048308125,1.1743030224203403,0.18979211376297933,0.04152896592904397,0.08322800194457948,0.7736925395534981,0.7971946191795733,1.095107318942975,1.2469103056104318
empirical,fixed,0.8,2,13,0.95,26,lumpy,2217,0.7179116947274742,0.8146348464345758,0.2691334504212187,1.3037378085326652,0.11947183929966036,0.025981220145661926,0.10780333784393324,0.6902548782888623,0.7395041131300405,1.181807434917062,1.4233809389657195
empirical,dead13,0.8,2,13,0.95,26,all,30381,0.8775144032059975,0.8334425523128989,0.20686348838246443,1.189867200005331,0.06734517574901985,0.009150020062075822,0.05964253974523551,0.8737850003275671,0.88123294303027,1.1593104240206322,1.2174371694603332
empirical,dead13,0.8,2,13,0.95,26,smooth,16102,0.9101624259250726,0.8436529623649236,0.17331372334266895,1.1563062052692052,0.04459109154878051,0.005048222824196088,0.031176251397341946,0.9069534093650115,0.9129622030678707,1.1223706603912682,1.1905309897098861
empirical,dead13,0.8,2,13,0.95,26,erratic,1777,0.8632808507332709,0.8486212718064153,0.17585356431818858,1.7486722624484339,0.11759645773113264,0.016108655744943558,0.04727068092290377,0.8496917375926861,0.8756576118322351,1.597907258718107,1.9313576215668888
empirical,dead13,0.8,2,13,0.95,26,intermittent,10285,0.7738259226195755,0.8203871480974058,0.2685392590243226,1.0537392524451117,0.13760594827773082,0.02287655116555422,0.09829849295089937,0.7633150740244071,0.7863623421410653,1.0022220507069506,1.1075262216557078
empirical,dead13,0.8,2,13,0.95,26,lumpy,2217,0.7081993861130786,0.8076844220281297,0.2792248385080225,1.273697306525727,0.10500735574565466,0.015714960315298135,0.09697789806044203,0.6815581387264541,0.7292648247089044,1.1567566817555746,1.4007720271190336
empirical,dead26,0.8,2,13,0.95,26,all,30381,0.8833756390076563,0.838749397799462,0.20027241374184246,1.2360948554618267,0.08196975473497514,0.0014455165901229856,0.00934794773048945,0.8797615576743925,0.8868321704772986,1.2010948014514278,1.2668217196494016
empirical,dead26,0.8,2,13,0.95,26,smooth,16102,0.9137558502621193,0.8470263434243064,0.16957426501650683,1.177995828893333,0.048264452268697196,0.000343333316588918,0.0034157247546888585,0.910670348353361,0.916474478792338,1.141996330233157,1.2119119532651799
empirical,dead26,0.8,2,13,0.95,26,erratic,1777,0.8742625383807121,0.8535580907556146,0.1701185629810121,1.7980612374227787,0.13930512001766227,0.000713441732866155,0.0061902082160945416,0.8628605950079188,0.8856519268170817,1.651478449754179,1.985982855449664
empirical,dead26,0.8,2,13,0.95,26,intermittent,10285,0.7862470710880674,0.8280593980642595,0.2570684745045956,1.2042198009226688,0.1958509462183781,0.0066726969243715035,0.01701507049100632,0.7745818802424794,0.7980538321577753,1.124435932276885,1.2826322156346646
empirical,dead26,0.8,2,13,0.95,26,lumpy,2217,0.7196053324615412,0.8163570754910403,0.2666329294793558,1.342627908243884,0.13055994478650176,0.0018979640022521295,0.019395579612088407,0.6913534691652727,0.7411793964647407,1.218995171991013,1.4673041536423197
empirical,none,0.9,2,13,0.95,26,all,30381,0.934915421175874,0.9061285312889934,0.11658787851759354,1.7763853581274889,0.14238292402414937,0.0,0.0,0.9325122172251232,0.9371610925369427,1.7332465591552373,1.8198429672328362
empirical,none,0.9,2,13,0.95,26,smooth,16102,0.9503315503443053,0.9099349600840099,0.09983884342778465,1.624839335514621,0.07925906398863766,0.0,0.0,0.9483167244096493,0.9524022789885315,1.5793440408627855,1.6703655271583424
empirical,none,0.9,2,13,0.95,26,erratic,1777,0.9344349091741656,0.9242594771576201,0.0879862122247645,2.8504470765242913,0.3187759874728626,0.0,0.0,0.9261537041901224,0.9417235066949284,2.6169088514742262,3.1070357841694287
empirical,none,0.9,2,13,0.95,26,intermittent,10285,0.8838052108520991,0.8984796924028815,0.15178305944853013,1.8367179632706068,0.3100583121978712,0.0,0.0,0.8774612545361564,0.891539443636534,1.733046629221548,1.9394488249670012
empirical,none,0.9,2,13,0.95,26,lumpy,2217,0.8510098258232078,0.8994341247385902,0.1460125621409222,2.263303910350715,0.29023865308124014,0.0,0.0,0.8357930881986377,0.8643950317989383,2.087744134900862,2.4703191450040536
empirical,quantile,0.9,2,13,0.95,26,all,30381,0.9348908294656919,0.9060791583256281,0.11664919948267403,1.775697424867169,0.14202306004327825,5.3784450011161465e-05,0.000822882722754353,0.932487208742443,0.9371325095666628,1.7326238741428905,1.8191970987836446
empirical,quantile,0.9,2,13,0.95,26,smooth,16102,0.9503315503443053,0.9099349600840099,0.09983884342778465,1.624839335514621,0.07925906398863766,0.0,0.0,0.9483167244096493,0.9524022789885315,1.5793440408627855,1.6703655271583424
empirical,quantile,0.9,2,13,0.95,26,erratic,1777,0.9344349091741656,0.9242594771576201,0.0879862122247645,2.8504470765242913,0.3187759874728626,0.0,0.0,0.9261537041901224,0.9417235066949284,2.6169088514742262,3.1070357841694287
empirical,quantile,0.9,2,13,0.95,26,intermittent,10285,0.8836633224355147,0.8983426879391877,0.1519878948863824,1.8325608297319294,0.30783204352821314,0.0003231902822200019,0.0021390374331550803,0.8773318266771146,0.8914133355317043,1.7302817565760251,1.937410241587985
empirical,quantile,0.9,2,13,0.95,26,lumpy,2217,0.8509598794020959,0.8993931192848649,0.1460720983538237,2.2627726620534334,0.29019869594435066,4.9946421111898146e-05,0.0013531799729364006,0.8357388681698198,0.8643501667308521,2.0867811998432577,2.469315285344926
empirical,fixed,0.9,2,13,0.95,26,all,30381,0.9308046391705962,0.9017552836551552,0.1220194294548752,1.7083738898231093,0.11821863363063917,0.020465855838317913,0.06332905434317501,0.9283914332677298,0.9331838414083307,1.6687667270772286,1.7479024534753007
empirical,fixed,0.9,2,13,0.95,26,smooth,16102,0.9482411920917145,0.9075834735380134,0.10244551186769515,1.5888518012222403,0.06562366431436752,0.010549636890072841,0.03061731461930195,0.9460542146780866,0.9502165009613482,1.5427990997555274,1.6338066324134624
empirical,fixed,0.9,2,13,0.95,26,erratic,1777,0.9331122822367318,0.9220084923517675,0.0906011351142543,2.7577936865517256,0.29278135975043845,0.025700256348404876,0.05852560495216657,0.924747863016436,0.9408326990093698,2.5256773488038506,2.99621902092803
empirical,fixed,0.9,2,13,0.95,26,intermittent,10285,0.8708835115806567,0.8913112653025147,0.16250057816454233,1.6594687855336876,0.24665842925581496,0.05557788984335125,0.09829849295089937,0.8635182275849341,0.8790291989482409,1.5677116544301135,1.7444139222766222
empirical,fixed,0.9,2,13,0.95,26,lumpy,2217,0.8393042009480739,0.8916430885307746,0.1573244425922067,2.087642347300169,0.23205107248587883,0.053192938484171524,0.14253495714930087,0.8227159590830321,0.8548333912528918,1.9307901381548926,2.281700734103326
empirical,dead13,0.9,2,13,0.95,26,all,30381,0.9256281635053627,0.897549604866678,0.1272428607530958,1.6811607033356037,0.10749845667186583,0.011215089092592867,0.060070438761067775,0.9231433435079984,0.9284032882235559,1.6415467430500148,1.7190554565970837
empirical,dead13,0.9,2,13,0.95,26,smooth,16102,0.9453429521991351,0.9049440498639356,0.10537136419820693,1.5803108389585467,0.0658480540404893,0.0058753241409405105,0.031176251397341946,0.9432139365541061,0.9473038668909158,1.5392612889664024,1.6244433048375055
empirical,dead13,0.9,2,13,0.95,26,erratic,1777,0.9219895416392397,0.9182227451782883,0.09499895997385077,2.768536197457776,0.2827882693007453,0.02190613641660091,0.04727068092290377,0.9114096647529719,0.9306009842039864,2.5245708697642435,3.0076706776860282
empirical,dead13,0.9,2,13,0.95,26,intermittent,10285,0.8591540691430136,0.8851107084456623,0.17177103362604978,1.5246343909932385,0.18629121415100475,0.027956944748256447,0.09946524064171124,0.8516961204008211,0.8672264827171028,1.4627835360286128,1.5921099009490853
empirical,dead13,0.9,2,13,0.95,26,lumpy,2217,0.8301685464683339,0.884979702300406,0.16699907718870002,2.083869122214352,0.2209629669990374,0.021331662398517953,0.09742895805142084,0.8149899561784979,0.8443657617590105,1.9237775292397084,2.287731262356726
empirical,dead26,0.9,2,13,0.95,26,all,30381,0.9320213735279284,0.9034623912672693,0.11989921063194042,1.7395960010388807,0.12713600024877292,0.0017526749831070817,0.009512524275040322,0.9297090806765693,0.9343485494269461,1.6988573959530249,1.7811989400779937
empirical,dead26,0.9,2,13,0.95,26,smooth,16102,0.9490975597344278,0.9085968993123383,0.10132210974293179,1.6067597350392833,0.07053429172542681,0.00039727945475524285,0.0034157247546888585,0.9469910652321357,0.9510525986063373,1.5630805690023746,1.6532959001517076
empirical,dead26,0.9,2,13,0.95,26,erratic,1777,0.9341814227132046,0.923568834092188,0.08878851811131251,2.8423947928974727,0.31810138640740176,0.0009914591416621352,0.0061902082160945416,0.9259738763760651,0.9416055005544464,2.6098488941004225,3.0993056020063516
empirical,dead26,0.9,2,13,0.95,26,intermittent,10285,0.8732315678078831,0.8937552481548592,0.15884657825704865,1.7098874548962342,0.26015694435412196,0.00800388616607645,0.017306757413709285,0.866015084303554,0.8814964556168269,1.6145944939610994,1.8009886931345558
empirical,dead26,0.9,2,13,0.95,26,lumpy,2217,0.8431273724550028,0.8950875466437036,0.15232340070848094,2.1886385513721645,0.2667238780217585,0.0028151619172160774,0.02029769959404601,0.8262597450682103,0.857728771014447,2.021886917335252,2.3974381248280863
empirical,none,0.95,2,13,0.95,26,all,30381,0.9592724788459729,0.9411908160303539,0.07304070225512495,2.2751767945641848,0.20114337173289215,0.0,0.0,0.9576390957200258,0.9609814092925614,2.221569869962074,2.3267186482918256
empirical,none,0.95,2,13,0.95,26,smooth,16102,0.9686245329127137,0.9431295942909407,0.06304194764758343,2.0255331221644153,0.10441521840214159,0.0,0.0,0.9671671809179464,0.9700580334159522,1.9716388710245805,2.0812373660244248
empirical,none,0.95,2,13,0.95,26,erratic,1777,0.9623899684777321,0.9560290581674937,0.0510801414435563,4.0407254618973045,0.6113189881801716,0.0,0.0,0.9564237680273638,0.968398372259582,3.708334004035271,4.392389967703207
empirical,none,0.95,2,13,0.95,26,intermittent,10285,0.9262781288859198,0.9355106730896716,0.09641802287549309,2.3334831044397277,0.3759077409984609,0.0,0.0,0.9214349832386611,0.9320868551795451,2.2108573562716325,2.4481073399804285
empirical,none,0.95,2,13,0.95,26,lumpy,2217,0.9099647650701974,0.9415672284413827,0.0848391033846337,3.2749550482209995,0.49568826168292196,0.0,0.0,0.8997183499673439,0.9199975192246981,3.0476614718541755,3.5001975269241123
empirical,quantile,0.95,2,13,0.95,26,all,30381,0.9592179011149882,0.9410845893515983,0.07317263524060116,2.2726681228132217,0.19995313296007877,0.00019736830623564856,0.001612850136598532,0.9575900780591555,0.96092202907636,2.2201284191066466,2.3235000009561833
empirical,quantile,0.95,2,13,0.95,26,smooth,16102,0.9686245329127137,0.9431295942909407,0.06304194764758343,2.0255167417580893,0.10441521840214159,5.023324606580861e-06,6.210408644888833e-05,0.9671671809179464,0.9700580334159522,1.9716226050586312,2.0812373660244248
empirical,quantile,0.95,2,13,0.95,26,erratic,1777,0.9623388623364092,0.9560034787946999,0.05110985647639141,4.025904680913696,0.6039028738005389,0.0011856624786887391,0.0028137310073157004,0.9564237680273638,0.9682904363585001,3.695620540574048,4.381953664989361
empirical,quantile,0.95,2,13,0.95,26,intermittent,10285,0.925998293397656,0.9352410836611128,0.0968210861564282,2.326527616018414,0.3725217315904706,0.0005202575274761007,0.003305785123966942,0.9212100233120102,0.9317680180814645,2.206459500068816,2.444186109356621
empirical,quantile,0.95,2,13,0.95,26,lumpy,2217,0.9098058446393869,0.9413827038996186,0.08510701634269044,3.2684710946439277,0.4937003941226684,0.0005130859623313173,0.0040595399188092015,0.8995549651157552,0.9199088796088296,3.040870833736497,3.4942666644628355
empirical,fixed,0.95,2,13,0.95,26,all,30381,0.9546543143299703,0.9360096471778114,0.07947568716645112,2.178176300984763,0.16466691639151715,0.027245076382645107,0.07521148085974787,0.9528329656519224,0.9565120118235174,2.137135579126468,2.2256667524045737
empirical,fixed,0.95,2,13,0.95,26,smooth,16102,0.9663692785697765,0.9405071080949854,0.06594902445511867,1.9808709614927222,0.08729625231591644,0.012771912014940677,0.03378462302819526,0.9648160544159781,0.9678280630170641,1.9278290581821456,2.032734385428689
empirical,fixed,0.95,2,13,0.95,26,erratic,1777,0.9600799708899419,0.9531130096690029,0.05446765518675898,3.8259590578480633,0.5280912060640502,0.047958003017306586,0.09060213843556555,0.9545618039484893,0.9658173185688017,3.539097720755049,4.119762162246496
empirical,fixed,0.95,2,13,0.95,26,intermittent,10285,0.9121838795052035,0.9270561718301145,0.10905835166940882,2.1096176698374784,0.2925863302334656,0.06867892030797669,0.11307729703451629,0.9064618604646806,0.9185560980350608,2.005641375148019,2.20892635012504
empirical,fixed,0.95,2,13,0.95,26,lumpy,2217,0.8947628907172306,0.9311723459220076,0.09993153335516328,2.936045878058083,0.37648613305726586,0.09119762436658857,0.1880920162381597,0.8825915347764038,0.906348781600343,2.729576076812633,3.1442014529783697
empirical,dead13,0.95,2,13,0.95,26,all,30381,0.9495347962386425,0.9318817682103947,0.08460249148939333,2.1566522083276416,0.15845917546058289,0.013747876585153874,0.060103354069977945,0.9478288923946412,0.9516708100797165,2.1096091323050636,2.20167508163575
empirical,dead13,0.95,2,13,0.95,26,smooth,16102,0.9634775908397273,0.9379072052031933,0.06883106723201853,1.9734722595634817,0.08823945795269818,0.006675124780475255,0.031176251397341946,0.9618678864353082,0.9649327029407669,1.9251411456615282,2.024130388350299
empirical,dead13,0.95,2,13,0.95,26,erratic,1777,0.9491453008925177,0.9493016831227299,0.05889519507919056,3.8996193614594277,0.5618077673157827,0.03123402933083663,0.04727068092290377,0.9405410370537247,0.9572026226942465,3.5649801351122274,4.243983025081986
empirical,dead13,0.95,2,13,0.95,26,intermittent,10285,0.9002967832713556,0.9208556149732621,0.11832880713091627,1.9664808322543903,0.23064750384773794,0.03275356149778989,0.09946524064171124,0.894524063974993,0.906134665944949,1.8921005307546164,2.0444852761766477
empirical,dead13,0.95,2,13,0.95,26,lumpy,2217,0.8874298479812565,0.9253085660392832,0.10844521180007739,2.9698505239833635,0.389751902504586,0.03436767830872337,0.09788001804239964,0.8765916264741812,0.8971865984152728,2.760485924851176,3.214725794981372
empirical,dead26,0.95,2,13,0.95,26,all,30381,0.9562681651426946,0.9382284382284383,0.0767199601599548,2.231505407717069,0.18246185865414807,0.0019670195021781116,0.009545439583950495,0.9544821181735621,0.9581575034158841,2.1812509734200285,2.282816210833178
empirical,dead26,0.95,2,13,0.95,26,smooth,16102,0.9673671729231447,0.9417407210849019,0.06458154053166022,2.0047734688087577,0.09400728294705786,0.00044554705206195465,0.0034157247546888585,0.9658553845723035,0.9687742334616635,1.953083693451391,2.0608557080954744
empirical,dead26,0.95,2,13,0.95,26,erratic,1777,0.9621221722972007,0.9552872563564742,0.05194187739577452,4.030412242578366,0.6097629083891752,0.0011733970047712694,0.0061902082160945416,0.95626317538535,0.9681750280028882,3.6987162196136554,4.3753791510422735
empirical,dead26,0.95,2,13,0.95,26,intermittent,10285,0.9152995126527025,0.9302161134927299,0.10433392140926781,2.184085440474853,0.31583100301315814,0.008845363303319993,0.017403986387943608,0.9097195344680645,0.9209938845960625,2.0762538134683166,2.2895796118644833
empirical,dead26,0.95,2,13,0.95,26,lumpy,2217,0.9013104124666267,0.9362160167302251,0.09260857916827911,3.1680651664578,0.45771899235365704,0.003664251076118346,0.02029769959404601,0.8892920316908904,0.9120019628062427,2.9426380718613956,3.3934290232120317
empirical,none,0.99,2,13,0.95,26,all,30381,0.9805458947154319,0.9724319326373242,0.034239397047674265,3.164964523681579,0.340405147631969,0.0,0.0,0.9795880929450216,0.9815325971821293,3.097323363993553,3.242952106250216
empirical,none,0.99,2,13,0.95,26,smooth,16102,0.9848627573116128,0.9733037115660392,0.0295933534648663,2.7474381590519976,0.16072839080417092,0.0,0.0,0.9838802765345154,0.9857294904796499,2.6826223415926056,2.8216681572929194
empirical,none,0.99,2,13,0.95,26,erratic,1777,0.983901565483321,0.9811224228781911,0.021929694232312127,6.084691053154475,1.3279297106574701,0.0,0.0,0.9804551183096025,0.9868554186775929,5.642477696333864,6.597956730406577
empirical,none,0.99,2,13,0.95,26,intermittent,10285,0.9638815152894622,0.9690502497016839,0.04627298617030415,3.207209311033204,0.5121350068283801,0.0,0.0,0.9610899277326751,0.9672780780338832,3.0459028029784045,3.359599587829958
empirical,none,0.99,2,13,0.95,26,lumpy,2217,0.9601382153689678,0.9748226514126379,0.036555234721519364,5.16538168146897,1.0910296227683032,0.0,0.0,0.95411161516812,0.9661842056025862,4.790354490760678,5.5080969642235065
empirical,quantile,0.99,2,13,0.95,26,all,30381,0.980249524943689,0.972029468178377,0.03473925582363347,3.1497186153058485,0.33055374026426093,0.0012383115998144993,0.007142622033507785,0.9792620358620463,0.9812344433612005,3.0811259822876482,3.2242322157508014
empirical,quantile,0.99,2,13,0.95,26,smooth,16102,0.9848610100682713,0.9732980657399984,0.029599611972525152,2.7470594440577454,0.16072742982033314,8.648854540026178e-05,0.00043472860514221835,0.9838754235259808,0.985727264703731,2.682240557576295,2.8210215444993514
empirical,quantile,0.99,2,13,0.95,26,erratic,1777,0.983901565483321,0.9811224228781911,0.021929694232312127,5.970466783052386,1.2488349844024056,0.007721115831047186,0.011254924029262802,0.9804551183096025,0.9868554186775929,5.515045144519126,6.4726794494686
empirical,quantile,0.99,2,13,0.95,26,intermittent,10285,0.9623591708198589,0.9681177354488001,0.047667188666653454,3.1920173970964107,0.5034532093386226,0.002409147073255807,0.013028682547399126,0.9593243803224735,0.966020938772446,3.0337073749322316,3.3474393028271843
empirical,quantile,0.99,2,13,0.95,26,lumpy,2217,0.9587079314916725,0.9736744987083282,0.03822224868276129,5.060648576981057,1.0248006683739261,0.005389672896347554,0.02525935949481281,0.9527441529895662,0.9652800531796926,4.724747666795264,5.382781878965789
empirical,fixed,0.99,2,13,0.95,26,all,30381,0.975105415142179,0.9661481009362909,0.04204388351246488,2.9963748646067696,0.26504662826234815,0.042772758160203726,0.0975609756097561,0.973888824182495,0.9763433570159258,2.9390446489889333,3.0627748613404924
empirical,fixed,0.99,2,13,0.95,26,smooth,16102,0.9823558999275113,0.970269080069105,0.032957301331497504,2.6842408042036925,0.13613585341152537,0.01747570949545946,0.041237113402061855,0.9813002156234913,0.9832559405901793,2.620318731683252,2.7523227663427066
empirical,fixed,0.99,2,13,0.95,26,erratic,1777,0.9796352248056944,0.9757251752187036,0.028199566160520606,5.522828091206064,1.0335697844138534,0.10943460253731771,0.13956105796285875,0.9755636772403051,0.9829324698038503,5.14291633466679,5.987305484929607
empirical,fixed,0.99,2,13,0.95,26,intermittent,10285,0.947879654974667,0.9592566402969903,0.06091541617935655,2.887304139791621,0.38178665105894083,0.09421292327580941,0.14292659212445308,0.9436343309048819,0.9525252568506144,2.7512158456348517,3.0157637059746127
empirical,fixed,0.99,2,13,0.95,26,lumpy,2217,0.9397691567227883,0.9605117480624923,0.05733337302414193,4.376523365843913,0.7000989847254764,0.18358034108865035,0.2625169147496617,0.9320930022691235,0.9472736770199021,4.084984827315817,4.659663382905038
empirical,dead13,0.99,2,13,0.95,26,all,30381,0.9703047960022446,0.9625304092569817,0.04653703786290862,3.010558728415023,0.28151939326063385,0.01758814977842869,0.060103354069977945,0.9690856600378372,0.9718332445220008,2.9508584486870544,3.084238214594539
empirical,dead13,0.99,2,13,0.95,26,smooth,16102,0.9795520111753684,0.9677736249590677,0.03572356171670865,2.6815026554822707,0.1398116165910365,0.008213572542595063,0.031176251397341946,0.9783119464095967,0.9804924829663789,2.622283952056878,2.749054122128327
empirical,dead13,0.99,2,13,0.95,26,erratic,1777,0.9703625265240874,0.9743950478334271,0.029744747867946394,5.87257603571706,1.2495590562126668,0.04430493603555352,0.04727068092290377,0.9628420453205724,0.9766768070768997,5.395457348952628,6.372975895811701
empirical,dead13,0.99,2,13,0.95,26,intermittent,10285,0.936318705031718,0.953343350864012,0.06975637798085119,2.7570269252977195,0.3281415967570614,0.0398302462749364,0.09946524064171124,0.9323416297362284,0.9408264128765649,2.653071600943969,2.857351313696302
empirical,dead13,0.99,2,13,0.95,26,lumpy,2217,0.9345429448409888,0.9575593553942674,0.06161998035304974,4.662870738662163,0.8625746926024811,0.05064567100746472,0.09788001804239964,0.9271740150460464,0.9419519958212349,4.33900130222614,4.99844363118942
empirical,dead26,0.99,2,13,0.95,26,all,30381,0.9773208902452936,0.9692331630714173,0.038212252300465294,3.1101794290502984,0.3154387549804163,0.0023041639159648904,0.009545439583950495,0.9762165476821152,0.9786377114195842,3.045986651871161,3.1857254070649086
empirical,dead26,0.99,2,13,0.95,26,smooth,16102,0.983580935915264,0.9718301509693883,0.031226823963825825,2.721893898211281,0.14742693301352955,0.000508447812353054,0.0034157247546888585,0.9825453036688707,0.9844527762248855,2.6595059850800693,2.7936091477233944
empirical,dead26,0.99,2,13,0.95,26,erratic,1777,0.9836317250571367,0.9803550416943777,0.022821145217365467,6.0719656239651,1.3251188728847167,0.0014146179918148405,0.0061902082160945416,0.9801511992748231,0.9866312053012688,5.631401867003196,6.5886086921561535
empirical,dead26,0.99,2,13,0.95,26,intermittent,10285,0.9521353221359724,0.9633225792195165,0.05483642899148281,3.022809548302167,0.43433916455312044,0.010237643391054329,0.017403986387943608,0.9480694752737271,0.9563967967898817,2.883328306007913,3.164771679352957
empirical,dead26,0.99,2,13,0.95,26,lumpy,2217,0.9492181114804119,0.9688768606224628,0.045187985592236475,5.006552062333133,1.0177881908498159,0.005053669699776603,0.02029769959404601,0.9411750210477272,0.9570843607263632,4.644785905471377,5.3317616049466015
empirical,none,0.9,1,13,0.95,26,all,30381,0.9373936309374503,0.9010416199119665,0.12290579613194785,1.279518421332785,0.07610617082163443,0.0,0.0,0.9351054771896493,0.9396689577761822,1.2505082204939464,1.309907515213535
empirical,none,0.9,1,13,0.95,26,smooth,16102,0.9526256808515889,0.9045601336931607,0.10579694271900865,1.1739120843936006,0.04052036401194153,0.0,0.0,0.9508045028249698,0.9544136250294573,1.1447989465688437,1.2046287473186348
empirical,none,0.9,1,13,0.95,26,erratic,1777,0.9357636688485582,0.9185552770246074,0.09461266454699432,1.9798130741774975,0.13023398435743225,0.0,0.0,0.9275551221953936,0.9427424416897153,1.8196167211893413,2.1469844481915086
empirical,none,0.9,1,13,0.95,26,intermittent,10285,0.8876628021779872,0.8942458125248597,0.15811313523764214,1.3430536752055902,0.19293967180420973,0.0,0.0,0.8815299564607735,0.8948561243489067,1.2718699492405459,1.4144845682078755
empirical,none,0.9,1,13,0.95,26,lumpy,2217,0.8535116874625401,0.8929757657768483,0.15538951567290804,1.6268003414518972,0.1573112479340344,0.0,0.0,0.8388559897208114,0.8666115891170341,1.5049280008908679,1.7598383799974526
empirical,quantile,0.9,1,13,0.95,26,all,30381,0.9373788759113411,0.9010072084526514,0.12294853498639789,1.2791021074778313,0.07589534847008625,3.284183230770036e-05,0.0007241367960238307,0.9350944882117512,0.9396442936317085,1.2497297234732647,1.309492372892688
empirical,quantile,0.9,1,13,0.95,26,smooth,16102,0.9526256808515889,0.9045601336931607,0.10579694271900865,1.1739120843936006,0.04052036401194153,0.0,0.0,0.9508045028249698,0.9544136250294573,1.1447989465688437,1.2046287473186348
empirical,quantile,0.9,1,13,0.95,26,erratic,1777,0.9357636688485582,0.9185552770246074,0.09461266454699432,1.9798130741774975,0.13023398435743225,0.0,0.0,0.9275551221953936,0.9427424416897153,1.8196167211893413,2.1469844481915086
empirical,quantile,0.9,1,13,0.95,26,intermittent,10285,0.8875770779263008,0.8941530030494542,0.15825189472780013,1.3405253024489545,0.19163035702672823,0.00019805258148237922,0.0019445794846864365,0.8814754202359499,0.8947981660619685,1.270049404674571,1.4126631833628625
empirical,quantile,0.9,1,13,0.95,26,lumpy,2217,0.8534844439601155,0.892934760323123,0.15544905188580954,1.6265369875951252,0.1573112479340344,2.7243502424671715e-05,0.0009021199819576004,0.8388559897208114,0.8666067952073847,1.5046712112646838,1.7593373529337826
empirical,fixed,0.9,1,13,0.95,26,all,30381,0.9348365690470967,0.8982782301139169,0.12633791196539268,1.2431672726540024,0.06388126678086739,0.01798907398249419,0.05101872881076989,0.9324469479417864,0.9372059940464488,1.216516822653538,1.2695872311670027
empirical,fixed,0.9,1,13,0.95,26,smooth,16102,0.9513864485116872,0.90294825035851,0.10758374665560996,1.1548147146718863,0.03341629099114781,0.00934600463325253,0.02428269780151534,0.9495258186494372,0.9531834472459778,1.125874884428321,1.1851147319137338
empirical,fixed,0.9,1,13,0.95,26,erratic,1777,0.9352648729092478,0.9174042052488873,0.09594984102457434,1.9495071323730828,0.12260199763685202,0.013038198774270307,0.031513787281935844,0.9269958502524664,0.9424240358258485,1.7879834640347418,2.116226055607627
empirical,fixed,0.9,1,13,0.95,26,intermittent,10285,0.8791041717165148,0.8898042162018827,0.16475376798091726,1.23746307452492,0.15792417246537033,0.05375009114360093,0.08342245989304813,0.8722133576216956,0.8866884083209715,1.1713985030828074,1.2990638825916099
empirical,fixed,0.9,1,13,0.95,26,lumpy,2217,0.8466417842677855,0.8883421495058843,0.16211710773077725,1.5373871664941248,0.13344684792676947,0.04388020123867124,0.11050969778980604,0.8305932800576401,0.8607667229654554,1.4249497493887109,1.6645801265049716
empirical,dead13,0.9,1,13,0.95,26,all,30381,0.9316034731110274,0.8950091414789746,0.13039810313814684,1.2170570640322123,0.05496145685733492,0.007735917398508029,0.05997169283433725,0.9293358971904097,0.9341495605439545,1.1896705094320579,1.2423670554791637
empirical,dead13,0.9,1,13,0.95,26,smooth,16102,0.9495334969481118,0.901124648547329,0.10960524462941812,1.145179322860211,0.03279741739961704,0.004044431524550625,0.031176251397341946,0.9476907322613867,0.9512827910516481,1.1180618044646218,1.1743417182293485
empirical,dead13,0.9,1,13,0.95,26,erratic,1777,0.927856526663096,0.9143858392592213,0.09945621489911746,1.9292036845483647,0.11084145239565148,0.014882108353196586,0.04727068092290377,0.9193676236297017,0.9352309324848611,1.7809581425072285,2.097753373168981
empirical,dead13,0.9,1,13,0.95,26,intermittent,10285,0.8723693986098876,0.8847527290405268,0.17230624880237344,1.134581163130295,0.11480349439639287,0.019413094330178286,0.09917355371900827,0.8657903764607197,0.879726367781379,1.0884179814582515,1.1828847595541134
empirical,dead13,0.9,1,13,0.95,26,lumpy,2217,0.8401260466045515,0.8826423914380612,0.17039264132408538,1.5096487404420713,0.11586570769538132,0.014797762400334187,0.09742895805142084,0.8261103306333994,0.8534130855630866,1.3963618745753754,1.6476146310596567
empirical,dead26,0.9,1,13,0.95,26,all,30381,0.9356763362857664,0.8991953703121868,0.12519882858374587,1.2554053768901703,0.0668107899539532,0.0012195901688371628,0.009512524275040322,0.9333708718035628,0.9379976053428529,1.227387852443165,1.2832784157619475
empirical,dead26,0.9,1,13,0.95,26,smooth,16102,0.9519069086220125,0.9036398640485089,0.106817079467401,1.1620349793748843,0.035335856207114734,0.0002743172046028505,0.0034157247546888585,0.9500462156701883,0.9536621606202018,1.1336199249973145,1.1925622557580888
empirical,dead26,0.9,1,13,0.95,26,erratic,1777,0.9356001291963253,0.9180692689415255,0.09517725017086144,1.9745491416212504,0.12991917052688387,0.0006827780480724808,0.0061902082160945416,0.9273929577096607,0.9426131587710851,1.8143370264027858,2.14371330374607
empirical,dead26,0.9,1,13,0.95,26,intermittent,10285,0.8813940931063907,0.891010739382154,0.16294989460886342,1.2602982415689705,0.16192365220784288,0.005594739092820643,0.017306757413709285,0.8747578557026846,0.8885593682904671,1.1917642798258137,1.3223692772326805
empirical,dead26,0.9,1,13,0.95,26,lumpy,2217,0.8485579106049874,0.8897568376594087,0.16006310838567558,1.5766722969905012,0.14269692511669302,0.0019025045859895747,0.02029769959404601,0.8330124222910126,0.8626626314900945,1.460155422296258,1.711493912422133
empirical,none,0.9,4,13,0.95,26,all,30381,0.9308950732015884,0.9126427701523979,0.10849722754909394,2.757150198391639,0.3337035099668615,0.0,0.0,0.9285050611882691,0.9335666470788963,2.6887133106217997,2.828770133618869
empirical,none,0.9,4,13,0.95,26,smooth,16102,0.9472555284417363,0.9160324522080826,0.093079655156228,2.5108046252152114,0.19821300687256327,0.0,0.0,0.9450028988930016,0.9494933970311173,2.4346088790939273,2.5866001893248507
empirical,none,0.9,4,13,0.95,26,erratic,1777,0.9320574514798294,0.9315495984038471,0.07951742786675779,4.602377866543467,0.9095061511351695,0.0,0.0,0.9220601892993416,0.9411138850831122,4.222520931365196,5.006160426868437
empirical,none,0.9,4,13,0.95,26,intermittent,10285,0.8756101694581242,0.9050868431519865,0.14190470526823531,2.8095315514513017,0.5901497908131191,0.0,0.0,0.8679167204493479,0.8838580857603021,2.6428873660369976,2.979729662693484
empirical,none,0.9,4,13,0.95,26,lumpy,2217,0.842945749105505,0.9079222536597368,0.13368856607031226,3.538685773443034,0.6898200112606477,0.0,0.0,0.8257202683044137,0.856625267925991,3.2572830355205915,3.864700318843006
empirical,quantile,0.9,4,13,0.95,26,all,30381,0.930848904248924,0.9125544972785025,0.10860686200181362,2.7558087602652543,0.3330110074081337,0.0001078862124117693,0.0011520358118560943,0.928454032346849,0.9335183263377751,2.6874062346849716,2.8272946365538716
empirical,quantile,0.9,4,13,0.95,26,smooth,16102,0.9472555284417363,0.9160324522080826,0.093079655156228,2.510771427591724,0.19821300687256327,7.862595036387434e-06,0.00012420817289777666,0.9450028988930016,0.9494933970311173,2.434601947537024,2.586593618826725
empirical,quantile,0.9,4,13,0.95,26,erratic,1777,0.9320574514798294,0.9315495984038471,0.07951742786675779,4.602377866543467,0.9095061511351695,0.0,0.0,0.9220601892993416,0.9411138850831122,4.222520931365196,5.006160426868437
empirical,quantile,0.9,4,13,0.95,26,intermittent,10285,0.875346099349481,0.9048481902152296,0.1422615153857844,2.80169320177124,0.5859833951139147,0.0006089377878413452,0.002916869227029655,0.867611927182875,0.8836064155909454,2.636008165548755,2.9735235719703237
empirical,quantile,0.9,4,13,0.95,26,lumpy,2217,0.8428413156795438,0.9078197400254234,0.13383740660256602,3.537105650302403,0.6892006756388602,0.00011805517717357744,0.0013531799729364006,0.8256973801364969,0.8563908291139767,3.255678318595065,3.8631960685676856
empirical,fixed,0.9,4,13,0.95,26,all,30381,0.9219460705382269,0.9027098276135503,0.12083389079665224,2.559357486835106,0.24847264061182903,0.04166486195245169,0.09947006352654619,0.9193115938975869,0.9249315555632148,2.49990338273855,2.620496638283971
empirical,fixed,0.9,4,13,0.95,26,smooth,16102,0.9424700473350062,0.9106858549474374,0.09900646190915777,2.4088097319706874,0.15962229840688535,0.021986654992169074,0.049000124208172895,0.9399544468789491,0.9447555539478121,2.3355260865729006,2.4801268143088917
empirical,fixed,0.9,4,13,0.95,26,erratic,1777,0.9241319110834911,0.9210620555583977,0.09170059132915342,4.144928839808822,0.7240718102612954,0.09124694896336302,0.12380416432189083,0.9143127601317989,0.9330521545136884,3.801076103504856,4.508297557956677
empirical,fixed,0.9,4,13,0.95,26,intermittent,10285,0.8509511450592285,0.8905997259910726,0.16356440092242022,2.376393511758017,0.36985757950185344,0.09110911416302585,0.14681575109382597,0.841765760619654,0.8601479360221772,2.251040056032017,2.5003210642532947
empirical,fixed,0.9,4,13,0.95,26,lumpy,2217,0.8175593454294484,0.8862508713658916,0.1651534545887536,3.010529613687136,0.47990519261156217,0.11279264062187835,0.2268831754623365,0.7998449768680258,0.8344037797879785,2.765662490431886,3.2758703226367607
empirical,dead13,0.9,4,13,0.95,26,all,30381,0.9155200186833535,0.8989874054058906,0.12545711992150915,2.589373969627175,0.2633429463121716,0.01781883588555621,0.060103354069977945,0.912720037032859,0.918584690349857,2.528411001741895,2.653296154338613
empirical,dead13,0.9,4,13,0.95,26,smooth,16102,0.9386298248759839,0.9079081085353597,0.10208564767731135,2.4292415587944105,0.16836532936301404,0.00943271158407047,0.031176251397341946,0.9360704516735187,0.9410216630771595,2.3597746069254906,2.5004376031750715
empirical,dead13,0.9,4,13,0.95,26,erratic,1777,0.9109996770091868,0.9219317542333862,0.09069028021275964,4.452174872950132,0.825621757315333,0.03393652208398579,0.04727068092290377,0.8970899275678904,0.921331162792209,4.0877753953925176,4.831573496715383
empirical,dead13,0.9,4,13,0.95,26,intermittent,10285,0.8363208727714158,0.8840014142396252,0.1734295399131762,2.2783229971563195,0.3602263120244521,0.04443078111544002,0.09946524064171124,0.8277574643768235,0.8456542836640704,2.1805189731119374,2.385230904363028
empirical,dead13,0.9,4,13,0.95,26,lumpy,2217,0.8100764634301386,0.8853282486570714,0.1664930193790373,3.2142837683212555,0.5425380046858824,0.03373199658548103,0.09788001804239964,0.7938714989373986,0.8263773963882556,2.943492996860219,3.54991351917158
empirical,dead26,0.9,4,13,0.95,26,all,30381,0.9263727370271986,0.9084610297704008,0.11369092747030579,2.6928533475743133,0.3037300864660396,0.002790762465180915,0.009545439583950495,0.9238588784368071,0.9291347952085838,2.6261778161817153,2.762835676007614
empirical,dead26,0.9,4,13,0.95,26,smooth,16102,0.9451863555146603,0.9140310068766161,0.09529829612128987,2.4786656127877245,0.1807058033158747,0.0006508481446787376,0.0034157247546888585,0.9427671748992288,0.9473737774398705,2.4030144459455944,2.554367641190714
empirical,dead26,0.9,4,13,0.95,26,erratic,1777,0.9315688767687835,0.9303729472553333,0.08088431937717291,4.58781874900343,0.906605366553688,0.001604732837535621,0.0061902082160945416,0.9215622967422705,0.9405190630346176,4.216204374073393,4.982409053756201
empirical,dead26,0.9,4,13,0.95,26,intermittent,10285,0.8596595466270955,0.8975825341406285,0.15312440118672402,2.5915574421459833,0.4956623528646679,0.012665511852609466,0.017403986387943608,0.8507612969115895,0.86880788740821,2.43795417950719,2.738211453586957
empirical,dead26,0.9,4,13,0.95,26,lumpy,2217,0.831126609636935,0.9009103210727026,0.1438692584764683,3.4035307579142375,0.6378357761673842,0.004408906809059373,0.02029769959404601,0.8125209593803474,0.846432485491446,3.1235258817385696,3.73349339119541
empirical,none,0.9,2,8,0.95,26,all,30381,0.934915421175874,0.9061285312889934,0.11658787851759354,1.7763853581274889,0.296369687126282,0.0,0.0,0.9325122172251232,0.9371610925369427,1.7332465591552373,1.8198429672328362
empirical,none,0.9,2,8,0.95,26,smooth,16102,0.9503315503443053,0.9099349600840099,0.09983884342778465,1.624839335514621,0.19639082135215813,0.0,0.0,0.9483167244096493,0.9524022789885315,1.5793440408627855,1.6703655271583424
empirical,none,0.9,2,8,0.95,26,erratic,1777,0.9344349091741656,0.9242594771576201,0.0879862122247645,2.8504470765242913,0.6587314501742377,0.0,0.0,0.9261537041901224,0.9417235066949284,2.6169088514742262,3.1070357841694287
empirical,none,0.9,2,8,0.95,26,intermittent,10285,0.8838052108520991,0.8984796924028815,0.15178305944853013,1.8367179632706068,0.5175030529000745,0.0,0.0,0.8774612545361564,0.891539443636534,1.733046629221548,1.9394488249670012
empirical,none,0.9,2,8,0.95,26,lumpy,2217,0.8510098258232078,0.8994341247385902,0.1460125621409222,2.263303910350715,0.5510222367520903,0.0,0.0,0.8357930881986377,0.8643950317989383,2.087744134900862,2.4703191450040536
empirical,quantile,0.9,2,8,0.95,26,all,30381,0.93488908424755,0.9060776621752231,0.11665105769373708,1.7756680734711452,0.29583704654935733,5.5688324347839744e-05,0.0008557980316645272,0.9324849479257162,0.937130503582623,1.7325816753287087,1.8191534821342676
empirical,quantile,0.9,2,8,0.95,26,smooth,16102,0.9503308951280521,0.9099349600840099,0.09983884342778465,1.6248382434875326,0.19639082135215813,6.552162530322862e-07,6.210408644888833e-05,0.9483167086589191,0.9524016410374427,1.5793429564650554,1.6703655271583424
empirical,quantile,0.9,2,8,0.95,26,erratic,1777,0.9344349091741656,0.9242594771576201,0.0879862122247645,2.8504470765242913,0.6587314501742377,0.0,0.0,0.9261537041901224,0.9417235066949284,2.6169088514742262,3.1070357841694287
empirical,quantile,0.9,2,8,0.95,26,intermittent,10285,0.8836554397457044,0.8983382684403589,0.15199450248115184,1.8323854398836514,0.5142615594719385,0.00033205830825652635,0.0021390374331550803,0.8773197589724977,0.891406049774985,1.7301510700291787,1.9372406680972434
empirical,quantile,0.9,2,8,0.95,26,lumpy,2217,0.8509598794020959,0.8993931192848649,0.1460720983538237,2.262763580885959,0.550715898702604,4.9946421111898146e-05,0.0013531799729364006,0.8357388681698198,0.8643501667308521,2.086764509903447,2.469296577785486
empirical,fixed,0.9,2,8,0.95,26,all,30381,0.9308046391705962,0.9017552836551552,0.1220194294548752,1.7083738898231093,0.25996164433607166,0.020465855838317913,0.06332905434317501,0.9283914332677298,0.9331838414083307,1.6687667270772286,1.7479024534753007
empirical,fixed,0.9,2,8,0.95,26,smooth,16102,0.9482411920917145,0.9075834735380134,0.10244551186769515,1.5888518012222403,0.1761755653406036,0.010549636890072841,0.03061731461930195,0.9460542146780866,0.9502165009613482,1.5427990997555274,1.6338066324134624
empirical,fixed,0.9,2,8,0.95,26,erratic,1777,0.9331122822367318,0.9220084923517675,0.0906011351142543,2.7577936865517256,0.6146125404930992,0.025700256348404876,0.05852560495216657,0.924747863016436,0.9408326990093698,2.5256773488038506,2.99621902092803
empirical,fixed,0.9,2,8,0.95,26,intermittent,10285,0.8708835115806567,0.8913112653025147,0.16250057816454233,1.6594687855336876,0.42448245214714614,0.05557788984335125,0.09829849295089937,0.8635182275849341,0.8790291989482409,1.5677116544301135,1.7444139222766222
empirical,fixed,0.9,2,8,0.95,26,lumpy,2217,0.8393042009480739,0.8916430885307746,0.1573244425922067,2.087642347300169,0.45597752713755546,0.053192938484171524,0.14253495714930087,0.8227159590830321,0.8548333912528918,1.9307901381548926,2.281700734103326
empirical,dead13,0.9,2,8,0.95,26,all,30381,0.9256281635053627,0.897549604866678,0.1272428607530958,1.6811607033356037,0.24159822635066797,0.011215089092592867,0.060070438761067775,0.9231433435079984,0.9284032882235559,1.6415467430500148,1.7190554565970837
empirical,dead13,0.9,2,8,0.95,26,smooth,16102,0.9453429521991351,0.9049440498639356,0.10537136419820693,1.5803108389585467,0.1736113401334588,0.0058753241409405105,0.031176251397341946,0.9432139365541061,0.9473038668909158,1.5392612889664024,1.6244433048375055
empirical,dead13,0.9,2,8,0.95,26,erratic,1777,0.9219895416392397,0.9182227451782883,0.09499895997385077,2.768536197457776,0.6143067213434237,0.02190613641660091,0.04727068092290377,0.9114096647529719,0.9306009842039864,2.5245708697642435,3.0076706776860282
empirical,dead13,0.9,2,8,0.95,26,intermittent,10285,0.8591540691430136,0.8851107084456623,0.17177103362604978,1.5246343909932385,0.32345711127007865,0.027956944748256447,0.09946524064171124,0.8516961204008211,0.8672264827171028,1.4627835360286128,1.5921099009490853
empirical,dead13,0.9,2,8,0.95,26,lumpy,2217,0.8301685464683339,0.884979702300406,0.16699907718870002,2.083869122214352,0.44996397803568294,0.021331662398517953,0.09742895805142084,0.8149899561784979,0.8443657617590105,1.9237775292397084,2.287731262356726
empirical,dead26,0.9,2,8,0.95,26,all,30381,0.9320213735279284,0.9034623912672693,0.11989921063194042,1.7395960010388807,0.27457586836105136,0.0017526749831070817,0.009512524275040322,0.9297090806765693,0.9343485494269461,1.6988573959530249,1.7811989400779937
empirical,dead26,0.9,2,8,0.95,26,smooth,16102,0.9490975597344278,0.9085968993123383,0.10132210974293179,1.6067597350392833,0.18436538993411652,0.00039727945475524285,0.0034157247546888585,0.9469910652321357,0.9510525986063373,1.5630805690023746,1.6532959001517076
empirical,dead26,0.9,2,8,0.95,26,erratic,1777,0.9341814227132046,0.923568834092188,0.08878851811131251,2.8423947928974727,0.6564468012325437,0.0009914591416621352,0.0061902082160945416,0.9259738763760651,0.9416055005544464,2.6098488941004225,3.0993056020063516
empirical,dead26,0.9,2,8,0.95,26,intermittent,10285,0.8732315678078831,0.8937552481548592,0.15884657825704865,1.7098874548962342,0.4461309459293461,0.00800388616607645,0.017306757413709285,0.866015084303554,0.8814964556168269,1.6145944939610994,1.8009886931345558
empirical,dead26,0.9,2,8,0.95,26,lumpy,2217,0.8431273724550028,0.8950875466437036,0.15232340070848094,2.1886385513721645,0.5112782045926492,0.0028151619172160774,0.02029769959404601,0.8262597450682103,0.857728771014447,2.021886917335252,2.3974381248280863
empirical,none,0.9,2,26,0.95,26,all,30381,0.934915421175874,0.9061285312889934,0.11658787851759354,1.7763853581274889,,0.0,0.0,0.9325122172251232,0.9371610925369427,1.7332465591552373,1.8198429672328362
empirical,none,0.9,2,26,0.95,26,smooth,16102,0.9503315503443053,0.9099349600840099,0.09983884342778465,1.624839335514621,,0.0,0.0,0.9483167244096493,0.9524022789885315,1.5793440408627855,1.6703655271583424
empirical,none,0.9,2,26,0.95,26,erratic,1777,0.9344349091741656,0.9242594771576201,0.0879862122247645,2.8504470765242913,,0.0,0.0,0.9261537041901224,0.9417235066949284,2.6169088514742262,3.1070357841694287
empirical,none,0.9,2,26,0.95,26,intermittent,10285,0.8838052108520991,0.8984796924028815,0.15178305944853013,1.8367179632706068,,0.0,0.0,0.8774612545361564,0.891539443636534,1.733046629221548,1.9394488249670012
empirical,none,0.9,2,26,0.95,26,lumpy,2217,0.8510098258232078,0.8994341247385902,0.1460125621409222,2.263303910350715,,0.0,0.0,0.8357930881986377,0.8643950317989383,2.087744134900862,2.4703191450040536
empirical,quantile,0.9,2,26,0.95,26,all,30381,0.9346607779833433,0.9057993781998916,0.11699668495146352,1.7754548395454373,,0.0002793935589075379,0.002172410388071492,0.9322722142335406,0.9368996004788606,1.732524204565336,1.818907225059306
empirical,quantile,0.9,2,26,0.95,26,smooth,16102,0.9500447840308948,0.9095312835220921,0.10028632672539232,1.624577249013408,,0.0002671098258194953,0.0015526021612222085,0.9480294475941999,0.9521848058259932,1.5791535079120234,1.6699249326454026
empirical,quantile,0.9,2,26,0.95,26,erratic,1777,0.9344144667176365,0.924157159666445,0.08810507235610496,2.8505513330525902,,2.453094783493943e-05,0.0005627462014631402,0.9261537041901224,0.941702146922058,2.6171618122381872,3.107184381172664
empirical,quantile,0.9,2,26,0.95,26,intermittent,10285,0.883562818140434,0.8981880054801785,0.1522191607033124,1.8324682081266588,,0.0004502986554101856,0.003305785123966942,0.8772244574022389,0.8912390575603335,1.7302183577426549,1.9371903450248467
empirical,quantile,0.9,2,26,0.95,26,lumpy,2217,0.8508463648086598,0.8992906056505515,0.14622093888607746,2.2614740551045247,,0.00031330027788372474,0.0027063599458728013,0.8355852063148235,0.8643178302900972,2.0869638435338786,2.4681991740620397
empirical,fixed,0.9,2,26,0.95,26,all,30381,0.9308046391705962,0.9017552836551552,0.1220194294548752,1.7083738898231093,,0.020465855838317913,0.06332905434317501,0.9283914332677298,0.9331838414083307,1.6687667270772286,1.7479024534753007
empirical,fixed,0.9,2,26,0.95,26,smooth,16102,0.9482411920917145,0.9075834735380134,0.10244551186769515,1.5888518012222403,,0.010549636890072841,0.03061731461930195,0.9460542146780866,0.9502165009613482,1.5427990997555274,1.6338066324134624
empirical,fixed,0.9,2,26,0.95,26,erratic,1777,0.9331122822367318,0.9220084923517675,0.0906011351142543,2.7577936865517256,,0.025700256348404876,0.05852560495216657,0.924747863016436,0.9408326990093698,2.5256773488038506,2.99621902092803
empirical,fixed,0.9,2,26,0.95,26,intermittent,10285,0.8708835115806567,0.8913112653025147,0.16250057816454233,1.6594687855336876,,0.05557788984335125,0.09829849295089937,0.8635182275849341,0.8790291989482409,1.5677116544301135,1.7444139222766222
empirical,fixed,0.9,2,26,0.95,26,lumpy,2217,0.8393042009480739,0.8916430885307746,0.1573244425922067,2.087642347300169,,0.053192938484171524,0.14253495714930087,0.8227159590830321,0.8548333912528918,1.9307901381548926,2.281700734103326
empirical,dead13,0.9,2,26,0.95,26,all,30381,0.9256281635053627,0.897549604866678,0.1272428607530958,1.6811607033356037,,0.011215089092592867,0.060070438761067775,0.9231433435079984,0.9284032882235559,1.6415467430500148,1.7190554565970837
empirical,dead13,0.9,2,26,0.95,26,smooth,16102,0.9453429521991351,0.9049440498639356,0.10537136419820693,1.5803108389585467,,0.0058753241409405105,0.031176251397341946,0.9432139365541061,0.9473038668909158,1.5392612889664024,1.6244433048375055
empirical,dead13,0.9,2,26,0.95,26,erratic,1777,0.9219895416392397,0.9182227451782883,0.09499895997385077,2.768536197457776,,0.02190613641660091,0.04727068092290377,0.9114096647529719,0.9306009842039864,2.5245708697642435,3.0076706776860282
empirical,dead13,0.9,2,26,0.95,26,intermittent,10285,0.8591540691430136,0.8851107084456623,0.17177103362604978,1.5246343909932385,,0.027956944748256447,0.09946524064171124,0.8516961204008211,0.8672264827171028,1.4627835360286128,1.5921099009490853
empirical,dead13,0.9,2,26,0.95,26,lumpy,2217,0.8301685464683339,0.884979702300406,0.16699907718870002,2.083869122214352,,0.021331662398517953,0.09742895805142084,0.8149899561784979,0.8443657617590105,1.9237775292397084,2.287731262356726
empirical,dead26,0.9,2,26,0.95,26,all,30381,0.9320213735279284,0.9034623912672693,0.11989921063194042,1.7395960010388807,,0.0017526749831070817,0.009512524275040322,0.9297090806765693,0.9343485494269461,1.6988573959530249,1.7811989400779937
empirical,dead26,0.9,2,26,0.95,26,smooth,16102,0.9490975597344278,0.9085968993123383,0.10132210974293179,1.6067597350392833,,0.00039727945475524285,0.0034157247546888585,0.9469910652321357,0.9510525986063373,1.5630805690023746,1.6532959001517076
empirical,dead26,0.9,2,26,0.95,26,erratic,1777,0.9341814227132046,0.923568834092188,0.08878851811131251,2.8423947928974727,,0.0009914591416621352,0.0061902082160945416,0.9259738763760651,0.9416055005544464,2.6098488941004225,3.0993056020063516
empirical,dead26,0.9,2,26,0.95,26,intermittent,10285,0.8732315678078831,0.8937552481548592,0.15884657825704865,1.7098874548962342,,0.00800388616607645,0.017306757413709285,0.866015084303554,0.8814964556168269,1.6145944939610994,1.8009886931345558
empirical,dead26,0.9,2,26,0.95,26,lumpy,2217,0.8431273724550028,0.8950875466437036,0.15232340070848094,2.1886385513721645,,0.0028151619172160774,0.02029769959404601,0.8262597450682103,0.857728771014447,2.021886917335252,2.3974381248280863
empirical,none,0.9,2,13,0.9,26,all,30381,0.934915421175874,0.9061285312889934,0.11658787851759354,1.7763853581274889,0.14238292402414937,0.0,0.0,0.9325122172251232,0.9371610925369427,1.7332465591552373,1.8198429672328362
empirical,none,0.9,2,13,0.9,26,smooth,16102,0.9503315503443053,0.9099349600840099,0.09983884342778465,1.624839335514621,0.07925906398863766,0.0,0.0,0.9483167244096493,0.9524022789885315,1.5793440408627855,1.6703655271583424
empirical,none,0.9,2,13,0.9,26,erratic,1777,0.9344349091741656,0.9242594771576201,0.0879862122247645,2.8504470765242913,0.3187759874728626,0.0,0.0,0.9261537041901224,0.9417235066949284,2.6169088514742262,3.1070357841694287
empirical,none,0.9,2,13,0.9,26,intermittent,10285,0.8838052108520991,0.8984796924028815,0.15178305944853013,1.8367179632706068,0.3100583121978712,0.0,0.0,0.8774612545361564,0.891539443636534,1.733046629221548,1.9394488249670012
empirical,none,0.9,2,13,0.9,26,lumpy,2217,0.8510098258232078,0.8994341247385902,0.1460125621409222,2.263303910350715,0.29023865308124014,0.0,0.0,0.8357930881986377,0.8643950317989383,2.087744134900862,2.4703191450040536
empirical,quantile,0.9,2,13,0.9,26,all,30381,0.9348736945966618,0.9060612045207681,0.11667149801543059,1.7754108917794988,0.14171171312675346,4.854879558529619e-05,0.0010203745762153978,0.9324710649514142,0.9371213216972472,1.732322054286214,1.8188774623309516
empirical,quantile,0.9,2,13,0.9,26,smooth,16102,0.9503280558576224,0.9099321371709895,0.09984197268161407,1.6248255759733072,0.07925906398863766,3.49448668283886e-06,6.210408644888833e-05,0.9483166404057549,0.9523988765827252,1.579330377451388,1.6703655271583424
empirical,quantile,0.9,2,13,0.9,26,erratic,1777,0.9344349091741656,0.9242594771576201,0.0879862122247645,2.8504470765242913,0.3187759874728626,0.0,0.0,0.9261537041901224,0.9417235066949284,2.6169088514742262,3.1070357841694287
empirical,quantile,0.9,2,13,0.9,26,intermittent,10285,0.8835756275113757,0.8982984929508994,0.15205397083407668,1.8308956115095154,0.3059569486896013,0.00027885015203737973,0.0024307243558580457,0.8772241637722284,0.8912703037623048,1.7292289133145107,1.9361348454660225
empirical,quantile,0.9,2,13,0.9,26,lumpy,2217,0.8509462576508836,0.8993726165580023,0.14610186646027445,2.2625320111153493,0.2899289852703464,3.1784086162117005e-05,0.0022552999548940008,0.8357385222097112,0.8643233775820601,2.086592880721532,2.4689724949884795
empirical,fixed,0.9,2,13,0.9,26,all,30381,0.9308046391705962,0.9017552836551552,0.1220194294548752,1.7083738898231093,0.11821863363063917,0.020465855838317913,0.06332905434317501,0.9283914332677298,0.9331838414083307,1.6687667270772286,1.7479024534753007
empirical,fixed,0.9,2,13,0.9,26,smooth,16102,0.9482411920917145,0.9075834735380134,0.10244551186769515,1.5888518012222403,0.06562366431436752,0.010549636890072841,0.03061731461930195,0.9460542146780866,0.9502165009613482,1.5427990997555274,1.6338066324134624
empirical,fixed,0.9,2,13,0.9,26,erratic,1777,0.9331122822367318,0.9220084923517675,0.0906011351142543,2.7577936865517256,0.29278135975043845,0.025700256348404876,0.05852560495216657,0.924747863016436,0.9408326990093698,2.5256773488038506,2.99621902092803
empirical,fixed,0.9,2,13,0.9,26,intermittent,10285,0.8708835115806567,0.8913112653025147,0.16250057816454233,1.6594687855336876,0.24665842925581496,0.05557788984335125,0.09829849295089937,0.8635182275849341,0.8790291989482409,1.5677116544301135,1.7444139222766222
empirical,fixed,0.9,2,13,0.9,26,lumpy,2217,0.8393042009480739,0.8916430885307746,0.1573244425922067,2.087642347300169,0.23205107248587883,0.053192938484171524,0.14253495714930087,0.8227159590830321,0.8548333912528918,1.9307901381548926,2.281700734103326
empirical,dead13,0.9,2,13,0.9,26,all,30381,0.9256281635053627,0.897549604866678,0.1272428607530958,1.6811607033356037,0.10749845667186583,0.011215089092592867,0.060070438761067775,0.9231433435079984,0.9284032882235559,1.6415467430500148,1.7190554565970837
empirical,dead13,0.9,2,13,0.9,26,smooth,16102,0.9453429521991351,0.9049440498639356,0.10537136419820693,1.5803108389585467,0.0658480540404893,0.0058753241409405105,0.031176251397341946,0.9432139365541061,0.9473038668909158,1.5392612889664024,1.6244433048375055
empirical,dead13,0.9,2,13,0.9,26,erratic,1777,0.9219895416392397,0.9182227451782883,0.09499895997385077,2.768536197457776,0.2827882693007453,0.02190613641660091,0.04727068092290377,0.9114096647529719,0.9306009842039864,2.5245708697642435,3.0076706776860282
empirical,dead13,0.9,2,13,0.9,26,intermittent,10285,0.8591540691430136,0.8851107084456623,0.17177103362604978,1.5246343909932385,0.18629121415100475,0.027956944748256447,0.09946524064171124,0.8516961204008211,0.8672264827171028,1.4627835360286128,1.5921099009490853
empirical,dead13,0.9,2,13,0.9,26,lumpy,2217,0.8301685464683339,0.884979702300406,0.16699907718870002,2.083869122214352,0.2209629669990374,0.021331662398517953,0.09742895805142084,0.8149899561784979,0.8443657617590105,1.9237775292397084,2.287731262356726
empirical,dead26,0.9,2,13,0.9,26,all,30381,0.9320213735279284,0.9034623912672693,0.11989921063194042,1.7395960010388807,0.12713600024877292,0.0017526749831070817,0.009512524275040322,0.9297090806765693,0.9343485494269461,1.6988573959530249,1.7811989400779937
empirical,dead26,0.9,2,13,0.9,26,smooth,16102,0.9490975597344278,0.9085968993123383,0.10132210974293179,1.6067597350392833,0.07053429172542681,0.00039727945475524285,0.0034157247546888585,0.9469910652321357,0.9510525986063373,1.5630805690023746,1.6532959001517076
empirical,dead26,0.9,2,13,0.9,26,erratic,1777,0.9341814227132046,0.923568834092188,0.08878851811131251,2.8423947928974727,0.31810138640740176,0.0009914591416621352,0.0061902082160945416,0.9259738763760651,0.9416055005544464,2.6098488941004225,3.0993056020063516
empirical,dead26,0.9,2,13,0.9,26,intermittent,10285,0.8732315678078831,0.8937552481548592,0.15884657825704865,1.7098874548962342,0.26015694435412196,0.00800388616607645,0.017306757413709285,0.866015084303554,0.8814964556168269,1.6145944939610994,1.8009886931345558
empirical,dead26,0.9,2,13,0.9,26,lumpy,2217,0.8431273724550028,0.8950875466437036,0.15232340070848094,2.1886385513721645,0.2667238780217585,0.0028151619172160774,0.02029769959404601,0.8262597450682103,0.857728771014447,2.021886917335252,2.3974381248280863
empirical,none,0.9,2,13,0.99,26,all,30381,0.934915421175874,0.9061285312889934,0.11658787851759354,1.7763853581274889,0.14238292402414937,0.0,0.0,0.9325122172251232,0.9371610925369427,1.7332465591552373,1.8198429672328362
empirical,none,0.9,2,13,0.99,26,smooth,16102,0.9503315503443053,0.9099349600840099,0.09983884342778465,1.624839335514621,0.07925906398863766,0.0,0.0,0.9483167244096493,0.9524022789885315,1.5793440408627855,1.6703655271583424
empirical,none,0.9,2,13,0.99,26,erratic,1777,0.9344349091741656,0.9242594771576201,0.0879862122247645,2.8504470765242913,0.3187759874728626,0.0,0.0,0.9261537041901224,0.9417235066949284,2.6169088514742262,3.1070357841694287
empirical,none,0.9,2,13,0.99,26,intermittent,10285,0.8838052108520991,0.8984796924028815,0.15178305944853013,1.8367179632706068,0.3100583121978712,0.0,0.0,0.8774612545361564,0.891539443636534,1.733046629221548,1.9394488249670012
empirical,none,0.9,2,13,0.99,26,lumpy,2217,0.8510098258232078,0.8994341247385902,0.1460125621409222,2.263303910350715,0.29023865308124014,0.0,0.0,0.8357930881986377,0.8643950317989383,2.087744134900862,2.4703191450040536
empirical,quantile,0.9,2,13,0.99,26,all,30381,0.9348970170572861,0.9060896313784632,0.11663619200523272,1.7758909854247311,0.1422541269252731,4.6803577443341094e-05,0.0006912214871136566,0.932495127553495,0.9371410149508246,1.7328087787871163,1.819395155011565
empirical,quantile,0.9,2,13,0.99,26,smooth,16102,0.9503315503443053,0.9099349600840099,0.09983884342778465,1.624839335514621,0.07925906398863766,0.0,0.0,0.9483167244096493,0.9524022789885315,1.5793440408627855,1.6703655271583424
empirical,quantile,0.9,2,13,0.99,26,erratic,1777,0.9344349091741656,0.9242594771576201,0.0879862122247645,2.8504470765242913,0.3187759874728626,0.0,0.0,0.9261537041901224,0.9417235066949284,2.6169088514742262,3.1070357841694287
empirical,quantile,0.9,2,13,0.99,26,intermittent,10285,0.8837007652121134,0.8983692049321607,0.15194824931776585,1.8337235264789404,0.3092584162493768,0.0002808208244899407,0.0018473505104521148,0.8773509992018462,0.8914429978448742,1.7310557507202047,1.9381701106856621
empirical,quantile,0.9,2,13,0.99,26,lumpy,2217,0.8509644199858334,0.8994136220117276,0.14604233024737295,2.2629542854029316,0.29023865308124014,4.540583737445286e-05,0.0009021199819576004,0.8357434826055847,0.8643502749742351,2.0871018930298404,2.4696258383438687
empirical,fixed,0.9,2,13,0.99,26,all,30381,0.9308046391705962,0.9017552836551552,0.1220194294548752,1.7083738898231093,0.11821863363063917,0.020465855838317913,0.06332905434317501,0.9283914332677298,0.9331838414083307,1.6687667270772286,1.7479024534753007
empirical,fixed,0.9,2,13,0.99,26,smooth,16102,0.9482411920917145,0.9075834735380134,0.10244551186769515,1.5888518012222403,0.06562366431436752,0.010549636890072841,0.03061731461930195,0.9460542146780866,0.9502165009613482,1.5427990997555274,1.6338066324134624
empirical,fixed,0.9,2,13,0.99,26,erratic,1777,0.9331122822367318,0.9220084923517675,0.0906011351142543,2.7577936865517256,0.29278135975043845,0.025700256348404876,0.05852560495216657,0.924747863016436,0.9408326990093698,2.5256773488038506,2.99621902092803
empirical,fixed,0.9,2,13,0.99,26,intermittent,10285,0.8708835115806567,0.8913112653025147,0.16250057816454233,1.6594687855336876,0.24665842925581496,0.05557788984335125,0.09829849295089937,0.8635182275849341,0.8790291989482409,1.5677116544301135,1.7444139222766222
empirical,fixed,0.9,2,13,0.99,26,lumpy,2217,0.8393042009480739,0.8916430885307746,0.1573244425922067,2.087642347300169,0.23205107248587883,0.053192938484171524,0.14253495714930087,0.8227159590830321,0.8548333912528918,1.9307901381548926,2.281700734103326
empirical,dead13,0.9,2,13,0.99,26,all,30381,0.9256281635053627,0.897549604866678,0.1272428607530958,1.6811607033356037,0.10749845667186583,0.011215089092592867,0.060070438761067775,0.9231433435079984,0.9284032882235559,1.6415467430500148,1.7190554565970837
empirical,dead13,0.9,2,13,0.99,26,smooth,16102,0.9453429521991351,0.9049440498639356,0.10537136419820693,1.5803108389585467,0.0658480540404893,0.0058753241409405105,0.031176251397341946,0.9432139365541061,0.9473038668909158,1.5392612889664024,1.6244433048375055
empirical,dead13,0.9,2,13,0.99,26,erratic,1777,0.9219895416392397,0.9182227451782883,0.09499895997385077,2.768536197457776,0.2827882693007453,0.02190613641660091,0.04727068092290377,0.9114096647529719,0.9306009842039864,2.5245708697642435,3.0076706776860282
empirical,dead13,0.9,2,13,0.99,26,intermittent,10285,0.8591540691430136,0.8851107084456623,0.17177103362604978,1.5246343909932385,0.18629121415100475,0.027956944748256447,0.09946524064171124,0.8516961204008211,0.8672264827171028,1.4627835360286128,1.5921099009490853
empirical,dead13,0.9,2,13,0.99,26,lumpy,2217,0.8301685464683339,0.884979702300406,0.16699907718870002,2.083869122214352,0.2209629669990374,0.021331662398517953,0.09742895805142084,0.8149899561784979,0.8443657617590105,1.9237775292397084,2.287731262356726
empirical,dead26,0.9,2,13,0.99,26,all,30381,0.9320213735279284,0.9034623912672693,0.11989921063194042,1.7395960010388807,0.12713600024877292,0.0017526749831070817,0.009512524275040322,0.9297090806765693,0.9343485494269461,1.6988573959530249,1.7811989400779937
empirical,dead26,0.9,2,13,0.99,26,smooth,16102,0.9490975597344278,0.9085968993123383,0.10132210974293179,1.6067597350392833,0.07053429172542681,0.00039727945475524285,0.0034157247546888585,0.9469910652321357,0.9510525986063373,1.5630805690023746,1.6532959001517076
empirical,dead26,0.9,2,13,0.99,26,erratic,1777,0.9341814227132046,0.923568834092188,0.08878851811131251,2.8423947928974727,0.31810138640740176,0.0009914591416621352,0.0061902082160945416,0.9259738763760651,0.9416055005544464,2.6098488941004225,3.0993056020063516
empirical,dead26,0.9,2,13,0.99,26,intermittent,10285,0.8732315678078831,0.8937552481548592,0.15884657825704865,1.7098874548962342,0.26015694435412196,0.00800388616607645,0.017306757413709285,0.866015084303554,0.8814964556168269,1.6145944939610994,1.8009886931345558
empirical,dead26,0.9,2,13,0.99,26,lumpy,2217,0.8431273724550028,0.8950875466437036,0.15232340070848094,2.1886385513721645,0.2667238780217585,0.0028151619172160774,0.02029769959404601,0.8262597450682103,0.857728771014447,2.021886917335252,2.3974381248280863
empirical,none,0.9,2,13,0.95,13,all,30381,0.934915421175874,0.9061285312889934,0.11658787851759354,1.7763853581274889,0.14238292402414937,0.0,0.0,0.9325122172251232,0.9371610925369427,1.7332465591552373,1.8198429672328362
empirical,none,0.9,2,13,0.95,13,smooth,16102,0.9503315503443053,0.9099349600840099,0.09983884342778465,1.624839335514621,0.07925906398863766,0.0,0.0,0.9483167244096493,0.9524022789885315,1.5793440408627855,1.6703655271583424
empirical,none,0.9,2,13,0.95,13,erratic,1777,0.9344349091741656,0.9242594771576201,0.0879862122247645,2.8504470765242913,0.3187759874728626,0.0,0.0,0.9261537041901224,0.9417235066949284,2.6169088514742262,3.1070357841694287
empirical,none,0.9,2,13,0.95,13,intermittent,10285,0.8838052108520991,0.8984796924028815,0.15178305944853013,1.8367179632706068,0.3100583121978712,0.0,0.0,0.8774612545361564,0.891539443636534,1.733046629221548,1.9394488249670012
empirical,none,0.9,2,13,0.95,13,lumpy,2217,0.8510098258232078,0.8994341247385902,0.1460125621409222,2.263303910350715,0.29023865308124014,0.0,0.0,0.8357930881986377,0.8643950317989383,2.087744134900862,2.4703191450040536
empirical,quantile,0.9,2,13,0.95,13,all,30381,0.9348908294656919,0.9060791583256281,0.11664919948267403,1.775697424867169,0.14202306004327825,5.3784450011161465e-05,0.000822882722754353,0.932487208742443,0.9371325095666628,1.7326238741428905,1.8191970987836446
empirical,quantile,0.9,2,13,0.95,13,smooth,16102,0.9503315503443053,0.9099349600840099,0.09983884342778465,1.624839335514621,0.07925906398863766,0.0,0.0,0.9483167244096493,0.9524022789885315,1.5793440408627855,1.6703655271583424
empirical,quantile,0.9,2,13,0.95,13,erratic,1777,0.9344349091741656,0.9242594771576201,0.0879862122247645,2.8504470765242913,0.3187759874728626,0.0,0.0,0.9261537041901224,0.9417235066949284,2.6169088514742262,3.1070357841694287
empirical,quantile,0.9,2,13,0.95,13,intermittent,10285,0.8836633224355147,0.8983426879391877,0.1519878948863824,1.8325608297319294,0.30783204352821314,0.0003231902822200019,0.0021390374331550803,0.8773318266771146,0.8914133355317043,1.7302817565760251,1.937410241587985
empirical,quantile,0.9,2,13,0.95,13,lumpy,2217,0.8509598794020959,0.8993931192848649,0.1460720983538237,2.2627726620534334,0.29019869594435066,4.9946421111898146e-05,0.0013531799729364006,0.8357388681698198,0.8643501667308521,2.0867811998432577,2.469315285344926
empirical,fixed,0.9,2,13,0.95,13,all,30381,0.9271003343361991,0.8975885047772082,0.1271945472654566,1.6487669161218015,0.09725716757124496,0.037700360958708615,0.11872551923899806,0.9246696769848098,0.9294637371719743,1.6135958821132648,1.6853646015782338
empirical,fixed,0.9,2,13,0.95,13,smooth,16102,0.9461043134851586,0.9051670599925475,0.10512415314568241,1.5572756195561084,0.059329220176904014,0.019805003274989238,0.06197987827599056,0.9439613318387419,0.9481907915977259,1.513226586710261,1.5990622503370238
empirical,fixed,0.9,2,13,0.95,13,erratic,1777,0.9270102089627906,0.9149485854606845,0.09880248417674502,2.5568014097118024,0.23440138354545786,0.07932490831558246,0.16488463702870004,0.9178636501229117,0.9349905784136556,2.3599542888046896,2.783329154650127
empirical,fixed,0.9,2,13,0.95,13,intermittent,10285,0.8622874383425856,0.886016705705573,0.17041647669831705,1.5615647927542315,0.1811103162732219,0.08511629923478789,0.16985901798736022,0.8546956879300224,0.870117328394514,1.4855603815473533,1.63335247846558
empirical,fixed,0.9,2,13,0.95,13,lumpy,2217,0.8308814181151128,0.8823143478082585,0.17086893102729736,1.9358006865362614,0.19474109591529087,0.09878493979185964,0.2566531348669373,0.8145082720334113,0.8465993986583575,1.7917705700571913,2.093849212831991
empirical,dead13,0.9,2,13,0.95,13,all,30381,0.9256281635053627,0.897549604866678,0.1272428607530958,1.6811607033356037,0.10749845667186583,0.011215089092592867,0.060070438761067775,0.9231433435079984,0.9284032882235559,1.6415467430500148,1.7190554565970837
empirical,dead13,0.9,2,13,0.95,13,smooth,16102,0.9453429521991351,0.9049440498639356,0.10537136419820693,1.5803108389585467,0.0658480540404893,0.0058753241409405105,0.031176251397341946,0.9432139365541061,0.9473038668909158,1.5392612889664024,1.6244433048375055
empirical,dead13,0.9,2,13,0.95,13,erratic,1777,0.9219895416392397,0.9182227451782883,0.09499895997385077,2.768536197457776,0.2827882693007453,0.02190613641660091,0.04727068092290377,0.9114096647529719,0.9306009842039864,2.5245708697642435,3.0076706776860282
empirical,dead13,0.9,2,13,0.95,13,intermittent,10285,0.8591540691430136,0.8851107084456623,0.17177103362604978,1.5246343909932385,0.18629121415100475,0.027956944748256447,0.09946524064171124,0.8516961204008211,0.8672264827171028,1.4627835360286128,1.5921099009490853
empirical,dead13,0.9,2,13,0.95,13,lumpy,2217,0.8301685464683339,0.884979702300406,0.16699907718870002,2.083869122214352,0.2209629669990374,0.021331662398517953,0.09742895805142084,0.8149899561784979,0.8443657617590105,1.9237775292397084,2.287731262356726
empirical,dead26,0.9,2,13,0.95,13,all,30381,0.9320213735279284,0.9034623912672693,0.11989921063194042,1.7395960010388807,0.12713600024877292,0.0017526749831070817,0.009512524275040322,0.9297090806765693,0.9343485494269461,1.6988573959530249,1.7811989400779937
empirical,dead26,0.9,2,13,0.95,13,smooth,16102,0.9490975597344278,0.9085968993123383,0.10132210974293179,1.6067597350392833,0.07053429172542681,0.00039727945475524285,0.0034157247546888585,0.9469910652321357,0.9510525986063373,1.5630805690023746,1.6532959001517076
empirical,dead26,0.9,2,13,0.95,13,erratic,1777,0.9341814227132046,0.923568834092188,0.08878851811131251,2.8423947928974727,0.31810138640740176,0.0009914591416621352,0.0061902082160945416,0.9259738763760651,0.9416055005544464,2.6098488941004225,3.0993056020063516
empirical,dead26,0.9,2,13,0.95,13,intermittent,10285,0.8732315678078831,0.8937552481548592,0.15884657825704865,1.7098874548962342,0.26015694435412196,0.00800388616607645,0.017306757413709285,0.866015084303554,0.8814964556168269,1.6145944939610994,1.8009886931345558
empirical,dead26,0.9,2,13,0.95,13,lumpy,2217,0.8431273724550028,0.8950875466437036,0.15232340070848094,2.1886385513721645,0.2667238780217585,0.0028151619172160774,0.02029769959404601,0.8262597450682103,0.857728771014447,2.021886917335252,2.3974381248280863
empirical,none,0.9,2,13,0.95,52,all,30381,0.934915421175874,0.9061285312889934,0.11658787851759354,1.7763853581274889,0.14238292402414937,0.0,0.0,0.9325122172251232,0.9371610925369427,1.7332465591552373,1.8198429672328362
empirical,none,0.9,2,13,0.95,52,smooth,16102,0.9503315503443053,0.9099349600840099,0.09983884342778465,1.624839335514621,0.07925906398863766,0.0,0.0,0.9483167244096493,0.9524022789885315,1.5793440408627855,1.6703655271583424
empirical,none,0.9,2,13,0.95,52,erratic,1777,0.9344349091741656,0.9242594771576201,0.0879862122247645,2.8504470765242913,0.3187759874728626,0.0,0.0,0.9261537041901224,0.9417235066949284,2.6169088514742262,3.1070357841694287
empirical,none,0.9,2,13,0.95,52,intermittent,10285,0.8838052108520991,0.8984796924028815,0.15178305944853013,1.8367179632706068,0.3100583121978712,0.0,0.0,0.8774612545361564,0.891539443636534,1.733046629221548,1.9394488249670012
empirical,none,0.9,2,13,0.95,52,lumpy,2217,0.8510098258232078,0.8994341247385902,0.1460125621409222,2.263303910350715,0.29023865308124014,0.0,0.0,0.8357930881986377,0.8643950317989383,2.087744134900862,2.4703191450040536
empirical,quantile,0.9,2,13,0.95,52,all,30381,0.9348908294656919,0.9060791583256281,0.11664919948267403,1.775697424867169,0.14202306004327825,5.3784450011161465e-05,0.000822882722754353,0.932487208742443,0.9371325095666628,1.7326238741428905,1.8191970987836446
empirical,quantile,0.9,2,13,0.95,52,smooth,16102,0.9503315503443053,0.9099349600840099,0.09983884342778465,1.624839335514621,0.07925906398863766,0.0,0.0,0.9483167244096493,0.9524022789885315,1.5793440408627855,1.6703655271583424
empirical,quantile,0.9,2,13,0.95,52,erratic,1777,0.9344349091741656,0.9242594771576201,0.0879862122247645,2.8504470765242913,0.3187759874728626,0.0,0.0,0.9261537041901224,0.9417235066949284,2.6169088514742262,3.1070357841694287
empirical,quantile,0.9,2,13,0.95,52,intermittent,10285,0.8836633224355147,0.8983426879391877,0.1519878948863824,1.8325608297319294,0.30783204352821314,0.0003231902822200019,0.0021390374331550803,0.8773318266771146,0.8914133355317043,1.7302817565760251,1.937410241587985
empirical,quantile,0.9,2,13,0.95,52,lumpy,2217,0.8509598794020959,0.8993931192848649,0.1460720983538237,2.2627726620534334,0.29019869594435066,4.9946421111898146e-05,0.0013531799729364006,0.8357388681698198,0.8643501667308521,2.0867811998432577,2.469315285344926
empirical,fixed,0.9,2,13,0.95,52,all,30381,0.9318565297416109,0.9031706419382928,0.12026156178923426,1.7257219927789218,0.12333282087382438,0.015522446123132756,0.044073598630723146,0.9294315152871939,0.9341508240699913,1.6846369288582312,1.7661925595546897
empirical,fixed,0.9,2,13,0.95,52,smooth,16102,0.9488765334517382,0.9083484829665428,0.10159748407992114,1.5982611434266194,0.06784161501196534,0.007886619632331952,0.02123959756551981,0.9467018743730313,0.9508618544497585,1.552792791991535,1.6433472140959224
empirical,fixed,0.9,2,13,0.95,52,erratic,1777,0.9340035733414013,0.9232618816186627,0.08914509850533385,2.81107899374052,0.3092686097903013,0.011564297658521029,0.024760832864378166,0.9258149187962442,0.9415074731625789,2.578806869018457,3.048016223666619
empirical,fixed,0.9,2,13,0.95,52,intermittent,10285,0.8733971042938982,0.8935386927122464,0.15917035040075062,1.6873153726246004,0.25534456222496804,0.047215341290908694,0.07243558580456977,0.8661176985245566,0.8816849851845051,1.593351356436448,1.7729304793966696
empirical,fixed,0.9,2,13,0.95,52,lumpy,2217,0.8426369894113587,0.8941444212080206,0.15369273360521538,2.1418342142065785,0.25565575110336186,0.03701483862765397,0.09382047812359044,0.8262140566081736,0.8574792377661653,1.9779575583528415,2.3401002939430153
empirical,dead13,0.9,2,13,0.95,52,all,30381,0.9256281635053627,0.897549604866678,0.1272428607530958,1.6811607033356037,0.10749845667186583,0.011215089092592867,0.060070438761067775,0.9231433435079984,0.9284032882235559,1.6415467430500148,1.7190554565970837
empirical,dead13,0.9,2,13,0.95,52,smooth,16102,0.9453429521991351,0.9049440498639356,0.10537136419820693,1.5803108389585467,0.0658480540404893,0.0058753241409405105,0.031176251397341946,0.9432139365541061,0.9473038668909158,1.5392612889664024,1.6244433048375055
empirical,dead13,0.9,2,13,0.95,52,erratic,1777,0.9219895416392397,0.9182227451782883,0.09499895997385077,2.768536197457776,0.2827882693007453,0.02190613641660091,0.04727068092290377,0.9114096647529719,0.9306009842039864,2.5245708697642435,3.0076706776860282
empirical,dead13,0.9,2,13,0.95,52,intermittent,10285,0.8591540691430136,0.8851107084456623,0.17177103362604978,1.5246343909932385,0.18629121415100475,0.027956944748256447,0.09946524064171124,0.8516961204008211,0.8672264827171028,1.4627835360286128,1.5921099009490853
empirical,dead13,0.9,2,13,0.95,52,lumpy,2217,0.8301685464683339,0.884979702300406,0.16699907718870002,2.083869122214352,0.2209629669990374,0.021331662398517953,0.09742895805142084,0.8149899561784979,0.8443657617590105,1.9237775292397084,2.287731262356726
empirical,dead26,0.9,2,13,0.95,52,all,30381,0.9320213735279284,0.9034623912672693,0.11989921063194042,1.7395960010388807,0.12713600024877292,0.0017526749831070817,0.009512524275040322,0.9297090806765693,0.9343485494269461,1.6988573959530249,1.7811989400779937
empirical,dead26,0.9,2,13,0.95,52,smooth,16102,0.9490975597344278,0.9085968993123383,0.10132210974293179,1.6067597350392833,0.07053429172542681,0.00039727945475524285,0.0034157247546888585,0.9469910652321357,0.9510525986063373,1.5630805690023746,1.6532959001517076
empirical,dead26,0.9,2,13,0.95,52,erratic,1777,0.9341814227132046,0.923568834092188,0.08878851811131251,2.8423947928974727,0.31810138640740176,0.0009914591416621352,0.0061902082160945416,0.9259738763760651,0.9416055005544464,2.6098488941004225,3.0993056020063516
empirical,dead26,0.9,2,13,0.95,52,intermittent,10285,0.8732315678078831,0.8937552481548592,0.15884657825704865,1.7098874548962342,0.26015694435412196,0.00800388616607645,0.017306757413709285,0.866015084303554,0.8814964556168269,1.6145944939610994,1.8009886931345558
empirical,dead26,0.9,2,13,0.95,52,lumpy,2217,0.8431273724550028,0.8950875466437036,0.15232340070848094,2.1886385513721645,0.2667238780217585,0.0028151619172160774,0.02029769959404601,0.8262597450682103,0.857728771014447,2.021886917335252,2.3974381248280863
tsb,none,0.5,2,13,0.95,26,all,30381,0.8127357135252978,0.7229099526917242,0.3441444052981314,0.6142714102965015,0.021101432554379015,0.0,0.0,0.8101361948903039,0.8151486909598237,0.6032928977197872,0.6265295408287674
tsb,none,0.5,2,13,0.95,26,smooth,16102,0.8316358500262414,0.7022645408249681,0.3300455306432181,0.5585851784405023,0.010462711533837222,0.0,0.0,0.8286554974702435,0.8345259500934781,0.544778590201027,0.569703044157683
tsb,none,0.5,2,13,0.95,26,erratic,1777,0.7792848411007854,0.7078068245766613,0.3394348200754762,0.7867933553839297,0.05665749481783727,0.0,0.0,0.7691636793534764,0.7898834220719109,0.7364976167500341,0.8592755872993294
tsb,none,0.5,2,13,0.95,26,intermittent,10285,0.7621388496396625,0.7517921067750917,0.37109573744061425,0.7227805794171145,0.04796124081420303,0.0,0.0,0.7568380672930348,0.7679736085744431,0.6950447232366522,0.7473828720296142
tsb,none,0.5,2,13,0.95,26,lumpy,2217,0.7272652972266115,0.7509738795259769,0.3615634209507933,0.8887466172651157,0.039527597667956195,0.0,0.0,0.7181859945471096,0.7373198251003954,0.8322619185716239,0.9540080432380973
tsb,quantile,0.5,2,13,0.95,26,all,30381,0.8085395744872589,0.7189930309314134,0.3490092018611842,0.5731293205056627,0.018662315679182577,0.0076416756188424535,0.09624436325334913,0.805921623554378,0.8112377667479082,0.5630595182710127,0.5838060489880496
tsb,quantile,0.5,2,13,0.95,26,smooth,16102,0.8282232653750315,0.6986427434197897,0.3340603633063696,0.5268218233314208,0.009859213683710953,0.006056819043030454,0.08061110421065706,0.8250786265557427,0.831284113582021,0.5164180649629552,0.5357375217989523
tsb,quantile,0.5,2,13,0.95,26,erratic,1777,0.7744931292903605,0.704379188622295,0.3434166344753811,0.7372817256704103,0.05466067566407319,0.011321032425824546,0.12042768711311198,0.7632244557004468,0.7851339519661623,0.6881507702080135,0.8079580980513674
tsb,quantile,0.5,2,13,0.95,26,intermittent,10285,0.7551084756651513,0.7474035444380607,0.37765707904665624,0.6477501817945337,0.03717456807786521,0.012043764693826474,0.10870199319397181,0.7495310622405918,0.7616597652161573,0.6277298869824036,0.6655150148801856
tsb,quantile,0.5,2,13,0.95,26,lumpy,2217,0.721162752683485,0.7467093123385411,0.36775518709254906,0.8273760874698052,0.03641094099057375,0.012132439746453803,0.13261163734776726,0.7123638888737527,0.7309780500607389,0.7846758208893301,0.8757905807059173
tsb,fixed,0.5,2,13,0.95,26,all,30381,0.8125719803323435,0.7227857722081086,0.34429863681636413,0.6134987546281996,0.021082235154817507,0.00027542715403945813,0.007010960797867088,0.8098908529400546,0.8149908101177253,0.6025839597293252,0.6256039762295423
tsb,fixed,0.5,2,13,0.95,26,smooth,16102,0.8316043996460959,0.702222197129662,0.3300924694506595,0.5584591585145023,0.010459348090404991,4.0623407688001746e-05,0.0034157247546888585,0.8286298821273629,0.8344977112872498,0.5446670595463575,0.5695172562055831
tsb,fixed,0.5,2,13,0.95,26,erratic,1777,0.7792541774159917,0.7076789277126925,0.33958339523965175,0.7851824898094354,0.05654506130692713,0.00024122098704357106,0.0061902082160945416,0.7691097718934241,0.7898506979006817,0.735964924455285,0.8585104402191994
tsb,fixed,0.5,2,13,0.95,26,intermittent,10285,0.7613426979688279,0.7516109073231095,0.3713666488261608,0.7197102717360244,0.047911382801153236,0.0012809370941646418,0.010403500243072435,0.7558237693008533,0.7674723860436748,0.6925204757448802,0.7437147931650193
tsb,fixed,0.5,2,13,0.95,26,lumpy,2217,0.7269701592836775,0.7505228195349982,0.3622183192927098,0.8869803301912494,0.039527597667956195,0.0005993570533427778,0.018042399639152006,0.717919971822157,0.7368924868398694,0.8305435112451578,0.9523698149562354
tsb,dead13,0.5,2,13,0.95,26,all,30381,0.8106955535173523,0.7205295773973566,0.3471008190994366,0.6040647399775692,0.019779255290033836,0.002901821801487148,0.05305947796320069,0.8080014728357707,0.8132529858180759,0.5924633669364752,0.6170247908299337
tsb,dead13,0.5,2,13,0.95,26,smooth,16102,0.830361236008676,0.700621605447093,0.33186675637194313,0.5537206345725729,0.010369496101572498,0.0018629982127884672,0.029623649236119737,0.8271961651743905,0.833326757966422,0.5402315521024983,0.5641549566468258
tsb,dead13,0.5,2,13,0.95,26,erratic,1777,0.7760896851452845,0.7058116334987465,0.34175259263661484,0.780288565716365,0.05582998417753865,0.0037552792643986443,0.04501969611705121,0.7649581813385087,0.7868170818443435,0.7282218137313049,0.8547426206980833
tsb,dead13,0.5,2,13,0.95,26,intermittent,10285,0.7574131770984213,0.7483890926768905,0.3761835854130738,0.6878573075490549,0.04093126097418222,0.006786995926620041,0.08546426835196888,0.7517365904402219,0.7636650101173299,0.6638042833834974,0.7074845818053059
tsb,dead13,0.5,2,13,0.95,26,lumpy,2217,0.7242503496249478,0.7476729405010867,0.3663560860893639,0.8731542527107286,0.0378593872028188,0.004699504168255871,0.07938655841226883,0.7152285240010796,0.734462556201273,0.8185533791561975,0.9351028496877919
tsb,dead26,0.5,2,13,0.95,26,all,30381,0.8126121203496084,0.7228560912771439,0.344211300896401,0.6138666783437626,0.021097942118095105,0.0001997481491564964,0.0034231921266581087,0.8099279663321138,0.8150205556988589,0.6028932422612819,0.6261328775311649
tsb,dead26,0.5,2,13,0.95,26,smooth,16102,0.8316264585932813,0.7022447804338252,0.3300674354200241,0.5585500151682562,0.010459348090404991,1.1575487136903723e-05,0.0017389144205688734,0.8286468128952666,0.8345200902862676,0.5447364706840306,0.5696748136816266
tsb,dead26,0.5,2,13,0.95,26,erratic,1777,0.7792582659072975,0.7077045070854863,0.33955368020681664,0.7864846742903401,0.05665749481783727,6.541586089317181e-05,0.0039392234102419805,0.7691254641782795,0.7898506979006817,0.7362290607563899,0.8590240341335219
tsb,dead26,0.5,2,13,0.95,26,intermittent,10285,0.7614392609190034,0.751703716798515,0.3712278893360028,0.7206916666173998,0.04795473759510958,0.0011203272892809212,0.005736509479824988,0.7559122478424658,0.7675331172609101,0.6932444488231803,0.7445569154859104
tsb,dead26,0.5,2,13,0.95,26,lumpy,2217,0.7272062696380247,0.7508713658916636,0.3617122614830471,0.8882062878003597,0.039527597667956195,0.00016800159828547558,0.0045105999097880016,0.7181082691246505,0.737288132212623,0.8317096556725323,0.9536419698618493
tsb,none,0.8,2,13,0.95,26,all,30381,0.8681920825164523,0.8299939256293557,0.21114666488278405,0.8482866003578966,0.029181792551631086,0.0,0.0,0.866008625920597,0.8704406670486544,0.8330660643961978,0.863293187510132
tsb,none,0.8,2,13,0.95,26,smooth,16102,0.8824550778276785,0.816600986890392,0.2033013627900427,0.7615986927125319,0.014769841094770258,0.0,0.0,0.8794156688066063,0.8847249353025947,0.7435066804770739,0.7767450414644864
tsb,none,0.8,2,13,0.95,26,erratic,1777,0.8282710996815065,0.8014529083746866,0.23064808486613378,1.0048693931452353,0.06779290973837743,0.0,0.0,0.8181332485644747,0.8381859524546849,0.944952013520787,1.0885455669153759
tsb,none,0.8,2,13,0.95,26,intermittent,10285,0.8374402147244704,0.8542493481239227,0.21791186790096537,1.0713353867740287,0.06840085842492033,0.0,0.0,0.8324333631902545,0.8426925041011598,1.0319894268585819,1.103940866916061
tsb,none,0.8,2,13,0.95,26,lumpy,2217,0.8020487113823354,0.8376184032476319,0.23576340308992946,1.2748642365462504,0.06231315497920413,0.0,0.0,0.7939990986876075,0.8106535307874505,1.2059969286345875,1.3629732927188882
tsb,quantile,0.8,2,13,0.95,26,all,30381,0.8632442304278148,0.8249474103132639,0.21741441079843613,0.7938308759868614,0.025533937591316558,0.00968945112413467,0.12672393930417036,0.8610739666044457,0.8654571275765808,0.7820924833545139,0.8058820381261647
tsb,quantile,0.8,2,13,0.95,26,smooth,16102,0.8785456208512525,0.8122226487957454,0.2081548354794799,0.7209879525387555,0.01359647982884004,0.007417484795160835,0.09570239721773692,0.8755376688396224,0.8809953876291299,0.7075399867468524,0.7326851165628769
tsb,quantile,0.8,2,13,0.95,26,erratic,1777,0.8226882648034048,0.7968486212718064,0.2359967907764538,0.9408906369460606,0.0646852474968212,0.014039879144197,0.14012380416432188,0.8115559776386218,0.83292173273806,0.8868671577825296,1.0195543332959283
tsb,quantile,0.8,2,13,0.95,26,intermittent,10285,0.828776153286786,0.8483669951827463,0.226706576539074,0.9670395178946912,0.05405909258416249,0.016223560965708327,0.15780262518230434,0.823879615270266,0.8345330668838195,0.9355882871833109,0.9924740700085577
tsb,quantile,0.8,2,13,0.95,26,lumpy,2217,0.7940482028369568,0.8312420551933407,0.2450212841961123,1.1833987177391525,0.05530067745509363,0.017149784776330845,0.19711321605773569,0.786020673810979,0.8038010011855864,1.1298731412139693,1.2495343478371552
tsb,fixed,0.8,2,13,0.95,26,all,30381,0.8679456894460471,0.8296498110362038,0.2115740534272845,0.8469405612018651,0.029116870436750358,0.00042789575716844385,0.01645765445508706,0.865697560784314,0.8702041154148541,0.8318242539628402,0.861828763870968
tsb,fixed,0.8,2,13,0.95,26,smooth,16102,0.8823978556082471,0.8164824245435349,0.20343279145087853,0.7613564811043276,0.014763114207905794,8.168362621135835e-05,0.006520929077133275,0.8793518056888784,0.8846569819266052,0.7433157518336357,0.7765278205070919
tsb,fixed,0.8,2,13,0.95,26,erratic,1777,0.8282015953293075,0.801171535273955,0.23097495022732,1.0026922715248845,0.06749608526957467,0.0003352562870775055,0.010129431626336522,0.8180767228817956,0.838129363891692,0.9440074514527282,1.0873477308561925
tsb,fixed,0.8,2,13,0.95,26,intermittent,10285,0.8363395941597151,0.8536836522738321,0.21875764003145215,1.0662441544928376,0.06818191671544081,0.0018238573548451937,0.027807486631016044,0.831431083054501,0.8416438854076334,1.026456387969448,1.0991917326873502
tsb,fixed,0.8,2,13,0.95,26,lumpy,2217,0.801413029659093,0.8366137696313609,0.23722204030601612,1.2696743493343505,0.06226320855809223,0.001398499791133148,0.041046459179070814,0.7934766510035988,0.8098992201621074,1.200486515263351,1.3565758385890145
tsb,dead13,0.8,2,13,0.95,26,all,30381,0.8658051000668419,0.8269313057503045,0.21495042292883795,0.8349466288493761,0.027406207614005976,0.0035432687967530056,0.05895131825812185,0.8635202251135534,0.8680827082375152,0.8199258047773748,0.8490633715090331
tsb,dead13,0.8,2,13,0.95,26,smooth,16102,0.8810050842597181,0.8146955206016192,0.20541360912490417,0.7553407222798205,0.01459013711710527,0.002193008798899062,0.031114147310893056,0.8781246555443737,0.8833994005982504,0.7376057984133587,0.7700863181920862
tsb,dead13,0.8,2,13,0.95,26,erratic,1777,0.8247590856498044,0.7989461298408963,0.23356015808397468,0.9964552780378512,0.06656963313967512,0.004297004362420223,0.04727068092290377,0.8138240571225084,0.8351721358746433,0.9345893033706505,1.0803848517166021
tsb,dead13,0.8,2,13,0.95,26,intermittent,10285,0.83169176318035,0.849538162372387,0.2249555639251756,1.0258798559832571,0.05943075155535323,0.008677856144852308,0.09742343218279047,0.8267041050732868,0.837202959769461,0.9907540176590305,1.0556153209798707
tsb,dead13,0.8,2,13,0.95,26,lumpy,2217,0.798171052870557,0.833353836060196,0.24195516923168517,1.251344012786284,0.05928640185982311,0.0062796273088868305,0.09201623815967523,0.7893520594315755,0.8069609804016993,1.184732961931395,1.336536638315097
tsb,dead26,0.8,2,13,0.95,26,all,30381,0.8680394552571286,0.82986675284493,0.21130461282314292,0.8476981445316684,0.029164340370211535,0.0002462344142103911,0.005562687205819427,0.8657968088417849,0.8702996633172416,0.8325392118883731,0.8626305776269577
tsb,dead26,0.8,2,13,0.95,26,smooth,16102,0.8824373869888467,0.816538882803943,0.20337020637429004,0.7615272741409514,0.014763114207905794,2.1622136350065445e-05,0.002422059371506645,0.8793965438320474,0.8847129710710675,0.743446579090758,0.7766666935778219
tsb,dead26,0.8,2,13,0.95,26,erratic,1777,0.828236347505407,0.8013250115107178,0.23079666003030933,1.0044094378733301,0.06777941771706822,9.199105438102286e-05,0.004501969611705121,0.8180884492487949,0.8381433122455093,0.9446821890049546,1.0877418585818386
tsb,dead26,0.8,2,13,0.95,26,intermittent,10285,0.8366145029668474,0.8540327926813099,0.21823564004466733,1.0684503223034796,0.06832932301489236,0.001327247896799825,0.010014584346135148,0.8317772837572341,0.8419157608248293,1.0284269197627758,1.1014812034236776
tsb,dead26,0.8,2,13,0.95,26,lumpy,2217,0.8019306562051617,0.8374338787058679,0.2360313160479862,1.2738244428703756,0.06231315497920413,0.00027697560798416247,0.008570139828597204,0.7938515227243322,0.8105706588726997,1.205036363470604,1.3619938580453221
tsb,none,0.9,2,13,0.95,26,all,30381,0.8909292604384274,0.8727987887166321,0.15798324636905559,0.9992673256927683,0.03474659511906909,0.0,0.0,0.8889060908237018,0.8931595509797737,0.9823393917078945,1.016140272773623
tsb,none,0.9,2,13,0.95,26,smooth,16102,0.9032892074307638,0.8630322602499971,0.1518313958036706,0.892522912366355,0.01758552373946767,0.0,0.0,0.9003713921027613,0.9055084196849265,0.8715732733437381,0.9092828936774888
tsb,none,0.9,2,13,0.95,26,erratic,1777,0.8496804844044499,0.8414846267969509,0.1841440584791846,1.1391518015936937,0.0748042634787337,0.0,0.0,0.8399697567635496,0.8592876816986025,1.073370372125068,1.2302079074668064
tsb,none,0.9,2,13,0.95,26,intermittent,10285,0.867519573704135,0.8934061077473815,0.15936857824383346,1.3010497772154792,0.08330623658711062,0.0,0.0,0.8631380511075488,0.8726634646606786,1.2523038354072464,1.339517938943932
tsb,none,0.9,2,13,0.95,26,lumpy,2217,0.8334650102617193,0.8732316398080945,0.184056202184979,1.5170862166040067,0.07877549537768576,0.0,0.0,0.8253325437381654,0.8420466894999888,1.4400804503918467,1.6114123352087277
tsb,quantile,0.9,2,13,0.95,26,all,30381,0.8855677916501465,0.8671298748320571,0.16502400808693454,0.9364167847465396,0.03014759627138904,0.010948070716873736,0.1413054211513775,0.8834927697012168,0.887942053782237,0.9222239799257662,0.9503014582036979
tsb,quantile,0.9,2,13,0.95,26,smooth,16102,0.8991113301960123,0.8582474226804124,0.15713548104454492,0.8465699756761885,0.015963863513212762,0.008226458462238032,0.10166438951683021,0.8962690320240158,0.9014663326689438,0.8301855982194877,0.8592797073097813
tsb,quantile,0.9,2,13,0.95,26,erratic,1777,0.8436479154827077,0.8359083235279071,0.1906219356372389,1.0659943824129456,0.07081512251164197,0.015663010192608826,0.15081598199212154,0.8327530308006753,0.8541562531152719,1.0057938433398603,1.1486718680230987
tsb,quantile,0.9,2,13,0.95,26,intermittent,10285,0.8579302815499733,0.8867724400053034,0.16928657799274485,1.177593060079891,0.06620493811103162,0.01890071949251243,0.18279047156052503,0.853457701609878,0.8635021384210914,1.138246362322966,1.2101311162921906
tsb,quantile,0.9,2,13,0.95,26,lumpy,2217,0.8244701138778401,0.8655431172345922,0.19521924210400976,1.405115421638606,0.06853647904974665,0.02040992389981656,0.22913847541723048,0.8155163385395136,0.8336029186967977,1.339266562346215,1.4874871862492096
tsb,fixed,0.9,2,13,0.95,26,all,30381,0.8906203568273013,0.8722856091277144,0.15862061276368014,0.9974110482145069,0.034639787768781446,0.0005656093341881729,0.022909055001481188,0.8886847248473692,0.892864397519996,0.9807595012809304,1.014036046078895
tsb,fixed,0.9,2,13,0.95,26,smooth,16102,0.9032086158316409,0.8628459479906505,0.15203792655641263,0.8921861312122963,0.017575433409170973,0.00011684689845742437,0.008446155757048815,0.9003073941839205,0.9054227462616437,0.871287664734932,0.908868086658681
tsb,fixed,0.9,2,13,0.95,26,erratic,1777,0.8495946260870276,0.8411520949506318,0.18453035390604106,1.136627158212348,0.0743995028394572,0.0003965836566648541,0.010692177827799663,0.8398721177169934,0.8592353145058677,1.0718814263534093,1.2287140022624272
tsb,fixed,0.9,2,13,0.95,26,intermittent,10285,0.8662011938333718,0.8925089494851284,0.16070991998202735,1.2940647287073768,0.08291170796210791,0.002349041563452697,0.04103062712688381,0.8619233316082663,0.8718457054425127,1.2455093148125507,1.3330624475258521
tsb,fixed,0.9,2,13,0.95,26,lumpy,2217,0.8325659746817051,0.8719809734694715,0.18587205667847467,1.508758786029532,0.07864563468279483,0.0020523438493252693,0.05367613892647722,0.8242943130160502,0.8411150550973807,1.4313329428556454,1.6022736987253783
tsb,dead13,0.9,2,13,0.95,26,all,30381,0.8883577608343539,0.8693696119883539,0.16224226612555562,0.9840850384511222,0.032697709020413815,0.0039061155140849417,0.06000460814324742,0.8862960035212327,0.890675163718157,0.9679179456271285,1.0003758387505666
tsb,dead13,0.9,2,13,0.95,26,smooth,16102,0.9017479203982143,0.8609545962669798,0.15413452662212695,0.8854701646187154,0.01735152417496807,0.0023751589172420376,0.031176251397341946,0.8989168601507721,0.9039452413381844,0.865337632639254,0.9012172982711817
tsb,dead13,0.9,2,13,0.95,26,erratic,1777,0.8460110634574736,0.8386964751624291,0.18738299705821174,1.1295356700423975,0.07336061719864752,0.0046036412103569666,0.04727068092290377,0.8354495261832826,0.856153759474034,1.062286790126864,1.2186755962966354
tsb,dead13,0.9,2,13,0.95,26,intermittent,10285,0.8612252458906553,0.8880629336633226,0.1673571603200719,1.2493284933617899,0.0731677180204201,0.00976074065753457,0.09927078269324259,0.8566849795538314,0.866649640817427,1.206280958875079,1.2858537344271013
tsb,dead13,0.9,2,13,0.95,26,lumpy,2217,0.8290697252038722,0.8683519908147783,0.1911410115202572,1.4889073539294213,0.0749296209520696,0.007205906391325669,0.09742895805142084,0.8200276567794094,0.8376565748385166,1.410968717012635,1.5800713951399796
tsb,dead26,0.9,2,13,0.95,26,all,30381,0.8907604502472419,0.8726267314200562,0.1581969406413058,0.9985633681567815,0.034720765890568155,0.0002720953739502711,0.006385569928573779,0.8888203310603033,0.8930024309814123,0.9817482233063178,1.0154316120798768
tsb,dead26,0.9,2,13,0.95,26,smooth,16102,0.90326605645649,0.8629475728593851,0.15192527341855336,0.8924250667392355,0.017575433409170973,2.7519082627356023e-05,0.0024841634579555335,0.9003516163696162,0.905484961836541,0.8714892584324093,0.9091796568176407
tsb,dead26,0.9,2,13,0.95,26,erratic,1777,0.8496395994913917,0.8413311505601883,0.1843223486761953,1.1386284747065485,0.0747907714574245,0.00010425652829849257,0.004501969611705121,0.8399119243356111,0.8592597923202345,1.0730637871725717,1.229299070486811
tsb,dead26,0.9,2,13,0.95,26,intermittent,10285,0.866626859083125,0.8931144208246785,0.1598046794986157,1.2976503672348116,0.08319784960221975,0.0014435175715009233,0.012056392805055906,0.862419060513418,0.8722233575367765,1.2488164030260709,1.3365811173080455
tsb,dead26,0.9,2,13,0.95,26,lumpy,2217,0.833319711582121,0.8729651043588798,0.18444318756883873,1.5158012314063096,0.07877549537768576,0.00033146261283350587,0.009923319801533603,0.8251692612553361,0.8418707896134541,1.438939920720904,1.6100120947660383
tsb,none,0.95,2,13,0.95,26,all,30381,0.9064544037168704,0.9011867465012523,0.12272554965883245,1.1385752388132708,0.04023181573923395,0.0,0.0,0.9045206904140406,0.9086820837679958,1.1205624047200191,1.1577324166754566
tsb,none,0.95,2,13,0.95,26,smooth,16102,0.9174805362551901,0.8938782308239519,0.11763803920955049,1.0131790197134913,0.020211412076203396,0.0,0.0,0.914752899939829,0.9196371397391667,0.9895230544927744,1.0328435831204266
tsb,none,0.95,2,13,0.95,26,erratic,1777,0.8650286807665104,0.8679336982657185,0.15341871452767955,1.2612177980203525,0.0811095347705743,0.0,0.0,0.8553211073555771,0.8748175055544296,1.190686857543334,1.3611492901251352
tsb,none,0.95,2,13,0.95,26,intermittent,10285,0.8876155060391258,0.9188756794979449,0.12128900958762001,1.5148992690775873,0.09888144631592638,0.0,0.0,0.8834660883968278,0.8926912678496396,1.4570571605993898,1.5601548664699592
tsb,none,0.95,2,13,0.95,26,lumpy,2217,0.8560498737717721,0.8988600483864354,0.1468460691215432,1.7389573003505332,0.09538767503950309,0.0,0.0,0.8475038628266234,0.8644842728884012,1.6511596549467993,1.849155464211681
tsb,quantile,0.95,2,13,0.95,26,all,30381,0.9007635646683443,0.8950196145318097,0.13038509566070552,1.0682188319508825,0.034684814396843885,0.012058664079936068,0.15032421579276523,0.8987343433500774,0.9030273618246288,1.0529521539711635,1.0841863805392165
tsb,quantile,0.95,2,13,0.95,26,smooth,16102,0.9130953922790627,0.8888365081695103,0.12322688654890242,0.9625816918164145,0.018143374857299357,0.008923390150046706,0.10557694696311017,0.9102219055379672,0.9154106693813905,0.943926827476836,0.9780269592406693
tsb,quantile,0.95,2,13,0.95,26,erratic,1777,0.8586669882946494,0.8617690694224178,0.16058003744094138,1.179995829738868,0.07629288316318394,0.017063318464853285,0.15475520540236354,0.847693875348686,0.8696654670687739,1.1136195696487265,1.2710424761989716
tsb,quantile,0.95,2,13,0.95,26,intermittent,10285,0.8772586369646914,0.9115039554514518,0.1323104776630259,1.3739508632530677,0.07905313129999349,0.02131380791067336,0.19708313077297035,0.8727501439102826,0.8827516940401139,1.326810553116723,1.4109610667542818
tsb,quantile,0.95,2,13,0.95,26,lumpy,2217,0.8462058882289907,0.8901053840160742,0.15955705057601285,1.6072485878784577,0.08170235565484299,0.02347481792259213,0.2548488949030221,0.8372124959697079,0.8553623393764959,1.5339928500065843,1.704753809311043
tsb,fixed,0.95,2,13,0.95,26,all,30381,0.9060802924097131,0.9004805635100885,0.12360262528058986,1.1361065484233777,0.04005834105592361,0.000729183870947782,0.029097133076593923,0.9041063709770483,0.9083150331374856,1.1183423339524288,1.1550015560439773
tsb,fixed,0.95,2,13,0.95,26,smooth,16102,0.9173752648438697,0.8936382832172175,0.11790402578505156,1.012724299633887,0.020197958302474468,0.00015943595490452297,0.01043348652341324,0.914667702992847,0.9195314100627385,0.9891292494208841,1.032303911079962
tsb,fixed,0.95,2,13,0.95,26,erratic,1777,0.8649244242382118,0.8676267457921931,0.1537752949217009,1.2583722080714994,0.08062382200344251,0.0004619995175580259,0.011254924029262802,0.8552047504349151,0.8747224197340268,1.1880085691209872,1.3595489248422958
tsb,fixed,0.95,2,13,0.95,26,intermittent,10285,0.8860655721551866,0.9175630883457816,0.12325146523414011,1.5055809443856525,0.09818343413322927,0.0029668473773305664,0.05308701993193972,0.8816804410331955,0.8912781103390272,1.4475918210253944,1.5503679107170354
tsb,fixed,0.95,2,13,0.95,26,lumpy,2217,0.8549056466699358,0.8972608356911469,0.14916798142470158,1.7270201057047896,0.09499809295483028,0.002856027170853085,0.06765899864682003,0.8462220548551025,0.8634308626766036,1.6374429127967511,1.8355163127278311
tsb,dead13,0.95,2,13,0.95,26,all,30381,0.9037369404136516,0.8974837742488577,0.12732462203986977,1.1217513359248237,0.037907534217778156,0.004209783470785128,0.060103354069977945,0.9017120594491597,0.9060606257081716,1.1041526013314145,1.1402563647027748
tsb,dead13,0.95,2,13,0.95,26,smooth,16102,0.9158713251377428,0.8916678899289755,0.12008824495798977,1.0054487783602164,0.01991831200568029,0.002527169087945528,0.031176251397341946,0.9131221378459464,0.9181035626915185,0.982509633489121,1.0239970715403144
tsb,dead13,0.95,2,13,0.95,26,erratic,1777,0.8612243396064418,0.8650176497672277,0.15680622827088225,1.2504998180621367,0.07941403742604941,0.0048734816365412995,0.04727068092290377,0.8503141069748038,0.8718575062439421,1.1774700592739098,1.3514825789603266
tsb,dead13,0.95,2,13,0.95,26,intermittent,10285,0.8808876302860825,0.9130861360321739,0.12994495873557066,1.4575901434846612,0.08765255468123387,0.010667249985712625,0.09946524064171124,0.8761465314141786,0.8862919999821222,1.406390346026342,1.5012781072816277
tsb,dead13,0.95,2,13,0.95,26,lumpy,2217,0.8511869085889682,0.8933653175872391,0.1548239216503438,1.7060789335076918,0.09047294720209231,0.007959643291741586,0.09788001804239964,0.8417210152684607,0.8599482371042307,1.6164364397956934,1.8086426567761522
tsb,dead26,0.95,2,13,0.95,26,all,30381,0.9062684586566548,0.9009638200909061,0.12300242310722621,1.1377402312604425,0.040188534329313456,0.00029748036510598156,0.007175537342417959,0.9042911427785026,0.9085090272777354,1.1198417051028653,1.1568908038707344
tsb,dead26,0.95,2,13,0.95,26,smooth,16102,0.9174532355779804,0.8937737830421969,0.11775382160123918,1.0130578047066805,0.020197958302474468,3.2760812651614314e-05,0.0026704757173021984,0.9147284526432524,0.9196122487739908,0.989419755942578,1.032719550516565
tsb,dead26,0.95,2,13,0.95,26,erratic,1777,0.8649837073621462,0.8677802220289559,0.15359700472469023,1.2606065685701318,0.08108255072795587,0.00011856624786887391,0.004501969611705121,0.8552571015472019,0.8747629306718979,1.1901573760438433,1.3603891446577485
tsb,dead26,0.95,2,13,0.95,26,intermittent,10285,0.8866508618735971,0.9184735051045212,0.12189030071163795,1.5109658068622756,0.09869502070191412,0.0015509192201654972,0.013417598444336412,0.8822253594303647,0.8919445517639089,1.452791539500206,1.5561064333975623
tsb,dead26,0.95,2,13,0.95,26,lumpy,2217,0.8558410069198497,0.8985525074834952,0.14729259071830442,1.7370638769320186,0.09534771790261357,0.0004222742875824116,0.013080739738385205,0.8472754145457142,0.8643423519670159,1.6487398587019881,1.8479220867840789
tsb,none,0.99,2,13,0.95,26,all,30381,0.9286650017285593,0.9384812876468845,0.07640592249030013,1.4323538375839706,0.053189711399622114,0.0,0.0,0.9267381270678677,0.9307849742230323,1.4085610936384492,1.4547505084351244
tsb,none,0.99,2,13,0.95,26,smooth,16102,0.9378182303438947,0.934886688271361,0.0721793688295026,1.2673738779694672,0.026137318911878,0.0,0.0,0.9353679600862405,0.939812336263847,1.238601472901382,1.2919139177830286
tsb,none,0.99,2,13,0.95,26,erratic,1777,0.888882983290336,0.9075817260960761,0.10736041363325706,1.513763905981054,0.09503779810212233,0.0,0.0,0.8788213182605638,0.8984242081594201,1.4321060618987167,1.6281333908861397
tsb,none,0.99,2,13,0.95,26,intermittent,10285,0.9151773309606437,0.9508419145268927,0.07349627662034743,1.969256524403822,0.1369469554095944,0.0,0.0,0.9108928101698802,0.9203489385425049,1.892737670753156,2.0295177220367275
tsb,none,0.99,2,13,0.95,26,lumpy,2217,0.8888873753609764,0.9320129577233772,0.09871104099068258,2.207282188198115,0.13668337601482047,0.0,0.0,0.8804015666822717,0.8971380325240828,2.100257495271956,2.3493230917501924
tsb,quantile,0.99,2,13,0.95,26,all,30381,0.9223244655626417,0.9314643422473975,0.08512093237598299,1.344807032023325,0.04486292660072598,0.014486103859200877,0.17741351502583852,0.920439522141592,0.9245003147018059,1.3256672889437988,1.3641669128631506
tsb,quantile,0.99,2,13,0.95,26,smooth,16102,0.9330063221816255,0.9293537787513692,0.07831270633517438,1.2064451001945773,0.022797419583671222,0.010422306531566899,0.12023351136504783,0.9303801155236316,0.9352483301890239,1.1826910227276066,1.2286730728975035
tsb,quantile,0.99,2,13,0.95,26,erratic,1777,0.8818834861747666,0.9007520335601371,0.11529432740023178,1.4150247966997698,0.08800845500002043,0.019904819922400434,0.176702307259426,0.8704646458309319,0.8925141288502744,1.337166810952471,1.5141619738928125
tsb,quantile,0.99,2,13,0.95,26,intermittent,10285,0.9033700469611246,0.9421531798294074,0.08648680793704283,1.7870836215441792,0.10894409399319328,0.026711479758237903,0.23801652892561984,0.8986983852069769,0.9086975729265956,1.7245834118214183,1.8391018533435994
tsb,quantile,0.99,2,13,0.95,26,lumpy,2217,0.877422401423927,0.9218231024726289,0.11350578989670466,2.027266205343359,0.11246935105977224,0.03059899380664378,0.31213351375732973,0.8684418934408962,0.8862441088522832,1.931190570583806,2.1573529876357838
tsb,fixed,0.99,2,13,0.95,26,all,30381,0.9281379458496888,0.9373561825423187,0.07780329720971027,1.4281524628915059,0.052777141830863926,0.0011811953697141507,0.042197426022843224,0.9261774560935127,0.9302712793184414,1.4044767607117479,1.4505589784461173
tsb,fixed,0.99,2,13,0.95,26,smooth,16102,0.9376657833623557,0.9345140637526677,0.07259243033498662,1.2665878368712462,0.026115696775527934,0.00026863866374323737,0.013228170413613216,0.9352425726516397,0.9396576863643079,1.237915804010922,1.291078586333061
tsb,fixed,0.99,2,13,0.95,26,erratic,1777,0.8887133109011444,0.9070445592674068,0.1079844293227944,1.510155812403665,0.09436319703666149,0.0006357603980555135,0.018007878446820485,0.8786716330926249,0.898245006387162,1.4285445148205957,1.624467947846872
tsb,fixed,0.99,2,13,0.95,26,intermittent,10285,0.9130756087899874,0.9487117160913953,0.07668113729921171,1.95302606608453,0.135067525091587,0.004705965816715638,0.08031113271754983,0.9084297370676558,0.918206389756975,1.876744505696054,2.0124725898788602
tsb,fixed,0.99,2,13,0.95,26,lumpy,2217,0.8870348171960988,0.9296141386804445,0.10219390944542017,2.1861911767376814,0.13548466190813493,0.0051217784558382825,0.09517365809652684,0.8783718152975133,0.8952963075598281,2.077173652892255,2.322609925609061
tsb,dead13,0.99,2,13,0.95,26,all,30381,0.9256530725279342,0.9343160049193425,0.08157918208981849,1.4121811783935012,0.050252858310340084,0.004820927132858856,0.060103354069977945,0.9236875130360808,0.9278909297230117,1.3894276678286956,1.4350851391225867
tsb,dead13,0.99,2,13,0.95,26,smooth,16102,0.9360644348399448,0.9325097955081808,0.07481420055387793,1.258257854241029,0.025723134877794523,0.0028285685643403796,0.031176251397341946,0.9336131691291111,0.9381576314454065,1.2300183049999267,1.2822584304452014
tsb,dead13,0.99,2,13,0.95,26,erratic,1777,0.8848619520910589,0.9042564076328848,0.11122336790182154,1.5009546627199097,0.09291055607570249,0.0053620563475871765,0.04727068092290377,0.873452964851051,0.8952313784115079,1.4162953029073826,1.6191534508464356
tsb,dead13,0.99,2,13,0.95,26,intermittent,10285,0.9075547699141377,0.9442391832766164,0.08336802320587283,1.9004495103864292,0.12319698250634063,0.012521652763572514,0.09946524064171124,0.9027311634678374,0.912981577897511,1.8325224856830362,1.9567026877972196
tsb,dead13,0.99,2,13,0.95,26,lumpy,2217,0.8832071051054323,0.9254930905810472,0.10817729884202065,2.165004813018762,0.12933126282714907,0.009553388183584881,0.09788001804239964,0.8738738723040583,0.8920500095692393,2.0555593236808485,2.3043601200467725
tsb,dead26,0.99,2,13,0.95,26,all,30381,0.9284438349931151,0.9381700883626429,0.07679243039141358,1.4312248401023207,0.0530968657944701,0.0003498369093646343,0.008788387479016491,0.9264839867584718,0.9305647245477573,1.4075270883366202,1.4536165344225667
tsb,dead26,0.99,2,13,0.95,26,smooth,16102,0.9377808830174718,0.9347709488375244,0.072307668236509,1.2671954407432247,0.026116177267446822,4.455470520619546e-05,0.0031673084088933053,0.9353348091512348,0.9397780940788117,1.238445752764127,1.2916563284282874
tsb,dead26,0.99,2,13,0.95,26,erratic,1777,0.8888237001664016,0.9073770911137259,0.10759813389593796,1.5129891368786004,0.09499732203819469,0.00014718568700963658,0.005064715813168261,0.878786133228571,0.8983671750293822,1.431431087873518,1.627866631503752
tsb,dead26,0.99,2,13,0.95,26,intermittent,10285,0.9140688277060781,0.9502452821850003,0.0743883019142202,1.9640638024913237,0.13651774294942662,0.0017736052073048887,0.016042780748663103,0.9094275831816289,0.9191526333869908,1.8884484251545193,2.024072902933945
tsb,dead26,0.99,2,13,0.95,26,lumpy,2217,0.8885740750830927,0.9315208922786731,0.09942547554550055,2.2043308087687756,0.13653353675148477,0.0005857353021304419,0.018944519621109608,0.8800433291599967,0.8967481322350211,2.096679811133701,2.3464298859865367
tsb,none,0.9,1,13,0.95,26,all,30381,0.9023079240677798,0.8705545631091203,0.16077056296362366,0.7327098462193101,0.02018833442250811,0.0,0.0,0.9003515829052652,0.9041783168925757,0.7207851216478088,0.7445702366664619
tsb,none,0.9,1,13,0.95,26,smooth,16102,0.9137733226955335,0.8597689727984101,0.15544881323048518,0.6524883693654951,0.009928885011950052,0.0,0.0,0.9112313341273309,0.9157881202854612,0.6370402425173451,0.6651416898101811
tsb,none,0.9,1,13,0.95,26,erratic,1777,0.8640678853096418,0.8365989665933391,0.1898196297506909,0.8006778718585054,0.03755728998442285,0.0,0.0,0.8549247468776495,0.8730953220665681,0.7533219822687207,0.8617568294697245
tsb,none,0.9,1,13,0.95,26,intermittent,10285,0.8810186800041778,0.8928978653820656,0.16012845164231768,0.9785324796380267,0.05256985541176215,0.0,0.0,0.877381690680807,0.8853683308224427,0.9403858570314465,1.007120992849498
tsb,none,0.9,1,13,0.95,26,lumpy,2217,0.8469868686318313,0.8724525361873129,0.18518739023010747,1.116733867305981,0.04568099674894205,0.0,0.0,0.8394338957866766,0.8550958314324072,1.0582199748004533,1.1869969614783602
tsb,quantile,0.9,1,13,0.95,26,all,30381,0.8991977866826212,0.8671298748320571,0.16502400808693454,0.7031951929711497,0.018408211917713916,0.005918510687953886,0.11263618709061585,0.8971986135037759,0.9011707793869668,0.6926797433505467,0.7138809003963305
tsb,quantile,0.9,1,13,0.95,26,smooth,16102,0.9112839377448462,0.8567823308228226,0.15875956378201617,0.631021082456563,0.009454158996086393,0.0044860472790943864,0.08396472487889703,0.9087192589597811,0.9133894187926208,0.6175922876556944,0.6416692065752774
tsb,quantile,0.9,1,13,0.95,26,erratic,1777,0.8607357648953959,0.8336573387220545,0.19323685852672867,0.7735711745008974,0.036729779344124226,0.006848222937253924,0.12661789532920653,0.8510763000023777,0.8703573969424242,0.7300862840294166,0.8334197564036118
tsb,quantile,0.9,1,13,0.95,26,intermittent,10285,0.8755924334060512,0.8888407654571971,0.16619422364065256,0.9159350545186533,0.04473564414385121,0.010884023955494333,0.14244044725328148,0.8717096527016871,0.8804961880175625,0.8848881644552542,0.9409605815039886
tsb,quantile,0.9,1,13,0.95,26,lumpy,2217,0.8421375252002398,0.8683929962685037,0.1910814753073557,1.0670190159646926,0.042544361503114844,0.010752102290270437,0.17140279657194407,0.8346316996564734,0.8507026637595705,1.0160786380540479,1.132730201877797
tsb,fixed,0.9,1,13,0.95,26,all,30381,0.9021525996531459,0.8702867521866238,0.16110318274390878,0.7318226407784181,0.020154826234182573,0.00033539919564482397,0.015568941114512359,0.9001994670629012,0.9040497767010699,0.7198273443024928,0.7437141640378683
tsb,fixed,0.9,1,13,0.95,26,smooth,16102,0.9137316072607571,0.859670170842696,0.15555833711451506,0.6523400720868922,0.009922158125085588,6.705046322697062e-05,0.005651471866848838,0.9111793117046949,0.9157497544064883,0.6368872583415779,0.6650001150828829
tsb,fixed,0.9,1,13,0.95,26,erratic,1777,0.8640147349226662,0.8363943316109889,0.19005735001337176,0.7992959617971372,0.037440359133076306,0.00025553070661395237,0.009566685424873381,0.8548626809419925,0.8730399741279739,0.7524414317731312,0.8600555649884745
tsb,fixed,0.9,1,13,0.95,26,intermittent,10285,0.8803654020861539,0.8924382375038671,0.16081564149833819,0.9750276386811471,0.05245496520777785,0.0014316935367855574,0.02751579970831308,0.8765163111623971,0.8849154860267368,0.9377044601852663,1.003247748875093
tsb,fixed,0.9,1,13,0.95,26,lumpy,2217,0.8465373508418242,0.8717964489277074,0.18613996963653143,1.1136462703645182,0.04565102889627491,0.0010397936758749706,0.03698691926026162,0.838922805685316,0.8545667725731353,1.0548087224128309,1.1834770907367087
tsb,dead13,0.9,1,13,0.95,26,all,30381,0.900451329277129,0.8679677190588615,0.16398340989162913,0.7229221869106418,0.01884451645320269,0.0027319010169386112,0.05964253974523551,0.8984771560448697,0.9023730690545424,0.7111177739617316,0.7348572893326706
tsb,dead13,0.9,1,13,0.95,26,smooth,16102,0.912655086957025,0.8582191935502084,0.15716677358283918,0.6481929900160331,0.009768881202959568,0.001644374389693361,0.031176251397341946,0.9102307511826911,0.9147442194168746,0.633232158998198,0.6604851108268105
tsb,dead13,0.9,1,13,0.95,26,erratic,1777,0.8614921357869733,0.8349107279889497,0.1917808219178082,0.7945757985845642,0.0367927421102339,0.0032074214294183306,0.04727068092290377,0.8514276092392585,0.8711134145456093,0.7464973107736348,0.8557043079462495
tsb,dead13,0.9,1,13,0.95,26,intermittent,10285,0.8764733239923459,0.8888098289653953,0.16624047680403856,0.9441018758831076,0.04586937200580954,0.00690622160999998,0.09878463782207098,0.8725734469320784,0.8814695542899206,0.9118274896449522,0.970437121016028
tsb,dead13,0.9,1,13,0.95,26,lumpy,2217,0.8437675947619826,0.8685775208102677,0.19081356234929897,1.098135636317405,0.04312373998801286,0.005049129116039158,0.09472259810554803,0.8359896222027549,0.8518935971487493,1.0383929419971558,1.1669425305955543
tsb,dead26,0.9,1,13,0.95,26,all,30381,0.9022149515376721,0.8704214057230746,0.1609359437482347,0.7322392719457612,0.020170533197460167,0.000190228777473105,0.00582600967710082,0.9002618849063071,0.9041108204741448,0.720197062192351,0.7441002388545986
tsb,dead26,0.9,1,13,0.95,26,smooth,16102,0.9137562870729546,0.8597096916249817,0.15551452756090312,0.6524213189022681,0.009922158125085588,1.9438082173291157e-05,0.002422059371506645,0.9112132997194913,0.915772400067775,0.636989083475114,0.6650810779639216
tsb,dead26,0.9,1,13,0.95,26,erratic,1777,0.8640310888878895,0.8364454903565764,0.18999791994770154,0.8003099076409814,0.03754379796311363,7.768133481064152e-05,0.004501969611705121,0.8548801503103208,0.8730514124556232,0.7528395447201781,0.8614695084497244
tsb,dead26,0.9,1,13,0.95,26,intermittent,10285,0.8805624693314099,0.8926724709417952,0.1604654389755585,0.9762928103956914,0.05249615226203637,0.0010020869421272622,0.01059795819154108,0.8767184628361874,0.8850418237749933,0.9388877498999503,1.0044904588953616
tsb,dead26,0.9,1,13,0.95,26,lumpy,2217,0.8468642728709203,0.8722270061918235,0.1855148394010657,1.1157985070560672,0.04568099674894205,0.00024973210555949074,0.009472259810554804,0.8392372296454006,0.855008497238245,1.0570261665012557,1.1860236852593842
tsb,none,0.9,4,13,0.95,26,all,30381,0.871960167141128,0.872964861411588,0.15777698494105755,1.5313708513983244,0.07362342349288911,0.0,0.0,0.869871578728397,0.8743537053419976,1.504368190047373,1.5589070896925377
tsb,none,0.9,4,13,0.95,26,smooth,16102,0.8862894033404235,0.8647372997143212,0.1499413264906983,1.3745596127759305,0.03852536156470883,0.0,0.0,0.8836930533787913,0.8889598490934103,1.343634739452363,1.4020217546836837
tsb,none,0.9,4,13,0.95,26,erratic,1777,0.8254132442587361,0.8456284851895431,0.17933022315989658,1.8759653950095876,0.19451896855541337,0.0,0.0,0.8140786857893725,0.8362576989106519,1.7572248399755148,2.057027443586016
tsb,none,0.9,4,13,0.95,26,intermittent,10285,0.8429945550320136,0.8904759800238653,0.1637494135759642,1.9085401061404181,0.15269341657453772,0.0,0.0,0.8377591363809144,0.8488107841928546,1.8344743072914778,1.9688262807240928
tsb,none,0.9,4,13,0.95,26,lumpy,2217,0.8109255525890409,0.8733956616229959,0.18381805733337303,2.2879774423799923,0.1704071995495741,0.0,0.0,0.801197560401352,0.8205194508333077,2.1494519254046476,2.449195160970746
tsb,quantile,0.9,4,13,0.95,26,all,30381,0.8603576396210211,0.8621372209305457,0.171224858404317,1.3547149527275935,0.0529219949366462,0.025540632882733876,0.19311411737599157,0.8577397732721139,0.8628732245788308,1.336337301312752,1.374217922726382
tsb,quantile,0.9,4,13,0.95,26,smooth,16102,0.8764176968668214,0.8555204887027021,0.16015834024376888,1.2419145768362272,0.0288987059697408,0.020167993079169125,0.1367531983604521,0.8734405580697361,0.8791677371703189,1.2170691610567161,1.2610912537704158
tsb,quantile,0.9,4,13,0.95,26,erratic,1777,0.8125467621193103,0.8350897835985062,0.19157281668796244,1.601744150391064,0.15002228227761671,0.040469931190691324,0.20540236353404615,0.7993615285124186,0.8252752855682562,1.5184525998444878,1.7142924779216135
tsb,quantile,0.9,4,13,0.95,26,intermittent,10285,0.8256368720698564,0.8782825827551156,0.181979767544816,1.611003052571629,0.10054843814354772,0.03815418935403328,0.24744773942634904,0.819940677117688,0.8323015370097488,1.5634418415541638,1.653235438082765
tsb,quantile,0.9,4,13,0.95,26,lumpy,2217,0.7926678653807734,0.856972977405995,0.2076623106004227,1.9700957155051853,0.11721426106540259,0.045950707422946296,0.34055029318899416,0.7831707171531873,0.8028650874821678,1.8824196334983072,2.071049335019627
tsb,fixed,0.9,4,13,0.95,26,all,30381,0.8713072968998421,0.8717499872827216,0.1592858523242504,1.5257690184750379,0.07309915996304579,0.0013712654909925324,0.04180244231592113,0.8690979105766979,0.8737127853205163,1.499119094736803,1.5530990090308523
tsb,fixed,0.9,4,13,0.95,26,smooth,16102,0.886121886385065,0.8643251544133422,0.15039819754979425,1.3732863091908711,0.03848500024352204,0.0004027395901971786,0.01571233387156875,0.8835249024461416,0.8888369250391165,1.3423620915904637,1.4010717320999584
tsb,fixed,0.9,4,13,0.95,26,erratic,1777,0.8251618020434279,0.844835524632936,0.18025138917778505,1.8699246491052335,0.1936509818511871,0.0009955476329679585,0.024198086662915026,0.813821824943822,0.8360208226597569,1.7545345125269658,2.049503755326276
tsb,fixed,0.9,4,13,0.95,26,intermittent,10285,0.8404021354206695,0.8883325230918814,0.16695409703913677,1.8890412875585534,0.15061455420433115,0.005006493365731188,0.07340787554691298,0.8344608744513548,0.8462304050578375,1.818489816536847,1.9466301921438809
tsb,fixed,0.9,4,13,0.95,26,lumpy,2217,0.8082284458489983,0.8703202525935949,0.18828327330098532,2.2574011514920356,0.16775004994642112,0.005589458580795147,0.09878213802435724,0.7982541629432368,0.8176637117358645,2.121177118464017,2.4137524615438064
tsb,dead13,0.9,4,13,0.95,26,all,30381,0.868134331661573,0.8681263110017924,0.1637864395189463,1.5035725408646794,0.07005480143621934,0.006192192623851389,0.060070438761067775,0.865724264026489,0.8706420309342029,1.478727273588496,1.5320855511668814
tsb,dead13,0.9,4,13,0.95,26,smooth,16102,0.8839712482371953,0.8616716161741624,0.15333969614945317,1.3604318399280484,0.03807562112862747,0.0038022199163463568,0.031176251397341946,0.8811444043773029,0.8867371675319403,1.3293397450307616,1.3865097163329991
tsb,dead13,0.9,4,13,0.95,26,erratic,1777,0.8200205242263552,0.8420473729984141,0.18349032775681218,1.856841476926599,0.1915687132291313,0.007389948035275503,0.04727068092290377,0.8074326362313586,0.8321345365519609,1.7419435156625922,2.0377007375302174
tsb,dead13,0.9,4,13,0.95,26,intermittent,10285,0.8336703183227213,0.8831219339726875,0.17474445127229238,1.8194795059918294,0.13551624720903513,0.01531015428394631,0.09936801166747691,0.8276940427509973,0.8398785797491821,1.7549519548498624,1.8738386601925632
tsb,dead13,0.9,4,13,0.95,26,lumpy,2217,0.8045732759403549,0.8663427235822364,0.19405828595243058,2.2390117873553828,0.16333478632012932,0.01120162008027752,0.09788001804239964,0.7931856770020699,0.814066005130314,2.1124818635954346,2.395802345743331
tsb,dead26,0.9,4,13,0.95,26,all,30381,0.8716979084512506,0.8727239811963817,0.15807615692220786,1.5301888627476365,0.07358293443199575,0.0004307515686734613,0.006978045488956914,0.8694832690001012,0.8740984915852784,1.503064303770444,1.557717888884465
tsb,dead26,0.9,4,13,0.95,26,smooth,16102,0.8862546768790128,0.8646159144544439,0.15007588440536354,1.3744012688481144,0.03850854434754766,4.084181310567917e-05,0.0026704757173021984,0.8836618787763592,0.8889307058219356,1.3434536121909635,1.4018642372434198
tsb,dead26,0.9,4,13,0.95,26,erratic,1777,0.8253539611348016,0.8454750089527805,0.17950851335690726,1.8751333870288525,0.19449198451279492,0.0001594511609271063,0.004501969611705121,0.8140035281317787,0.8361806519942485,1.7567482884528989,2.056401122502675
tsb,dead26,0.9,4,13,0.95,26,intermittent,10285,0.8415983335993741,0.8900472886374685,0.16439035026859872,1.9028241706917652,0.1525395070559927,0.002299774752138672,0.013028682547399126,0.8357483603477526,0.847461412200662,1.8304971841538995,1.9614307957501467
tsb,dead26,0.9,4,13,0.95,26,lumpy,2217,0.8107076045696435,0.8730881207200558,0.18426457893013426,2.2856299605877335,0.17036724241268458,0.0005267077135436532,0.012178619756427604,0.8010281545306629,0.8203530507571019,2.146979576354879,2.4467593709807995
tsb,none,0.9,2,8,0.95,26,all,30381,0.8909292604384274,0.8727987887166321,0.15798324636905559,0.9992673256927683,0.10669449284780519,0.0,0.0,0.8889060908237018,0.8931595509797737,0.9823393917078945,1.016140272773623
tsb,none,0.9,2,8,0.95,26,smooth,16102,0.9032892074307638,0.8630322602499971,0.1518313958036706,0.892522912366355,0.07293739197577039,0.0,0.0,0.9003713921027613,0.9055084196849265,0.8715732733437381,0.9092828936774888
tsb,none,0.9,2,8,0.95,26,erratic,1777,0.8496804844044499,0.8414846267969509,0.1841440584791846,1.1391518015936937,0.16464463514985003,0.0,0.0,0.8399697567635496,0.8592876816986025,1.073370372125068,1.2302079074668064
tsb,none,0.9,2,8,0.95,26,intermittent,10285,0.867519573704135,0.8934061077473815,0.15936857824383346,1.3010497772154792,0.2068919670792598,0.0,0.0,0.8631380511075488,0.8726634646606786,1.2523038354072464,1.339517938943932
tsb,none,0.9,2,8,0.95,26,lumpy,2217,0.8334650102617193,0.8732316398080945,0.184056202184979,1.5170862166040067,0.21805275552891748,0.0,0.0,0.8253325437381654,0.8420466894999888,1.4400804503918467,1.6114123352087277
tsb,quantile,0.9,2,8,0.95,26,all,30381,0.8839758353922941,0.8655349785003187,0.16700486108014093,0.911579792087403,0.07993075820579093,0.014684582758799589,0.17672229353872487,0.8817935686001988,0.8862977448376544,0.8992834298171642,0.9247979781358848
tsb,quantile,0.9,2,8,0.95,26,smooth,16102,0.8976244261124644,0.8570053409514347,0.15851235272949166,0.8270159202261107,0.05606219545639561,0.011589028272799723,0.12588498323189665,0.894644086493647,0.8999378578818512,0.8109479350552847,0.8399208369607873
tsb,quantile,0.9,2,8,0.95,26,erratic,1777,0.8419307491342619,0.8341945055507238,0.19261284283719132,1.0225378083233505,0.12770348080521474,0.021411428968596297,0.18345526167698367,0.8305032419936695,0.8527510900367093,0.9666674265572714,1.0963446104613774
tsb,quantile,0.9,2,8,0.95,26,intermittent,10285,0.8561152922211647,0.8848190215229593,0.17220713488083203,1.1423042284718814,0.14526457263011858,0.022837137716503003,0.2277102576567817,0.8515458431654548,0.8617704703709976,1.1061305306771057,1.1722031708649157
tsb,quantile,0.9,2,8,0.95,26,lumpy,2217,0.8220000363246699,0.8631442981916595,0.19870211055874737,1.3599683975371875,0.1689720723829589,0.026530630777892805,0.30401443391971134,0.8130233211639744,0.8314799307691326,1.3008373001073517,1.4378092877798552
tsb,fixed,0.9,2,8,0.95,26,all,30381,0.8906203568273013,0.8722856091277144,0.15862061276368014,0.9974110482145069,0.1063766304502171,0.0005656093341881729,0.022909055001481188,0.8886847248473692,0.892864397519996,0.9807595012809304,1.014036046078895
tsb,fixed,0.9,2,8,0.95,26,smooth,16102,0.9032086158316409,0.8628459479906505,0.15203792655641263,0.8921861312122963,0.07290632016501547,0.00011684689845742437,0.008446155757048815,0.9003073941839205,0.9054227462616437,0.871287664734932,0.908868086658681
tsb,fixed,0.9,2,8,0.95,26,erratic,1777,0.8495946260870276,0.8411520949506318,0.18453035390604106,1.136627158212348,0.16401200926179563,0.0003965836566648541,0.010692177827799663,0.8398721177169934,0.8592353145058677,1.0718814263534093,1.2287140022624272
tsb,fixed,0.9,2,8,0.95,26,intermittent,10285,0.8662011938333718,0.8925089494851284,0.16070991998202735,1.2940647287073768,0.20577196823538763,0.002349041563452697,0.04103062712688381,0.8619233316082663,0.8718457054425127,1.2455093148125507,1.3330624475258521
tsb,fixed,0.9,2,8,0.95,26,lumpy,2217,0.8325659746817051,0.8719809734694715,0.18587205667847467,1.508758786029532,0.21616811057229518,0.0020523438493252693,0.05367613892647722,0.8242943130160502,0.8411150550973807,1.4313329428556454,1.6022736987253783
tsb,dead13,0.9,2,8,0.95,26,all,30381,0.8883577608343539,0.8693696119883539,0.16224226612555562,0.9840850384511222,0.10211178270278339,0.0039061155140849417,0.06000460814324742,0.8862960035212327,0.890675163718157,0.9679179456271285,1.0003758387505666
tsb,dead13,0.9,2,8,0.95,26,smooth,16102,0.9017479203982143,0.8609545962669798,0.15413452662212695,0.8854701646187154,0.07178293005864986,0.0023751589172420376,0.031176251397341946,0.8989168601507721,0.9039452413381844,0.865337632639254,0.9012172982711817
tsb,dead13,0.9,2,8,0.95,26,erratic,1777,0.8460110634574736,0.8386964751624291,0.18738299705821174,1.1295356700423975,0.16228503053421592,0.0046036412103569666,0.04727068092290377,0.8354495261832826,0.856153759474034,1.062286790126864,1.2186755962966354
tsb,dead13,0.9,2,8,0.95,26,intermittent,10285,0.8612252458906553,0.8880629336633226,0.1673571603200719,1.2493284933617899,0.18653978163635443,0.00976074065753457,0.09927078269324259,0.8566849795538314,0.866649640817427,1.206280958875079,1.2858537344271013
tsb,dead13,0.9,2,8,0.95,26,lumpy,2217,0.8290697252038722,0.8683519908147783,0.1911410115202572,1.4889073539294213,0.20992813769471538,0.007205906391325669,0.09742895805142084,0.8200276567794094,0.8376565748385166,1.410968717012635,1.5800713951399796
tsb,dead26,0.9,2,8,0.95,26,all,30381,0.8907604502472419,0.8726267314200562,0.1581969406413058,0.9985633681567815,0.10662608029664054,0.0002720953739502711,0.006385569928573779,0.8888203310603033,0.8930024309814123,0.9817482233063178,1.0154316120798768
tsb,dead26,0.9,2,8,0.95,26,smooth,16102,0.90326605645649,0.8629475728593851,0.15192527341855336,0.8924250667392355,0.07292265689025774,2.7519082627356023e-05,0.0024841634579555335,0.9003516163696162,0.905484961836541,0.8714892584324093,0.9091796568176407
tsb,dead26,0.9,2,8,0.95,26,erratic,1777,0.8496395994913917,0.8413311505601883,0.1843223486761953,1.1386284747065485,0.16461165465331637,0.00010425652829849257,0.004501969611705121,0.8399119243356111,0.8592597923202345,1.0730637871725717,1.229299070486811
tsb,dead26,0.9,2,8,0.95,26,intermittent,10285,0.866626859083125,0.8931144208246785,0.1598046794986157,1.2976503672348116,0.20658414804216974,0.0014435175715009233,0.012056392805055906,0.862419060513418,0.8722233575367765,1.2488164030260709,1.3365811173080455
tsb,dead26,0.9,2,8,0.95,26,lumpy,2217,0.833319711582121,0.8729651043588798,0.18444318756883873,1.5158012314063096,0.2178929269813594,0.00033146261283350587,0.009923319801533603,0.8251692612553361,0.8418707896134541,1.438939920720904,1.6100120947660383
tsb,none,0.9,2,26,0.95,26,all,30381,0.8909292604384274,0.8727987887166321,0.15798324636905559,0.9992673256927683,,0.0,0.0,0.8889060908237018,0.8931595509797737,0.9823393917078945,1.016140272773623
tsb,none,0.9,2,26,0.95,26,smooth,16102,0.9032892074307638,0.8630322602499971,0.1518313958036706,0.892522912366355,,0.0,0.0,0.9003713921027613,0.9055084196849265,0.8715732733437381,0.9092828936774888
tsb,none,0.9,2,26,0.95,26,erratic,1777,0.8496804844044499,0.8414846267969509,0.1841440584791846,1.1391518015936937,,0.0,0.0,0.8399697567635496,0.8592876816986025,1.073370372125068,1.2302079074668064
tsb,none,0.9,2,26,0.95,26,intermittent,10285,0.867519573704135,0.8934061077473815,0.15936857824383346,1.3010497772154792,,0.0,0.0,0.8631380511075488,0.8726634646606786,1.2523038354072464,1.339517938943932
tsb,none,0.9,2,26,0.95,26,lumpy,2217,0.8334650102617193,0.8732316398080945,0.184056202184979,1.5170862166040067,,0.0,0.0,0.8253325437381654,0.8420466894999888,1.4400804503918467,1.6114123352087277
tsb,quantile,0.9,2,26,0.95,26,all,30381,0.886967773912384,0.8687786325783758,0.16297625949545852,0.9595533003106329,,0.007610261692287262,0.10128040551660578,0.884869004119441,0.8893448226344203,0.9440215047981706,0.9744028123234845
tsb,quantile,0.9,2,26,0.95,26,smooth,16102,0.9001592393900286,0.8595233793656349,0.1557210583136451,0.8635350533051181,,0.005827711759886831,0.07533225686250156,0.8973733394117178,0.9024095626402359,0.8456741486229548,0.8775722177642414
tsb,quantile,0.9,2,26,0.95,26,erratic,1777,0.845516356009469,0.8378011971146467,0.18842302320744064,1.1050128991900698,,0.0076168593027486926,0.10298255486775464,0.8348166085573594,0.8558224325379966,1.0381632304275044,1.1935336175117988
tsb,quantile,0.9,2,26,0.95,26,intermittent,10285,0.8603295752609663,0.8887214389888187,0.16637262869942712,1.2160990144667063,,0.014340583437286305,0.12960622265435098,0.8559079506817289,0.86604540250122,1.1739891886020175,1.2505885641903394
tsb,quantile,0.9,2,26,0.95,26,lumpy,2217,0.8275440890680906,0.868310985361053,0.1912005477331587,1.450453150256997,,0.013639913547285639,0.15696887686062247,0.8182583979651586,0.8366424571446555,1.383196537568264,1.5338758494561582
tsb,fixed,0.9,2,26,0.95,26,all,30381,0.8906203568273013,0.8722856091277144,0.15862061276368014,0.9974110482145069,,0.0005656093341881729,0.022909055001481188,0.8886847248473692,0.892864397519996,0.9807595012809304,1.014036046078895
tsb,fixed,0.9,2,26,0.95,26,smooth,16102,0.9032086158316409,0.8628459479906505,0.15203792655641263,0.8921861312122963,,0.00011684689845742437,0.008446155757048815,0.9003073941839205,0.9054227462616437,0.871287664734932,0.908868086658681
tsb,fixed,0.9,2,26,0.95,26,erratic,1777,0.8495946260870276,0.8411520949506318,0.18453035390604106,1.136627158212348,,0.0003965836566648541,0.010692177827799663,0.8398721177169934,0.8592353145058677,1.0718814263534093,1.2287140022624272
tsb,fixed,0.9,2,26,0.95,26,intermittent,10285,0.8662011938333718,0.8925089494851284,0.16070991998202735,1.2940647287073768,,0.002349041563452697,0.04103062712688381,0.8619233316082663,0.8718457054425127,1.2455093148125507,1.3330624475258521
tsb,fixed,0.9,2,26,0.95,26,lumpy,2217,0.8325659746817051,0.8719809734694715,0.18587205667847467,1.508758786029532,,0.0020523438493252693,0.05367613892647722,0.8242943130160502,0.8411150550973807,1.4313329428556454,1.6022736987253783
tsb,dead13,0.9,2,26,0.95,26,all,30381,0.8883577608343539,0.8693696119883539,0.16224226612555562,0.9840850384511222,,0.0039061155140849417,0.06000460814324742,0.8862960035212327,0.890675163718157,0.9679179456271285,1.0003758387505666
tsb,dead13,0.9,2,26,0.95,26,smooth,16102,0.9017479203982143,0.8609545962669798,0.15413452662212695,0.8854701646187154,,0.0023751589172420376,0.031176251397341946,0.8989168601507721,0.9039452413381844,0.865337632639254,0.9012172982711817
tsb,dead13,0.9,2,26,0.95,26,erratic,1777,0.8460110634574736,0.8386964751624291,0.18738299705821174,1.1295356700423975,,0.0046036412103569666,0.04727068092290377,0.8354495261832826,0.856153759474034,1.062286790126864,1.2186755962966354
tsb,dead13,0.9,2,26,0.95,26,intermittent,10285,0.8612252458906553,0.8880629336633226,0.1673571603200719,1.2493284933617899,,0.00976074065753457,0.09927078269324259,0.8566849795538314,0.866649640817427,1.206280958875079,1.2858537344271013
tsb,dead13,0.9,2,26,0.95,26,lumpy,2217,0.8290697252038722,0.8683519908147783,0.1911410115202572,1.4889073539294213,,0.007205906391325669,0.09742895805142084,0.8200276567794094,0.8376565748385166,1.410968717012635,1.5800713951399796
tsb,dead26,0.9,2,26,0.95,26,all,30381,0.8907604502472419,0.8726267314200562,0.1581969406413058,0.9985633681567815,,0.0002720953739502711,0.006385569928573779,0.8888203310603033,0.8930024309814123,0.9817482233063178,1.0154316120798768
tsb,dead26,0.9,2,26,0.95,26,smooth,16102,0.90326605645649,0.8629475728593851,0.15192527341855336,0.8924250667392355,,2.7519082627356023e-05,0.0024841634579555335,0.9003516163696162,0.905484961836541,0.8714892584324093,0.9091796568176407
tsb,dead26,0.9,2,26,0.95,26,erratic,1777,0.8496395994913917,0.8413311505601883,0.1843223486761953,1.1386284747065485,,0.00010425652829849257,0.004501969611705121,0.8399119243356111,0.8592597923202345,1.0730637871725717,1.229299070486811
tsb,dead26,0.9,2,26,0.95,26,intermittent,10285,0.866626859083125,0.8931144208246785,0.1598046794986157,1.2976503672348116,,0.0014435175715009233,0.012056392805055906,0.862419060513418,0.8722233575367765,1.2488164030260709,1.3365811173080455
tsb,dead26,0.9,2,26,0.95,26,lumpy,2217,0.833319711582121,0.8729651043588798,0.18444318756883873,1.5158012314063096,,0.00033146261283350587,0.009923319801533603,0.8251692612553361,0.8418707896134541,1.438939920720904,1.6100120947660383
tsb,none,0.9,2,13,0.9,26,all,30381,0.8909292604384274,0.8727987887166321,0.15798324636905559,0.9992673256927683,0.03474659511906909,0.0,0.0,0.8889060908237018,0.8931595509797737,0.9823393917078945,1.016140272773623
tsb,none,0.9,2,13,0.9,26,smooth,16102,0.9032892074307638,0.8630322602499971,0.1518313958036706,0.892522912366355,0.01758552373946767,0.0,0.0,0.9003713921027613,0.9055084196849265,0.8715732733437381,0.9092828936774888
tsb,none,0.9,2,13,0.9,26,erratic,1777,0.8496804844044499,0.8414846267969509,0.1841440584791846,1.1391518015936937,0.0748042634787337,0.0,0.0,0.8399697567635496,0.8592876816986025,1.073370372125068,1.2302079074668064
tsb,none,0.9,2,13,0.9,26,intermittent,10285,0.867519573704135,0.8934061077473815,0.15936857824383346,1.3010497772154792,0.08330623658711062,0.0,0.0,0.8631380511075488,0.8726634646606786,1.2523038354072464,1.339517938943932
tsb,none,0.9,2,13,0.9,26,lumpy,2217,0.8334650102617193,0.8732316398080945,0.184056202184979,1.5170862166040067,0.07877549537768576,0.0,0.0,0.8253325437381654,0.8420466894999888,1.4400804503918467,1.6114123352087277
tsb,quantile,0.9,2,13,0.9,26,all,30381,0.8852490513549477,0.8665359031212689,0.16576171787896357,0.9326639311165572,0.029706405125102787,0.01153462266876537,0.1484151278759751,0.8831768968639212,0.8876219412224268,0.9186958910334659,0.9464295107157756
tsb,quantile,0.9,2,13,0.9,26,smooth,16102,0.8989106156171668,0.8579171418570251,0.1575016037425876,0.8442767187905755,0.015765420350711053,0.00859097710434166,0.10464538566637685,0.8960588727603035,0.901280969064172,0.828066519360535,0.8568480017942685
tsb,quantile,0.9,2,13,0.9,26,erratic,1777,0.8433228804238948,0.8355246329360004,0.19106766112976556,1.0615093074504578,0.07032491240407376,0.016486841190732206,0.15475520540236354,0.8323897386625427,0.8538376463147039,1.0018225803509948,1.143567053372679
tsb,quantile,0.9,2,13,0.9,26,intermittent,10285,0.8572031034149783,0.8858797012418792,0.17062131213616932,1.169017678902572,0.0649454813465999,0.020125492421779082,0.1946524064171123,0.8526750871235474,0.8627364561834431,1.1300970088407443,1.201116760833614
tsb,quantile,0.9,2,13,0.9,26,lumpy,2217,0.8235937812165132,0.8642514454422439,0.19709463281040693,1.394867324143192,0.06692820428994352,0.02214442688752066,0.2467298150654037,0.8146942347681726,0.8328407921972836,1.3300028523285938,1.476761703305328
tsb,fixed,0.9,2,13,0.9,26,all,30381,0.8906203568273013,0.8722856091277144,0.15862061276368014,0.9974110482145069,0.034639787768781446,0.0005656093341881729,0.022909055001481188,0.8886847248473692,0.892864397519996,0.9807595012809304,1.014036046078895
tsb,fixed,0.9,2,13,0.9,26,smooth,16102,0.9032086158316409,0.8628459479906505,0.15203792655641263,0.8921861312122963,0.017575433409170973,0.00011684689845742437,0.008446155757048815,0.9003073941839205,0.9054227462616437,0.871287664734932,0.908868086658681
tsb,fixed,0.9,2,13,0.9,26,erratic,1777,0.8495946260870276,0.8411520949506318,0.18453035390604106,1.136627158212348,0.0743995028394572,0.0003965836566648541,0.010692177827799663,0.8398721177169934,0.8592353145058677,1.0718814263534093,1.2287140022624272
tsb,fixed,0.9,2,13,0.9,26,intermittent,10285,0.8662011938333718,0.8925089494851284,0.16070991998202735,1.2940647287073768,0.08291170796210791,0.002349041563452697,0.04103062712688381,0.8619233316082663,0.8718457054425127,1.2455093148125507,1.3330624475258521
tsb,fixed,0.9,2,13,0.9,26,lumpy,2217,0.8325659746817051,0.8719809734694715,0.18587205667847467,1.508758786029532,0.07864563468279483,0.0020523438493252693,0.05367613892647722,0.8242943130160502,0.8411150550973807,1.4313329428556454,1.6022736987253783
tsb,dead13,0.9,2,13,0.9,26,all,30381,0.8883577608343539,0.8693696119883539,0.16224226612555562,0.9840850384511222,0.032697709020413815,0.0039061155140849417,0.06000460814324742,0.8862960035212327,0.890675163718157,0.9679179456271285,1.0003758387505666
tsb,dead13,0.9,2,13,0.9,26,smooth,16102,0.9017479203982143,0.8609545962669798,0.15413452662212695,0.8854701646187154,0.01735152417496807,0.0023751589172420376,0.031176251397341946,0.8989168601507721,0.9039452413381844,0.865337632639254,0.9012172982711817
tsb,dead13,0.9,2,13,0.9,26,erratic,1777,0.8460110634574736,0.8386964751624291,0.18738299705821174,1.1295356700423975,0.07336061719864752,0.0046036412103569666,0.04727068092290377,0.8354495261832826,0.856153759474034,1.062286790126864,1.2186755962966354
tsb,dead13,0.9,2,13,0.9,26,intermittent,10285,0.8612252458906553,0.8880629336633226,0.1673571603200719,1.2493284933617899,0.0731677180204201,0.00976074065753457,0.09927078269324259,0.8566849795538314,0.866649640817427,1.206280958875079,1.2858537344271013
tsb,dead13,0.9,2,13,0.9,26,lumpy,2217,0.8290697252038722,0.8683519908147783,0.1911410115202572,1.4889073539294213,0.0749296209520696,0.007205906391325669,0.09742895805142084,0.8200276567794094,0.8376565748385166,1.410968717012635,1.5800713951399796
tsb,dead26,0.9,2,13,0.9,26,all,30381,0.8907604502472419,0.8726267314200562,0.1581969406413058,0.9985633681567815,0.034720765890568155,0.0002720953739502711,0.006385569928573779,0.8888203310603033,0.8930024309814123,0.9817482233063178,1.0154316120798768
tsb,dead26,0.9,2,13,0.9,26,smooth,16102,0.90326605645649,0.8629475728593851,0.15192527341855336,0.8924250667392355,0.017575433409170973,2.7519082627356023e-05,0.0024841634579555335,0.9003516163696162,0.905484961836541,0.8714892584324093,0.9091796568176407
tsb,dead26,0.9,2,13,0.9,26,erratic,1777,0.8496395994913917,0.8413311505601883,0.1843223486761953,1.1386284747065485,0.0747907714574245,0.00010425652829849257,0.004501969611705121,0.8399119243356111,0.8592597923202345,1.0730637871725717,1.229299070486811
tsb,dead26,0.9,2,13,0.9,26,intermittent,10285,0.866626859083125,0.8931144208246785,0.1598046794986157,1.2976503672348116,0.08319784960221975,0.0014435175715009233,0.012056392805055906,0.862419060513418,0.8722233575367765,1.2488164030260709,1.3365811173080455
tsb,dead26,0.9,2,13,0.9,26,lumpy,2217,0.833319711582121,0.8729651043588798,0.18444318756883873,1.5158012314063096,0.07877549537768576,0.00033146261283350587,0.009923319801533603,0.8251692612553361,0.8418707896134541,1.438939920720904,1.6100120947660383
tsb,none,0.9,2,13,0.99,26,all,30381,0.8909292604384274,0.8727987887166321,0.15798324636905559,0.9992673256927683,0.03474659511906909,0.0,0.0,0.8889060908237018,0.8931595509797737,0.9823393917078945,1.016140272773623
tsb,none,0.9,2,13,0.99,26,smooth,16102,0.9032892074307638,0.8630322602499971,0.1518313958036706,0.892522912366355,0.01758552373946767,0.0,0.0,0.9003713921027613,0.9055084196849265,0.8715732733437381,0.9092828936774888
tsb,none,0.9,2,13,0.99,26,erratic,1777,0.8496804844044499,0.8414846267969509,0.1841440584791846,1.1391518015936937,0.0748042634787337,0.0,0.0,0.8399697567635496,0.8592876816986025,1.073370372125068,1.2302079074668064
tsb,none,0.9,2,13,0.99,26,intermittent,10285,0.867519573704135,0.8934061077473815,0.15936857824383346,1.3010497772154792,0.08330623658711062,0.0,0.0,0.8631380511075488,0.8726634646606786,1.2523038354072464,1.339517938943932
tsb,none,0.9,2,13,0.99,26,lumpy,2217,0.8334650102617193,0.8732316398080945,0.184056202184979,1.5170862166040067,0.07877549537768576,0.0,0.0,0.8253325437381654,0.8420466894999888,1.4400804503918467,1.6114123352087277
tsb,quantile,0.9,2,13,0.99,26,all,30381,0.8861440309493812,0.8681233187009824,0.1637901559410724,0.9433165839988563,0.03096645262359437,0.009872064404261062,0.12178664296764426,0.884060401847745,0.8885261125031029,0.9287163278399955,0.957397393737267
tsb,quantile,0.9,2,13,0.99,26,smooth,16102,0.8994819641898109,0.8588628177188604,0.1564533037097304,0.8508989894599729,0.016348257048325036,0.0075480912349319374,0.09290771332753696,0.8966447414001701,0.9018279252281607,0.8341873378227908,0.8638465608523871
tsb,quantile,0.9,2,13,0.99,26,erratic,1777,0.8442489237046638,0.8368036015756893,0.18958190948801,1.074107993409352,0.07161564910932217,0.014150268409454228,0.13787281935846932,0.8334094853213273,0.854747837517589,1.0129428608806768,1.1581275554426897
tsb,quantile,0.9,2,13,0.99,26,intermittent,10285,0.8592072772992329,0.8881690016352146,0.16719857804560562,1.1931495484204075,0.06853959376558062,0.016667947603760832,0.15031599416626154,0.8547425380396898,0.8647987358993222,1.15322188058741,1.2264053011653127
tsb,quantile,0.9,2,13,0.99,26,lumpy,2217,0.8260366152672588,0.8674908762865461,0.19239127199118863,1.4228736446357544,0.07144336075845911,0.01736773279572822,0.18628777627424448,0.816998220659595,0.8351000526655109,1.3548804427536953,1.5064195307678758
tsb,fixed,0.9,2,13,0.99,26,all,30381,0.8906203568273013,0.8722856091277144,0.15862061276368014,0.9974110482145069,0.034639787768781446,0.0005656093341881729,0.022909055001481188,0.8886847248473692,0.892864397519996,0.9807595012809304,1.014036046078895
tsb,fixed,0.9,2,13,0.99,26,smooth,16102,0.9032086158316409,0.8628459479906505,0.15203792655641263,0.8921861312122963,0.017575433409170973,0.00011684689845742437,0.008446155757048815,0.9003073941839205,0.9054227462616437,0.871287664734932,0.908868086658681
tsb,fixed,0.9,2,13,0.99,26,erratic,1777,0.8495946260870276,0.8411520949506318,0.18453035390604106,1.136627158212348,0.0743995028394572,0.0003965836566648541,0.010692177827799663,0.8398721177169934,0.8592353145058677,1.0718814263534093,1.2287140022624272
tsb,fixed,0.9,2,13,0.99,26,intermittent,10285,0.8662011938333718,0.8925089494851284,0.16070991998202735,1.2940647287073768,0.08291170796210791,0.002349041563452697,0.04103062712688381,0.8619233316082663,0.8718457054425127,1.2455093148125507,1.3330624475258521
tsb,fixed,0.9,2,13,0.99,26,lumpy,2217,0.8325659746817051,0.8719809734694715,0.18587205667847467,1.508758786029532,0.07864563468279483,0.0020523438493252693,0.05367613892647722,0.8242943130160502,0.8411150550973807,1.4313329428556454,1.6022736987253783
tsb,dead13,0.9,2,13,0.99,26,all,30381,0.8883577608343539,0.8693696119883539,0.16224226612555562,0.9840850384511222,0.032697709020413815,0.0039061155140849417,0.06000460814324742,0.8862960035212327,0.890675163718157,0.9679179456271285,1.0003758387505666
tsb,dead13,0.9,2,13,0.99,26,smooth,16102,0.9017479203982143,0.8609545962669798,0.15413452662212695,0.8854701646187154,0.01735152417496807,0.0023751589172420376,0.031176251397341946,0.8989168601507721,0.9039452413381844,0.865337632639254,0.9012172982711817
tsb,dead13,0.9,2,13,0.99,26,erratic,1777,0.8460110634574736,0.8386964751624291,0.18738299705821174,1.1295356700423975,0.07336061719864752,0.0046036412103569666,0.04727068092290377,0.8354495261832826,0.856153759474034,1.062286790126864,1.2186755962966354
tsb,dead13,0.9,2,13,0.99,26,intermittent,10285,0.8612252458906553,0.8880629336633226,0.1673571603200719,1.2493284933617899,0.0731677180204201,0.00976074065753457,0.09927078269324259,0.8566849795538314,0.866649640817427,1.206280958875079,1.2858537344271013
tsb,dead13,0.9,2,13,0.99,26,lumpy,2217,0.8290697252038722,0.8683519908147783,0.1911410115202572,1.4889073539294213,0.0749296209520696,0.007205906391325669,0.09742895805142084,0.8200276567794094,0.8376565748385166,1.410968717012635,1.5800713951399796
tsb,dead26,0.9,2,13,0.99,26,all,30381,0.8907604502472419,0.8726267314200562,0.1581969406413058,0.9985633681567815,0.034720765890568155,0.0002720953739502711,0.006385569928573779,0.8888203310603033,0.8930024309814123,0.9817482233063178,1.0154316120798768
tsb,dead26,0.9,2,13,0.99,26,smooth,16102,0.90326605645649,0.8629475728593851,0.15192527341855336,0.8924250667392355,0.017575433409170973,2.7519082627356023e-05,0.0024841634579555335,0.9003516163696162,0.905484961836541,0.8714892584324093,0.9091796568176407
tsb,dead26,0.9,2,13,0.99,26,erratic,1777,0.8496395994913917,0.8413311505601883,0.1843223486761953,1.1386284747065485,0.0747907714574245,0.00010425652829849257,0.004501969611705121,0.8399119243356111,0.8592597923202345,1.0730637871725717,1.229299070486811
tsb,dead26,0.9,2,13,0.99,26,intermittent,10285,0.866626859083125,0.8931144208246785,0.1598046794986157,1.2976503672348116,0.08319784960221975,0.0014435175715009233,0.012056392805055906,0.862419060513418,0.8722233575367765,1.2488164030260709,1.3365811173080455
tsb,dead26,0.9,2,13,0.99,26,lumpy,2217,0.833319711582121,0.8729651043588798,0.18444318756883873,1.5158012314063096,0.07877549537768576,0.00033146261283350587,0.009923319801533603,0.8251692612553361,0.8418707896134541,1.438939920720904,1.6100120947660383
tsb,none,0.9,2,13,0.95,13,all,30381,0.8909292604384274,0.8727987887166321,0.15798324636905559,0.9992673256927683,0.03474659511906909,0.0,0.0,0.8889060908237018,0.8931595509797737,0.9823393917078945,1.016140272773623
tsb,none,0.9,2,13,0.95,13,smooth,16102,0.9032892074307638,0.8630322602499971,0.1518313958036706,0.892522912366355,0.01758552373946767,0.0,0.0,0.9003713921027613,0.9055084196849265,0.8715732733437381,0.9092828936774888
tsb,none,0.9,2,13,0.95,13,erratic,1777,0.8496804844044499,0.8414846267969509,0.1841440584791846,1.1391518015936937,0.0748042634787337,0.0,0.0,0.8399697567635496,0.8592876816986025,1.073370372125068,1.2302079074668064
tsb,none,0.9,2,13,0.95,13,intermittent,10285,0.867519573704135,0.8934061077473815,0.15936857824383346,1.3010497772154792,0.08330623658711062,0.0,0.0,0.8631380511075488,0.8726634646606786,1.2523038354072464,1.339517938943932
tsb,none,0.9,2,13,0.95,13,lumpy,2217,0.8334650102617193,0.8732316398080945,0.184056202184979,1.5170862166040067,0.07877549537768576,0.0,0.0,0.8253325437381654,0.8420466894999888,1.4400804503918467,1.6114123352087277
tsb,quantile,0.9,2,13,0.95,13,all,30381,0.8855677916501465,0.8671298748320571,0.16502400808693454,0.9364167847465396,0.03014759627138904,0.010948070716873736,0.1413054211513775,0.8834927697012168,0.887942053782237,0.9222239799257662,0.9503014582036979
tsb,quantile,0.9,2,13,0.95,13,smooth,16102,0.8991113301960123,0.8582474226804124,0.15713548104454492,0.8465699756761885,0.015963863513212762,0.008226458462238032,0.10166438951683021,0.8962690320240158,0.9014663326689438,0.8301855982194877,0.8592797073097813
tsb,quantile,0.9,2,13,0.95,13,erratic,1777,0.8436479154827077,0.8359083235279071,0.1906219356372389,1.0659943824129456,0.07081512251164197,0.015663010192608826,0.15081598199212154,0.8327530308006753,0.8541562531152719,1.0057938433398603,1.1486718680230987
tsb,quantile,0.9,2,13,0.95,13,intermittent,10285,0.8579302815499733,0.8867724400053034,0.16928657799274485,1.177593060079891,0.06620493811103162,0.01890071949251243,0.18279047156052503,0.853457701609878,0.8635021384210914,1.138246362322966,1.2101311162921906
tsb,quantile,0.9,2,13,0.95,13,lumpy,2217,0.8244701138778401,0.8655431172345922,0.19521924210400976,1.405115421638606,0.06853647904974665,0.02040992389981656,0.22913847541723048,0.8155163385395136,0.8336029186967977,1.339266562346215,1.4874871862492096
tsb,fixed,0.9,2,13,0.95,13,all,30381,0.8895451437956623,0.8708208778812117,0.1604398013944016,0.9944820962037221,0.0341595037361154,0.0017733002884210965,0.06553438004015667,0.8875027473511705,0.8917963711374951,0.9781013401677601,1.0106996477915036
tsb,fixed,0.9,2,13,0.95,13,smooth,16102,0.9026894661538216,0.8623152403428146,0.1526262262763444,0.8913716974097772,0.017538916023335308,0.0006401462792125437,0.026145820394981988,0.8998057859245417,0.9049275269210946,0.8706587138513028,0.9078479613501762
tsb,fixed,0.9,2,13,0.95,13,erratic,1777,0.8492879892390909,0.8403335550212309,0.18548123495676463,1.13230357865644,0.07101750283128022,0.0009505742286039029,0.031513787281935844,0.8395584578652061,0.859001595589389,1.066802900773635,1.2221149490784131
tsb,fixed,0.9,2,13,0.95,13,intermittent,10285,0.8627850331368573,0.8898837671808018,0.16463483127506756,1.285641089308905,0.08191021222171642,0.006069671153887841,0.11395235780262518,0.8574706475479189,0.868476921514923,1.237036631675897,1.3243670678278707
tsb,fixed,0.9,2,13,0.95,13,lumpy,2217,0.8290106976152855,0.8685980235371304,0.19078379424284822,1.4902876913856047,0.07778655623967018,0.007360286238398808,0.15426251691474965,0.8208284465898763,0.8379383760261112,1.4121493840451127,1.5802238410912655
tsb,dead13,0.9,2,13,0.95,13,all,30381,0.8883577608343539,0.8693696119883539,0.16224226612555562,0.9840850384511222,0.032697709020413815,0.0039061155140849417,0.06000460814324742,0.8862960035212327,0.890675163718157,0.9679179456271285,1.0003758387505666
tsb,dead13,0.9,2,13,0.95,13,smooth,16102,0.9017479203982143,0.8609545962669798,0.15413452662212695,0.8854701646187154,0.01735152417496807,0.0023751589172420376,0.031176251397341946,0.8989168601507721,0.9039452413381844,0.865337632639254,0.9012172982711817
tsb,dead13,0.9,2,13,0.95,13,erratic,1777,0.8460110634574736,0.8386964751624291,0.18738299705821174,1.1295356700423975,0.07336061719864752,0.0046036412103569666,0.04727068092290377,0.8354495261832826,0.856153759474034,1.062286790126864,1.2186755962966354
tsb,dead13,0.9,2,13,0.95,13,intermittent,10285,0.8612252458906553,0.8880629336633226,0.1673571603200719,1.2493284933617899,0.0731677180204201,0.00976074065753457,0.09927078269324259,0.8566849795538314,0.866649640817427,1.206280958875079,1.2858537344271013
tsb,dead13,0.9,2,13,0.95,13,lumpy,2217,0.8290697252038722,0.8683519908147783,0.1911410115202572,1.4889073539294213,0.0749296209520696,0.007205906391325669,0.09742895805142084,0.8200276567794094,0.8376565748385166,1.410968717012635,1.5800713951399796
tsb,dead26,0.9,2,13,0.95,13,all,30381,0.8907604502472419,0.8726267314200562,0.1581969406413058,0.9985633681567815,0.034720765890568155,0.0002720953739502711,0.006385569928573779,0.8888203310603033,0.8930024309814123,0.9817482233063178,1.0154316120798768
tsb,dead26,0.9,2,13,0.95,13,smooth,16102,0.90326605645649,0.8629475728593851,0.15192527341855336,0.8924250667392355,0.017575433409170973,2.7519082627356023e-05,0.0024841634579555335,0.9003516163696162,0.905484961836541,0.8714892584324093,0.9091796568176407
tsb,dead26,0.9,2,13,0.95,13,erratic,1777,0.8496395994913917,0.8413311505601883,0.1843223486761953,1.1386284747065485,0.0747907714574245,0.00010425652829849257,0.004501969611705121,0.8399119243356111,0.8592597923202345,1.0730637871725717,1.229299070486811
tsb,dead26,0.9,2,13,0.95,13,intermittent,10285,0.866626859083125,0.8931144208246785,0.1598046794986157,1.2976503672348116,0.08319784960221975,0.0014435175715009233,0.012056392805055906,0.862419060513418,0.8722233575367765,1.2488164030260709,1.3365811173080455
tsb,dead26,0.9,2,13,0.95,13,lumpy,2217,0.833319711582121,0.8729651043588798,0.18444318756883873,1.5158012314063096,0.07877549537768576,0.00033146261283350587,0.009923319801533603,0.8251692612553361,0.8418707896134541,1.438939920720904,1.6100120947660383
tsb,none,0.9,2,13,0.95,52,all,30381,0.8909292604384274,0.8727987887166321,0.15798324636905559,0.9992673256927683,0.03474659511906909,0.0,0.0,0.8889060908237018,0.8931595509797737,0.9823393917078945,1.016140272773623
tsb,none,0.9,2,13,0.95,52,smooth,16102,0.9032892074307638,0.8630322602499971,0.1518313958036706,0.892522912366355,0.01758552373946767,0.0,0.0,0.9003713921027613,0.9055084196849265,0.8715732733437381,0.9092828936774888
tsb,none,0.9,2,13,0.95,52,erratic,1777,0.8496804844044499,0.8414846267969509,0.1841440584791846,1.1391518015936937,0.0748042634787337,0.0,0.0,0.8399697567635496,0.8592876816986025,1.073370372125068,1.2302079074668064
tsb,none,0.9,2,13,0.95,52,intermittent,10285,0.867519573704135,0.8934061077473815,0.15936857824383346,1.3010497772154792,0.08330623658711062,0.0,0.0,0.8631380511075488,0.8726634646606786,1.2523038354072464,1.339517938943932
tsb,none,0.9,2,13,0.95,52,lumpy,2217,0.8334650102617193,0.8732316398080945,0.184056202184979,1.5170862166040067,0.07877549537768576,0.0,0.0,0.8253325437381654,0.8420466894999888,1.4400804503918467,1.6114123352087277
tsb,quantile,0.9,2,13,0.95,52,all,30381,0.8855677916501465,0.8671298748320571,0.16502400808693454,0.9364167847465396,0.03014759627138904,0.010948070716873736,0.1413054211513775,0.8834927697012168,0.887942053782237,0.9222239799257662,0.9503014582036979
tsb,quantile,0.9,2,13,0.95,52,smooth,16102,0.8991113301960123,0.8582474226804124,0.15713548104454492,0.8465699756761885,0.015963863513212762,0.008226458462238032,0.10166438951683021,0.8962690320240158,0.9014663326689438,0.8301855982194877,0.8592797073097813
tsb,quantile,0.9,2,13,0.95,52,erratic,1777,0.8436479154827077,0.8359083235279071,0.1906219356372389,1.0659943824129456,0.07081512251164197,0.015663010192608826,0.15081598199212154,0.8327530308006753,0.8541562531152719,1.0057938433398603,1.1486718680230987
tsb,quantile,0.9,2,13,0.95,52,intermittent,10285,0.8579302815499733,0.8867724400053034,0.16928657799274485,1.177593060079891,0.06620493811103162,0.01890071949251243,0.18279047156052503,0.853457701609878,0.8635021384210914,1.138246362322966,1.2101311162921906
tsb,quantile,0.9,2,13,0.95,52,lumpy,2217,0.8244701138778401,0.8655431172345922,0.19521924210400976,1.405115421638606,0.06853647904974665,0.02040992389981656,0.22913847541723048,0.8155163385395136,0.8336029186967977,1.339266562346215,1.4874871862492096
tsb,fixed,0.9,2,13,0.95,52,all,30381,0.8907349065998914,0.872590823810336,0.1582415377068189,0.9982359017708728,0.034704360840033775,0.00035523121998522276,0.010796221322537112,0.8887916980135439,0.8929722586742278,0.9815183080027932,1.0149837932415158
tsb,fixed,0.9,2,13,0.95,52,smooth,16102,0.9032477104014052,0.8629278124682422,0.15194717819535933,0.8923656604656272,0.017575433409170973,5.067005690116347e-05,0.003974661532728853,0.900344037220687,0.905465883036281,0.871422187727421,0.9090715093740698
tsb,fixed,0.9,2,13,0.95,52,erratic,1777,0.849633466754433,0.8412799918146007,0.1843817787418655,1.1375388917735465,0.07467384060607794,0.00026166344357268724,0.007878446820483961,0.8399077757931873,0.8592575063706818,1.0725144268080073,1.2291575012015938
tsb,fixed,0.9,2,13,0.95,52,intermittent,10285,0.8665716802544532,0.893074645335219,0.15986414785154057,1.296756667277575,0.08315666254796124,0.0016809836020345223,0.019056878949927077,0.8623719954504171,0.8721964472586156,1.248057571271916,1.3358620549654212
tsb,fixed,0.9,2,13,0.95,52,lumpy,2217,0.833237981074847,0.8728420879977037,0.18462179620754324,1.514202945930729,0.078755516809241,0.0007855209865780345,0.02435723951285521,0.8250848720053177,0.8417174193911567,1.437045638950652,1.608038013207751
tsb,dead13,0.9,2,13,0.95,52,all,30381,0.8883577608343539,0.8693696119883539,0.16224226612555562,0.9840850384511222,0.032697709020413815,0.0039061155140849417,0.06000460814324742,0.8862960035212327,0.890675163718157,0.9679179456271285,1.0003758387505666
tsb,dead13,0.9,2,13,0.95,52,smooth,16102,0.9017479203982143,0.8609545962669798,0.15413452662212695,0.8854701646187154,0.01735152417496807,0.0023751589172420376,0.031176251397341946,0.8989168601507721,0.9039452413381844,0.865337632639254,0.9012172982711817
tsb,dead13,0.9,2,13,0.95,52,erratic,1777,0.8460110634574736,0.8386964751624291,0.18738299705821174,1.1295356700423975,0.07336061719864752,0.0046036412103569666,0.04727068092290377,0.8354495261832826,0.856153759474034,1.062286790126864,1.2186755962966354
tsb,dead13,0.9,2,13,0.95,52,intermittent,10285,0.8612252458906553,0.8880629336633226,0.1673571603200719,1.2493284933617899,0.0731677180204201,0.00976074065753457,0.09927078269324259,0.8566849795538314,0.866649640817427,1.206280958875079,1.2858537344271013
tsb,dead13,0.9,2,13,0.95,52,lumpy,2217,0.8290697252038722,0.8683519908147783,0.1911410115202572,1.4889073539294213,0.0749296209520696,0.007205906391325669,0.09742895805142084,0.8200276567794094,0.8376565748385166,1.410968717012635,1.5800713951399796
tsb,dead26,0.9,2,13,0.95,52,all,30381,0.8907604502472419,0.8726267314200562,0.1581969406413058,0.9985633681567815,0.034720765890568155,0.0002720953739502711,0.006385569928573779,0.8888203310603033,0.8930024309814123,0.9817482233063178,1.0154316120798768
tsb,dead26,0.9,2,13,0.95,52,smooth,16102,0.90326605645649,0.8629475728593851,0.15192527341855336,0.8924250667392355,0.017575433409170973,2.7519082627356023e-05,0.0024841634579555335,0.9003516163696162,0.905484961836541,0.8714892584324093,0.9091796568176407
tsb,dead26,0.9,2,13,0.95,52,erratic,1777,0.8496395994913917,0.8413311505601883,0.1843223486761953,1.1386284747065485,0.0747907714574245,0.00010425652829849257,0.004501969611705121,0.8399119243356111,0.8592597923202345,1.0730637871725717,1.229299070486811
tsb,dead26,0.9,2,13,0.95,52,intermittent,10285,0.866626859083125,0.8931144208246785,0.1598046794986157,1.2976503672348116,0.08319784960221975,0.0014435175715009233,0.012056392805055906,0.862419060513418,0.8722233575367765,1.2488164030260709,1.3365811173080455
tsb,dead26,0.9,2,13,0.95,52,lumpy,2217,0.833319711582121,0.8729651043588798,0.18444318756883873,1.5158012314063096,0.07877549537768576,0.00033146261283350587,0.009923319801533603,0.8251692612553361,0.8418707896134541,1.438939920720904,1.6100120947660383
tsb_nb,none,0.5,2,13,0.95,26,all,30381,0.7872990004501076,0.6958969571293063,0.3776944060414158,0.555274628320099,0.017269980645530807,0.0,0.0,0.7843482727241082,0.7901767966725171,0.5444927449805699,0.5669839536188374
tsb_nb,none,0.5,2,13,0.95,26,smooth,16102,0.8127828759669081,0.6793848307945936,0.35540813293070267,0.5159550617748804,0.009280220921448088,0.0,0.0,0.8093123011972284,0.8159225797536539,0.5032025695430845,0.5264195833549805
tsb_nb,none,0.5,2,13,0.95,26,erratic,1777,0.6988928365543831,0.6118330178544023,0.4509256232728137,0.6222295360788915,0.047662813945026146,0.0,0.0,0.6830740564921828,0.7148387558238991,0.5752466424343092,0.6956901882647304
tsb_nb,none,0.5,2,13,0.95,26,intermittent,10285,0.7427917728366451,0.7371016926680514,0.39305938245419286,0.6624326769023393,0.036424530142420496,0.0,0.0,0.7369454277775308,0.7492308849692025,0.6382786335204363,0.6842889232224633
tsb_nb,none,0.5,2,13,0.95,26,lumpy,2217,0.6589567554804846,0.6920490425226555,0.447116958890245,0.7301985143210011,0.027600392306434917,0.0,0.0,0.6457365862000047,0.6716418986427029,0.6786671438585061,0.7829115597253365
tsb_nb,quantile,0.5,2,13,0.95,26,all,30381,0.7851108142124854,0.6936302892657193,0.38050959580192956,0.5411140869724701,0.016995283309987074,0.0035538987617994597,0.05786511306408611,0.7821224231912979,0.7880893934119306,0.5306530094107367,0.5520559451826001
tsb_nb,quantile,0.5,2,13,0.95,26,smooth,16102,0.8109563514588718,0.6771801357256579,0.3578520801714831,0.5045390105928812,0.0091552930225366,0.002975555410437289,0.049993789591355114,0.8074748743631199,0.8141109461051321,0.4930203237604239,0.5141306651726704
tsb_nb,quantile,0.5,2,13,0.95,26,erratic,1777,0.6974679973343036,0.6104005729779506,0.45258966511157994,0.6172211342292581,0.04763582990240771,0.0018663962811083083,0.04276871131119865,0.6814932852061008,0.714345579885981,0.5705902415521978,0.6894018873188706
tsb_nb,quantile,0.5,2,13,0.95,26,intermittent,10285,0.7386868621179605,0.7345207053520131,0.3969182177995388,0.6323148898098497,0.035377511868374845,0.006695359657575954,0.07243558580456977,0.732661621815131,0.7455597219954624,0.6108874233399674,0.6498458834573064
tsb_nb,quantile,0.5,2,13,0.95,26,lumpy,2217,0.6563867850850905,0.6901217861975643,0.4499151608966154,0.7121860186345557,0.02722079950598449,0.004849343431591565,0.05953991880920163,0.6425579733557676,0.6696191969002906,0.6651611098805463,0.7625293990269584
tsb_nb,fixed,0.5,2,13,0.95,26,all,30381,0.7872087250753101,0.695844591865131,0.3777594434286224,0.5549541428067583,0.01726369786021977,0.00014564638675588855,0.004015667687041243,0.7842279146016822,0.7901293935223476,0.5441985619803938,0.5666343936619039
tsb_nb,fixed,0.5,2,13,0.95,26,smooth,16102,0.8127734845339479,0.6793707162294915,0.3554237791998498,0.5158823327707938,0.009280220921448088,2.1622136350065445e-05,0.0018010185070177617,0.8093024668164608,0.8159140270447489,0.5031032993546233,0.5263467102537458
tsb_nb,fixed,0.5,2,13,0.95,26,erratic,1777,0.6988785268348127,0.6118074384816085,0.4509553383056488,0.6218206869483092,0.047604348519352864,3.884066740532076e-05,0.0033764772087788407,0.6830402928554296,0.714834514927315,0.5749566196161724,0.6950900965443642
tsb_nb,fixed,0.5,2,13,0.95,26,intermittent,10285,0.7423010753959574,0.7369956246961595,0.3932179647286591,0.6610561621942255,0.03641369144393141,0.0007478701957468947,0.007097715119105494,0.7365041509235603,0.7490683548584424,0.63737931880473,0.6828633070587421
tsb_nb,fixed,0.5,2,13,0.95,26,lumpy,2217,0.6588614032219983,0.6919465288883422,0.4472657994224987,0.7297898617846311,0.027600392306434917,0.00018616393323525672,0.006314839873703203,0.6456535435970937,0.6715448954771537,0.6780525794687235,0.7826513203585493
tsb_nb,dead13,0.5,2,13,0.95,26,all,30381,0.7857446457104045,0.6939130616922657,0.38015839391101397,0.5482074467823492,0.0165862041775128,0.00220865288674153,0.04153911984463974,0.7827841683340544,0.7886937639266673,0.5379137181312096,0.5594593185678371
tsb_nb,dead13,0.5,2,13,0.95,26,smooth,16102,0.8116945617706215,0.6778378744594122,0.3571229640292272,0.512152186642281,0.009236496156829067,0.001567932493506261,0.025524779530493105,0.8082203607561081,0.8148618657973561,0.4998456528083816,0.5223046366851527
tsb_nb,dead13,0.5,2,13,0.95,26,erratic,1777,0.6974986610190973,0.6107842635698573,0.4521439396190533,0.6197416891192981,0.04752339639149757,0.0016067770831885327,0.032639279684862126,0.6815658310961865,0.7136280740239338,0.5720259108410196,0.6932667037739986
tsb_nb,dead13,0.5,2,13,0.95,26,intermittent,10285,0.7391696768688379,0.7343306669023733,0.3972023443746242,0.6391225777972217,0.032561618000910446,0.005143455101184177,0.06631016042780749,0.7331327233617806,0.7459403707350556,0.6165157560192206,0.6571304318030279
tsb_nb,dead13,0.5,2,13,0.95,26,lumpy,2217,0.6568862492962095,0.6897937425677615,0.4503914505998273,0.7199458762418497,0.027050981674204038,0.0033418696307597304,0.05006765899864682,0.6430350377078111,0.6701510900079857,0.6705710133066454,0.7710134320183737
tsb_nb,dead26,0.5,2,13,0.95,26,all,30381,0.7872236387576141,0.6958730187228261,0.37772413741842453,0.5550831302930682,0.017268933514645632,0.00011692961551099115,0.002205325696981666,0.784242265491208,0.7901380814600083,0.5443148548288131,0.5667968368547279
tsb_nb,dead26,0.5,2,13,0.95,26,smooth,16102,0.8127793814802252,0.679373539142512,0.35542064994602035,0.5159415206389844,0.009280220921448088,5.023324606580861e-06,0.0008073531238355484,0.8093086488476202,0.815920166898756,0.5031918083217014,0.5263990689601112
tsb_nb,dead26,0.5,2,13,0.95,26,erratic,1777,0.6988867038174243,0.6118330178544023,0.4509256232728137,0.622170252954957,0.047662813945026146,1.4309719570381334e-05,0.0016882386043894203,0.6830655298567562,0.7148347186235875,0.5751794958902159,0.6956390482166468
tsb_nb,dead26,0.5,2,13,0.95,26,intermittent,10285,0.74234541552614,0.7370530781809344,0.39313206599665657,0.6613626017605987,0.036418026923327046,0.0006828380048123821,0.004569761789013126,0.7365510672110669,0.7491013807124216,0.6376484575964629,0.6833475355379549
tsb_nb,dead26,0.5,2,13,0.95,26,lumpy,2217,0.6589431337292723,0.6920285397957928,0.4471467269966957,0.7300622968088778,0.027600392306434917,6.356817232423401e-05,0.0018042399639152007,0.6457176055428528,0.6716167266368336,0.678519502570473,0.7828193866578889
tsb_nb,none,0.8,2,13,0.95,26,all,30381,0.913124468799228,0.8720671711685832,0.15889191157888477,1.147715739503663,0.040066369059376605,0.0,0.0,0.9111780869965347,0.915241025003851,1.1296151564435932,1.1646777908818435
tsb_nb,none,0.8,2,13,0.95,26,smooth,16102,0.9255420986270817,0.8673343796930929,0.14706241296762787,1.0340111836678174,0.020013929897539466,0.0,0.0,0.9233010054530726,0.9276140345900196,1.012822547857407,1.0532275215664917
tsb_nb,none,0.8,2,13,0.95,26,erratic,1777,0.8999852814312991,0.8823348851486161,0.1366891510415119,1.6316412430648963,0.10423036195413529,0.0,0.0,0.8909656793733427,0.9084927920111419,1.5497698991063882,1.7499091710505432
tsb_nb,none,0.8,2,13,0.95,26,intermittent,10285,0.8750514838178232,0.8760242188535821,0.18535624847199372,1.3007167335709964,0.08898571459539138,0.0,0.0,0.8704513825724318,0.8798376316241038,1.2557721405376974,1.3407317438426947
tsb_nb,none,0.8,2,13,0.95,26,lumpy,2217,0.8595960696707169,0.8798540205847378,0.1744411038013872,1.731674204035671,0.08900452242140251,0.0,0.0,0.8519845570331495,0.8677855865175377,1.639442722187209,1.8301156718541738
tsb_nb,quantile,0.8,2,13,0.95,26,all,30381,0.9095123432139651,0.8684539679404891,0.16337949129613938,1.1112573392372476,0.03789217629812895,0.007237736947077212,0.08656726243375794,0.907496826051815,0.9117179751218146,1.0950171605261296,1.129314845333489
tsb_nb,quantile,0.8,2,13,0.95,26,smooth,16102,0.9227722811200966,0.8642489357617913,0.1504826874031887,1.0088714096606395,0.01951710125340685,0.005418638412577007,0.06732082971059496,0.9202512658536958,0.924946988933495,0.9897638594417968,1.0252339976011065
tsb_nb,quantile,0.8,2,13,0.95,26,erratic,1777,0.8963465241691163,0.8793420985317439,0.14016580988321992,1.5987309322986725,0.10354676620780165,0.007821283868039855,0.07597073719752391,0.8870061231392676,0.90468354207071,1.516830745811556,1.7071292264090683
tsb_nb,quantile,0.8,2,13,0.95,26,intermittent,10285,0.8680161831621804,0.8717107879966411,0.1918052609669554,1.2166330667013505,0.07877349287897509,0.014008525129029779,0.1104521147301896,0.862982851085005,0.8731230491426104,1.180859623406412,1.24764272837004
tsb_nb,quantile,0.8,2,13,0.95,26,lumpy,2217,0.8543062896165932,0.8751588961331858,0.18125800017860863,1.6714887665958338,0.08568808005957246,0.012559254617773661,0.12404149751917005,0.8464889131343497,0.8633873623074342,1.595294597203285,1.7590767081256573
tsb_nb,fixed,0.8,2,13,0.95,26,all,30381,0.912731318748704,0.8716347837015359,0.15942893457610488,1.1454431481704481,0.039918723604567205,0.0006609617072168102,0.01886047200552977,0.9107264009804029,0.9148358508913523,1.1273789024012597,1.1624280177115835
tsb_nb,fixed,0.8,2,13,0.95,26,smooth,16102,0.925434861567002,0.8671791194769707,0.1472345219282462,1.0336254797001991,0.020012007929863906,0.00014545800817316755,0.008508259843497703,0.9232067044011611,0.9275065252434741,1.012378224276517,1.052922450533643
tsb_nb,fixed,0.8,2,13,0.95,26,erratic,1777,0.8998953346225709,0.8820790914206784,0.136986301369863,1.6283050341593448,0.10371766514438506,0.0004967516936575235,0.007878446820483961,0.8908919858013223,0.9084054226216595,1.547048607698871,1.747380870660173
tsb_nb,fixed,0.8,2,13,0.95,26,intermittent,10285,0.8733862655954091,0.8752861625491669,0.1864597167984882,1.2924330119166563,0.08838091521970041,0.002701791932461114,0.03159941662615459,0.8683068559126107,0.8782840885104679,1.2485997825607835,1.3301353851743452
tsb_nb,fixed,0.8,2,13,0.95,26,lumpy,2217,0.8584473019851432,0.8786853651535654,0.17613788586907986,1.7202364736010463,0.08874480103162062,0.0023384006247843224,0.043752819124943616,0.8505745384395856,0.8668564271875971,1.6303333099962616,1.8098103003502226
tsb_nb,dead13,0.8,2,13,0.95,26,all,30381,0.9104814152513344,0.8690135281919621,0.1626845203585604,1.1308956443638893,0.0377232391819877,0.00425166870619205,0.05454066686415852,0.9084157890814548,0.9126464483290749,1.1137797855131057,1.149620628594344
tsb_nb,dead13,0.8,2,13,0.95,26,smooth,16102,0.923890516858605,0.865392215535055,0.14921533960227185,1.0263613155082478,0.019857289531981213,0.0026379006347079844,0.029623649236119737,0.9213877390184516,0.9260620839971383,1.0059837007792698,1.044994535754642
tsb_nb,dead13,0.8,2,13,0.95,26,erratic,1777,0.8963240374669343,0.880032741597176,0.1393635039966719,1.6185090089905922,0.10287666248277721,0.005791347934698617,0.03995498030388295,0.8864288777053964,0.9049214009076967,1.534029561830743,1.7353801246931473
tsb_nb,dead13,0.8,2,13,0.95,26,intermittent,10285,0.8686586223817153,0.8713616475891635,0.19232726095374023,1.2426695911445862,0.0764540114023108,0.010242570072185733,0.09100631988332523,0.863653866538866,0.873849351505755,1.2050260041817642,1.276578877297633
tsb_nb,dead13,0.8,2,13,0.95,26,lumpy,2217,0.8558818721734867,0.8755894533973019,0.18063286994314293,1.705997203000418,0.08595779073357672,0.0067745509362683665,0.07803337843933243,0.8474077403855933,0.8644107796629665,1.6192451679861422,1.7995403314894352
tsb_nb,dead26,0.8,2,13,0.95,26,all,30381,0.9129255139310452,0.8719684252418527,0.15901455350904578,1.1469889354756362,0.040059039143180396,0.0003276250421033877,0.004213159540502287,0.9109427562254434,0.9150067289579817,1.1288598920219879,1.1639699463150592
tsb_nb,dead26,0.8,2,13,0.95,26,smooth,16102,0.9255272470586796,0.8672835672587256,0.14711873953655752,1.033960076800081,0.020013929897539466,1.9219676755613728e-05,0.0018631225934666502,0.9232860093076488,0.9276025630777949,1.0127831555627367,1.0531819353475347
tsb_nb,dead26,0.8,2,13,0.95,26,erratic,1777,0.8999668832204228,0.8822837264030285,0.13674858110718213,1.631191509021256,0.10423036195413529,8.381407176937638e-05,0.0022509848058525606,0.8909530009935003,0.9084501338456492,1.5497558338551969,1.7490488594823574
tsb_nb,dead26,0.8,2,13,0.95,26,intermittent,10285,0.8739075084591115,0.8758430194015998,0.18562715985754025,1.2968384501843562,0.08894019206173723,0.0018475054242759257,0.008070004861448711,0.868832381731026,0.8788100775041965,1.2526921757882854,1.3347444676805804
tsb_nb,dead26,0.8,2,13,0.95,26,lumpy,2217,0.8595234203309178,0.8797515069504244,0.17458994433364095,1.730806952541819,0.08900452242140251,0.00027697560798416247,0.004961659900766802,0.8518957058038151,0.867771113860278,1.6383130984712415,1.8291699193148951
tsb_nb,none,0.9,2,13,0.95,26,all,30381,0.950053126026803,0.9294026469892965,0.08768154722085954,1.649751853778643,0.06363833241550725,0.0,0.0,0.9486297412235283,0.9515371343729817,1.624644131364711,1.671902750226068
tsb_nb,none,0.9,2,13,0.95,26,smooth,16102,0.9583210389283633,0.9282669572385136,0.07951746905950276,1.457375234267111,0.031078697805746288,0.0,0.0,0.9567487091022876,0.9599488295993712,1.4278448510273625,1.4845987826509863
tsb_nb,none,0.9,2,13,0.95,26,erratic,1777,0.9498791850819129,0.9516805647925513,0.056131697025525215,2.6536966094141596,0.16676588072235465,0.0,0.0,0.9432287407887864,0.9556072475642758,2.5131252079287525,2.83029798737243
tsb_nb,none,0.9,2,13,0.95,26,intermittent,10285,0.919857678035476,0.9254784107482211,0.1114172630020946,1.8065617480652925,0.13781621902841906,0.0,0.0,0.9158551078506156,0.9238837498734797,1.7450185073743387,1.8636621927688288
tsb_nb,none,0.9,2,13,0.95,26,lumpy,2217,0.9176973791750668,0.9379997539672776,0.09001875390706397,2.6966844657549176,0.16965800323289562,0.0,0.0,0.9115873683390373,0.9241381957030086,2.5680263225506184,2.8313557421818643
tsb_nb,quantile,0.9,2,13,0.95,26,all,30381,0.9453175559267053,0.9250249109042434,0.09311867279133033,1.5909589450124602,0.05823408991712911,0.010681845622128225,0.11596063329054343,0.9437242502154864,0.9470128397006609,1.568192295754217,1.6135655355301792
tsb_nb,quantile,0.9,2,13,0.95,26,smooth,16102,0.9549883906600234,0.9247270243109269,0.08344155336160093,1.419624294632403,0.029885636371141566,0.007472959771250902,0.08297105949571482,0.9530828671208943,0.956719807646854,1.3934230720244811,1.444250469058083
tsb_nb,quantile,0.9,2,13,0.95,26,erratic,1777,0.9431393071642633,0.9473832301631964,0.061123822541823906,2.5821500558079062,0.1635772663529431,0.01579588616004808,0.11817670230725942,0.9355430642811703,0.950681857157594,2.448434177265762,2.740975514629079
tsb_nb,quantile,0.9,2,13,0.95,26,intermittent,10285,0.9103708608488474,0.9202103681442524,0.11929351596725277,1.670736105281205,0.11357655372742839,0.020382665176838292,0.15226057365094797,0.9056419288106197,0.9149833601884474,1.6243765863665092,1.7136916022113682
tsb_nb,quantile,0.9,2,13,0.95,26,lumpy,2217,0.9101418478359578,0.9316029031861237,0.09930640311969756,2.5837419858697035,0.15857988703027665,0.021331662398517953,0.18538565629228687,0.9034395024575521,0.917033897710735,2.4694953908452453,2.6925768401366876
tsb_nb,fixed,0.9,2,13,0.95,26,all,30381,0.9492151040062752,0.9283837685634861,0.08894698895479344,1.6435437955353196,0.06316886873532133,0.0016858807251286187,0.03670056943484415,0.947714748466969,0.9507835651756458,1.6184492440537388,1.6656905893672582
tsb_nb,fixed,0.9,2,13,0.95,26,smooth,16102,0.9580128688840204,0.9278294057203509,0.08000250340306354,1.456019591839587,0.03104890730677509,0.0004717557021832461,0.015029188920630978,0.9564097537691377,0.9596134964750843,1.4267820333022108,1.483244458419544
tsb_nb,fixed,0.9,2,13,0.95,26,erratic,1777,0.9496297871122577,0.9510155010999131,0.056904287879238104,2.642504364464469,0.16583493125201867,0.0018929714745961593,0.022509848058525603,0.9430080172423717,0.9553787649676425,2.5023154569436707,2.809844341373768
tsb_nb,fixed,0.9,2,13,0.95,26,intermittent,10285,0.9168297398121161,0.9238564546780395,0.11384225028247467,1.7875437735618525,0.13601699507923087,0.005661741956207717,0.059406903257170636,0.9120870009588021,0.9212141196639634,1.7267769887894013,1.8390566163922468
tsb_nb,fixed,0.9,2,13,0.95,26,lumpy,2217,0.9146279445685538,0.9352728912945422,0.09397791206501355,2.659696870629688,0.16720063931419024,0.008145807224976842,0.10013531799729364,0.9080998657356049,0.9212097200716476,2.5340078392547563,2.783234894956134
tsb_nb,dead13,0.9,2,13,0.95,26,all,30381,0.9464122836702953,0.9256892016840669,0.09229362707933818,1.624761599235404,0.059506004898985984,0.005965314265397227,0.05875382640466081,0.9449016181410791,0.9480881285280128,1.6009207750020225,1.648079212066792
tsb_nb,dead13,0.9,2,13,0.95,26,smooth,16102,0.9562306806757725,0.9260312101263536,0.08199583809240686,1.4466860363151424,0.030681330988823974,0.003449276761379632,0.03098993913799528,0.9544545472487452,0.9578992148000847,1.4179316203745642,1.4738038932749509
tsb_nb,dead13,0.9,2,13,0.95,26,erratic,1777,0.943169970849057,0.94835524632936,0.05999465129408968,2.6312691903560665,0.16368969986385323,0.010045423138407696,0.04614518851997749,0.9349529935320565,0.9507595189351837,2.4902245638384133,2.8062256757901776
tsb_nb,dead13,0.9,2,13,0.95,26,intermittent,10285,0.9110832589404483,0.9197419012683962,0.11999392101281213,1.7192816504775925,0.1168259955344562,0.01444995575840344,0.09771511910549344,0.9065217891931069,0.9158414804617911,1.6680160289921626,1.762618165354603
tsb_nb,dead13,0.9,2,13,0.95,26,lumpy,2217,0.9122940845275068,0.9326280395292574,0.09781799779716012,2.655728400443161,0.16321491490946077,0.010111879983290651,0.08976093820478123,0.9052194313690632,0.9188625353799826,2.529442670546952,2.7776155867858128
tsb_nb,dead26,0.9,2,13,0.95,26,all,30381,0.9497635784714332,0.9292380704447457,0.08788595043779453,1.6484391324235035,0.06361843692868896,0.0005129354775400737,0.005332280043448208,0.9482472366362308,0.9513183033349787,1.6234712026118652,1.6711749533968352
tsb_nb,dead26,0.9,2,13,0.95,26,smooth,16102,0.9582937382511536,0.9281822698479014,0.07961134667438549,1.457266905179943,0.031075334362314057,3.625529933445317e-05,0.002173643025711092,0.9567247334247775,0.9599257303444648,1.4277452764947578,1.4844901553761463
tsb_nb,dead26,0.9,2,13,0.95,26,erratic,1777,0.9498423886601605,0.9515270885557886,0.05630998722253588,2.6527276369746797,0.16676588072235465,0.00017784937180331085,0.0039392234102419805,0.9432034388458438,0.9555953969226111,2.5129124172656243,2.8294987369396876
tsb_nb,dead26,0.9,2,13,0.95,26,intermittent,10285,0.9182269465809818,0.925191143324347,0.11184675666210743,1.7997767228111248,0.1377078320435282,0.002825944296972456,0.01011181332036947,0.9135744283956271,0.9223782962040716,1.7385803716385975,1.8532075892258295
tsb_nb,dead26,0.9,2,13,0.95,26,lumpy,2217,0.9175747834141558,0.9378152294255135,0.09028666686512071,2.6947865017526658,0.16965800323289562,0.0005085453785938721,0.007216959855660803,0.9114528013636397,0.9240779033169011,2.56694492614805,2.83032619805447
tsb_nb,none,0.95,2,13,0.95,26,all,30381,0.9687268014895278,0.9579491967168475,0.05222688013795359,2.160522626197914,0.09635384266096901,0.0,0.0,0.9676065992256875,0.9698450311445284,2.126190572271182,2.1913783823914312
tsb_nb,none,0.95,2,13,0.95,26,smooth,16102,0.9746839728207563,0.9584580119917345,0.04605009935380908,1.879895366332499,0.046207466363927634,0.0,0.0,0.9734888506726657,0.9758856448675929,1.8465093846765082,1.9145272951438674
tsb_nb,none,0.95,2,13,0.95,26,erratic,1777,0.972198259120402,0.9751880083900343,0.028823581850057945,3.7528711430195143,0.26783910969013325,0.0,0.0,0.9676065771727096,0.9767925385773827,3.5457822591246204,3.9929184834646856
tsb_nb,none,0.95,2,13,0.95,26,intermittent,10285,0.9453424141919947,0.9532151853979759,0.0699479982291646,2.3164959078986525,0.19540222410092994,0.0,0.0,0.9418837963861239,0.9484627357174925,2.2352253901123786,2.388579461656246
tsb_nb,none,0.95,2,13,0.95,26,lumpy,2217,0.9449272598485261,0.9623979989338582,0.054594707230673056,3.7390798961114444,0.30155651210519624,0.0,0.0,0.9395613819739151,0.9498714041924307,3.5483054623582486,3.9371367455963067
tsb_nb,quantile,0.95,2,13,0.95,26,all,30381,0.9623767459519269,0.9524732862345185,0.0590279326286997,2.0728565111788364,0.08497118089550951,0.01547992626294694,0.13607188703465983,0.9610442792391409,0.963740076501256,2.0433180683444383,2.102640449540894
tsb_nb,quantile,0.95,2,13,0.95,26,smooth,16102,0.9703944904175715,0.954254694504353,0.050709558305821974,1.8270041263335561,0.04343070356466034,0.01024561654866586,0.09514346043969693,0.9689858758517758,0.9718641340165276,1.7959537957858156,1.859727904833271
tsb_nb,quantile,0.95,2,13,0.95,26,erratic,1777,0.9613065182816889,0.9693303320202589,0.03562832436929843,3.615084897521965,0.2560740671084963,0.030109694221735237,0.14124929656724816,0.9544063004542052,0.96855332456469,3.415308140789361,3.827746767413759
tsb_nb,quantile,0.95,2,13,0.95,26,intermittent,10285,0.9327232131420204,0.9464798691828347,0.08001797265777284,2.1188266222082963,0.14992738072012313,0.028031830301453765,0.1777345649003403,0.9284152501186343,0.9366709056356354,2.060879011123479,2.173906947320952
tsb_nb,quantile,0.95,2,13,0.95,26,lumpy,2217,0.9347154870230117,0.953827859105261,0.067037775727086,3.54669082257215,0.269211209793131,0.03396356635609074,0.2359043752819125,0.9286919809924693,0.9409498373881651,3.3779598597341773,3.728160373374848
tsb_nb,fixed,0.95,2,13,0.95,26,all,30381,0.9671886296816865,0.956146335478813,0.05446602446892328,2.144893404455732,0.09482817296127187,0.004020030661896192,0.05628517823639775,0.9658879529139172,0.9683360086183167,2.1106459340395793,2.175971485692648
tsb_nb,fixed,0.95,2,13,0.95,26,smooth,16102,0.9740857603817378,0.9576563046939398,0.04693880744136561,1.8755366494119103,0.045977310734779155,0.0012516814487093441,0.02273009564029313,0.9727892301941776,0.9752942750795744,1.842190034711848,1.9097734671911524
tsb_nb,fixed,0.95,2,13,0.95,26,erratic,1777,0.9713498971744436,0.9739090397503454,0.030309333491813507,3.718922355461611,0.26583779319593276,0.006609046195863264,0.04727068092290377,0.9667226987903899,0.9761864582540875,3.5108211777430687,3.9506084354262385
tsb_nb,fixed,0.95,2,13,0.95,26,intermittent,10285,0.9403910996549353,0.9504397401334689,0.07409756774436538,2.280741997591838,0.1917777633261798,0.010310558271799086,0.08701993193971803,0.9358780195001165,0.9442337256270288,2.201574340568133,2.349793196723168
tsb_nb,fixed,0.95,2,13,0.95,26,lumpy,2217,0.9380437349025591,0.9574158363062287,0.061828357098204986,3.622568517408598,0.28382553261047244,0.02683484988830164,0.16463689670726206,0.9321225706091365,0.9443044892830329,3.449672806287649,3.818614998146134
tsb_nb,dead13,0.95,2,13,0.95,26,all,30381,0.963983774548278,0.9533605034246883,0.05792601346831378,2.1265675033718408,0.08996390095601464,0.007805091499407339,0.0599058622165169,0.9626860015536483,0.9652921038406314,2.0938605956036898,2.157166333492824
tsb_nb,dead13,0.95,2,13,0.95,26,smooth,16102,0.9720908452966721,0.955736723840065,0.04906670004537418,1.866050428500509,0.04547471618761986,0.004274849240200313,0.031114147310893056,0.9706858376594748,0.9734239000554366,1.8343508238420725,1.900795859636015
tsb_nb,dead13,0.95,2,13,0.95,26,erratic,1777,0.9623511278103267,0.970813935642298,0.033904852464861975,3.7176774098589878,0.2610436282907244,0.015006807338024196,0.04727068092290377,0.954523519489187,0.9698039690280994,3.509158903572056,3.952782245086142
tsb_nb,dead13,0.95,2,13,0.95,26,intermittent,10285,0.9339538980886448,0.9462191187519335,0.08040782074916909,2.1980111973608754,0.16468535258286185,0.018888895457797063,0.09917355371900827,0.9296577365365156,0.9380846608049949,2.1338901406979525,2.2546401839007504
tsb_nb,dead13,0.95,2,13,0.95,26,lumpy,2217,0.9374489184329537,0.9552425472587854,0.06498377638198434,3.6793167329591894,0.2905583101763563,0.014125756007192285,0.09697789806044203,0.9311113910493425,0.943197058216093,3.499656894673177,3.872475629943809
tsb_nb,dead26,0.95,2,13,0.95,26,all,30381,0.9683339687513932,0.9576903626967812,0.05254835065186044,2.158491192280678,0.09630392942210908,0.00071665003156465,0.006188078075112735,0.9670715656188421,0.969517010381376,2.124604021316732,2.1886495639426276
tsb_nb,dead26,0.95,2,13,0.95,26,smooth,16102,0.9746383260884616,0.9583196892537347,0.04620343279145088,1.8797005486999305,0.046190649146766474,5.7440624849163756e-05,0.002422059371506645,0.9734452914317526,0.9758390825848292,1.846347321179172,1.9143323318540348
tsb_nb,dead26,0.95,2,13,0.95,26,erratic,1777,0.9721226220312442,0.9749577940348902,0.029091017145573946,3.7511928173384734,0.2678121256475148,0.00030868109358965447,0.004501969611705121,0.9675221914417107,0.9767612305874404,3.543639268049044,3.991205817595284
tsb_nb,dead26,0.95,2,13,0.95,26,intermittent,10285,0.943193395882477,0.9527688160162637,0.07061536530087682,2.3062897952668386,0.19518761787084604,0.0038664593519246574,0.01166747690811862,0.9387472115436511,0.9468937424083339,2.226488664866772,2.3772549016105953
tsb_nb,dead26,0.95,2,13,0.95,26,lumpy,2217,0.9447047712453913,0.9621109607577808,0.055011460720983535,3.7357516482318966,0.3015265442525291,0.0008127644890027062,0.009472259810554804,0.9393022928378607,0.9496449245630174,3.545406990711225,3.934976512225792
tsb_nb,none,0.99,2,13,0.95,26,all,30381,0.9864060199237277,0.9844639741943978,0.019295663678663276,3.3405398150100503,0.239613913323265,0.0,0.0,0.9856135878757184,0.987138127069962,3.2832521842487217,3.3969750157795526
tsb_nb,none,0.99,2,13,0.95,26,smooth,16102,0.9896473647966721,0.9859644764625513,0.015558650039897986,2.830793460330259,0.10287620278593582,0.0,0.0,0.9887989794772073,0.9904389213717916,2.7821861937388683,2.8846167219479835
tsb_nb,none,0.99,2,13,0.95,26,erratic,1777,0.9915961061208803,0.993860950529493,0.007131607880426708,6.472932143309797,0.9178846963681931,0.0,0.0,0.9886920107423378,0.9939342652101815,6.074987804648398,6.876164153881588
tsb_nb,none,0.99,2,13,0.95,26,intermittent,10285,0.9722874186358611,0.9806293366332258,0.02896108787440284,3.4863166358256428,0.366863930979168,0.0,0.0,0.9693295549689938,0.9747436714503201,3.356309201781429,3.604484973424712
tsb_nb,none,0.99,2,13,0.95,26,lumpy,2217,0.9725521713071432,0.9838233485053512,0.0234870359896407,6.308727910060118,0.9894186236582575,0.0,0.0,0.9681703858076319,0.9766741284964485,5.96486924203281,6.703196293042289
tsb_nb,quantile,0.99,2,13,0.95,26,all,30381,0.9773654726360108,0.9767034420436218,0.028934204462679688,3.147314656643403,0.19135269795652407,0.02768138091813388,0.1755373424179586,0.9763406842244976,0.9785266040324199,3.09935985772922,3.199655609631987
tsb_nb,quantile,0.99,2,13,0.95,26,smooth,16102,0.9839188090964109,0.9804964939420286,0.021620014707492998,2.7227183786630134,0.08787620606201708,0.017573555122578948,0.1144578313253012,0.9827853320680098,0.9850837182414174,2.6761889351728416,2.771141534379682
tsb_nb,quantile,0.99,2,13,0.95,26,erratic,1777,0.9754097690411261,0.984831431933289,0.01762101447122099,6.026930892231458,0.7977337492691822,0.06718208913728745,0.21553179516038268,0.9694184996993623,0.9812347881185753,5.6763356460946515,6.388859683746452
tsb_nb,quantile,0.99,2,13,0.95,26,intermittent,10285,0.9535995317682253,0.9706014937906041,0.04395372040623493,3.10440129985555,0.23786607704146884,0.043342969921626354,0.22741857073407876,0.9493988192557825,0.957335306148501,3.020397405296425,3.1829552765948
tsb_nb,quantile,0.99,2,13,0.95,26,lumpy,2217,0.9549846528269674,0.9709476360355928,0.04218140684071086,5.776226411667484,0.7813917797272018,0.07791187635082367,0.34641407307171856,0.9492447059189306,0.9605454277727961,5.47375093670073,6.107385596618503
tsb_nb,fixed,0.99,2,13,0.95,26,all,30381,0.9833744173549569,0.9808148633565835,0.023827840461430973,3.2523877360665354,0.2130520422463369,0.02119265986634485,0.09390737632072677,0.9823289795424344,0.9843166921514722,3.198393414086328,3.302620114637349
tsb_nb,fixed,0.99,2,13,0.95,26,smooth,16102,0.9885372100586178,0.9844513950836147,0.017235930092469452,2.8081290933270373,0.09941425851033091,0.0052288441046153215,0.03521301701651969,0.9876295312516583,0.9892723201777569,2.760065763214382,2.8609697213435212
tsb_nb,fixed,0.99,2,13,0.95,26,erratic,1777,0.9876793314499017,0.9893589809177878,0.012361453659406293,6.095701360241057,0.7674756428130455,0.09005924223902138,0.13111986494091166,0.9838421779899985,0.9906219957522908,5.7508564647149205,6.5140546464574465
tsb_nb,fixed,0.99,2,13,0.95,26,intermittent,10285,0.9639879316019005,0.9755734299730411,0.036520176290628446,3.374802193752574,0.34848149834167913,0.028588545269302244,0.13641225085075354,0.959721738524588,0.9678360189003355,3.2598078807686686,3.481884474273132
tsb_nb,fixed,0.99,2,13,0.95,26,lumpy,2217,0.9558155796509199,0.971870258744413,0.04084184205042717,5.608851413937776,0.720007628180679,0.16603098494342433,0.2931889941362201,0.9497993385512534,0.9620642938167367,5.333505203923351,5.89281032281379
tsb_nb,dead13,0.99,2,13,0.95,26,all,30381,0.9797837103559817,0.9782130578022747,0.027059269500066895,3.280145589270526,0.22516629945690397,0.012495444584009011,0.060103354069977945,0.978665449281866,0.980965924299014,3.226406363525343,3.3344301568839985
tsb_nb,dead13,0.99,2,13,0.95,26,smooth,16102,0.9861742818447657,0.9823850227526789,0.01952654389560809,2.807509695562504,0.10082786573570629,0.006276098082378593,0.031176251397341946,0.9851673614627505,0.987121226154678,2.7591586036453255,2.8599133523562092
tsb_nb,dead13,0.99,2,13,0.95,26,erratic,1777,0.97904239356635,0.9879521154141301,0.013995780465337414,6.383338989079639,0.886889026080486,0.028310758047173014,0.04727068092290377,0.9729185137237515,0.9846558132304347,5.98787617843483,6.783767656681517
tsb_nb,dead13,0.99,2,13,0.95,26,intermittent,10285,0.955804714242641,0.9710125071816856,0.04333921409267812,3.285951470220183,0.30796861112917556,0.029838936940452192,0.09946524064171124,0.9517080131953325,0.9594745586452478,3.1854402470920875,3.375532931606438
tsb_nb,dead13,0.99,2,13,0.95,26,lumpy,2217,0.9590711781906682,0.9735104768934268,0.03846039353436728,6.186681559781326,0.9587714996639969,0.026744038213552736,0.09788001804239964,0.9536319065868437,0.9646232367325178,5.8571799715617985,6.55472858786561
tsb_nb,dead26,0.99,2,13,0.95,26,all,30381,0.9858215305023674,0.9839492984550751,0.01993488828435089,3.3361937458679978,0.23941600558596732,0.0012551291564551574,0.007932589447351963,0.9848058243784833,0.9866858022912718,3.2796558817070154,3.392395081929542
tsb_nb,dead26,0.99,2,13,0.95,26,smooth,16102,0.989547990331629,0.9857273517688373,0.015821507361569634,2.8301908797828874,0.10275463833045657,0.0001271119530882635,0.002794683890199975,0.9887037733476705,0.9903304856814216,2.781632560453929,2.883706332646987
tsb_nb,dead26,0.99,2,13,0.95,26,erratic,1777,0.9914509646795236,0.9934516805647926,0.007607048405788489,6.468453201084268,0.9177227921124825,0.0007686363654947687,0.004501969611705121,0.9884317448131832,0.993801977333378,6.0713411219705335,6.870076215951322
tsb_nb,dead26,0.99,2,13,0.95,26,intermittent,10285,0.9693314099570196,0.9797321783709727,0.03030242961259672,3.4661487739461334,0.3663284992738072,0.0064647909806263195,0.014778804083616918,0.9654890972037908,0.9726706713312939,3.340928331111285,3.5825427419289113
tsb_nb,dead26,0.99,2,13,0.95,26,lumpy,2217,0.9718347590766269,0.9829827367039816,0.024707528354121395,6.299760257178663,0.9891089558473638,0.001779908825078552,0.016238159675236806,0.9675119312657751,0.9759369828226329,5.956578942715768,6.6955488248441615
tsb_nb,none,0.9,1,13,0.95,26,all,30381,0.9600364084235651,0.9328602505752699,0.08338722145416165,1.2867961396409324,0.03814174249242853,0.0,0.0,0.9588373717892218,0.9612882187331703,1.2667943373559707,1.3039145417108786
tsb_nb,none,0.9,1,13,0.95,26,smooth,16102,0.9672785003235677,0.9321428168155282,0.0752210035517031,1.1409186699721598,0.017686907534353535,0.0,0.0,0.9659666332810662,0.9685331319378696,1.1199954790216393,1.1607207202418945
tsb_nb,none,0.9,1,13,0.95,26,erratic,1777,0.9588411580242775,0.9534199621425282,0.05411107479273765,2.035927617349922,0.09310843905490435,0.0,0.0,0.9534446260083236,0.963839528310984,1.932307413984096,2.153959837607949
tsb_nb,none,0.9,1,13,0.95,26,intermittent,10285,0.9347293576987276,0.9289786538206567,0.10618404794470765,1.4108901330400971,0.09071557087424942,0.0,0.0,0.9311419332063808,0.937925183291491,1.3621551784897636,1.4527656131233366
tsb_nb,none,0.9,1,13,0.95,26,lumpy,2217,0.9287491599920086,0.9395989666625661,0.08769684160390558,2.0837646887883907,0.09903376378067165,0.0,0.0,0.9231001665004389,0.9345322796070467,1.9942482473092542,2.183089555598491
tsb_nb,quantile,0.9,1,13,0.95,26,all,30381,0.9575339242641961,0.9301716682974706,0.0867264267344542,1.2581485424969343,0.03579302791698537,0.006027031525144548,0.08330864685165071,0.9562442926759565,0.9589556405518166,1.240714994860025,1.2751928802719807
tsb_nb,quantile,0.9,1,13,0.95,26,smooth,16102,0.9654751267898051,0.9300228091372049,0.0775710731776008,1.1239083824217708,0.017369302375967018,0.004153197422553985,0.06260091914047944,0.9639989430827344,0.96693651532281,1.10457932385087,1.1427823340997176
tsb_nb,quantile,0.9,1,13,0.95,26,erratic,1777,0.9555785419622305,0.9508108661175628,0.057142008141919,2.001756007015851,0.09208754277584028,0.008463177003054103,0.07315700619020822,0.9496052009513793,0.9615277626563837,1.9023205836930952,2.112871297844841
tsb_nb,quantile,0.9,1,13,0.95,26,intermittent,10285,0.9297396150488432,0.9256463517037168,0.11116617440085634,1.3375998391931279,0.07871496390713403,0.012139342307775683,0.10947982498784638,0.9261137851685409,0.9330523657596299,1.300053472090732,1.3708069537900516
tsb_nb,quantile,0.9,1,13,0.95,26,lumpy,2217,0.9248624203127555,0.9357034485586583,0.09335278182954783,2.031171107357562,0.09598703209284587,0.011405946348462558,0.12043301759133965,0.9190721001025749,0.9305291936848976,1.9459536725589919,2.115629016193865
tsb_nb,fixed,0.9,1,13,0.95,26,all,30381,0.9596561095248136,0.9323590401895921,0.08400972216028185,1.284203380106766,0.037987465208679703,0.0008657868546044487,0.023666107106415195,0.9583991361414568,0.9609356889066909,1.263919854445533,1.3010651282142032
tsb_nb,fixed,0.9,1,13,0.95,26,smooth,16102,0.9671424337483546,0.931902869208794,0.07548699012720417,1.1405288163016056,0.01768210261516463,0.00020049617342787957,0.010247174264066575,0.9658045566852138,0.9684101588247548,1.1195737455891275,1.160396108632144
tsb_nb,fixed,0.9,1,13,0.95,26,erratic,1777,0.9587144147937969,0.953215327160178,0.054348795055418536,2.031526356459203,0.09263621830908177,0.0007584151372302107,0.013505908835115363,0.9532953343527925,0.9637349429005287,1.9279356277386765,2.1455646527657564
tsb_nb,fixed,0.9,1,13,0.95,26,intermittent,10285,0.9333055468517523,0.9281566270384938,0.10741306057182125,1.4014338612764832,0.09005007478701957,0.003364923212747886,0.03908604764219738,0.9294304004038392,0.9366118706306811,1.3545382492204596,1.440757441087136
tsb_nb,fixed,0.9,1,13,0.95,26,lumpy,2217,0.9275368241341106,0.9384508139582565,0.0893638555651475,2.071019270237382,0.09883397809622406,0.0034190595542963,0.05773567884528642,0.9219686166167895,0.9332284742492108,1.9821400792941954,2.166439449051884
tsb_nb,dead13,0.9,1,13,0.95,26,all,30381,0.9576340363230665,0.9300833954235751,0.08683606118717388,1.2700038093352353,0.03543665437239814,0.00425119273760788,0.05707514565024193,0.9564079910075102,0.9589647431049565,1.2515368299261695,1.2870031128112884
tsb_nb,dead13,0.9,1,13,0.95,26,smooth,16102,0.9658486000540335,0.930519641828796,0.07702032450362212,1.1339803666633832,0.01748510092841959,0.002473659760614558,0.03061731461930195,0.9643796443403965,0.9672402844943103,1.1137563065549,1.1533816442629181
tsb_nb,dead13,0.9,1,13,0.95,26,erratic,1777,0.954642277453197,0.9511178185910881,0.05678542774789766,2.021626074762152,0.09136347096557898,0.0069974528699164725,0.04276871131119865,0.9482394760036127,0.9601613056690668,1.9201327485847772,2.1400133646317383
tsb_nb,dead13,0.9,1,13,0.95,26,intermittent,10285,0.9290617037251622,0.9245945109824546,0.11273878195598021,1.3505639079223002,0.07647352105959115,0.010352927729529147,0.09547885269810404,0.9253159437810157,0.9325202075482629,1.3113291627000985,1.3839678735176304
tsb_nb,dead13,0.9,1,13,0.95,26,lumpy,2217,0.9251666394231642,0.9355189240168943,0.09362069478760456,2.0571886521731235,0.09531775004994643,0.006987958371928295,0.08254397834912043,0.9188313526932634,0.93097992857128,1.96908163064165,2.14371240139865
tsb_nb,dead26,0.9,1,13,0.95,26,all,30381,0.9599105940611495,0.9327420546932742,0.08353402012814223,1.2859555791212889,0.03813092213994841,0.00036681312220001564,0.004739804483065073,0.9586820348018616,0.9612051893121901,1.2659808465870583,1.3028709035262647
tsb_nb,dead26,0.9,1,13,0.95,26,smooth,16102,0.967260591079318,0.932077889816059,0.07529297638977986,1.1408533667522742,0.017686907534353535,2.3806190526839733e-05,0.0021115389392622036,0.965949044838603,0.9685177903320493,1.1199396218168747,1.1606253575331373
tsb_nb,dead26,0.9,1,13,0.95,26,erratic,1777,0.9588166270764426,0.9533176446513532,0.05422993492407809,2.0353061666714365,0.09310843905490435,0.00011652200221596228,0.0028137310073157004,0.9534376491243427,0.9638328667317871,1.93198921331329,2.1531872364389097
tsb_nb,dead26,0.9,1,13,0.95,26,intermittent,10285,0.9340593290648568,0.9287753568745304,0.10648799730410133,1.4065103135142802,0.0906483709436171,0.002041616660853183,0.00904229460379193,0.9302850721683432,0.9372178194993797,1.35902726862503,1.4461418952366005
tsb_nb,dead26,0.9,1,13,0.95,26,lumpy,2217,0.9286628889009971,0.9394759503013901,0.08787545024261006,2.0826295428540296,0.09903376378067165,0.00033600319657095117,0.005412719891745603,0.9229418593166895,0.9344801340327452,1.9937215554280312,2.182758561871183
tsb_nb,none,0.9,4,13,0.95,26,all,30381,0.9311506683312875,0.9205948095550149,0.09862083574900772,2.311061176718092,0.1251118962477334,0.0,0.0,0.9292201806924738,0.933363556051992,2.273319619858499,2.3455452634390346
tsb_nb,none,0.9,4,13,0.95,26,smooth,16102,0.9418440974079426,0.9191376565305269,0.08963747594386119,2.043419433845108,0.06593069865053844,0.0,0.0,0.9399735433352392,0.9438319593944441,2.0011654668275867,2.085115667589176
tsb_nb,none,0.9,4,13,0.95,26,erratic,1777,0.9275907747282175,0.9421906174860593,0.0671559742073515,3.747713511237218,0.3420362322099522,0.0,0.0,0.9190158711621086,0.9354326891540338,3.5417751915695037,3.9979306757130897
tsb_nb,none,0.9,4,13,0.95,26,intermittent,10285,0.8929481456957558,0.9174746983692049,0.12338361712952868,2.5162807104668325,0.2392686046259565,0.0,0.0,0.8878295411223831,0.8980512903855488,2.4208061089252313,2.599107339647222
tsb_nb,none,0.9,4,13,0.95,26,lumpy,2217,0.8927877367914419,0.9283429696149588,0.10403953204536659,3.7385441072304255,0.347597123086144,0.0,0.0,0.8846434729824563,0.9007739905094522,3.5355927080174414,3.922023676994014
tsb_nb,quantile,0.9,4,13,0.95,26,all,30381,0.9211072552367253,0.9118124066776185,0.10952853468908412,2.1561107147350516,0.10461814865038314,0.023484289942926607,0.16151542082222442,0.9190182087049167,0.9237179126246259,2.1198253633702384,2.188937312278048
tsb_nb,quantile,0.9,4,13,0.95,26,smooth,16102,0.9342162881955585,0.9118517180248642,0.0977140800776055,1.9378785102391736,0.057833448833398374,0.01668595550513788,0.11464414358464788,0.9318199403119514,0.9367640819728019,1.900390124084395,1.9729446204818186
tsb_nb,quantile,0.9,4,13,0.95,26,erratic,1777,0.9129355776424941,0.9331355195170614,0.0776750958309809,3.512964605930765,0.3160281124662188,0.04258981393276067,0.16432189082723692,0.901149426264565,0.9233916635324764,3.33048919457073,3.7054088636525373
tsb_nb,quantile,0.9,4,13,0.95,26,intermittent,10285,0.8753510260306124,0.9071993635921687,0.13874627496844874,2.210308193464856,0.17431662006026316,0.03989527846587091,0.2102090422946038,0.8697172558574471,0.8815152866404131,2.149670837900318,2.266945514347885
tsb_nb,quantile,0.9,4,13,0.95,26,lumpy,2217,0.8775767812710003,0.9158363062287285,0.12219807698032328,3.429561924481012,0.28650266078207015,0.04675893132821155,0.2737934145241317,0.8689341349822202,0.8864926557265039,3.2713173403873514,3.5770294106280405
tsb_nb,fixed,0.9,4,13,0.95,26,all,30381,0.9289259911688789,0.9179002426755957,0.10196747387355246,2.2911680697427244,0.12315795001600047,0.004774599523999685,0.06971462427174879,0.9269921344520554,0.9311517664069158,2.25462541944172,2.326530399421627
tsb_nb,fixed,0.9,4,13,0.95,26,smooth,16102,0.9410353421462831,0.9179859080182021,0.09091421150626633,2.0371865800354296,0.06571639925471334,0.0017902692087018834,0.02987206558191529,0.9391532672336542,0.9430590735478539,1.995505705611654,2.07829536763248
tsb_nb,fixed,0.9,4,13,0.95,26,erratic,1777,0.9262006876842377,0.9401186882897632,0.06956289186699552,3.706544448033231,0.3384698412438826,0.0073327091569939775,0.061902082160945414,0.9179029598022239,0.9338269706826474,3.5010951878884193,3.938496518948177
tsb_nb,fixed,0.9,4,13,0.95,26,intermittent,10285,0.8859768918948213,0.9135280859150572,0.12928419925862786,2.4694053101739906,0.23407470030998678,0.012126532936834036,0.10588235294117647,0.8803529013545304,0.8913386846497403,2.380931974594692,2.5442280348182864
tsb_nb,fixed,0.9,4,13,0.95,26,lumpy,2217,0.8811456800886321,0.9197523270594989,0.11651236864823028,3.6062542000399573,0.32798815815761273,0.02725712417588405,0.1975642760487145,0.8714149033945383,0.8908400949825459,3.415518098326108,3.7829350764246175
tsb_nb,dead13,0.9,4,13,0.95,26,all,30381,0.9254814065252437,0.9149453456257051,0.10563744072306709,2.2691434167912514,0.11810170401512819,0.009086081615602377,0.05964253974523551,0.923423411255256,0.9280159332248245,2.232718996568921,2.3067531886705903
tsb_nb,dead13,0.9,4,13,0.95,26,smooth,16102,0.9385743498998939,0.9155215049513894,0.09364605009935381,2.0241827214669157,0.06506485221269805,0.005261168106431581,0.031114147310893056,0.9364780105909789,0.9405487634832433,1.9820599937275363,2.065874138109693
tsb_nb,dead13,0.9,4,13,0.95,26,erratic,1777,0.9161879724762765,0.9367933698265718,0.07342584613555998,3.710334479473729,0.3347640327242844,0.015348196362060437,0.04727068092290377,0.904118492062099,0.9261461659759419,3.5064010004962647,3.968995681536019
tsb_nb,dead13,0.9,4,13,0.95,26,intermittent,10285,0.8797909510662323,0.9091660405709993,0.13580589529605328,2.3757826032977234,0.20557759424248334,0.021887273594368605,0.09897909577053962,0.8742862888109949,0.8856603840769439,2.304045346322465,2.4442873919031554
tsb_nb,dead13,0.9,4,13,0.95,26,lumpy,2217,0.8844739279681796,0.920059867962439,0.11606584705146905,3.669286583483173,0.33637915690441167,0.015705879147823246,0.09427153811456923,0.8748025368740509,0.8926348859283201,3.465329894575879,3.8543398691896487
tsb_nb,dead26,0.9,4,13,0.95,26,all,30381,0.9307370516316441,0.9203180217300885,0.09896460479567111,2.3088882214751627,0.12506721866329934,0.000767578670070794,0.006122247457292387,0.928767572510311,0.9329224897634347,2.2710453152142223,2.3435963238032556
tsb_nb,dead26,0.9,4,13,0.95,26,smooth,16102,0.9417993242973188,0.9189880421404456,0.08980332639682068,2.04321522477958,0.06592060832024174,5.634859776077662e-05,0.002422059371506645,0.9399346059062887,0.9437742058074595,2.00097516344569,2.084902589970514
tsb_nb,dead26,0.9,4,13,0.95,26,erratic,1777,0.9275171818847128,0.9419604031309152,0.0674234095028675,3.7461496633127407,0.342022740188643,0.00028619439140762666,0.004501969611705121,0.9189649951120707,0.9353679834989813,3.5400200399833457,3.9977334747065876
tsb_nb,dead26,0.9,4,13,0.95,26,intermittent,10285,0.8906601949783325,0.9169929729968621,0.12410384495939633,2.5051493671185416,0.23904966291647697,0.004200488332633745,0.011570247933884297,0.885320719214451,0.8961755600298106,2.411246254940376,2.5836098420690363
tsb_nb,dead26,0.9,4,13,0.95,26,lumpy,2217,0.8925879511069943,0.9280559314388814,0.10445628553567708,3.7353702391979517,0.34756715523347687,0.0008036833215278156,0.009021199819576003,0.8844974225299517,0.900522225489859,3.532087739829041,3.9199386125346045
tsb_nb,none,0.9,2,8,0.95,26,all,30381,0.950053126026803,0.9294026469892965,0.08768154722085954,1.649751853778643,0.17190817550611723,0.0,0.0,0.9486297412235283,0.9515371343729817,1.624644131364711,1.671902750226068
tsb_nb,none,0.9,2,8,0.95,26,smooth,16102,0.9583210389283633,0.9282669572385136,0.07951746905950276,1.457375234267111,0.11107339492220507,0.0,0.0,0.9567487091022876,0.9599488295993712,1.4278448510273625,1.4845987826509863
tsb_nb,none,0.9,2,8,0.95,26,erratic,1777,0.9498791850819129,0.9516805647925513,0.056131697025525215,2.6536966094141596,0.3630133271188265,0.0,0.0,0.9432287407887864,0.9556072475642758,2.5131252079287525,2.83029798737243
tsb_nb,none,0.9,2,8,0.95,26,intermittent,10285,0.919857678035476,0.9254784107482211,0.1114172630020946,1.8065617480652925,0.3004357156792612,0.0,0.0,0.9158551078506156,0.9238837498734797,1.7450185073743387,1.8636621927688288
tsb_nb,none,0.9,2,8,0.95,26,lumpy,2217,0.9176973791750668,0.9379997539672776,0.09001875390706397,2.6966844657549176,0.41989623252632025,0.0,0.0,0.9115873683390373,0.9241381957030086,2.5680263225506184,2.8313557421818643
tsb_nb,quantile,0.9,2,8,0.95,26,all,30381,0.943895679109596,0.9236903447429763,0.09477619705956682,1.5683939090617596,0.14641402888843724,0.014135473668862628,0.14308284783252692,0.9423270077531486,0.9456132402453739,1.5454625434815683,1.5898528684903226
tsb_nb,quantile,0.9,2,8,0.95,26,smooth,16102,0.9539125255725444,0.9237531193188876,0.08452114593275234,1.4041745137913193,0.09825162823058922,0.009885684420333458,0.10054651596075022,0.9519581092017142,0.9557233971727231,1.379432259388943,1.4276299142006381
tsb_nb,quantile,0.9,2,8,0.95,26,erratic,1777,0.9408190883482086,0.9457461503043946,0.06302558464327103,2.5373401910960833,0.3338945469065793,0.024894823561157697,0.14518851997749016,0.9330363231333416,0.9484663355227111,2.409962568058296,2.678973516489071
tsb_nb,quantile,0.9,2,8,0.95,26,intermittent,10285,0.9081016315197235,0.9185530560834402,0.12177136400578825,1.6330765547127646,0.2259767473788414,0.024899446438108076,0.188818667963053,0.903562891747249,0.9129591259993536,1.5897728111211116,1.675044866159774
tsb_nb,quantile,0.9,2,8,0.95,26,lumpy,2217,0.9074265787609656,0.9293886086849551,0.10252135861637841,2.532219982200912,0.3646355122081162,0.028987086579850704,0.2381596752368065,0.9007029710212691,0.9146249788338328,2.4269150291051362,2.637635640833096
tsb_nb,fixed,0.9,2,8,0.95,26,all,30381,0.9492151040062752,0.9283837685634861,0.08894698895479344,1.6435437955353196,0.17073934474251184,0.0016858807251286187,0.03670056943484415,0.947714748466969,0.9507835651756458,1.6184492440537388,1.6656905893672582
tsb_nb,fixed,0.9,2,8,0.95,26,smooth,16102,0.9580128688840204,0.9278294057203509,0.08000250340306354,1.456019591839587,0.11091707488459276,0.0004717557021832461,0.015029188920630978,0.9564097537691377,0.9596134964750843,1.4267820333022108,1.483244458419544
tsb_nb,fixed,0.9,2,8,0.95,26,erratic,1777,0.9496297871122577,0.9510155010999131,0.056904287879238104,2.642504364464469,0.36138229165389013,0.0018929714745961593,0.022509848058525603,0.9430080172423717,0.9553787649676425,2.5023154569436707,2.809844341373768
tsb_nb,fixed,0.9,2,8,0.95,26,intermittent,10285,0.9168297398121161,0.9238564546780395,0.11384225028247467,1.7875437735618525,0.296760674311562,0.005661741956207717,0.059406903257170636,0.9120870009588021,0.9212141196639634,1.7267769887894013,1.8390566163922468
tsb_nb,fixed,0.9,2,8,0.95,26,lumpy,2217,0.9146279445685538,0.9352728912945422,0.09397791206501355,2.659696870629688,0.41025324349031644,0.008145807224976842,0.10013531799729364,0.9080998657356049,0.9212097200716476,2.5340078392547563,2.783234894956134
tsb_nb,dead13,0.9,2,8,0.95,26,all,30381,0.9464122836702953,0.9256892016840669,0.09229362707933818,1.624761599235404,0.16342292489993157,0.005965314265397227,0.05875382640466081,0.9449016181410791,0.9480881285280128,1.6009207750020225,1.648079212066792
tsb_nb,dead13,0.9,2,8,0.95,26,smooth,16102,0.9562306806757725,0.9260312101263536,0.08199583809240686,1.4466860363151424,0.10936188270711768,0.003449276761379632,0.03098993913799528,0.9544545472487452,0.9578992148000847,1.4179316203745642,1.4738038932749509
tsb_nb,dead13,0.9,2,8,0.95,26,erratic,1777,0.943169970849057,0.94835524632936,0.05999465129408968,2.6312691903560665,0.3582641356179822,0.010045423138407696,0.04614518851997749,0.9349529935320565,0.9507595189351837,2.4902245638384133,2.8062256757901776
tsb_nb,dead13,0.9,2,8,0.95,26,intermittent,10285,0.9110832589404483,0.9197419012683962,0.11999392101281213,1.7192816504775925,0.26056520199721084,0.01444995575840344,0.09771511910549344,0.9065217891931069,0.9158414804617911,1.6680160289921626,1.762618165354603
tsb_nb,dead13,0.9,2,8,0.95,26,lumpy,2217,0.9122940845275068,0.9326280395292574,0.09781799779716012,2.655728400443161,0.4069168225600417,0.010111879983290651,0.08976093820478123,0.9052194313690632,0.9188625353799826,2.529442670546952,2.7776155867858128
tsb_nb,dead26,0.9,2,8,0.95,26,all,30381,0.9497635784714332,0.9292380704447457,0.08788595043779453,1.6484391324235035,0.17184371878274102,0.0005129354775400737,0.005332280043448208,0.9482472366362308,0.9513183033349787,1.6234712026118652,1.6711749533968352
tsb_nb,dead26,0.9,2,8,0.95,26,smooth,16102,0.9582937382511536,0.9281822698479014,0.07961134667438549,1.457266905179943,0.11106570705150283,3.625529933445317e-05,0.002173643025711092,0.9567247334247775,0.9599257303444648,1.4277452764947578,1.4844901553761463
tsb_nb,dead26,0.9,2,8,0.95,26,erratic,1777,0.9498423886601605,0.9515270885557886,0.05630998722253588,2.6527276369746797,0.3629803466222929,0.00017784937180331085,0.0039392234102419805,0.9432034388458438,0.9555953969226111,2.5129124172656243,2.8294987369396876
tsb_nb,dead26,0.9,2,8,0.95,26,intermittent,10285,0.9182269465809818,0.925191143324347,0.11184675666210743,1.7997767228111248,0.30014090308035807,0.002825944296972456,0.01011181332036947,0.9135744283956271,0.9223782962040716,1.7385803716385975,1.8532075892258295
tsb_nb,dead26,0.9,2,8,0.95,26,lumpy,2217,0.9175747834141558,0.9378152294255135,0.09028666686512071,2.6947865017526658,0.4196431706593533,0.0005085453785938721,0.007216959855660803,0.9114528013636397,0.9240779033169011,2.56694492614805,2.83032619805447
tsb_nb,none,0.9,2,26,0.95,26,all,30381,0.950053126026803,0.9294026469892965,0.08768154722085954,1.649751853778643,,0.0,0.0,0.9486297412235283,0.9515371343729817,1.624644131364711,1.671902750226068
tsb_nb,none,0.9,2,26,0.95,26,smooth,16102,0.9583210389283633,0.9282669572385136,0.07951746905950276,1.457375234267111,,0.0,0.0,0.9567487091022876,0.9599488295993712,1.4278448510273625,1.4845987826509863
tsb_nb,none,0.9,2,26,0.95,26,erratic,1777,0.9498791850819129,0.9516805647925513,0.056131697025525215,2.6536966094141596,,0.0,0.0,0.9432287407887864,0.9556072475642758,2.5131252079287525,2.83029798737243
tsb_nb,none,0.9,2,26,0.95,26,intermittent,10285,0.919857678035476,0.9254784107482211,0.1114172630020946,1.8065617480652925,,0.0,0.0,0.9158551078506156,0.9238837498734797,1.7450185073743387,1.8636621927688288
tsb_nb,none,0.9,2,26,0.95,26,lumpy,2217,0.9176973791750668,0.9379997539672776,0.09001875390706397,2.6966844657549176,,0.0,0.0,0.9115873683390373,0.9241381957030086,2.5680263225506184,2.8313557421818643
tsb_nb,quantile,0.9,2,26,0.95,26,all,30381,0.9467971835986938,0.926458222992241,0.09133850659293286,1.6129920067422536,,0.007360536841792961,0.08018169250518416,0.9452112808308422,0.9484854709913113,1.5899276519187757,1.6363116133603561
tsb_nb,quantile,0.9,2,26,0.95,26,smooth,16102,0.9560325869619392,0.9258703040841906,0.08217420556068405,1.4351256191520583,,0.005067224095534024,0.060178859768972796,0.9542373731207322,0.9577194901185853,1.4073646497814678,1.4608267053261081
tsb_nb,quantile,0.9,2,26,0.95,26,erratic,1777,0.9457395876347668,0.9487645162940604,0.0595192107687279,2.6136191733888277,,0.009802157905711213,0.07315700619020822,0.938509761253536,0.9528189622973994,2.4763542504012532,2.782172791511873
tsb_nb,quantile,0.9,2,26,0.95,26,intermittent,10285,0.9129366763820819,0.9219472311839837,0.11669673122286757,1.7123419274358989,,0.015177133893398444,0.10461837627613028,0.9082666011184098,0.9173925514846859,1.6619887791360928,1.7543563933505857
tsb_nb,quantile,0.9,2,26,0.95,26,lumpy,2217,0.9131794983563087,0.933776192233567,0.09615098383591819,2.6304146461069036,,0.013594507709911186,0.11772665764546685,0.9070006536330392,0.9196741364638931,2.5108894328236415,2.7437449885908736
tsb_nb,fixed,0.9,2,26,0.95,26,all,30381,0.9492151040062752,0.9283837685634861,0.08894698895479344,1.6435437955353196,,0.0016858807251286187,0.03670056943484415,0.947714748466969,0.9507835651756458,1.6184492440537388,1.6656905893672582
tsb_nb,fixed,0.9,2,26,0.95,26,smooth,16102,0.9580128688840204,0.9278294057203509,0.08000250340306354,1.456019591839587,,0.0004717557021832461,0.015029188920630978,0.9564097537691377,0.9596134964750843,1.4267820333022108,1.483244458419544
tsb_nb,fixed,0.9,2,26,0.95,26,erratic,1777,0.9496297871122577,0.9510155010999131,0.056904287879238104,2.642504364464469,,0.0018929714745961593,0.022509848058525603,0.9430080172423717,0.9553787649676425,2.5023154569436707,2.809844341373768
tsb_nb,fixed,0.9,2,26,0.95,26,intermittent,10285,0.9168297398121161,0.9238564546780395,0.11384225028247467,1.7875437735618525,,0.005661741956207717,0.059406903257170636,0.9120870009588021,0.9212141196639634,1.7267769887894013,1.8390566163922468
tsb_nb,fixed,0.9,2,26,0.95,26,lumpy,2217,0.9146279445685538,0.9352728912945422,0.09397791206501355,2.659696870629688,,0.008145807224976842,0.10013531799729364,0.9080998657356049,0.9212097200716476,2.5340078392547563,2.783234894956134
tsb_nb,dead13,0.9,2,26,0.95,26,all,30381,0.9464122836702953,0.9256892016840669,0.09229362707933818,1.624761599235404,,0.005965314265397227,0.05875382640466081,0.9449016181410791,0.9480881285280128,1.6009207750020225,1.648079212066792
tsb_nb,dead13,0.9,2,26,0.95,26,smooth,16102,0.9562306806757725,0.9260312101263536,0.08199583809240686,1.4466860363151424,,0.003449276761379632,0.03098993913799528,0.9544545472487452,0.9578992148000847,1.4179316203745642,1.4738038932749509
tsb_nb,dead13,0.9,2,26,0.95,26,erratic,1777,0.943169970849057,0.94835524632936,0.05999465129408968,2.6312691903560665,,0.010045423138407696,0.04614518851997749,0.9349529935320565,0.9507595189351837,2.4902245638384133,2.8062256757901776
tsb_nb,dead13,0.9,2,26,0.95,26,intermittent,10285,0.9110832589404483,0.9197419012683962,0.11999392101281213,1.7192816504775925,,0.01444995575840344,0.09771511910549344,0.9065217891931069,0.9158414804617911,1.6680160289921626,1.762618165354603
tsb_nb,dead13,0.9,2,26,0.95,26,lumpy,2217,0.9122940845275068,0.9326280395292574,0.09781799779716012,2.655728400443161,,0.010111879983290651,0.08976093820478123,0.9052194313690632,0.9188625353799826,2.529442670546952,2.7776155867858128
tsb_nb,dead26,0.9,2,26,0.95,26,all,30381,0.9497635784714332,0.9292380704447457,0.08788595043779453,1.6484391324235035,,0.0005129354775400737,0.005332280043448208,0.9482472366362308,0.9513183033349787,1.6234712026118652,1.6711749533968352
tsb_nb,dead26,0.9,2,26,0.95,26,smooth,16102,0.9582937382511536,0.9281822698479014,0.07961134667438549,1.457266905179943,,3.625529933445317e-05,0.002173643025711092,0.9567247334247775,0.9599257303444648,1.4277452764947578,1.4844901553761463
tsb_nb,dead26,0.9,2,26,0.95,26,erratic,1777,0.9498423886601605,0.9515270885557886,0.05630998722253588,2.6527276369746797,,0.00017784937180331085,0.0039392234102419805,0.9432034388458438,0.9555953969226111,2.5129124172656243,2.8294987369396876
tsb_nb,dead26,0.9,2,26,0.95,26,intermittent,10285,0.9182269465809818,0.925191143324347,0.11184675666210743,1.7997767228111248,,0.002825944296972456,0.01011181332036947,0.9135744283956271,0.9223782962040716,1.7385803716385975,1.8532075892258295
tsb_nb,dead26,0.9,2,26,0.95,26,lumpy,2217,0.9175747834141558,0.9378152294255135,0.09028666686512071,2.6947865017526658,,0.0005085453785938721,0.007216959855660803,0.9114528013636397,0.9240779033169011,2.56694492614805,2.83032619805447
tsb_nb,none,0.9,2,13,0.9,26,all,30381,0.950053126026803,0.9294026469892965,0.08768154722085954,1.649751853778643,0.06363833241550725,0.0,0.0,0.9486297412235283,0.9515371343729817,1.624644131364711,1.671902750226068
tsb_nb,none,0.9,2,13,0.9,26,smooth,16102,0.9583210389283633,0.9282669572385136,0.07951746905950276,1.457375234267111,0.031078697805746288,0.0,0.0,0.9567487091022876,0.9599488295993712,1.4278448510273625,1.4845987826509863
tsb_nb,none,0.9,2,13,0.9,26,erratic,1777,0.9498791850819129,0.9516805647925513,0.056131697025525215,2.6536966094141596,0.16676588072235465,0.0,0.0,0.9432287407887864,0.9556072475642758,2.5131252079287525,2.83029798737243
tsb_nb,none,0.9,2,13,0.9,26,intermittent,10285,0.919857678035476,0.9254784107482211,0.1114172630020946,1.8065617480652925,0.13781621902841906,0.0,0.0,0.9158551078506156,0.9238837498734797,1.7450185073743387,1.8636621927688288
tsb_nb,none,0.9,2,13,0.9,26,lumpy,2217,0.9176973791750668,0.9379997539672776,0.09001875390706397,2.6966844657549176,0.16965800323289562,0.0,0.0,0.9115873683390373,0.9241381957030086,2.5680263225506184,2.8313557421818643
tsb_nb,quantile,0.9,2,13,0.9,26,all,30381,0.9435364814847428,0.9234015877148098,0.09513483179473457,1.568147833303744,0.05491608118564408,0.014472935395038853,0.13860636582074323,0.9419483083503475,0.9453042615707687,1.5456400134474435,1.5895739987802264
tsb_nb,quantile,0.9,2,13,0.9,26,smooth,16102,0.9536445421250541,0.9235639841465205,0.08473080593932376,1.4046497639801852,0.028905432856605264,0.010086180593761337,0.09657185442802137,0.9516781343393602,0.9554659365608091,1.379958022501997,1.427780408619154
tsb_nb,quantile,0.9,2,13,0.9,26,erratic,1777,0.939976859139209,0.9453368803396941,0.0635010251686328,2.5335992215512553,0.16008733017429239,0.02619496379640949,0.14631401238041644,0.9321386245760571,0.9476253858284605,2.4049106941250664,2.67354338329657
tsb_nb,quantile,0.9,2,13,0.9,26,intermittent,10285,0.9076493621918608,0.9182215936712776,0.12226693361349535,1.6322794177057036,0.101599791896989,0.02520687134070759,0.18230432668935342,0.9030927170547032,0.9124792940742444,1.5889200744551866,1.6736629477266838
tsb_nb,quantile,0.9,2,13,0.9,26,lumpy,2217,0.9066728418605496,0.9286710132447615,0.10356324234215461,2.5272798270945716,0.14694237091120435,0.030172178935323927,0.2350022552999549,0.9000447741949007,0.9139241873801804,2.4219823836620242,2.6331653219718434
tsb_nb,fixed,0.9,2,13,0.9,26,all,30381,0.9492151040062752,0.9283837685634861,0.08894698895479344,1.6435437955353196,0.06316886873532133,0.0016858807251286187,0.03670056943484415,0.947714748466969,0.9507835651756458,1.6184492440537388,1.6656905893672582
tsb_nb,fixed,0.9,2,13,0.9,26,smooth,16102,0.9580128688840204,0.9278294057203509,0.08000250340306354,1.456019591839587,0.03104890730677509,0.0004717557021832461,0.015029188920630978,0.9564097537691377,0.9596134964750843,1.4267820333022108,1.483244458419544
tsb_nb,fixed,0.9,2,13,0.9,26,erratic,1777,0.9496297871122577,0.9510155010999131,0.056904287879238104,2.642504364464469,0.16583493125201867,0.0018929714745961593,0.022509848058525603,0.9430080172423717,0.9553787649676425,2.5023154569436707,2.809844341373768
tsb_nb,fixed,0.9,2,13,0.9,26,intermittent,10285,0.9168297398121161,0.9238564546780395,0.11384225028247467,1.7875437735618525,0.13601699507923087,0.005661741956207717,0.059406903257170636,0.9120870009588021,0.9212141196639634,1.7267769887894013,1.8390566163922468
tsb_nb,fixed,0.9,2,13,0.9,26,lumpy,2217,0.9146279445685538,0.9352728912945422,0.09397791206501355,2.659696870629688,0.16720063931419024,0.008145807224976842,0.10013531799729364,0.9080998657356049,0.9212097200716476,2.5340078392547563,2.783234894956134
tsb_nb,dead13,0.9,2,13,0.9,26,all,30381,0.9464122836702953,0.9256892016840669,0.09229362707933818,1.624761599235404,0.059506004898985984,0.005965314265397227,0.05875382640466081,0.9449016181410791,0.9480881285280128,1.6009207750020225,1.648079212066792
tsb_nb,dead13,0.9,2,13,0.9,26,smooth,16102,0.9562306806757725,0.9260312101263536,0.08199583809240686,1.4466860363151424,0.030681330988823974,0.003449276761379632,0.03098993913799528,0.9544545472487452,0.9578992148000847,1.4179316203745642,1.4738038932749509
tsb_nb,dead13,0.9,2,13,0.9,26,erratic,1777,0.943169970849057,0.94835524632936,0.05999465129408968,2.6312691903560665,0.16368969986385323,0.010045423138407696,0.04614518851997749,0.9349529935320565,0.9507595189351837,2.4902245638384133,2.8062256757901776
tsb_nb,dead13,0.9,2,13,0.9,26,intermittent,10285,0.9110832589404483,0.9197419012683962,0.11999392101281213,1.7192816504775925,0.1168259955344562,0.01444995575840344,0.09771511910549344,0.9065217891931069,0.9158414804617911,1.6680160289921626,1.762618165354603
tsb_nb,dead13,0.9,2,13,0.9,26,lumpy,2217,0.9122940845275068,0.9326280395292574,0.09781799779716012,2.655728400443161,0.16321491490946077,0.010111879983290651,0.08976093820478123,0.9052194313690632,0.9188625353799826,2.529442670546952,2.7776155867858128
tsb_nb,dead26,0.9,2,13,0.9,26,all,30381,0.9497635784714332,0.9292380704447457,0.08788595043779453,1.6484391324235035,0.06361843692868896,0.0005129354775400737,0.005332280043448208,0.9482472366362308,0.9513183033349787,1.6234712026118652,1.6711749533968352
tsb_nb,dead26,0.9,2,13,0.9,26,smooth,16102,0.9582937382511536,0.9281822698479014,0.07961134667438549,1.457266905179943,0.031075334362314057,3.625529933445317e-05,0.002173643025711092,0.9567247334247775,0.9599257303444648,1.4277452764947578,1.4844901553761463
tsb_nb,dead26,0.9,2,13,0.9,26,erratic,1777,0.9498423886601605,0.9515270885557886,0.05630998722253588,2.6527276369746797,0.16676588072235465,0.00017784937180331085,0.0039392234102419805,0.9432034388458438,0.9555953969226111,2.5129124172656243,2.8294987369396876
tsb_nb,dead26,0.9,2,13,0.9,26,intermittent,10285,0.9182269465809818,0.925191143324347,0.11184675666210743,1.7997767228111248,0.1377078320435282,0.002825944296972456,0.01011181332036947,0.9135744283956271,0.9223782962040716,1.7385803716385975,1.8532075892258295
tsb_nb,dead26,0.9,2,13,0.9,26,lumpy,2217,0.9175747834141558,0.9378152294255135,0.09028666686512071,2.6947865017526658,0.16965800323289562,0.0005085453785938721,0.007216959855660803,0.9114528013636397,0.9240779033169011,2.56694492614805,2.83032619805447
tsb_nb,none,0.9,2,13,0.99,26,all,30381,0.950053126026803,0.9294026469892965,0.08768154722085954,1.649751853778643,0.06363833241550725,0.0,0.0,0.9486297412235283,0.9515371343729817,1.624644131364711,1.671902750226068
tsb_nb,none,0.9,2,13,0.99,26,smooth,16102,0.9583210389283633,0.9282669572385136,0.07951746905950276,1.457375234267111,0.031078697805746288,0.0,0.0,0.9567487091022876,0.9599488295993712,1.4278448510273625,1.4845987826509863
tsb_nb,none,0.9,2,13,0.99,26,erratic,1777,0.9498791850819129,0.9516805647925513,0.056131697025525215,2.6536966094141596,0.16676588072235465,0.0,0.0,0.9432287407887864,0.9556072475642758,2.5131252079287525,2.83029798737243
tsb_nb,none,0.9,2,13,0.99,26,intermittent,10285,0.919857678035476,0.9254784107482211,0.1114172630020946,1.8065617480652925,0.13781621902841906,0.0,0.0,0.9158551078506156,0.9238837498734797,1.7450185073743387,1.8636621927688288
tsb_nb,none,0.9,2,13,0.99,26,lumpy,2217,0.9176973791750668,0.9379997539672776,0.09001875390706397,2.6966844657549176,0.16965800323289562,0.0,0.0,0.9115873683390373,0.9241381957030086,2.5680263225506184,2.8313557421818643
tsb_nb,quantile,0.9,2,13,0.99,26,all,30381,0.9478908007489207,0.9275638781415418,0.0899652886173423,1.6252136107341704,0.06253570359342002,0.005146330988236119,0.06777262104604852,0.9463802932027613,0.9495155319325026,1.6017398980804822,1.648231822746732
tsb_nb,quantile,0.9,2,13,0.99,26,smooth,16102,0.9567607506244757,0.9266776572080261,0.08127923896546868,1.4426206378704947,0.03087064480486677,0.003551927307688024,0.05347161843249286,0.9550819223414206,0.9584266022706291,1.4142591170397405,1.4688095501417762
tsb_nb,quantile,0.9,2,13,0.99,26,erratic,1777,0.9480168772921105,0.9500179055609557,0.05806317415980745,2.634474567539832,0.16628466529565922,0.005086083184444108,0.05571187394485087,0.9411918856033005,0.9542292261238261,2.497208336122079,2.806860914330148
tsb_nb,quantile,0.9,2,13,0.99,26,intermittent,10285,0.9148876421101172,0.9232819198302913,0.11470123760250031,1.7387962344390775,0.1325399406039323,0.011612187426715619,0.08750607681088965,0.9101542814099645,0.9192132495859929,1.6859440162779282,1.7835583620416775
tsb_nb,quantile,0.9,2,13,0.99,26,lumpy,2217,0.9152908697942207,0.9358674703735597,0.09311463697794184,2.656137052979531,0.16780998565175542,0.008631649684883488,0.08976093820478123,0.9090018430799768,0.9215462116415694,2.5350792981424624,2.777709073229725
tsb_nb,fixed,0.9,2,13,0.99,26,all,30381,0.9492151040062752,0.9283837685634861,0.08894698895479344,1.6435437955353196,0.06316886873532133,0.0016858807251286187,0.03670056943484415,0.947714748466969,0.9507835651756458,1.6184492440537388,1.6656905893672582
tsb_nb,fixed,0.9,2,13,0.99,26,smooth,16102,0.9580128688840204,0.9278294057203509,0.08000250340306354,1.456019591839587,0.03104890730677509,0.0004717557021832461,0.015029188920630978,0.9564097537691377,0.9596134964750843,1.4267820333022108,1.483244458419544
tsb_nb,fixed,0.9,2,13,0.99,26,erratic,1777,0.9496297871122577,0.9510155010999131,0.056904287879238104,2.642504364464469,0.16583493125201867,0.0018929714745961593,0.022509848058525603,0.9430080172423717,0.9553787649676425,2.5023154569436707,2.809844341373768
tsb_nb,fixed,0.9,2,13,0.99,26,intermittent,10285,0.9168297398121161,0.9238564546780395,0.11384225028247467,1.7875437735618525,0.13601699507923087,0.005661741956207717,0.059406903257170636,0.9120870009588021,0.9212141196639634,1.7267769887894013,1.8390566163922468
tsb_nb,fixed,0.9,2,13,0.99,26,lumpy,2217,0.9146279445685538,0.9352728912945422,0.09397791206501355,2.659696870629688,0.16720063931419024,0.008145807224976842,0.10013531799729364,0.9080998657356049,0.9212097200716476,2.5340078392547563,2.783234894956134
tsb_nb,dead13,0.9,2,13,0.99,26,all,30381,0.9464122836702953,0.9256892016840669,0.09229362707933818,1.624761599235404,0.059506004898985984,0.005965314265397227,0.05875382640466081,0.9449016181410791,0.9480881285280128,1.6009207750020225,1.648079212066792
tsb_nb,dead13,0.9,2,13,0.99,26,smooth,16102,0.9562306806757725,0.9260312101263536,0.08199583809240686,1.4466860363151424,0.030681330988823974,0.003449276761379632,0.03098993913799528,0.9544545472487452,0.9578992148000847,1.4179316203745642,1.4738038932749509
tsb_nb,dead13,0.9,2,13,0.99,26,erratic,1777,0.943169970849057,0.94835524632936,0.05999465129408968,2.6312691903560665,0.16368969986385323,0.010045423138407696,0.04614518851997749,0.9349529935320565,0.9507595189351837,2.4902245638384133,2.8062256757901776
tsb_nb,dead13,0.9,2,13,0.99,26,intermittent,10285,0.9110832589404483,0.9197419012683962,0.11999392101281213,1.7192816504775925,0.1168259955344562,0.01444995575840344,0.09771511910549344,0.9065217891931069,0.9158414804617911,1.6680160289921626,1.762618165354603
tsb_nb,dead13,0.9,2,13,0.99,26,lumpy,2217,0.9122940845275068,0.9326280395292574,0.09781799779716012,2.655728400443161,0.16321491490946077,0.010111879983290651,0.08976093820478123,0.9052194313690632,0.9188625353799826,2.529442670546952,2.7776155867858128
tsb_nb,dead26,0.9,2,13,0.99,26,all,30381,0.9497635784714332,0.9292380704447457,0.08788595043779453,1.6484391324235035,0.06361843692868896,0.0005129354775400737,0.005332280043448208,0.9482472366362308,0.9513183033349787,1.6234712026118652,1.6711749533968352
tsb_nb,dead26,0.9,2,13,0.99,26,smooth,16102,0.9582937382511536,0.9281822698479014,0.07961134667438549,1.457266905179943,0.031075334362314057,3.625529933445317e-05,0.002173643025711092,0.9567247334247775,0.9599257303444648,1.4277452764947578,1.4844901553761463
tsb_nb,dead26,0.9,2,13,0.99,26,erratic,1777,0.9498423886601605,0.9515270885557886,0.05630998722253588,2.6527276369746797,0.16676588072235465,0.00017784937180331085,0.0039392234102419805,0.9432034388458438,0.9555953969226111,2.5129124172656243,2.8294987369396876
tsb_nb,dead26,0.9,2,13,0.99,26,intermittent,10285,0.9182269465809818,0.925191143324347,0.11184675666210743,1.7997767228111248,0.1377078320435282,0.002825944296972456,0.01011181332036947,0.9135744283956271,0.9223782962040716,1.7385803716385975,1.8532075892258295
tsb_nb,dead26,0.9,2,13,0.99,26,lumpy,2217,0.9175747834141558,0.9378152294255135,0.09028666686512071,2.6947865017526658,0.16965800323289562,0.0005085453785938721,0.007216959855660803,0.9114528013636397,0.9240779033169011,2.56694492614805,2.83032619805447
tsb_nb,none,0.9,2,13,0.95,13,all,30381,0.950053126026803,0.9294026469892965,0.08768154722085954,1.649751853778643,0.06363833241550725,0.0,0.0,0.9486297412235283,0.9515371343729817,1.624644131364711,1.671902750226068
tsb_nb,none,0.9,2,13,0.95,13,smooth,16102,0.9583210389283633,0.9282669572385136,0.07951746905950276,1.457375234267111,0.031078697805746288,0.0,0.0,0.9567487091022876,0.9599488295993712,1.4278448510273625,1.4845987826509863
tsb_nb,none,0.9,2,13,0.95,13,erratic,1777,0.9498791850819129,0.9516805647925513,0.056131697025525215,2.6536966094141596,0.16676588072235465,0.0,0.0,0.9432287407887864,0.9556072475642758,2.5131252079287525,2.83029798737243
tsb_nb,none,0.9,2,13,0.95,13,intermittent,10285,0.919857678035476,0.9254784107482211,0.1114172630020946,1.8065617480652925,0.13781621902841906,0.0,0.0,0.9158551078506156,0.9238837498734797,1.7450185073743387,1.8636621927688288
tsb_nb,none,0.9,2,13,0.95,13,lumpy,2217,0.9176973791750668,0.9379997539672776,0.09001875390706397,2.6966844657549176,0.16965800323289562,0.0,0.0,0.9115873683390373,0.9241381957030086,2.5680263225506184,2.8313557421818643
tsb_nb,quantile,0.9,2,13,0.95,13,all,30381,0.9453175559267053,0.9250249109042434,0.09311867279133033,1.5909589450124602,0.05823408991712911,0.010681845622128225,0.11596063329054343,0.9437242502154864,0.9470128397006609,1.568192295754217,1.6135655355301792
tsb_nb,quantile,0.9,2,13,0.95,13,smooth,16102,0.9549883906600234,0.9247270243109269,0.08344155336160093,1.419624294632403,0.029885636371141566,0.007472959771250902,0.08297105949571482,0.9530828671208943,0.956719807646854,1.3934230720244811,1.444250469058083
tsb_nb,quantile,0.9,2,13,0.95,13,erratic,1777,0.9431393071642633,0.9473832301631964,0.061123822541823906,2.5821500558079062,0.1635772663529431,0.01579588616004808,0.11817670230725942,0.9355430642811703,0.950681857157594,2.448434177265762,2.740975514629079
tsb_nb,quantile,0.9,2,13,0.95,13,intermittent,10285,0.9103708608488474,0.9202103681442524,0.11929351596725277,1.670736105281205,0.11357655372742839,0.020382665176838292,0.15226057365094797,0.9056419288106197,0.9149833601884474,1.6243765863665092,1.7136916022113682
tsb_nb,quantile,0.9,2,13,0.95,13,lumpy,2217,0.9101418478359578,0.9316029031861237,0.09930640311969756,2.5837419858697035,0.15857988703027665,0.021331662398517953,0.18538565629228687,0.9034395024575521,0.917033897710735,2.4694953908452453,2.6925768401366876
tsb_nb,fixed,0.9,2,13,0.95,13,all,30381,0.9456677101484594,0.9247570999817469,0.09345129257161545,1.6262629628060696,0.06018210240717938,0.00715412513245809,0.09914091043744445,0.9440300924601401,0.9473701250864622,1.6010961209752654,1.648163537197074
tsb_nb,fixed,0.9,2,13,0.95,13,smooth,16102,0.9563374809250168,0.9260170955612516,0.08201148436155399,1.450473186257669,0.030907162190702435,0.0028678815395223167,0.04105080114271519,0.9547522411895587,0.9578736728993423,1.4223073147226974,1.477581663049301
tsb_nb,fixed,0.9,2,13,0.95,13,erratic,1777,0.9470703915548123,0.9478180795006906,0.060618666983627015,2.5815408706033383,0.14122548438400745,0.010726156940827266,0.1052335396736072,0.939955615379467,0.9532667271334911,2.4485592084500096,2.730334936998089
tsb_nb,fixed,0.9,2,13,0.95,13,intermittent,10285,0.9071517673975891,0.9186016705705573,0.12169868046332455,1.7595336206573768,0.1330862110077822,0.017558691552318397,0.15226057365094797,0.901957724322836,0.9119514438740147,1.7002378315498872,1.8095408175904335
tsb_nb,fixed,0.9,2,13,0.95,13,lumpy,2217,0.8982182749414265,0.9256776151228113,0.10790938588396393,2.5449290760820213,0.15283604860240832,0.04038395176083837,0.2697338746053225,0.8893904660228328,0.9064882439867624,2.4306472825899097,2.65540385909807
tsb_nb,dead13,0.9,2,13,0.95,13,all,30381,0.9464122836702953,0.9256892016840669,0.09229362707933818,1.624761599235404,0.059506004898985984,0.005965314265397227,0.05875382640466081,0.9449016181410791,0.9480881285280128,1.6009207750020225,1.648079212066792
tsb_nb,dead13,0.9,2,13,0.95,13,smooth,16102,0.9562306806757725,0.9260312101263536,0.08199583809240686,1.4466860363151424,0.030681330988823974,0.003449276761379632,0.03098993913799528,0.9544545472487452,0.9578992148000847,1.4179316203745642,1.4738038932749509
tsb_nb,dead13,0.9,2,13,0.95,13,erratic,1777,0.943169970849057,0.94835524632936,0.05999465129408968,2.6312691903560665,0.16368969986385323,0.010045423138407696,0.04614518851997749,0.9349529935320565,0.9507595189351837,2.4902245638384133,2.8062256757901776
tsb_nb,dead13,0.9,2,13,0.95,13,intermittent,10285,0.9110832589404483,0.9197419012683962,0.11999392101281213,1.7192816504775925,0.1168259955344562,0.01444995575840344,0.09771511910549344,0.9065217891931069,0.9158414804617911,1.6680160289921626,1.762618165354603
tsb_nb,dead13,0.9,2,13,0.95,13,lumpy,2217,0.9122940845275068,0.9326280395292574,0.09781799779716012,2.655728400443161,0.16321491490946077,0.010111879983290651,0.08976093820478123,0.9052194313690632,0.9188625353799826,2.529442670546952,2.7776155867858128
tsb_nb,dead26,0.9,2,13,0.95,13,all,30381,0.9497635784714332,0.9292380704447457,0.08788595043779453,1.6484391324235035,0.06361843692868896,0.0005129354775400737,0.005332280043448208,0.9482472366362308,0.9513183033349787,1.6234712026118652,1.6711749533968352
tsb_nb,dead26,0.9,2,13,0.95,13,smooth,16102,0.9582937382511536,0.9281822698479014,0.07961134667438549,1.457266905179943,0.031075334362314057,3.625529933445317e-05,0.002173643025711092,0.9567247334247775,0.9599257303444648,1.4277452764947578,1.4844901553761463
tsb_nb,dead26,0.9,2,13,0.95,13,erratic,1777,0.9498423886601605,0.9515270885557886,0.05630998722253588,2.6527276369746797,0.16676588072235465,0.00017784937180331085,0.0039392234102419805,0.9432034388458438,0.9555953969226111,2.5129124172656243,2.8294987369396876
tsb_nb,dead26,0.9,2,13,0.95,13,intermittent,10285,0.9182269465809818,0.925191143324347,0.11184675666210743,1.7997767228111248,0.1377078320435282,0.002825944296972456,0.01011181332036947,0.9135744283956271,0.9223782962040716,1.7385803716385975,1.8532075892258295
tsb_nb,dead26,0.9,2,13,0.95,13,lumpy,2217,0.9175747834141558,0.9378152294255135,0.09028666686512071,2.6947865017526658,0.16965800323289562,0.0005085453785938721,0.007216959855660803,0.9114528013636397,0.9240779033169011,2.56694492614805,2.83032619805447
tsb_nb,none,0.9,2,13,0.95,52,all,30381,0.950053126026803,0.9294026469892965,0.08768154722085954,1.649751853778643,0.06363833241550725,0.0,0.0,0.9486297412235283,0.9515371343729817,1.624644131364711,1.671902750226068
tsb_nb,none,0.9,2,13,0.95,52,smooth,16102,0.9583210389283633,0.9282669572385136,0.07951746905950276,1.457375234267111,0.031078697805746288,0.0,0.0,0.9567487091022876,0.9599488295993712,1.4278448510273625,1.4845987826509863
tsb_nb,none,0.9,2,13,0.95,52,erratic,1777,0.9498791850819129,0.9516805647925513,0.056131697025525215,2.6536966094141596,0.16676588072235465,0.0,0.0,0.9432287407887864,0.9556072475642758,2.5131252079287525,2.83029798737243
tsb_nb,none,0.9,2,13,0.95,52,intermittent,10285,0.919857678035476,0.9254784107482211,0.1114172630020946,1.8065617480652925,0.13781621902841906,0.0,0.0,0.9158551078506156,0.9238837498734797,1.7450185073743387,1.8636621927688288
tsb_nb,none,0.9,2,13,0.95,52,lumpy,2217,0.9176973791750668,0.9379997539672776,0.09001875390706397,2.6966844657549176,0.16965800323289562,0.0,0.0,0.9115873683390373,0.9241381957030086,2.5680263225506184,2.8313557421818643
tsb_nb,quantile,0.9,2,13,0.95,52,all,30381,0.9453175559267053,0.9250249109042434,0.09311867279133033,1.5909589450124602,0.05823408991712911,0.010681845622128225,0.11596063329054343,0.9437242502154864,0.9470128397006609,1.568192295754217,1.6135655355301792
tsb_nb,quantile,0.9,2,13,0.95,52,smooth,16102,0.9549883906600234,0.9247270243109269,0.08344155336160093,1.419624294632403,0.029885636371141566,0.007472959771250902,0.08297105949571482,0.9530828671208943,0.956719807646854,1.3934230720244811,1.444250469058083
tsb_nb,quantile,0.9,2,13,0.95,52,erratic,1777,0.9431393071642633,0.9473832301631964,0.061123822541823906,2.5821500558079062,0.1635772663529431,0.01579588616004808,0.11817670230725942,0.9355430642811703,0.950681857157594,2.448434177265762,2.740975514629079
tsb_nb,quantile,0.9,2,13,0.95,52,intermittent,10285,0.9103708608488474,0.9202103681442524,0.11929351596725277,1.670736105281205,0.11357655372742839,0.020382665176838292,0.15226057365094797,0.9056419288106197,0.9149833601884474,1.6243765863665092,1.7136916022113682
tsb_nb,quantile,0.9,2,13,0.95,52,lumpy,2217,0.9101418478359578,0.9316029031861237,0.09930640311969756,2.5837419858697035,0.15857988703027665,0.021331662398517953,0.18538565629228687,0.9034395024575521,0.917033897710735,2.4694953908452453,2.6925768401366876
tsb_nb,fixed,0.9,2,13,0.95,52,all,30381,0.9496810772501771,0.929100424607485,0.0880569058555947,1.64710277129535,0.06349941305140762,0.0007750355112227839,0.0131002929462493,0.9481650725670077,0.9512205908182804,1.6218998336447725,1.6696451125665002
tsb_nb,fixed,0.9,2,13,0.95,52,smooth,16102,0.9582310558962801,0.9281145199354117,0.07968644876629168,1.4570677194390214,0.031075334362314057,0.00010963951967406922,0.004968326915911067,0.9566044473394042,0.9598530625149013,1.4275852975769925,1.4843337972036141
tsb_nb,fixed,0.9,2,13,0.95,52,erratic,1777,0.949807636484061,0.9513480329462322,0.05651799245238166,2.6486473226514686,0.16631614667871408,0.0007931673133297082,0.008441193021947102,0.9431824437125093,0.9555810411944409,2.5106211221095815,2.8218648934429296
tsb_nb,fixed,0.9,2,13,0.95,52,intermittent,10285,0.9180830874919449,0.9250143633711937,0.11211106045288455,1.796043283849748,0.1372634454054757,0.0034398087659452035,0.021682061254253766,0.9134491324321761,0.9222548149454457,1.7348312188824209,1.8495320458172013
tsb_nb,fixed,0.9,2,13,0.95,52,lumpy,2217,0.9172569425525345,0.9373846721613974,0.09091179710058643,2.686949454221835,0.16929838900088998,0.002288454203672424,0.03608479927830401,0.9111982939737966,0.9237822183829497,2.5579933313919234,2.821797832899955
tsb_nb,dead13,0.9,2,13,0.95,52,all,30381,0.9464122836702953,0.9256892016840669,0.09229362707933818,1.624761599235404,0.059506004898985984,0.005965314265397227,0.05875382640466081,0.9449016181410791,0.9480881285280128,1.6009207750020225,1.648079212066792
tsb_nb,dead13,0.9,2,13,0.95,52,smooth,16102,0.9562306806757725,0.9260312101263536,0.08199583809240686,1.4466860363151424,0.030681330988823974,0.003449276761379632,0.03098993913799528,0.9544545472487452,0.9578992148000847,1.4179316203745642,1.4738038932749509
tsb_nb,dead13,0.9,2,13,0.95,52,erratic,1777,0.943169970849057,0.94835524632936,0.05999465129408968,2.6312691903560665,0.16368969986385323,0.010045423138407696,0.04614518851997749,0.9349529935320565,0.9507595189351837,2.4902245638384133,2.8062256757901776
tsb_nb,dead13,0.9,2,13,0.95,52,intermittent,10285,0.9110832589404483,0.9197419012683962,0.11999392101281213,1.7192816504775925,0.1168259955344562,0.01444995575840344,0.09771511910549344,0.9065217891931069,0.9158414804617911,1.6680160289921626,1.762618165354603
tsb_nb,dead13,0.9,2,13,0.95,52,lumpy,2217,0.9122940845275068,0.9326280395292574,0.09781799779716012,2.655728400443161,0.16321491490946077,0.010111879983290651,0.08976093820478123,0.9052194313690632,0.9188625353799826,2.529442670546952,2.7776155867858128
tsb_nb,dead26,0.9,2,13,0.95,52,all,30381,0.9497635784714332,0.9292380704447457,0.08788595043779453,1.6484391324235035,0.06361843692868896,0.0005129354775400737,0.005332280043448208,0.9482472366362308,0.9513183033349787,1.6234712026118652,1.6711749533968352
tsb_nb,dead26,0.9,2,13,0.95,52,smooth,16102,0.9582937382511536,0.9281822698479014,0.07961134667438549,1.457266905179943,0.031075334362314057,3.625529933445317e-05,0.002173643025711092,0.9567247334247775,0.9599257303444648,1.4277452764947578,1.4844901553761463
tsb_nb,dead26,0.9,2,13,0.95,52,erratic,1777,0.9498423886601605,0.9515270885557886,0.05630998722253588,2.6527276369746797,0.16676588072235465,0.00017784937180331085,0.0039392234102419805,0.9432034388458438,0.9555953969226111,2.5129124172656243,2.8294987369396876
tsb_nb,dead26,0.9,2,13,0.95,52,intermittent,10285,0.9182269465809818,0.925191143324347,0.11184675666210743,1.7997767228111248,0.1377078320435282,0.002825944296972456,0.01011181332036947,0.9135744283956271,0.9223782962040716,1.7385803716385975,1.8532075892258295
tsb_nb,dead26,0.9,2,13,0.95,52,lumpy,2217,0.9175747834141558,0.9378152294255135,0.09028666686512071,2.6947865017526658,0.16965800323289562,0.0005085453785938721,0.007216959855660803,0.9114528013636397,0.9240779033169011,2.56694492614805,2.83032619805447
ets,none,0.5,2,13,0.95,26,all,30381,0.8242117920582103,0.7555694198826419,0.30358151600291367,0.71201314561767,0.026671819819871274,0.0,0.0,0.8220172787014717,0.8265447634705453,0.6987626872272932,0.7269673573101015
ets,none,0.5,2,13,0.95,26,smooth,16102,0.8392433475347816,0.7283962466548481,0.3010780279442367,0.6271952747551074,0.012061308147985396,0.0,0.0,0.8364950262929676,0.8418209669584277,0.612893030600891,0.6398822258272181
ets,none,0.5,2,13,0.95,26,erratic,1777,0.7915073858595439,0.7391671356218346,0.30300418981962973,0.9448401195474858,0.1107829869699782,0.0,0.0,0.7820821336100663,0.8004594410546134,0.8684458381880383,1.0545532892613607
ets,none,0.5,2,13,0.95,26,intermittent,10285,0.7864076808929511,0.7941264860564812,0.30780158714426364,0.8913676663888017,0.0447096312674774,0.0,0.0,0.7822463869421786,0.7912832752093767,0.8609144408823738,0.9163367654970108
ets,none,0.5,2,13,0.95,26,lumpy,2217,0.7585590003450844,0.7872021978923197,0.30896317685232044,1.131713253055813,0.06047512668228629,0.0,0.0,0.7520504594842377,0.7664942546847432,1.0589851347781112,1.2080163907522241
ets,quantile,0.5,2,13,0.95,26,all,30381,0.8242094122152894,0.755564931431427,0.3035870906361028,0.7119712603822631,0.026661348511019548,1.2851151772578403e-05,0.00016457654455087061,0.8220159879104106,0.8265436659979274,0.698742343094876,0.7269163031092694
ets,quantile,0.5,2,13,0.95,26,smooth,16102,0.8392433475347816,0.7283962466548481,0.3010780279442367,0.6271836992679706,0.012061308147985396,1.1575487136903723e-05,6.210408644888833e-05,0.8364950262929676,0.8418209669584277,0.6128817957524456,0.6398707353340308
ets,quantile,0.5,2,13,0.95,26,erratic,1777,0.7915073858595439,0.7391671356218346,0.30300418981962973,0.9448401195474858,0.1107829869699782,0.0,0.0,0.7820821336100663,0.8004594410546134,0.8684458381880383,1.0545532892613607
ets,quantile,0.5,2,13,0.95,26,intermittent,10285,0.7863929008495569,0.7941132275599947,0.3078214099285719,0.8911597604450566,0.04464459907654289,2.7589414335853824e-05,0.0003889158969372873,0.7822463869421786,0.7912521569819781,0.8607809676857882,0.9160183892422216
ets,quantile,0.5,2,13,0.95,26,lumpy,2217,0.7585590003450844,0.7872021978923197,0.30896317685232044,1.131713253055813,0.06047512668228629,0.0,0.0,0.7520504594842377,0.7664942546847432,1.0589851347781112,1.2080163907522241
ets,fixed,0.5,2,13,0.95,26,all,30381,0.8240361596506518,0.7550966363546594,0.304168710698836,0.7104962337399215,0.02632312523510865,0.0005562486186995047,0.03242157927652151,0.8218327193725037,0.8263605121603489,0.6972538975371748,0.7255159840393233
ets,fixed,0.5,2,13,0.95,26,smooth,16102,0.8391998848566637,0.7282720384819503,0.3012157151127314,0.6267881670565567,0.011954638941991738,0.00014218192690800612,0.011365047820146565,0.8364488893582945,0.8417747572024223,0.6124337459137844,0.6394985099162892
ets,fixed,0.5,2,13,0.95,26,erratic,1777,0.7914767221747503,0.7389880800122781,0.30321219504947555,0.9446520489474179,0.11076949494866899,8.176982611646477e-05,0.009566685424873381,0.7820583792228997,0.8004264209012454,0.8682859975450141,1.054428381350306
ets,fixed,0.5,2,13,0.95,26,intermittent,10285,0.7856568546885254,0.7931232598223361,0.3093015111569238,0.8850861479462637,0.04321605861568143,0.002347070891000136,0.06242100145843461,0.7813665774608339,0.79059498299979,0.854425160414005,0.9098609201239494
ets,fixed,0.5,2,13,0.95,26,lumpy,2217,0.757964183875479,0.7864230942715381,0.31009436489744885,1.1261283350587552,0.05962603752338401,0.001966072758313809,0.06450157870996842,0.7515035387478541,0.7659148732673435,1.053037147611307,1.2025869660586552
ets,dead13,0.5,2,13,0.95,26,all,30381,0.8222880856971917,0.7525053038531857,0.3073871322600306,0.7026398962896186,0.02549100522502446,0.002459012362014724,0.060103354069977945,0.820046842439179,0.8246537782050715,0.6901354774735733,0.7174137624952269
ets,dead13,0.5,2,13,0.95,26,smooth,16102,0.8379711359768106,0.7265472386264835,0.30312768920250965,0.622107302144894,0.011769649553218957,0.0016771352023449754,0.031176251397341946,0.8351116320553557,0.8405103258362918,0.6080812122704187,0.6344231255906215
ets,dead13,0.5,2,13,0.95,26,erratic,1777,0.7898167947045861,0.7372998414078886,0.3051733872165929,0.9409274333678128,0.11052663856510309,0.0019726970550597123,0.04727068092290377,0.7797403390412838,0.7988871091169739,0.8641101011011668,1.051325268366308
ets,dead13,0.5,2,13,0.95,26,intermittent,10285,0.781833750130557,0.7893136518318823,0.3149972578481707,0.8632363171284937,0.03960460427911816,0.005639079223003265,0.09946524064171124,0.7772110956211894,0.7870536460956705,0.8346268189557495,0.8861205958902331
ets,dead13,0.5,2,13,0.95,26,lumpy,2217,0.7547857752592674,0.7824660679870423,0.3158396094424434,1.1075618881563416,0.056839027225340094,0.0051399407907880635,0.09788001804239964,0.747896209358423,0.7628435033446376,1.0376591431857145,1.1816473281407212
ets,dead26,0.5,2,13,0.95,26,all,30381,0.8240126785338328,0.7550906517530395,0.3041761435430882,0.7106388656589777,0.026331851325818424,0.00012803554914161445,0.009545439583950495,0.8218110128192672,0.8263346453972539,0.6974059703387065,0.7256554173523897
ets,dead26,0.5,2,13,0.95,26,smooth,16102,0.83918896458578,0.7282579239168483,0.3012313613818785,0.6268445156543174,0.011954638941991738,2.948473138645288e-05,0.0034157247546888585,0.8364356889762224,0.8417653369925469,0.6124992042700664,0.6395305821991661
ets,dead26,0.5,2,13,0.95,26,erratic,1777,0.7914787664204032,0.7390648181306594,0.30312304995097017,0.9446561374387237,0.11076949494866899,2.861943914076267e-05,0.0061902082160945416,0.7820511006422376,0.8004248852463517,0.8682878793784824,1.0544244524830328
ets,dead26,0.5,2,13,0.95,26,intermittent,10285,0.7855731011092916,0.7931232598223361,0.3093015111569238,0.8855265932394111,0.04326808436842904,0.0005724803474689668,0.017403986387943608,0.7812895145308251,0.7905368751998408,0.8549575660317356,0.9104675172896536
ets,dead26,0.5,2,13,0.95,26,lumpy,2217,0.7579006157031548,0.7863820888178128,0.31015390111035035,1.1270001271363448,0.05963602680760639,0.000349624947783287,0.02029769959404601,0.7513664903270695,0.76589753078627,1.0537819993958488,1.2032314734847644
ets,none,0.8,2,13,0.95,26,all,30381,0.9335365401875348,0.9064995765894354,0.11612704217395829,1.4093320304486623,0.06162574685420463,0.0,0.0,0.9320821559343248,0.9351769960714166,1.3883173470154324,1.431314475544053
ets,none,0.8,2,13,0.95,26,smooth,16102,0.9417314002124211,0.8985586206117817,0.11244973636036487,1.2375025689937253,0.028875161865715173,0.0,0.0,0.9399732305151188,0.9435208976174705,1.2124942685807896,1.2606262271170157
ets,none,0.8,2,13,0.95,26,erratic,1777,0.9332063175367658,0.9289916611244692,0.08248893115026892,2.144783698367465,0.18615391534369902,0.0,0.0,0.9270301701187845,0.9398557794051212,2.0171482522291733,2.2997036160587427
ets,none,0.8,2,13,0.95,26,intermittent,10285,0.9041819640115797,0.91173818888938,0.1319602751402462,1.6475274958073942,0.12678892718562354,0.0,0.0,0.9005225024410113,0.9079343107952346,1.595114368757379,1.6991218656132898
ets,none,0.8,2,13,0.95,26,lumpy,2217,0.89917179752629,0.9218436051994915,0.11347602179025393,2.2504222742875823,0.16562233240705426,0.0,0.0,0.8920406046753135,0.9058341203960257,2.1346935261234465,2.367604254582981
ets,quantile,0.8,2,13,0.95,26,all,30381,0.9335341603446139,0.9064935919878153,0.11613447501821046,1.409281101810156,0.0616152755453529,1.6182931861765397e-05,0.00019749185346104473,0.932080991287263,0.9351757907472341,1.3882514865754194,1.431275940270508
ets,quantile,0.8,2,13,0.95,26,smooth,16102,0.9417314002124211,0.8985586206117817,0.11244973636036487,1.2374901198849177,0.028875161865715173,1.2012297972258581e-05,6.210408644888833e-05,0.9399732305151188,0.9435208976174705,1.2124817844780993,1.2606018872177125
ets,quantile,0.8,2,13,0.95,26,erratic,1777,0.9332063175367658,0.9289916611244692,0.08248893115026892,2.144783698367465,0.18615391534369902,0.0,0.0,0.9270301701187845,0.9398557794051212,2.0171482522291733,2.2997036160587427
ets,quantile,0.8,2,13,0.95,26,intermittent,10285,0.9041671839681855,0.9117205108940646,0.1319867055193239,1.6472673670436564,0.12672389499468903,4.6310802635183206e-05,0.0004861448711716091,0.9005141753363538,0.9079187605411171,1.5950641517747117,1.6989922352466418
ets,quantile,0.8,2,13,0.95,26,lumpy,2217,0.89917179752629,0.9218436051994915,0.11347602179025393,2.2504222742875823,0.16562233240705426,0.0,0.0,0.8920406046753135,0.9058341203960257,2.1346935261234465,2.367604254582981
ets,fixed,0.8,2,13,0.95,26,all,30381,0.9319861518526997,0.9043540969086541,0.11879171683836537,1.395289211997518,0.05761069799682275,0.004847422717377629,0.05101872881076989,0.930484216297819,0.9336605733425382,1.3742254621008774,1.4175266212107804
ets,fixed,0.8,2,13,0.95,26,smooth,16102,0.9411567755585118,0.897742798748885,0.11335409071706852,1.232311509026368,0.02707379766179528,0.001783935451589238,0.01931437088560427,0.9393597481328199,0.9429562981946441,1.207540111206081,1.2553017083077993
ets,fixed,0.8,2,13,0.95,26,erratic,1777,0.9326175747887272,0.9277894306031617,0.08388553769351915,2.1340370989701087,0.18391873714680546,0.0028374129662413275,0.024760832864378166,0.9264715220055828,0.9392951950055434,2.005454559923921,2.29066132679734
ets,fixed,0.8,2,13,0.95,26,intermittent,10285,0.8991606906024543,0.9081141998497371,0.13737850285117714,1.603844584887701,0.11396241139363984,0.01586194257066339,0.08877005347593583,0.895133050490588,0.9027947714620007,1.5496015236535243,1.652864900106856
ets,fixed,0.8,2,13,0.95,26,lumpy,2217,0.8911939918995986,0.9161438471316685,0.12175155538356205,2.1816188089140742,0.15223669154906555,0.022244319729744454,0.12719891745602166,0.8838348094044194,0.8983019112934777,2.064157799515697,2.294777702467809
ets,dead13,0.8,2,13,0.95,26,all,30381,0.9286884828453783,0.9007214437252948,0.12330345329943956,1.376510188821497,0.053755511121243944,0.005591044302045221,0.060103354069977945,0.9269909155078604,0.9304473116122141,1.355184433288208,1.3988538868310219
ets,dead13,0.8,2,13,0.95,26,smooth,16102,0.9391107536057096,0.8954054267679904,0.1159451128878319,1.2228226672499547,0.026571683606554868,0.003131278473241296,0.031176251397341946,0.9370976619644987,0.940891313365873,1.1975600054827584,1.244747835992378
ets,dead13,0.8,2,13,0.95,26,erratic,1777,0.9258388562036722,0.9245152708855578,0.0876890618964134,2.119347149708286,0.18086504299048606,0.009321760177276983,0.04727068092290377,0.9180351983534238,0.9334424830757486,1.9840187382645464,2.280730764263423
ets,dead13,0.8,2,13,0.95,26,intermittent,10285,0.892341178580367,0.9028328987492819,0.14527457860064358,1.5414304323064159,0.09549110142854046,0.013265581614414287,0.09946524064171124,0.8882726846714171,0.8967017905095009,1.495884521787443,1.5844218587312242
ets,dead13,0.8,2,13,0.95,26,lumpy,2217,0.8858361030894132,0.9104645917907082,0.12999732087041943,2.1616947274741642,0.14424526417116187,0.013076881163842424,0.09788001804239964,0.8787096506131045,0.8917676978931633,2.047595632223724,2.278684776689948
ets,dead26,0.8,2,13,0.95,26,all,30381,0.9323927876797753,0.9049944492819975,0.11799640250338195,1.3993174927815397,0.05840023468424324,0.000564816053214557,0.009545439583950495,0.9308587706141965,0.9340644615214289,1.3781738642699928,1.4212476045415692
ets,dead26,0.8,2,13,0.95,26,smooth,16102,0.9413015783504319,0.8979855692686397,0.11308497488773801,1.2336669330484744,0.027360170845453925,0.0001124787901038758,0.0034157247546888585,0.9395033684385508,0.9430886123464687,1.2090864323744959,1.2570054289765749
ets,dead26,0.8,2,13,0.95,26,erratic,1777,0.9329998487258216,0.9283777561774186,0.08320209193831159,2.141694843185916,0.18593804300275155,0.0003638757262182682,0.0061902082160945416,0.926831075744563,0.9396653620559127,2.0143078708463342,2.297546160804066
ets,dead26,0.8,2,13,0.95,26,intermittent,10285,0.9000603025770484,0.9090732310955938,0.13594465478621126,1.6116642131794632,0.11513082309076327,0.0025313287653145884,0.017403986387943608,0.8960020767529933,0.9040010181143848,1.5556756775126248,1.6610917171003605
ets,dead26,0.8,2,13,0.95,26,lumpy,2217,0.8948264588895548,0.9182351252716612,0.11871520852558569,2.215682268112389,0.15900942625183895,0.0013530939537586952,0.02029769959404601,0.887403084132475,0.9015999916024813,2.0972142800417592,2.3356423898862393
ets,none,0.9,2,13,0.95,26,all,30381,0.960121289487742,0.9463749771837063,0.06660200092167269,1.869053585653799,0.08807068831562175,0.0,0.0,0.9589631910334555,0.9614267107287099,1.8403263861338042,1.895450633031308
ets,none,0.9,2,13,0.95,26,smooth,16102,0.966264662374709,0.9437958017637561,0.06230344374383928,1.646731202555518,0.04241350217236948,0.0,0.0,0.9649210675991786,0.9678011863070586,1.6155301641513407,1.6785072923426163
ets,none,0.9,2,13,0.95,26,erratic,1777,0.9607341294988736,0.9631401238041644,0.042819362315395355,2.9137103467449474,0.24818123464260453,0.0,0.0,0.9559055133083669,0.9661019611338304,2.7382850644695402,3.1030417478705465
ets,none,0.9,2,13,0.95,26,intermittent,10285,0.9377602519307663,0.9460025633093208,0.08073159289287106,2.132649904126785,0.18118185168324988,0.0,0.0,0.9342707232981681,0.9413591230783568,2.0619956104398574,2.19733828413188
ets,none,0.9,2,13,0.95,26,lumpy,2217,0.9340843458835068,0.9533973018411449,0.06766290596255173,2.9560335276703174,0.25256906227864656,0.0,0.0,0.9272135055621625,0.9402266154610316,2.8118578380471284,3.096372342721734
ets,quantile,0.9,2,13,0.95,26,all,30381,0.9601190683010159,0.9463689925820863,0.06660943376592487,1.8689948828617515,0.08806021700677003,1.840411858789006e-05,0.00019749185346104473,0.9589609507252971,0.9614232747723725,1.8402736503721202,1.8953915182863503
ets,quantile,0.9,2,13,0.95,26,smooth,16102,0.966264662374709,0.9437958017637561,0.06230344374383928,1.6467187534467103,0.04241350217236948,1.2012297972258581e-05,6.210408644888833e-05,0.9649210675991786,0.9678011863070586,1.6155176800486506,1.67849452157141
ets,quantile,0.9,2,13,0.95,26,erratic,1777,0.9607341294988736,0.9631401238041644,0.042819362315395355,2.9137103467449474,0.24818123464260453,0.0,0.0,0.9559055133083669,0.9661019611338304,2.7382850644695402,3.1030417478705465
ets,quantile,0.9,2,13,0.95,26,intermittent,10285,0.9377464572235984,0.9459848853140054,0.08075802327194878,2.1323414938879592,0.18111681949231537,6.0105509803110115e-05,0.0004861448711716091,0.9342642703046456,0.9413473298121129,2.061980687290552,2.1972089916381736
ets,quantile,0.9,2,13,0.95,26,lumpy,2217,0.9340843458835068,0.9533973018411449,0.06766290596255173,2.9560335276703174,0.25256906227864656,0.0,0.0,0.9272135055621625,0.9402266154610316,2.8118578380471284,3.096372342721734
ets,fixed,0.9,2,13,0.95,26,all,30381,0.9576524404416544,0.9431612461137493,0.07059343828509418,1.8445326361345513,0.08087969148350999,0.008174443120722926,0.06069582963036108,0.9563839370899387,0.9590194085423099,1.8166264831734553,1.8711233176361644
ets,fixed,0.9,2,13,0.95,26,smooth,16102,0.9652892637793616,0.942517022165513,0.06372099572856853,1.637736175428473,0.0393873640671981,0.003043261089917292,0.023847969196373123,0.9639125234848394,0.9668137126188349,1.6070202197975596,1.6693237044333895
ets,fixed,0.9,2,13,0.95,26,erratic,1777,0.9598080862181047,0.961323988335806,0.04492912964668826,2.8881613645748585,0.2414801973923602,0.006063232606535862,0.03545301069217783,0.9547505294360207,0.9651851294093635,2.7238411204376454,3.0760497293245503
ets,fixed,0.9,2,13,0.95,26,intermittent,10285,0.9298608114046756,0.9406328722322889,0.08875982053772606,2.0614248750100996,0.15974724155123451,0.02544729337992003,0.1024793388429752,0.9256695312886344,0.9337112132562027,1.9909307000640042,2.123445984630556
ets,fixed,0.9,2,13,0.95,26,lumpy,2217,0.9221653135727129,0.9450116865543117,0.07983806150090793,2.8262364009517067,0.22334041664396379,0.03994351513830618,0.15471357690572846,0.9148808838115273,0.9292708236437074,2.6835523034083564,2.9625779167577755
ets,dead13,0.9,2,13,0.95,26,all,30381,0.953780436009435,0.9394343354548746,0.07522224204314022,1.8233491783275004,0.07573164700837086,0.007232342636456624,0.060103354069977945,0.9522955781033867,0.9552914788121918,1.7962391674397347,1.8504141399752578
ets,dead13,0.9,2,13,0.95,26,smooth,16102,0.9629012189424766,0.940063910750782,0.0664403173063383,1.6269574312552566,0.03874494637164171,0.0038891452725819736,0.031176251397341946,0.9612906461446001,0.9643389669626206,1.5952469840791565,1.657484112775703
ets,dead13,0.9,2,13,0.95,26,erratic,1777,0.9508624672409635,0.9577940348902645,0.049029804177933616,2.87559538654641,0.23725719472257542,0.013162897759097915,0.04727068092290377,0.943947419826987,0.9583604647859613,2.701865180636761,3.0606810947839382
ets,dead13,0.9,2,13,0.95,26,intermittent,10285,0.9221377460630891,0.9352278251646263,0.09684090894073648,1.9835557237196046,0.13386659729899633,0.017288709426317543,0.09946524064171124,0.9179422901702124,0.9265479217783916,1.9247510148987388,2.0371299556629
ets,dead13,0.9,2,13,0.95,26,lumpy,2217,0.9164577998147442,0.9396604748431542,0.08760753728455332,2.8308178499427887,0.21800613886921305,0.01722243411612997,0.09788001804239964,0.9093030691464778,0.9219749392278335,2.692942469222033,2.9624054280944137
ets,dead26,0.9,2,13,0.95,26,all,30381,0.9584857027763406,0.9444419508604361,0.06900280961512732,1.8540964315524653,0.08293660558561826,0.0007970887222893073,0.009545439583950495,0.9571900494763591,0.9598211238016087,1.8255460584830012,1.8806657782762226
ets,dead26,0.9,2,13,0.95,26,smooth,16102,0.965642425339746,0.9430166777701245,0.06316711780076041,1.640950229555014,0.03998269355470324,0.00015637827905703896,0.0034157247546888585,0.964261088929713,0.9671650727278988,1.6103918568852507,1.6719985942140072
ets,dead26,0.9,2,13,0.95,26,erratic,1777,0.9604867757748713,0.9625006394843199,0.04356223813627314,2.908973829567151,0.2477449926202732,0.0005396808523686675,0.0061902082160945416,0.9556287399210857,0.9658032382610297,2.7341112721086698,3.098452430915911
ets,dead26,0.9,2,13,0.95,26,intermittent,10285,0.9318620292802513,0.942586290714633,0.0858392636496389,2.0793087275170907,0.16296416726279506,0.003573814492719351,0.017403986387943608,0.9276764188378775,0.9358321387376458,2.0061380922290324,2.1443367806106757
ets,dead26,0.9,2,13,0.95,26,lumpy,2217,0.9279409360867433,0.9489277073850823,0.07415235316881494,2.9044842804991013,0.24109137470713235,0.0018934234185146843,0.02029769959404601,0.9205167118439195,0.9343856380734851,2.7538404950425135,3.0440421852253765
ets,none,0.95,2,13,0.95,26,all,30381,0.9734339721307701,0.9662453507126164,0.04192309979336693,2.274647676154783,0.11501755451466515,0.0,0.0,0.9724666507805098,0.974481577982703,2.239321580201638,2.3062515056203905
ets,none,0.95,2,13,0.95,26,smooth,16102,0.9783547126756608,0.9658681586702951,0.0378358080515701,2.0091000801329475,0.05639149258480845,0.0,0.0,0.9771496849018271,0.9796011432027927,1.972818037505402,2.0484154417131877
ets,none,0.95,2,13,0.95,26,erratic,1777,0.973633319568746,0.9773878344502993,0.026268089026238374,3.5754531070489675,0.31565933055043355,0.0,0.0,0.9690397987089224,0.9785035727770584,3.370772691862821,3.8162366205317264
ets,none,0.95,2,13,0.95,26,intermittent,10285,0.9557850075181155,0.964259512971229,0.05343561890036408,2.563938467723341,0.23308187552838655,0.0,0.0,0.9521983972021929,0.959069760053258,2.479458173269122,2.6433508906568233
ets,none,0.95,2,13,0.95,26,lumpy,2217,0.9520196516464157,0.9692664124328536,0.04462239156967225,3.5729172342396343,0.34412085217675586,0.0,0.0,0.9454821364583148,0.9577208836693609,3.399846422934968,3.7403699706129725
ets,quantile,0.95,2,13,0.95,26,all,30381,0.973431750944044,0.9662393661109964,0.04193053263761911,2.274582309802557,0.11500708320581342,1.999068053512196e-05,0.00019749185346104473,0.9724644250982744,0.9744806211492703,2.23920858635181,2.3061662259045237
ets,quantile,0.95,2,13,0.95,26,smooth,16102,0.9783547126756608,0.9658681586702951,0.0378358080515701,2.009088067834975,0.05639149258480845,1.1793892554581152e-05,6.210408644888833e-05,0.9771496849018271,0.9796011432027927,1.9728059668345164,2.0484031190392167
ets,quantile,0.95,2,13,0.95,26,erratic,1777,0.973633319568746,0.9773878344502993,0.026268089026238374,3.5754531070489675,0.31565933055043355,0.0,0.0,0.9690397987089224,0.9785035727770584,3.370772691862821,3.8162366205317264
ets,quantile,0.95,2,13,0.95,26,intermittent,10285,0.9557712128109475,0.9642418349759138,0.053462049279441794,2.563586702690559,0.23301684333745204,7.094420829219555e-05,0.0004861448711716091,0.9521746112774491,0.9590544279087136,2.479443505785603,2.6430916990086386
ets,quantile,0.95,2,13,0.95,26,lumpy,2217,0.9520196516464157,0.9692664124328536,0.04462239156967225,3.5729172342396343,0.34412085217675586,0.0,0.0,0.9454821364583148,0.9577208836693609,3.399846422934968,3.7403699706129725
ets,fixed,0.95,2,13,0.95,26,all,30381,0.9702156312208102,0.9622506291312453,0.04688452333169811,2.239201343754507,0.10439127029192899,0.01152954567053423,0.06820052006188078,0.9691006499384741,0.9714197764312976,2.2057343157901754,2.2706802141148437
ets,fixed,0.95,2,13,0.95,26,smooth,16102,0.9770287733849411,0.964191348336175,0.03969458482624818,1.9961361897558685,0.05220544698743579,0.004336221162567671,0.02682896534591976,0.9758775272542445,0.9783161131348934,1.9606295473088373,2.0343874964941877
ets,fixed,0.95,2,13,0.95,26,erratic,1777,0.9723536217900233,0.9751112702716529,0.02891272694856328,3.5321948247877053,0.3038268278622505,0.010448139532031286,0.04727068092290377,0.9678357485317179,0.9770544499122178,3.3399978268938373,3.764729189045856
ets,fixed,0.95,2,13,0.95,26,intermittent,10285,0.9456587071206308,0.9576258452291511,0.06335361864927548,2.4657999649220304,0.2033014675597754,0.03422368314740039,0.11229946524064172,0.9412137364295564,0.9493853616725323,2.3838845440448013,2.542113249004807
ets,fixed,0.95,2,13,0.95,26,lumpy,2217,0.9369857788917343,0.9593020871775946,0.059089691304736104,3.3763144989919907,0.2905483208921339,0.05890045224214025,0.18087505638249887,0.9304192539197321,0.9440161548565055,3.212962578129939,3.5382187329847743
ets,dead13,0.95,2,13,0.95,26,all,30381,0.9660635986049043,0.9585027723667005,0.0515393420446268,2.2176837560013687,0.09850883802265516,0.008588535788950453,0.060103354069977945,0.9647027440409721,0.9674837992690685,2.1846452759256887,2.2493076927241873
ets,dead13,0.95,2,13,0.95,26,smooth,16102,0.9744603256730545,0.961647903704791,0.04251404252655954,1.9848734591770787,0.05149431894747808,0.004514876794227807,0.031176251397341946,0.9731646689492869,0.9757309059260918,1.9488450497750458,2.0223253461070483
ets,dead13,0.95,2,13,0.95,26,erratic,1777,0.9624921807603776,0.9713766818437612,0.03325112174248952,3.5243919391305414,0.2986323996582021,0.016339655503722572,0.04727068092290377,0.9557135928863586,0.9694233627087382,3.3220233427685995,3.7585387865385025
ets,dead13,0.95,2,13,0.95,26,intermittent,10285,0.9373503520606337,0.9522207981614885,0.0714347070522859,2.3784774978766006,0.17135765537274283,0.020616189862466768,0.09946524064171124,0.9331596428917193,0.9414672926749099,2.3069767493668185,2.4459211591638086
ets,dead13,0.95,2,13,0.95,26,lumpy,2217,0.9317459452587225,0.9544839463648666,0.06608519632066204,3.4143782124629944,0.2957227701193266,0.020636953086688826,0.09788001804239964,0.9247079862029791,0.9375291193492082,3.2479746216617595,3.5733672208942027
ets,dead26,0.95,2,13,0.95,26,all,30381,0.9714399810754891,0.9639891559018645,0.04472528207643937,2.2554837530503637,0.10813999886084852,0.0009876348121518588,0.009545439583950495,0.9703294094043561,0.9727166149023846,2.2214693350954406,2.287042328640622
ets,dead26,0.95,2,13,0.95,26,smooth,16102,0.9775966274709024,0.964930951547521,0.038874720322938996,2.0016524553901474,0.053154418527244215,0.000193070389226847,0.0034157247546888585,0.976424036921595,0.9788454149190768,1.9659248982734843,2.040025274715306
ets,dead26,0.95,2,13,0.95,26,erratic,1777,0.973375744616479,0.9766971913848672,0.02707039491278638,3.5692590427206454,0.3149622427827907,0.0006848222937253924,0.0061902082160945416,0.9688038796757853,0.9782096611324884,3.3658125279724147,3.8077432592659584
ets,dead26,0.95,2,13,0.95,26,intermittent,10285,0.9485615076432531,0.9602200910416758,0.059474960519621256,2.495897059953768,0.20901562940322124,0.004427115664678258,0.017403986387943608,0.9445082746018726,0.9524991272860301,2.4091054837805577,2.577314856828643
ets,dead26,0.95,2,13,0.95,26,lumpy,2217,0.9445730943170054,0.9644482716201255,0.05161789658559819,3.5066020087542453,0.3270391761564867,0.002329319457309432,0.02029769959404601,0.9378889294491995,0.9504830194718417,3.338057258483032,3.6746862154736717
ets,none,0.99,2,13,0.95,26,all,30381,0.9866841442330774,0.9854334796568429,0.01809154290980987,3.0719823155459114,0.1798328620451069,0.0,0.0,0.9859378167155322,0.9876125741922459,3.027428842921203,3.1149293272425487
ets,none,0.99,2,13,0.95,26,smooth,16102,0.9898627125385021,0.9865092986754892,0.014954704050819083,2.723047515627454,0.08969534846693593,0.0,0.0,0.9889993401143373,0.9907306552941089,2.677360124517552,2.776483965623085
ets,none,0.99,2,13,0.95,26,erratic,1777,0.9868473234691666,0.9906123701846831,0.01090541705048584,4.858689474996831,0.49728892141510855,0.0,0.0,0.9837952273874442,0.9897638685663115,4.588966586526002,5.171141052183339
ets,none,0.99,2,13,0.95,26,intermittent,10285,0.9754542892671266,0.9831440314668317,0.02520136645059832,3.4155212133036152,0.3484056274522555,0.0,0.0,0.972373374038792,0.9783781071535478,3.306162241651643,3.5241518810520156
ets,none,0.99,2,13,0.95,26,lumpy,2217,0.9719891389237,0.984089883954566,0.023100050605780967,4.774600882689478,0.571836575310122,0.0,0.0,0.9662546543217743,0.9766639975391681,4.534862171959176,5.009102192803318
ets,quantile,0.99,2,13,0.95,26,all,30381,0.986682081702546,0.9854304873560329,0.01809525933193596,3.0718953719512028,0.1798209945617416,2.4909022571540853e-05,0.00026332247128139295,0.985936466523956,0.9876116698630205,3.027369871395467,3.1148553262733523
ets,quantile,0.99,2,13,0.95,26,smooth,16102,0.9898627125385021,0.9865092986754892,0.014954704050819083,2.7230324456536334,0.08969534846693593,1.3541135896000582e-05,0.00012420817289777666,0.9889993401143373,0.9907306552941089,2.67734498067313,2.7764690645513563
ets,quantile,0.99,2,13,0.95,26,erratic,1777,0.9868473234691666,0.9906123701846831,0.01090541705048584,4.858689474996831,0.49728892141510855,0.0,0.0,0.9837952273874442,0.9897638685663115,4.588966586526002,5.171141052183339
ets,quantile,0.99,2,13,0.95,26,intermittent,10285,0.975441479896185,0.983135192469174,0.025214581640137172,3.415049237251227,0.34833192430252974,9.36069414966469e-05,0.000583373845405931,0.9723731754712581,0.9783636274678756,3.3058541236095778,3.5238693186013355
ets,quantile,0.99,2,13,0.95,26,lumpy,2217,0.9719891389237,0.984089883954566,0.023100050605780967,4.774600882689478,0.571836575310122,0.0,0.0,0.9662546543217743,0.9766639975391681,4.534862171959176,5.009102192803318
ets,fixed,0.99,2,13,0.95,26,all,30381,0.9822449439047225,0.9800323766947644,0.02479968484740371,3.0093783263262828,0.15987664163547882,0.01921739024204113,0.08508607353280011,0.9812322617137712,0.9832287172966352,2.9654706380221048,3.0501838219462285
ets,fixed,0.99,2,13,0.95,26,smooth,16102,0.9880390273008957,0.9841747496076151,0.017542596967753038,2.7004700739804672,0.08286227288839634,0.007113464453753854,0.03223202086697305,0.9871110547761782,0.9889069040914508,2.6550311399427926,2.749942218815779
ets,fixed,0.99,2,13,0.95,26,erratic,1777,0.9847008655336095,0.9876195835678109,0.014382075892193862,4.758799455412958,0.4637162750573411,0.023128595317042058,0.07822172200337647,0.9812363277245507,0.9879170062933786,4.517274731272937,5.04783525281193
ets,fixed,0.99,2,13,0.95,26,intermittent,10285,0.9614033946803667,0.9741989658372741,0.03857513826392055,3.2558671845593867,0.29885760117925037,0.05334905929950477,0.13767622751579972,0.9572462100219348,0.9649471112470752,3.151412398993602,3.3607772306691897
ets,fixed,0.99,2,13,0.95,26,lumpy,2217,0.9523738171779363,0.97092713330873,0.04221117494716161,4.409896656314136,0.4456619262972448,0.10488294375124867,0.2304916553901669,0.9463137048112208,0.9588552912832291,4.188201110657894,4.624049533747167
ets,dead13,0.99,2,13,0.95,26,all,30381,0.9778811052688612,0.9764535849259854,0.029244525710208268,2.992327545079381,0.15441515598204456,0.01113576099523127,0.060103354069977945,0.9767396919528858,0.9791165514442074,2.948948258073615,3.036142593428486
ets,dead13,0.99,2,13,0.95,26,smooth,16102,0.9852644048747216,0.9815663779767618,0.02043402750614116,2.6896478671291324,0.08214682042116864,0.005684656211308115,0.031176251397341946,0.9842436794306686,0.9862908569740498,2.6439440582943323,2.7401570624137004
ets,dead13,0.99,2,13,0.95,26,erratic,1777,0.9743283630907359,0.9841152094950631,0.018453035390604108,4.780192486170678,0.4666395463410047,0.022321118284141968,0.04727068092290377,0.9681658824635407,0.9801858959696953,4.519784804477245,5.087982038552085
ets,dead13,0.99,2,13,0.95,26,intermittent,10285,0.9526831690777844,0.9690237327087108,0.046312631738920716,3.158698252604736,0.25672974789187314,0.026852382838596013,0.09946524064171124,0.9481590179007402,0.9566572652592255,3.067980485468371,3.2520460016982633
ets,dead13,0.99,2,13,0.95,26,lumpy,2217,0.9483917252401969,0.9676466970107024,0.0469740719792814,4.547163043280844,0.491872355109973,0.027193556003559816,0.09788001804239964,0.9419281097740211,0.954137042338872,4.322857191921933,4.764332020995138
ets,dead26,0.99,2,13,0.95,26,all,30381,0.9841220053444926,0.9826760744604134,0.02151622589900251,3.0445965111185465,0.16930326290743505,0.001346673780810438,0.009545439583950495,0.9832338541579926,0.9850855144396689,2.999794785841578,3.0885831475483982
ets,dead26,0.99,2,13,0.95,26,smooth,16102,0.9888908084298376,0.9853490814241032,0.0162408273747125,2.712353075945461,0.08478904548314663,0.00026099447412452736,0.0034157247546888585,0.9880246197952187,0.9898083670913583,2.6670430134912735,2.76489100139692
ets,dead26,0.99,2,13,0.95,26,erratic,1777,0.9865774830429823,0.9898449890008697,0.01179686803553918,4.849782696687095,0.49595321130549613,0.0009648839481742842,0.0061902082160945416,0.983658137904519,0.9895236914908885,4.585878488407061,5.163433371633775
ets,dead26,0.99,2,13,0.95,26,intermittent,10285,0.9660847270914255,0.9781323197949352,0.03269437891912965,3.31872178243382,0.3122975873057163,0.006037155058420585,0.017403986387943608,0.9624331033296162,0.969603408287744,3.2094089489493642,3.429913784723741
ets,dead26,0.99,2,13,0.95,26,lumpy,2217,0.9626446175920377,0.9785951531553697,0.03107790313458161,4.67903067618373,0.5418487440745383,0.0031511651137870285,0.02029769959404601,0.9571545360192172,0.9677259610156426,4.447756531269615,4.909382809437316
ets,none,0.9,1,13,0.95,26,all,30381,0.963272518827334,0.942526878342026,0.07138131977582542,1.3132044632526074,0.047862258499489996,0.0,0.0,0.9621813725789589,0.9644051318701301,1.2940041291646796,1.3307976013530598
ets,none,0.9,1,13,0.95,26,smooth,16102,0.9693655824948931,0.9400864940549452,0.06641528327570291,1.1604701045572254,0.0218979387115085,0.0,0.0,0.9680777982028935,0.9705235317905131,1.139164233600759,1.183065266958263
ets,none,0.9,1,13,0.95,26,erratic,1777,0.9628335697844138,0.9589706860387783,0.0476629126675185,1.9977186218513505,0.12314617582965709,0.0,0.0,0.9583672522020031,0.9674840341631944,1.8883727799898207,2.1312150508221928
ets,none,0.9,1,13,0.95,26,intermittent,10285,0.9421656901984664,0.9422283113094975,0.08637447882596257,1.5088857620885974,0.10970063514773146,0.0,0.0,0.9392991452926768,0.9448852312638735,1.4575729463484097,1.555145970836802
ets,none,0.9,1,13,0.95,26,lumpy,2217,0.9348380827839227,0.9484561446672407,0.07483701961718216,2.0663651719065004,0.13547467262391252,0.0,0.0,0.9279579814010924,0.9407921758243882,1.9585262303236015,2.1653439601067195
ets,quantile,0.9,1,13,0.95,26,all,30381,0.9632720428587498,0.9425223898908109,0.07138689440901455,1.3131895495703034,0.047857371888692525,2.3798429208478524e-06,9.874592673052236e-05,0.9621812132756233,0.9644037066317895,1.2939983799488382,1.3307666245962337
ets,quantile,0.9,1,13,0.95,26,smooth,16102,0.9693655824948931,0.9400864940549452,0.06641528327570291,1.1604701045572254,0.0218979387115085,0.0,0.0,0.9680777982028935,0.9705235317905131,1.139164233600759,1.183065266958263
ets,quantile,0.9,1,13,0.95,26,erratic,1777,0.9628335697844138,0.9589706860387783,0.0476629126675185,1.9977186218513505,0.12314617582965709,0.0,0.0,0.9583672522020031,0.9674840341631944,1.8883727799898207,2.1312150508221928
ets,quantile,0.9,1,13,0.95,26,intermittent,10285,0.9421627341897876,0.942215052813011,0.08639430161027084,1.508793140483327,0.10967028679196202,1.4780043394207406e-05,0.0002916869227029655,0.9392981772759494,0.9448850510690365,1.4575729463484097,1.5550808826323257
ets,quantile,0.9,1,13,0.95,26,lumpy,2217,0.9348380827839227,0.9484561446672407,0.07483701961718216,2.0663651719065004,0.13547467262391252,0.0,0.0,0.9279579814010924,0.9407921758243882,1.9585262303236015,2.1653439601067195
ets,fixed,0.9,1,13,0.95,26,all,30381,0.9618108193053493,0.9405923558683508,0.0737839866803431,1.2998687754613445,0.04378787222528164,0.0073435606289575794,0.04848425002468648,0.9606877816265329,0.962954315594001,1.28092177554887,1.3169457626668815
ets,fixed,0.9,1,13,0.95,26,smooth,16102,0.9687907394355662,0.9392847867571504,0.06730399136325943,1.1554970131967104,0.02004035695307843,0.002743827262281537,0.01869333002111539,0.9674829594720741,0.9700114124087237,1.134758993244463,1.1779000310275793
ets,fixed,0.9,1,13,0.95,26,erratic,1777,0.9624001897059966,0.9579730904998209,0.04882179894808784,1.9895539047136217,0.12212078221015663,0.0037000846317700306,0.020821609454136185,0.9579633257041607,0.9670212568954397,1.8811641306409306,2.1211011439318765
ets,fixed,0.9,1,13,0.95,26,intermittent,10285,0.9373286746636554,0.9388827506960711,0.09137642806641955,1.4658502170695704,0.09640805532071708,0.024295435331398132,0.08497812348079728,0.9336187048489115,0.9405823711799466,1.41426052619797,1.510022111145757
ets,fixed,0.9,1,13,0.95,26,lumpy,2217,0.9282088305272526,0.9440890638454914,0.08117762629119162,2.0045496649049204,0.12102017835412922,0.03294647559890299,0.11772665764546685,0.9215183077945069,0.9343172935272082,1.901250909572429,2.106701967947301
ets,dead13,0.9,1,13,0.95,26,all,30381,0.9592404302946388,0.9374878437779594,0.07763977463616227,1.282342342942663,0.03983530217738175,0.004958799366073309,0.060103354069977945,0.9580477851559089,0.9604069688812087,1.26357573993856,1.2997240713143263
ets,dead13,0.9,1,13,0.95,26,smooth,16102,0.9672138523199351,0.9374329558157654,0.06935678187536182,1.1472563583823234,0.01950268649584014,0.002665856528170695,0.031176251397341946,0.9658245729778714,0.9684437109079945,1.1267515598648425,1.1686349973995496
ets,dead13,0.9,1,13,0.95,26,erratic,1777,0.9566374612104387,0.9553384151020617,0.0518824473301043,1.972564179092273,0.11742555879454922,0.008976282661934919,0.04727068092290377,0.9509355142974147,0.9621419275423415,1.8557085325991338,2.104108134361708
ets,dead13,0.9,1,13,0.95,26,intermittent,10285,0.9322778411677417,0.9342201794316525,0.09834744054816606,1.4078070159880656,0.0782792482278728,0.011858521483285742,0.09946524064171124,0.9289575164984989,0.9353666367877446,1.3634157375700315,1.4481070116606045
ets,dead13,0.9,1,13,0.95,26,lumpy,2217,0.9235047857752593,0.9387378521343339,0.08894710207483703,1.97949018325796,0.11304872954467027,0.011909951143318985,0.09788001804239964,0.9167013628335412,0.9294370575779303,1.8817353533492092,2.074620637251244
ets,dead26,0.9,1,13,0.95,26,all,30381,0.9622720328634096,0.9410801009003833,0.0731782098737903,1.3028080401247863,0.04439276483328328,0.0005535514633892105,0.009545439583950495,0.9612003264399446,0.9633979817070679,1.2836973074094111,1.3200343152440788
ets,dead26,0.9,1,13,0.95,26,smooth,16102,0.9689720159322384,0.9395388489289868,0.06702235851861124,1.1564210865189035,0.02026042225193021,0.0001140076280276178,0.0034157247546888585,0.9676517668286401,0.9701447057355945,1.1355980707438362,1.1791658456235756
ets,dead26,0.9,1,13,0.95,26,erratic,1777,0.9626741186234867,0.9584846779556966,0.04822749829138561,1.9946031914763132,0.12289432476521839,0.00037000846317700306,0.0061902082160945416,0.9582037207833914,0.9672792642116885,1.8853672364090874,2.1266321692087535
ets,dead26,0.9,1,13,0.95,26,intermittent,10285,0.9386431131895137,0.939598709506342,0.09030599771377221,1.4720016711302397,0.09729249311742645,0.0024495458585333074,0.017403986387943608,0.9353169485711629,0.9416010957752418,1.4208341777306341,1.5174273847805517
ets,dead26,0.9,1,13,0.95,26,lumpy,2217,0.9309740460233568,0.9451962110960758,0.07957014854285119,2.02989520332734,0.12796273088868307,0.0013621751212335859,0.02029769959404601,0.9240338675012503,0.9369784903572952,1.924832126552168,2.129904341652817
ets,none,0.9,4,13,0.95,26,all,30381,0.9571429954003983,0.951022020341661,0.060830397359853725,3.092645539690465,0.2130635606860738,0.0,0.0,0.9556061688181934,0.9588293410809169,3.0416211261895922,3.139562648722258
ets,none,0.9,4,13,0.95,26,smooth,16102,0.9637497239901535,0.9491339302853401,0.05638602475239779,2.717934426394207,0.11290887405236619,0.0,0.0,0.9622713668772518,0.9654829633474881,2.6651986599367095,2.772019863992644
ets,none,0.9,4,13,0.95,26,erratic,1777,0.9562633642559559,0.9685117920908579,0.036579205420021986,4.9376157554100955,0.5881891663157378,0.0,0.0,0.9493645458450739,0.9628097228482538,4.653504816179975,5.253985703595055
ets,none,0.9,4,13,0.95,26,intermittent,10285,0.93291141236124,0.9494983868829274,0.07550498543025354,3.5013863680703765,0.3880882703604951,0.0,0.0,0.9289826298497265,0.9370880390424198,3.38715384665971,3.6132535321483137
ets,none,0.9,4,13,0.95,26,lumpy,2217,0.9334077989066274,0.9577848853897568,0.061292531182091506,4.901274087796727,0.6554968306725513,0.0,0.0,0.9269386316799564,0.9390630948759584,4.653247309017934,5.148959323485999
ets,quantile,0.9,4,13,0.95,26,all,30381,0.9571017447897703,0.9509846165815357,0.060876852636429855,3.0865579014989364,0.21109879410186078,0.0006706397350949248,0.0036206839801191533,0.9555523150526254,0.958798460518116,3.035623646200549,3.132276727662777
ets,quantile,0.9,4,13,0.95,26,smooth,16102,0.9637383669084342,0.9491254615462789,0.056395412513886065,2.716194608836989,0.11255282954046844,0.0003138485852024651,0.0024841634579555335,0.9622595283868287,0.9654740210779847,2.6633214241442493,2.770201645884719
ets,quantile,0.9,4,13,0.95,26,erratic,1777,0.9562592757646501,0.9685117920908579,0.036579205420021986,4.90010589192482,0.5762622194783902,0.002806749281447653,0.005064715813168261,0.9493645458450739,0.9628019199611856,4.619027261309315,5.207127463023778
ets,quantile,0.9,4,13,0.95,26,intermittent,10285,0.9327429198665461,0.9494144164051797,0.07563052973087267,3.4953275356149778,0.3872255099607639,0.0008996119745940908,0.004666990763247448,0.9287938868019923,0.9368612284517157,3.383384532210555,3.606621018917979
ets,quantile,0.9,4,13,0.95,26,lumpy,2217,0.9332488784758168,0.9577233772091688,0.06138183550144375,4.874457400243375,0.6371365262718176,0.002288454203672424,0.005863779882724403,0.9267297085913078,0.9388704018790619,4.637280742208894,5.122245608516362
ets,fixed,0.9,4,13,0.95,26,all,30381,0.9496602932886684,0.9424401016185355,0.07148909601748205,3.0073189689187756,0.18901026616639194,0.020039229330707255,0.10430861393634179,0.9479372286547629,0.9514484899302373,2.9598827208780176,3.052570666485089
ets,fixed,0.9,4,13,0.95,26,smooth,16102,0.9608185048795046,0.9457266742697124,0.06016303412451301,2.6894547967399056,0.10633574460194628,0.007718884271555686,0.04092659296981741,0.9592761206212446,0.9625522381935104,2.636065449882826,2.7433240533129037
ets,fixed,0.9,4,13,0.95,26,erratic,1777,0.949574592479629,0.9607612421343429,0.04558286036906071,4.7298590697046885,0.5127552751759072,0.03275290385094996,0.11536297129994373,0.9422420239510712,0.956298739387358,4.462533410496585,5.0121088865682735
ets,fixed,0.9,4,13,0.95,26,intermittent,10285,0.9106556230182425,0.9365271578203032,0.09489827607852466,3.310697204206991,0.33832563785740605,0.04966094580453688,0.16470588235294117,0.9046256779040465,0.9160413118964588,3.200350708541597,3.4116002959577627
ets,fixed,0.9,4,13,0.95,26,lumpy,2217,0.8976143773043462,0.9313158650100464,0.09972315661000804,4.391579941517282,0.500632957373,0.11143500608438221,0.2755976544880469,0.888327995488326,0.9069153897280838,4.1706744799845845,4.60758307220401
ets,dead13,0.9,4,13,0.95,26,all,30381,0.9461941314025509,0.9399430265925773,0.0745904502817048,3.0114161064913074,0.18876837893191697,0.012215733712712026,0.060103354069977945,0.9443832523718128,0.9484896318734909,2.9617639312460704,3.059673950416751
ets,dead13,0.9,4,13,0.95,26,smooth,16102,0.9579014821210049,0.9429715111617981,0.0632171858620312,2.682063302189449,0.1058778358032438,0.006520275339341957,0.031176251397341946,0.9559739287722481,0.9596512867593352,2.632112955671424,2.7345207340873245
ets,dead13,0.9,4,13,0.95,26,erratic,1777,0.9390037982084231,0.9594566941218601,0.04709832704365138,4.865016415292592,0.5537350412324348,0.022543941060309335,0.04727068092290377,0.9282700869530357,0.9492938621738513,4.576019020992962,5.17129973256705
ets,dead13,0.9,4,13,0.95,26,intermittent,10285,0.9062019032754547,0.9326114818579573,0.10075260504423784,3.2411787774342233,0.3006481541696473,0.029228028480158284,0.09946524064171124,0.9007929389824624,0.9118428888291817,3.1445846259296752,3.3313330818754046
ets,dead13,0.9,4,13,0.95,26,lumpy,2217,0.9030630777892806,0.9363185303645385,0.09245973863602536,4.682649521422475,0.5858315625056758,0.029286765106522096,0.09788001804239964,0.8927460503949551,0.9110151377747276,4.445285830984721,4.919880888245925
ets,dead26,0.9,4,13,0.95,26,all,30381,0.9543060639825529,0.9479758581170648,0.06461371508421412,3.0673873148343382,0.20372454936484372,0.0013314427861170117,0.009545439583950495,0.9526834942550448,0.9560630969827748,3.0144365519708503,3.1144556306755025
ets,dead26,0.9,4,13,0.95,26,smooth,16102,0.9627142639049447,0.94794548390375,0.057703440614585454,2.708077789894425,0.10850180217230396,0.000245050878634075,0.0034157247546888585,0.9612425435130003,0.9644454126470743,2.655067100759051,2.7623381017632993
ets,dead26,0.9,4,13,0.95,26,erratic,1777,0.9557890992644804,0.9674118790607255,0.03785695183193177,4.929126003213554,0.5870558365257637,0.0009239990351160518,0.0061902082160945416,0.9487188430196913,0.9622809421762233,4.645475591033567,5.245818525702928
ets,dead26,0.9,4,13,0.95,26,intermittent,10285,0.92265406224566,0.9439916913422018,0.0837380485129608,3.4117986130407276,0.35570440701480566,0.006063759136530158,0.017403986387943608,0.9174632298863625,0.9272962912185304,3.2976673772688887,3.5239063239355155
ets,dead26,0.9,4,13,0.95,26,lumpy,2217,0.9220654207304891,0.9511009964325255,0.07099693388503557,4.81501661853648,0.6315924735283969,0.00301494760166367,0.02029769959404601,0.9138444721269329,0.9284546925991609,4.567450627747848,5.063074632557585
ets,none,0.9,2,8,0.95,26,all,30381,0.960121289487742,0.9463749771837063,0.06660200092167269,1.869053585653799,0.2132519278975288,0.0,0.0,0.9589631910334555,0.9614267107287099,1.8403263861338042,1.895450633031308
ets,none,0.9,2,8,0.95,26,smooth,16102,0.966264662374709,0.9437958017637561,0.06230344374383928,1.646731202555518,0.13271411029313426,0.0,0.0,0.9649210675991786,0.9678011863070586,1.6155301641513407,1.6785072923426163
ets,none,0.9,2,8,0.95,26,erratic,1777,0.9607341294988736,0.9631401238041644,0.042819362315395355,2.9137103467449474,0.4831612759908799,0.0,0.0,0.9559055133083669,0.9661019611338304,2.7382850644695402,3.1030417478705465
ets,none,0.9,2,8,0.95,26,intermittent,10285,0.9377602519307663,0.9460025633093208,0.08073159289287106,2.132649904126785,0.37265035081254105,0.0,0.0,0.9342707232981681,0.9413591230783568,2.0619956104398574,2.19733828413188
ets,none,0.9,2,8,0.95,26,lumpy,2217,0.9340843458835068,0.9533973018411449,0.06766290596255173,2.9560335276703174,0.5535661744673895,0.0,0.0,0.9272135055621625,0.9402266154610316,2.8118578380471284,3.096372342721734
ets,quantile,0.9,2,8,0.95,26,all,30381,0.9600654425071994,0.9463360772731761,0.06665031440931186,1.8659467800487297,0.21166121973507482,0.0003928327381346188,0.004542312629604029,0.9588800770805738,0.961359364305829,1.8371101691952294,1.8916174046367564
ets,quantile,0.9,2,8,0.95,26,smooth,16102,0.9662187972369968,0.9437703955465724,0.0623316070283041,1.6455306279745452,0.13234893643477763,0.00022233671519562246,0.004160973792075519,0.9648698453462178,0.9677391328562128,1.6146193933044006,1.6773168338823525
ets,quantile,0.9,2,8,0.95,26,erratic,1777,0.9607320852532207,0.963165703176958,0.042789647282560246,2.896401718801745,0.4706736607124605,0.0012694765504581154,0.005627462014631401,0.9559054638751681,0.9661018523161131,2.7212247306608424,3.0818633227265626
ets,quantile,0.9,2,8,0.95,26,intermittent,10285,0.9376528502821018,0.9459274318292306,0.08084392200395134,2.12893715722616,0.3716604163505379,0.0005793777010529303,0.005153135634419057,0.9342156408040903,0.9412859510710819,2.0602528480007654,2.1944384954426277
ets,quantile,0.9,2,8,0.95,26,lumpy,2217,0.9339390472039085,0.9533767991142822,0.06769267406900246,2.9476334477560435,0.5479322181659675,0.0011306053506238763,0.0036084799278304014,0.9268531044613875,0.9402266154610316,2.805916586260281,3.090225404548044
ets,fixed,0.9,2,8,0.95,26,all,30381,0.9576524404416544,0.9431612461137493,0.07059343828509418,1.8445326361345513,0.20183191846383147,0.008174443120722926,0.06069582963036108,0.9563839370899387,0.9590194085423099,1.8166264831734553,1.8711233176361644
ets,fixed,0.9,2,8,0.95,26,smooth,16102,0.9652892637793616,0.942517022165513,0.06372099572856853,1.637736175428473,0.128162570509459,0.003043261089917292,0.023847969196373123,0.9639125234848394,0.9668137126188349,1.6070202197975596,1.6693237044333895
ets,fixed,0.9,2,8,0.95,26,erratic,1777,0.9598080862181047,0.961323988335806,0.04492912964668826,2.8881613645748585,0.47360592667699686,0.006063232606535862,0.03545301069217783,0.9547505294360207,0.9651851294093635,2.7238411204376454,3.0760497293245503
ets,fixed,0.9,2,8,0.95,26,intermittent,10285,0.9298608114046756,0.9406328722322889,0.08875982053772606,2.0614248750100996,0.33913131444509476,0.02544729337992003,0.1024793388429752,0.9256695312886344,0.9337112132562027,1.9909307000640042,2.123445984630556
ets,fixed,0.9,2,8,0.95,26,lumpy,2217,0.9221653135727129,0.9450116865543117,0.07983806150090793,2.8262364009517067,0.49704680433716564,0.03994351513830618,0.15471357690572846,0.9148808838115273,0.9292708236437074,2.6835523034083564,2.9625779167577755
ets,dead13,0.9,2,8,0.95,26,all,30381,0.953780436009435,0.9394343354548746,0.07522224204314022,1.8233491783275004,0.19212292089650693,0.007232342636456624,0.060103354069977945,0.9522955781033867,0.9552914788121918,1.7962391674397347,1.8504141399752578
ets,dead13,0.9,2,8,0.95,26,smooth,16102,0.9629012189424766,0.940063910750782,0.0664403173063383,1.6269574312552566,0.12551377872458952,0.0038891452725819736,0.031176251397341946,0.9612906461446001,0.9643389669626206,1.5952469840791565,1.657484112775703
ets,dead13,0.9,2,8,0.95,26,erratic,1777,0.9508624672409635,0.9577940348902645,0.049029804177933616,2.87559538654641,0.4674115897825876,0.013162897759097915,0.04727068092290377,0.943947419826987,0.9583604647859613,2.701865180636761,3.0606810947839382
ets,dead13,0.9,2,8,0.95,26,intermittent,10285,0.9221377460630891,0.9352278251646263,0.09684090894073648,1.9835557237196046,0.2943082381334316,0.017288709426317543,0.09946524064171124,0.9179422901702124,0.9265479217783916,1.9247510148987388,2.0371299556629
ets,dead13,0.9,2,8,0.95,26,lumpy,2217,0.9164577998147442,0.9396604748431542,0.08760753728455332,2.8308178499427887,0.49456280232720057,0.01722243411612997,0.09788001804239964,0.9093030691464778,0.9219749392278335,2.692942469222033,2.9624054280944137
ets,dead26,0.9,2,8,0.95,26,all,30381,0.9584857027763406,0.9444419508604361,0.06900280961512732,1.8540964315524653,0.20539123269041085,0.0007970887222893073,0.009545439583950495,0.9571900494763591,0.9598211238016087,1.8255460584830012,1.8806657782762226
ets,dead26,0.9,2,8,0.95,26,smooth,16102,0.965642425339746,0.9430166777701245,0.06316711780076041,1.640950229555014,0.12922830158555781,0.00015637827905703896,0.0034157247546888585,0.964261088929713,0.9671650727278988,1.6103918568852507,1.6719985942140072
ets,dead26,0.9,2,8,0.95,26,erratic,1777,0.9604867757748713,0.9625006394843199,0.04356223813627314,2.908973829567151,0.48165916428512046,0.0005396808523686675,0.0061902082160945416,0.9556287399210857,0.9658032382610297,2.7341112721086698,3.098452430915911
ets,dead26,0.9,2,8,0.95,26,intermittent,10285,0.9318620292802513,0.942586290714633,0.0858392636496389,2.0793087275170907,0.3452212178361622,0.003573814492719351,0.017403986387943608,0.9276764188378775,0.9358321387376458,2.0061380922290324,2.1443367806106757
ets,dead26,0.9,2,8,0.95,26,lumpy,2217,0.9279409360867433,0.9489277073850823,0.07415235316881494,2.9044842804991013,0.5308039254859939,0.0018934234185146843,0.02029769959404601,0.9205167118439195,0.9343856380734851,2.7538404950425135,3.0440421852253765
ets,none,0.9,2,26,0.95,26,all,30381,0.960121289487742,0.9463749771837063,0.06660200092167269,1.869053585653799,,0.0,0.0,0.9589631910334555,0.9614267107287099,1.8403263861338042,1.895450633031308
ets,none,0.9,2,26,0.95,26,smooth,16102,0.966264662374709,0.9437958017637561,0.06230344374383928,1.646731202555518,,0.0,0.0,0.9649210675991786,0.9678011863070586,1.6155301641513407,1.6785072923426163
ets,none,0.9,2,26,0.95,26,erratic,1777,0.9607341294988736,0.9631401238041644,0.042819362315395355,2.9137103467449474,,0.0,0.0,0.9559055133083669,0.9661019611338304,2.7382850644695402,3.1030417478705465
ets,none,0.9,2,26,0.95,26,intermittent,10285,0.9377602519307663,0.9460025633093208,0.08073159289287106,2.132649904126785,,0.0,0.0,0.9342707232981681,0.9413591230783568,2.0619956104398574,2.19733828413188
ets,none,0.9,2,26,0.95,26,lumpy,2217,0.9340843458835068,0.9533973018411449,0.06766290596255173,2.9560335276703174,,0.0,0.0,0.9272135055621625,0.9402266154610316,2.8118578380471284,3.096372342721734
ets,quantile,0.9,2,26,0.95,26,all,30381,0.960120178894379,0.9463734810333013,0.06660385913273573,1.8690435903135316,,1.7452181419550918e-06,6.583061782034824e-05,0.9589620466198341,0.9614245166356463,1.8403248441626991,1.8954492570369463
ets,quantile,0.9,2,26,0.95,26,smooth,16102,0.966264662374709,0.9437958017637561,0.06230344374383928,1.646731202555518,,0.0,0.0,0.9649210675991786,0.9678011863070586,1.6155301641513407,1.6785072923426163
ets,quantile,0.9,2,26,0.95,26,erratic,1777,0.9607341294988736,0.9631401238041644,0.042819362315395355,2.9137103467449474,,0.0,0.0,0.9559055133083669,0.9661019611338304,2.7382850644695402,3.1030417478705465
ets,quantile,0.9,2,26,0.95,26,intermittent,10285,0.9377533545771823,0.9459981438104919,0.0807382004876405,2.1325878279445294,,1.0838698489085431e-05,0.00019445794846864364,0.9342701970356644,0.9413587741158224,2.061994308868582,2.1973174206692114
ets,quantile,0.9,2,26,0.95,26,lumpy,2217,0.9340843458835068,0.9533973018411449,0.06766290596255173,2.9560335276703174,,0.0,0.0,0.9272135055621625,0.9402266154610316,2.8118578380471284,3.096372342721734
ets,fixed,0.9,2,26,0.95,26,all,30381,0.9576524404416544,0.9431612461137493,0.07059343828509418,1.8445326361345513,,0.008174443120722926,0.06069582963036108,0.9563839370899387,0.9590194085423099,1.8166264831734553,1.8711233176361644
ets,fixed,0.9,2,26,0.95,26,smooth,16102,0.9652892637793616,0.942517022165513,0.06372099572856853,1.637736175428473,,0.003043261089917292,0.023847969196373123,0.9639125234848394,0.9668137126188349,1.6070202197975596,1.6693237044333895
ets,fixed,0.9,2,26,0.95,26,erratic,1777,0.9598080862181047,0.961323988335806,0.04492912964668826,2.8881613645748585,,0.006063232606535862,0.03545301069217783,0.9547505294360207,0.9651851294093635,2.7238411204376454,3.0760497293245503
ets,fixed,0.9,2,26,0.95,26,intermittent,10285,0.9298608114046756,0.9406328722322889,0.08875982053772606,2.0614248750100996,,0.02544729337992003,0.1024793388429752,0.9256695312886344,0.9337112132562027,1.9909307000640042,2.123445984630556
ets,fixed,0.9,2,26,0.95,26,lumpy,2217,0.9221653135727129,0.9450116865543117,0.07983806150090793,2.8262364009517067,,0.03994351513830618,0.15471357690572846,0.9148808838115273,0.9292708236437074,2.6835523034083564,2.9625779167577755
ets,dead13,0.9,2,26,0.95,26,all,30381,0.953780436009435,0.9394343354548746,0.07522224204314022,1.8233491783275004,,0.007232342636456624,0.060103354069977945,0.9522955781033867,0.9552914788121918,1.7962391674397347,1.8504141399752578
ets,dead13,0.9,2,26,0.95,26,smooth,16102,0.9629012189424766,0.940063910750782,0.0664403173063383,1.6269574312552566,,0.0038891452725819736,0.031176251397341946,0.9612906461446001,0.9643389669626206,1.5952469840791565,1.657484112775703
ets,dead13,0.9,2,26,0.95,26,erratic,1777,0.9508624672409635,0.9577940348902645,0.049029804177933616,2.87559538654641,,0.013162897759097915,0.04727068092290377,0.943947419826987,0.9583604647859613,2.701865180636761,3.0606810947839382
ets,dead13,0.9,2,26,0.95,26,intermittent,10285,0.9221377460630891,0.9352278251646263,0.09684090894073648,1.9835557237196046,,0.017288709426317543,0.09946524064171124,0.9179422901702124,0.9265479217783916,1.9247510148987388,2.0371299556629
ets,dead13,0.9,2,26,0.95,26,lumpy,2217,0.9164577998147442,0.9396604748431542,0.08760753728455332,2.8308178499427887,,0.01722243411612997,0.09788001804239964,0.9093030691464778,0.9219749392278335,2.692942469222033,2.9624054280944137
ets,dead26,0.9,2,26,0.95,26,all,30381,0.9584857027763406,0.9444419508604361,0.06900280961512732,1.8540964315524653,,0.0007970887222893073,0.009545439583950495,0.9571900494763591,0.9598211238016087,1.8255460584830012,1.8806657782762226
ets,dead26,0.9,2,26,0.95,26,smooth,16102,0.965642425339746,0.9430166777701245,0.06316711780076041,1.640950229555014,,0.00015637827905703896,0.0034157247546888585,0.964261088929713,0.9671650727278988,1.6103918568852507,1.6719985942140072
ets,dead26,0.9,2,26,0.95,26,erratic,1777,0.9604867757748713,0.9625006394843199,0.04356223813627314,2.908973829567151,,0.0005396808523686675,0.0061902082160945416,0.9556287399210857,0.9658032382610297,2.7341112721086698,3.098452430915911
ets,dead26,0.9,2,26,0.95,26,intermittent,10285,0.9318620292802513,0.942586290714633,0.0858392636496389,2.0793087275170907,,0.003573814492719351,0.017403986387943608,0.9276764188378775,0.9358321387376458,2.0061380922290324,2.1443367806106757
ets,dead26,0.9,2,26,0.95,26,lumpy,2217,0.9279409360867433,0.9489277073850823,0.07415235316881494,2.9044842804991013,,0.0018934234185146843,0.02029769959404601,0.9205167118439195,0.9343856380734851,2.7538404950425135,3.0440421852253765
ets,none,0.9,2,13,0.9,26,all,30381,0.960121289487742,0.9463749771837063,0.06660200092167269,1.869053585653799,0.08807068831562175,0.0,0.0,0.9589631910334555,0.9614267107287099,1.8403263861338042,1.895450633031308
ets,none,0.9,2,13,0.9,26,smooth,16102,0.966264662374709,0.9437958017637561,0.06230344374383928,1.646731202555518,0.04241350217236948,0.0,0.0,0.9649210675991786,0.9678011863070586,1.6155301641513407,1.6785072923426163
ets,none,0.9,2,13,0.9,26,erratic,1777,0.9607341294988736,0.9631401238041644,0.042819362315395355,2.9137103467449474,0.24818123464260453,0.0,0.0,0.9559055133083669,0.9661019611338304,2.7382850644695402,3.1030417478705465
ets,none,0.9,2,13,0.9,26,intermittent,10285,0.9377602519307663,0.9460025633093208,0.08073159289287106,2.132649904126785,0.18118185168324988,0.0,0.0,0.9342707232981681,0.9413591230783568,2.0619956104398574,2.19733828413188
ets,none,0.9,2,13,0.9,26,lumpy,2217,0.9340843458835068,0.9533973018411449,0.06766290596255173,2.9560335276703174,0.25256906227864656,0.0,0.0,0.9272135055621625,0.9402266154610316,2.8118578380471284,3.096372342721734
ets,quantile,0.9,2,13,0.9,26,all,30381,0.9601174817390686,0.9463660002812763,0.06661315018805096,1.8688265486391502,0.08799983245905837,5.092863850614404e-05,0.0005266449425627859,0.9589593198919522,0.9614204101468752,1.8401247490333779,1.8951589443656243
ets,quantile,0.9,2,13,0.9,26,smooth,16102,0.9662626967259499,0.9437929788507357,0.06230657299766871,1.6466842453907176,0.04241350217236948,2.467981219754945e-05,0.0002484163457955533,0.9649191025529704,0.9677954932323659,1.6154986426968343,1.6784824707938921
ets,quantile,0.9,2,13,0.9,26,erratic,1777,0.9607341294988736,0.9631401238041644,0.042819362315395355,2.9131134270142973,0.24818123464260453,5.9283123934436954e-05,0.0005627462014631402,0.9559055133083669,0.9661019611338304,2.7382565862777883,3.10163779620263
ets,quantile,0.9,2,13,0.9,26,intermittent,10285,0.9377454718873721,0.9459804658151766,0.0807646308667182,2.1319158286382063,0.1811124840129197,0.00013794707167926913,0.0008750607681088965,0.9342642703046456,0.9413463678115053,2.0619499314118657,2.1971422186543297
ets,quantile,0.9,2,13,0.9,26,lumpy,2217,0.9340843458835068,0.9533973018411449,0.06766290596255173,2.9552207631813148,0.25086089467661965,0.00017708276576036615,0.0009021199819576004,0.9272135055621625,0.9402266154610316,2.81106188840816,3.095516357570332
ets,fixed,0.9,2,13,0.9,26,all,30381,0.9576524404416544,0.9431612461137493,0.07059343828509418,1.8445326361345513,0.08087969148350999,0.008174443120722926,0.06069582963036108,0.9563839370899387,0.9590194085423099,1.8166264831734553,1.8711233176361644
ets,fixed,0.9,2,13,0.9,26,smooth,16102,0.9652892637793616,0.942517022165513,0.06372099572856853,1.637736175428473,0.0393873640671981,0.003043261089917292,0.023847969196373123,0.9639125234848394,0.9668137126188349,1.6070202197975596,1.6693237044333895
ets,fixed,0.9,2,13,0.9,26,erratic,1777,0.9598080862181047,0.961323988335806,0.04492912964668826,2.8881613645748585,0.2414801973923602,0.006063232606535862,0.03545301069217783,0.9547505294360207,0.9651851294093635,2.7238411204376454,3.0760497293245503
ets,fixed,0.9,2,13,0.9,26,intermittent,10285,0.9298608114046756,0.9406328722322889,0.08875982053772606,2.0614248750100996,0.15974724155123451,0.02544729337992003,0.1024793388429752,0.9256695312886344,0.9337112132562027,1.9909307000640042,2.123445984630556
ets,fixed,0.9,2,13,0.9,26,lumpy,2217,0.9221653135727129,0.9450116865543117,0.07983806150090793,2.8262364009517067,0.22334041664396379,0.03994351513830618,0.15471357690572846,0.9148808838115273,0.9292708236437074,2.6835523034083564,2.9625779167577755
ets,dead13,0.9,2,13,0.9,26,all,30381,0.953780436009435,0.9394343354548746,0.07522224204314022,1.8233491783275004,0.07573164700837086,0.007232342636456624,0.060103354069977945,0.9522955781033867,0.9552914788121918,1.7962391674397347,1.8504141399752578
ets,dead13,0.9,2,13,0.9,26,smooth,16102,0.9629012189424766,0.940063910750782,0.0664403173063383,1.6269574312552566,0.03874494637164171,0.0038891452725819736,0.031176251397341946,0.9612906461446001,0.9643389669626206,1.5952469840791565,1.657484112775703
ets,dead13,0.9,2,13,0.9,26,erratic,1777,0.9508624672409635,0.9577940348902645,0.049029804177933616,2.87559538654641,0.23725719472257542,0.013162897759097915,0.04727068092290377,0.943947419826987,0.9583604647859613,2.701865180636761,3.0606810947839382
ets,dead13,0.9,2,13,0.9,26,intermittent,10285,0.9221377460630891,0.9352278251646263,0.09684090894073648,1.9835557237196046,0.13386659729899633,0.017288709426317543,0.09946524064171124,0.9179422901702124,0.9265479217783916,1.9247510148987388,2.0371299556629
ets,dead13,0.9,2,13,0.9,26,lumpy,2217,0.9164577998147442,0.9396604748431542,0.08760753728455332,2.8308178499427887,0.21800613886921305,0.01722243411612997,0.09788001804239964,0.9093030691464778,0.9219749392278335,2.692942469222033,2.9624054280944137
ets,dead26,0.9,2,13,0.9,26,all,30381,0.9584857027763406,0.9444419508604361,0.06900280961512732,1.8540964315524653,0.08293660558561826,0.0007970887222893073,0.009545439583950495,0.9571900494763591,0.9598211238016087,1.8255460584830012,1.8806657782762226
ets,dead26,0.9,2,13,0.9,26,smooth,16102,0.965642425339746,0.9430166777701245,0.06316711780076041,1.640950229555014,0.03998269355470324,0.00015637827905703896,0.0034157247546888585,0.964261088929713,0.9671650727278988,1.6103918568852507,1.6719985942140072
ets,dead26,0.9,2,13,0.9,26,erratic,1777,0.9604867757748713,0.9625006394843199,0.04356223813627314,2.908973829567151,0.2477449926202732,0.0005396808523686675,0.0061902082160945416,0.9556287399210857,0.9658032382610297,2.7341112721086698,3.098452430915911
ets,dead26,0.9,2,13,0.9,26,intermittent,10285,0.9318620292802513,0.942586290714633,0.0858392636496389,2.0793087275170907,0.16296416726279506,0.003573814492719351,0.017403986387943608,0.9276764188378775,0.9358321387376458,2.0061380922290324,2.1443367806106757
ets,dead26,0.9,2,13,0.9,26,lumpy,2217,0.9279409360867433,0.9489277073850823,0.07415235316881494,2.9044842804991013,0.24109137470713235,0.0018934234185146843,0.02029769959404601,0.9205167118439195,0.9343856380734851,2.7538404950425135,3.0440421852253765
ets,none,0.9,2,13,0.99,26,all,30381,0.960121289487742,0.9463749771837063,0.06660200092167269,1.869053585653799,0.08807068831562175,0.0,0.0,0.9589631910334555,0.9614267107287099,1.8403263861338042,1.895450633031308
ets,none,0.9,2,13,0.99,26,smooth,16102,0.966264662374709,0.9437958017637561,0.06230344374383928,1.646731202555518,0.04241350217236948,0.0,0.0,0.9649210675991786,0.9678011863070586,1.6155301641513407,1.6785072923426163
ets,none,0.9,2,13,0.99,26,erratic,1777,0.9607341294988736,0.9631401238041644,0.042819362315395355,2.9137103467449474,0.24818123464260453,0.0,0.0,0.9559055133083669,0.9661019611338304,2.7382850644695402,3.1030417478705465
ets,none,0.9,2,13,0.99,26,intermittent,10285,0.9377602519307663,0.9460025633093208,0.08073159289287106,2.132649904126785,0.18118185168324988,0.0,0.0,0.9342707232981681,0.9413591230783568,2.0619956104398574,2.19733828413188
ets,none,0.9,2,13,0.99,26,lumpy,2217,0.9340843458835068,0.9533973018411449,0.06766290596255173,2.9560335276703174,0.25256906227864656,0.0,0.0,0.9272135055621625,0.9402266154610316,2.8118578380471284,3.096372342721734
ets,quantile,0.9,2,13,0.99,26,all,30381,0.9601190683010159,0.9463689925820863,0.06660943376592487,1.869025662163528,0.0880609150940268,5.0769982311420854e-06,0.00013166123564069647,0.9589609507252971,0.9614232747723725,1.8403137855087945,1.8954451888829251
ets,quantile,0.9,2,13,0.99,26,smooth,16102,0.966264662374709,0.9437958017637561,0.06230344374383928,1.646729892123012,0.04241350217236948,1.3104325060645724e-06,6.210408644888833e-05,0.9649210675991786,0.9678011863070586,1.615528850035268,1.6785059480509104
ets,quantile,0.9,2,13,0.99,26,erratic,1777,0.9607341294988736,0.9631401238041644,0.042819362315395355,2.9137103467449474,0.24818123464260453,0.0,0.0,0.9559055133083669,0.9661019611338304,2.7382850644695402,3.1030417478705465
ets,quantile,0.9,2,13,0.99,26,intermittent,10285,0.9377464572235984,0.9459848853140054,0.08075802327194878,2.1324823969683173,0.18112115497171097,2.5618741883292837e-05,0.0002916869227029655,0.9342642703046456,0.9413473298121129,2.0619897068844297,2.1972445252666417
ets,quantile,0.9,2,13,0.99,26,lumpy,2217,0.9340843458835068,0.9533973018411449,0.06766290596255173,2.9560335276703174,0.25256906227864656,0.0,0.0,0.9272135055621625,0.9402266154610316,2.8118578380471284,3.096372342721734
ets,fixed,0.9,2,13,0.99,26,all,30381,0.9576524404416544,0.9431612461137493,0.07059343828509418,1.8445326361345513,0.08087969148350999,0.008174443120722926,0.06069582963036108,0.9563839370899387,0.9590194085423099,1.8166264831734553,1.8711233176361644
ets,fixed,0.9,2,13,0.99,26,smooth,16102,0.9652892637793616,0.942517022165513,0.06372099572856853,1.637736175428473,0.0393873640671981,0.003043261089917292,0.023847969196373123,0.9639125234848394,0.9668137126188349,1.6070202197975596,1.6693237044333895
ets,fixed,0.9,2,13,0.99,26,erratic,1777,0.9598080862181047,0.961323988335806,0.04492912964668826,2.8881613645748585,0.2414801973923602,0.006063232606535862,0.03545301069217783,0.9547505294360207,0.9651851294093635,2.7238411204376454,3.0760497293245503
ets,fixed,0.9,2,13,0.99,26,intermittent,10285,0.9298608114046756,0.9406328722322889,0.08875982053772606,2.0614248750100996,0.15974724155123451,0.02544729337992003,0.1024793388429752,0.9256695312886344,0.9337112132562027,1.9909307000640042,2.123445984630556
ets,fixed,0.9,2,13,0.99,26,lumpy,2217,0.9221653135727129,0.9450116865543117,0.07983806150090793,2.8262364009517067,0.22334041664396379,0.03994351513830618,0.15471357690572846,0.9148808838115273,0.9292708236437074,2.6835523034083564,2.9625779167577755
ets,dead13,0.9,2,13,0.99,26,all,30381,0.953780436009435,0.9394343354548746,0.07522224204314022,1.8233491783275004,0.07573164700837086,0.007232342636456624,0.060103354069977945,0.9522955781033867,0.9552914788121918,1.7962391674397347,1.8504141399752578
ets,dead13,0.9,2,13,0.99,26,smooth,16102,0.9629012189424766,0.940063910750782,0.0664403173063383,1.6269574312552566,0.03874494637164171,0.0038891452725819736,0.031176251397341946,0.9612906461446001,0.9643389669626206,1.5952469840791565,1.657484112775703
ets,dead13,0.9,2,13,0.99,26,erratic,1777,0.9508624672409635,0.9577940348902645,0.049029804177933616,2.87559538654641,0.23725719472257542,0.013162897759097915,0.04727068092290377,0.943947419826987,0.9583604647859613,2.701865180636761,3.0606810947839382
ets,dead13,0.9,2,13,0.99,26,intermittent,10285,0.9221377460630891,0.9352278251646263,0.09684090894073648,1.9835557237196046,0.13386659729899633,0.017288709426317543,0.09946524064171124,0.9179422901702124,0.9265479217783916,1.9247510148987388,2.0371299556629
ets,dead13,0.9,2,13,0.99,26,lumpy,2217,0.9164577998147442,0.9396604748431542,0.08760753728455332,2.8308178499427887,0.21800613886921305,0.01722243411612997,0.09788001804239964,0.9093030691464778,0.9219749392278335,2.692942469222033,2.9624054280944137
ets,dead26,0.9,2,13,0.99,26,all,30381,0.9584857027763406,0.9444419508604361,0.06900280961512732,1.8540964315524653,0.08293660558561826,0.0007970887222893073,0.009545439583950495,0.9571900494763591,0.9598211238016087,1.8255460584830012,1.8806657782762226
ets,dead26,0.9,2,13,0.99,26,smooth,16102,0.965642425339746,0.9430166777701245,0.06316711780076041,1.640950229555014,0.03998269355470324,0.00015637827905703896,0.0034157247546888585,0.964261088929713,0.9671650727278988,1.6103918568852507,1.6719985942140072
ets,dead26,0.9,2,13,0.99,26,erratic,1777,0.9604867757748713,0.9625006394843199,0.04356223813627314,2.908973829567151,0.2477449926202732,0.0005396808523686675,0.0061902082160945416,0.9556287399210857,0.9658032382610297,2.7341112721086698,3.098452430915911
ets,dead26,0.9,2,13,0.99,26,intermittent,10285,0.9318620292802513,0.942586290714633,0.0858392636496389,2.0793087275170907,0.16296416726279506,0.003573814492719351,0.017403986387943608,0.9276764188378775,0.9358321387376458,2.0061380922290324,2.1443367806106757
ets,dead26,0.9,2,13,0.99,26,lumpy,2217,0.9279409360867433,0.9489277073850823,0.07415235316881494,2.9044842804991013,0.24109137470713235,0.0018934234185146843,0.02029769959404601,0.9205167118439195,0.9343856380734851,2.7538404950425135,3.0440421852253765
ets,none,0.9,2,13,0.95,13,all,30381,0.960121289487742,0.9463749771837063,0.06660200092167269,1.869053585653799,0.08807068831562175,0.0,0.0,0.9589631910334555,0.9614267107287099,1.8403263861338042,1.895450633031308
ets,none,0.9,2,13,0.95,13,smooth,16102,0.966264662374709,0.9437958017637561,0.06230344374383928,1.646731202555518,0.04241350217236948,0.0,0.0,0.9649210675991786,0.9678011863070586,1.6155301641513407,1.6785072923426163
ets,none,0.9,2,13,0.95,13,erratic,1777,0.9607341294988736,0.9631401238041644,0.042819362315395355,2.9137103467449474,0.24818123464260453,0.0,0.0,0.9559055133083669,0.9661019611338304,2.7382850644695402,3.1030417478705465
ets,none,0.9,2,13,0.95,13,intermittent,10285,0.9377602519307663,0.9460025633093208,0.08073159289287106,2.132649904126785,0.18118185168324988,0.0,0.0,0.9342707232981681,0.9413591230783568,2.0619956104398574,2.19733828413188
ets,none,0.9,2,13,0.95,13,lumpy,2217,0.9340843458835068,0.9533973018411449,0.06766290596255173,2.9560335276703174,0.25256906227864656,0.0,0.0,0.9272135055621625,0.9402266154610316,2.8118578380471284,3.096372342721734
ets,quantile,0.9,2,13,0.95,13,all,30381,0.9601190683010159,0.9463689925820863,0.06660943376592487,1.8689948828617515,0.08806021700677003,1.840411858789006e-05,0.00019749185346104473,0.9589609507252971,0.9614232747723725,1.8402736503721202,1.8953915182863503
ets,quantile,0.9,2,13,0.95,13,smooth,16102,0.966264662374709,0.9437958017637561,0.06230344374383928,1.6467187534467103,0.04241350217236948,1.2012297972258581e-05,6.210408644888833e-05,0.9649210675991786,0.9678011863070586,1.6155176800486506,1.67849452157141
ets,quantile,0.9,2,13,0.95,13,erratic,1777,0.9607341294988736,0.9631401238041644,0.042819362315395355,2.9137103467449474,0.24818123464260453,0.0,0.0,0.9559055133083669,0.9661019611338304,2.7382850644695402,3.1030417478705465
ets,quantile,0.9,2,13,0.95,13,intermittent,10285,0.9377464572235984,0.9459848853140054,0.08075802327194878,2.1323414938879592,0.18111681949231537,6.0105509803110115e-05,0.0004861448711716091,0.9342642703046456,0.9413473298121129,2.061980687290552,2.1972089916381736
ets,quantile,0.9,2,13,0.95,13,lumpy,2217,0.9340843458835068,0.9533973018411449,0.06766290596255173,2.9560335276703174,0.25256906227864656,0.0,0.0,0.9272135055621625,0.9402266154610316,2.8118578380471284,3.096372342721734
ets,fixed,0.9,2,13,0.95,13,all,30381,0.9530764784734481,0.9383466341104338,0.07657316148597422,1.8113466785404964,0.07220735349250675,0.018005732882940127,0.1277113985714756,0.9515333009839664,0.9546272470289361,1.7839645275990403,1.8354563512712887
ets,fixed,0.9,2,13,0.95,13,smooth,16102,0.9633327880478072,0.9404111290522916,0.0660554190853191,1.6284397488250333,0.038820864094826386,0.0065659220716365405,0.050055893677804,0.9618887671876717,0.9648543770159036,1.5975985933287493,1.6594001053293503
ets,fixed,0.9,2,13,0.95,13,erratic,1777,0.9551063212164079,0.9568731774696885,0.050099545359997624,2.7491649256507853,0.16953174509074406,0.02681641447489462,0.144625773776027,0.9490491046364903,0.9614408347643382,2.601966757006914,2.90947928744689
ets,fixed,0.9,2,13,0.95,13,intermittent,10285,0.9168642265800359,0.9333716356565166,0.09961609874389624,2.004984815968753,0.15211896555461618,0.04820166285341547,0.20252795333009238,0.9115353125648461,0.9218110402984411,1.9393917546557875,2.0623721929613255
ets,fixed,0.9,2,13,0.95,13,lumpy,2217,0.9022139886303783,0.9315824004592611,0.09933617122614831,2.638574075083093,0.1818848871210883,0.09711854556021722,0.33107803337843933,0.8925058059304043,0.9103942282050503,2.517598671254759,2.7659706445600847
ets,dead13,0.9,2,13,0.95,13,all,30381,0.953780436009435,0.9394343354548746,0.07522224204314022,1.8233491783275004,0.07573164700837086,0.007232342636456624,0.060103354069977945,0.9522955781033867,0.9552914788121918,1.7962391674397347,1.8504141399752578
ets,dead13,0.9,2,13,0.95,13,smooth,16102,0.9629012189424766,0.940063910750782,0.0664403173063383,1.6269574312552566,0.03874494637164171,0.0038891452725819736,0.031176251397341946,0.9612906461446001,0.9643389669626206,1.5952469840791565,1.657484112775703
ets,dead13,0.9,2,13,0.95,13,erratic,1777,0.9508624672409635,0.9577940348902645,0.049029804177933616,2.87559538654641,0.23725719472257542,0.013162897759097915,0.04727068092290377,0.943947419826987,0.9583604647859613,2.701865180636761,3.0606810947839382
ets,dead13,0.9,2,13,0.95,13,intermittent,10285,0.9221377460630891,0.9352278251646263,0.09684090894073648,1.9835557237196046,0.13386659729899633,0.017288709426317543,0.09946524064171124,0.9179422901702124,0.9265479217783916,1.9247510148987388,2.0371299556629
ets,dead13,0.9,2,13,0.95,13,lumpy,2217,0.9164577998147442,0.9396604748431542,0.08760753728455332,2.8308178499427887,0.21800613886921305,0.01722243411612997,0.09788001804239964,0.9093030691464778,0.9219749392278335,2.692942469222033,2.9624054280944137
ets,dead26,0.9,2,13,0.95,13,all,30381,0.9584857027763406,0.9444419508604361,0.06900280961512732,1.8540964315524653,0.08293660558561826,0.0007970887222893073,0.009545439583950495,0.9571900494763591,0.9598211238016087,1.8255460584830012,1.8806657782762226
ets,dead26,0.9,2,13,0.95,13,smooth,16102,0.965642425339746,0.9430166777701245,0.06316711780076041,1.640950229555014,0.03998269355470324,0.00015637827905703896,0.0034157247546888585,0.964261088929713,0.9671650727278988,1.6103918568852507,1.6719985942140072
ets,dead26,0.9,2,13,0.95,13,erratic,1777,0.9604867757748713,0.9625006394843199,0.04356223813627314,2.908973829567151,0.2477449926202732,0.0005396808523686675,0.0061902082160945416,0.9556287399210857,0.9658032382610297,2.7341112721086698,3.098452430915911
ets,dead26,0.9,2,13,0.95,13,intermittent,10285,0.9318620292802513,0.942586290714633,0.0858392636496389,2.0793087275170907,0.16296416726279506,0.003573814492719351,0.017403986387943608,0.9276764188378775,0.9358321387376458,2.0061380922290324,2.1443367806106757
ets,dead26,0.9,2,13,0.95,13,lumpy,2217,0.9279409360867433,0.9489277073850823,0.07415235316881494,2.9044842804991013,0.24109137470713235,0.0018934234185146843,0.02029769959404601,0.9205167118439195,0.9343856380734851,2.7538404950425135,3.0440421852253765
ets,none,0.9,2,13,0.95,52,all,30381,0.960121289487742,0.9463749771837063,0.06660200092167269,1.869053585653799,0.08807068831562175,0.0,0.0,0.9589631910334555,0.9614267107287099,1.8403263861338042,1.895450633031308
ets,none,0.9,2,13,0.95,52,smooth,16102,0.966264662374709,0.9437958017637561,0.06230344374383928,1.646731202555518,0.04241350217236948,0.0,0.0,0.9649210675991786,0.9678011863070586,1.6155301641513407,1.6785072923426163
ets,none,0.9,2,13,0.95,52,erratic,1777,0.9607341294988736,0.9631401238041644,0.042819362315395355,2.9137103467449474,0.24818123464260453,0.0,0.0,0.9559055133083669,0.9661019611338304,2.7382850644695402,3.1030417478705465
ets,none,0.9,2,13,0.95,52,intermittent,10285,0.9377602519307663,0.9460025633093208,0.08073159289287106,2.132649904126785,0.18118185168324988,0.0,0.0,0.9342707232981681,0.9413591230783568,2.0619956104398574,2.19733828413188
ets,none,0.9,2,13,0.95,52,lumpy,2217,0.9340843458835068,0.9533973018411449,0.06766290596255173,2.9560335276703174,0.25256906227864656,0.0,0.0,0.9272135055621625,0.9402266154610316,2.8118578380471284,3.096372342721734
ets,quantile,0.9,2,13,0.95,52,all,30381,0.9601190683010159,0.9463689925820863,0.06660943376592487,1.8689948828617515,0.08806021700677003,1.840411858789006e-05,0.00019749185346104473,0.9589609507252971,0.9614232747723725,1.8402736503721202,1.8953915182863503
ets,quantile,0.9,2,13,0.95,52,smooth,16102,0.966264662374709,0.9437958017637561,0.06230344374383928,1.6467187534467103,0.04241350217236948,1.2012297972258581e-05,6.210408644888833e-05,0.9649210675991786,0.9678011863070586,1.6155176800486506,1.67849452157141
ets,quantile,0.9,2,13,0.95,52,erratic,1777,0.9607341294988736,0.9631401238041644,0.042819362315395355,2.9137103467449474,0.24818123464260453,0.0,0.0,0.9559055133083669,0.9661019611338304,2.7382850644695402,3.1030417478705465
ets,quantile,0.9,2,13,0.95,52,intermittent,10285,0.9377464572235984,0.9459848853140054,0.08075802327194878,2.1323414938879592,0.18111681949231537,6.0105509803110115e-05,0.0004861448711716091,0.9342642703046456,0.9413473298121129,2.061980687290552,2.1972089916381736
ets,quantile,0.9,2,13,0.95,52,lumpy,2217,0.9340843458835068,0.9533973018411449,0.06766290596255173,2.9560335276703174,0.25256906227864656,0.0,0.0,0.9272135055621625,0.9402266154610316,2.8118578380471284,3.096372342721734
ets,fixed,0.9,2,13,0.95,52,all,30381,0.9585198138582061,0.9444389585596261,0.06900652603725342,1.8515618988417621,0.08224375398326209,0.006016877528682263,0.04163786577137026,0.9573001418512853,0.9599209082846919,1.823102645233119,1.8782449737917615
ets,fixed,0.9,2,13,0.95,52,smooth,16102,0.9656668867465259,0.9429799799008592,0.06320779810054293,1.6401117711565505,0.03970641070134129,0.0022058947185420305,0.01571233387156875,0.964267475838437,0.967157229127825,1.6094562348056298,1.6713964151878722
ets,fixed,0.9,2,13,0.95,52,erratic,1777,0.9604111386857136,0.9624494807387323,0.04362166820194336,2.903427791110802,0.24680954580950082,0.0030990764098140144,0.018570624648283626,0.9556034577435217,0.965739173593227,2.7306834856785343,3.0898210193604037
ets,fixed,0.9,2,13,0.95,52,intermittent,10285,0.9323665214281069,0.9427100366818403,0.08565425099609492,2.0747584448241274,0.1621556003555093,0.020670383354912197,0.07331064657267866,0.928369316670618,0.9360531849032622,2.0023760449095214,2.138994396210197
ets,fixed,0.9,2,13,0.95,52,lumpy,2217,0.9262518389364137,0.9486201664821421,0.07459887476557617,2.8826667756406765,0.23281025808677966,0.024201311320583375,0.10148849797023005,0.9189667301811751,0.9333333080298151,2.734549154089205,3.0178529349991248
ets,dead13,0.9,2,13,0.95,52,all,30381,0.953780436009435,0.9394343354548746,0.07522224204314022,1.8233491783275004,0.07573164700837086,0.007232342636456624,0.060103354069977945,0.9522955781033867,0.9552914788121918,1.7962391674397347,1.8504141399752578
ets,dead13,0.9,2,13,0.95,52,smooth,16102,0.9629012189424766,0.940063910750782,0.0664403173063383,1.6269574312552566,0.03874494637164171,0.0038891452725819736,0.031176251397341946,0.9612906461446001,0.9643389669626206,1.5952469840791565,1.657484112775703
ets,dead13,0.9,2,13,0.95,52,erratic,1777,0.9508624672409635,0.9577940348902645,0.049029804177933616,2.87559538654641,0.23725719472257542,0.013162897759097915,0.04727068092290377,0.943947419826987,0.9583604647859613,2.701865180636761,3.0606810947839382
ets,dead13,0.9,2,13,0.95,52,intermittent,10285,0.9221377460630891,0.9352278251646263,0.09684090894073648,1.9835557237196046,0.13386659729899633,0.017288709426317543,0.09946524064171124,0.9179422901702124,0.9265479217783916,1.9247510148987388,2.0371299556629
ets,dead13,0.9,2,13,0.95,52,lumpy,2217,0.9164577998147442,0.9396604748431542,0.08760753728455332,2.8308178499427887,0.21800613886921305,0.01722243411612997,0.09788001804239964,0.9093030691464778,0.9219749392278335,2.692942469222033,2.9624054280944137
ets,dead26,0.9,2,13,0.95,52,all,30381,0.9584857027763406,0.9444419508604361,0.06900280961512732,1.8540964315524653,0.08293660558561826,0.0007970887222893073,0.009545439583950495,0.9571900494763591,0.9598211238016087,1.8255460584830012,1.8806657782762226
ets,dead26,0.9,2,13,0.95,52,smooth,16102,0.965642425339746,0.9430166777701245,0.06316711780076041,1.640950229555014,0.03998269355470324,0.00015637827905703896,0.0034157247546888585,0.964261088929713,0.9671650727278988,1.6103918568852507,1.6719985942140072
ets,dead26,0.9,2,13,0.95,52,erratic,1777,0.9604867757748713,0.9625006394843199,0.04356223813627314,2.908973829567151,0.2477449926202732,0.0005396808523686675,0.0061902082160945416,0.9556287399210857,0.9658032382610297,2.7341112721086698,3.098452430915911
ets,dead26,0.9,2,13,0.95,52,intermittent,10285,0.9318620292802513,0.942586290714633,0.0858392636496389,2.0793087275170907,0.16296416726279506,0.003573814492719351,0.017403986387943608,0.9276764188378775,0.9358321387376458,2.0061380922290324,2.1443367806106757
ets,dead26,0.9,2,13,0.95,52,lumpy,2217,0.9279409360867433,0.9489277073850823,0.07415235316881494,2.9044842804991013,0.24109137470713235,0.0018934234185146843,0.02029769959404601,0.9205167118439195,0.9343856380734851,2.7538404950425135,3.0440421852253765
lgb_tweedie,none,0.5,2,13,0.95,26,all,30381,0.8246671353370659,0.756333952739601,0.3026319701496975,0.6347428191016347,0.02440757380249874,0.0,0.0,0.8224123695278455,0.8269741360610707,0.6236776155216803,0.6476356741968995
lgb_tweedie,none,0.5,2,13,0.95,26,smooth,16102,0.8391105570408337,0.7239981481690586,0.3059534054104799,0.5575014507579868,0.01203824453587866,0.0,0.0,0.8365894047033754,0.8413398371370396,0.541743592721732,0.5707864588250043
lgb_tweedie,none,0.5,2,13,0.95,26,erratic,1777,0.7972455834072669,0.7433621527600143,0.2981309244346715,0.8500177849371803,0.07715637252697381,0.0,0.0,0.7899688500638922,0.8043011248008919,0.7803277439855414,0.9278741645180917
lgb_tweedie,none,0.5,2,13,0.95,26,intermittent,10285,0.7854942742111891,0.8000441949882884,0.29895401774799957,0.7922999915261084,0.04716351260540634,0.0,0.0,0.7819705538523228,0.7900284834939342,0.7619924184185481,0.8213722873852204
lgb_tweedie,none,0.5,2,13,0.95,26,lumpy,2217,0.765814853157522,0.7988067412965925,0.2921144286011967,1.0363609945694618,0.05953613396538259,0.0,0.0,0.7585495260235143,0.7736047702992725,0.9687551379760734,1.1090113280989453
lgb_tweedie,quantile,0.5,2,13,0.95,26,all,30381,0.8246671353370659,0.756333952739601,0.3026319701496975,0.6347145782989739,0.024395706319133445,1.903874336678282e-06,3.291530891017412e-05,0.8224123695278455,0.8269741360610707,0.62364860732586,0.6475786237737053
lgb_tweedie,quantile,0.5,2,13,0.95,26,smooth,16102,0.8391105570408337,0.7239981481690586,0.3059534054104799,0.5575014507579868,0.01203824453587866,0.0,0.0,0.8365894047033754,0.8413398371370396,0.541743592721732,0.5707864588250043
lgb_tweedie,quantile,0.5,2,13,0.95,26,erratic,1777,0.7972455834072669,0.7433621527600143,0.2981309244346715,0.849653909210962,0.07700346295213603,2.453094783493943e-05,0.0005627462014631402,0.7899688500638922,0.8043011248008919,0.780318975927282,0.9274647183522227
lgb_tweedie,quantile,0.5,2,13,0.95,26,intermittent,10285,0.7854942742111891,0.8000441949882884,0.29895401774799957,0.7922999915261084,0.04716351260540634,0.0,0.0,0.7819705538523228,0.7900284834939342,0.7619924184185481,0.8213722873852204
lgb_tweedie,quantile,0.5,2,13,0.95,26,lumpy,2217,0.765814853157522,0.7988067412965925,0.2921144286011967,1.0363609945694618,0.05953613396538259,0.0,0.0,0.7585495260235143,0.7736047702992725,0.9687551379760734,1.1090113280989453
lgb_tweedie,fixed,0.5,2,13,0.95,26,all,30381,0.8238253055678646,0.7549185944564636,0.3043898378153384,0.6286296372627554,0.023349622564845563,0.0018545322601193697,0.0460485171653336,0.8215709283413484,0.8261213821226856,0.6168123806011633,0.6411142677055491
lgb_tweedie,fixed,0.5,2,13,0.95,26,smooth,16102,0.8386982076122588,0.7234448572170594,0.30656673916104704,0.5548923796384123,0.011560635568501657,0.0007655109889593878,0.019562787231399825,0.8361309523313872,0.8409262184132326,0.539322449728444,0.5682173673858326
lgb_tweedie,fixed,0.5,2,13,0.95,26,erratic,1777,0.7969798314723884,0.7426459303217885,0.2989629453540546,0.8457207805747601,0.07667965444071483,0.0010752732134315117,0.018570624648283626,0.7897185285853277,0.8040098352234015,0.7761596503359736,0.9246727442895564
lgb_tweedie,fixed,0.5,2,13,0.95,26,intermittent,10285,0.7828988985911662,0.7975869536394573,0.3026278404398015,0.7745166433141981,0.04340031648999588,0.005980005557296316,0.08167233835683034,0.7790542475175865,0.7873172928270803,0.7434836223072904,0.8014772328890825
lgb_tweedie,fixed,0.5,2,13,0.95,26,lumpy,2217,0.7628453113932328,0.7954032886373887,0.297055934272021,1.0071423382190015,0.05758822354201857,0.00721498755880056,0.09517365809652684,0.7554167756881333,0.770286715518618,0.9409588867036066,1.07776160299422
lgb_tweedie,dead13,0.5,2,13,0.95,26,all,30381,0.8217326303594658,0.7525771190726261,0.30729793812900447,0.6221788350415053,0.022074566190333173,0.003031919881160164,0.060235015305618644,0.8194269432138724,0.8241354066442795,0.6111971747179875,0.6345418681554785
lgb_tweedie,dead13,0.5,2,13,0.95,26,smooth,16102,0.8373421283738995,0.7219854111855106,0.3081845633908594,0.552030613450585,0.011391021921133367,0.001858848509852596,0.031238355483790833,0.8348334614936272,0.8396440647186908,0.5359820704598885,0.5652093535733597
lgb_tweedie,dead13,0.5,2,13,0.95,26,erratic,1777,0.793751967586441,0.740855374226224,0.3010429976525124,0.841765165236376,0.07573071560863326,0.0038718012666146065,0.04727068092290377,0.7863028991332224,0.8016344947894286,0.772544518783328,0.9214747638607037
lgb_tweedie,dead13,0.5,2,13,0.95,26,intermittent,10285,0.7782845690434947,0.7939408671056702,0.3080791061245796,0.749529501951951,0.03754308382649411,0.007239265254482787,0.09975692756441419,0.7745032116294388,0.7830046332382519,0.7216824856439271,0.776926025669749
lgb_tweedie,dead13,0.5,2,13,0.95,26,lumpy,2217,0.7595806316860095,0.7922663714273999,0.3016104545589855,1.0059527052797907,0.05372237054795765,0.006166112715450698,0.09788001804239964,0.7524000685404324,0.7674825869619494,0.9366584444907755,1.077436829153753
lgb_tweedie,dead26,0.5,2,13,0.95,26,all,30381,0.8241316706798751,0.7555245353704917,0.30363726233480504,0.6314810063943207,0.02352379533541268,0.00023258998146419676,0.009545439583950495,0.8218607345980197,0.8264141551399155,0.6199542356795185,0.6440974706167478
lgb_tweedie,dead26,0.5,2,13,0.95,26,smooth,16102,0.8389019798669518,0.7237638463883651,0.3062131334783221,0.5562751043377281,0.011617814106849608,4.564673229458261e-05,0.0034157247546888585,0.8363548045645331,0.8411030819584564,0.5405225774531602,0.5697097672854935
lgb_tweedie,dead26,0.5,2,13,0.95,26,erratic,1777,0.7971433711246213,0.7430807796592828,0.29845778979585774,0.848707423473664,0.07711589646304616,0.00022282277616736648,0.0061902082160945416,0.7899119777562862,0.8042356834482083,0.7779995639025015,0.9273370317763233
lgb_tweedie,dead26,0.5,2,13,0.95,26,intermittent,10285,0.7835157190688179,0.7984531754099085,0.30133275186499364,0.7803488484375524,0.043909735318982894,0.0010089842957112256,0.017403986387943608,0.7797639194029087,0.7879478226004126,0.7488254191268314,0.8082116799825001
lgb_tweedie,dead26,0.5,2,13,0.95,26,lumpy,2217,0.7641711618445667,0.7970230040595399,0.29470425386241184,1.026489765524256,0.058067709184692784,0.0005630323834432154,0.02029769959404601,0.756955898399282,0.7719808854772703,0.9586335823416633,1.100970498448442
lgb_tweedie,none,0.8,2,13,0.95,26,all,30381,0.923050476309695,0.8900927912481186,0.13650418469131398,1.2041744983330787,0.05660824469608375,0.0,0.0,0.9213254778605346,0.9246063546114479,1.1831343307410391,1.2252326437283454
lgb_tweedie,none,0.8,2,13,0.95,26,smooth,16102,0.9318243120611552,0.8781687198654036,0.13505233677029713,1.0598350034431614,0.027057941428471895,0.0,0.0,0.9300329098438368,0.9333263339851693,1.0341214371189213,1.0870822937030464
lgb_tweedie,none,0.8,2,13,0.95,26,erratic,1777,0.9093377052933697,0.8881414027728041,0.12994383858794165,1.6276590525330248,0.13443450032503504,0.0,0.0,0.903240012468179,0.9150745718422756,1.5150402146508022,1.7542158439672515
lgb_tweedie,none,0.8,2,13,0.95,26,intermittent,10285,0.8984975593221675,0.9054934370442391,0.14129680654944793,1.487410359036814,0.12823697730376538,0.0,0.0,0.895510372233875,0.9018361828726557,1.4292952907156942,1.5419435228357636
lgb_tweedie,none,0.8,2,13,0.95,26,lumpy,2217,0.8842468987813074,0.9068151064091524,0.1352960438186527,1.9591302057792552,0.16800977133620298,0.0,0.0,0.8774594649390641,0.8914591892206465,1.841437912130866,2.0760600511905007
lgb_tweedie,quantile,0.8,2,13,0.95,26,all,30381,0.923050476309695,0.8900927912481186,0.13650418469131398,1.2041081800436844,0.05657543459501499,4.283717257526134e-06,3.291530891017412e-05,0.9213254778605346,0.9246063546114479,1.1831326683687018,1.2250976354179637
lgb_tweedie,quantile,0.8,2,13,0.95,26,smooth,16102,0.9318243120611552,0.8781687198654036,0.13505233677029713,1.0598350034431614,0.027057941428471895,0.0,0.0,0.9300329098438368,0.9333263339851693,1.0341214371189213,1.0870822937030464
lgb_tweedie,quantile,0.8,2,13,0.95,26,erratic,1777,0.9093377052933697,0.8881414027728041,0.12994383858794165,1.6268045578501076,0.13401175032401294,5.5194632628613714e-05,0.0005627462014631402,0.903240012468179,0.9150745718422756,1.5142400458015295,1.7533287620248212
lgb_tweedie,quantile,0.8,2,13,0.95,26,intermittent,10285,0.8984975593221675,0.9054934370442391,0.14129680654944793,1.487410359036814,0.12823697730376538,0.0,0.0,0.895510372233875,0.9018361828726557,1.4292952907156942,1.5419435228357636
lgb_tweedie,quantile,0.8,2,13,0.95,26,lumpy,2217,0.8842468987813074,0.9068151064091524,0.1352960438186527,1.9591302057792552,0.16800977133620298,0.0,0.0,0.8774594649390641,0.8914591892206465,1.841437912130866,2.0760600511905007
lgb_tweedie,fixed,0.8,2,13,0.95,26,all,30381,0.9214574094584794,0.8877976965268365,0.1393546804620256,1.1908005743988874,0.05407279177945139,0.0038791439609819995,0.054441920937428,0.919753531825535,0.9230380474306628,1.1691100574299762,1.2107758939495485
lgb_tweedie,fixed,0.8,2,13,0.95,26,smooth,16102,0.9310900330469237,0.877138356612956,0.136194514418037,1.0543329341610317,0.025763976690900203,0.001583220872743681,0.023475344677679793,0.9292309217901565,0.9326182671330547,1.0294035908820698,1.080918902770936
lgb_tweedie,fixed,0.8,2,13,0.95,26,erratic,1777,0.9088654845475471,0.8870670691154653,0.13119186996701632,1.6148191455870868,0.1331887370241507,0.002823103246670946,0.027011817670230726,0.9027274570199884,0.9144558695675423,1.5047955960064106,1.7333912443485995
lgb_tweedie,fixed,0.8,2,13,0.95,26,intermittent,10285,0.893117623526676,0.9016042780748663,0.14711148994654455,1.4478964056905137,0.12011012117664908,0.012577816928470502,0.09470102090422947,0.8892236839694146,0.8971415998839165,1.3923045911048961,1.498747602174598
lgb_tweedie,fixed,0.8,2,13,0.95,26,lumpy,2217,0.8797608020487114,0.9017509328740723,0.14264876611198762,1.901373980638951,0.1625656114350061,0.01387148331789535,0.11456923770861524,0.8731441736660852,0.88695654424155,1.7872001055990894,2.0234545053016713
lgb_tweedie,dead13,0.8,2,13,0.95,26,all,30381,0.9177070943276127,0.8842563085181827,0.14375306604825402,1.17448119820966,0.04891986069351479,0.005870437860952759,0.06030084592343899,0.9159313924761018,0.9195107055619208,1.1542325387532477,1.195532279352573
lgb_tweedie,dead13,0.8,2,13,0.95,26,smooth,16102,0.9288179614868255,0.8749110782398573,0.13866349568945285,1.0482981740651864,0.025184983928637338,0.0031421987441251674,0.03136256365668861,0.9270186817915291,0.9303610117373379,1.0237639931402878,1.0743753123487283
lgb_tweedie,dead13,0.8,2,13,0.95,26,erratic,1777,0.9015348196362061,0.8838440681434492,0.13493596410424033,1.606329393390545,0.12775145243653638,0.009473034355592443,0.04727068092290377,0.8935621462150954,0.9090894400156346,1.4948901227891658,1.7262153639690188
lgb_tweedie,dead13,0.8,2,13,0.95,26,intermittent,10285,0.8849698782715626,0.8963052989790958,0.15503399607508872,1.3789218845146527,0.09583360430079554,0.015173192548493322,0.09975692756441419,0.8807958866567358,0.889056934654972,1.3341156770473266,1.420188762802544
lgb_tweedie,dead13,0.8,2,13,0.95,26,lumpy,2217,0.8734947964910369,0.896563742977816,0.15018009704402702,1.8964928531211975,0.15107793457926952,0.011719246626346283,0.09788001804239964,0.8663348547255891,0.8807823260979658,1.7856691909730507,2.0163153726136964
lgb_tweedie,dead26,0.8,2,13,0.95,26,all,30381,0.9220317448833774,0.8888210634038619,0.13808366409490255,1.197194419046232,0.05472306005914386,0.0006925342899667251,0.009545439583950495,0.9203178254200566,0.9235797684636599,1.1758847166242026,1.2176759205703562
lgb_tweedie,dead26,0.8,2,13,0.95,26,smooth,16102,0.9314469074994086,0.8776577726087104,0.13561873171342292,1.0572084598901725,0.02610896988866347,0.0001201229797225858,0.0034157247546888585,0.9296281238734323,0.9329826025337735,1.0321031904345164,1.0839748730171854
lgb_tweedie,dead26,0.8,2,13,0.95,26,erratic,1777,0.909168032904178,0.887680974062516,0.13047870917897364,1.625058772062521,0.13434005617587053,0.00041498186754105866,0.0061902082160945416,0.9030306371233922,0.9148735429059277,1.513493506408225,1.7507162113090524
lgb_tweedie,dead26,0.8,2,13,0.95,26,intermittent,10285,0.8944764021827168,0.903173200159102,0.14476579380339763,1.4611422805804024,0.12152348745962585,0.0033136857289813005,0.017403986387943608,0.8907976028045165,0.8983627538049382,1.4035586930807349,1.5127741200304936
lgb_tweedie,dead26,0.8,2,13,0.95,26,lumpy,2217,0.8818449299841987,0.9042317628244556,0.13904682523144704,1.940795328647451,0.16493307179571007,0.0011306053506238763,0.02029769959404601,0.8752275438346875,0.8894982250399971,1.8256724801136632,2.059916461226301
lgb_tweedie,none,0.9,2,13,0.95,26,all,30381,0.9495073487169553,0.9306803594351734,0.08609463497301878,1.5818387523149922,0.0798220892894852,0.0,0.0,0.9480925224411754,0.9509165148028671,1.5545236339563098,1.6081084285561476
lgb_tweedie,none,0.9,2,13,0.95,26,smooth,16102,0.9564137044157862,0.9250403676561918,0.08309420618653482,1.3979196010344555,0.03865365290705255,0.0,0.0,0.9550650639980822,0.9577284751652954,1.3678781710986805,1.431324803253142
lgb_tweedie,none,0.9,2,13,0.95,26,erratic,1777,0.9378753746080158,0.9275592162480176,0.08415297298903515,2.1384179174042983,0.1821018116104976,0.0,0.0,0.9323164263489632,0.9434155238611566,1.9961563518914482,2.2921426899872546
lgb_tweedie,none,0.9,2,13,0.95,26,intermittent,10285,0.9310609509282852,0.9385645467803951,0.09185217488981835,1.9349510583496405,0.18035594285838155,0.0,0.0,0.9278978044902951,0.9341967526488861,1.8567547939442253,2.0056156755679275
lgb_tweedie,none,0.9,2,13,0.95,26,lumpy,2217,0.9167665595088904,0.9375691967031615,0.09064388414252969,2.5420185619063185,0.24524691694364228,0.0,0.0,0.909631797670738,0.9233456610284355,2.397765600066443,2.6917560069740736
lgb_tweedie,quantile,0.9,2,13,0.95,26,all,30381,0.9495073487169553,0.9306803594351734,0.08609463497301878,1.5817283276034648,0.07973203603336032,9.20205929394503e-06,9.874592673052236e-05,0.9480925224411754,0.9509165148028671,1.5545193393021317,1.607998728292071
lgb_tweedie,quantile,0.9,2,13,0.95,26,smooth,16102,0.9564137044157862,0.9250403676561918,0.08309420618653482,1.3979196010344555,0.03865365290705255,0.0,0.0,0.9550650639980822,0.9577284751652954,1.3678781710986805,1.431324803253142
lgb_tweedie,quantile,0.9,2,13,0.95,26,erratic,1777,0.9378753746080158,0.9275592162480176,0.08415297298903515,2.137301759277809,0.1815351467155105,7.154859785190667e-05,0.0005627462014631402,0.9323164263489632,0.9434155238611566,1.9961293461994793,2.2909839657275253
lgb_tweedie,quantile,0.9,2,13,0.95,26,intermittent,10285,0.9310609509282852,0.9385645467803951,0.09185217488981835,1.9349333222975673,0.18035594285838155,1.9706724525609874e-06,9.722897423432182e-05,0.9278978044902951,0.9341967526488861,1.8567212443810022,2.005578748990154
lgb_tweedie,quantile,0.9,2,13,0.95,26,lumpy,2217,0.9167665595088904,0.9375691967031615,0.09064388414252969,2.5414192048529762,0.24392833142628817,9.535225848635101e-05,0.0004510599909788002,0.909631797670738,0.9233456610284355,2.3973842203764244,2.691136015152568
lgb_tweedie,fixed,0.9,2,13,0.95,26,all,30381,0.9475293819373413,0.9278915350802386,0.08955834039453538,1.5633538777239882,0.07625381627644381,0.005152201267440877,0.059543793818504984,0.9460219592000503,0.948975294024378,1.5359643989510032,1.5882368299790453
lgb_tweedie,fixed,0.9,2,13,0.95,26,smooth,16102,0.9554988041211355,0.9237474734928467,0.08452740444041118,1.390468044994137,0.03686670346069936,0.002099312874715445,0.02540057135759533,0.9540350689130727,0.9568320322310113,1.3601348351558746,1.4228325678323974
lgb_tweedie,fixed,0.9,2,13,0.95,26,erratic,1777,0.937296853088242,0.9262035094899473,0.08572786972929605,2.1188687962255046,0.18020393394633447,0.004063960357988299,0.031513787281935844,0.9316252841380007,0.9430865449552098,1.9840215138042467,2.2619435268819204
lgb_tweedie,fixed,0.9,2,13,0.95,26,intermittent,10285,0.9243448992099574,0.9338798780218324,0.09885622534541201,1.8807427858608192,0.16919208341462358,0.0164827043932201,0.10189596499756927,0.9206042120838501,0.9281522502128939,1.8119006149532428,1.944113086509924
lgb_tweedie,fixed,0.9,2,13,0.95,26,lumpy,2217,0.9114132112824425,0.9315618977323984,0.09936593933259906,2.461137143791206,0.2359369040483845,0.018825260175448156,0.13351375732972484,0.9045021361821735,0.9179412899497751,2.3260190747433698,2.6019845034014804
lgb_tweedie,dead13,0.9,2,13,0.95,26,all,30381,0.9431484084324498,0.9238728750923872,0.09454949530987528,1.5421742276656105,0.06869841789629184,0.007355301187367096,0.060103354069977945,0.9415950938937906,0.9445816303275384,1.51603566405528,1.5685073985503675
lgb_tweedie,dead13,0.9,2,13,0.95,26,smooth,16102,0.952870731730223,0.9212012059484423,0.08734999139455196,1.3827751509672848,0.035986442265292254,0.0038133585926479058,0.031176251397341946,0.9513778117355814,0.9543270550570733,1.352149553315233,1.4147787705557933
lgb_tweedie,dead13,0.9,2,13,0.95,26,erratic,1777,0.9284411809198287,0.9226735560444058,0.0898285442605414,2.106893605190748,0.17011190200704038,0.012406526867520615,0.04727068092290377,0.9208264903167594,0.9364060005586557,1.9664396869046241,2.2520079031592934
lgb_tweedie,dead13,0.9,2,13,0.95,26,intermittent,10285,0.9148846861014384,0.9278251646263314,0.10790863017952836,1.789731219984195,0.13434350003251608,0.019308648690192554,0.09946524064171124,0.910620135889965,0.9192905010884458,1.7350410130385039,1.83864791628796
lgb_tweedie,dead13,0.9,2,13,0.95,26,lumpy,2217,0.9039348698668701,0.9259031451183007,0.10758193671300569,2.460923736355546,0.2210129134201493,0.014688788390635501,0.09788001804239964,0.8968394482841014,0.9103142754551878,2.322381418201994,2.6120217765589215
lgb_tweedie,dead26,0.9,2,13,0.95,26,all,30381,0.9482715756162564,0.9291527898716603,0.0879918684683881,1.5727448965458484,0.07737843484711969,0.0009346436431143132,0.009545439583950495,0.9467689867873723,0.9497084465747302,1.5451164681344065,1.5986713004877078
lgb_tweedie,dead26,0.9,2,13,0.95,26,smooth,16102,0.9559581107145111,0.9244136809656621,0.08378890053666703,1.3945076715994986,0.03741158129672101,0.00015834392781613585,0.0034157247546888585,0.9545723281864877,0.9573109922053455,1.3644378875133787,1.4275719389413337
lgb_tweedie,dead26,0.9,2,13,0.95,26,erratic,1777,0.9376934367449068,0.927047628792142,0.08474727364573738,2.134918168846514,0.18198038341871464,0.0005458135893274023,0.0061902082160945416,0.9321155669131315,0.9432399960021753,1.9942799715584416,2.287439073002771
lgb_tweedie,dead26,0.9,2,13,0.95,26,intermittent,10285,0.9261342697968827,0.935767004021744,0.09603478237886627,1.900487938499254,0.17172617112137173,0.004515795925043502,0.017403986387943608,0.9225030379132255,0.9298004324132741,1.8302408484815227,1.9663213251264173
lgb_tweedie,dead26,0.9,2,13,0.95,26,lumpy,2217,0.9139786410940991,0.9345757985812113,0.09499002768433899,2.519279318549193,0.2411712889809114,0.0014348244610327104,0.02029769959404601,0.9068802100943255,0.9206220514586233,2.378864168551652,2.66801265363803
lgb_tweedie,none,0.95,2,13,0.95,26,all,30381,0.963529859175175,0.952165079251087,0.059410724107687045,1.9190889897836516,0.10281010265531768,0.0,0.0,0.962316428834721,0.9648398367778581,1.8867895993033585,1.9499112644777907
lgb_tweedie,none,0.95,2,13,0.95,26,smooth,16102,0.9693229934384461,0.9495206693691354,0.05595731697776665,1.7007208033999606,0.050479520014781676,0.0,0.0,0.9682136006008824,0.970462867577521,1.665744954001779,1.7392440422924262
lgb_tweedie,none,0.95,2,13,0.95,26,erratic,1777,0.9531213586874308,0.9496853737146365,0.058449469586663895,2.5914636390025714,0.23151858832572192,0.0,0.0,0.9475152168062013,0.9589594147361049,2.424045001356361,2.7686171805186754
lgb_tweedie,none,0.95,2,13,0.95,26,intermittent,10285,0.94866299727456,0.9563220930746453,0.06530285910625673,2.3336850983661153,0.22967202098372025,0.0,0.0,0.9456914539701285,0.9516210748667683,2.2424853389537094,2.417733910899959
lgb_tweedie,none,0.95,2,13,0.95,26,lumpy,2217,0.9347200276067491,0.954073891827613,0.06668055844967702,3.0549274414718757,0.3202664414537133,0.0,0.0,0.9278126525833132,0.9408632444578999,2.886051419075197,3.2303725628291007
lgb_tweedie,quantile,0.95,2,13,0.95,26,all,30381,0.963529859175175,0.952165079251087,0.059410724107687045,1.918908280377862,0.10262336431412847,1.792815000372049e-05,0.00013166123564069647,0.962316428834721,0.9648398367778581,1.8867264591465103,1.9496381509112535
lgb_tweedie,quantile,0.95,2,13,0.95,26,smooth,16102,0.9693229934384461,0.9495206693691354,0.05595731697776665,1.7007208033999606,0.050479520014781676,0.0,0.0,0.9682136006008824,0.970462867577521,1.665744954001779,1.7392440422924262
lgb_tweedie,quantile,0.95,2,13,0.95,26,erratic,1777,0.9531213586874308,0.9496853737146365,0.058449469586663895,2.5902738880325766,0.2308439872602611,8.381407176937638e-05,0.0005627462014631402,0.9475152168062013,0.9589594147361049,2.424045001356361,2.7673848670515886
lgb_tweedie,quantile,0.95,2,13,0.95,26,intermittent,10285,0.94866299727456,0.9563220930746453,0.06530285910625673,2.3334939431382167,0.22962433071036828,1.7736052073048887e-05,0.00019445794846864364,0.9456914539701285,0.9516210748667683,2.2422974727866034,2.4175165761592274
lgb_tweedie,quantile,0.95,2,13,0.95,26,lumpy,2217,0.9347200276067491,0.954073891827613,0.06668055844967702,3.0532792095751833,0.3166403312809895,0.00024519152182204544,0.0004510599909788002,0.9278126525833132,0.9408632444578999,2.884479297311494,3.228653013789785
lgb_tweedie,fixed,0.95,2,13,0.95,26,all,30381,0.9612253779468206,0.9490456056566454,0.06328509417413668,1.8954484234889226,0.09815106830355436,0.006385277212829511,0.06481024324413284,0.9599239707525402,0.9626120376249064,1.8633072604745424,1.924704658491301
lgb_tweedie,fixed,0.95,2,13,0.95,26,smooth,16102,0.9682663480277226,0.9480414629464436,0.057597045984385024,1.6912601359224275,0.048223610455591516,0.0026167153091932738,0.027512110296857534,0.9670387972419684,0.9694701974352312,1.6554469427696978,1.7283823332116568
lgb_tweedie,fixed,0.95,2,13,0.95,26,erratic,1777,0.9524079169545646,0.9479971351102471,0.060410661753781236,2.564898666742985,0.22909002449006288,0.0053947642780337625,0.03601575689364097,0.946639746950848,0.9582363344264507,2.4073367519125104,2.730087029509945
lgb_tweedie,fixed,0.95,2,13,0.95,26,intermittent,10285,0.9408276036031775,0.9511159234542803,0.07308660574464289,2.265097814327183,0.2152023585007912,0.02006243090329713,0.11016042780748662,0.9368802710805517,0.944749695153462,2.1845632345542607,2.3387498993448137
lgb_tweedie,fixed,0.95,2,13,0.95,26,lumpy,2217,0.92842677854665,0.9475745274121459,0.07611704819456434,2.9501080658929517,0.3059018507419314,0.023906173377649432,0.14839873703202525,0.921287192597569,0.9345123886828266,2.796298321943012,3.1146368568477834
lgb_tweedie,dead13,0.95,2,13,0.95,26,all,30381,0.956493139626812,0.9448279576649281,0.06852339116086162,1.8706553785957247,0.08852304885801651,0.008582189541161526,0.06020209999670847,0.9549943345723965,0.9579781677518059,1.8399821287112292,1.9008680163099831
lgb_tweedie,dead13,0.95,2,13,0.95,26,smooth,16102,0.9654246751383216,0.9453484039249782,0.06058235413765588,1.6822544069299163,0.04706274197955245,0.004364832272283414,0.031238355483790833,0.9641046947398864,0.9666275927110356,1.6465890543491972,1.7192708206919907
lgb_tweedie,dead13,0.95,2,13,0.95,26,erratic,1777,0.9427325022793339,0.944185808563974,0.06483820164621282,2.550462203942123,0.21390700317675776,0.014843267685791266,0.04727068092290377,0.9350351051269487,0.9501636787178089,2.388438209435451,2.7247954805377437
lgb_tweedie,dead13,0.95,2,13,0.95,26,intermittent,10285,0.9306648457653205,0.94483139611968,0.08248260550676947,2.15711580262533,0.1714942229737053,0.02273269207651727,0.09956246961594555,0.9264363480430354,0.93477408784775,2.0948635210573703,2.215791842785701
lgb_tweedie,dead13,0.95,2,13,0.95,26,lumpy,2217,0.9203944859151092,0.94154672571452,0.08486887149108445,2.957445649212663,0.289629306743675,0.0171452441925934,0.09833107803337844,0.9127618552895493,0.9269129591885125,2.7942549428135637,3.1381289235878747
lgb_tweedie,dead26,0.95,2,13,0.95,26,all,30381,0.962133050036832,0.9505312830088183,0.06143989058853261,1.9081923236738683,0.09988023043860346,0.0011353437294391489,0.009545439583950495,0.9608343521492073,0.963412515929754,1.8755231328657611,1.9385812789326655
lgb_tweedie,dead26,0.95,2,13,0.95,26,smooth,16102,0.9688029701389561,0.9488488160702793,0.05670207938916965,1.696653439306554,0.04898374867127604,0.00019110474046775015,0.0034157247546888585,0.9676600800688216,0.9699790425104985,1.6611776505566092,1.7347667990148206
lgb_tweedie,dead26,0.95,2,13,0.95,26,erratic,1777,0.9529210226134455,0.9491226275131733,0.05910320030903634,2.587215696535821,0.23137917077219336,0.0006602913458904529,0.0061902082160945416,0.9472586932390901,0.958704459949784,2.4217408376338523,2.7629786562030043
lgb_tweedie,dead26,0.95,2,13,0.95,26,intermittent,10285,0.9431027449496592,0.9533477703628408,0.06974977038608177,2.292182736515181,0.21937742515878692,0.005505073496229119,0.017403986387943608,0.9394943437642078,0.9466946863977609,2.20889121802118,2.369835944945126
lgb_tweedie,dead26,0.95,2,13,0.95,26,lumpy,2217,0.9316233494978114,0.9508139582564481,0.07141368737534605,3.0283196207704464,0.3152618100583011,0.0016845565665922011,0.02029769959404601,0.9248464642560736,0.9378025777749782,2.8624585519629817,3.20342802732929
lgb_tweedie,none,0.99,2,13,0.95,26,all,30381,0.978935217026602,0.9752686338052192,0.030716228872140212,2.5895665782475694,0.15618620335250058,0.0,0.0,0.9780013354763569,0.979949332834494,2.546219977793814,2.628845292512966
lgb_tweedie,none,0.99,2,13,0.95,26,smooth,16102,0.9834086140407164,0.9754208963313422,0.027246413092798023,2.3032775445814595,0.0791725754432374,0.0,0.0,0.9824944182545361,0.9843037852457119,2.258541000313805,2.3518943070785574
lgb_tweedie,none,0.99,2,13,0.95,26,erratic,1777,0.9704749600349974,0.9726044917378626,0.03182480016640418,3.488349844024057,0.34701928541348953,0.0,0.0,0.9647799866466542,0.975736031359949,3.274374621878439,3.7184019852542374
lgb_tweedie,none,0.99,2,13,0.95,26,intermittent,10285,0.9679972647066358,0.9761170283289875,0.035707442133988805,3.128159726943625,0.3374390323209989,0.0,0.0,0.9654596913335338,0.9708489105417042,3.0130720646001676,3.239789201915024
lgb_tweedie,none,0.99,2,13,0.95,26,lumpy,2217,0.9551299515065657,0.9723623241891172,0.0401274074956092,4.063173141539077,0.4981656041700721,0.0,0.0,0.94894873604475,0.960859225254693,3.8466513338346155,4.288287351093146
lgb_tweedie,quantile,0.99,2,13,0.95,26,all,30381,0.978935217026602,0.9752686338052192,0.030716228872140212,2.5892551361373277,0.15576665291117459,3.22072075288076e-05,0.0002962377801915671,0.9780013354763569,0.979949332834494,2.5458450050522434,2.628560574124703
lgb_tweedie,quantile,0.99,2,13,0.95,26,smooth,16102,0.9834086140407164,0.9754208963313422,0.027246413092798023,2.3032775445814595,0.0791725754432374,0.0,0.0,0.9824944182545361,0.9843037852457119,2.258541000313805,2.3518943070785574
lgb_tweedie,quantile,0.99,2,13,0.95,26,erratic,1777,0.9704749600349974,0.9726044917378626,0.03182480016640418,3.4877181721173067,0.34612881200708123,0.000128787476133432,0.0016882386043894203,0.9647799866466542,0.975736031359949,3.273887885170095,3.718276884025496
lgb_tweedie,quantile,0.99,2,13,0.95,26,intermittent,10285,0.9679972647066358,0.9761170283289875,0.035707442133988805,3.1273083964441186,0.33697513602566603,6.30615184819516e-05,0.0004861448711716091,0.9654596913335338,0.9708489105417042,3.01226918062071,3.23901348903582
lgb_tweedie,quantile,0.99,2,13,0.95,26,lumpy,2217,0.9551299515065657,0.9723623241891172,0.0401274074956092,4.059586080386495,0.49027406963439224,0.0003450843640458417,0.0004510599909788002,0.94894873604475,0.960859225254693,3.8432167338989887,4.284729482904021
lgb_tweedie,fixed,0.99,2,13,0.95,26,all,30381,0.9761371563764638,0.9715985768617348,0.035274420609790545,2.553493236565747,0.14836413564025788,0.00913240922446155,0.07475066653500544,0.9750209957263261,0.9772578342037406,2.51261286323237,2.590584766297108
lgb_tweedie,fixed,0.99,2,13,0.95,26,smooth,16102,0.9821267926443676,0.9736622215196306,0.02919593822852941,2.2890176364558825,0.07587592038773076,0.003766619833264936,0.030803626878648616,0.9811496023847502,0.9830395688295224,2.24410553729236,2.3360945008269867
lgb_tweedie,fixed,0.99,2,13,0.95,26,erratic,1777,0.9695898016672867,0.9706604594055354,0.034083142661872644,3.442207131146535,0.3432235300851632,0.00880047753578452,0.04558244231851435,0.9638610942964563,0.9745245068479906,3.2420992332349488,3.6515533343443174
lgb_tweedie,fixed,0.99,2,13,0.95,26,intermittent,10285,0.9585774503833944,0.9700181199451983,0.04482592291579942,3.0254453227074674,0.3125100257961024,0.027934282015051996,0.1273699562469616,0.9549638980649386,0.9623272353039323,2.9229614014857965,3.1224063414883423
lgb_tweedie,fixed,0.99,2,13,0.95,26,lumpy,2217,0.9470749559563377,0.9646943043424776,0.05126067930818921,3.9030630777892807,0.46614994823734546,0.03478087142883089,0.17320703653585928,0.9401547306308619,0.9530362845598613,3.7151212211852163,4.108910234236793
lgb_tweedie,dead13,0.99,2,13,0.95,26,all,30381,0.9709313293152065,0.9671983985206065,0.04073941934620702,2.52349230208076,0.135442191473594,0.010912690385450466,0.060267930614528814,0.9696036271949071,0.9723641463490635,2.48375395420002,2.560968830206278
lgb_tweedie,dead13,0.99,2,13,0.95,26,smooth,16102,0.9790016295228213,0.970856245977349,0.032306416534977234,2.2778627981534254,0.07412164439186213,0.005419948845083071,0.03130045957023972,0.9779557424084253,0.980026959149993,2.2330160818635054,2.323723615080344
lgb_tweedie,dead13,0.99,2,13,0.95,26,erratic,1777,0.9585774503350518,0.9667212359952934,0.03865925771847978,3.4280364202805518,0.31890191300508197,0.01939375850917253,0.04727068092290377,0.9510807644851278,0.9658279214931639,3.2213346406081307,3.6613879505073887
lgb_tweedie,dead13,0.99,2,13,0.95,26,intermittent,10285,0.9475131098984907,0.9634551641843815,0.05463820114839997,2.8896472693377158,0.25461403394680365,0.02923689650619481,0.09965969859017987,0.9433428206785741,0.951302128816086,2.809349980784766,2.9625915462869155
lgb_tweedie,dead13,0.99,2,13,0.95,26,lumpy,2217,0.9385068744437784,0.9583794644687743,0.0604292560950198,3.9336257469260247,0.45362338582248135,0.02182658602589949,0.09833107803337844,0.9310167009189833,0.9456398752058675,3.730096876029819,4.163493387820899
lgb_tweedie,dead26,0.99,2,13,0.95,26,all,30381,0.977298837034227,0.9734508110631346,0.03297395531374036,2.575167735295466,0.15225981157673002,0.0015116762233225558,0.009545439583950495,0.9762623900095652,0.9784195680690547,2.5328274857790114,2.613520037270044
lgb_tweedie,dead26,0.99,2,13,0.95,26,smooth,16102,0.9827774223836286,0.9746671785548944,0.02808192386525433,2.297913070712467,0.07713961413441237,0.00024963739240530105,0.0034157247546888585,0.9818515671051317,0.9837287066847893,2.2529531472590065,2.3459381156258905
lgb_tweedie,dead26,0.99,2,13,0.95,26,erratic,1777,0.9702623584870946,0.9719650074180181,0.03256767598728197,3.482574850054581,0.34680791041297854,0.0008769813850990846,0.0061902082160945416,0.9645787446850096,0.9754027770366922,3.2709793900641113,3.7162158030732297
lgb_tweedie,dead26,0.99,2,13,0.95,26,intermittent,10285,0.9615580924678928,0.9727935652097052,0.04067635340059865,3.0731257426971803,0.32390583338752676,0.007369329636351812,0.017403986387943608,0.9580773641396433,0.965130070706279,2.9641026220416107,3.173549415575069
lgb_tweedie,dead26,0.99,2,13,0.95,26,lumpy,2217,0.9515655932726711,0.9688563578956001,0.045217753698687226,4.029050654752175,0.4908934052561798,0.0021658584427614014,0.02029769959404601,0.9450407686077272,0.9575569504867748,3.8168046348394835,4.255321737709184
lgb_tweedie,none,0.9,1,13,0.95,26,all,30381,0.9548055136835415,0.9280187078646642,0.08940039245417651,1.1421937106463225,0.043417885979187165,0.0,0.0,0.953682501045518,0.9560958988424473,1.1237172463287448,1.1604927278268216
lgb_tweedie,none,0.9,1,13,0.95,26,smooth,16102,0.9614695714296011,0.9226211311977055,0.08577597671835151,1.0108235172838402,0.020150870094423214,0.0,0.0,0.9603476311048066,0.9627544545882907,0.9881837186659445,1.0334081843030285
lgb_tweedie,none,0.9,1,13,0.95,26,erratic,1777,0.9430473161098822,0.9240804215480636,0.08819421745461029,1.4968886581162684,0.09032458532476931,0.0,0.0,0.9377096192810036,0.9479897936668987,1.404469984794928,1.596524059796574
lgb_tweedie,none,0.9,1,13,0.95,26,intermittent,10285,0.9373572494142176,0.936133822424537,0.09548635201300375,1.4134874793325727,0.10579653595196288,0.0,0.0,0.9346964376573399,0.9398625747705398,1.3609707691392556,1.460557680016285
lgb_tweedie,none,0.9,1,13,0.95,26,lumpy,2217,0.9227828329610055,0.9327305531635708,0.09766915726490638,1.8353448119290217,0.13549465119235732,0.0,0.0,0.9170955381279332,0.9278524193190948,1.734518660432866,1.9415232324990181
lgb_tweedie,quantile,0.9,1,13,0.95,26,all,30381,0.9548055136835415,0.9280187078646642,0.08940039245417651,1.1421937106463225,0.043417885979187165,0.0,0.0,0.953682501045518,0.9560958988424473,1.1237172463287448,1.1604927278268216
lgb_tweedie,quantile,0.9,1,13,0.95,26,smooth,16102,0.9614695714296011,0.9226211311977055,0.08577597671835151,1.0108235172838402,0.020150870094423214,0.0,0.0,0.9603476311048066,0.9627544545882907,0.9881837186659445,1.0334081843030285
lgb_tweedie,quantile,0.9,1,13,0.95,26,erratic,1777,0.9430473161098822,0.9240804215480636,0.08819421745461029,1.4968886581162684,0.09032458532476931,0.0,0.0,0.9377096192810036,0.9479897936668987,1.404469984794928,1.596524059796574
lgb_tweedie,quantile,0.9,1,13,0.95,26,intermittent,10285,0.9373572494142176,0.936133822424537,0.09548635201300375,1.4134874793325727,0.10579653595196288,0.0,0.0,0.9346964376573399,0.9398625747705398,1.3609707691392556,1.460557680016285
lgb_tweedie,quantile,0.9,1,13,0.95,26,lumpy,2217,0.9227828329610055,0.9327305531635708,0.09766915726490638,1.8353448119290217,0.13549465119235732,0.0,0.0,0.9170955381279332,0.9278524193190948,1.734518660432866,1.9415232324990181
lgb_tweedie,fixed,0.9,1,13,0.95,26,all,30381,0.9539452797957524,0.9267065839594723,0.09103004355646732,1.1340873310331356,0.041798672587081226,0.0032718080475816276,0.04868174187814753,0.9528104402927207,0.9552433628791969,1.114897587229206,1.152005103713718
lgb_tweedie,fixed,0.9,1,13,0.95,26,smooth,16102,0.9611223068154939,0.9220339652894615,0.08642686151487178,1.007747713786689,0.019350370557551903,0.0012420716103315372,0.019997515836542044,0.9599950753265483,0.9624376612622778,0.9855748847984118,1.030077943023591
lgb_tweedie,fixed,0.9,1,13,0.95,26,erratic,1777,0.9427406792619456,0.9233897784826316,0.08899652334115829,1.4900588333898905,0.08956903213145317,0.0018377768419675455,0.019696117051209903,0.9372790696422685,0.9476754118696596,1.400237897442012,1.591177608731068
lgb_tweedie,fixed,0.9,1,13,0.95,26,intermittent,10285,0.9342426016029449,0.9338577805276882,0.09888926331925915,1.3878904148462579,0.10039019314560707,0.011371765387503178,0.08682547399124939,0.9314762873353237,0.9370526814442869,1.3368706686204839,1.431419723597256
lgb_tweedie,fixed,0.9,1,13,0.95,26,lumpy,2217,0.9204171888337964,0.9301267068520114,0.10144970678415147,1.8004186418205925,0.13238798379919722,0.011328756424925989,0.10329273793414524,0.9148622072137518,0.9255577558772522,1.7023236020993633,1.9006659034180857
lgb_tweedie,dead13,0.9,1,13,0.95,26,all,30381,0.9509011433875985,0.9235287604992355,0.09497688385437572,1.1181296909678773,0.03743632531945028,0.004795224829313699,0.060103354069977945,0.9496617434948159,0.952308027104582,1.100373865421897,1.1358522534963496
lgb_tweedie,dead13,0.9,1,13,0.95,26,smooth,16102,0.959323956606338,0.920165196869954,0.08849842754995071,1.001586496954009,0.018805973213449144,0.002519524898326818,0.031176251397341946,0.958097806358676,0.9604876031909836,0.9804402097323384,1.0242993456557457
lgb_tweedie,dead13,0.9,1,13,0.95,26,erratic,1777,0.937131269190356,0.9210108968128101,0.09176002139482364,1.4791998004816242,0.08605660925062042,0.007735425550617567,0.04727068092290377,0.9308063328714962,0.9433635944419558,1.3868465267884587,1.5814214454612276
lgb_tweedie,dead13,0.9,1,13,0.95,26,intermittent,10285,0.927441810969157,0.928943297830026,0.10623690870286306,1.32523584022576,0.079675272593267,0.012557124867718612,0.09946524064171124,0.9246966551870738,0.9304566033712462,1.2852285564203614,1.360608329421533
lgb_tweedie,dead13,0.9,1,13,0.95,26,lumpy,2217,0.9144826458889554,0.9248575060483044,0.10910011014199386,1.78465827566792,0.12211899961859098,0.009807660872881818,0.09788001804239964,0.9087033245720544,0.9196705045388293,1.6845735781845395,1.8881838978766354
lgb_tweedie,dead26,0.9,1,13,0.95,26,all,30381,0.9541288450130471,0.9270970792151794,0.09054505046901247,1.137228723688655,0.04208558644961865,0.0005697343952509758,0.009545439583950495,0.9530165736486874,0.9554000542358415,1.1184342716902493,1.1556061202680439
lgb_tweedie,dead26,0.9,1,13,0.95,26,smooth,16102,0.9612330383622564,0.922225923374849,0.08621407225447092,1.0089716577473533,0.019494037641300112,9.50063566896815e-05,0.0034157247546888585,0.9600955907104768,0.9625228509512784,0.9867456131156137,1.0312395131053174
lgb_tweedie,dead26,0.9,1,13,0.95,26,erratic,1777,0.9429287498620135,0.9237734690745383,0.08855079784863162,1.4950140848525484,0.09025712521822321,0.00030868109358965447,0.0061902082160945416,0.9375240393794342,0.9478292395280259,1.4028228446450386,1.5937743823176969
lgb_tweedie,dead26,0.9,1,13,0.95,26,intermittent,10285,0.9346613694991142,0.9344765103637247,0.09796420005153923,1.394660660057031,0.10098198608311112,0.0027668241233956264,0.017403986387943608,0.931884783275552,0.9376029638914524,1.3432489719532383,1.4388126873156442
lgb_tweedie,dead26,0.9,1,13,0.95,26,lumpy,2217,0.9210210864708767,0.9309058104727929,0.100318518739023,1.822672042717812,0.13335694436876805,0.0008944949962767213,0.02029769959404601,0.915413941328592,0.9261919101709163,1.7214901524679491,1.9272037254338485
lgb_tweedie,none,0.9,4,13,0.95,26,all,30381,0.9413138668528656,0.9331505037538413,0.08302672850793084,2.50491350302248,0.18806715028247942,0.0,0.0,0.9396258051240929,0.9431107929751892,2.455573102822492,2.5493964487664114
lgb_tweedie,none,0.9,4,13,0.95,26,smooth,16102,0.9488557849370588,0.9271829586386784,0.08071910253000172,2.2066355497187917,0.09782911566991165,0.0,0.0,0.9472750497578206,0.9503627804008387,2.1530204764119407,2.2619043419814577
lgb_tweedie,none,0.9,4,13,0.95,26,erratic,1777,0.9296023124506826,0.9323937177060418,0.07853683178319912,3.5588027262060025,0.4911590464002878,0.0,0.0,0.922030823549456,0.9359815451450566,3.303915197776547,3.867518772170374
lgb_tweedie,none,0.9,4,13,0.95,26,intermittent,10285,0.9209119877975962,0.9408273301807575,0.08846908636787124,3.01575946760313,0.3654787453122629,0.0,0.0,0.9168051826238259,0.9250120212343402,2.8889350421333178,3.12677229342747
lgb_tweedie,none,0.9,4,13,0.95,26,lumpy,2217,0.9045478486714252,0.941485217533932,0.0849581758104367,4.011115348989267,0.5733349679434789,0.0,0.0,0.8954516392978323,0.9130747472209951,3.7714238532712647,4.274977668505539
lgb_tweedie,quantile,0.9,4,13,0.95,26,all,30381,0.9413006983887036,0.9331400307010063,0.08303973598537216,2.500506827214043,0.18504024393707252,0.0003403175376812429,0.0016786807544188801,0.9396137097895607,0.9431029363192579,2.452241334726996,2.545313845945173
lgb_tweedie,quantile,0.9,4,13,0.95,26,smooth,16102,0.9488557849370588,0.9271829586386784,0.08071910253000172,2.2064068792464835,0.09782911566991165,4.5865137712260034e-05,0.00018631225934666502,0.9472750497578206,0.9503627804008387,2.1528017875102843,2.2619004591836718
lgb_tweedie,quantile,0.9,4,13,0.95,26,erratic,1777,0.9296023124506826,0.9323937177060418,0.07853683178319912,3.5149863648814947,0.46192633356365165,0.003154271042442628,0.008441193021947102,0.922030823549456,0.9359815451450566,3.2756449223195356,3.807275036669113
lgb_tweedie,quantile,0.9,4,13,0.95,26,intermittent,10285,0.9208380875806251,0.9408008131877845,0.0885087319364878,3.0122713773620973,0.36353211506362315,0.0002640701086431723,0.0024307243558580457,0.9167106158922289,0.9249222116767339,2.8882198139215673,3.1226553879893726
lgb_tweedie,quantile,0.9,4,13,0.95,26,lumpy,2217,0.9045115240015257,0.9414647148070694,0.08498794391688745,4.003151165113787,0.5606086198441672,0.0005630323834432154,0.0036084799278304014,0.8954146325770101,0.9130449440718978,3.7658707247281047,4.274276306167371
lgb_tweedie,fixed,0.9,4,13,0.95,26,all,30381,0.9351527708431799,0.92532264483484,0.0927488887897843,2.4357635178647667,0.1736544407789575,0.015187046927487931,0.09900924920180376,0.9330502576411099,0.9370890805051633,2.388841217719686,2.481286753763426
lgb_tweedie,fixed,0.9,4,13,0.95,26,smooth,16102,0.9457002634624554,0.9231405471934598,0.08520019401373742,2.1756021055155883,0.09161683565057842,0.0073491238994277995,0.0431623400819774,0.9439277438828456,0.9472982059971136,2.1243219013665104,2.2284946734556077
lgb_tweedie,fixed,0.9,4,13,0.95,26,erratic,1777,0.9255076884079007,0.92750805750243,0.08421240305470537,3.4599552719051143,0.47777496126154484,0.018099751010879475,0.07259425998874508,0.9179280945190113,0.9330667889240319,3.2316176224924646,3.7402956860080216
lgb_tweedie,fixed,0.9,4,13,0.95,26,intermittent,10285,0.9030655780672039,0.9285367039377734,0.10684480742165045,2.8395557316022946,0.32330320175153365,0.04001450414925085,0.16402527953330093,0.8983590453725575,0.9086198734049374,2.7314180845089484,2.9303005721385897
lgb_tweedie,fixed,0.9,4,13,0.95,26,lumpy,2217,0.8851595561125338,0.9245089596916389,0.10960616795165659,3.7088169055013718,0.5140885232205452,0.05725676092918506,0.22417681551646368,0.8747788441703764,0.8935129350935621,3.4946199474487543,3.946402322821123
lgb_tweedie,dead13,0.9,4,13,0.95,26,all,30381,0.9297368829801091,0.9214550960378944,0.09755236438775662,2.430952903384565,0.16213949147833778,0.012518608388438596,0.06069582963036108,0.9276520322690012,0.931697983977762,2.388464016407719,2.4740641445597293
lgb_tweedie,dead13,0.9,4,13,0.95,26,smooth,16102,0.9422461817818868,0.9202639988256682,0.08838890366592086,2.177328163531493,0.09037140059681464,0.006417624793033566,0.0314246677431375,0.9403502205675309,0.9440858194610426,2.124985062402223,2.232116950380687
lgb_tweedie,dead13,0.9,4,13,0.95,26,erratic,1777,0.9126391620228219,0.9238502071929197,0.08846165275012628,3.4937732277412312,0.45063800906827367,0.022582781727714656,0.04727068092290377,0.901522623363353,0.9227355309718167,3.2196973980029866,3.7947564969585703
lgb_tweedie,dead13,0.9,4,13,0.95,26,intermittent,10285,0.8921253899468116,0.9228930039333539,0.11528270594220998,2.7534284773993427,0.2698337343651774,0.03252299282084026,0.10043753038405445,0.8868166838655483,0.8974981888992475,2.6631108804389174,2.8287261685122567
lgb_tweedie,dead13,0.9,4,13,0.95,26,lumpy,2217,0.8809685973228718,0.9215155615696887,0.1139523114934659,3.857030639859061,0.5171052870557039,0.024818830708875934,0.09968425800631484,0.8704903481285926,0.8895764622959318,3.6326904780240343,4.13005505265817
lgb_tweedie,dead26,0.9,4,13,0.95,26,all,30381,0.9389510001448531,0.9303601832485016,0.08649229214051049,2.484071156034084,0.18132223120745136,0.0016643034826462648,0.009545439583950495,0.9370472384998358,0.9407945630865951,2.4374377959061166,2.5294349526174984
lgb_tweedie,dead26,0.9,4,13,0.95,26,smooth,16102,0.9478740525845988,0.9259691060399047,0.0820646816766542,2.1982645068700517,0.09443444026295138,0.00033241304570504656,0.0034157247546888585,0.9462843363846253,0.949398342172735,2.145795889077841,2.2542383141906486
lgb_tweedie,dead26,0.9,4,13,0.95,26,erratic,1777,0.9292241270048939,0.9313961221670845,0.07969571806376846,3.5509548671444744,0.49078126980362974,0.001122290863448479,0.0061902082160945416,0.9214762729979669,0.935556706712422,3.293669129630242,3.864386018231403
lgb_tweedie,dead26,0.9,4,13,0.95,26,intermittent,10285,0.9121385540387946,0.9358377160030052,0.09592906086255543,2.939524003775808,0.3420454791788602,0.007727992022717912,0.017403986387943608,0.9080659669189177,0.9170039065998737,2.8172512022258167,3.0383907316431324
lgb_tweedie,dead26,0.9,4,13,0.95,26,lumpy,2217,0.8986042245591093,0.9360109894615984,0.09290626023278659,3.9573957027915507,0.5596995949799306,0.0026153762327684846,0.02029769959404601,0.8885744367589927,0.9069017461307656,3.724957867987661,4.228066295773315
lgb_tweedie,none,0.9,2,8,0.95,26,all,30381,0.9495073487169553,0.9306803594351734,0.08609463497301878,1.5818387523149922,0.19291827497773392,0.0,0.0,0.9480925224411754,0.9509165148028671,1.5545236339563098,1.6081084285561476
lgb_tweedie,none,0.9,2,8,0.95,26,smooth,16102,0.9564137044157862,0.9250403676561918,0.08309420618653482,1.3979196010344555,0.12077100315719591,0.0,0.0,0.9550650639980822,0.9577284751652954,1.3678781710986805,1.431324803253142
lgb_tweedie,none,0.9,2,8,0.95,26,erratic,1777,0.9378753746080158,0.9275592162480176,0.08415297298903515,2.1384179174042983,0.3668570540784745,0.0,0.0,0.9323164263489632,0.9434155238611566,1.9961563518914482,2.2921426899872546
lgb_tweedie,none,0.9,2,8,0.95,26,intermittent,10285,0.9310609509282852,0.9385645467803951,0.09185217488981835,1.9349510583496405,0.3680041620602198,0.0,0.0,0.9278978044902951,0.9341967526488861,1.8567547939442253,2.0056156755679275
lgb_tweedie,none,0.9,2,8,0.95,26,lumpy,2217,0.9167665595088904,0.9375691967031615,0.09064388414252969,2.5420185619063185,0.49967065632624397,0.0,0.0,0.909631797670738,0.9233456610284355,2.397765600066443,2.6917560069740736
lgb_tweedie,quantile,0.9,2,8,0.95,26,all,30381,0.9495003678443875,0.9306743748335533,0.08610206781727096,1.580404817627084,0.19171523793854622,0.00019752696243037176,0.0030611237286461935,0.9480850743424183,0.9509067730207232,1.5531904164832862,1.6068340043993459
lgb_tweedie,quantile,0.9,2,8,0.95,26,smooth,16102,0.9564134860103686,0.9250403676561918,0.08309420618653482,1.3975705891770067,0.12075562741579142,7.076335532748692e-05,0.0015526021612222085,0.955064845475802,0.9577282661506098,1.3675259404166449,1.4309555104272882
lgb_tweedie,quantile,0.9,2,8,0.95,26,erratic,1777,0.9378753746080158,0.9275592162480176,0.08415297298903515,2.127973866363573,0.3548971267445933,0.0013021844809047013,0.005064715813168261,0.9323164263489632,0.9434155238611566,1.9911560200670435,2.2804314330747433
lgb_tweedie,quantile,0.9,2,8,0.95,26,intermittent,10285,0.9310343468501757,0.9385557077827374,0.0918653900793572,1.9333094881966573,0.36721365965041586,0.00020593527129262319,0.004861448711716091,0.9278649744255673,0.9341834904392554,1.8551933517682475,2.0028847782489865
lgb_tweedie,quantile,0.9,2,8,0.95,26,lumpy,2217,0.9166939101690913,0.9375281912494362,0.09070342035543119,2.538999073720918,0.49576817595670103,0.00034054378030839647,0.0040595399188092015,0.9095863511559443,0.9233433325624294,2.3951439207505345,2.688742109429835
lgb_tweedie,fixed,0.9,2,8,0.95,26,all,30381,0.9475293819373413,0.9278915350802386,0.08955834039453538,1.5633538777239882,0.1862508435882087,0.005152201267440877,0.059543793818504984,0.9460219592000503,0.948975294024378,1.5359643989510032,1.5882368299790453
lgb_tweedie,fixed,0.9,2,8,0.95,26,smooth,16102,0.9554988041211355,0.9237474734928467,0.08452740444041118,1.390468044994137,0.11769617520424365,0.002099312874715445,0.02540057135759533,0.9540350689130727,0.9568320322310113,1.3601348351558746,1.4228325678323974
lgb_tweedie,fixed,0.9,2,8,0.95,26,erratic,1777,0.937296853088242,0.9262035094899473,0.08572786972929605,2.1188687962255046,0.3629863430762081,0.004063960357988299,0.031513787281935844,0.9316252841380007,0.9430865449552098,1.9840215138042467,2.2619435268819204
lgb_tweedie,fixed,0.9,2,8,0.95,26,intermittent,10285,0.9243448992099574,0.9338798780218324,0.09885622534541201,1.8807427858608192,0.34824160181512065,0.0164827043932201,0.10189596499756927,0.9206042120838501,0.9281522502128939,1.8119006149532428,1.944113086509924
lgb_tweedie,fixed,0.9,2,8,0.95,26,lumpy,2217,0.9114132112824425,0.9315618977323984,0.09936593933259906,2.461137143791206,0.47244652705885204,0.018825260175448156,0.13351375732972484,0.9045021361821735,0.9179412899497751,2.3260190747433698,2.6019845034014804
lgb_tweedie,dead13,0.9,2,8,0.95,26,all,30381,0.9431484084324498,0.9238728750923872,0.09454949530987528,1.5421742276656105,0.17315309778071186,0.007355301187367096,0.060103354069977945,0.9415950938937906,0.9445816303275384,1.51603566405528,1.5685073985503675
lgb_tweedie,dead13,0.9,2,8,0.95,26,smooth,16102,0.952870731730223,0.9212012059484423,0.08734999139455196,1.3827751509672848,0.11478151122425483,0.0038133585926479058,0.031176251397341946,0.9513778117355814,0.9543270550570733,1.352149553315233,1.4147787705557933
lgb_tweedie,dead13,0.9,2,8,0.95,26,erratic,1777,0.9284411809198287,0.9226735560444058,0.0898285442605414,2.106893605190748,0.3519408749643961,0.012406526867520615,0.04727068092290377,0.9208264903167594,0.9364060005586557,1.9664396869046241,2.2520079031592934
lgb_tweedie,dead13,0.9,2,8,0.95,26,intermittent,10285,0.9148846861014384,0.9278251646263314,0.10790863017952836,1.789731219984195,0.28800156077258243,0.019308648690192554,0.09946524064171124,0.910620135889965,0.9192905010884458,1.7350410130385039,1.83864791628796
lgb_tweedie,dead13,0.9,2,8,0.95,26,lumpy,2217,0.9039348698668701,0.9259031451183007,0.10758193671300569,2.460923736355546,0.46032619553569815,0.014688788390635501,0.09788001804239964,0.8968394482841014,0.9103142754551878,2.322381418201994,2.6120217765589215
lgb_tweedie,dead26,0.9,2,8,0.95,26,all,30381,0.9482715756162564,0.9291527898716603,0.0879918684683881,1.5727448965458484,0.18885098592396954,0.0009346436431143132,0.009545439583950495,0.9467689867873723,0.9497084465747302,1.5451164681344065,1.5986713004877078
lgb_tweedie,dead26,0.9,2,8,0.95,26,smooth,16102,0.9559581107145111,0.9244136809656621,0.08378890053666703,1.3945076715994986,0.11878945448369213,0.00015834392781613585,0.0034157247546888585,0.9545723281864877,0.9573109922053455,1.3644378875133787,1.4275719389413337
lgb_tweedie,dead26,0.9,2,8,0.95,26,erratic,1777,0.9376934367449068,0.927047628792142,0.08474727364573738,2.134918168846514,0.366338360814809,0.0005458135893274023,0.0061902082160945416,0.9321155669131315,0.9432399960021753,1.9942799715584416,2.287439073002771
lgb_tweedie,dead26,0.9,2,8,0.95,26,intermittent,10285,0.9261342697968827,0.935767004021744,0.09603478237886627,1.900487938499254,0.3540424732464792,0.004515795925043502,0.017403986387943608,0.9225030379132255,0.9298004324132741,1.8302408484815227,1.9663213251264173
lgb_tweedie,dead26,0.9,2,8,0.95,26,lumpy,2217,0.9139786410940991,0.9345757985812113,0.09499002768433899,2.519279318549193,0.48995441253927613,0.0014348244610327104,0.02029769959404601,0.9068802100943255,0.9206220514586233,2.378864168551652,2.66801265363803
lgb_tweedie,none,0.9,2,26,0.95,26,all,30381,0.9495073487169553,0.9306803594351734,0.08609463497301878,1.5818387523149922,,0.0,0.0,0.9480925224411754,0.9509165148028671,1.5545236339563098,1.6081084285561476
lgb_tweedie,none,0.9,2,26,0.95,26,smooth,16102,0.9564137044157862,0.9250403676561918,0.08309420618653482,1.3979196010344555,,0.0,0.0,0.9550650639980822,0.9577284751652954,1.3678781710986805,1.431324803253142
lgb_tweedie,none,0.9,2,26,0.95,26,erratic,1777,0.9378753746080158,0.9275592162480176,0.08415297298903515,2.1384179174042983,,0.0,0.0,0.9323164263489632,0.9434155238611566,1.9961563518914482,2.2921426899872546
lgb_tweedie,none,0.9,2,26,0.95,26,intermittent,10285,0.9310609509282852,0.9385645467803951,0.09185217488981835,1.9349510583496405,,0.0,0.0,0.9278978044902951,0.9341967526488861,1.8567547939442253,2.0056156755679275
lgb_tweedie,none,0.9,2,26,0.95,26,lumpy,2217,0.9167665595088904,0.9375691967031615,0.09064388414252969,2.5420185619063185,,0.0,0.0,0.909631797670738,0.9233456610284355,2.397765600066443,2.6917560069740736
lgb_tweedie,quantile,0.9,2,26,0.95,26,all,30381,0.9495073487169553,0.9306803594351734,0.08609463497301878,1.5818387523149922,,0.0,0.0,0.9480925224411754,0.9509165148028671,1.5545236339563098,1.6081084285561476
lgb_tweedie,quantile,0.9,2,26,0.95,26,smooth,16102,0.9564137044157862,0.9250403676561918,0.08309420618653482,1.3979196010344555,,0.0,0.0,0.9550650639980822,0.9577284751652954,1.3678781710986805,1.431324803253142
lgb_tweedie,quantile,0.9,2,26,0.95,26,erratic,1777,0.9378753746080158,0.9275592162480176,0.08415297298903515,2.1384179174042983,,0.0,0.0,0.9323164263489632,0.9434155238611566,1.9961563518914482,2.2921426899872546
lgb_tweedie,quantile,0.9,2,26,0.95,26,intermittent,10285,0.9310609509282852,0.9385645467803951,0.09185217488981835,1.9349510583496405,,0.0,0.0,0.9278978044902951,0.9341967526488861,1.8567547939442253,2.0056156755679275
lgb_tweedie,quantile,0.9,2,26,0.95,26,lumpy,2217,0.9167665595088904,0.9375691967031615,0.09064388414252969,2.5420185619063185,,0.0,0.0,0.909631797670738,0.9233456610284355,2.397765600066443,2.6917560069740736
lgb_tweedie,fixed,0.9,2,26,0.95,26,all,30381,0.9475293819373413,0.9278915350802386,0.08955834039453538,1.5633538777239882,,0.005152201267440877,0.059543793818504984,0.9460219592000503,0.948975294024378,1.5359643989510032,1.5882368299790453
lgb_tweedie,fixed,0.9,2,26,0.95,26,smooth,16102,0.9554988041211355,0.9237474734928467,0.08452740444041118,1.390468044994137,,0.002099312874715445,0.02540057135759533,0.9540350689130727,0.9568320322310113,1.3601348351558746,1.4228325678323974
lgb_tweedie,fixed,0.9,2,26,0.95,26,erratic,1777,0.937296853088242,0.9262035094899473,0.08572786972929605,2.1188687962255046,,0.004063960357988299,0.031513787281935844,0.9316252841380007,0.9430865449552098,1.9840215138042467,2.2619435268819204
lgb_tweedie,fixed,0.9,2,26,0.95,26,intermittent,10285,0.9243448992099574,0.9338798780218324,0.09885622534541201,1.8807427858608192,,0.0164827043932201,0.10189596499756927,0.9206042120838501,0.9281522502128939,1.8119006149532428,1.944113086509924
lgb_tweedie,fixed,0.9,2,26,0.95,26,lumpy,2217,0.9114132112824425,0.9315618977323984,0.09936593933259906,2.461137143791206,,0.018825260175448156,0.13351375732972484,0.9045021361821735,0.9179412899497751,2.3260190747433698,2.6019845034014804
lgb_tweedie,dead13,0.9,2,26,0.95,26,all,30381,0.9431484084324498,0.9238728750923872,0.09454949530987528,1.5421742276656105,,0.007355301187367096,0.060103354069977945,0.9415950938937906,0.9445816303275384,1.51603566405528,1.5685073985503675
lgb_tweedie,dead13,0.9,2,26,0.95,26,smooth,16102,0.952870731730223,0.9212012059484423,0.08734999139455196,1.3827751509672848,,0.0038133585926479058,0.031176251397341946,0.9513778117355814,0.9543270550570733,1.352149553315233,1.4147787705557933
lgb_tweedie,dead13,0.9,2,26,0.95,26,erratic,1777,0.9284411809198287,0.9226735560444058,0.0898285442605414,2.106893605190748,,0.012406526867520615,0.04727068092290377,0.9208264903167594,0.9364060005586557,1.9664396869046241,2.2520079031592934
lgb_tweedie,dead13,0.9,2,26,0.95,26,intermittent,10285,0.9148846861014384,0.9278251646263314,0.10790863017952836,1.789731219984195,,0.019308648690192554,0.09946524064171124,0.910620135889965,0.9192905010884458,1.7350410130385039,1.83864791628796
lgb_tweedie,dead13,0.9,2,26,0.95,26,lumpy,2217,0.9039348698668701,0.9259031451183007,0.10758193671300569,2.460923736355546,,0.014688788390635501,0.09788001804239964,0.8968394482841014,0.9103142754551878,2.322381418201994,2.6120217765589215
lgb_tweedie,dead26,0.9,2,26,0.95,26,all,30381,0.9482715756162564,0.9291527898716603,0.0879918684683881,1.5727448965458484,,0.0009346436431143132,0.009545439583950495,0.9467689867873723,0.9497084465747302,1.5451164681344065,1.5986713004877078
lgb_tweedie,dead26,0.9,2,26,0.95,26,smooth,16102,0.9559581107145111,0.9244136809656621,0.08378890053666703,1.3945076715994986,,0.00015834392781613585,0.0034157247546888585,0.9545723281864877,0.9573109922053455,1.3644378875133787,1.4275719389413337
lgb_tweedie,dead26,0.9,2,26,0.95,26,erratic,1777,0.9376934367449068,0.927047628792142,0.08474727364573738,2.134918168846514,,0.0005458135893274023,0.0061902082160945416,0.9321155669131315,0.9432399960021753,1.9942799715584416,2.287439073002771
lgb_tweedie,dead26,0.9,2,26,0.95,26,intermittent,10285,0.9261342697968827,0.935767004021744,0.09603478237886627,1.900487938499254,,0.004515795925043502,0.017403986387943608,0.9225030379132255,0.9298004324132741,1.8302408484815227,1.9663213251264173
lgb_tweedie,dead26,0.9,2,26,0.95,26,lumpy,2217,0.9139786410940991,0.9345757985812113,0.09499002768433899,2.519279318549193,,0.0014348244610327104,0.02029769959404601,0.9068802100943255,0.9206220514586233,2.378864168551652,2.66801265363803
lgb_tweedie,none,0.9,2,13,0.9,26,all,30381,0.9495073487169553,0.9306803594351734,0.08609463497301878,1.5818387523149922,0.0798220892894852,0.0,0.0,0.9480925224411754,0.9509165148028671,1.5545236339563098,1.6081084285561476
lgb_tweedie,none,0.9,2,13,0.9,26,smooth,16102,0.9564137044157862,0.9250403676561918,0.08309420618653482,1.3979196010344555,0.03865365290705255,0.0,0.0,0.9550650639980822,0.9577284751652954,1.3678781710986805,1.431324803253142
lgb_tweedie,none,0.9,2,13,0.9,26,erratic,1777,0.9378753746080158,0.9275592162480176,0.08415297298903515,2.1384179174042983,0.1821018116104976,0.0,0.0,0.9323164263489632,0.9434155238611566,1.9961563518914482,2.2921426899872546
lgb_tweedie,none,0.9,2,13,0.9,26,intermittent,10285,0.9310609509282852,0.9385645467803951,0.09185217488981835,1.9349510583496405,0.18035594285838155,0.0,0.0,0.9278978044902951,0.9341967526488861,1.8567547939442253,2.0056156755679275
lgb_tweedie,none,0.9,2,13,0.9,26,lumpy,2217,0.9167665595088904,0.9375691967031615,0.09064388414252969,2.5420185619063185,0.24524691694364228,0.0,0.0,0.909631797670738,0.9233456610284355,2.397765600066443,2.6917560069740736
lgb_tweedie,quantile,0.9,2,13,0.9,26,all,30381,0.9495073487169553,0.9306803594351734,0.08609463497301878,1.581480665283502,0.07953273212154906,2.9192739829066988e-05,0.00019749185346104473,0.9480925224411754,0.9509165148028671,1.5542600327115759,1.6077835666092317
lgb_tweedie,quantile,0.9,2,13,0.9,26,smooth,16102,0.9564137044157862,0.9250403676561918,0.08309420618653482,1.3979196010344555,0.03865365290705255,0.0,0.0,0.9550650639980822,0.9577284751652954,1.3678781710986805,1.431324803253142
lgb_tweedie,quantile,0.9,2,13,0.9,26,erratic,1777,0.9378753746080158,0.9275592162480176,0.08415297298903515,2.135165522570516,0.18032985947855382,0.00020851305659698514,0.0011254924029262803,0.9323164263489632,0.9434155238611566,1.9960981749436104,2.2887566504327883
lgb_tweedie,quantile,0.9,2,13,0.9,26,intermittent,10285,0.9310609509282852,0.9385645467803951,0.09185217488981835,1.9346800908874133,0.1802605623116776,2.364806943073185e-05,0.0002916869227029655,0.9278978044902951,0.9341967526488861,1.8563676179994733,2.0049630131417957
lgb_tweedie,quantile,0.9,2,13,0.9,26,lumpy,2217,0.9167665595088904,0.9375691967031615,0.09064388414252969,2.5402431936649776,0.24134110681269186,0.0002633538567718266,0.0004510599909788002,0.909631797670738,0.9233456610284355,2.396091459921537,2.68991951604825
lgb_tweedie,fixed,0.9,2,13,0.9,26,all,30381,0.9475293819373413,0.9278915350802386,0.08955834039453538,1.5633538777239882,0.07625381627644381,0.005152201267440877,0.059543793818504984,0.9460219592000503,0.948975294024378,1.5359643989510032,1.5882368299790453
lgb_tweedie,fixed,0.9,2,13,0.9,26,smooth,16102,0.9554988041211355,0.9237474734928467,0.08452740444041118,1.390468044994137,0.03686670346069936,0.002099312874715445,0.02540057135759533,0.9540350689130727,0.9568320322310113,1.3601348351558746,1.4228325678323974
lgb_tweedie,fixed,0.9,2,13,0.9,26,erratic,1777,0.937296853088242,0.9262035094899473,0.08572786972929605,2.1188687962255046,0.18020393394633447,0.004063960357988299,0.031513787281935844,0.9316252841380007,0.9430865449552098,1.9840215138042467,2.2619435268819204
lgb_tweedie,fixed,0.9,2,13,0.9,26,intermittent,10285,0.9243448992099574,0.9338798780218324,0.09885622534541201,1.8807427858608192,0.16919208341462358,0.0164827043932201,0.10189596499756927,0.9206042120838501,0.9281522502128939,1.8119006149532428,1.944113086509924
lgb_tweedie,fixed,0.9,2,13,0.9,26,lumpy,2217,0.9114132112824425,0.9315618977323984,0.09936593933259906,2.461137143791206,0.2359369040483845,0.018825260175448156,0.13351375732972484,0.9045021361821735,0.9179412899497751,2.3260190747433698,2.6019845034014804
lgb_tweedie,dead13,0.9,2,13,0.9,26,all,30381,0.9431484084324498,0.9238728750923872,0.09454949530987528,1.5421742276656105,0.06869841789629184,0.007355301187367096,0.060103354069977945,0.9415950938937906,0.9445816303275384,1.51603566405528,1.5685073985503675
lgb_tweedie,dead13,0.9,2,13,0.9,26,smooth,16102,0.952870731730223,0.9212012059484423,0.08734999139455196,1.3827751509672848,0.035986442265292254,0.0038133585926479058,0.031176251397341946,0.9513778117355814,0.9543270550570733,1.352149553315233,1.4147787705557933
lgb_tweedie,dead13,0.9,2,13,0.9,26,erratic,1777,0.9284411809198287,0.9226735560444058,0.0898285442605414,2.106893605190748,0.17011190200704038,0.012406526867520615,0.04727068092290377,0.9208264903167594,0.9364060005586557,1.9664396869046241,2.2520079031592934
lgb_tweedie,dead13,0.9,2,13,0.9,26,intermittent,10285,0.9148846861014384,0.9278251646263314,0.10790863017952836,1.789731219984195,0.13434350003251608,0.019308648690192554,0.09946524064171124,0.910620135889965,0.9192905010884458,1.7350410130385039,1.83864791628796
lgb_tweedie,dead13,0.9,2,13,0.9,26,lumpy,2217,0.9039348698668701,0.9259031451183007,0.10758193671300569,2.460923736355546,0.2210129134201493,0.014688788390635501,0.09788001804239964,0.8968394482841014,0.9103142754551878,2.322381418201994,2.6120217765589215
lgb_tweedie,dead26,0.9,2,13,0.9,26,all,30381,0.9482715756162564,0.9291527898716603,0.0879918684683881,1.5727448965458484,0.07737843484711969,0.0009346436431143132,0.009545439583950495,0.9467689867873723,0.9497084465747302,1.5451164681344065,1.5986713004877078
lgb_tweedie,dead26,0.9,2,13,0.9,26,smooth,16102,0.9559581107145111,0.9244136809656621,0.08378890053666703,1.3945076715994986,0.03741158129672101,0.00015834392781613585,0.0034157247546888585,0.9545723281864877,0.9573109922053455,1.3644378875133787,1.4275719389413337
lgb_tweedie,dead26,0.9,2,13,0.9,26,erratic,1777,0.9376934367449068,0.927047628792142,0.08474727364573738,2.134918168846514,0.18198038341871464,0.0005458135893274023,0.0061902082160945416,0.9321155669131315,0.9432399960021753,1.9942799715584416,2.287439073002771
lgb_tweedie,dead26,0.9,2,13,0.9,26,intermittent,10285,0.9261342697968827,0.935767004021744,0.09603478237886627,1.900487938499254,0.17172617112137173,0.004515795925043502,0.017403986387943608,0.9225030379132255,0.9298004324132741,1.8302408484815227,1.9663213251264173
lgb_tweedie,dead26,0.9,2,13,0.9,26,lumpy,2217,0.9139786410940991,0.9345757985812113,0.09499002768433899,2.519279318549193,0.2411712889809114,0.0014348244610327104,0.02029769959404601,0.9068802100943255,0.9206220514586233,2.378864168551652,2.66801265363803
lgb_tweedie,none,0.9,2,13,0.99,26,all,30381,0.9495073487169553,0.9306803594351734,0.08609463497301878,1.5818387523149922,0.0798220892894852,0.0,0.0,0.9480925224411754,0.9509165148028671,1.5545236339563098,1.6081084285561476
lgb_tweedie,none,0.9,2,13,0.99,26,smooth,16102,0.9564137044157862,0.9250403676561918,0.08309420618653482,1.3979196010344555,0.03865365290705255,0.0,0.0,0.9550650639980822,0.9577284751652954,1.3678781710986805,1.431324803253142
lgb_tweedie,none,0.9,2,13,0.99,26,erratic,1777,0.9378753746080158,0.9275592162480176,0.08415297298903515,2.1384179174042983,0.1821018116104976,0.0,0.0,0.9323164263489632,0.9434155238611566,1.9961563518914482,2.2921426899872546
lgb_tweedie,none,0.9,2,13,0.99,26,intermittent,10285,0.9310609509282852,0.9385645467803951,0.09185217488981835,1.9349510583496405,0.18035594285838155,0.0,0.0,0.9278978044902951,0.9341967526488861,1.8567547939442253,2.0056156755679275
lgb_tweedie,none,0.9,2,13,0.99,26,lumpy,2217,0.9167665595088904,0.9375691967031615,0.09064388414252969,2.5420185619063185,0.24524691694364228,0.0,0.0,0.909631797670738,0.9233456610284355,2.397765600066443,2.6917560069740736
lgb_tweedie,quantile,0.9,2,13,0.99,26,all,30381,0.9495073487169553,0.9306803594351734,0.08609463497301878,1.5818387523149922,0.0798220892894852,0.0,0.0,0.9480925224411754,0.9509165148028671,1.5545236339563098,1.6081084285561476
lgb_tweedie,quantile,0.9,2,13,0.99,26,smooth,16102,0.9564137044157862,0.9250403676561918,0.08309420618653482,1.3979196010344555,0.03865365290705255,0.0,0.0,0.9550650639980822,0.9577284751652954,1.3678781710986805,1.431324803253142
lgb_tweedie,quantile,0.9,2,13,0.99,26,erratic,1777,0.9378753746080158,0.9275592162480176,0.08415297298903515,2.1384179174042983,0.1821018116104976,0.0,0.0,0.9323164263489632,0.9434155238611566,1.9961563518914482,2.2921426899872546
lgb_tweedie,quantile,0.9,2,13,0.99,26,intermittent,10285,0.9310609509282852,0.9385645467803951,0.09185217488981835,1.9349510583496405,0.18035594285838155,0.0,0.0,0.9278978044902951,0.9341967526488861,1.8567547939442253,2.0056156755679275
lgb_tweedie,quantile,0.9,2,13,0.99,26,lumpy,2217,0.9167665595088904,0.9375691967031615,0.09064388414252969,2.5420185619063185,0.24524691694364228,0.0,0.0,0.909631797670738,0.9233456610284355,2.397765600066443,2.6917560069740736
lgb_tweedie,fixed,0.9,2,13,0.99,26,all,30381,0.9475293819373413,0.9278915350802386,0.08955834039453538,1.5633538777239882,0.07625381627644381,0.005152201267440877,0.059543793818504984,0.9460219592000503,0.948975294024378,1.5359643989510032,1.5882368299790453
lgb_tweedie,fixed,0.9,2,13,0.99,26,smooth,16102,0.9554988041211355,0.9237474734928467,0.08452740444041118,1.390468044994137,0.03686670346069936,0.002099312874715445,0.02540057135759533,0.9540350689130727,0.9568320322310113,1.3601348351558746,1.4228325678323974
lgb_tweedie,fixed,0.9,2,13,0.99,26,erratic,1777,0.937296853088242,0.9262035094899473,0.08572786972929605,2.1188687962255046,0.18020393394633447,0.004063960357988299,0.031513787281935844,0.9316252841380007,0.9430865449552098,1.9840215138042467,2.2619435268819204
lgb_tweedie,fixed,0.9,2,13,0.99,26,intermittent,10285,0.9243448992099574,0.9338798780218324,0.09885622534541201,1.8807427858608192,0.16919208341462358,0.0164827043932201,0.10189596499756927,0.9206042120838501,0.9281522502128939,1.8119006149532428,1.944113086509924
lgb_tweedie,fixed,0.9,2,13,0.99,26,lumpy,2217,0.9114132112824425,0.9315618977323984,0.09936593933259906,2.461137143791206,0.2359369040483845,0.018825260175448156,0.13351375732972484,0.9045021361821735,0.9179412899497751,2.3260190747433698,2.6019845034014804
lgb_tweedie,dead13,0.9,2,13,0.99,26,all,30381,0.9431484084324498,0.9238728750923872,0.09454949530987528,1.5421742276656105,0.06869841789629184,0.007355301187367096,0.060103354069977945,0.9415950938937906,0.9445816303275384,1.51603566405528,1.5685073985503675
lgb_tweedie,dead13,0.9,2,13,0.99,26,smooth,16102,0.952870731730223,0.9212012059484423,0.08734999139455196,1.3827751509672848,0.035986442265292254,0.0038133585926479058,0.031176251397341946,0.9513778117355814,0.9543270550570733,1.352149553315233,1.4147787705557933
lgb_tweedie,dead13,0.9,2,13,0.99,26,erratic,1777,0.9284411809198287,0.9226735560444058,0.0898285442605414,2.106893605190748,0.17011190200704038,0.012406526867520615,0.04727068092290377,0.9208264903167594,0.9364060005586557,1.9664396869046241,2.2520079031592934
lgb_tweedie,dead13,0.9,2,13,0.99,26,intermittent,10285,0.9148846861014384,0.9278251646263314,0.10790863017952836,1.789731219984195,0.13434350003251608,0.019308648690192554,0.09946524064171124,0.910620135889965,0.9192905010884458,1.7350410130385039,1.83864791628796
lgb_tweedie,dead13,0.9,2,13,0.99,26,lumpy,2217,0.9039348698668701,0.9259031451183007,0.10758193671300569,2.460923736355546,0.2210129134201493,0.014688788390635501,0.09788001804239964,0.8968394482841014,0.9103142754551878,2.322381418201994,2.6120217765589215
lgb_tweedie,dead26,0.9,2,13,0.99,26,all,30381,0.9482715756162564,0.9291527898716603,0.0879918684683881,1.5727448965458484,0.07737843484711969,0.0009346436431143132,0.009545439583950495,0.9467689867873723,0.9497084465747302,1.5451164681344065,1.5986713004877078
lgb_tweedie,dead26,0.9,2,13,0.99,26,smooth,16102,0.9559581107145111,0.9244136809656621,0.08378890053666703,1.3945076715994986,0.03741158129672101,0.00015834392781613585,0.0034157247546888585,0.9545723281864877,0.9573109922053455,1.3644378875133787,1.4275719389413337
lgb_tweedie,dead26,0.9,2,13,0.99,26,erratic,1777,0.9376934367449068,0.927047628792142,0.08474727364573738,2.134918168846514,0.18198038341871464,0.0005458135893274023,0.0061902082160945416,0.9321155669131315,0.9432399960021753,1.9942799715584416,2.287439073002771
lgb_tweedie,dead26,0.9,2,13,0.99,26,intermittent,10285,0.9261342697968827,0.935767004021744,0.09603478237886627,1.900487938499254,0.17172617112137173,0.004515795925043502,0.017403986387943608,0.9225030379132255,0.9298004324132741,1.8302408484815227,1.9663213251264173
lgb_tweedie,dead26,0.9,2,13,0.99,26,lumpy,2217,0.9139786410940991,0.9345757985812113,0.09499002768433899,2.519279318549193,0.2411712889809114,0.0014348244610327104,0.02029769959404601,0.9068802100943255,0.9206220514586233,2.378864168551652,2.66801265363803
lgb_tweedie,none,0.9,2,13,0.95,13,all,30381,0.9495073487169553,0.9306803594351734,0.08609463497301878,1.5818387523149922,0.0798220892894852,0.0,0.0,0.9480925224411754,0.9509165148028671,1.5545236339563098,1.6081084285561476
lgb_tweedie,none,0.9,2,13,0.95,13,smooth,16102,0.9564137044157862,0.9250403676561918,0.08309420618653482,1.3979196010344555,0.03865365290705255,0.0,0.0,0.9550650639980822,0.9577284751652954,1.3678781710986805,1.431324803253142
lgb_tweedie,none,0.9,2,13,0.95,13,erratic,1777,0.9378753746080158,0.9275592162480176,0.08415297298903515,2.1384179174042983,0.1821018116104976,0.0,0.0,0.9323164263489632,0.9434155238611566,1.9961563518914482,2.2921426899872546
lgb_tweedie,none,0.9,2,13,0.95,13,intermittent,10285,0.9310609509282852,0.9385645467803951,0.09185217488981835,1.9349510583496405,0.18035594285838155,0.0,0.0,0.9278978044902951,0.9341967526488861,1.8567547939442253,2.0056156755679275
lgb_tweedie,none,0.9,2,13,0.95,13,lumpy,2217,0.9167665595088904,0.9375691967031615,0.09064388414252969,2.5420185619063185,0.24524691694364228,0.0,0.0,0.909631797670738,0.9233456610284355,2.397765600066443,2.6917560069740736
lgb_tweedie,quantile,0.9,2,13,0.95,13,all,30381,0.9495073487169553,0.9306803594351734,0.08609463497301878,1.5817283276034648,0.07973203603336032,9.20205929394503e-06,9.874592673052236e-05,0.9480925224411754,0.9509165148028671,1.5545193393021317,1.607998728292071
lgb_tweedie,quantile,0.9,2,13,0.95,13,smooth,16102,0.9564137044157862,0.9250403676561918,0.08309420618653482,1.3979196010344555,0.03865365290705255,0.0,0.0,0.9550650639980822,0.9577284751652954,1.3678781710986805,1.431324803253142
lgb_tweedie,quantile,0.9,2,13,0.95,13,erratic,1777,0.9378753746080158,0.9275592162480176,0.08415297298903515,2.137301759277809,0.1815351467155105,7.154859785190667e-05,0.0005627462014631402,0.9323164263489632,0.9434155238611566,1.9961293461994793,2.2909839657275253
lgb_tweedie,quantile,0.9,2,13,0.95,13,intermittent,10285,0.9310609509282852,0.9385645467803951,0.09185217488981835,1.9349333222975673,0.18035594285838155,1.9706724525609874e-06,9.722897423432182e-05,0.9278978044902951,0.9341967526488861,1.8567212443810022,2.005578748990154
lgb_tweedie,quantile,0.9,2,13,0.95,13,lumpy,2217,0.9167665595088904,0.9375691967031615,0.09064388414252969,2.5414192048529762,0.24392833142628817,9.535225848635101e-05,0.0004510599909788002,0.909631797670738,0.9233456610284355,2.3973842203764244,2.691136015152568
lgb_tweedie,fixed,0.9,2,13,0.95,13,all,30381,0.9440289503131636,0.9241361975636687,0.09422245016277929,1.5452910286109476,0.07210089518584749,0.011319643524915449,0.11480859747868734,0.9423682668457785,0.9456130612280973,1.5189918273757832,1.5694754024800601
lgb_tweedie,fixed,0.9,2,13,0.95,13,smooth,16102,0.9537838847815323,0.9218645905082372,0.08661461674463725,1.3834364825720118,0.03636843334081008,0.0049785514959569885,0.04850329151658179,0.9522467485474719,0.9551624423273576,1.3533014922745612,1.415010884236504
lgb_tweedie,fixed,0.9,2,13,0.95,13,erratic,1777,0.9339320247435494,0.9233641991098378,0.0890262383739934,2.0789099264480413,0.1624349418820961,0.012484208202331258,0.08384918401800788,0.9269736234978561,0.9412427488479023,1.9504698932895304,2.2165362268007622
lgb_tweedie,fixed,0.9,2,13,0.95,13,intermittent,10285,0.9146994428908977,0.9281124320502055,0.10747913651951553,1.8390364594110449,0.15901237779367453,0.032068752820524946,0.191541079241614,0.9104217538640748,0.9191721033671261,1.770955390231057,1.8985582078284717
lgb_tweedie,fixed,0.9,2,13,0.95,13,lumpy,2217,0.8988085508272944,0.9228072333620372,0.11207692078706874,2.371324397464538,0.213820628780036,0.04494723841697089,0.2652232746955345,0.8903706791229532,0.9062458754602115,2.2448416067502004,2.5052581554953557
lgb_tweedie,dead13,0.9,2,13,0.95,13,all,30381,0.9431484084324498,0.9238728750923872,0.09454949530987528,1.5421742276656105,0.06869841789629184,0.007355301187367096,0.060103354069977945,0.9415950938937906,0.9445816303275384,1.51603566405528,1.5685073985503675
lgb_tweedie,dead13,0.9,2,13,0.95,13,smooth,16102,0.952870731730223,0.9212012059484423,0.08734999139455196,1.3827751509672848,0.035986442265292254,0.0038133585926479058,0.031176251397341946,0.9513778117355814,0.9543270550570733,1.352149553315233,1.4147787705557933
lgb_tweedie,dead13,0.9,2,13,0.95,13,erratic,1777,0.9284411809198287,0.9226735560444058,0.0898285442605414,2.106893605190748,0.17011190200704038,0.012406526867520615,0.04727068092290377,0.9208264903167594,0.9364060005586557,1.9664396869046241,2.2520079031592934
lgb_tweedie,dead13,0.9,2,13,0.95,13,intermittent,10285,0.9148846861014384,0.9278251646263314,0.10790863017952836,1.789731219984195,0.13434350003251608,0.019308648690192554,0.09946524064171124,0.910620135889965,0.9192905010884458,1.7350410130385039,1.83864791628796
lgb_tweedie,dead13,0.9,2,13,0.95,13,lumpy,2217,0.9039348698668701,0.9259031451183007,0.10758193671300569,2.460923736355546,0.2210129134201493,0.014688788390635501,0.09788001804239964,0.8968394482841014,0.9103142754551878,2.322381418201994,2.6120217765589215
lgb_tweedie,dead26,0.9,2,13,0.95,13,all,30381,0.9482715756162564,0.9291527898716603,0.0879918684683881,1.5727448965458484,0.07737843484711969,0.0009346436431143132,0.009545439583950495,0.9467689867873723,0.9497084465747302,1.5451164681344065,1.5986713004877078
lgb_tweedie,dead26,0.9,2,13,0.95,13,smooth,16102,0.9559581107145111,0.9244136809656621,0.08378890053666703,1.3945076715994986,0.03741158129672101,0.00015834392781613585,0.0034157247546888585,0.9545723281864877,0.9573109922053455,1.3644378875133787,1.4275719389413337
lgb_tweedie,dead26,0.9,2,13,0.95,13,erratic,1777,0.9376934367449068,0.927047628792142,0.08474727364573738,2.134918168846514,0.18198038341871464,0.0005458135893274023,0.0061902082160945416,0.9321155669131315,0.9432399960021753,1.9942799715584416,2.287439073002771
lgb_tweedie,dead26,0.9,2,13,0.95,13,intermittent,10285,0.9261342697968827,0.935767004021744,0.09603478237886627,1.900487938499254,0.17172617112137173,0.004515795925043502,0.017403986387943608,0.9225030379132255,0.9298004324132741,1.8302408484815227,1.9663213251264173
lgb_tweedie,dead26,0.9,2,13,0.95,13,lumpy,2217,0.9139786410940991,0.9345757985812113,0.09499002768433899,2.519279318549193,0.2411712889809114,0.0014348244610327104,0.02029769959404601,0.9068802100943255,0.9206220514586233,2.378864168551652,2.66801265363803
lgb_tweedie,none,0.9,2,13,0.95,52,all,30381,0.9495073487169553,0.9306803594351734,0.08609463497301878,1.5818387523149922,0.0798220892894852,0.0,0.0,0.9480925224411754,0.9509165148028671,1.5545236339563098,1.6081084285561476
lgb_tweedie,none,0.9,2,13,0.95,52,smooth,16102,0.9564137044157862,0.9250403676561918,0.08309420618653482,1.3979196010344555,0.03865365290705255,0.0,0.0,0.9550650639980822,0.9577284751652954,1.3678781710986805,1.431324803253142
lgb_tweedie,none,0.9,2,13,0.95,52,erratic,1777,0.9378753746080158,0.9275592162480176,0.08415297298903515,2.1384179174042983,0.1821018116104976,0.0,0.0,0.9323164263489632,0.9434155238611566,1.9961563518914482,2.2921426899872546
lgb_tweedie,none,0.9,2,13,0.95,52,intermittent,10285,0.9310609509282852,0.9385645467803951,0.09185217488981835,1.9349510583496405,0.18035594285838155,0.0,0.0,0.9278978044902951,0.9341967526488861,1.8567547939442253,2.0056156755679275
lgb_tweedie,none,0.9,2,13,0.95,52,lumpy,2217,0.9167665595088904,0.9375691967031615,0.09064388414252969,2.5420185619063185,0.24524691694364228,0.0,0.0,0.909631797670738,0.9233456610284355,2.397765600066443,2.6917560069740736
lgb_tweedie,quantile,0.9,2,13,0.95,52,all,30381,0.9495073487169553,0.9306803594351734,0.08609463497301878,1.5817283276034648,0.07973203603336032,9.20205929394503e-06,9.874592673052236e-05,0.9480925224411754,0.9509165148028671,1.5545193393021317,1.607998728292071
lgb_tweedie,quantile,0.9,2,13,0.95,52,smooth,16102,0.9564137044157862,0.9250403676561918,0.08309420618653482,1.3979196010344555,0.03865365290705255,0.0,0.0,0.9550650639980822,0.9577284751652954,1.3678781710986805,1.431324803253142
lgb_tweedie,quantile,0.9,2,13,0.95,52,erratic,1777,0.9378753746080158,0.9275592162480176,0.08415297298903515,2.137301759277809,0.1815351467155105,7.154859785190667e-05,0.0005627462014631402,0.9323164263489632,0.9434155238611566,1.9961293461994793,2.2909839657275253
lgb_tweedie,quantile,0.9,2,13,0.95,52,intermittent,10285,0.9310609509282852,0.9385645467803951,0.09185217488981835,1.9349333222975673,0.18035594285838155,1.9706724525609874e-06,9.722897423432182e-05,0.9278978044902951,0.9341967526488861,1.8567212443810022,2.005578748990154
lgb_tweedie,quantile,0.9,2,13,0.95,52,lumpy,2217,0.9167665595088904,0.9375691967031615,0.09064388414252969,2.5414192048529762,0.24392833142628817,9.535225848635101e-05,0.0004510599909788002,0.909631797670738,0.9233456610284355,2.3973842203764244,2.691136015152568
lgb_tweedie,fixed,0.9,2,13,0.95,52,all,30381,0.9482890277976759,0.928932855762124,0.08826502549465579,1.5689223928463825,0.07699483589951796,0.003568495131713993,0.041736611698100785,0.9467770738648154,0.9497120680933699,1.5410570703301938,1.5942694656324286
lgb_tweedie,fixed,0.9,2,13,0.95,52,smooth,16102,0.9558746798449583,0.9242019624891318,0.08402359457387386,1.3931037615746682,0.03722274797259711,0.0013119613439883143,0.01683020742764874,0.9544641920821045,0.9571920802164368,1.362733988410092,1.4258922292684773
lgb_tweedie,fixed,0.9,2,13,0.95,52,erratic,1777,0.9375850917253025,0.9267150969458229,0.08513356907259383,2.127910494748333,0.18101345522488746,0.002277289657343544,0.016319639842431063,0.9319740419708623,0.9432164481543576,1.9918984774042667,2.2713201963030714
lgb_tweedie,fixed,0.9,2,13,0.95,52,intermittent,10285,0.9267008381269941,0.9355725460732753,0.0963255165487211,1.8925185391010975,0.17099130736381177,0.012688174585813916,0.07544968400583374,0.9233831968137243,0.9303465317206653,1.8229181676614246,1.9568598148374257
lgb_tweedie,fixed,0.9,2,13,0.95,52,lumpy,2217,0.9138424235819756,0.9342682576782713,0.09543654928110024,2.491359269147642,0.23965291777910971,0.011324215841188543,0.08660351826792964,0.9068523059108923,0.9205750916667986,2.35444006189994,2.634709562818913
lgb_tweedie,dead13,0.9,2,13,0.95,52,all,30381,0.9431484084324498,0.9238728750923872,0.09454949530987528,1.5421742276656105,0.06869841789629184,0.007355301187367096,0.060103354069977945,0.9415950938937906,0.9445816303275384,1.51603566405528,1.5685073985503675
lgb_tweedie,dead13,0.9,2,13,0.95,52,smooth,16102,0.952870731730223,0.9212012059484423,0.08734999139455196,1.3827751509672848,0.035986442265292254,0.0038133585926479058,0.031176251397341946,0.9513778117355814,0.9543270550570733,1.352149553315233,1.4147787705557933
lgb_tweedie,dead13,0.9,2,13,0.95,52,erratic,1777,0.9284411809198287,0.9226735560444058,0.0898285442605414,2.106893605190748,0.17011190200704038,0.012406526867520615,0.04727068092290377,0.9208264903167594,0.9364060005586557,1.9664396869046241,2.2520079031592934
lgb_tweedie,dead13,0.9,2,13,0.95,52,intermittent,10285,0.9148846861014384,0.9278251646263314,0.10790863017952836,1.789731219984195,0.13434350003251608,0.019308648690192554,0.09946524064171124,0.910620135889965,0.9192905010884458,1.7350410130385039,1.83864791628796
lgb_tweedie,dead13,0.9,2,13,0.95,52,lumpy,2217,0.9039348698668701,0.9259031451183007,0.10758193671300569,2.460923736355546,0.2210129134201493,0.014688788390635501,0.09788001804239964,0.8968394482841014,0.9103142754551878,2.322381418201994,2.6120217765589215
lgb_tweedie,dead26,0.9,2,13,0.95,52,all,30381,0.9482715756162564,0.9291527898716603,0.0879918684683881,1.5727448965458484,0.07737843484711969,0.0009346436431143132,0.009545439583950495,0.9467689867873723,0.9497084465747302,1.5451164681344065,1.5986713004877078
lgb_tweedie,dead26,0.9,2,13,0.95,52,smooth,16102,0.9559581107145111,0.9244136809656621,0.08378890053666703,1.3945076715994986,0.03741158129672101,0.00015834392781613585,0.0034157247546888585,0.9545723281864877,0.9573109922053455,1.3644378875133787,1.4275719389413337
lgb_tweedie,dead26,0.9,2,13,0.95,52,erratic,1777,0.9376934367449068,0.927047628792142,0.08474727364573738,2.134918168846514,0.18198038341871464,0.0005458135893274023,0.0061902082160945416,0.9321155669131315,0.9432399960021753,1.9942799715584416,2.287439073002771
lgb_tweedie,dead26,0.9,2,13,0.95,52,intermittent,10285,0.9261342697968827,0.935767004021744,0.09603478237886627,1.900487938499254,0.17172617112137173,0.004515795925043502,0.017403986387943608,0.9225030379132255,0.9298004324132741,1.8302408484815227,1.9663213251264173
lgb_tweedie,dead26,0.9,2,13,0.95,52,lumpy,2217,0.9139786410940991,0.9345757985812113,0.09499002768433899,2.519279318549193,0.2411712889809114,0.0014348244610327104,0.02029769959404601,0.9068802100943255,0.9206220514586233,2.378864168551652,2.66801265363803
lgb_conformal,none,0.5,2,13,0.95,26,all,30381,0.8157638256577846,0.7410507763524452,0.3216135961587061,0.6073606637667488,0.02158695224147092,0.0,0.0,0.8133605126418589,0.8181239916213624,0.5962397350645295,0.6195626580014449
lgb_conformal,none,0.5,2,13,0.95,26,smooth,16102,0.844034070371536,0.7310836598502727,0.2980989782986247,0.5721319928773625,0.012368822976075215,0.0,0.0,0.841554048955142,0.8462360317678588,0.5560185358539548,0.5855771949493946
lgb_conformal,none,0.5,2,13,0.95,26,erratic,1777,0.7696196476538193,0.7136645009464369,0.3326300775562357,0.7640347685300647,0.07296485124024384,0.0,0.0,0.7626408054426143,0.7765300096479578,0.6959861290864832,0.8426716996398528
lgb_conformal,none,0.5,2,13,0.95,26,intermittent,10285,0.7365329171273114,0.76103769832501,0.3572726491829709,0.6498854053968836,0.033985822982376276,0.0,0.0,0.7333344331492468,0.7410013185332436,0.6228569721231478,0.6757160798158199
lgb_conformal,none,0.5,2,13,0.95,26,lumpy,2217,0.6956355909115676,0.7426702751465946,0.37361950406334654,0.7957963275758733,0.041974972302439205,0.0,0.0,0.6894842161368827,0.7022152776697798,0.7369323330158899,0.8560088295443959
lgb_conformal,quantile,0.5,2,13,0.95,26,all,30381,0.815763032376811,0.7410507763524452,0.3216135961587061,0.6073571733304648,0.02158695224147092,0.0,0.0,0.8133589445004845,0.8181235201858206,0.596238749394509,0.6195600405652008
lgb_conformal,quantile,0.5,2,13,0.95,26,smooth,16102,0.844034070371536,0.7310836598502727,0.2980989782986247,0.5721319928773625,0.012368822976075215,0.0,0.0,0.841554048955142,0.8462360317678588,0.5560185358539548,0.5855771949493946
lgb_conformal,quantile,0.5,2,13,0.95,26,erratic,1777,0.7696196476538193,0.7136645009464369,0.3326300775562357,0.7640347685300647,0.07296485124024384,0.0,0.0,0.7626408054426143,0.7765300096479578,0.6959861290864832,0.8426716996398528
lgb_conformal,quantile,0.5,2,13,0.95,26,intermittent,10285,0.73652799044618,0.76103769832501,0.3572726491829709,0.6498676693448106,0.033985822982376276,0.0,0.0,0.7333302979548794,0.7409923263417605,0.622836481422343,0.6757014717943888
lgb_conformal,quantile,0.5,2,13,0.95,26,lumpy,2217,0.6956355909115676,0.7426702751465946,0.37361950406334654,0.7957781652409234,0.041974972302439205,0.0,0.0,0.6894842161368827,0.7022152776697798,0.7369148509300671,0.8559891316793414
lgb_conformal,fixed,0.5,2,13,0.95,26,all,30381,0.8150187761673645,0.7397745600569734,0.3231986501954838,0.6020531380846739,0.0207600678858126,0.0015995717551992032,0.04446858233764524,0.8125891431169985,0.8173687704841289,0.5905578279275178,0.6139688969395073
lgb_conformal,fixed,0.5,2,13,0.95,26,smooth,16102,0.843619755294202,0.7305106085071307,0.2987342168259978,0.5694781486471641,0.011871994331942599,0.0007657293943770651,0.019500683144950938,0.8410972337954391,0.8458727531313402,0.5535298299594811,0.5829622078684206
lgb_conformal,fixed,0.5,2,13,0.95,26,erratic,1777,0.7693784266667757,0.7129226991354172,0.3334918135084539,0.7602815335113189,0.07257807996271295,0.0009199105438102286,0.018570624648283626,0.7624261924012722,0.7762701293278741,0.6925893171448644,0.8391489814891184
lgb_conformal,fixed,0.5,2,13,0.95,26,intermittent,10285,0.7344479456725018,0.7589428558801432,0.36040464910367975,0.635747801222211,0.031542780342936415,0.004774939352555272,0.07836655323286339,0.7312444697236338,0.7389615485730763,0.6092853543907719,0.6602951582395873
lgb_conformal,fixed,0.5,2,13,0.95,26,lumpy,2217,0.693070161099911,0.7396563742977815,0.3779954157116066,0.7725576200076283,0.040756279627308885,0.005811947183929966,0.08930987821380243,0.6870677814165745,0.6997557477532557,0.716017087025225,0.8313657782345834
lgb_conformal,dead13,0.5,2,13,0.95,26,all,30381,0.8131369550417528,0.7376679802867223,0.3258150113722517,0.5969991450017667,0.0199244574394445,0.002690491750115859,0.06000460814324742,0.810717373201762,0.8156090078142632,0.5859253806062477,0.6089499321113525
lgb_conformal,dead13,0.5,2,13,0.95,26,smooth,16102,0.8422368121894684,0.7290342249974594,0.3003708165787868,0.566515260750952,0.01170382216033098,0.0018911725116688555,0.031238355483790833,0.8397726690031565,0.8445684653277599,0.5501394455125849,0.5798562114096435
lgb_conformal,dead13,0.5,2,13,0.95,26,erratic,1777,0.7667025091071143,0.7114135161405842,0.33524500044572547,0.7570270944318837,0.07193945762074337,0.0032503505881294743,0.04727068092290377,0.7598751562147927,0.7743248053518801,0.6901649427778904,0.8373175555129707
lgb_conformal,dead13,0.5,2,13,0.95,26,intermittent,10285,0.7307164773835776,0.7558094312105007,0.3650894337952042,0.6190680295837347,0.027996358197307662,0.005657800611302595,0.09956246961594555,0.7272622225071534,0.7353209588861017,0.5934686664216783,0.643866717733152
lgb_conformal,dead13,0.5,2,13,0.95,26,lumpy,2217,0.6911040883415972,0.7372575552548488,0.38147828416634416,0.7736064948509781,0.03809913002415591,0.004390744474109591,0.09562471808750564,0.6851041913860804,0.6978928585821708,0.7150028359268137,0.8329773171733998
lgb_conformal,dead26,0.5,2,13,0.95,26,all,30381,0.8152916648222884,0.7403206549548014,0.3225204031574722,0.6046306666241468,0.020903873860709698,0.00017007944074325985,0.009512524275040322,0.8128285887939588,0.8176268652140092,0.5931467404527322,0.6166580061658036
lgb_conformal,dead26,0.5,2,13,0.95,26,smooth,16102,0.8438230907380596,0.7308380664174976,0.2983712233817846,0.5708768169419702,0.011935899757155016,4.739397563600204e-05,0.0034157247546888585,0.8413178710331148,0.8460510809274818,0.5547684825815419,0.5844796598106836
lgb_conformal,dead26,0.5,2,13,0.95,26,erratic,1777,0.7695317450907441,0.7133831278457052,0.33295694291742195,0.7628777254905167,0.0729378671976254,0.0002023803196382503,0.0061902082160945416,0.7625317374557002,0.7764449483370001,0.6939386469699511,0.8417538287973318
lgb_conformal,dead26,0.5,2,13,0.95,26,intermittent,10285,0.7348982443279121,0.7596455561939276,0.35935404153534073,0.6408341068222709,0.031932973488543494,0.0006582045991553698,0.017306757413709285,0.731678059041104,0.739411521983773,0.6139543616254923,0.6661207075719333
lgb_conformal,dead26,0.5,2,13,0.95,26,lumpy,2217,0.6942370911204344,0.7411325706318941,0.3758521120471527,0.7880410105523166,0.040946076027534105,0.00039957136889518516,0.02029769959404601,0.6881747114147683,0.7006817292627652,0.7293075408349988,0.8491596633781369
lgb_conformal,none,0.8,2,13,0.95,26,all,30381,0.9370609288971158,0.9055809402407605,0.11726798376666815,1.368301475962714,0.049709048337306876,0.0,0.0,0.9352493380920827,0.9388565641708756,1.3512036349657197,1.3870251282954282
lgb_conformal,none,0.8,2,13,0.95,26,smooth,16102,0.9471113808660692,0.8998091710798207,0.11106347691392987,1.2359599715286698,0.02486497631065637,0.0,0.0,0.9453353362170606,0.9489680592358012,1.2113754049371448,1.2545352985055007
lgb_conformal,none,0.8,2,13,0.95,26,erratic,1777,0.9179766874225742,0.8970174451322454,0.11963272219415802,1.6749097465544238,0.11088642580001552,0.0,0.0,0.9111393665919275,0.9248175924497322,1.582749221417863,1.8081139553594525
lgb_conformal,none,0.8,2,13,0.95,26,intermittent,10285,0.9122508823685906,0.9162549166924471,0.1252073132858908,1.6933219822600065,0.11588519650560361,0.0,0.0,0.9083834460240175,0.9166049931244528,1.6362843993363212,1.753770592351547
lgb_conformal,none,0.8,2,13,0.95,26,lumpy,2217,0.8848326340834378,0.9048468446303358,0.13815378203792456,1.9408725185709876,0.12537550627508673,0.0,0.0,0.8765408787927474,0.8925627010337763,1.831529170322487,2.06129844113626
lgb_conformal,quantile,0.8,2,13,0.95,26,all,30381,0.9370580730856107,0.9055809402407605,0.11726798376666815,1.368285293030852,0.049709048337306876,1.5865619472319017e-07,3.291530891017412e-05,0.9352462808731075,0.9388532803541133,1.3511904249580478,1.3870044649649205
lgb_conformal,quantile,0.8,2,13,0.95,26,smooth,16102,0.9471111624606515,0.8998091710798207,0.11106347691392987,1.235959753123252,0.02486497631065637,2.1840541767742874e-07,6.210408644888833e-05,0.9453353307626968,0.9489680483315058,1.2113749818048525,1.2545352876068623
lgb_conformal,quantile,0.8,2,13,0.95,26,erratic,1777,0.9179766874225742,0.8970174451322454,0.11963272219415802,1.6749097465544238,0.11088642580001552,0.0,0.0,0.9111393665919275,0.9248175924497322,1.582749221417863,1.8081139553594525
lgb_conformal,quantile,0.8,2,13,0.95,26,intermittent,10285,0.9122341316527439,0.9162549166924471,0.1252073132858908,1.693253994060393,0.11588519650560361,0.0,0.0,0.908372482692146,0.9165914916808369,1.63618887556862,1.7536632792315483
lgb_conformal,quantile,0.8,2,13,0.95,26,lumpy,2217,0.8848326340834378,0.9048468446303358,0.13815378203792456,1.9407272198913894,0.12537550627508673,0.0,0.0,0.8765408787927474,0.8925627010337763,1.830971163109623,2.0611519509178504
lgb_conformal,fixed,0.8,2,13,0.95,26,all,30381,0.9355898686596423,0.9034115221534991,0.11996238980808396,1.3560825691261074,0.04701163917710109,0.0035128068073661534,0.05319113919884138,0.9336826976392925,0.9374008221806706,1.3399856913323986,1.3747952308253082
lgb_conformal,fixed,0.8,2,13,0.95,26,smooth,16102,0.9464618431538966,0.8988606723049649,0.11211490620061647,1.2311035086611943,0.023768013259829714,0.001308685262723153,0.022667991553844243,0.9446333524399789,0.9482834278723018,1.2073684074994682,1.249366231651319
lgb_conformal,fixed,0.8,2,13,0.95,26,erratic,1777,0.9175126436593632,0.8959942702204942,0.12082132350756247,1.6657065526250157,0.10990150824444271,0.0023549709921541853,0.027011817670230726,0.9105329686812984,0.924432272371236,1.5741696081733714,1.8001843036068543
lgb_conformal,fixed,0.8,2,13,0.95,26,intermittent,10285,0.9071409286991,0.9125071816855969,0.13081055365036573,1.6546061512569934,0.1055710910233899,0.012104855539855864,0.0935342732134176,0.9028427831371638,0.9117700504903529,1.5976555763142408,1.7116160751118308
lgb_conformal,fixed,0.8,2,13,0.95,26,lumpy,2217,0.8808142174757987,0.9002132283593718,0.14488137409579377,1.8909942062151512,0.12070052125901307,0.012314063095951615,0.10870545782589085,0.872747645637166,0.8886757523452308,1.7782873676200244,2.001793151873126
lgb_conformal,dead13,0.8,2,13,0.95,26,all,30381,0.9320865812239596,0.900009276132511,0.12418796176544916,1.3423841932737073,0.04344720564397201,0.005290073500655329,0.06030084592343899,0.9301158727233563,0.9339622870150616,1.3264804292794614,1.3589834789524242
lgb_conformal,dead13,0.8,2,13,0.95,26,smooth,16102,0.9443684272254583,0.8968225291042332,0.11437422746546086,1.2259163799913555,0.02336343906412405,0.002891032513796124,0.031238355483790833,0.942256485365075,0.946317350591487,1.2021010103733347,1.2435808445368257
lgb_conformal,dead13,0.8,2,13,0.95,26,erratic,1777,0.9110855353266091,0.8931038010947971,0.12417912221793005,1.6592733115553029,0.10790468909067863,0.007582107126649195,0.04727068092290377,0.903368352115544,0.9192247220399962,1.5720729834788907,1.7951302070743267
lgb_conformal,dead13,0.8,2,13,0.95,26,intermittent,10285,0.8992326201469728,0.9071993635921687,0.13874627496844874,1.5967196186354669,0.08795820597862608,0.013860724695087704,0.09985415653864851,0.8941872399827554,0.9039067937879224,1.5416114449576903,1.64531088637958
lgb_conformal,dead13,0.8,2,13,0.95,26,lumpy,2217,0.8747934034399463,0.8953335793660557,0.15196618343107196,1.8878385005176268,0.11269910459688698,0.010579560108247517,0.09833107803337844,0.8664463211992371,0.8824343078912777,1.7807594818866657,2.002287024664648
lgb_conformal,dead26,0.8,2,13,0.95,26,all,30381,0.9361434201230315,0.904361577660679,0.11878242578305014,1.361587463114418,0.04754846827756647,0.0005602150235675845,0.009545439583950495,0.9342752148809801,0.9379189819527158,1.3452011006080165,1.3812042828748032
lgb_conformal,dead26,0.8,2,13,0.95,26,smooth,16102,0.9467962218483607,0.8993631508225969,0.11155789901897892,1.2336411612091884,0.024047179064705004,0.00010396097881445608,0.0034157247546888585,0.9449906261465106,0.9486667780551963,1.2094248479832421,1.2523207936850775
lgb_conformal,dead26,0.8,2,13,0.95,26,erratic,1777,0.9178090592790354,0.8965825957947511,0.12013787775235492,1.6726017932122865,0.11081896569346944,0.0003659199718711798,0.0061902082160945416,0.9108881430824047,0.9246686591249975,1.5796980530914686,1.804768444895298
lgb_conformal,dead26,0.8,2,13,0.95,26,intermittent,10285,0.9085154727347613,0.9139435188049675,0.12866308535030163,1.666727757512696,0.10684572196570635,0.0026278917154900767,0.017403986387943608,0.9042834092622383,0.9130791796567634,1.6096181770068894,1.7237462091744253
lgb_conformal,dead26,0.8,2,13,0.95,26,lumpy,2217,0.8827121814780509,0.9024480255874031,0.14163665049266216,1.9246081476234587,0.12234875315570572,0.0009489820011260648,0.02029769959404601,0.8740617583593923,0.8904360720466976,1.8160506250770814,2.041585330841265
lgb_conformal,none,0.9,2,13,0.95,26,all,30381,0.967339035754284,0.954437731716294,0.05658810150292111,2.0832027989491246,0.08035019229924081,0.0,0.0,0.9659782610876209,0.9686838391179908,2.0589147857560457,2.107889643416787
lgb_conformal,none,0.9,2,13,0.95,26,smooth,16102,0.9727373253329973,0.9508671988798681,0.05446466290113122,1.8239060454838016,0.0370291097292843,0.0,0.0,0.9714320510483554,0.9740774812779436,1.7955091420995057,1.846337084282974
lgb_conformal,none,0.9,2,13,0.95,26,erratic,1777,0.9594115025614398,0.9528572159410651,0.05476480551511009,2.582432161708008,0.15675929825135226,0.0,0.0,0.9540075784189253,0.9639261078257465,2.464252976567976,2.769064616492513
lgb_conformal,none,0.9,2,13,0.95,26,intermittent,10285,0.9529836966267999,0.9597295266716754,0.06020840353902776,2.7461803441188235,0.20016041273763846,0.0,0.0,0.9496043071008701,0.9563652369668468,2.66100743010916,2.839089729141222
lgb_conformal,none,0.9,2,13,0.95,26,lumpy,2217,0.9388701211427741,0.957087792676426,0.06230464680141696,3.309935705334278,0.2591619898654171,0.0,0.0,0.9310692737623695,0.9451759974096966,3.1425203095583725,3.482529386341353
lgb_conformal,quantile,0.9,2,13,0.95,26,all,30381,0.967332213537911,0.954433243265079,0.056593676136110244,2.0831571059650447,0.08034600377570011,3.4904362839101836e-06,0.00019749185346104473,0.9659707485546802,0.968680781119549,2.0588739343274587,2.1078558500465174
lgb_conformal,quantile,0.9,2,13,0.95,26,smooth,16102,0.9727360149004912,0.9508671988798681,0.05446466290113122,1.8239047350512958,0.0370291097292843,1.3104325060645724e-06,6.210408644888833e-05,0.9714294942882818,0.9740774481591538,1.7955091420995057,1.846337084282974
lgb_conformal,quantile,0.9,2,13,0.95,26,erratic,1777,0.9594115025614398,0.9528572159410651,0.05476480551511009,2.5822604450731634,0.15670533016611538,1.2265473917469714e-05,0.0005627462014631402,0.9540075784189253,0.9639261078257465,2.4638956982418896,2.76905589411338
lgb_conformal,quantile,0.9,2,13,0.95,26,intermittent,10285,0.9529570925486904,0.9597206876740177,0.060221618728566614,2.746050279736955,0.20016041273763846,5.912017357682962e-06,0.00019445794846864364,0.9495221092562245,0.9563571682871962,2.660740562652119,2.8389952560204135
lgb_conformal,quantile,0.9,2,13,0.95,26,lumpy,2217,0.9388247153053997,0.9570672899495632,0.06233441490786771,3.3096360268076066,0.2591619898654171,1.8162334949781144e-05,0.0009021199819576004,0.9310430628634822,0.9451563337321499,3.142496743547951,3.48223441175152
lgb_conformal,fixed,0.9,2,13,0.95,26,all,30381,0.9653247367060784,0.9516159920524491,0.0600926875678247,2.063278595359592,0.07573304318288442,0.005436195855995388,0.06020209999670847,0.9639462811377865,0.9667732929654203,2.0408043501572606,2.088662978891998
lgb_conformal,fixed,0.9,2,13,0.95,26,smooth,16102,0.9719058559078994,0.949650523368074,0.05581337130161313,1.817156007645063,0.03541994229292054,0.0017673366398457534,0.02465532232020867,0.9704859277196176,0.9732926443142997,1.788911237327897,1.8390391597813274
lgb_conformal,fixed,0.9,2,13,0.95,26,erratic,1777,0.9587082820568382,0.9513224535734384,0.05654770748521677,2.5648209854081743,0.155081790268573,0.004703809247349635,0.032639279684862126,0.9532262746930334,0.9631993300928524,2.4474801644810054,2.7533975814659817
lgb_conformal,fixed,0.9,2,13,0.95,26,intermittent,10285,0.9457286659926967,0.9548813364564458,0.06745693500109025,2.680863391014916,0.1823285859833951,0.01880415654233694,0.10364608653378707,0.9418977584897679,0.9498588383166893,2.5968232148740373,2.767910140715799
lgb_conformal,fixed,0.9,2,13,0.95,26,lumpy,2217,0.9335031511651138,0.9509779800713495,0.07117554252374006,3.2201638242612476,0.24637570606077122,0.021735774351150584,0.13892647722147045,0.9258812920481512,0.9405244191733786,3.0560139031367406,3.3899217358911944
lgb_conformal,dead13,0.9,2,13,0.95,26,all,30381,0.9608803007232978,0.9476422165767481,0.06502809615127325,2.044201457193686,0.06968935275729395,0.007196486336449182,0.0601691846877983,0.9594322254339807,0.9624004272055848,2.021167333331743,2.0666115801431175
lgb_conformal,dead13,0.9,2,13,0.95,26,smooth,16102,0.969388078252914,0.9472933909960366,0.05842629824918248,1.810474767512893,0.0348447934660088,0.0035665604706724115,0.031238355483790833,0.9679429615422167,0.9708812230671394,1.781994661916214,1.8327231820825087
lgb_conformal,dead13,0.9,2,13,0.95,26,erratic,1777,0.9498362559232018,0.947894817619072,0.06052952188512168,2.5581240366492355,0.15010323440547205,0.01080792676694373,0.04727068092290377,0.942983127697212,0.9568226610376414,2.4407373669885306,2.7487549420801627
lgb_conformal,dead13,0.9,2,13,0.95,26,intermittent,10285,0.9356368523631319,0.9487382330843682,0.07664149173059515,2.594854377159118,0.15231622986711754,0.019910689124449935,0.09956246961594555,0.9314180735130799,0.9400323938670934,2.5157028405607376,2.66947050890004
lgb_conformal,dead13,0.9,2,13,0.95,26,lumpy,2217,0.9248624203127555,0.9448886701931357,0.08001667013961242,3.2243139177972724,0.23472820065747654,0.016050963511869087,0.09788001804239964,0.9170280659911718,0.9316228218419107,3.0709499026541778,3.3948642850839437
lgb_conformal,dead26,0.9,2,13,0.95,26,all,30381,0.9660964404372121,0.952941581311286,0.058446312565966496,2.0730535621726824,0.0769072259487918,0.0008642002926572168,0.009545439583950495,0.9646874105177319,0.9674857794819687,2.0504374411244695,2.0981990257753576
lgb_conformal,dead26,0.9,2,13,0.95,26,smooth,16102,0.9723476900678607,0.950313907927869,0.0550779966516984,1.8208040333365292,0.03590668060675646,0.0001437107648317481,0.0034157247546888585,0.9709949416665594,0.9737198803962341,1.792801253264928,1.8429804640523981
lgb_conformal,dead26,0.9,2,13,0.95,26,erratic,1777,0.9592213877157191,0.9523456284851896,0.05535910617181232,2.5790468909067865,0.15665136208087851,0.0005049286762691699,0.0061902082160945416,0.9537523037544414,0.9637890143414604,2.4594511431039856,2.7642275207240146
lgb_conformal,dead26,0.9,2,13,0.95,26,intermittent,10285,0.9477091918075204,0.9569187254165378,0.06441083381238395,2.704274979751341,0.18522468621967872,0.004159104211129964,0.017403986387943608,0.9440124171136804,0.9516489769062286,2.6206840721695728,2.7939592005198297
lgb_conformal,dead26,0.9,2,13,0.95,26,lumpy,2217,0.936136689732832,0.9540533891007504,0.06671032655612777,3.2845901669118582,0.25302856935287604,0.0014575273797199368,0.02029769959404601,0.9282830747210861,0.9429297736928218,3.1212325765380826,3.4559079670334465
lgb_conformal,none,0.95,2,13,0.95,26,all,30381,0.9816103191258297,0.9770610219904187,0.028490092018611843,2.9175839771205077,0.12985086159039824,0.0,0.0,0.9805494926596152,0.9827033251502001,2.882520298549015,2.951504708094104
lgb_conformal,none,0.95,2,13,0.95,26,smooth,16102,0.984841571986098,0.9751753028985671,0.027518658175957944,2.471129533850765,0.053156340494919775,0.0,0.0,0.9837308183582503,0.9858453331523338,2.4359183179319297,2.4969659537980626
lgb_conformal,none,0.95,2,13,0.95,26,erratic,1777,0.9791446058489957,0.9789481761907198,0.024455472023296586,3.6963743259099955,0.2341945058853832,0.0,0.0,0.9743136942701958,0.9827906233705639,3.5435552607106433,3.91130809520435
lgb_conformal,none,0.95,2,13,0.95,26,intermittent,10285,0.9720696593298531,0.9790957705396208,0.03125392325939435,4.058306285853922,0.33465565454900176,0.0,0.0,0.9689347622562724,0.9748938540531037,3.9356747729264754,4.188108173138492
lgb_conformal,none,0.95,2,13,0.95,26,lumpy,2217,0.9638751157848853,0.9798048140402673,0.029321584853987438,5.212798997439111,0.5487713180406474,0.0,0.0,0.9571844452127244,0.9697057877320368,4.9710070062031075,5.470093391321003
lgb_conformal,quantile,0.95,2,13,0.95,26,all,30381,0.9815966746930835,0.9770535412383936,0.02849938307392707,2.917466730192607,0.129829220885438,1.4120401330363924e-05,0.00039498370692208945,0.9805301613709396,0.9826962298808207,2.8824215691941166,2.951330310357645
lgb_conformal,quantile,0.95,2,13,0.95,26,smooth,16102,0.9848389511210859,0.9751753028985671,0.027518658175957944,2.4711247289315756,0.053156340494919775,4.804919188903432e-06,0.00012420817289777666,0.9837308183582503,0.9858452669147542,2.435914020400745,2.496963429371294
lgb_conformal,quantile,0.95,2,13,0.95,26,erratic,1777,0.9791446058489957,0.9789481761907198,0.024455472023296586,3.695732432774981,0.2339156707783261,4.2929158711144e-05,0.0005627462014631402,0.9743136942701958,0.9827906233705639,3.5423127784803605,3.9100199550496395
lgb_conformal,quantile,0.95,2,13,0.95,26,intermittent,10285,0.9720243338634442,0.9790825120431343,0.03127374604370263,4.058048127762636,0.33465565454900176,3.15307592409758e-05,0.0006806028196402528,0.9688603147284609,0.9748755907677208,3.935455491716115,4.1878948252700665
lgb_conformal,quantile,0.95,2,13,0.95,26,lumpy,2217,0.9637479794402368,0.979763808586542,0.029381121066888935,5.212158775132131,0.5487713180406474,6.356817232423401e-05,0.0009021199819576004,0.9571248371420122,0.9695941176203643,4.970336550900912,5.469491871944558
lgb_conformal,fixed,0.95,2,13,0.95,26,all,30381,0.9790602381080439,0.9735540454410802,0.03284573875039022,2.884954585457541,0.12211814904702363,0.008364671898196032,0.07198578058655081,0.9778488456134409,0.9802756482258286,2.8533208578046074,2.9174179141261445
lgb_conformal,fixed,0.95,2,13,0.95,26,smooth,16102,0.9838323205510107,0.973735617258161,0.029114577628964373,2.46166995840032,0.05093406537005194,0.0024140350815886197,0.027450006210408644,0.9826992939525936,0.9848744529310636,2.425746620094045,2.4871925308953236
lgb_conformal,fixed,0.95,2,13,0.95,26,erratic,1777,0.9781040848116637,0.9768506676216299,0.02689210471577571,3.6619819370454105,0.23145562555961224,0.008984459644546566,0.04220596510973551,0.9731663958985143,0.9818242633560061,3.519137614107322,3.8748259818575934
lgb_conformal,fixed,0.95,2,13,0.95,26,intermittent,10285,0.9628853403646926,0.9730101206523181,0.040352581256896676,3.951716554239803,0.3056317877349288,0.028003255550891632,0.12182790471560526,0.9596180400065573,0.966376812618712,3.8364309050337124,4.075712307823369
lgb_conformal,fixed,0.95,2,13,0.95,26,lumpy,2217,0.956510288962749,0.972116291466765,0.04048462477301819,5.043212735429267,0.5134991554514249,0.04020232841134056,0.1880920162381597,0.9493343941286227,0.962848886619019,4.798026080103736,5.295313355682935
lgb_conformal,dead13,0.95,2,13,0.95,26,all,30381,0.9739952977477008,0.9692301707706072,0.038215968722591385,2.8613162403495385,0.11315121823365835,0.009390701509470903,0.060235015305618644,0.9727346249907223,0.9753626249404361,2.8293319317397154,2.8903246838025423
lgb_conformal,dead13,0.95,2,13,0.95,26,smooth,16102,0.9809921764995334,0.9711103081491853,0.03202478369032904,2.453551173808997,0.05010713877764166,0.00427419402394728,0.031176251397341946,0.9798659690534034,0.9822535570064727,2.4199242934441956,2.4788968724943814
lgb_conformal,dead13,0.95,2,13,0.95,26,erratic,1777,0.9672430076577442,0.9731672379393257,0.031171069444031734,3.658435170837609,0.22206967606883382,0.014477347713920086,0.04727068092290377,0.9604820170127771,0.9736424503102209,3.521361793391046,3.8795669016820007
lgb_conformal,dead13,0.95,2,13,0.95,26,intermittent,10285,0.9515086482960581,0.9663543554160958,0.05030361897965521,3.835786820536771,0.25981444148186683,0.027070142144604004,0.09985415653864851,0.9477844824863261,0.9555086852398764,3.7267148197852045,3.9467220108089416
lgb_conformal,dead13,0.95,2,13,0.95,26,lumpy,2217,0.9471521458798743,0.9657604461393365,0.04971273777275027,5.077594035489203,0.5060471494215296,0.022993516046422927,0.09788001804239964,0.9400318923954287,0.9533123843295096,4.837569647151875,5.330422700798412
lgb_conformal,dead26,0.95,2,13,0.95,26,all,30381,0.9800794455029457,0.9752521761507641,0.03073666919383371,2.9030217182878393,0.12475796600854491,0.001223080605121073,0.009545439583950495,0.9789061932902171,0.9812508868865424,2.87049301188237,2.9355018326031157
lgb_conformal,dead26,0.95,2,13,0.95,26,smooth,16102,0.9843741843922683,0.9745288558168945,0.028235257302896125,2.4671207024092956,0.051669698497873055,0.00018673663211420157,0.0034157247546888585,0.9832513005128891,0.9854016893639792,2.4322546895059687,2.4930075163148393
lgb_conformal,dead26,0.95,2,13,0.95,26,erratic,1777,0.9789360927923987,0.9783598506164629,0.025138917778504147,3.6916357644865463,0.2340236069487998,0.0006889107850312156,0.0061902082160945416,0.9737911622623902,0.9826206379604417,3.540108763832914,3.9071451776499906
lgb_conformal,dead26,0.95,2,13,0.95,26,intermittent,10285,0.9655102760715039,0.9756176249613294,0.03645410034293417,3.9965227484574557,0.3122022067590124,0.005971137531259792,0.017403986387943608,0.9622531631188203,0.969015147163228,3.881699560190704,4.128436831137997
lgb_conformal,dead26,0.95,2,13,0.95,26,lumpy,2217,0.9604696779818014,0.976319350473613,0.03438216295061471,5.174617228790933,0.5377731161118073,0.0020750467680124957,0.02029769959404601,0.9533262161791363,0.9663803424972116,4.931126725207243,5.433236122408819
lgb_conformal,none,0.99,2,13,0.95,26,all,30381,0.9937576720186161,0.9945510202249612,0.006767604691611292,5.955965766435552,0.618189774068819,0.0,0.0,0.9930699042532106,0.9944721740106107,5.863468936191735,6.027464097742853
lgb_conformal,none,0.99,2,13,0.95,26,smooth,16102,0.994994366232251,0.9940380077009067,0.006608984087744277,4.278936042375893,0.11763451207465271,0.0,0.0,0.9942325359172031,0.9956059650900414,4.228728874093056,4.3160888423882
lgb_conformal,none,0.99,2,13,0.95,26,erratic,1777,0.9940859973261267,0.9971351102470968,0.0033280836775324636,7.932605309314809,0.678590206427926,0.0,0.0,0.9911438579973925,0.9965269437828347,7.630895682474852,8.285085956339492
lgb_conformal,none,0.99,2,13,0.95,26,intermittent,10285,0.989886508973457,0.9947849913819773,0.007796961827925017,10.014557357407067,1.859740738332141,0.0,0.0,0.9875481070623577,0.991717445180557,9.72276262558172,10.300156505095593
lgb_conformal,none,0.99,2,13,0.95,26,lumpy,2217,0.9851568317622914,0.9951203510066838,0.007084809335278183,17.727869194863693,5.1691648958390095,0.0,0.0,0.9796293201097586,0.98915460385939,16.889654899802224,18.550852369549673
lgb_conformal,quantile,0.99,2,13,0.95,26,all,30381,0.9936673966438185,0.9944657396518757,0.006873522722204879,5.950506724087516,0.617949632052486,0.001064583066592606,0.010170830453243804,0.992934513584381,0.9943751428337279,5.859106051352381,6.02243415632744
lgb_conformal,quantile,0.99,2,13,0.95,26,smooth,16102,0.9949744913392423,0.9940323618748659,0.0066152425954031265,4.278846277749227,0.11763451207465271,3.385283974000145e-05,0.0009936653831822133,0.994195169319137,0.995592529353248,4.228630613191253,4.315963096536351
lgb_conformal,quantile,0.99,2,13,0.95,26,erratic,1777,0.9940859973261267,0.9971351102470968,0.0033280836775324636,7.928557702922045,0.6767283074872541,0.0003577429892595333,0.0033764772087788407,0.9911438579973925,0.9965269437828347,7.625039666200511,8.278222707757294
lgb_conformal,quantile,0.99,2,13,0.95,26,intermittent,10285,0.9895396706218063,0.9945993724311663,0.008074480808240992,9.9913428359159,1.859634519086948,0.00470892182539448,0.016237238697131746,0.9871346208654627,0.9913860011137253,9.705208966708875,10.272315660118755
lgb_conformal,quantile,0.99,2,13,0.95,26,lumpy,2217,0.9845847182113733,0.9948538155574691,0.007471794719137915,17.68946947819612,5.166917306888974,0.0072694745636499025,0.05412719891745602,0.9791117186732237,0.9885320710712321,16.86514410243815,18.505949303492322
lgb_conformal,fixed,0.99,2,13,0.95,26,all,30381,0.9888948596503503,0.9878183434024256,0.015129554475315525,5.703767624521711,0.5326929334689526,0.06054780493601634,0.18106711431486786,0.9879295486215536,0.989894781685425,5.633289013342653,5.769569513724726
lgb_conformal,fixed,0.99,2,13,0.95,26,smooth,16102,0.9935454646913789,0.9918784792402976,0.009002863267253924,4.25498155457045,0.11338888547933763,0.005762626945418957,0.03806980499316855,0.9926981033239105,0.9941873808788864,4.204238410306968,4.29263310853799
lgb_conformal,fixed,0.99,2,13,0.95,26,erratic,1777,0.9877713225042827,0.9925308231442165,0.008676789587852495,7.581035941927069,0.6592426478705092,0.10521323526405521,0.12436691052335397,0.9813944623961728,0.9931141365577949,7.315382855556229,7.884199357016608
lgb_conformal,fixed,0.99,2,13,0.95,26,intermittent,10285,0.9745369412404595,0.9845052371061122,0.0231662272616145,9.460339231555983,1.6083934881099478,0.11352255730222824,0.281866796305299,0.9712476734625378,0.9779651944615245,9.205342062847658,9.713651058707518
lgb_conformal,fixed,0.99,2,13,0.95,26,lumpy,2217,0.9608692493506965,0.9699224996924591,0.0436698121632483,14.34302747961278,4.011816415118328,0.8561906318676329,0.7974740640505187,0.9552124389772813,0.9667277822516291,13.731971994560045,14.918246349119263
lgb_conformal,dead13,0.99,2,13,0.95,26,all,30381,0.9847141102631995,0.9852285070513569,0.018346117825447084,5.815175052519167,0.5642747500094004,0.01823752958343071,0.06013626937888812,0.9837489680936016,0.9857984862948056,5.736192689894404,5.885844132443459
lgb_conformal,dead13,0.99,2,13,0.95,26,smooth,16102,0.9904331874894756,0.9891938889578934,0.011978783659036502,4.247160238158004,0.11166007555517019,0.006266706649418463,0.031176251397341946,0.9893649685855522,0.9914287400442141,4.200174993678756,4.284079600804183
lgb_conformal,dead13,0.99,2,13,0.95,26,erratic,1777,0.9807391174582667,0.9905612114390955,0.010964847116156064,7.816109882292335,0.64372682336491,0.02599667196807706,0.04727068092290377,0.9745225238635965,0.9861514216114465,7.529720605914353,8.159867032270697
lgb_conformal,dead13,0.99,2,13,0.95,26,intermittent,10285,0.9650333733379841,0.9794846864365581,0.030672454919684684,9.438102163601284,1.61758687216839,0.05940592108245096,0.09956246961594555,0.9608078994664558,0.9687043212952289,9.196503589188351,9.685231611748522
lgb_conformal,dead13,0.99,2,13,0.95,26,lumpy,2217,0.9653371837483427,0.9788001804239964,0.030780222070074123,17.274337528832707,4.943696761655678,0.06016273452115004,0.09788001804239964,0.9591306842167403,0.9705016496894491,16.473403841048516,18.006464244314948
lgb_conformal,dead26,0.99,2,13,0.95,26,all,30381,0.9917083099513766,0.9920509528981929,0.00987267537796013,5.920242261663094,0.6039861416987033,0.0028304265138617123,0.009545439583950495,0.9908295964367617,0.9925679305590028,5.834239208300926,5.994399473321111
lgb_conformal,dead26,0.99,2,13,0.95,26,smooth,16102,0.994364048196834,0.9931657275776019,0.0075759235210364085,4.272219638971476,0.11500958472175478,0.00030620439558375507,0.0034157247546888585,0.9935852088195748,0.995015251750905,4.222532593272763,4.309528108740061
lgb_conformal,dead26,0.99,2,13,0.95,26,erratic,1777,0.9938386436021244,0.9964188878088709,0.00416010459691558,7.921705391493485,0.6779785681285748,0.001621086802758914,0.0061902082160945416,0.9905540888673396,0.9962186606277267,7.620044056363135,8.27456160250229
lgb_conformal,dead26,0.99,2,13,0.95,26,intermittent,10285,0.9813121131323641,0.9899500596632342,0.015025670505679227,9.853299201286454,1.7946153345906222,0.014178002959950024,0.017403986387943608,0.9782886368651508,0.9842850498337461,9.57590952747833,10.140708551860637
lgb_conformal,dead26,0.99,2,13,0.95,26,lumpy,2217,0.9796718066074575,0.9901996965596425,0.014229154883457863,17.612443015674096,5.118709021231769,0.005702973174231279,0.02029769959404601,0.9738218472819248,0.9846738445358949,16.784839463985303,18.415993328228232
lgb_conformal,none,0.9,1,13,0.95,26,all,30381,0.9712400742701379,0.9520797986780015,0.05951664213828063,1.535892076979351,0.046054910591681306,0.0,0.0,0.9702222950585941,0.9724006267865395,1.518458965158744,1.5526945060323338
lgb_conformal,none,0.9,1,13,0.95,26,smooth,16102,0.9760033599489456,0.9481741398584027,0.057449971054402076,1.344210651151728,0.020263305203443552,0.0,0.0,0.9748512627250201,0.9770855298165539,1.3241956597687567,1.3597118146355305
lgb_conformal,none,0.9,1,13,0.95,26,erratic,1777,0.9616785709905188,0.9482785082109787,0.060083796392595014,1.8403750781923962,0.07923414380859319,0.0,0.0,0.9561699137913925,0.9657957493012604,1.7605528704600664,1.9597656797131278
lgb_conformal,none,0.9,1,13,0.95,26,intermittent,10285,0.9602879940722172,0.9585716179785212,0.06193959336861789,2.0702554582700254,0.12681494006199734,0.0,0.0,0.9575924989532693,0.9633200602719452,2.008280386734424,2.136390062450502
lgb_conformal,none,0.9,1,13,0.95,26,lumpy,2217,0.9439192502588133,0.9533767991142822,0.06769267406900246,2.3821582302620827,0.13640367605659384,0.0,0.0,0.9377720361648726,0.9493945573238601,2.269548385566431,2.5017867532519724
lgb_conformal,quantile,0.9,1,13,0.95,26,all,30381,0.9712400742701379,0.9520797986780015,0.05951664213828063,1.535892076979351,0.046054910591681306,0.0,0.0,0.9702222950585941,0.9724006267865395,1.518458965158744,1.5526945060323338
lgb_conformal,quantile,0.9,1,13,0.95,26,smooth,16102,0.9760033599489456,0.9481741398584027,0.057449971054402076,1.344210651151728,0.020263305203443552,0.0,0.0,0.9748512627250201,0.9770855298165539,1.3241956597687567,1.3597118146355305
lgb_conformal,quantile,0.9,1,13,0.95,26,erratic,1777,0.9616785709905188,0.9482785082109787,0.060083796392595014,1.8403750781923962,0.07923414380859319,0.0,0.0,0.9561699137913925,0.9657957493012604,1.7605528704600664,1.9597656797131278
lgb_conformal,quantile,0.9,1,13,0.95,26,intermittent,10285,0.9602879940722172,0.9585716179785212,0.06193959336861789,2.0702554582700254,0.12681494006199734,0.0,0.0,0.9575924989532693,0.9633200602719452,2.008280386734424,2.136390062450502
lgb_conformal,quantile,0.9,1,13,0.95,26,lumpy,2217,0.9439192502588133,0.9533767991142822,0.06769267406900246,2.3821582302620827,0.13640367605659384,0.0,0.0,0.9377720361648726,0.9493945573238601,2.269548385566431,2.5017867532519724
lgb_conformal,fixed,0.9,1,13,0.95,26,all,30381,0.9701797749208028,0.950459467789378,0.061529084719558785,1.5251834184603146,0.04332818176669067,0.004161076019005108,0.050327507323656234,0.9690852781882534,0.9713208935203056,1.50889856146431,1.5418215231936654
lgb_conformal,fixed,0.9,1,13,0.95,26,smooth,16102,0.9755953786287241,0.9474909949074649,0.058207250481122776,1.3407829965266986,0.019406107620143182,0.0012606360708341186,0.020618556701030927,0.9744318552329931,0.9767143999228558,1.3205263202628819,1.3562492289481416
lgb_conformal,fixed,0.9,1,13,0.95,26,erratic,1777,0.9613208280012593,0.9475111270271653,0.06097524737764835,1.833902996455278,0.07846509859396783,0.00229773211387266,0.020258863252673044,0.9559477846146457,0.965454658142929,1.7529472768736574,1.9528442621207571
lgb_conformal,fixed,0.9,1,13,0.95,26,intermittent,10285,0.9562904850021973,0.9556812657444645,0.06626096034782379,2.031424342928537,0.1152110294595825,0.015822529121612167,0.08935342732134176,0.9533776371651057,0.9594398286868969,1.971701059399301,2.095187245005771
lgb_conformal,fixed,0.9,1,13,0.95,26,lumpy,2217,0.9412720899398827,0.9501578709968426,0.07236626678177001,2.340262264116675,0.13136907680851453,0.014861330572658421,0.10915651781686965,0.934958943295,0.9470939758429094,2.2320322897526856,2.457311222751913
lgb_conformal,dead13,0.9,1,13,0.95,26,all,30381,0.9669937998745665,0.9473444826461515,0.06539788015281928,1.509102026563172,0.03915920466918835,0.004940077935095972,0.060103354069977945,0.9658201987188736,0.9683324786616425,1.4938809525701473,1.5244855414375005
lgb_conformal,dead13,0.9,1,13,0.95,26,smooth,16102,0.9738238922859425,0.9457351430087736,0.06015364636302473,1.3351677932382118,0.01895973062749405,0.002413598270753265,0.031176251397341946,0.9726826839369991,0.9749432025376379,1.3150575570700371,1.3504591697843318
lgb_conformal,dead13,0.9,1,13,0.95,26,erratic,1777,0.9555151703469903,0.9451322453573439,0.0637387454313137,1.8238555290712173,0.076171454971401,0.007038337782974705,0.04727068092290377,0.9499149426102264,0.9602635355297676,1.7458444614493465,1.9463686763294612
lgb_conformal,dead13,0.9,1,13,0.95,26,intermittent,10285,0.9487891203115238,0.9508242365315773,0.07352270699942513,1.965036329346663,0.0946066636318311,0.014008525129029779,0.09946524064171124,0.9457905616395166,0.9520827463130893,1.9066283892599611,2.0195756155182125
lgb_conformal,dead13,0.9,1,13,0.95,26,lumpy,2217,0.9343840244101782,0.9446631401976463,0.08034411931057066,2.325010443342596,0.12137979258613489,0.011015456147042264,0.09788001804239964,0.9282948459258626,0.9399790161866857,2.2214427331669038,2.4429177210046356
lgb_conformal,dead26,0.9,1,13,0.95,26,all,30381,0.9704428268916538,0.951047454898546,0.06079880777178195,1.5290081433465066,0.04371806349960344,0.0006078118819845415,0.009545439583950495,0.969375485966512,0.9715883031319101,1.512729392983802,1.5455774360618568
lgb_conformal,dead26,0.9,1,13,0.95,26,smooth,16102,0.9757604931244882,0.947770463296485,0.05789745435200976,1.342142351846323,0.019569474872565898,0.00010046649213161722,0.0034157247546888585,0.9746005136189293,0.9768580564295363,1.3216979657691372,1.3577443132722704
lgb_conformal,dead26,0.9,1,13,0.95,26,erratic,1777,0.9615456950230795,0.9479459763646595,0.06047009181945146,1.838343098013402,0.0791666837020471,0.00030663684793674284,0.0061902082160945416,0.9561433827293839,0.9656441748401856,1.758274138652538,1.9579797134321462
lgb_conformal,dead26,0.9,1,13,0.95,26,intermittent,10285,0.9569201148507905,0.9566623944844654,0.06479407430901078,2.0414097402456637,0.11621686067936962,0.002959950023746603,0.017403986387943608,0.9540023259063607,0.9601217536605502,1.982107484879445,2.1066260953820852
lgb_conformal,dead26,0.9,1,13,0.95,26,lumpy,2217,0.9419667992517118,0.9512855209742895,0.07072902092697883,2.3655850996204073,0.13293739443142813,0.000985306671025627,0.02029769959404601,0.9356624492573863,0.9477611153308106,2.255828141613006,2.4845357381268993
lgb_conformal,none,0.9,4,13,0.95,26,all,30381,0.961542690336267,0.9578669084445721,0.052329081746421084,3.2368990837128786,0.18980713277000866,0.0,0.0,0.9598719887452033,0.9634243005669394,3.1955320005961463,3.2828490559118304
lgb_conformal,none,0.9,4,13,0.95,26,smooth,16102,0.9684192318200968,0.9552427140614943,0.04961431946552344,2.8311180107809277,0.0888006725139621,0.0,0.0,0.9669290652943536,0.9699393987739658,2.78357212359256,2.8691610580299414
lgb_conformal,none,0.9,4,13,0.95,26,erratic,1777,0.9532051727592001,0.9595334322402415,0.04700918194514605,4.214860439349276,0.4284436340146122,0.0,0.0,0.9456013426874079,0.9598596971188516,3.999638858385883,4.553280300779889
lgb_conformal,none,0.9,4,13,0.95,26,intermittent,10285,0.9413173157076389,0.9610818933132983,0.058186479539582794,4.161053206185546,0.4232685179163686,0.0,0.0,0.9366120924719336,0.9462042444338354,4.022384649719296,4.308271355757178
lgb_conformal,none,0.9,4,13,0.95,26,lumpy,2217,0.9303020396302148,0.9606757698773937,0.05709522817253594,5.242117546631795,0.68382644072722,0.0,0.0,0.9201154933831097,0.9388063058264017,4.95109231365678,5.547380383926703
lgb_conformal,quantile,0.9,4,13,0.95,26,all,30381,0.9614701844552785,0.957832496985257,0.05237182060087113,3.2332669674470806,0.18820572060295065,0.000306206455815757,0.0036206839801191533,0.9598082754439738,0.9633671951273513,3.192693871666139,3.2786092244338656
lgb_conformal,quantile,0.9,4,13,0.95,26,smooth,16102,0.9683965176566584,0.9552229536703515,0.04963622424232941,2.830787563383982,0.0888006725139621,8.081000454064864e-05,0.0017389144205688734,0.9669099479065731,0.969922853410403,2.7831909606904217,2.8687118778101603
lgb_conformal,quantile,0.9,4,13,0.95,26,erratic,1777,0.9532010842678943,0.9594822734946539,0.047068612010816274,4.181087456917522,0.4099010993953121,0.002175077374697963,0.0061902082160945416,0.945597227509221,0.9598596971188516,3.9754427754221884,4.486682044700594
lgb_conformal,quantile,0.9,4,13,0.95,26,intermittent,10285,0.9410946297204995,0.9610553763203252,0.05822612510819936,4.157572013298097,0.4222691899156749,0.00037147175730774614,0.0053475935828877,0.9362542531415197,0.9460653079312417,4.018911720840537,4.302807800333749
lgb_conformal,quantile,0.9,4,13,0.95,26,lumpy,2217,0.9297344666630342,0.9605117480624923,0.05733337302414193,5.236096732595943,0.6837864835903305,0.000540329464755989,0.007216959855660803,0.9195283497923734,0.9382376210999154,4.946531969446067,5.5408385736818895
lgb_conformal,fixed,0.9,4,13,0.95,26,all,30381,0.9560124113568008,0.9506569596428389,0.06128380085923679,3.1764401262459074,0.1764837884306951,0.013302687302760602,0.09808762055231889,0.954270659948832,0.9579280868944514,3.13658739285347,3.2209665779865633
lgb_conformal,fixed,0.9,4,13,0.95,26,smooth,16102,0.966237580102917,0.9521403326520703,0.05305336942406083,2.8099837921339543,0.08477030629830991,0.004888786869291565,0.03912557446279965,0.9645873342710201,0.9678339635247233,2.7608990311322548,2.846988056924432
lgb_conformal,fixed,0.9,4,13,0.95,26,erratic,1777,0.9476366476006689,0.9548524070189799,0.05244703295397141,4.139801871711319,0.4149111366414679,0.016597230455989435,0.07034327518289252,0.9396504151295767,0.9559340985907075,3.931975641446953,4.447945630412315
lgb_conformal,fixed,0.9,4,13,0.95,26,intermittent,10285,0.9236502371704297,0.9492155389578821,0.07592787149549693,3.985630841812151,0.3799527432745876,0.03931393009236542,0.1629557608167234,0.9184628059580772,0.9296018110058557,3.8603054712304314,4.123026073774936
lgb_conformal,fixed,0.9,4,13,0.95,26,lumpy,2217,0.9111680197606205,0.9432074465903966,0.08245765486857382,4.926306325941263,0.6159792222888175,0.061043607766214425,0.2476319350473613,0.9001397124742957,0.9210854465884926,4.651265091325653,5.2058830126676465
lgb_conformal,dead13,0.9,4,13,0.95,26,all,30381,0.9506003312424034,0.9467041302728081,0.0661931944878027,3.1677552861467597,0.1678603165476666,0.012157665545443338,0.06056416839472038,0.9485392606046539,0.9529472351596453,3.128086879652364,3.2075566205182175
lgb_conformal,dead13,0.9,4,13,0.95,26,smooth,16102,0.9626356379545808,0.9491593365025237,0.05635786146793297,2.807058688375,0.08376223425247797,0.006036944150021808,0.0314246677431375,0.9605994823901272,0.9645483507196773,2.759434108802231,2.8444925692144043
lgb_conformal,dead13,0.9,4,13,0.95,26,erratic,1777,0.9362481550682983,0.9509131836087379,0.057023148010578555,4.170898936583411,0.4074545461979075,0.019187289698228457,0.04783342712436691,0.9257198215666625,0.9457610588656031,3.9637864736937587,4.515624304237325
lgb_conformal,dead13,0.9,4,13,0.95,26,intermittent,10285,0.9128135093537968,0.9434127369956247,0.08460364342775586,3.8954134569339094,0.33092931000845416,0.033165432040375135,0.10004861448711716,0.9070392399087284,0.9187673753424592,3.7750155226536166,4.019704445622584
lgb_conformal,dead13,0.9,4,13,0.95,26,lumpy,2217,0.9063958662525654,0.9407676220937384,0.0860000595362129,5.085231297335586,0.6326113805190796,0.026984689151637334,0.09923319801533605,0.8957060434339873,0.915501216026011,4.808513333196089,5.37138618573714
lgb_conformal,dead26,0.9,4,13,0.95,26,all,30381,0.9595066553893844,0.9553623526665889,0.05543972706595906,3.21807880992623,0.18312399441720584,0.0014866085445562917,0.009545439583950495,0.9577750461269546,0.9614295064272348,3.179764188821768,3.2632215487425373
lgb_conformal,dead26,0.9,4,13,0.95,26,smooth,16102,0.9677133455101634,0.9542913923736182,0.05066887800603946,2.825131955093225,0.08649142835177512,0.0002561895549356239,0.0034157247546888585,0.9661267551196897,0.969244969233914,2.7778670308426467,2.8623135678112006
lgb_conformal,dead26,0.9,4,13,0.95,26,erratic,1777,0.9528351642960231,0.9586381541924592,0.04804920809437494,4.208515100842638,0.4281378148649367,0.0009035565785869357,0.0061902082160945416,0.9452491223909127,0.9595779977312563,3.99228497701655,4.547639199928471
lgb_conformal,dead26,0.9,4,13,0.95,26,intermittent,10285,0.9331124209514012,0.9563618685641049,0.06524339075333188,4.085074915113284,0.3954304047170016,0.007097376837898396,0.017403986387943608,0.928048193557006,0.9386491006933829,3.9454597239275806,4.239078991970011
lgb_conformal,dead26,0.9,4,13,0.95,26,lumpy,2217,0.9253391816051871,0.9558781317915283,0.06406096508201113,5.192162044352423,0.6695317750049947,0.002506402223069798,0.02029769959404601,0.9144243561452094,0.9341809502400117,4.900808321880948,5.489712716056546
lgb_conformal,none,0.9,2,8,0.95,26,all,30381,0.967339035754284,0.954437731716294,0.05658810150292111,2.0832027989491246,0.20262820332806752,0.0,0.0,0.9659782610876209,0.9686838391179908,2.0589147857560457,2.107889643416787
lgb_conformal,none,0.9,2,8,0.95,26,smooth,16102,0.9727373253329973,0.9508671988798681,0.05446466290113122,1.8239060454838016,0.11972096815044754,0.0,0.0,0.9714320510483554,0.9740774812779436,1.7955091420995057,1.846337084282974
lgb_conformal,none,0.9,2,8,0.95,26,erratic,1777,0.9594115025614398,0.9528572159410651,0.05476480551511009,2.582432161708008,0.343686756150113,0.0,0.0,0.9540075784189253,0.9639261078257465,2.464252976567976,2.769064616492513
lgb_conformal,none,0.9,2,8,0.95,26,intermittent,10285,0.9529836966267999,0.9597295266716754,0.06020840353902776,2.7461803441188235,0.42733953306886907,0.0,0.0,0.9496043071008701,0.9563652369668468,2.66100743010916,2.839089729141222
lgb_conformal,none,0.9,2,8,0.95,26,lumpy,2217,0.9388701211427741,0.957087792676426,0.06230464680141696,3.309935705334278,0.577427244713247,0.0,0.0,0.9310692737623695,0.9451759974096966,3.1425203095583725,3.482529386341353
lgb_conformal,quantile,0.9,2,8,0.95,26,all,30381,0.9672811262432102,0.9543883587529287,0.05664942246800161,2.0809887517517627,0.20141725463330296,0.0002497248504943013,0.004180244231592113,0.9659193132727121,0.9686410770733188,2.056924323672669,2.105659924782707
lgb_conformal,quantile,0.9,2,8,0.95,26,smooth,16102,0.9727119903045467,0.9508417926626844,0.05449282618559605,1.8233652736696324,0.11971007700028603,0.00012208862848168267,0.0029809961495466403,0.9714005856058372,0.9740595810792186,1.7950057580792822,1.8459110693562606
lgb_conformal,quantile,0.9,2,8,0.95,26,erratic,1777,0.9594115025614398,0.9528572159410651,0.05476480551511009,2.5653463565409726,0.3306504653384521,0.001175441250424181,0.0039392234102419805,0.9540075784189253,0.9639261078257465,2.449361629211899,2.731873807775974
lgb_conformal,quantile,0.9,2,8,0.95,26,intermittent,10285,0.9528053507698432,0.9596588146904141,0.060314125055338605,2.7436362059825674,0.4262715599777445,0.00035275036900841674,0.005639280505590666,0.9492542146829068,0.9562011157433069,2.6585690589479514,2.835162510187188
lgb_conformal,quantile,0.9,2,8,0.95,26,lumpy,2217,0.9385613614486278,0.9569237708615246,0.06254279165302296,3.3074883306997953,0.5768745043196087,0.00037232786647051344,0.006314839873703203,0.9308405015000913,0.9449829625465168,3.1412882283444548,3.4801525334915633
lgb_conformal,fixed,0.9,2,8,0.95,26,all,30381,0.9653247367060784,0.9516159920524491,0.0600926875678247,2.063278595359592,0.19477588516803093,0.005436195855995388,0.06020209999670847,0.9639462811377865,0.9667732929654203,2.0408043501572606,2.088662978891998
lgb_conformal,fixed,0.9,2,8,0.95,26,smooth,16102,0.9719058559078994,0.949650523368074,0.05581337130161313,1.817156007645063,0.11696903076698958,0.0017673366398457534,0.02465532232020867,0.9704859277196176,0.9732926443142997,1.788911237327897,1.8390391597813274
lgb_conformal,fixed,0.9,2,8,0.95,26,erratic,1777,0.9587082820568382,0.9513224535734384,0.05654770748521677,2.5648209854081743,0.3402687774184448,0.004703809247349635,0.032639279684862126,0.9532262746930334,0.9631993300928524,2.4474801644810054,2.7533975814659817
lgb_conformal,fixed,0.9,2,8,0.95,26,intermittent,10285,0.9457286659926967,0.9548813364564458,0.06745693500109025,2.680863391014916,0.39976010347344154,0.01880415654233694,0.10364608653378707,0.9418977584897679,0.9498588383166893,2.5968232148740373,2.767910140715799
lgb_conformal,fixed,0.9,2,8,0.95,26,lumpy,2217,0.9335031511651138,0.9509779800713495,0.07117554252374006,3.2201638242612476,0.5445957972356926,0.021735774351150584,0.13892647722147045,0.9258812920481512,0.9405244191733786,3.0560139031367406,3.3899217358911944
lgb_conformal,dead13,0.9,2,8,0.95,26,all,30381,0.9608803007232978,0.9476422165767481,0.06502809615127325,2.044201457193686,0.18340171679752892,0.007196486336449182,0.0601691846877983,0.9594322254339807,0.9624004272055848,2.021167333331743,2.0666115801431175
lgb_conformal,dead13,0.9,2,8,0.95,26,smooth,16102,0.969388078252914,0.9472933909960366,0.05842629824918248,1.810474767512893,0.11461301872469727,0.0035665604706724115,0.031238355483790833,0.9679429615422167,0.9708812230671394,1.781994661916214,1.8327231820825087
lgb_conformal,dead13,0.9,2,8,0.95,26,erratic,1777,0.9498362559232018,0.947894817619072,0.06052952188512168,2.5581240366492355,0.334161389105806,0.01080792676694373,0.04727068092290377,0.942983127697212,0.9568226610376414,2.4407373669885306,2.7487549420801627
lgb_conformal,dead13,0.9,2,8,0.95,26,intermittent,10285,0.9356368523631319,0.9487382330843682,0.07664149173059515,2.594854377159118,0.34429198008569795,0.019910689124449935,0.09956246961594555,0.9314180735130799,0.9400323938670934,2.5157028405607376,2.66947050890004
lgb_conformal,dead13,0.9,2,8,0.95,26,lumpy,2217,0.9248624203127555,0.9448886701931357,0.08001667013961242,3.2243139177972724,0.5372303650023914,0.016050963511869087,0.09788001804239964,0.9170280659911718,0.9316228218419107,3.0709499026541778,3.3948642850839437
lgb_conformal,dead26,0.9,2,8,0.95,26,all,30381,0.9660964404372121,0.952941581311286,0.058446312565966496,2.0730535621726824,0.1974058125600811,0.0008642002926572168,0.009545439583950495,0.9646874105177319,0.9674857794819687,2.0504374411244695,2.0981990257753576
lgb_conformal,dead26,0.9,2,8,0.95,26,smooth,16102,0.9723476900678607,0.950313907927869,0.0550779966516984,1.8208040333365292,0.11787748082163825,0.0001437107648317481,0.0034157247546888585,0.9709949416665594,0.9737198803962341,1.792801253264928,1.8429804640523981
lgb_conformal,dead26,0.9,2,8,0.95,26,erratic,1777,0.9592213877157191,0.9523456284851896,0.05535910617181232,2.5790468909067865,0.3431260877090411,0.0005049286762691699,0.0061902082160945416,0.9537523037544414,0.9637890143414604,2.4594511431039856,2.7642275207240146
lgb_conformal,dead26,0.9,2,8,0.95,26,intermittent,10285,0.9477091918075204,0.9569187254165378,0.06441083381238395,2.704274979751341,0.4061621613809947,0.004159104211129964,0.017403986387943608,0.9440124171136804,0.9516489769062286,2.6206840721695728,2.7939592005198297
lgb_conformal,dead26,0.9,2,8,0.95,26,lumpy,2217,0.936136689732832,0.9540533891007504,0.06671032655612777,3.2845901669118582,0.5651271060740902,0.0014575273797199368,0.02029769959404601,0.9282830747210861,0.9429297736928218,3.1212325765380826,3.4559079670334465
lgb_conformal,none,0.9,2,26,0.95,26,all,30381,0.967339035754284,0.954437731716294,0.05658810150292111,2.0832027989491246,,0.0,0.0,0.9659782610876209,0.9686838391179908,2.0589147857560457,2.107889643416787
lgb_conformal,none,0.9,2,26,0.95,26,smooth,16102,0.9727373253329973,0.9508671988798681,0.05446466290113122,1.8239060454838016,,0.0,0.0,0.9714320510483554,0.9740774812779436,1.7955091420995057,1.846337084282974
lgb_conformal,none,0.9,2,26,0.95,26,erratic,1777,0.9594115025614398,0.9528572159410651,0.05476480551511009,2.582432161708008,,0.0,0.0,0.9540075784189253,0.9639261078257465,2.464252976567976,2.769064616492513
lgb_conformal,none,0.9,2,26,0.95,26,intermittent,10285,0.9529836966267999,0.9597295266716754,0.06020840353902776,2.7461803441188235,,0.0,0.0,0.9496043071008701,0.9563652369668468,2.66100743010916,2.839089729141222
lgb_conformal,none,0.9,2,26,0.95,26,lumpy,2217,0.9388701211427741,0.957087792676426,0.06230464680141696,3.309935705334278,,0.0,0.0,0.9310692737623695,0.9451759974096966,3.1425203095583725,3.482529386341353
lgb_conformal,quantile,0.9,2,26,0.95,26,all,30381,0.967339035754284,0.954437731716294,0.05658810150292111,2.0832027989491246,,0.0,0.0,0.9659782610876209,0.9686838391179908,2.0589147857560457,2.107889643416787
lgb_conformal,quantile,0.9,2,26,0.95,26,smooth,16102,0.9727373253329973,0.9508671988798681,0.05446466290113122,1.8239060454838016,,0.0,0.0,0.9714320510483554,0.9740774812779436,1.7955091420995057,1.846337084282974
lgb_conformal,quantile,0.9,2,26,0.95,26,erratic,1777,0.9594115025614398,0.9528572159410651,0.05476480551511009,2.582432161708008,,0.0,0.0,0.9540075784189253,0.9639261078257465,2.464252976567976,2.769064616492513
lgb_conformal,quantile,0.9,2,26,0.95,26,intermittent,10285,0.9529836966267999,0.9597295266716754,0.06020840353902776,2.7461803441188235,,0.0,0.0,0.9496043071008701,0.9563652369668468,2.66100743010916,2.839089729141222
lgb_conformal,quantile,0.9,2,26,0.95,26,lumpy,2217,0.9388701211427741,0.957087792676426,0.06230464680141696,3.309935705334278,,0.0,0.0,0.9310692737623695,0.9451759974096966,3.1425203095583725,3.482529386341353
lgb_conformal,fixed,0.9,2,26,0.95,26,all,30381,0.9653247367060784,0.9516159920524491,0.0600926875678247,2.063278595359592,,0.005436195855995388,0.06020209999670847,0.9639462811377865,0.9667732929654203,2.0408043501572606,2.088662978891998
lgb_conformal,fixed,0.9,2,26,0.95,26,smooth,16102,0.9719058559078994,0.949650523368074,0.05581337130161313,1.817156007645063,,0.0017673366398457534,0.02465532232020867,0.9704859277196176,0.9732926443142997,1.788911237327897,1.8390391597813274
lgb_conformal,fixed,0.9,2,26,0.95,26,erratic,1777,0.9587082820568382,0.9513224535734384,0.05654770748521677,2.5648209854081743,,0.004703809247349635,0.032639279684862126,0.9532262746930334,0.9631993300928524,2.4474801644810054,2.7533975814659817
lgb_conformal,fixed,0.9,2,26,0.95,26,intermittent,10285,0.9457286659926967,0.9548813364564458,0.06745693500109025,2.680863391014916,,0.01880415654233694,0.10364608653378707,0.9418977584897679,0.9498588383166893,2.5968232148740373,2.767910140715799
lgb_conformal,fixed,0.9,2,26,0.95,26,lumpy,2217,0.9335031511651138,0.9509779800713495,0.07117554252374006,3.2201638242612476,,0.021735774351150584,0.13892647722147045,0.9258812920481512,0.9405244191733786,3.0560139031367406,3.3899217358911944
lgb_conformal,dead13,0.9,2,26,0.95,26,all,30381,0.9608803007232978,0.9476422165767481,0.06502809615127325,2.044201457193686,,0.007196486336449182,0.0601691846877983,0.9594322254339807,0.9624004272055848,2.021167333331743,2.0666115801431175
lgb_conformal,dead13,0.9,2,26,0.95,26,smooth,16102,0.969388078252914,0.9472933909960366,0.05842629824918248,1.810474767512893,,0.0035665604706724115,0.031238355483790833,0.9679429615422167,0.9708812230671394,1.781994661916214,1.8327231820825087
lgb_conformal,dead13,0.9,2,26,0.95,26,erratic,1777,0.9498362559232018,0.947894817619072,0.06052952188512168,2.5581240366492355,,0.01080792676694373,0.04727068092290377,0.942983127697212,0.9568226610376414,2.4407373669885306,2.7487549420801627
lgb_conformal,dead13,0.9,2,26,0.95,26,intermittent,10285,0.9356368523631319,0.9487382330843682,0.07664149173059515,2.594854377159118,,0.019910689124449935,0.09956246961594555,0.9314180735130799,0.9400323938670934,2.5157028405607376,2.66947050890004
lgb_conformal,dead13,0.9,2,26,0.95,26,lumpy,2217,0.9248624203127555,0.9448886701931357,0.08001667013961242,3.2243139177972724,,0.016050963511869087,0.09788001804239964,0.9170280659911718,0.9316228218419107,3.0709499026541778,3.3948642850839437
lgb_conformal,dead26,0.9,2,26,0.95,26,all,30381,0.9660964404372121,0.952941581311286,0.058446312565966496,2.0730535621726824,,0.0008642002926572168,0.009545439583950495,0.9646874105177319,0.9674857794819687,2.0504374411244695,2.0981990257753576
lgb_conformal,dead26,0.9,2,26,0.95,26,smooth,16102,0.9723476900678607,0.950313907927869,0.0550779966516984,1.8208040333365292,,0.0001437107648317481,0.0034157247546888585,0.9709949416665594,0.9737198803962341,1.792801253264928,1.8429804640523981
lgb_conformal,dead26,0.9,2,26,0.95,26,erratic,1777,0.9592213877157191,0.9523456284851896,0.05535910617181232,2.5790468909067865,,0.0005049286762691699,0.0061902082160945416,0.9537523037544414,0.9637890143414604,2.4594511431039856,2.7642275207240146
lgb_conformal,dead26,0.9,2,26,0.95,26,intermittent,10285,0.9477091918075204,0.9569187254165378,0.06441083381238395,2.704274979751341,,0.004159104211129964,0.017403986387943608,0.9440124171136804,0.9516489769062286,2.6206840721695728,2.7939592005198297
lgb_conformal,dead26,0.9,2,26,0.95,26,lumpy,2217,0.936136689732832,0.9540533891007504,0.06671032655612777,3.2845901669118582,,0.0014575273797199368,0.02029769959404601,0.9282830747210861,0.9429297736928218,3.1212325765380826,3.4559079670334465
lgb_conformal,none,0.9,2,13,0.9,26,all,30381,0.967339035754284,0.954437731716294,0.05658810150292111,2.0832027989491246,0.08035019229924081,0.0,0.0,0.9659782610876209,0.9686838391179908,2.0589147857560457,2.107889643416787
lgb_conformal,none,0.9,2,13,0.9,26,smooth,16102,0.9727373253329973,0.9508671988798681,0.05446466290113122,1.8239060454838016,0.0370291097292843,0.0,0.0,0.9714320510483554,0.9740774812779436,1.7955091420995057,1.846337084282974
lgb_conformal,none,0.9,2,13,0.9,26,erratic,1777,0.9594115025614398,0.9528572159410651,0.05476480551511009,2.582432161708008,0.15675929825135226,0.0,0.0,0.9540075784189253,0.9639261078257465,2.464252976567976,2.769064616492513
lgb_conformal,none,0.9,2,13,0.9,26,intermittent,10285,0.9529836966267999,0.9597295266716754,0.06020840353902776,2.7461803441188235,0.20016041273763846,0.0,0.0,0.9496043071008701,0.9563652369668468,2.66100743010916,2.839089729141222
lgb_conformal,none,0.9,2,13,0.9,26,lumpy,2217,0.9388701211427741,0.957087792676426,0.06230464680141696,3.309935705334278,0.2591619898654171,0.0,0.0,0.9310692737623695,0.9451759974096966,3.1425203095583725,3.482529386341353
lgb_conformal,quantile,0.9,2,13,0.9,26,all,30381,0.9673296750387954,0.9544317471146739,0.056595534347173286,2.082800922807891,0.08016729343796392,2.8875427439620608e-05,0.0005266449425627859,0.9659681436959212,0.968678988686631,2.0585206619393044,2.107437316243481
lgb_conformal,quantile,0.9,2,13,0.9,26,smooth,16102,0.9727355780896558,0.9508671988798681,0.05446466290113122,1.8239027694025367,0.0370291097292843,2.8392704298065734e-06,0.00018631225934666502,0.9714284289715844,0.97407723362467,1.7955063394094428,1.846333344374691
lgb_conformal,quantile,0.9,2,13,0.9,26,erratic,1777,0.9594115025614398,0.9528572159410651,0.05476480551511009,2.578022723834678,0.15440269186267574,0.0002800616544488918,0.0016882386043894203,0.9540075784189253,0.9639261078257465,2.4590432513210128,2.7623956266799623
lgb_conformal,quantile,0.9,2,13,0.9,26,intermittent,10285,0.952945268513975,0.959716268175189,0.06022822632333604,2.7459064206479176,0.20016041273763846,2.5618741883292837e-05,0.0007778317938745746,0.949492273818005,0.9563425845371549,2.660530171561496,2.8387960452460517
lgb_conformal,quantile,0.9,2,13,0.9,26,lumpy,2217,0.9388156341379248,0.9570672899495632,0.06233441490786771,3.30955883688407,0.2591619898654171,2.7243502424671715e-05,0.0009021199819576004,0.9310428380534467,0.9451471567865197,3.1424513073084572,3.4821202841837913
lgb_conformal,fixed,0.9,2,13,0.9,26,all,30381,0.9653247367060784,0.9516159920524491,0.0600926875678247,2.063278595359592,0.07573304318288442,0.005436195855995388,0.06020209999670847,0.9639462811377865,0.9667732929654203,2.0408043501572606,2.088662978891998
lgb_conformal,fixed,0.9,2,13,0.9,26,smooth,16102,0.9719058559078994,0.949650523368074,0.05581337130161313,1.817156007645063,0.03541994229292054,0.0017673366398457534,0.02465532232020867,0.9704859277196176,0.9732926443142997,1.788911237327897,1.8390391597813274
lgb_conformal,fixed,0.9,2,13,0.9,26,erratic,1777,0.9587082820568382,0.9513224535734384,0.05654770748521677,2.5648209854081743,0.155081790268573,0.004703809247349635,0.032639279684862126,0.9532262746930334,0.9631993300928524,2.4474801644810054,2.7533975814659817
lgb_conformal,fixed,0.9,2,13,0.9,26,intermittent,10285,0.9457286659926967,0.9548813364564458,0.06745693500109025,2.680863391014916,0.1823285859833951,0.01880415654233694,0.10364608653378707,0.9418977584897679,0.9498588383166893,2.5968232148740373,2.767910140715799
lgb_conformal,fixed,0.9,2,13,0.9,26,lumpy,2217,0.9335031511651138,0.9509779800713495,0.07117554252374006,3.2201638242612476,0.24637570606077122,0.021735774351150584,0.13892647722147045,0.9258812920481512,0.9405244191733786,3.0560139031367406,3.3899217358911944
lgb_conformal,dead13,0.9,2,13,0.9,26,all,30381,0.9608803007232978,0.9476422165767481,0.06502809615127325,2.044201457193686,0.06968935275729395,0.007196486336449182,0.0601691846877983,0.9594322254339807,0.9624004272055848,2.021167333331743,2.0666115801431175
lgb_conformal,dead13,0.9,2,13,0.9,26,smooth,16102,0.969388078252914,0.9472933909960366,0.05842629824918248,1.810474767512893,0.0348447934660088,0.0035665604706724115,0.031238355483790833,0.9679429615422167,0.9708812230671394,1.781994661916214,1.8327231820825087
lgb_conformal,dead13,0.9,2,13,0.9,26,erratic,1777,0.9498362559232018,0.947894817619072,0.06052952188512168,2.5581240366492355,0.15010323440547205,0.01080792676694373,0.04727068092290377,0.942983127697212,0.9568226610376414,2.4407373669885306,2.7487549420801627
lgb_conformal,dead13,0.9,2,13,0.9,26,intermittent,10285,0.9356368523631319,0.9487382330843682,0.07664149173059515,2.594854377159118,0.15231622986711754,0.019910689124449935,0.09956246961594555,0.9314180735130799,0.9400323938670934,2.5157028405607376,2.66947050890004
lgb_conformal,dead13,0.9,2,13,0.9,26,lumpy,2217,0.9248624203127555,0.9448886701931357,0.08001667013961242,3.2243139177972724,0.23472820065747654,0.016050963511869087,0.09788001804239964,0.9170280659911718,0.9316228218419107,3.0709499026541778,3.3948642850839437
lgb_conformal,dead26,0.9,2,13,0.9,26,all,30381,0.9660964404372121,0.952941581311286,0.058446312565966496,2.0730535621726824,0.0769072259487918,0.0008642002926572168,0.009545439583950495,0.9646874105177319,0.9674857794819687,2.0504374411244695,2.0981990257753576
lgb_conformal,dead26,0.9,2,13,0.9,26,smooth,16102,0.9723476900678607,0.950313907927869,0.0550779966516984,1.8208040333365292,0.03590668060675646,0.0001437107648317481,0.0034157247546888585,0.9709949416665594,0.9737198803962341,1.792801253264928,1.8429804640523981
lgb_conformal,dead26,0.9,2,13,0.9,26,erratic,1777,0.9592213877157191,0.9523456284851896,0.05535910617181232,2.5790468909067865,0.15665136208087851,0.0005049286762691699,0.0061902082160945416,0.9537523037544414,0.9637890143414604,2.4594511431039856,2.7642275207240146
lgb_conformal,dead26,0.9,2,13,0.9,26,intermittent,10285,0.9477091918075204,0.9569187254165378,0.06441083381238395,2.704274979751341,0.18522468621967872,0.004159104211129964,0.017403986387943608,0.9440124171136804,0.9516489769062286,2.6206840721695728,2.7939592005198297
lgb_conformal,dead26,0.9,2,13,0.9,26,lumpy,2217,0.936136689732832,0.9540533891007504,0.06671032655612777,3.2845901669118582,0.25302856935287604,0.0014575273797199368,0.02029769959404601,0.9282830747210861,0.9429297736928218,3.1212325765380826,3.4559079670334465
lgb_conformal,none,0.9,2,13,0.99,26,all,30381,0.967339035754284,0.954437731716294,0.05658810150292111,2.0832027989491246,0.08035019229924081,0.0,0.0,0.9659782610876209,0.9686838391179908,2.0589147857560457,2.107889643416787
lgb_conformal,none,0.9,2,13,0.99,26,smooth,16102,0.9727373253329973,0.9508671988798681,0.05446466290113122,1.8239060454838016,0.0370291097292843,0.0,0.0,0.9714320510483554,0.9740774812779436,1.7955091420995057,1.846337084282974
lgb_conformal,none,0.9,2,13,0.99,26,erratic,1777,0.9594115025614398,0.9528572159410651,0.05476480551511009,2.582432161708008,0.15675929825135226,0.0,0.0,0.9540075784189253,0.9639261078257465,2.464252976567976,2.769064616492513
lgb_conformal,none,0.9,2,13,0.99,26,intermittent,10285,0.9529836966267999,0.9597295266716754,0.06020840353902776,2.7461803441188235,0.20016041273763846,0.0,0.0,0.9496043071008701,0.9563652369668468,2.66100743010916,2.839089729141222
lgb_conformal,none,0.9,2,13,0.99,26,lumpy,2217,0.9388701211427741,0.957087792676426,0.06230464680141696,3.309935705334278,0.2591619898654171,0.0,0.0,0.9310692737623695,0.9451759974096966,3.1425203095583725,3.482529386341353
lgb_conformal,quantile,0.9,2,13,0.99,26,all,30381,0.9673363385989738,0.954437731716294,0.05658810150292111,2.0831977219508935,0.08035019229924081,9.51937168339141e-07,3.291530891017412e-05,0.965976383254621,0.9686809886081148,2.0589078107979577,2.1078869692925246
lgb_conformal,quantile,0.9,2,13,0.99,26,smooth,16102,0.9727360149004912,0.9508671988798681,0.05446466290113122,1.8239047350512958,0.0370291097292843,1.3104325060645724e-06,6.210408644888833e-05,0.9714294942882818,0.9740774481591538,1.7955091420995057,1.846337084282974
lgb_conformal,quantile,0.9,2,13,0.99,26,erratic,1777,0.9594115025614398,0.9528572159410651,0.05476480551511009,2.582432161708008,0.15675929825135226,0.0,0.0,0.9540075784189253,0.9639261078257465,2.464252976567976,2.769064616492513
lgb_conformal,quantile,0.9,2,13,0.99,26,intermittent,10285,0.9529787699456685,0.9597295266716754,0.06020840353902776,2.746170490756561,0.20016041273763846,0.0,0.0,0.9495850035816442,0.9563652369668468,2.6609790600313596,2.8390794384769955
lgb_conformal,quantile,0.9,2,13,0.99,26,lumpy,2217,0.9388428776403495,0.957087792676426,0.06230464680141696,3.309863055994479,0.2591619898654171,0.0,0.0,0.9310461953047522,0.9451746876234101,3.1425203095583725,3.4824535333599913
lgb_conformal,fixed,0.9,2,13,0.99,26,all,30381,0.9653247367060784,0.9516159920524491,0.0600926875678247,2.063278595359592,0.07573304318288442,0.005436195855995388,0.06020209999670847,0.9639462811377865,0.9667732929654203,2.0408043501572606,2.088662978891998
lgb_conformal,fixed,0.9,2,13,0.99,26,smooth,16102,0.9719058559078994,0.949650523368074,0.05581337130161313,1.817156007645063,0.03541994229292054,0.0017673366398457534,0.02465532232020867,0.9704859277196176,0.9732926443142997,1.788911237327897,1.8390391597813274
lgb_conformal,fixed,0.9,2,13,0.99,26,erratic,1777,0.9587082820568382,0.9513224535734384,0.05654770748521677,2.5648209854081743,0.155081790268573,0.004703809247349635,0.032639279684862126,0.9532262746930334,0.9631993300928524,2.4474801644810054,2.7533975814659817
lgb_conformal,fixed,0.9,2,13,0.99,26,intermittent,10285,0.9457286659926967,0.9548813364564458,0.06745693500109025,2.680863391014916,0.1823285859833951,0.01880415654233694,0.10364608653378707,0.9418977584897679,0.9498588383166893,2.5968232148740373,2.767910140715799
lgb_conformal,fixed,0.9,2,13,0.99,26,lumpy,2217,0.9335031511651138,0.9509779800713495,0.07117554252374006,3.2201638242612476,0.24637570606077122,0.021735774351150584,0.13892647722147045,0.9258812920481512,0.9405244191733786,3.0560139031367406,3.3899217358911944
lgb_conformal,dead13,0.9,2,13,0.99,26,all,30381,0.9608803007232978,0.9476422165767481,0.06502809615127325,2.044201457193686,0.06968935275729395,0.007196486336449182,0.0601691846877983,0.9594322254339807,0.9624004272055848,2.021167333331743,2.0666115801431175
lgb_conformal,dead13,0.9,2,13,0.99,26,smooth,16102,0.969388078252914,0.9472933909960366,0.05842629824918248,1.810474767512893,0.0348447934660088,0.0035665604706724115,0.031238355483790833,0.9679429615422167,0.9708812230671394,1.781994661916214,1.8327231820825087
lgb_conformal,dead13,0.9,2,13,0.99,26,erratic,1777,0.9498362559232018,0.947894817619072,0.06052952188512168,2.5581240366492355,0.15010323440547205,0.01080792676694373,0.04727068092290377,0.942983127697212,0.9568226610376414,2.4407373669885306,2.7487549420801627
lgb_conformal,dead13,0.9,2,13,0.99,26,intermittent,10285,0.9356368523631319,0.9487382330843682,0.07664149173059515,2.594854377159118,0.15231622986711754,0.019910689124449935,0.09956246961594555,0.9314180735130799,0.9400323938670934,2.5157028405607376,2.66947050890004
lgb_conformal,dead13,0.9,2,13,0.99,26,lumpy,2217,0.9248624203127555,0.9448886701931357,0.08001667013961242,3.2243139177972724,0.23472820065747654,0.016050963511869087,0.09788001804239964,0.9170280659911718,0.9316228218419107,3.0709499026541778,3.3948642850839437
lgb_conformal,dead26,0.9,2,13,0.99,26,all,30381,0.9660964404372121,0.952941581311286,0.058446312565966496,2.0730535621726824,0.0769072259487918,0.0008642002926572168,0.009545439583950495,0.9646874105177319,0.9674857794819687,2.0504374411244695,2.0981990257753576
lgb_conformal,dead26,0.9,2,13,0.99,26,smooth,16102,0.9723476900678607,0.950313907927869,0.0550779966516984,1.8208040333365292,0.03590668060675646,0.0001437107648317481,0.0034157247546888585,0.9709949416665594,0.9737198803962341,1.792801253264928,1.8429804640523981
lgb_conformal,dead26,0.9,2,13,0.99,26,erratic,1777,0.9592213877157191,0.9523456284851896,0.05535910617181232,2.5790468909067865,0.15665136208087851,0.0005049286762691699,0.0061902082160945416,0.9537523037544414,0.9637890143414604,2.4594511431039856,2.7642275207240146
lgb_conformal,dead26,0.9,2,13,0.99,26,intermittent,10285,0.9477091918075204,0.9569187254165378,0.06441083381238395,2.704274979751341,0.18522468621967872,0.004159104211129964,0.017403986387943608,0.9440124171136804,0.9516489769062286,2.6206840721695728,2.7939592005198297
lgb_conformal,dead26,0.9,2,13,0.99,26,lumpy,2217,0.936136689732832,0.9540533891007504,0.06671032655612777,3.2845901669118582,0.25302856935287604,0.0014575273797199368,0.02029769959404601,0.9282830747210861,0.9429297736928218,3.1212325765380826,3.4559079670334465
lgb_conformal,none,0.9,2,13,0.95,13,all,30381,0.967339035754284,0.954437731716294,0.05658810150292111,2.0832027989491246,0.08035019229924081,0.0,0.0,0.9659782610876209,0.9686838391179908,2.0589147857560457,2.107889643416787
lgb_conformal,none,0.9,2,13,0.95,13,smooth,16102,0.9727373253329973,0.9508671988798681,0.05446466290113122,1.8239060454838016,0.0370291097292843,0.0,0.0,0.9714320510483554,0.9740774812779436,1.7955091420995057,1.846337084282974
lgb_conformal,none,0.9,2,13,0.95,13,erratic,1777,0.9594115025614398,0.9528572159410651,0.05476480551511009,2.582432161708008,0.15675929825135226,0.0,0.0,0.9540075784189253,0.9639261078257465,2.464252976567976,2.769064616492513
lgb_conformal,none,0.9,2,13,0.95,13,intermittent,10285,0.9529836966267999,0.9597295266716754,0.06020840353902776,2.7461803441188235,0.20016041273763846,0.0,0.0,0.9496043071008701,0.9563652369668468,2.66100743010916,2.839089729141222
lgb_conformal,none,0.9,2,13,0.95,13,lumpy,2217,0.9388701211427741,0.957087792676426,0.06230464680141696,3.309935705334278,0.2591619898654171,0.0,0.0,0.9310692737623695,0.9451759974096966,3.1425203095583725,3.482529386341353
lgb_conformal,quantile,0.9,2,13,0.95,13,all,30381,0.967332213537911,0.954433243265079,0.056593676136110244,2.0831571059650447,0.08034600377570011,3.4904362839101836e-06,0.00019749185346104473,0.9659707485546802,0.968680781119549,2.0588739343274587,2.1078558500465174
lgb_conformal,quantile,0.9,2,13,0.95,13,smooth,16102,0.9727360149004912,0.9508671988798681,0.05446466290113122,1.8239047350512958,0.0370291097292843,1.3104325060645724e-06,6.210408644888833e-05,0.9714294942882818,0.9740774481591538,1.7955091420995057,1.846337084282974
lgb_conformal,quantile,0.9,2,13,0.95,13,erratic,1777,0.9594115025614398,0.9528572159410651,0.05476480551511009,2.5822604450731634,0.15670533016611538,1.2265473917469714e-05,0.0005627462014631402,0.9540075784189253,0.9639261078257465,2.4638956982418896,2.76905589411338
lgb_conformal,quantile,0.9,2,13,0.95,13,intermittent,10285,0.9529570925486904,0.9597206876740177,0.060221618728566614,2.746050279736955,0.20016041273763846,5.912017357682962e-06,0.00019445794846864364,0.9495221092562245,0.9563571682871962,2.660740562652119,2.8389952560204135
lgb_conformal,quantile,0.9,2,13,0.95,13,lumpy,2217,0.9388247153053997,0.9570672899495632,0.06233441490786771,3.3096360268076066,0.2591619898654171,1.8162334949781144e-05,0.0009021199819576004,0.9310430628634822,0.9451563337321499,3.142496743547951,3.48223441175152
lgb_conformal,fixed,0.9,2,13,0.95,13,all,30381,0.9615509404583926,0.9475255168451574,0.06517303661419079,2.0427814842509133,0.07215674216639005,0.012346466417163934,0.11754056811823178,0.96005970067785,0.9631892097953686,2.0203990716783626,2.066647974622318
lgb_conformal,fixed,0.9,2,13,0.95,13,smooth,16102,0.9702529637069165,0.9478664423391786,0.05779105972180933,1.8104898374867127,0.035073507619400604,0.004479058305728709,0.04570860762638181,0.9686943355679168,0.97172341532572,1.781541623357682,1.8324097964668182
lgb_conformal,fixed,0.9,2,13,0.95,13,erratic,1777,0.9543601715530952,0.948125031974216,0.06026208658960568,2.5161025230079845,0.1353699471358074,0.015270515027249795,0.09172763083849184,0.9476927801083873,0.9604020996971705,2.402572076049194,2.6820113903033924
lgb_conformal,fixed,0.9,2,13,0.95,13,intermittent,10285,0.9346682668526981,0.9482520882131966,0.07736832715523223,2.633260812587079,0.17619388263857275,0.037056524797956805,0.19572192513368983,0.9299604769291538,0.9398832038960367,2.552609875960047,2.7181464307631398
lgb_conformal,fixed,0.9,2,13,0.95,13,lumpy,2217,0.9204898381735956,0.9411981793578545,0.08537492930074718,3.0997157594580362,0.22328048093862948,0.055544960860168184,0.2972485340550293,0.9112832102914712,0.9291135749624643,2.9498525270658202,3.246656646823345
lgb_conformal,dead13,0.9,2,13,0.95,13,all,30381,0.9608803007232978,0.9476422165767481,0.06502809615127325,2.044201457193686,0.06968935275729395,0.007196486336449182,0.0601691846877983,0.9594322254339807,0.9624004272055848,2.021167333331743,2.0666115801431175
lgb_conformal,dead13,0.9,2,13,0.95,13,smooth,16102,0.969388078252914,0.9472933909960366,0.05842629824918248,1.810474767512893,0.0348447934660088,0.0035665604706724115,0.031238355483790833,0.9679429615422167,0.9708812230671394,1.781994661916214,1.8327231820825087
lgb_conformal,dead13,0.9,2,13,0.95,13,erratic,1777,0.9498362559232018,0.947894817619072,0.06052952188512168,2.5581240366492355,0.15010323440547205,0.01080792676694373,0.04727068092290377,0.942983127697212,0.9568226610376414,2.4407373669885306,2.7487549420801627
lgb_conformal,dead13,0.9,2,13,0.95,13,intermittent,10285,0.9356368523631319,0.9487382330843682,0.07664149173059515,2.594854377159118,0.15231622986711754,0.019910689124449935,0.09956246961594555,0.9314180735130799,0.9400323938670934,2.5157028405607376,2.66947050890004
lgb_conformal,dead13,0.9,2,13,0.95,13,lumpy,2217,0.9248624203127555,0.9448886701931357,0.08001667013961242,3.2243139177972724,0.23472820065747654,0.016050963511869087,0.09788001804239964,0.9170280659911718,0.9316228218419107,3.0709499026541778,3.3948642850839437
lgb_conformal,dead26,0.9,2,13,0.95,13,all,30381,0.9660964404372121,0.952941581311286,0.058446312565966496,2.0730535621726824,0.0769072259487918,0.0008642002926572168,0.009545439583950495,0.9646874105177319,0.9674857794819687,2.0504374411244695,2.0981990257753576
lgb_conformal,dead26,0.9,2,13,0.95,13,smooth,16102,0.9723476900678607,0.950313907927869,0.0550779966516984,1.8208040333365292,0.03590668060675646,0.0001437107648317481,0.0034157247546888585,0.9709949416665594,0.9737198803962341,1.792801253264928,1.8429804640523981
lgb_conformal,dead26,0.9,2,13,0.95,13,erratic,1777,0.9592213877157191,0.9523456284851896,0.05535910617181232,2.5790468909067865,0.15665136208087851,0.0005049286762691699,0.0061902082160945416,0.9537523037544414,0.9637890143414604,2.4594511431039856,2.7642275207240146
lgb_conformal,dead26,0.9,2,13,0.95,13,intermittent,10285,0.9477091918075204,0.9569187254165378,0.06441083381238395,2.704274979751341,0.18522468621967872,0.004159104211129964,0.017403986387943608,0.9440124171136804,0.9516489769062286,2.6206840721695728,2.7939592005198297
lgb_conformal,dead26,0.9,2,13,0.95,13,lumpy,2217,0.936136689732832,0.9540533891007504,0.06671032655612777,3.2845901669118582,0.25302856935287604,0.0014575273797199368,0.02029769959404601,0.9282830747210861,0.9429297736928218,3.1212325765380826,3.4559079670334465
lgb_conformal,none,0.9,2,13,0.95,52,all,30381,0.967339035754284,0.954437731716294,0.05658810150292111,2.0832027989491246,0.08035019229924081,0.0,0.0,0.9659782610876209,0.9686838391179908,2.0589147857560457,2.107889643416787
lgb_conformal,none,0.9,2,13,0.95,52,smooth,16102,0.9727373253329973,0.9508671988798681,0.05446466290113122,1.8239060454838016,0.0370291097292843,0.0,0.0,0.9714320510483554,0.9740774812779436,1.7955091420995057,1.846337084282974
lgb_conformal,none,0.9,2,13,0.95,52,erratic,1777,0.9594115025614398,0.9528572159410651,0.05476480551511009,2.582432161708008,0.15675929825135226,0.0,0.0,0.9540075784189253,0.9639261078257465,2.464252976567976,2.769064616492513
lgb_conformal,none,0.9,2,13,0.95,52,intermittent,10285,0.9529836966267999,0.9597295266716754,0.06020840353902776,2.7461803441188235,0.20016041273763846,0.0,0.0,0.9496043071008701,0.9563652369668468,2.66100743010916,2.839089729141222
lgb_conformal,none,0.9,2,13,0.95,52,lumpy,2217,0.9388701211427741,0.957087792676426,0.06230464680141696,3.309935705334278,0.2591619898654171,0.0,0.0,0.9310692737623695,0.9451759974096966,3.1425203095583725,3.482529386341353
lgb_conformal,quantile,0.9,2,13,0.95,52,all,30381,0.967332213537911,0.954433243265079,0.056593676136110244,2.0831571059650447,0.08034600377570011,3.4904362839101836e-06,0.00019749185346104473,0.9659707485546802,0.968680781119549,2.0588739343274587,2.1078558500465174
lgb_conformal,quantile,0.9,2,13,0.95,52,smooth,16102,0.9727360149004912,0.9508671988798681,0.05446466290113122,1.8239047350512958,0.0370291097292843,1.3104325060645724e-06,6.210408644888833e-05,0.9714294942882818,0.9740774481591538,1.7955091420995057,1.846337084282974
lgb_conformal,quantile,0.9,2,13,0.95,52,erratic,1777,0.9594115025614398,0.9528572159410651,0.05476480551511009,2.5822604450731634,0.15670533016611538,1.2265473917469714e-05,0.0005627462014631402,0.9540075784189253,0.9639261078257465,2.4638956982418896,2.76905589411338
lgb_conformal,quantile,0.9,2,13,0.95,52,intermittent,10285,0.9529570925486904,0.9597206876740177,0.060221618728566614,2.746050279736955,0.20016041273763846,5.912017357682962e-06,0.00019445794846864364,0.9495221092562245,0.9563571682871962,2.660740562652119,2.8389952560204135
lgb_conformal,quantile,0.9,2,13,0.95,52,lumpy,2217,0.9388247153053997,0.9570672899495632,0.06233441490786771,3.3096360268076066,0.2591619898654171,1.8162334949781144e-05,0.0009021199819576004,0.9310430628634822,0.9451563337321499,3.142496743547951,3.48223441175152
lgb_conformal,fixed,0.9,2,13,0.95,52,all,30381,0.9660325019907386,0.9526573127343345,0.05879937266794512,2.069343863027665,0.07650792003791249,0.0036998624609447944,0.04213159540502288,0.9646592924393145,0.9674182852851138,2.0467577202313443,2.094670181663875
lgb_conformal,fixed,0.9,2,13,0.95,52,smooth,16102,0.9722251646285437,0.9501021894513386,0.05531269068890523,1.8196532551907867,0.03578799910279054,0.0010562085998880454,0.01683020742764874,0.9708627236340204,0.9735591827695522,1.7913926492162073,1.8416175283086622
lgb_conformal,fixed,0.9,2,13,0.95,52,erratic,1777,0.9591048657135031,0.9520386760116641,0.05571568656583366,2.574332860431172,0.15576088867447022,0.002152590672515935,0.015756893640967922,0.9536097014004724,0.9636860317963811,2.452885719269811,2.76113655083461
lgb_conformal,fixed,0.9,2,13,0.95,52,intermittent,10285,0.9479772032610688,0.9565961020020329,0.06489318823055219,2.695010848551851,0.1841278099325833,0.014353392808227951,0.07574137092853671,0.9442435341333153,0.9518475985084345,2.6099202690021013,2.7832002905880957
lgb_conformal,fixed,0.9,2,13,0.95,52,lumpy,2217,0.9358778764597977,0.9534383072948702,0.06760336974965023,3.2555077280735216,0.25110063749795675,0.013004231824043299,0.09111411817771764,0.9282144529362546,0.9425259697006909,3.09394288122232,3.4292434322447725
lgb_conformal,dead13,0.9,2,13,0.95,52,all,30381,0.9608803007232978,0.9476422165767481,0.06502809615127325,2.044201457193686,0.06968935275729395,0.007196486336449182,0.0601691846877983,0.9594322254339807,0.9624004272055848,2.021167333331743,2.0666115801431175
lgb_conformal,dead13,0.9,2,13,0.95,52,smooth,16102,0.969388078252914,0.9472933909960366,0.05842629824918248,1.810474767512893,0.0348447934660088,0.0035665604706724115,0.031238355483790833,0.9679429615422167,0.9708812230671394,1.781994661916214,1.8327231820825087
lgb_conformal,dead13,0.9,2,13,0.95,52,erratic,1777,0.9498362559232018,0.947894817619072,0.06052952188512168,2.5581240366492355,0.15010323440547205,0.01080792676694373,0.04727068092290377,0.942983127697212,0.9568226610376414,2.4407373669885306,2.7487549420801627
lgb_conformal,dead13,0.9,2,13,0.95,52,intermittent,10285,0.9356368523631319,0.9487382330843682,0.07664149173059515,2.594854377159118,0.15231622986711754,0.019910689124449935,0.09956246961594555,0.9314180735130799,0.9400323938670934,2.5157028405607376,2.66947050890004
lgb_conformal,dead13,0.9,2,13,0.95,52,lumpy,2217,0.9248624203127555,0.9448886701931357,0.08001667013961242,3.2243139177972724,0.23472820065747654,0.016050963511869087,0.09788001804239964,0.9170280659911718,0.9316228218419107,3.0709499026541778,3.3948642850839437
lgb_conformal,dead26,0.9,2,13,0.95,52,all,30381,0.9660964404372121,0.952941581311286,0.058446312565966496,2.0730535621726824,0.0769072259487918,0.0008642002926572168,0.009545439583950495,0.9646874105177319,0.9674857794819687,2.0504374411244695,2.0981990257753576
lgb_conformal,dead26,0.9,2,13,0.95,52,smooth,16102,0.9723476900678607,0.950313907927869,0.0550779966516984,1.8208040333365292,0.03590668060675646,0.0001437107648317481,0.0034157247546888585,0.9709949416665594,0.9737198803962341,1.792801253264928,1.8429804640523981
lgb_conformal,dead26,0.9,2,13,0.95,52,erratic,1777,0.9592213877157191,0.9523456284851896,0.05535910617181232,2.5790468909067865,0.15665136208087851,0.0005049286762691699,0.0061902082160945416,0.9537523037544414,0.9637890143414604,2.4594511431039856,2.7642275207240146
lgb_conformal,dead26,0.9,2,13,0.95,52,intermittent,10285,0.9477091918075204,0.9569187254165378,0.06441083381238395,2.704274979751341,0.18522468621967872,0.004159104211129964,0.017403986387943608,0.9440124171136804,0.9516489769062286,2.6206840721695728,2.7939592005198297
lgb_conformal,dead26,0.9,2,13,0.95,52,lumpy,2217,0.936136689732832,0.9540533891007504,0.06671032655612777,3.2845901669118582,0.25302856935287604,0.0014575273797199368,0.02029769959404601,0.9282830747210861,0.9429297736928218,3.1212325765380826,3.4559079670334465
hgb_quantile,none,0.5,2,13,0.95,26,all,30381,0.814305457915889,0.7390219964032545,0.32413333036019565,0.5839701396349035,0.0179774920802794,0.0,0.0,0.8117195657782759,0.8165972699977302,0.5736711769017665,0.5959042460515883
hgb_quantile,none,0.5,2,13,0.95,26,smooth,16102,0.8310339246951224,0.7095278960264677,0.3219939605401092,0.5244088802769206,0.010796653417466011,0.0,0.0,0.8283445391944028,0.8333579207132866,0.5085664025175253,0.5370665879496967
hgb_quantile,none,0.5,2,13,0.95,26,erratic,1777,0.7797795485487901,0.7210313603110452,0.3240721480997236,0.7401150501453458,0.04630911447366807,0.0,0.0,0.7717545339764103,0.787217400701203,0.6792190700077313,0.8078681701510464
hgb_quantile,none,0.5,2,13,0.95,26,intermittent,10285,0.7707457615762227,0.7804437176824148,0.3282587005504126,0.7070851586686925,0.03143222561834775,0.0,0.0,0.7666827905208403,0.7757006296313339,0.6799848264657696,0.7344395254464144
hgb_quantile,none,0.5,2,13,0.95,26,lumpy,2217,0.743942861294248,0.7754951408537336,0.3259607656356979,0.9080758822354202,0.04233458653444487,0.0,0.0,0.7366733035784084,0.7518215882182947,0.8430772108734441,0.9742816848161744
hgb_quantile,quantile,0.5,2,13,0.95,26,all,30381,0.814305457915889,0.7390219964032545,0.32413333036019565,0.5839701396349035,0.0179774920802794,0.0,0.0,0.8117195657782759,0.8165972699977302,0.5736711769017665,0.5959042460515883
hgb_quantile,quantile,0.5,2,13,0.95,26,smooth,16102,0.8310339246951224,0.7095278960264677,0.3219939605401092,0.5244088802769206,0.010796653417466011,0.0,0.0,0.8283445391944028,0.8333579207132866,0.5085664025175253,0.5370665879496967
hgb_quantile,quantile,0.5,2,13,0.95,26,erratic,1777,0.7797795485487901,0.7210313603110452,0.3240721480997236,0.7401150501453458,0.04630911447366807,0.0,0.0,0.7717545339764103,0.787217400701203,0.6792190700077313,0.8078681701510464
hgb_quantile,quantile,0.5,2,13,0.95,26,intermittent,10285,0.7707457615762227,0.7804437176824148,0.3282587005504126,0.7070851586686925,0.03143222561834775,0.0,0.0,0.7666827905208403,0.7757006296313339,0.6799848264657696,0.7344395254464144
hgb_quantile,quantile,0.5,2,13,0.95,26,lumpy,2217,0.743942861294248,0.7754951408537336,0.3259607656356979,0.9080758822354202,0.04233458653444487,0.0,0.0,0.7366733035784084,0.7518215882182947,0.8430772108734441,0.9742816848161744
hgb_quantile,fixed,0.5,2,13,0.95,26,all,30381,0.814036694322028,0.7382739212007505,0.32506243589171835,0.5811111550059916,0.017571554340460645,0.0008445269245115412,0.04160495046246009,0.8114461636701132,0.8163509711031899,0.5711328480087122,0.5928184368757851
hgb_quantile,fixed,0.5,2,13,0.95,26,smooth,16102,0.830910307228717,0.7092907713327536,0.32225681786178084,0.5232297094268801,0.010664037647852278,0.00034245969491820825,0.016519686995404296,0.8282166681563831,0.8332414343636687,0.5075336451461182,0.5356769492063815
hgb_quantile,fixed,0.5,2,13,0.95,26,erratic,1777,0.7796303186161274,0.7205453522279633,0.32463673372359075,0.7373021681269395,0.046048268728356545,0.0006234949241380438,0.018007878446820485,0.7716532432748429,0.7870650498408129,0.6775882980009496,0.8049899980336152
hgb_quantile,fixed,0.5,2,13,0.95,26,intermittent,10285,0.7699791699921764,0.7790692535466478,0.33031366252370475,0.6990063869494187,0.029817259543474018,0.002632818396621479,0.0752552260573651,0.7659108115619784,0.7749884800446364,0.6725331444311503,0.7248628733791416
hgb_quantile,fixed,0.5,2,13,0.95,26,lumpy,2217,0.7426851195989757,0.7737319063435437,0.3285208227904623,0.8942452641711619,0.041495486659764984,0.0035325741477324323,0.08660351826792964,0.7355589601080863,0.7503806290047383,0.8292587135507719,0.9559570186618214
hgb_quantile,dead13,0.5,2,13,0.95,26,all,30381,0.8127368241186609,0.7363513679303153,0.32745023710773163,0.5780179938336683,0.017287432826950357,0.0019494086645638375,0.05997169283433725,0.8101213334470065,0.815078501423875,0.5678752857400079,0.5894931967510848
hgb_quantile,dead13,0.5,2,13,0.95,26,smooth,16102,0.8299857970956884,0.7080486896037759,0.3236336895467276,0.5215890479292873,0.010628000753935501,0.001322444804036831,0.031238355483790833,0.8272668973725369,0.8324225659086626,0.5065341787650859,0.5339821036734475
hgb_quantile,dead13,0.5,2,13,0.95,26,erratic,1777,0.7788167088462686,0.7196500741801811,0.32567675987281963,0.7369055844702745,0.046115728834902635,0.0012796977787226736,0.04727068092290377,0.770719366719454,0.7862938682149794,0.6759535569904782,0.8040567459582088
hgb_quantile,dead13,0.5,2,13,0.95,26,intermittent,10285,0.7669384223978748,0.7760860918371857,0.33477378899306864,0.6883893891112465,0.02862500270967462,0.004573930762394052,0.09897909577053962,0.7628241036733583,0.7720654251851584,0.6627566372639787,0.7143291321334515
hgb_quantile,dead13,0.5,2,13,0.95,26,lumpy,2217,0.7405238017399517,0.7709640382170828,0.33253951716131336,0.8896365716776549,0.039457672678399544,0.004377122722897256,0.09788001804239964,0.7334570411772813,0.7483248777917255,0.8268019704603133,0.9545479530750696
hgb_quantile,dead26,0.5,2,13,0.95,26,all,30381,0.8141540999061231,0.7385926012370172,0.32466663693528963,0.5827562610890764,0.017659862378443573,5.695757390562526e-05,0.009545439583950495,0.8115611306899032,0.8164604928450722,0.5725069510407068,0.5946186427881117
hgb_quantile,dead26,0.5,2,13,0.95,26,smooth,16102,0.8309924276657638,0.709446031548876,0.32208470890116253,0.5241096648547026,0.010697191590255712,1.3322730478323153e-05,0.00335362066823997,0.8282975828525877,0.8333183401253511,0.50829236571461,0.536813426866447
hgb_quantile,dead26,0.5,2,13,0.95,26,erratic,1777,0.7797529733553021,0.72092904281987,0.3241910082310641,0.7399555989844188,0.04629562245235885,2.248670218202781e-05,0.0061902082160945416,0.7717272154734331,0.7871852540651744,0.679037382732574,0.8077455381198199
hgb_quantile,dead26,0.5,2,13,0.95,26,intermittent,10285,0.7701368237883813,0.7795023644318735,0.3296661182363008,0.7019466302486397,0.03006654960872298,0.00022170065091311108,0.01750121536217793,0.7660538730674207,0.7751367111370262,0.6752053671868491,0.7287084883246723
hgb_quantile,dead26,0.5,2,13,0.95,26,lumpy,2217,0.7433389636571678,0.774654529052364,0.3271812580001786,0.9035897855028244,0.04163533663887829,0.0002815161917216077,0.02029769959404601,0.736113324524402,0.751359008828539,0.8379658407944924,0.9693657018809047
hgb_quantile,none,0.8,2,13,0.95,26,all,30381,0.9182044814980699,0.8874475973320646,0.1397895018507782,1.124137207781071,0.04536205898932514,0.0,0.0,0.9165236364975254,0.9197154662856394,1.1075598421769761,1.1440240111894255
hgb_quantile,none,0.8,2,13,0.95,26,smooth,16102,0.9273655654592705,0.8750381093257754,0.13852267926712875,0.9877149136610622,0.020948486679781185,0.0,0.0,0.9254311525359212,0.9292121334974827,0.9641001646934838,1.0107025639075295
hgb_quantile,none,0.8,2,13,0.95,26,erratic,1777,0.8945353225206366,0.8768097406251598,0.14310759813389592,1.479690419438323,0.14688763599344204,0.0,0.0,0.8883698773256822,0.9007239746263728,1.3786194660127713,1.6286176698171653
hgb_quantile,none,0.8,2,13,0.95,26,intermittent,10285,0.897357525308361,0.9059177089318071,0.14066247745158286,1.4184644126115153,0.09053348073963279,0.0,0.0,0.8939921613194214,0.9006646824054295,1.3708106750448419,1.4657254032037283
hgb_quantile,none,0.8,2,13,0.95,26,lumpy,2217,0.8763871483317895,0.9004182556279985,0.1445836930312863,1.8142719628035382,0.11925207504676802,0.0,0.0,0.8693223633360371,0.8829162661110611,1.7059597980563483,1.933235587890114
hgb_quantile,quantile,0.8,2,13,0.95,26,all,30381,0.9182044814980699,0.8874475973320646,0.1397895018507782,1.123314099442847,0.04499242178685904,5.4736387179500604e-05,9.874592673052236e-05,0.9165236364975254,0.9197154662856394,1.106604991265376,1.142797091370393
hgb_quantile,quantile,0.8,2,13,0.95,26,smooth,16102,0.9273655654592705,0.8750381093257754,0.13852267926712875,0.9877149136610622,0.020948486679781185,0.0,0.0,0.9254311525359212,0.9292121334974827,0.9641001646934838,1.0107025639075295
hgb_quantile,quantile,0.8,2,13,0.95,26,erratic,1777,0.8945353225206366,0.8768097406251598,0.14310759813389592,1.4690848729910175,0.14212495247128856,0.0007052647502545086,0.0016882386043894203,0.8883698773256822,0.9007239746263728,1.3703707120731052,1.6079514297813349
hgb_quantile,quantile,0.8,2,13,0.95,26,intermittent,10285,0.897357525308361,0.9059177089318071,0.14066247745158286,1.4184644126115153,0.09053348073963279,0.0,0.0,0.8939921613194214,0.9006646824054295,1.3708106750448419,1.4657254032037283
hgb_quantile,quantile,0.8,2,13,0.95,26,lumpy,2217,0.8763871483317895,0.9004182556279985,0.1445836930312863,1.8142719628035382,0.11925207504676802,0.0,0.0,0.8693223633360371,0.8829162661110611,1.7059597980563483,1.933235587890114
hgb_quantile,fixed,0.8,2,13,0.95,26,all,30381,0.9165530291671962,0.8848353187249208,0.14303393836685546,1.110278113203416,0.04331771045783894,0.0037898205233528434,0.05829301207991837,0.9148225784273422,0.9181120122642961,1.094003397594415,1.1296407845564052
hgb_quantile,fixed,0.8,2,13,0.95,26,smooth,16102,0.9265421770346266,0.8737819130316957,0.1399151972212226,0.9822464788132548,0.020266668646875784,0.0016537658226534904,0.025027946838902,0.9245997695417425,0.9283572662667436,0.9588404539254373,1.0047493470103162
hgb_quantile,fixed,0.8,2,13,0.95,26,erratic,1777,0.8940263053530617,0.8755563513582647,0.1445636347428164,1.4628090388365786,0.14027204821148948,0.0025839265052802866,0.031513787281935844,0.8878925936988689,0.9001913382076426,1.3635270096193288,1.6079649903123803
hgb_quantile,fixed,0.8,2,13,0.95,26,intermittent,10285,0.8921381993177532,0.9015291465947761,0.14722381905762483,1.377626167377094,0.08490819622379744,0.01187822820781135,0.10199319397180359,0.8883802044397301,0.8958062462684522,1.3314296228770803,1.4217730006738172
hgb_quantile,fixed,0.8,2,13,0.95,26,lumpy,2217,0.8714242903067618,0.8951080493705663,0.1522936326020302,1.7570106612906158,0.11553606131604281,0.013603588877386077,0.11862877762742445,0.8646611815129545,0.8779285614150371,1.6546352515439755,1.8727948668788719
hgb_quantile,dead13,0.8,2,13,0.95,26,all,30381,0.913629471467032,0.8819657022481155,0.14659798718577652,1.102547431459334,0.04135329291725429,0.00478681605099337,0.06089332148382213,0.9118829224418658,0.9153295366736328,1.0853871050909887,1.1226151369238107
hgb_quantile,dead13,0.8,2,13,0.95,26,smooth,16102,0.9246577750909057,0.8719357279163514,0.14196172922566613,0.9790105841449459,0.02010474287020974,0.0028335918889469606,0.031797292261830826,0.9226289530308641,0.9265732558936238,0.9554841726209812,1.000982815025614
hgb_quantile,dead13,0.8,2,13,0.95,26,erratic,1777,0.8883800988597198,0.872972834706093,0.14756485305916264,1.4668586894749966,0.14491330354186002,0.0067541876372199895,0.04727068092290377,0.88128306462043,0.8963622812059786,1.363077743488201,1.6122138257278282
hgb_quantile,dead13,0.8,2,13,0.95,26,intermittent,10285,0.8861030149317852,0.8972687497237813,0.15359354041535342,1.3403775020150126,0.07246320261862955,0.011561935279175314,0.1006319883325231,0.881902099625052,0.8899752339114392,1.298005290206679,1.3815565261997496
hgb_quantile,dead13,0.8,2,13,0.95,26,lumpy,2217,0.8672832779382117,0.8910280067248944,0.15821748578572917,1.765692257396611,0.10972229789861786,0.009803120289144372,0.09878213802435724,0.8601541070135069,0.8740375592567746,1.6615233400780398,1.8880200918959689
hgb_quantile,dead26,0.8,2,13,0.95,26,all,30381,0.9173164827762041,0.8861369695772776,0.14141729474200598,1.1181839513864726,0.044381595437174765,0.0004456652509774412,0.00957835489286067,0.9156176088602709,0.9188416813159879,1.1013138154634843,1.1379163527770508
hgb_quantile,dead26,0.8,2,13,0.95,26,smooth,16102,0.926996897114231,0.874476349634715,0.1391454007791842,0.9855695172432168,0.020530939202265477,7.928116661690663e-05,0.0034157247546888585,0.9250695081324899,0.9288168619356897,0.9622668777291804,1.0083460697815363
hgb_quantile,dead26,0.8,2,13,0.95,26,erratic,1777,0.894365650131445,0.8763493119148719,0.14364246872492795,1.4774846783788316,0.14679319184427755,0.00033730053273041714,0.0061902082160945416,0.8882236830831708,0.9005245584333004,1.3774809007417732,1.6248606493892228
hgb_quantile,dead26,0.8,2,13,0.95,26,intermittent,10285,0.8941029597529565,0.9035621160560392,0.14418432546368795,1.395570125393888,0.08673343304935943,0.002051470023115988,0.01750121536217793,0.8902791548577071,0.8977156952028007,1.3482224820699407,1.4414277544557856
hgb_quantile,dead26,0.8,2,13,0.95,26,lumpy,2217,0.8740124230371057,0.8978349120433018,0.1483344744440806,1.7988975462685481,0.117593853865853,0.0009035761637516119,0.02029769959404601,0.8670044011814666,0.88054789658634,1.6907739932017851,1.9205395765538098
hgb_quantile,none,0.9,2,13,0.95,26,all,30381,0.9507994447667809,0.9367008686649252,0.07861719365532414,1.525722532209984,0.06958533775603341,0.0,0.0,0.9495204881765602,0.952022375291744,1.5036265916375224,1.5509119589687408
hgb_quantile,none,0.9,2,13,0.95,26,smooth,16102,0.95726155424721,0.9300651528325109,0.07752413437015944,1.3365542308296283,0.03184988733556529,0.0,0.0,0.9557897310978827,0.9586694722753315,1.3062196403255184,1.3649287944476478
hgb_quantile,none,0.9,2,13,0.95,26,erratic,1777,0.9327954241605305,0.9285312324141812,0.08302380174130092,2.0089415304858353,0.20526311485798623,0.0,0.0,0.9276887146572078,0.9381698868567658,1.87316662753442,2.1886227184390767
hgb_quantile,none,0.9,2,13,0.95,26,intermittent,10285,0.9368369918867415,0.9472532814778805,0.07886164357312295,1.935536348068051,0.14716351260540633,0.0,0.0,0.9341932236086437,0.9395315726206277,1.8709332273485428,2.0012524035375683
hgb_quantile,none,0.9,2,13,0.95,26,lumpy,2217,0.9207849761165295,0.942489851150203,0.08349953859435001,2.496685373871665,0.1952405601264099,0.0,0.0,0.9144092757351595,0.9265630899267172,2.361918142631731,2.6478622365467834
hgb_quantile,quantile,0.9,2,13,0.95,26,all,30381,0.9507994447667809,0.9367008686649252,0.07861719365532414,1.5246603289863123,0.06910051615619829,7.123663143071238e-05,0.00019749185346104473,0.9495204881765602,0.952022375291744,1.5031956908858004,1.549403449092526
hgb_quantile,quantile,0.9,2,13,0.95,26,smooth,16102,0.95726155424721,0.9300651528325109,0.07752413437015944,1.3365542308296283,0.03184988733556529,0.0,0.0,0.9557897310978827,0.9586694722753315,1.3062196403255184,1.3649287944476478
hgb_quantile,quantile,0.9,2,13,0.95,26,erratic,1777,0.9327954241605305,0.9285312324141812,0.08302380174130092,1.9952737040504682,0.19901630899181894,0.0009117335611985821,0.0028137310073157004,0.9276887146572078,0.9381698868567658,1.8624774451907282,2.171987490134751
hgb_quantile,quantile,0.9,2,13,0.95,26,intermittent,10285,0.9368369918867415,0.9472532814778805,0.07886164357312295,1.9355274800420146,0.14716351260540633,2.956008678841481e-06,9.722897423432182e-05,0.9341932236086437,0.9395315726206277,1.870924852706672,2.0012524035375683
hgb_quantile,quantile,0.9,2,13,0.95,26,lumpy,2217,0.9207849761165295,0.942489851150203,0.08349953859435001,2.496685373871665,0.1952405601264099,0.0,0.0,0.9144092757351595,0.9265630899267172,2.361918142631731,2.6478622365467834
hgb_quantile,fixed,0.9,2,13,0.95,26,all,30381,0.9482211229463344,0.9327974122582595,0.08346526631880956,1.4984005075728983,0.06478947830194083,0.007267246999295725,0.06938547118264705,0.9468809256637389,0.9495164546424968,1.4773246682414665,1.5239583305345143
hgb_quantile,fixed,0.9,2,13,0.95,26,smooth,16102,0.9560306213131801,0.9283093009338196,0.0794705302520614,1.3257106202473614,0.029938970974138397,0.0030399850086521305,0.028505775680039747,0.9545466011971174,0.9573997912007508,1.2958323715517115,1.3531640939598377
hgb_quantile,fixed,0.9,2,13,0.95,26,erratic,1777,0.932067672708094,0.9266895175730291,0.08516328410542894,1.9749641234887911,0.19678562813536174,0.00609798478263536,0.04051772650534609,0.9269778536985335,0.9374570572142998,1.8412885444389329,2.1531607923353846
hgb_quantile,fixed,0.9,2,13,0.95,26,intermittent,10285,0.9283325549177146,0.9404339947849913,0.08905716230235032,1.8554107768193737,0.13241204396176107,0.022768164180663367,0.1207583859990277,0.9248544029590466,0.9316912674692222,1.7906994926404731,1.9148732511249167
hgb_quantile,fixed,0.9,2,13,0.95,26,lumpy,2217,0.9133929057919686,0.9348628367572888,0.09457327419402851,2.384891661672025,0.1845220581557965,0.026317223342232878,0.15110509697789806,0.9069573026949745,0.919589900752762,2.253667597641548,2.5336819084119084
hgb_quantile,dead13,0.9,2,13,0.95,26,all,30381,0.9446764262438289,0.9295971465419476,0.08743997978266363,1.491363312055951,0.06142644294239336,0.006423672011952523,0.06059708370363056,0.9432468804893487,0.9462072935741571,1.4701873070148486,1.5162035950900947
hgb_quantile,dead13,0.9,2,13,0.95,26,smooth,16102,0.953770562051054,0.9261554182992514,0.08185815092391219,1.3230325330158008,0.0297693573267701,0.0036119887975493165,0.03148677182958639,0.9522976693056885,0.9552395791734587,1.2934112127365534,1.3512410589175246
hgb_quantile,dead13,0.9,2,13,0.95,26,erratic,1777,0.9246041318293137,0.9237223103289507,0.08861022791430184,1.989915736194187,0.20036101378230417,0.009775582712223363,0.04727068092290377,0.9174809566431029,0.9320157993417648,1.8547436929442636,2.1638262549007243
hgb_quantile,dead13,0.9,2,13,0.95,26,intermittent,10285,0.9212164566915169,0.935899588986609,0.09583655453578344,1.8098862724927627,0.11256638702824566,0.01608167254912394,0.1002430724355858,0.9171760966352686,0.9244689405529057,1.7530977337021862,1.8619761212095678
hgb_quantile,dead13,0.9,2,13,0.95,26,lumpy,2217,0.9083029114222925,0.9300651986714233,0.1015390111035037,2.4157449281679653,0.1753119381027625,0.012927041900506728,0.09878213802435724,0.9013077988285108,0.9148145199613312,2.28184219330466,2.569868833257203
hgb_quantile,dead26,0.9,2,13,0.95,26,all,30381,0.949455309485086,0.9347588654392249,0.08102915161515706,1.5143757584757709,0.0669158520860989,0.0007206164364327297,0.00957835489286067,0.9481498377984376,0.9507113836630245,1.493866489594209,1.5405168390583222
hgb_quantile,dead26,0.9,2,13,0.95,26,smooth,16102,0.956726679379318,0.9292888517518998,0.07838467917325113,1.3323359485926063,0.030656345409041674,0.00013759541313678012,0.0034778288411377468,0.955248193997551,0.9581198350949587,1.3025865988098202,1.3605466481124873
hgb_quantile,dead26,0.9,2,13,0.95,26,erratic,1777,0.9325930438408923,0.9279429068399243,0.08370724749650849,2.005022711569204,0.20514168666620328,0.0006050967132618393,0.0061902082160945416,0.9275479442932155,0.9379641722443167,1.8690720249916148,2.182084024431565
hgb_quantile,dead26,0.9,2,13,0.95,26,intermittent,10285,0.931787143727054,0.9436292924382375,0.0842798712840539,1.89264761814674,0.13706834883267216,0.0032181081150320923,0.017403986387943608,0.928479918318509,0.9349053751444729,1.8289357274615898,1.9546767688926074
hgb_quantile,dead26,0.9,2,13,0.95,26,lumpy,2217,0.9171570497103108,0.9387993603149218,0.08885779775548477,2.465991027806535,0.19044570369966765,0.0015892043081058502,0.02029769959404601,0.9106976326831944,0.9234905176166709,2.330275440047866,2.6191572095201403
hgb_quantile,none,0.95,2,13,0.95,26,all,30381,0.9701220240659235,0.964288385982866,0.04435363986383029,1.9682500396243847,0.10991034814404778,0.0,0.0,0.9691291622894954,0.9711250913057828,1.9407805170019958,2.0008084293254553
hgb_quantile,none,0.95,2,13,0.95,26,smooth,16102,0.974145166655346,0.960340894976344,0.043962887049583024,1.705221265436622,0.04491494310211261,0.0,0.0,0.972973222424683,0.975354607936638,1.6667417992131193,1.7402596954223661
hgb_quantile,none,0.95,2,13,0.95,26,erratic,1777,0.9577311326347464,0.9564127487594004,0.050634415951029625,2.631913127736734,0.32001275609287416,0.0,0.0,0.9529349270491938,0.9619981571354183,2.45914154588803,2.8694919244122015
hgb_quantile,none,0.95,2,13,0.95,26,intermittent,10285,0.9624714991496548,0.9712467406196137,0.04298901156989844,2.5446997779052145,0.25056686393097916,0.0,0.0,0.9601734756945988,0.9646127542309687,2.456830384835896,2.6337651631306587
hgb_quantile,none,0.95,2,13,0.95,26,lumpy,2217,0.9492589767340489,0.9669906097510969,0.04792665138570536,3.306071668573712,0.346308505421457,0.0,0.0,0.9430823334233684,0.9547284745294051,3.127536527877218,3.4948343806476783
hgb_quantile,quantile,0.95,2,13,0.95,26,all,30381,0.9701220240659235,0.964288385982866,0.04435363986383029,1.9648397247188096,0.10831661493681438,0.0002500421628837477,0.0012507817385866166,0.9691291622894954,0.9711250913057828,1.9377719903725332,1.9961892672655153
hgb_quantile,quantile,0.95,2,13,0.95,26,smooth,16102,0.974145166655346,0.960340894976344,0.043962887049583024,1.705008538559804,0.04491494310211261,4.280746186477603e-05,0.00012420817289777666,0.972973222424683,0.975354607936638,1.6663394197582617,1.7402491708837227
hgb_quantile,quantile,0.95,2,13,0.95,26,erratic,1777,0.9577311326347464,0.9564127487594004,0.050634415951029625,2.590821745867557,0.29958583583072007,0.0026738733140083976,0.005627462014631401,0.9529349270491938,0.9619981571354183,2.42815689533864,2.8126618897674858
hgb_quantile,quantile,0.95,2,13,0.95,26,intermittent,10285,0.9624714991496548,0.9712467406196137,0.04298901156989844,2.5444524585124184,0.2505191736576272,3.744277659865876e-05,0.001652892561983471,0.9601734756945988,0.9646127542309687,2.456523972226256,2.6335151136745467
hgb_quantile,quantile,0.95,2,13,0.95,26,lumpy,2217,0.9492589767340489,0.9669906097510969,0.04792665138570536,3.3053043099220836,0.34628852685301226,0.00015437984707313972,0.0040595399188092015,0.9430823334233684,0.9547284745294051,3.1261568452467197,3.494715644052351
hgb_quantile,fixed,0.95,2,13,0.95,26,all,30381,0.9663645694062942,0.9589396482849628,0.050996744414217546,1.9156344097997486,0.09760656024326436,0.012642518876517407,0.08291366314472862,0.9651313770283126,0.9674684090086714,1.8861986682643297,1.9475987720181327
hgb_quantile,fixed,0.95,2,13,0.95,26,smooth,16102,0.9724527430737636,0.9579160126918169,0.04665091608905857,1.6853026913444402,0.041318941581137275,0.004984230036816601,0.03291516581791082,0.9712776318323996,0.9737487295272199,1.6474729747712604,1.719246302029213
hgb_quantile,fixed,0.95,2,13,0.95,26,erratic,1777,0.956422815416883,0.9538548114800225,0.05360591923454076,2.5615829002939625,0.29136020017253433,0.010734333923438913,0.04952166572875633,0.9515409237369153,0.960996827088246,2.4039661604671707,2.770964707010473
hgb_quantile,fixed,0.95,2,13,0.95,26,intermittent,10285,0.9498178113317607,0.9619657930790648,0.0568649605856972,2.3889358565823415,0.21210249073291276,0.04005096158962323,0.1442877977637336,0.946315843590823,0.9533759445045251,2.3051877526576168,2.4662798739341034
hgb_quantile,fixed,0.95,2,13,0.95,26,lumpy,2217,0.9381254654098331,0.9564112026899577,0.06328699431429166,3.088364300114423,0.309837628725549,0.049792041264825004,0.1880920162381597,0.9315770196914606,0.9445082553931518,2.93417496707782,3.2634741939169913
hgb_quantile,dead13,0.95,2,13,0.95,26,all,30381,0.9624271986218488,0.9557304056662208,0.05498260714444989,1.9107776263668825,0.09214228224080298,0.008417663067233577,0.06059708370363056,0.9612330487036637,0.9638771182781485,1.884576215587605,1.9412567135934862
hgb_quantile,dead13,0.95,2,13,0.95,26,smooth,16102,0.9699157457420226,0.9556492135364325,0.049163706914086336,1.6841414297386494,0.04071304127141656,0.004398685112023415,0.03136256365668861,0.9686225360082096,0.9711876766361577,1.6464810034027633,1.7188722261526164
hgb_quantile,dead13,0.95,2,13,0.95,26,erratic,1777,0.9472666391374919,0.9509131836087379,0.057023148010578555,2.5918275147287897,0.30489269754567866,0.013937666861551418,0.04727068092290377,0.9404154944946429,0.9539296009142295,2.412228234829039,2.822118048345183
hgb_quantile,dead13,0.95,2,13,0.95,26,intermittent,10285,0.9422612678124156,0.95744022627834,0.06363113762959145,2.332702718148514,0.17697860440918253,0.02187347888720068,0.10053475935828877,0.9379939732422408,0.9454110040770857,2.264953091691915,2.397717087641737
hgb_quantile,dead13,0.95,2,13,0.95,26,lumpy,2217,0.9333442307343032,0.9522491491368352,0.06932991992379364,3.1654634119762437,0.29785048765869343,0.01770373599229917,0.09833107803337844,0.9264876951033961,0.9392490098565622,3.0011968517942926,3.349651698531995
hgb_quantile,dead26,0.95,2,13,0.95,26,all,30381,0.9682003802354363,0.9617359533919225,0.04752374793738572,1.947748486142254,0.10344850345164484,0.0012352971321147586,0.009545439583950495,0.9671267575856219,0.9692310950126147,1.9204444566972532,1.979326304093939
hgb_quantile,dead26,0.95,2,13,0.95,26,smooth,16102,0.9734218079119984,0.9593190004629577,0.04509567693583465,1.698172885797336,0.04267777272775917,0.00023216495899110675,0.0034157247546888585,0.972287709418281,0.974679167470619,1.659608393501889,1.7326796886803884
hgb_quantile,dead26,0.95,2,13,0.95,26,erratic,1777,0.9574899116477029,0.9557732644395559,0.051377291771907405,2.6255105503518146,0.3197384183262534,0.0009342202633806099,0.0061902082160945416,0.9527614595081239,0.961840129771148,2.4513401504304606,2.858942171882648
hgb_quantile,dead26,0.95,2,13,0.95,26,intermittent,10285,0.9549681637865288,0.9664383258938436,0.05017807467903609,2.465201865832678,0.2242570072185732,0.005637108550550704,0.017403986387943608,0.95201462181759,0.9580459711107002,2.380071182841052,2.5477219139323517
hgb_quantile,dead26,0.95,2,13,0.95,26,lumpy,2217,0.9444141738861949,0.9622544798458195,0.054803083975828296,3.246431101182368,0.3297362828965292,0.002474618136907681,0.02029769959404601,0.938231642037983,0.9502731225320846,3.075975947733252,3.4309107663963117
hgb_quantile,none,0.99,2,13,0.95,26,all,30381,0.9906502317887677,0.9910560128788627,0.01110838573488531,3.2890446152325494,0.2806837828142658,0.0,0.0,0.989998500356822,0.9913414866344564,3.23558571771748,3.34438823483162
hgb_quantile,none,0.99,2,13,0.95,26,smooth,16102,0.9922787132688499,0.9904896060342588,0.010542456151330716,2.828679732697977,0.11524694772968659,0.0,0.0,0.9915178021688659,0.9929495967860055,2.7707552779776696,2.885631135618451
hgb_quantile,none,0.99,2,13,0.95,26,erratic,1777,0.9861338817363005,0.9879776947869239,0.013966065432502303,4.665273172546598,0.8632330153849928,0.0,0.0,0.9824075222788985,0.9889286799823188,4.374591507739197,5.078228317305124
hgb_quantile,none,0.99,2,13,0.95,26,intermittent,10285,0.9881375371718092,0.9927166659300836,0.010889316180017311,4.192137608116017,0.592189633868765,0.0,0.0,0.9865469555073462,0.9895744237853109,4.035012068328479,4.34394716531906
hgb_quantile,none,0.99,2,13,0.95,26,lumpy,2217,0.9784049837447102,0.9899331611104277,0.014616140267317597,5.641484589258796,0.9906672841860551,0.0,0.0,0.9732853851191273,0.9824583985538661,5.346699681695442,5.949294489151415
hgb_quantile,quantile,0.99,2,13,0.95,26,all,30381,0.9905241001139627,0.9909797092082073,0.011203154499100625,3.270738070204414,0.2718435548380065,0.001658750515830953,0.014515651229386788,0.9898091231328677,0.9912094938324983,3.2182992443627447,3.3224802278121164
hgb_quantile,quantile,0.99,2,13,0.95,26,smooth,16102,0.9922514125916402,0.9904472623389529,0.010589394958772081,2.8261678519892692,0.11465882562096483,0.00036080575000311225,0.003105204322444417,0.9914805284499781,0.9929277655574904,2.769051151278013,2.8831666940296676
hgb_quantile,quantile,0.99,2,13,0.95,26,erratic,1777,0.9859887402949438,0.9879009566685425,0.014055210531007637,4.523359595075821,0.7714018210140275,0.010065865594936812,0.021384355655599326,0.9822398658802787,0.9889084304590299,4.255264038579701,4.868469114641469
hgb_quantile,quantile,0.99,2,13,0.95,26,intermittent,10285,0.9877128572582823,0.9926326954523357,0.011014860480636443,4.1730368653695695,0.5887711083653074,0.002379586986467392,0.022557122022362663,0.9858898015314341,0.9892908321098303,4.017686015086999,4.325866998405247
hgb_quantile,quantile,0.99,2,13,0.95,26,lumpy,2217,0.9776421656768194,0.9896461229343503,0.015032893757628077,5.5730216676655955,0.9696198623295013,0.006647414591619899,0.054578258908434825,0.9725108779188874,0.981822512562841,5.282348451724126,5.8824368898601715
hgb_quantile,fixed,0.99,2,13,0.95,26,all,30381,0.9850109560035266,0.9836680221789336,0.020284231964203422,3.1300501655022095,0.22263363888929874,0.031292237253838964,0.11655310885092657,0.983997591609684,0.9858789305532802,3.0842987422615837,3.17860555989564
hgb_quantile,fixed,0.99,2,13,0.95,26,smooth,16102,0.9896650556355041,0.9870541208884271,0.014350758061740179,2.7673019133843426,0.09785362075777507,0.012571634246930476,0.042106570612346295,0.9887146917905134,0.9904254336670878,2.7112498215247856,2.821375853192715
hgb_quantile,fixed,0.99,2,13,0.95,26,erratic,1777,0.9828528674633773,0.9842431063590321,0.01830446022642855,4.331368131845667,0.6835417782484086,0.04613044740360359,0.09622960045019696,0.9789824002340382,0.9859725111782981,4.091470740346637,4.652435192498274
hgb_quantile,fixed,0.99,2,13,0.95,26,intermittent,10285,0.9702595966821759,0.9802183232421443,0.02957559418795964,3.7839019708695196,0.4431878779996098,0.08872657116787962,0.20068060281964026,0.9670977566451753,0.9735145370492735,3.6539480494009893,3.908600303576971
hgb_quantile,fixed,0.99,2,13,0.95,26,lumpy,2217,0.9610236291977696,0.9746176241440112,0.03685291578602685,4.990115149203582,0.7766768375742386,0.12286365535153199,0.2832656743346865,0.9551537853753713,0.9662707972995369,4.749457392263537,5.267233433355517
hgb_quantile,dead13,0.99,2,13,0.95,26,all,30381,0.9808506732654951,0.9809525091938442,0.023656885043630796,3.156713925587389,0.22920473423738805,0.014362986652095682,0.06089332148382213,0.9797425012091434,0.9819476230714134,3.1129779723475526,3.206593260518758
hgb_quantile,dead13,0.99,2,13,0.95,26,smooth,16102,0.9870778250576973,0.9849087069929201,0.016728990972102703,2.7732576107189884,0.09893328609952166,0.007038988206325851,0.03173518817538194,0.986064589554517,0.9880814229019959,2.718633145190995,2.829324044207703
hgb_quantile,dead13,0.99,2,13,0.95,26,erratic,1777,0.9729403202924088,0.9813782166061288,0.021632543903961014,4.560961449615477,0.8084778955717551,0.026111149724640112,0.04727068092290377,0.9666247140556399,0.9792714362414439,4.24456333181104,4.9678710827971715
hgb_quantile,dead13,0.99,2,13,0.95,26,intermittent,10285,0.9618034411882367,0.976421973748177,0.03525151809489828,3.7418428940507367,0.40428128590318874,0.03808028913706224,0.10072921730675741,0.9579519411349803,0.9652155119007965,3.6395127981533646,3.839397143548875
hgb_quantile,dead13,0.99,2,13,0.95,26,lumpy,2217,0.9567327775658838,0.9728953950875466,0.03935343672788974,5.313241250295138,0.844074538222634,0.03123921611362357,0.09878213802435724,0.9498898979339004,0.9620528601217335,5.024087154089052,5.632740891771864
hgb_quantile,dead26,0.99,2,13,0.95,26,all,30381,0.9878326564266785,0.9877540089350102,0.015209457551026475,3.235530356721002,0.2589718729538309,0.0025442107385810772,0.009677100819591191,0.986984559277186,0.9886412198008683,3.1883453754771,3.288042259621229
hgb_quantile,dead26,0.99,2,13,0.95,26,smooth,16102,0.9910997608242271,0.9890245141766691,0.012166538888801965,2.8050048038271616,0.10497835493108107,0.0004988379739752473,0.0034157247546888585,0.9903108541390335,0.991845178130414,2.7480410888971525,2.8620819557442134
hgb_quantile,dead26,0.99,2,13,0.95,26,erratic,1777,0.9858763067840336,0.987261472348698,0.014798086351885419,4.649732817093164,0.8607279967619149,0.001588378872312328,0.0061902082160945416,0.9820602397415316,0.9887128994607747,4.368874292066863,5.063859204811639
hgb_quantile,dead26,0.99,2,13,0.95,26,intermittent,10285,0.977746181329455,0.9866619525345826,0.019941721014133645,4.007009681913759,0.518274045652598,0.011769841222920498,0.017792902284880896,0.9748619075063661,0.9804239690333093,3.8585282693677536,4.1525977313738025
hgb_quantile,dead26,0.99,2,13,0.95,26,lumpy,2217,0.9707359378121652,0.9839873703202526,0.02324889113803471,5.4897700648395364,0.9289534862601938,0.004676801249568645,0.02029769959404601,0.9653318150132909,0.9753456131541307,5.19157760777029,5.816113684118129
hgb_quantile,none,0.9,2,13,0.9,26,all,30381,0.9507994447667809,0.9367008686649252,0.07861719365532414,1.525722532209984,0.06958533775603341,0.0,0.0,0.9495204881765602,0.952022375291744,1.5036265916375224,1.5509119589687408
hgb_quantile,none,0.9,2,13,0.9,26,smooth,16102,0.95726155424721,0.9300651528325109,0.07752413437015944,1.3365542308296283,0.03184988733556529,0.0,0.0,0.9557897310978827,0.9586694722753315,1.3062196403255184,1.3649287944476478
hgb_quantile,none,0.9,2,13,0.9,26,erratic,1777,0.9327954241605305,0.9285312324141812,0.08302380174130092,2.0089415304858353,0.20526311485798623,0.0,0.0,0.9276887146572078,0.9381698868567658,1.87316662753442,2.1886227184390767
hgb_quantile,none,0.9,2,13,0.9,26,intermittent,10285,0.9368369918867415,0.9472532814778805,0.07886164357312295,1.935536348068051,0.14716351260540633,0.0,0.0,0.9341932236086437,0.9395315726206277,1.8709332273485428,2.0012524035375683
hgb_quantile,none,0.9,2,13,0.9,26,lumpy,2217,0.9207849761165295,0.942489851150203,0.08349953859435001,2.496685373871665,0.1952405601264099,0.0,0.0,0.9144092757351595,0.9265630899267172,2.361918142631731,2.6478622365467834
hgb_quantile,quantile,0.9,2,13,0.9,26,all,30381,0.9507921465818236,0.9366859071608751,0.0786357757659546,1.5219604765207078,0.06857206410281429,0.00038045755494621,0.0019420032257002732,0.9495159035093151,0.9520159816928395,1.500517436787629,1.5467425480090033
hgb_quantile,quantile,0.9,2,13,0.9,26,smooth,16102,0.9572598070038686,0.9300566840934497,0.07753352213164771,1.335929372929653,0.03184988733556529,0.00013300889936555411,0.0004968326915911067,0.9557883812740894,0.9586677046861123,1.3056267764575886,1.364539499324155
hgb_quantile,quantile,0.9,2,13,0.9,26,erratic,1777,0.9327954241605305,0.9285312324141812,0.08302380174130092,1.9675987064013507,0.1922837903585198,0.0034016247664449342,0.007315700619020821,0.9276887146572078,0.9381698868567658,1.837652552986609,2.1390634115795337
hgb_quantile,quantile,0.9,2,13,0.9,26,intermittent,10285,0.9368015197825954,0.9472267644849074,0.07890128914173951,1.935143198913765,0.14712666103054345,8.375357923384196e-05,0.002722411278561011,0.9341382249217074,0.9395192149198971,1.8705154833683912,2.0006434979324172
hgb_quantile,quantile,0.9,2,13,0.9,26,lumpy,2217,0.9207758949490547,0.9424693484233403,0.08352930670080076,2.4956501207795276,0.1952405601264099,0.00018162334949781145,0.0045105999097880016,0.914392101549282,0.9265543861442753,2.361257065658981,2.646520321739649
hgb_quantile,fixed,0.9,2,13,0.9,26,all,30381,0.9482211229463344,0.9327974122582595,0.08346526631880956,1.4984005075728983,0.06478947830194083,0.007267246999295725,0.06938547118264705,0.9468809256637389,0.9495164546424968,1.4773246682414665,1.5239583305345143
hgb_quantile,fixed,0.9,2,13,0.9,26,smooth,16102,0.9560306213131801,0.9283093009338196,0.0794705302520614,1.3257106202473614,0.029938970974138397,0.0030399850086521305,0.028505775680039747,0.9545466011971174,0.9573997912007508,1.2958323715517115,1.3531640939598377
hgb_quantile,fixed,0.9,2,13,0.9,26,erratic,1777,0.932067672708094,0.9266895175730291,0.08516328410542894,1.9749641234887911,0.19678562813536174,0.00609798478263536,0.04051772650534609,0.9269778536985335,0.9374570572142998,1.8412885444389329,2.1531607923353846
hgb_quantile,fixed,0.9,2,13,0.9,26,intermittent,10285,0.9283325549177146,0.9404339947849913,0.08905716230235032,1.8554107768193737,0.13241204396176107,0.022768164180663367,0.1207583859990277,0.9248544029590466,0.9316912674692222,1.7906994926404731,1.9148732511249167
hgb_quantile,fixed,0.9,2,13,0.9,26,lumpy,2217,0.9133929057919686,0.9348628367572888,0.09457327419402851,2.384891661672025,0.1845220581557965,0.026317223342232878,0.15110509697789806,0.9069573026949745,0.919589900752762,2.253667597641548,2.5336819084119084
hgb_quantile,dead13,0.9,2,13,0.9,26,all,30381,0.9446764262438289,0.9295971465419476,0.08743997978266363,1.491363312055951,0.06142644294239336,0.006423672011952523,0.06059708370363056,0.9432468804893487,0.9462072935741571,1.4701873070148486,1.5162035950900947
hgb_quantile,dead13,0.9,2,13,0.9,26,smooth,16102,0.953770562051054,0.9261554182992514,0.08185815092391219,1.3230325330158008,0.0297693573267701,0.0036119887975493165,0.03148677182958639,0.9522976693056885,0.9552395791734587,1.2934112127365534,1.3512410589175246
hgb_quantile,dead13,0.9,2,13,0.9,26,erratic,1777,0.9246041318293137,0.9237223103289507,0.08861022791430184,1.989915736194187,0.20036101378230417,0.009775582712223363,0.04727068092290377,0.9174809566431029,0.9320157993417648,1.8547436929442636,2.1638262549007243
hgb_quantile,dead13,0.9,2,13,0.9,26,intermittent,10285,0.9212164566915169,0.935899588986609,0.09583655453578344,1.8098862724927627,0.11256638702824566,0.01608167254912394,0.1002430724355858,0.9171760966352686,0.9244689405529057,1.7530977337021862,1.8619761212095678
hgb_quantile,dead13,0.9,2,13,0.9,26,lumpy,2217,0.9083029114222925,0.9300651986714233,0.1015390111035037,2.4157449281679653,0.1753119381027625,0.012927041900506728,0.09878213802435724,0.9013077988285108,0.9148145199613312,2.28184219330466,2.569868833257203
hgb_quantile,dead26,0.9,2,13,0.9,26,all,30381,0.949455309485086,0.9347588654392249,0.08102915161515706,1.5143757584757709,0.0669158520860989,0.0007206164364327297,0.00957835489286067,0.9481498377984376,0.9507113836630245,1.493866489594209,1.5405168390583222
hgb_quantile,dead26,0.9,2,13,0.9,26,smooth,16102,0.956726679379318,0.9292888517518998,0.07838467917325113,1.3323359485926063,0.030656345409041674,0.00013759541313678012,0.0034778288411377468,0.955248193997551,0.9581198350949587,1.3025865988098202,1.3605466481124873
hgb_quantile,dead26,0.9,2,13,0.9,26,erratic,1777,0.9325930438408923,0.9279429068399243,0.08370724749650849,2.005022711569204,0.20514168666620328,0.0006050967132618393,0.0061902082160945416,0.9275479442932155,0.9379641722443167,1.8690720249916148,2.182084024431565
hgb_quantile,dead26,0.9,2,13,0.9,26,intermittent,10285,0.931787143727054,0.9436292924382375,0.0842798712840539,1.89264761814674,0.13706834883267216,0.0032181081150320923,0.017403986387943608,0.928479918318509,0.9349053751444729,1.8289357274615898,1.9546767688926074
hgb_quantile,dead26,0.9,2,13,0.9,26,lumpy,2217,0.9171570497103108,0.9387993603149218,0.08885779775548477,2.465991027806535,0.19044570369966765,0.0015892043081058502,0.02029769959404601,0.9106976326831944,0.9234905176166709,2.330275440047866,2.6191572095201403
hgb_quantile,none,0.9,2,13,0.99,26,all,30381,0.9507994447667809,0.9367008686649252,0.07861719365532414,1.525722532209984,0.06958533775603341,0.0,0.0,0.9495204881765602,0.952022375291744,1.5036265916375224,1.5509119589687408
hgb_quantile,none,0.9,2,13,0.99,26,smooth,16102,0.95726155424721,0.9300651528325109,0.07752413437015944,1.3365542308296283,0.03184988733556529,0.0,0.0,0.9557897310978827,0.9586694722753315,1.3062196403255184,1.3649287944476478
hgb_quantile,none,0.9,2,13,0.99,26,erratic,1777,0.9327954241605305,0.9285312324141812,0.08302380174130092,2.0089415304858353,0.20526311485798623,0.0,0.0,0.9276887146572078,0.9381698868567658,1.87316662753442,2.1886227184390767
hgb_quantile,none,0.9,2,13,0.99,26,intermittent,10285,0.9368369918867415,0.9472532814778805,0.07886164357312295,1.935536348068051,0.14716351260540633,0.0,0.0,0.9341932236086437,0.9395315726206277,1.8709332273485428,2.0012524035375683
hgb_quantile,none,0.9,2,13,0.99,26,lumpy,2217,0.9207849761165295,0.942489851150203,0.08349953859435001,2.496685373871665,0.1952405601264099,0.0,0.0,0.9144092757351595,0.9265630899267172,2.361918142631731,2.6478622365467834
hgb_quantile,quantile,0.9,2,13,0.99,26,all,30381,0.9507994447667809,0.9367008686649252,0.07861719365532414,1.525722532209984,0.06958533775603341,0.0,0.0,0.9495204881765602,0.952022375291744,1.5036265916375224,1.5509119589687408
hgb_quantile,quantile,0.9,2,13,0.99,26,smooth,16102,0.95726155424721,0.9300651528325109,0.07752413437015944,1.3365542308296283,0.03184988733556529,0.0,0.0,0.9557897310978827,0.9586694722753315,1.3062196403255184,1.3649287944476478
hgb_quantile,quantile,0.9,2,13,0.99,26,erratic,1777,0.9327954241605305,0.9285312324141812,0.08302380174130092,2.0089415304858353,0.20526311485798623,0.0,0.0,0.9276887146572078,0.9381698868567658,1.87316662753442,2.1886227184390767
hgb_quantile,quantile,0.9,2,13,0.99,26,intermittent,10285,0.9368369918867415,0.9472532814778805,0.07886164357312295,1.935536348068051,0.14716351260540633,0.0,0.0,0.9341932236086437,0.9395315726206277,1.8709332273485428,2.0012524035375683
hgb_quantile,quantile,0.9,2,13,0.99,26,lumpy,2217,0.9207849761165295,0.942489851150203,0.08349953859435001,2.496685373871665,0.1952405601264099,0.0,0.0,0.9144092757351595,0.9265630899267172,2.361918142631731,2.6478622365467834
hgb_quantile,fixed,0.9,2,13,0.99,26,all,30381,0.9482211229463344,0.9327974122582595,0.08346526631880956,1.4984005075728983,0.06478947830194083,0.007267246999295725,0.06938547118264705,0.9468809256637389,0.9495164546424968,1.4773246682414665,1.5239583305345143
hgb_quantile,fixed,0.9,2,13,0.99,26,smooth,16102,0.9560306213131801,0.9283093009338196,0.0794705302520614,1.3257106202473614,0.029938970974138397,0.0030399850086521305,0.028505775680039747,0.9545466011971174,0.9573997912007508,1.2958323715517115,1.3531640939598377
hgb_quantile,fixed,0.9,2,13,0.99,26,erratic,1777,0.932067672708094,0.9266895175730291,0.08516328410542894,1.9749641234887911,0.19678562813536174,0.00609798478263536,0.04051772650534609,0.9269778536985335,0.9374570572142998,1.8412885444389329,2.1531607923353846
hgb_quantile,fixed,0.9,2,13,0.99,26,intermittent,10285,0.9283325549177146,0.9404339947849913,0.08905716230235032,1.8554107768193737,0.13241204396176107,0.022768164180663367,0.1207583859990277,0.9248544029590466,0.9316912674692222,1.7906994926404731,1.9148732511249167
hgb_quantile,fixed,0.9,2,13,0.99,26,lumpy,2217,0.9133929057919686,0.9348628367572888,0.09457327419402851,2.384891661672025,0.1845220581557965,0.026317223342232878,0.15110509697789806,0.9069573026949745,0.919589900752762,2.253667597641548,2.5336819084119084
hgb_quantile,dead13,0.9,2,13,0.99,26,all,30381,0.9446764262438289,0.9295971465419476,0.08743997978266363,1.491363312055951,0.06142644294239336,0.006423672011952523,0.06059708370363056,0.9432468804893487,0.9462072935741571,1.4701873070148486,1.5162035950900947
hgb_quantile,dead13,0.9,2,13,0.99,26,smooth,16102,0.953770562051054,0.9261554182992514,0.08185815092391219,1.3230325330158008,0.0297693573267701,0.0036119887975493165,0.03148677182958639,0.9522976693056885,0.9552395791734587,1.2934112127365534,1.3512410589175246
hgb_quantile,dead13,0.9,2,13,0.99,26,erratic,1777,0.9246041318293137,0.9237223103289507,0.08861022791430184,1.989915736194187,0.20036101378230417,0.009775582712223363,0.04727068092290377,0.9174809566431029,0.9320157993417648,1.8547436929442636,2.1638262549007243
hgb_quantile,dead13,0.9,2,13,0.99,26,intermittent,10285,0.9212164566915169,0.935899588986609,0.09583655453578344,1.8098862724927627,0.11256638702824566,0.01608167254912394,0.1002430724355858,0.9171760966352686,0.9244689405529057,1.7530977337021862,1.8619761212095678
hgb_quantile,dead13,0.9,2,13,0.99,26,lumpy,2217,0.9083029114222925,0.9300651986714233,0.1015390111035037,2.4157449281679653,0.1753119381027625,0.012927041900506728,0.09878213802435724,0.9013077988285108,0.9148145199613312,2.28184219330466,2.569868833257203
hgb_quantile,dead26,0.9,2,13,0.99,26,all,30381,0.949455309485086,0.9347588654392249,0.08102915161515706,1.5143757584757709,0.0669158520860989,0.0007206164364327297,0.00957835489286067,0.9481498377984376,0.9507113836630245,1.493866489594209,1.5405168390583222
hgb_quantile,dead26,0.9,2,13,0.99,26,smooth,16102,0.956726679379318,0.9292888517518998,0.07838467917325113,1.3323359485926063,0.030656345409041674,0.00013759541313678012,0.0034778288411377468,0.955248193997551,0.9581198350949587,1.3025865988098202,1.3605466481124873
hgb_quantile,dead26,0.9,2,13,0.99,26,erratic,1777,0.9325930438408923,0.9279429068399243,0.08370724749650849,2.005022711569204,0.20514168666620328,0.0006050967132618393,0.0061902082160945416,0.9275479442932155,0.9379641722443167,1.8690720249916148,2.182084024431565
hgb_quantile,dead26,0.9,2,13,0.99,26,intermittent,10285,0.931787143727054,0.9436292924382375,0.0842798712840539,1.89264761814674,0.13706834883267216,0.0032181081150320923,0.017403986387943608,0.928479918318509,0.9349053751444729,1.8289357274615898,1.9546767688926074
hgb_quantile,dead26,0.9,2,13,0.99,26,lumpy,2217,0.9171570497103108,0.9387993603149218,0.08885779775548477,2.465991027806535,0.19044570369966765,0.0015892043081058502,0.02029769959404601,0.9106976326831944,0.9234905176166709,2.330275440047866,2.6191572095201403
hgb_quantile,none,0.9,2,13,0.95,13,all,30381,0.9507994447667809,0.9367008686649252,0.07861719365532414,1.525722532209984,0.06958533775603341,0.0,0.0,0.9495204881765602,0.952022375291744,1.5036265916375224,1.5509119589687408
hgb_quantile,none,0.9,2,13,0.95,13,smooth,16102,0.95726155424721,0.9300651528325109,0.07752413437015944,1.3365542308296283,0.03184988733556529,0.0,0.0,0.9557897310978827,0.9586694722753315,1.3062196403255184,1.3649287944476478
hgb_quantile,none,0.9,2,13,0.95,13,erratic,1777,0.9327954241605305,0.9285312324141812,0.08302380174130092,2.0089415304858353,0.20526311485798623,0.0,0.0,0.9276887146572078,0.9381698868567658,1.87316662753442,2.1886227184390767
hgb_quantile,none,0.9,2,13,0.95,13,intermittent,10285,0.9368369918867415,0.9472532814778805,0.07886164357312295,1.935536348068051,0.14716351260540633,0.0,0.0,0.9341932236086437,0.9395315726206277,1.8709332273485428,2.0012524035375683
hgb_quantile,none,0.9,2,13,0.95,13,lumpy,2217,0.9207849761165295,0.942489851150203,0.08349953859435001,2.496685373871665,0.1952405601264099,0.0,0.0,0.9144092757351595,0.9265630899267172,2.361918142631731,2.6478622365467834
hgb_quantile,quantile,0.9,2,13,0.95,13,all,30381,0.9507994447667809,0.9367008686649252,0.07861719365532414,1.5246603289863123,0.06910051615619829,7.123663143071238e-05,0.00019749185346104473,0.9495204881765602,0.952022375291744,1.5031956908858004,1.549403449092526
hgb_quantile,quantile,0.9,2,13,0.95,13,smooth,16102,0.95726155424721,0.9300651528325109,0.07752413437015944,1.3365542308296283,0.03184988733556529,0.0,0.0,0.9557897310978827,0.9586694722753315,1.3062196403255184,1.3649287944476478
hgb_quantile,quantile,0.9,2,13,0.95,13,erratic,1777,0.9327954241605305,0.9285312324141812,0.08302380174130092,1.9952737040504682,0.19901630899181894,0.0009117335611985821,0.0028137310073157004,0.9276887146572078,0.9381698868567658,1.8624774451907282,2.171987490134751
hgb_quantile,quantile,0.9,2,13,0.95,13,intermittent,10285,0.9368369918867415,0.9472532814778805,0.07886164357312295,1.9355274800420146,0.14716351260540633,2.956008678841481e-06,9.722897423432182e-05,0.9341932236086437,0.9395315726206277,1.870924852706672,2.0012524035375683
hgb_quantile,quantile,0.9,2,13,0.95,13,lumpy,2217,0.9207849761165295,0.942489851150203,0.08349953859435001,2.496685373871665,0.1952405601264099,0.0,0.0,0.9144092757351595,0.9265630899267172,2.361918142631731,2.6478622365467834
hgb_quantile,fixed,0.9,2,13,0.95,13,all,30381,0.9434265327417996,0.9274785975684564,0.0900712066479359,1.4676448455696132,0.05806794515001498,0.01662574130123782,0.1336690694842171,0.9417710033242203,0.9449399882378666,1.4459550776212173,1.4908745522027065
hgb_quantile,fixed,0.9,2,13,0.95,13,smooth,16102,0.9538732125973624,0.925740450085252,0.08231815123683757,1.314181653464423,0.029308085084635373,0.007260232894433086,0.053844242951186186,0.952319867973159,0.955306652075494,1.2842281525689005,1.341085659526605
hgb_quantile,fixed,0.9,2,13,0.95,13,erratic,1777,0.9273883944085793,0.9230060878907249,0.08944224883368496,1.8837969001058918,0.14217442321608903,0.0179811847630106,0.10861001688238604,0.9204845049625631,0.9343229540972162,1.7766588340482086,2.042293029535476
hgb_quantile,fixed,0.9,2,13,0.95,13,intermittent,10285,0.9144580355154589,0.9319706545277766,0.1017107062858049,1.7902110787263938,0.12549478658602675,0.04748630875313583,0.22634905201750122,0.9095589286602033,0.918738519917415,1.7294784517563244,1.844994174939739
hgb_quantile,fixed,0.9,2,13,0.95,13,lumpy,2217,0.8953577071868359,0.9228482388157625,0.11201738457416724,2.2473255961786447,0.15845002633538569,0.06611089921720337,0.3035633739287325,0.8871610691596268,0.9027296193530254,2.130364394300651,2.376215310166382
hgb_quantile,dead13,0.9,2,13,0.95,13,all,30381,0.9446764262438289,0.9295971465419476,0.08743997978266363,1.491363312055951,0.06142644294239336,0.006423672011952523,0.06059708370363056,0.9432468804893487,0.9462072935741571,1.4701873070148486,1.5162035950900947
hgb_quantile,dead13,0.9,2,13,0.95,13,smooth,16102,0.953770562051054,0.9261554182992514,0.08185815092391219,1.3230325330158008,0.0297693573267701,0.0036119887975493165,0.03148677182958639,0.9522976693056885,0.9552395791734587,1.2934112127365534,1.3512410589175246
hgb_quantile,dead13,0.9,2,13,0.95,13,erratic,1777,0.9246041318293137,0.9237223103289507,0.08861022791430184,1.989915736194187,0.20036101378230417,0.009775582712223363,0.04727068092290377,0.9174809566431029,0.9320157993417648,1.8547436929442636,2.1638262549007243
hgb_quantile,dead13,0.9,2,13,0.95,13,intermittent,10285,0.9212164566915169,0.935899588986609,0.09583655453578344,1.8098862724927627,0.11256638702824566,0.01608167254912394,0.1002430724355858,0.9171760966352686,0.9244689405529057,1.7530977337021862,1.8619761212095678
hgb_quantile,dead13,0.9,2,13,0.95,13,lumpy,2217,0.9083029114222925,0.9300651986714233,0.1015390111035037,2.4157449281679653,0.1753119381027625,0.012927041900506728,0.09878213802435724,0.9013077988285108,0.9148145199613312,2.28184219330466,2.569868833257203
hgb_quantile,dead26,0.9,2,13,0.95,13,all,30381,0.949455309485086,0.9347588654392249,0.08102915161515706,1.5143757584757709,0.0669158520860989,0.0007206164364327297,0.00957835489286067,0.9481498377984376,0.9507113836630245,1.493866489594209,1.5405168390583222
hgb_quantile,dead26,0.9,2,13,0.95,13,smooth,16102,0.956726679379318,0.9292888517518998,0.07838467917325113,1.3323359485926063,0.030656345409041674,0.00013759541313678012,0.0034778288411377468,0.955248193997551,0.9581198350949587,1.3025865988098202,1.3605466481124873
hgb_quantile,dead26,0.9,2,13,0.95,13,erratic,1777,0.9325930438408923,0.9279429068399243,0.08370724749650849,2.005022711569204,0.20514168666620328,0.0006050967132618393,0.0061902082160945416,0.9275479442932155,0.9379641722443167,1.8690720249916148,2.182084024431565
hgb_quantile,dead26,0.9,2,13,0.95,13,intermittent,10285,0.931787143727054,0.9436292924382375,0.0842798712840539,1.89264761814674,0.13706834883267216,0.0032181081150320923,0.017403986387943608,0.928479918318509,0.9349053751444729,1.8289357274615898,1.9546767688926074
hgb_quantile,dead26,0.9,2,13,0.95,13,lumpy,2217,0.9171570497103108,0.9387993603149218,0.08885779775548477,2.465991027806535,0.19044570369966765,0.0015892043081058502,0.02029769959404601,0.9106976326831944,0.9234905176166709,2.330275440047866,2.6191572095201403
hgb_quantile,none,0.9,2,13,0.95,52,all,30381,0.9507994447667809,0.9367008686649252,0.07861719365532414,1.525722532209984,0.06958533775603341,0.0,0.0,0.9495204881765602,0.952022375291744,1.5036265916375224,1.5509119589687408
hgb_quantile,none,0.9,2,13,0.95,52,smooth,16102,0.95726155424721,0.9300651528325109,0.07752413437015944,1.3365542308296283,0.03184988733556529,0.0,0.0,0.9557897310978827,0.9586694722753315,1.3062196403255184,1.3649287944476478
hgb_quantile,none,0.9,2,13,0.95,52,erratic,1777,0.9327954241605305,0.9285312324141812,0.08302380174130092,2.0089415304858353,0.20526311485798623,0.0,0.0,0.9276887146572078,0.9381698868567658,1.87316662753442,2.1886227184390767
hgb_quantile,none,0.9,2,13,0.95,52,intermittent,10285,0.9368369918867415,0.9472532814778805,0.07886164357312295,1.935536348068051,0.14716351260540633,0.0,0.0,0.9341932236086437,0.9395315726206277,1.8709332273485428,2.0012524035375683
hgb_quantile,none,0.9,2,13,0.95,52,lumpy,2217,0.9207849761165295,0.942489851150203,0.08349953859435001,2.496685373871665,0.1952405601264099,0.0,0.0,0.9144092757351595,0.9265630899267172,2.361918142631731,2.6478622365467834
hgb_quantile,quantile,0.9,2,13,0.95,52,all,30381,0.9507994447667809,0.9367008686649252,0.07861719365532414,1.5246603289863123,0.06910051615619829,7.123663143071238e-05,0.00019749185346104473,0.9495204881765602,0.952022375291744,1.5031956908858004,1.549403449092526
hgb_quantile,quantile,0.9,2,13,0.95,52,smooth,16102,0.95726155424721,0.9300651528325109,0.07752413437015944,1.3365542308296283,0.03184988733556529,0.0,0.0,0.9557897310978827,0.9586694722753315,1.3062196403255184,1.3649287944476478
hgb_quantile,quantile,0.9,2,13,0.95,52,erratic,1777,0.9327954241605305,0.9285312324141812,0.08302380174130092,1.9952737040504682,0.19901630899181894,0.0009117335611985821,0.0028137310073157004,0.9276887146572078,0.9381698868567658,1.8624774451907282,2.171987490134751
hgb_quantile,quantile,0.9,2,13,0.95,52,intermittent,10285,0.9368369918867415,0.9472532814778805,0.07886164357312295,1.9355274800420146,0.14716351260540633,2.956008678841481e-06,9.722897423432182e-05,0.9341932236086437,0.9395315726206277,1.870924852706672,2.0012524035375683
hgb_quantile,quantile,0.9,2,13,0.95,52,lumpy,2217,0.9207849761165295,0.942489851150203,0.08349953859435001,2.496685373871665,0.1952405601264099,0.0,0.0,0.9144092757351595,0.9265630899267172,2.361918142631731,2.6478622365467834
hgb_quantile,fixed,0.9,2,13,0.95,52,all,30381,0.9494126309687055,0.9344506584557932,0.0814119430941444,1.5095862452694673,0.06631584608889475,0.004230567432293866,0.045225634442579245,0.9481239588262513,0.9507034472367898,1.4893690405348683,1.5356601874553562
hgb_quantile,fixed,0.9,2,13,0.95,52,smooth,16102,0.9566384435905764,0.9290347895800635,0.07866631201789934,1.3303768519960397,0.030373816160734157,0.0016105215499533595,0.018817538194013165,0.9551808613262794,0.9580592094040579,1.300974045997553,1.3584127186851025
hgb_quantile,fixed,0.9,2,13,0.95,52,erratic,1777,0.9324663006104118,0.9276359543663989,0.08406382789052982,1.9979721083123116,0.20396338347186505,0.0025532628204866124,0.017445132245357344,0.9274225543438995,0.9378563815782847,1.8618790901903706,2.1778037065050024
hgb_quantile,fixed,0.9,2,13,0.95,52,intermittent,10285,0.9320413604734343,0.9433199275202192,0.08474240291791385,1.8811930845162295,0.13555743426329367,0.014818471507032345,0.08050559066601848,0.9286955730457994,0.9351322276416961,1.8148504372533805,1.9418910805292668
hgb_quantile,fixed,0.9,2,13,0.95,52,lumpy,2217,0.9168800741023266,0.938102267601591,0.08986991337481023,2.438093681323671,0.18872754681341836,0.013635372963548194,0.09562471808750564,0.9107063725634589,0.9229957051332561,2.301322510944329,2.5900269691669022
hgb_quantile,dead13,0.9,2,13,0.95,52,all,30381,0.9446764262438289,0.9295971465419476,0.08743997978266363,1.491363312055951,0.06142644294239336,0.006423672011952523,0.06059708370363056,0.9432468804893487,0.9462072935741571,1.4701873070148486,1.5162035950900947
hgb_quantile,dead13,0.9,2,13,0.95,52,smooth,16102,0.953770562051054,0.9261554182992514,0.08185815092391219,1.3230325330158008,0.0297693573267701,0.0036119887975493165,0.03148677182958639,0.9522976693056885,0.9552395791734587,1.2934112127365534,1.3512410589175246
hgb_quantile,dead13,0.9,2,13,0.95,52,erratic,1777,0.9246041318293137,0.9237223103289507,0.08861022791430184,1.989915736194187,0.20036101378230417,0.009775582712223363,0.04727068092290377,0.9174809566431029,0.9320157993417648,1.8547436929442636,2.1638262549007243
hgb_quantile,dead13,0.9,2,13,0.95,52,intermittent,10285,0.9212164566915169,0.935899588986609,0.09583655453578344,1.8098862724927627,0.11256638702824566,0.01608167254912394,0.1002430724355858,0.9171760966352686,0.9244689405529057,1.7530977337021862,1.8619761212095678
hgb_quantile,dead13,0.9,2,13,0.95,52,lumpy,2217,0.9083029114222925,0.9300651986714233,0.1015390111035037,2.4157449281679653,0.1753119381027625,0.012927041900506728,0.09878213802435724,0.9013077988285108,0.9148145199613312,2.28184219330466,2.569868833257203
hgb_quantile,dead26,0.9,2,13,0.95,52,all,30381,0.949455309485086,0.9347588654392249,0.08102915161515706,1.5143757584757709,0.0669158520860989,0.0007206164364327297,0.00957835489286067,0.9481498377984376,0.9507113836630245,1.493866489594209,1.5405168390583222
hgb_quantile,dead26,0.9,2,13,0.95,52,smooth,16102,0.956726679379318,0.9292888517518998,0.07838467917325113,1.3323359485926063,0.030656345409041674,0.00013759541313678012,0.0034778288411377468,0.955248193997551,0.9581198350949587,1.3025865988098202,1.3605466481124873
hgb_quantile,dead26,0.9,2,13,0.95,52,erratic,1777,0.9325930438408923,0.9279429068399243,0.08370724749650849,2.005022711569204,0.20514168666620328,0.0006050967132618393,0.0061902082160945416,0.9275479442932155,0.9379641722443167,1.8690720249916148,2.182084024431565
hgb_quantile,dead26,0.9,2,13,0.95,52,intermittent,10285,0.931787143727054,0.9436292924382375,0.0842798712840539,1.89264761814674,0.13706834883267216,0.0032181081150320923,0.017403986387943608,0.928479918318509,0.9349053751444729,1.8289357274615898,1.9546767688926074
hgb_quantile,dead26,0.9,2,13,0.95,52,lumpy,2217,0.9171570497103108,0.9387993603149218,0.08885779775548477,2.465991027806535,0.19044570369966765,0.0015892043081058502,0.02029769959404601,0.9106976326831944,0.9234905176166709,2.330275440047866,2.6191572095201403
lgb_quantile,none,0.5,2,13,0.95,26,all,30381,0.8157758835285835,0.7397281793944182,0.3232562547384382,0.5884788313765471,0.019325149529497123,0.0,0.0,0.8133616781784915,0.8179714354970463,0.5776171197074437,0.6003958855591357
lgb_quantile,none,0.5,2,13,0.95,26,smooth,16102,0.8320080128579638,0.7099710933706711,0.3215026676888896,0.5266990794866862,0.01122861565254843,0.0,0.0,0.8292744633119549,0.8344298802934648,0.5107139878283804,0.5387802579458277
lgb_quantile,none,0.5,2,13,0.95,26,erratic,1777,0.7832036600174169,0.7236916150815982,0.3209817846848721,0.7564812808425563,0.055524165027863066,0.0,0.0,0.7747805166062699,0.7901564827856692,0.6945304423565744,0.8274494267730792
lgb_quantile,none,0.5,2,13,0.95,26,intermittent,10285,0.7735894419252681,0.7815176558978212,0.32665305502144165,0.7151136782404259,0.03312956580173852,0.0,0.0,0.7695945264152184,0.778575305279816,0.6875946292580453,0.7426138930112692
lgb_quantile,none,0.5,2,13,0.95,26,lumpy,2217,0.745064385477397,0.7748390535941281,0.3269133450421219,0.916149040120598,0.043633193483354225,0.0,0.0,0.7375454970845926,0.753246697713078,0.8530111793620844,0.981287670390941
lgb_quantile,quantile,0.5,2,13,0.95,26,all,30381,0.8157757248723888,0.7397296755448232,0.32325439652737514,0.5884732784097318,0.019325149529497123,1.903874336678282e-06,3.291530891017412e-05,0.8133616700768331,0.8179712765495805,0.577611498852467,0.6003958855591357
lgb_quantile,quantile,0.5,2,13,0.95,26,smooth,16102,0.8320080128579638,0.7099710933706711,0.3215026676888896,0.5266990794866862,0.01122861565254843,0.0,0.0,0.8292744633119549,0.8344298802934648,0.5107139878283804,0.5387802579458277
lgb_quantile,quantile,0.5,2,13,0.95,26,erratic,1777,0.7832036600174169,0.7236916150815982,0.3209817846848721,0.7564812808425563,0.055524165027863066,0.0,0.0,0.7747805166062699,0.7901564827856692,0.6945304423565744,0.8274494267730792
lgb_quantile,quantile,0.5,2,13,0.95,26,intermittent,10285,0.7735884565890419,0.7815220753966501,0.3266464474266722,0.7150791914725061,0.03312956580173852,1.1824034715365925e-05,9.722897423432182e-05,0.7695935242598134,0.7785723617216432,0.6875611130000536,0.7426112732821641
lgb_quantile,quantile,0.5,2,13,0.95,26,lumpy,2217,0.745064385477397,0.7748390535941281,0.3269133450421219,0.916149040120598,0.043633193483354225,0.0,0.0,0.7375454970845926,0.753246697713078,0.8530111793620844,0.981287670390941
lgb_quantile,fixed,0.5,2,13,0.95,26,all,30381,0.8153541753630094,0.7388020622937183,0.3244064873864633,0.5844302425996007,0.018480114905162465,0.0010012792448980531,0.042296171949573746,0.8129222259556637,0.8175952263662489,0.5738321992122153,0.5959112070719347
lgb_quantile,fixed,0.5,2,13,0.95,26,smooth,16102,0.831774974277302,0.7095561251566717,0.32196266800181494,0.524425479088664,0.01052805843480631,0.0004355004028487929,0.01720283194634207,0.8290256635364223,0.8342003570132682,0.5088507142276949,0.5366090350524473
lgb_quantile,fixed,0.5,2,13,0.95,26,erratic,1777,0.783017633663002,0.7231032895073413,0.32166523044007966,0.7537706111067953,0.055339774069970434,0.0005969197306501928,0.016882386043894203,0.7746161643066832,0.7899210986260807,0.6921347340682129,0.8238003392803184
lgb_quantile,fixed,0.5,2,13,0.95,26,intermittent,10285,0.7725006453952282,0.779961992310072,0.3289789283802803,0.7053430842206286,0.031349851509830697,0.003037791585622762,0.07574137092853671,0.7684179272095678,0.7775096075381869,0.6783499255491492,0.7314927930301396
lgb_quantile,fixed,0.5,2,13,0.95,26,lumpy,2217,0.7432708549011061,0.7728502890884488,0.3298008513678445,0.8985951433916344,0.04262427577689388,0.004277229880673459,0.08976093820478123,0.7358963023665417,0.7514620631299365,0.8375448101013978,0.9602813078044147
lgb_quantile,dead13,0.5,2,13,0.95,26,all,30381,0.813605625440965,0.7368121822550577,0.32687790810031364,0.5807662364386634,0.018034735235335525,0.002392694072620431,0.06000460814324742,0.8109751161179835,0.8158135426724691,0.5703116386602054,0.5921624452066354
lgb_quantile,dead13,0.5,2,13,0.95,26,smooth,16102,0.830565008263369,0.7082942830365511,0.3233614444635677,0.5226950529644058,0.01051508515299627,0.0015755766831249708,0.031176251397341946,0.8277954814013585,0.8331189275076828,0.5078926148938547,0.5347142572129594
lgb_quantile,dead13,0.5,2,13,0.95,26,erratic,1777,0.780012592553222,0.7217220033764772,0.3232698422131757,0.7508309858579085,0.05426490970566951,0.003589695366512803,0.04727068092290377,0.771455730308082,0.7870221583951533,0.6871838935466493,0.8218930991791441
lgb_quantile,dead13,0.5,2,13,0.95,26,intermittent,10285,0.7690736460002247,0.776894860122862,0.3335645991502633,0.6926253495480262,0.029596150094296673,0.005004522693278627,0.09917355371900827,0.7649128740487635,0.7740609594331636,0.6665453687245712,0.7183100016782394
lgb_quantile,dead13,0.5,2,13,0.95,26,lumpy,2217,0.7408507237690477,0.770082420961988,0.33381954573869554,0.8948446212245048,0.040616429648195576,0.004685882417043535,0.09788001804239964,0.73330689970622,0.7491631450039645,0.832854763814332,0.9596438939725838
lgb_quantile,dead26,0.5,2,13,0.95,26,all,30381,0.8155041054670228,0.7391790921957803,0.3239382181985759,0.5861235801658814,0.018582733731909426,9.424177966557495e-05,0.009677100819591191,0.8130774183516268,0.8177279058147001,0.5754547942323828,0.5977307394897551
lgb_quantile,dead26,0.5,2,13,0.95,26,smooth,16102,0.8318653941202204,0.7097509061550795,0.3217467494875847,0.5252785706501121,0.010595327303450959,3.1450380145549735e-05,0.0034157247546888585,0.8291142290990027,0.8343119404653127,0.5096315366801486,0.5375566271045927
lgb_quantile,dead26,0.5,2,13,0.95,26,erratic,1777,0.7831361999108709,0.7235381388448355,0.32116007488188275,0.7555245738769937,0.05551067300655385,9.812379133975771e-05,0.0061902082160945416,0.7746835866181484,0.7900904247020849,0.6928490324067873,0.8267315236025543
lgb_quantile,dead26,0.5,2,13,0.95,26,intermittent,10285,0.772770627521229,0.7804879126707032,0.32819262460271836,0.7088006290386468,0.03156445773991459,0.00033501431693536783,0.017792902284880896,0.7687290504088065,0.7777697908699126,0.6816551647712424,0.7357406620054098
lgb_quantile,dead26,0.5,2,13,0.95,26,lumpy,2217,0.7441744310648577,0.7738139172509944,0.3284017503646593,0.9094925443615033,0.04279409360867433,0.0002815161917216077,0.02029769959404601,0.7367278797172966,0.7523818869956218,0.8474271630953868,0.9753909216050101
lgb_quantile,none,0.8,2,13,0.95,26,all,30381,0.9213582493367775,0.8895706347567708,0.13715270035231683,1.1313954113772675,0.047343928711329336,0.0,0.0,0.9196987226645289,0.9227456142469491,1.1144578002074295,1.1526260048253807
lgb_quantile,none,0.8,2,13,0.95,26,smooth,16102,0.9300777239359889,0.8772936168290782,0.13602240545741867,0.9958424344690925,0.023751196042668555,0.0,0.0,0.9283237447020521,0.9318600011637581,0.9706275917489854,1.0194486723851648
lgb_quantile,none,0.8,2,13,0.95,26,erratic,1777,0.9004861216162624,0.8790607254310124,0.14049267524440615,1.4857332095883296,0.14600615726790656,0.0,0.0,0.8941033534537123,0.906453163616141,1.384311280019298,1.623491100476452
lgb_quantile,none,0.8,2,13,0.95,26,intermittent,10285,0.9008574395841092,0.9079064834047819,0.13768905980534027,1.4205454427214197,0.0906765515596887,0.0,0.0,0.8975832578568578,0.9041666472042121,1.3737049777605495,1.4688312522317277
lgb_quantile,none,0.8,2,13,0.95,26,lumpy,2217,0.8809141103180225,0.9020994792307377,0.1421427083023249,1.8300141666212608,0.11900234294120854,0.0,0.0,0.8737750048444302,0.8879922390906038,1.7232866712018173,1.941529997087915
lgb_quantile,quantile,0.8,2,13,0.95,26,all,30381,0.9213474607155363,0.8895706347567708,0.13715270035231683,1.1313455933321244,0.047343928711329336,7.298184957266747e-06,0.00013166123564069647,0.9196812414899482,0.9227436450004177,1.1144165168616238,1.1525445474126825
lgb_quantile,quantile,0.8,2,13,0.95,26,smooth,16102,0.9300753214763944,0.8772936168290782,0.13602240545741867,0.9958376295499035,0.023751196042668555,2.402459594451716e-06,6.210408644888833e-05,0.9283236218266242,0.9318599404973587,0.9706274746120672,1.0194484271269535
lgb_quantile,quantile,0.8,2,13,0.95,26,erratic,1777,0.9004861216162624,0.8790607254310124,0.14049267524440615,1.4855982893752375,0.14600615726790656,2.248670218202781e-05,0.0005627462014631402,0.8941033534537123,0.906453163616141,1.384308087893981,1.6234839618067107
lgb_quantile,quantile,0.8,2,13,0.95,26,intermittent,10285,0.9008140847901529,0.9079064834047819,0.13768905980534027,1.4203483754761637,0.0906765515596887,2.364806943073185e-05,0.00019445794846864364,0.8975832578568578,0.9040431311319814,1.3735644026602387,1.468771131908238
lgb_quantile,quantile,0.8,2,13,0.95,26,lumpy,2217,0.8808550827294357,0.9020994792307377,0.1421427083023249,1.8298961114440873,0.11900234294120854,0.0,0.0,0.8737130999886492,0.887831268156795,1.7228521893991764,1.941526714110406
lgb_quantile,fixed,0.8,2,13,0.95,26,all,30381,0.9195322751917082,0.8868311833652014,0.14055508480875292,1.114834243147282,0.043854888601932714,0.004027963471632352,0.05822718146209802,0.9178390466285854,0.9210080630826716,1.0980545492365643,1.135347258206515
lgb_quantile,fixed,0.8,2,13,0.95,26,smooth,16102,0.9291569266950608,0.8760374205349984,0.1374149234115125,0.9878182194236237,0.021219484122035337,0.0017627501260745273,0.02434480188796423,0.9273213775206091,0.9308646702046935,0.9637638098405839,1.0101657808371756
lgb_quantile,fixed,0.8,2,13,0.95,26,erratic,1777,0.8999566619921583,0.8777305980457359,0.14203785695183194,1.4694405717346242,0.14220590459914387,0.0028619439140762665,0.031513787281935844,0.8935107112928747,0.9060518294386013,1.36860619705471,1.6094367789268504
lgb_quantile,fixed,0.8,2,13,0.95,26,intermittent,10285,0.8951976683003541,0.903252751138021,0.14464685709754793,1.3777956452080142,0.08357937178903556,0.012259553327381902,0.10228488089450656,0.8914824536671703,0.8988972305145275,1.3322294103156225,1.422242872538426
lgb_quantile,fixed,0.8,2,13,0.95,26,lumpy,2217,0.8750567572967181,0.8963382129823266,0.15050754621498527,1.7560571387057522,0.11292885813400172,0.01577852848762237,0.12133513757329725,0.8680351450561019,0.8814169122975469,1.6545245730288038,1.865783073295123
lgb_quantile,dead13,0.8,2,13,0.95,26,all,30381,0.9164257868990282,0.8840259013558115,0.14403923055196302,1.1085284526880088,0.04188593349417898,0.005098734129819162,0.06109081333728317,0.9145970101577788,0.9180503045637112,1.0922785287085797,1.1294465797621005
lgb_quantile,dead13,0.8,2,13,0.95,26,smooth,16102,0.9271329636894441,0.8741714750285114,0.13948336019276203,0.984659421867755,0.021063324248395972,0.003079297983834068,0.031983604521177496,0.9252430666662551,0.9289406296997357,0.960152864380142,1.0077415046839333
lgb_quantile,dead13,0.8,2,13,0.95,26,erratic,1777,0.8925953333960235,0.8750703432751828,0.1451282203666835,1.4750090968931555,0.14437362268949133,0.008704397990097675,0.04783342712436691,0.8852580668464153,0.9004286172457648,1.3733784641723805,1.6083584660905275
lgb_quantile,dead13,0.8,2,13,0.95,26,intermittent,10285,0.8894679381445331,0.8991558757236929,0.15077209744880765,1.3467309500020692,0.07235264789404088,0.011442709595795374,0.10072921730675741,0.8857245537678705,0.8930946746125322,1.3032540207013625,1.389234345574652
lgb_quantile,dead13,0.8,2,13,0.95,26,lumpy,2217,0.8709838536842296,0.8925862139664575,0.15595510969547227,1.772044534045297,0.10674549120034872,0.009839444959043936,0.09923319801533605,0.8636631824414945,0.8776496753407943,1.668156329641834,1.8842281317362546
lgb_quantile,dead26,0.8,2,13,0.95,26,all,30381,0.9203463401268329,0.8882061455874036,0.13884738884181422,1.123350749023828,0.04473831802539038,0.0004450306261985484,0.009677100819591191,0.9186589562532942,0.9217842709955021,1.1066266232681012,1.1442020482874549
lgb_quantile,dead26,0.8,2,13,0.95,26,smooth,16102,0.9296033473687935,0.8767290342249975,0.13664825622330357,0.9913240631881818,0.021501052386505078,8.932781583006836e-05,0.0034778288411377468,0.9278297816297781,0.9313446948292339,0.9673474369017196,1.0136368900056145
lgb_quantile,dead26,0.8,2,13,0.95,26,erratic,1777,0.9002980510161945,0.8786002967207244,0.14102754583543814,1.4824153988936544,0.14583525833132316,0.00042315885015270515,0.0061902082160945416,0.8937977506320571,0.9063365386778285,1.3799566115798532,1.6179298526281494
lgb_quantile,dead26,0.8,2,13,0.95,26,intermittent,10285,0.8974540882585365,0.9054227250629778,0.1414025280657588,1.3978413253954647,0.08555635039344475,0.001948009719356536,0.017695673310646573,0.8938960517788614,0.9009971403981851,1.3513058659968662,1.443966069226594
lgb_quantile,dead26,0.8,2,13,0.95,26,lumpy,2217,0.8779173250513086,0.8993931192848649,0.1460720983538237,1.8057129624584538,0.11518643636825952,0.0009626037523384006,0.02029769959404601,0.8708187264842875,0.8846110255106219,1.7006936841346747,1.9186193993627594
lgb_quantile,none,0.9,2,13,0.95,26,all,30381,0.9556762188801824,0.9418416414565324,0.07223238044270021,1.5809047432966568,0.07936484213629297,0.0,0.0,0.954399831214648,0.9568593318295675,1.55414892088047,1.6106677198455648
lgb_quantile,none,0.9,2,13,0.95,26,smooth,16102,0.9614634560779061,0.935592416526462,0.07139705537214651,1.3761408679999152,0.0347847319761475,0.0,0.0,0.9601330078794894,0.9629617648519676,1.345114610096012,1.4070380781110547
lgb_quantile,none,0.9,2,13,0.95,26,erratic,1777,0.9390692140693163,0.933877321328081,0.07681335987876267,2.135656141527215,0.2749404102392176,0.0,0.0,0.9337450286344033,0.944274754035304,1.975216614476864,2.368331587286452
lgb_quantile,none,0.9,2,13,0.95,26,intermittent,10285,0.9436555185726025,0.9518849162504972,0.07193688425476243,2.0126970426118502,0.15687281871192907,0.0,0.0,0.9412120745263051,0.9461400854602309,1.9439034694969166,2.0836247230944474
lgb_quantile,none,0.9,2,13,0.95,26,lumpy,2217,0.9276412575600719,0.9470209537868537,0.07692078706873456,2.615930183984453,0.21459979294938158,0.0,0.0,0.9215490501349526,0.9336475425691345,2.469540108175496,2.7693627844387856
lgb_quantile,quantile,0.9,2,13,0.95,26,all,30381,0.9556594013235417,0.9418401453061274,0.07223423865376324,1.579194905486125,0.07890410454681682,0.00016420916153850183,0.0004278990158322636,0.9543794763761178,0.956830439736084,1.5534402920555497,1.6084991412465317
lgb_quantile,quantile,0.9,2,13,0.95,26,smooth,16102,0.9614599615912233,0.9355895936134416,0.07140018462597593,1.3761319133777903,0.0347847319761475,4.586513771226004e-06,0.00012420817289777666,0.9601325799485465,0.9629587321551009,1.3450972659658493,1.4070323171296566
lgb_quantile,quantile,0.9,2,13,0.95,26,erratic,1777,0.9390692140693163,0.933877321328081,0.07681335987876267,2.1153465609655377,0.26900392086316227,0.0019359006333073032,0.0022509848058525606,0.9337450286344033,0.944274754035304,1.9712060031256622,2.3341029174134182
lgb_quantile,quantile,0.9,2,13,0.95,26,intermittent,10285,0.9435816183556315,0.9518849162504972,0.07193688425476243,2.0123886323730247,0.15687281871192907,3.251609546725629e-05,0.0002916869227029655,0.9412102396800798,0.9460565211564006,1.9435428127661527,2.0835207271916367
lgb_quantile,quantile,0.9,2,13,0.95,26,lumpy,2217,0.9275731488040102,0.9470209537868537,0.07692078706873456,2.61371437912058,0.21459979294938158,0.00015437984707313972,0.0018042399639152007,0.921545633449684,0.9336196141557421,2.468184746029679,2.7681784360352117
lgb_quantile,fixed,0.9,2,13,0.95,26,all,30381,0.9527764596092266,0.9377825854077458,0.07727370705674233,1.5449185038657376,0.06913681669355096,0.007873313663138311,0.07030709983213193,0.9514627230192885,0.9540059329991274,1.521297650395339,1.571518119782432
lgb_quantile,fixed,0.9,2,13,0.95,26,smooth,16102,0.9601239756512904,0.9337772834543422,0.07340916558446639,1.3625671896966807,0.031216118494548927,0.0032293425057784613,0.028878400198733077,0.9587202506753406,0.9615731788575006,1.3329513192239035,1.391889087272971
lgb_quantile,fixed,0.9,2,13,0.95,26,erratic,1777,0.9382740025103337,0.9321890827236916,0.07877455204588,2.0525330247885227,0.22008185159594254,0.0069504352198995045,0.037703995498030385,0.9327915667053144,0.9435252967346259,1.915129737499924,2.230685536773237
lgb_quantile,fixed,0.9,2,13,0.95,26,intermittent,10285,0.9339450300626083,0.9448623326114819,0.08243635234338348,1.9229555751309018,0.14010968762870954,0.024459001144960694,0.12134175984443364,0.9306037127345115,0.9372302767757872,1.8558031981770688,1.9877971086646877
lgb_quantile,fixed,0.9,2,13,0.95,26,lumpy,2217,0.9190141484589259,0.9385123221388445,0.08927455124579525,2.4664042209266426,0.1951706351368532,0.030040502006938013,0.16057735678845286,0.9123989070602528,0.9250975466223569,2.3353540481503225,2.6149016415656847
lgb_quantile,dead13,0.9,2,13,0.95,26,all,30381,0.9491357759089136,0.9345494043825238,0.0812893011639834,1.5420430189925745,0.06923559604038562,0.006689897106698036,0.061551627662025606,0.9476454057463165,0.9505192240208494,1.5190028008814682,1.5708404926199633
lgb_quantile,dead13,0.9,2,13,0.95,26,smooth,16102,0.9577918426013309,0.9315838800374883,0.07584059580992912,1.3606072194784433,0.031083502724935194,0.0037611596978230004,0.03216991678052416,0.9562946851159274,0.9592427215074445,1.3310615913605852,1.3904511537339603
lgb_quantile,dead13,0.9,2,13,0.95,26,erratic,1777,0.930078621687811,0.9288126055149127,0.0826969363801147,2.1170759927879015,0.26995735703568025,0.010630077395140419,0.04783342712436691,0.9227713478006407,0.9370479835364138,1.9567422619626338,2.352577144153369
lgb_quantile,dead13,0.9,2,13,0.95,26,intermittent,10285,0.9269225387779072,0.9402881513236399,0.08927521292974144,1.8712244379149496,0.11821334894105916,0.01650339645397199,0.10150704910063199,0.9227891375457347,0.930526912253819,1.8142988250845171,1.9244558213238836
lgb_quantile,dead13,0.9,2,13,0.95,26,lumpy,2217,0.9138696670844003,0.9340632304096445,0.09573423034560771,2.519883216186273,0.19087524292122998,0.013603588877386077,0.10058637798827244,0.9070157779791714,0.9199097733423296,2.3816472875673242,2.6750704945144195
lgb_quantile,dead26,0.9,2,13,0.95,26,all,30381,0.9540752192192307,0.9398008923041016,0.0747669803326941,1.566822102140637,0.07513757475284935,0.000883556348413446,0.009677100819591191,0.9527949499594406,0.9552166721894719,1.5420402726067133,1.5963719979438222
lgb_quantile,dead26,0.9,2,13,0.95,26,smooth,16102,0.9608226545824405,0.9347427197073204,0.07233896077480324,1.3699128191094256,0.03189024865675208,0.00013650338604839296,0.0034157247546888585,0.9594922213128396,0.9622619000354762,1.3400589172676698,1.3996703514848114
lgb_quantile,dead26,0.9,2,13,0.95,26,erratic,1777,0.9388361700648844,0.9332634163810303,0.07752652066680533,2.1309441552972537,0.2745851203447416,0.0006030524676089277,0.0061902082160945416,0.9334416061465781,0.9441510269837695,1.969001637770732,2.364918610144873
lgb_quantile,dead26,0.9,2,13,0.95,26,intermittent,10285,0.9376558062907806,0.9481681177354488,0.07749387145585135,1.9649722824919547,0.14563959159784093,0.004199502996407464,0.017792902284880896,0.9345023114880243,0.9407728463858785,1.8955866556371526,2.032015721508991
lgb_quantile,dead26,0.9,2,13,0.95,26,lumpy,2217,0.9233095406745491,0.9429614138680444,0.08281487214598279,2.5727673949762986,0.20634864418169602,0.0017572059063913257,0.02029769959404601,0.917188979997109,0.9291782398326862,2.4313553054768473,2.7290057004804247
lgb_quantile,none,0.95,2,13,0.95,26,all,30381,0.9739269169277751,0.9692182015673672,0.03823083441109575,2.0476842779802498,0.11934011080865951,0.0,0.0,0.9729569939216065,0.9748363582618432,2.014889085756083,2.083162747759897
lgb_quantile,none,0.95,2,13,0.95,26,smooth,16102,0.9776505736090687,0.9661984394936823,0.03746968535352745,1.7737398498812202,0.048728607462345266,0.0,0.0,0.9765512777391179,0.978731502941191,1.7353304518412582,1.8102827105621526
lgb_quantile,none,0.95,2,13,0.95,26,erratic,1777,0.963037994349705,0.9629099094490203,0.04308679761091136,2.8037708155313608,0.40347889725212494,0.0,0.0,0.9583764790639504,0.9669897835992073,2.6136531806889036,3.0868553029765895
lgb_quantile,none,0.95,2,13,0.95,26,intermittent,10285,0.9668148612350993,0.9747690811861935,0.03772275853866434,2.6198218117968395,0.24900392360885304,0.0,0.0,0.9646524896838776,0.9688978458784859,2.527790469361308,2.715096826789202
lgb_quantile,none,0.95,2,13,0.95,26,lumpy,2217,0.9534726384423982,0.9704555705908886,0.04289584139552883,3.4270237381717794,0.3587052071414301,0.0,0.0,0.9478317970736032,0.9587526014080556,3.2436424288458596,3.6308478765278323
lgb_quantile,quantile,0.95,2,13,0.95,26,all,30381,0.9739072435596294,0.9692137131161521,0.03823640904428489,2.043598087685154,0.11786993904587655,0.0003344472584764849,0.0009545439583950495,0.9729537710104238,0.9748253074422064,2.01252210843459,2.0779067203521264
lgb_quantile,quantile,0.95,2,13,0.95,26,smooth,16102,0.9776466423115505,0.9661927936676415,0.0374759438611863,1.773724998312818,0.048728607462345266,7.207378783355149e-06,0.00018631225934666502,0.9765511216657107,0.9787297554815083,1.7353024787779185,1.8102536306066987
lgb_quantile,quantile,0.95,2,13,0.95,26,erratic,1777,0.963037994349705,0.9629099094490203,0.04308679761091136,2.756227794381595,0.38492736795195204,0.003810473897027258,0.004501969611705121,0.9583764790639504,0.9669897835992073,2.582014655177648,2.998567843192141
lgb_quantile,quantile,0.95,2,13,0.95,26,intermittent,10285,0.9667360343369968,0.9747646616873646,0.03772936613343377,2.6190631029026035,0.24896490429429233,8.276824300756147e-05,0.0010695187165775401,0.9645679736390878,0.9688763216599934,2.5268946193748936,2.7144098472675067
lgb_quantile,quantile,0.95,2,13,0.95,26,lumpy,2217,0.9533545832652246,0.9704555705908886,0.04289584139552883,3.4194863691676205,0.35801594653008595,0.0005766541346555514,0.0031574199368516014,0.9477186433631922,0.9586237787967582,3.239760852101438,3.6235066600916785
lgb_quantile,fixed,0.95,2,13,0.95,26,all,30381,0.9700019213265181,0.9638694638694638,0.044873938961483,1.9890769969618924,0.10178600864961841,0.013022817775268895,0.08383529179421349,0.9688385229345694,0.9710013286176246,1.9588431929000503,2.0218854030294153
lgb_quantile,fixed,0.95,2,13,0.95,26,smooth,16102,0.9759127217006094,0.9637820259482165,0.040148326631514714,1.7527100290238957,0.04388717088760617,0.0050934327456553154,0.033536206682399705,0.9747754731395145,0.9770851877300986,1.7134485042119507,1.7876263228219404
lgb_quantile,fixed,0.95,2,13,0.95,26,erratic,1777,0.9615068543556742,0.9605310277791989,0.04585029566457671,2.6710849629378264,0.31739980129932255,0.01234724374358618,0.051209904333145755,0.957072645802391,0.9658165975565953,2.511415920116241,2.885680763406119
lgb_quantile,fixed,0.95,2,13,0.95,26,intermittent,10285,0.9537029920719847,0.9655146506386176,0.05155906198584653,2.4677755640557226,0.21362424400078037,0.04047465616692384,0.14360719494409335,0.9503418179316654,0.9570702047891689,2.3832639446219845,2.5492428388010766
lgb_quantile,fixed,0.95,2,13,0.95,26,lumpy,2217,0.9410950071741223,0.9595481198999467,0.05873247402732712,3.1823135182259032,0.31120616066401496,0.05287055703881291,0.1980153360396933,0.9343664385848127,0.9466498888914596,3.016386843992867,3.3771362111908485
lgb_quantile,dead13,0.95,2,13,0.95,26,all,30381,0.9660264730553392,0.9606736866043669,0.04884307779214794,1.990813489013138,0.10207222442489905,0.008567910483636438,0.06132122049965439,0.9648472925084142,0.9673996815126267,1.9620234709182172,2.02574472110436
lgb_quantile,dead13,0.95,2,13,0.95,26,smooth,16102,0.9733453660158112,0.9615236955318933,0.042651729695054215,1.7520576520412934,0.04366037870188992,0.004615780097194779,0.031983604521177496,0.9720670733350606,0.9746002622419542,1.7150980433822407,1.787925380490946
lgb_quantile,dead13,0.95,2,13,0.95,26,erratic,1777,0.9518600591195843,0.9572568680615952,0.04965381986747095,2.7680210475532423,0.3901532775390553,0.013935622615898507,0.04783342712436691,0.9450846784287287,0.9587028645763404,2.567501692777959,3.05409207298419
lgb_quantile,dead13,0.95,2,13,0.95,26,intermittent,10285,0.9461385658628294,0.9610023423343793,0.0583054162454325,2.413369238985419,0.1812490516138822,0.021865596197390435,0.10131259115216334,0.9421104183630653,0.9497757314007103,2.3398632136087114,2.4821211318391114
lgb_quantile,dead13,0.95,2,13,0.95,26,lumpy,2217,0.9369812383079968,0.9557141099766269,0.06429910993361712,3.280975862256852,0.311705624875134,0.01753119381027625,0.09968425800631484,0.9301769265432853,0.942851087821797,3.1007646459342784,3.478382719717695
lgb_quantile,dead26,0.95,2,13,0.95,26,all,30381,0.9718700980193836,0.9666343498179185,0.04143996491697513,2.0261143336828527,0.11211979431176292,0.0011810367135194275,0.009644185510681018,0.9708603527923475,0.972830489429825,1.9958180895130482,2.061102138392801
lgb_quantile,dead26,0.95,2,13,0.95,26,smooth,16102,0.9768370134282203,0.9651370241980104,0.038646284793391016,1.76542144273814,0.04510569839391208,0.00018629982127884673,0.0034157247546888585,0.9757448247081587,0.9778957782609659,1.727326067495007,1.8002243810989047
lgb_quantile,dead26,0.95,2,13,0.95,26,erratic,1777,0.9627845078887439,0.9621936870107946,0.04391881853029447,2.7972312736876965,0.4029347190593199,0.0008340522263879406,0.0061902082160945416,0.9581210457702164,0.9667188922138068,2.607977967276876,3.082183951144318
lgb_quantile,dead26,0.95,2,13,0.95,26,intermittent,10285,0.9590307050474833,0.9699739249569099,0.0448919988634937,2.5414393003324522,0.22499187097613318,0.005531677574338692,0.017695673310646573,0.9560581614256399,0.9620972995041088,2.4535673023548865,2.6289692113782204
lgb_quantile,dead26,0.95,2,13,0.95,26,lumpy,2217,0.9479558292014021,0.9655759215975724,0.049980650730807014,3.3583746526453444,0.33924608147623464,0.0025835921466063677,0.02029769959404601,0.9420383432361757,0.953564523746687,3.179279269929643,3.560817448652619
lgb_quantile,none,0.99,2,13,0.95,26,all,30381,0.9915499710690429,0.9924788519140252,0.00934122701392915,3.317417261191092,0.26930740383411733,0.0,0.0,0.9909422912355696,0.9921816214143828,3.2595664588953763,3.3758025124687108
lgb_quantile,none,0.99,2,13,0.95,26,smooth,16102,0.9931224133973378,0.992132541412134,0.00872123042260573,2.8574817287487706,0.10996634154108173,0.0,0.0,0.9924392641648041,0.9938026684385076,2.7969959265965314,2.9121660302306402
lgb_quantile,none,0.99,2,13,0.95,26,erratic,1777,0.9876445792738022,0.990151941474395,0.011440287641517844,4.744410010262113,0.8710988638082661,0.0,0.0,0.9841953905724259,0.9904277062239636,4.413297888045361,5.188336942606292
lgb_quantile,none,0.99,2,13,0.95,26,intermittent,10285,0.9888578179532201,0.9936933751712556,0.009429037735973728,4.193737794147497,0.549027768745529,0.0,0.0,0.9871581431099906,0.9902817623176646,4.046018249150156,4.348455108402176
lgb_quantile,none,0.99,2,13,0.95,26,lumpy,2217,0.9799397010479667,0.9912248329027761,0.012740749560920429,5.671547794184421,0.9562941571768467,0.0,0.0,0.9749106806539002,0.9843137834391094,5.378956760157368,5.9730432648896015
lgb_quantile,quantile,0.99,2,13,0.95,26,all,30381,0.9914663592544237,0.9924594019587601,0.00936538375774874,3.304804886991572,0.26428815645785453,0.001046178948004716,0.007241367960238307,0.9907884645723437,0.9921321968876965,3.2519171179525985,3.3607974089829926
lgb_quantile,quantile,0.99,2,13,0.95,26,smooth,16102,0.9931145508023014,0.9921156039340115,0.008740005945582276,2.857057367022223,0.10996057563805504,9.369592418361693e-05,0.0018010185070177617,0.9924363820440164,0.9937959816434007,2.7966291715079827,2.911610622304021
lgb_quantile,quantile,0.99,2,13,0.95,26,erratic,1777,0.9876036943607439,0.9901263621016013,0.011470002674352955,4.620900776404499,0.8125614806880113,0.009258388562036722,0.015756893640967922,0.9841140197306397,0.9904277062239636,4.327789581343103,4.982528538197448
lgb_quantile,quantile,0.99,2,13,0.95,26,intermittent,10285,0.9885582757404309,0.9936801166747691,0.009448860520282012,4.186608886550357,0.5482777308100842,0.0008276824300756147,0.009139523578026252,0.9868804018313581,0.9901638101461406,4.038615967717703,4.34045612966292
lgb_quantile,quantile,0.99,2,13,0.95,26,lumpy,2217,0.9791814235638133,0.991163324722188,0.012830053880272675,5.62660055576745,0.946244937249133,0.0036143046550064476,0.03112313937753721,0.9739824816442656,0.9833554217175517,5.348091967206293,5.938040682043555
lgb_quantile,fixed,0.99,2,13,0.95,26,all,30381,0.9858399346209553,0.9852060647952817,0.018373990991392766,3.169429426313479,0.21469045303800435,0.02983672532344842,0.11760639873605214,0.9848707834380592,0.9867680937921347,3.1248891023318244,3.2206980102212
lgb_quantile,fixed,0.99,2,13,0.95,26,smooth,16102,0.9905465399012502,0.9888099727871185,0.012404362179838218,2.8060363326148523,0.09720399568343531,0.011537047783392495,0.04372127686001739,0.9896721864537553,0.9912352933651778,2.748702445162642,2.8570860702908596
lgb_quantile,fixed,0.99,2,13,0.95,26,erratic,1777,0.9844535118096072,0.9865196705376784,0.015659822304103645,4.378510480847463,0.6390765733536667,0.03968289661432035,0.09791783905458638,0.9811311715307364,0.9873404881439058,4.12889421060482,4.689201004284112
lgb_quantile,fixed,0.99,2,13,0.95,26,intermittent,10285,0.9706369804568413,0.9813276174481814,0.027917087900833217,3.8205180503743295,0.42491816782640734,0.08752938765294882,0.2013612056392805,0.9676215802139313,0.9736843320348503,3.6879566240319517,3.943236310779326
lgb_quantile,fixed,0.99,2,13,0.95,26,lumpy,2217,0.961128062623731,0.9759708041169476,0.034888220760277436,5.0383906355001,0.7458099493270856,0.12255489565738571,0.2814614343707713,0.954789556079279,0.9668194357291952,4.80502869674389,5.310771096153322
lgb_quantile,dead13,0.99,2,13,0.95,26,all,30381,0.9819293767334181,0.9824501557492572,0.021796815769522367,3.2039987072693252,0.2250762462007791,0.013583826079810095,0.060959152101642475,0.9809425221485581,0.9829718033779509,3.1577251049040953,3.262501618876547
lgb_quantile,dead13,0.99,2,13,0.95,26,smooth,16102,0.9880141290832803,0.9866165693702645,0.014835792405300956,2.8137305370742105,0.09739090703988366,0.006831284654114616,0.03173518817538194,0.9870475878417598,0.9889846185488204,2.7558345010743626,2.8654030246877626
lgb_quantile,dead13,0.99,2,13,0.95,26,erratic,1777,0.9744775930233984,0.9835013045480124,0.019166196178646778,4.659483868857553,0.8247987440154708,0.02550605301137827,0.04727068092290377,0.9686765842862991,0.9804124619376835,4.315623657053413,5.09717416184434
lgb_quantile,dead13,0.99,2,13,0.95,26,intermittent,10285,0.9631641905167301,0.9775356874530429,0.03358640421300243,3.790581565147475,0.38175630270317135,0.03474689668355533,0.1006319883325231,0.9591676440940083,0.9663362815829967,3.685942519600634,3.8980135244928173
lgb_quantile,dead13,0.99,2,13,0.95,26,lumpy,2217,0.9584536588023757,0.9741460614261697,0.037537582234394073,5.381636063132277,0.8255344267058974,0.02996331208340144,0.10013531799729364,0.9518385228661639,0.9637342392675912,5.1013655324149685,5.659985435335372
lgb_quantile,dead26,0.99,2,13,0.95,26,all,30381,0.9888326664220188,0.989236693986373,0.0133679703875485,3.2721448746830246,0.2498827768705288,0.002281634736314198,0.00957835489286067,0.9880481848054407,0.9896172396324547,3.219835333545258,3.329517012334762
lgb_quantile,dead26,0.99,2,13,0.95,26,smooth,16102,0.9920312599306214,0.9907549598581769,0.010248306291364823,2.840767598944752,0.10205312012887666,0.00041082059065124346,0.0034157247546888585,0.9913058849533891,0.9927541521449061,2.782617169352985,2.8932525607112543
lgb_quantile,dead26,0.99,2,13,0.95,26,erratic,1777,0.9873870043215353,0.9894357190361692,0.01227230856090096,4.7312634664682385,0.8691829967823572,0.0015045648005429517,0.0061902082160945416,0.9839215060523188,0.9902266005644694,4.4026381939741395,5.183637581683078
lgb_quantile,dead26,0.99,2,13,0.95,26,intermittent,10285,0.9787068841500786,0.9876784372652141,0.01842197421716521,4.023422427434913,0.476711972426351,0.010531273586485916,0.01750121536217793,0.9758450455709262,0.9812794166720838,3.8790538172579736,4.162232389549597
lgb_quantile,dead26,0.99,2,13,0.95,26,lumpy,2217,0.9722070869430974,0.985279042112601,0.021373500431637542,5.537418950580287,0.9023919795128863,0.004885668101491128,0.02029769959404601,0.9669189109439648,0.9769549733969854,5.2479457328322745,5.82842228217399
lgb_quantile,none,0.9,1,13,0.95,26,all,30381,0.9610833806525434,0.9402946219377541,0.07415377068188914,1.131684482964053,0.04330723914898721,0.0,0.0,0.9601244140025471,0.9620140416457553,1.113396084645401,1.1517340653413435
lgb_quantile,none,0.9,1,13,0.95,26,smooth,16102,0.966015461793139,0.9335373358476079,0.07367515215996745,0.98824454679893,0.018995767521410828,0.0,0.0,0.9648192360528244,0.967036326307685,0.9664059364086582,1.0098977827558806
lgb_quantile,none,0.9,1,13,0.95,26,erratic,1777,0.9471439843983172,0.930986852202384,0.08017115858913024,1.4645589131154713,0.14754874503759366,0.0,0.0,0.9421042796809035,0.951053347908944,1.3572627653032248,1.606394571359607
lgb_quantile,none,0.9,1,13,0.95,26,intermittent,10285,0.9511953113761009,0.9513501568922085,0.07273640322186321,1.461839898628609,0.08819015412629251,0.0,0.0,0.9492531365790622,0.9530082795601166,1.4144288610148565,1.5091740240465024
lgb_quantile,none,0.9,1,13,0.95,26,lumpy,2217,0.9350741931382699,0.9455447574527412,0.07906409073318846,1.8529849797489968,0.11037160137307253,0.0,0.0,0.9303243856665503,0.9397913266129359,1.7534980175166797,1.9552430533066867
lgb_quantile,quantile,0.9,1,13,0.95,26,all,30381,0.9610833806525434,0.9402946219377541,0.07415377068188914,1.1316305398578472,0.04330723914898721,1.0153996462284171e-05,6.583061782034824e-05,0.9601244140025471,0.9620140416457553,1.1133249402281142,1.1515647349648162
lgb_quantile,quantile,0.9,1,13,0.95,26,smooth,16102,0.966015461793139,0.9335373358476079,0.07367515215996745,0.98824454679893,0.018995767521410828,0.0,0.0,0.9648192360528244,0.967036326307685,0.9664059364086582,1.0098977827558806
lgb_quantile,quantile,0.9,1,13,0.95,26,erratic,1777,0.9471439843983172,0.930986852202384,0.08017115858913024,1.4639088429978453,0.14754874503759366,0.00010834501960431582,0.0005627462014631402,0.9421042796809035,0.951053347908944,1.3569141885515386,1.6050373160358915
lgb_quantile,quantile,0.9,1,13,0.95,26,intermittent,10285,0.9511953113761009,0.9513501568922085,0.07273640322186321,1.4618182212316309,0.08819015412629251,1.0838698489085431e-05,9.722897423432182e-05,0.9492531365790622,0.9530082795601166,1.4144070454629878,1.509172899742421
lgb_quantile,quantile,0.9,1,13,0.95,26,lumpy,2217,0.9350741931382699,0.9455447574527412,0.07906409073318846,1.8529849797489968,0.11037160137307253,0.0,0.0,0.9303243856665503,0.9397913266129359,1.7534980175166797,1.9552430533066867
lgb_quantile,fixed,0.9,1,13,0.95,26,all,30381,0.9597359135907594,0.938191034468313,0.07676641543653094,1.116840768041946,0.03910196151413222,0.004754926155854009,0.054573582173068694,0.9587424458310352,0.9606384341814798,1.1008175936340368,1.136233922185575
lgb_quantile,fixed,0.9,1,13,0.95,26,smooth,16102,0.9653541301884118,0.9325097955081808,0.07481420055387793,0.9818620852781424,0.016904666690400055,0.0018988167012875656,0.02241957520804869,0.964124676661081,0.9664401089350647,0.9610409697065395,1.002696398934259
lgb_quantile,fixed,0.9,1,13,0.95,26,erratic,1777,0.9467944183916693,0.9300148360362204,0.08130032983686447,1.4445498366647722,0.13590513064773968,0.0023365727812779805,0.023635340461451885,0.9417996578057861,0.9508128023595803,1.3457302365148651,1.5787181234860743
lgb_quantile,fixed,0.9,1,13,0.95,26,intermittent,10285,0.9468085944967001,0.947845494320944,0.0779762258740196,1.4208400582530778,0.0785588866488912,0.01624720903513906,0.09684005833738454,0.9444264055747733,0.9490486986515232,1.3722366714117062,1.466084616877419
lgb_quantile,fixed,0.9,1,13,0.95,26,lumpy,2217,0.9312510216313409,0.9412186820847173,0.08534516119429643,1.7942389073539295,0.10373871664941245,0.016545887139250624,0.11682453766350925,0.9264685752631205,0.9360694195298689,1.700828258602597,1.894215917098821
lgb_quantile,dead13,0.9,1,13,0.95,26,all,30381,0.9570941292924235,0.9354785137840337,0.08013535209383223,1.1090728020921041,0.03760002678116567,0.004262457327433227,0.060103354069977945,0.9560450110853014,0.958173171223493,1.092891963059626,1.1287358301914427
lgb_quantile,dead13,0.9,1,13,0.95,26,smooth,16102,0.9637331251784099,0.9309289642167545,0.07656658269835558,0.978180425152354,0.01670286008446611,0.002538962980500109,0.031176251397341946,0.9624655519629215,0.9649295277078681,0.9572892458654241,0.9987042214197344
lgb_quantile,dead13,0.9,1,13,0.95,26,erratic,1777,0.9414160080788588,0.9277126924847803,0.08397468279202448,1.452953730543892,0.14548446577728352,0.007001541361222295,0.04727068092290377,0.9359167138040898,0.9468708206926209,1.340115988835337,1.597825240432675
lgb_quantile,dead13,0.9,1,13,0.95,26,intermittent,10285,0.9413320957510332,0.9436602289300393,0.0842336181206679,1.3844988875554005,0.0667988987882335,0.009789315408096706,0.09946524064171124,0.9390048705071502,0.9437842955086987,1.3414369413890463,1.4250393046617826
lgb_quantile,dead13,0.9,1,13,0.95,26,lumpy,2217,0.9265288145443978,0.9367900930823799,0.09177507218765814,1.7972674767068055,0.09786501752665323,0.008540838010134583,0.09788001804239964,0.9206790786377878,0.9312879236826676,1.699162266993349,1.8962722891798116
lgb_quantile,dead26,0.9,1,13,0.95,26,all,30381,0.9601714248452745,0.9390169094918774,0.0757406829297299,1.1233083878198369,0.04047125966831018,0.0004561365598291717,0.009545439583950495,0.9591553804445461,0.9610690209699476,1.1061028942346887,1.1434695027763206
lgb_quantile,dead26,0.9,1,13,0.95,26,smooth,16102,0.965643080555999,0.9329953365476903,0.07427596889521694,0.9841389617574298,0.017069475418579443,8.255724788206806e-05,0.0034157247546888585,0.9644370260350333,0.9666891969680812,0.9630558021856075,1.0047738660424632
lgb_quantile,dead26,0.9,1,13,0.95,26,erratic,1777,0.9470070199395721,0.9305775822376835,0.08064659911449203,1.461827800923181,0.14738684078188308,0.00035978723491244494,0.0061902082160945416,0.9419553342064513,0.9509630690914869,1.354015588207189,1.6040101163381018
lgb_quantile,dead26,0.9,1,13,0.95,26,intermittent,10285,0.9478845816557984,0.9490785344941883,0.0761327069333492,1.4346406774383622,0.0802453881337929,0.002080044773678122,0.017403986387943608,0.9455925342652631,0.950281441045369,1.3859459029059669,1.4813272609411718
lgb_quantile,dead26,0.9,1,13,0.95,26,lumpy,2217,0.9322771935560036,0.9428383975068684,0.08299348078468728,1.8300277883724732,0.10622604842078498,0.0009535225848635101,0.02029769959404601,0.9274798475714291,0.9370751072527141,1.7326282926394332,1.9342456916346407
lgb_quantile,none,0.9,4,13,0.95,26,all,30381,0.9459701088556017,0.9422994634804648,0.07166376785740831,2.434293885533046,0.1649492926868855,0.0,0.0,0.9443148245086687,0.9475676489207348,2.391505117843641,2.478895782831929
lgb_quantile,none,0.9,4,13,0.95,26,smooth,16102,0.9527191583703549,0.9362670927383385,0.07064916370691408,2.1155716292236058,0.07943444353903265,0.0,0.0,0.9512359581392962,0.9545029433940921,2.0606744948120035,2.161929628841175
lgb_quantile,none,0.9,4,13,0.95,26,erratic,1777,0.9273597749694386,0.93515628996777,0.0753276082370071,3.3551406645433763,0.4785979745614071,0.0,0.0,0.9208253660029885,0.9337706462857577,3.1065502558127727,3.6715018159819213
lgb_quantile,none,0.9,4,13,0.95,26,intermittent,10285,0.931190029973928,0.95157113183365,0.07240602348339181,3.0745288614834037,0.3319047928724719,0.0,0.0,0.9284229051559996,0.9351263628574374,2.9609981536324286,3.1909889254914883
lgb_quantile,none,0.9,4,13,0.95,26,lumpy,2217,0.9151047058609855,0.9488251937507689,0.07430119370106868,4.064789589349607,0.4767585680815126,0.0,0.0,0.9071712475801524,0.9227740329687271,3.8243498454551332,4.286007433014611
lgb_quantile,quantile,0.9,4,13,0.95,26,all,30381,0.9458842758542565,0.9422650520211496,0.07170650671185835,2.4281540494534535,0.16301594002922765,0.0005334021266593653,0.0035877686712089793,0.9442305115860514,0.9474902384232031,2.3889865294757904,2.4712083622621863
lgb_quantile,quantile,0.9,4,13,0.95,26,smooth,16102,0.9527023411531937,0.9362501552602162,0.07066793922989063,2.115430539323786,0.07943396304711377,4.084181310567917e-05,0.001304185815426655,0.9512055595887206,0.9544891424360974,2.060552812631097,2.161749417203324
lgb_quantile,quantile,0.9,4,13,0.95,26,erratic,1777,0.9273515979868269,0.9351307105949762,0.07535732326984221,3.2917383856183227,0.45505439737682396,0.0051821627301309545,0.007878446820483961,0.9208170504911475,0.9337706462857577,3.084164270347128,3.5764095144560426
lgb_quantile,quantile,0.9,4,13,0.95,26,intermittent,10285,0.9308973851147226,0.9515357758430194,0.07245888424154723,3.0708151292465526,0.3315015932886779,0.0003438823429718923,0.004375303840544483,0.9278382944788274,0.9348543086513748,2.9587032598465832,3.186266567087059
lgb_quantile,quantile,0.9,4,13,0.95,26,lumpy,2217,0.9143645907117819,0.9486611719358675,0.07453933855267467,4.0499464211118985,0.4755898218274942,0.0013213098675965782,0.013080739738385205,0.9059356336987956,0.9219481840673979,3.8142335915798413,4.27295303920454
lgb_quantile,fixed,0.9,4,13,0.95,26,all,30381,0.937484382280832,0.9316513610480235,0.08488865599310232,2.3342438612348495,0.14294279000408858,0.020743980147667665,0.11085876040946645,0.93556714697436,0.9393746168344355,2.2966392528174135,2.3757196066183583
lgb_quantile,fixed,0.9,4,13,0.95,26,smooth,16102,0.9488782806950796,0.9315358905161414,0.07589379312502934,2.077287998775182,0.0726402878059232,0.008804796008247863,0.04477704632964849,0.9472741449972684,0.9507316354109955,2.0254579800180132,2.1219839482785017
lgb_quantile,fixed,0.9,4,13,0.95,26,erratic,1777,0.9215398075955992,0.9290683992428506,0.08239978605176358,3.1674952675713133,0.3961707190429659,0.024624983134973362,0.08666291502532358,0.914587136832718,0.9288397324506878,2.9700516906209002,3.430941139094495
lgb_quantile,fixed,0.9,4,13,0.95,26,intermittent,10285,0.9051998163333275,0.9336810005745348,0.09915356711003627,2.813551723254526,0.28418417116472655,0.058828514053850596,0.18658240155566358,0.9000096492370583,0.910448792994561,2.7039679200350957,2.9118424836166907
lgb_quantile,fixed,0.9,4,13,0.95,26,lumpy,2217,0.8847963094135382,0.9251445442243819,0.10868335665168338,3.6167747325596182,0.39119035943260866,0.08483626655042772,0.2589084348218313,0.874680523794858,0.8948026238828464,3.4191439945845934,3.841354421028119
lgb_quantile,dead13,0.9,4,13,0.95,26,all,30381,0.9341551406907606,0.9301417452893704,0.08676359095571512,2.3620634316985876,0.14330963485752754,0.012133549803845414,0.0627036634738817,0.9322848486930089,0.9364469727008866,2.3258291601197474,2.404064474945775
lgb_quantile,dead13,0.9,4,13,0.95,26,smooth,16102,0.9459086222309196,0.9293340183602263,0.07833461111198035,2.088700118659663,0.07318852908537707,0.006701115025178868,0.03328779033660415,0.9440116921778683,0.9476725494453782,2.0354005333868623,2.134266461579339
lgb_quantile,dead13,0.9,4,13,0.95,26,erratic,1777,0.9108177391460777,0.9269453113009669,0.08486613377707783,3.3193643213717707,0.4605186660070567,0.01969221837449763,0.04783342712436691,0.9007614742993431,0.9199556694824933,3.068716624486603,3.6352922006713047
lgb_quantile,dead13,0.9,4,13,0.95,26,intermittent,10285,0.9015471749425056,0.9324170239094887,0.10104333921409268,2.8046383717515924,0.24663241637944114,0.030508965574322925,0.10267379679144385,0.8972548786200125,0.9068123328304217,2.7165621548355667,2.890316724334634
lgb_quantile,dead13,0.9,4,13,0.95,26,lumpy,2217,0.89190232296264,0.928014925985156,0.10451582174857857,3.879438420603353,0.4204090157830691,0.02360649485097804,0.10284167794316644,0.881861315404394,0.9007689141217385,3.6508536099091833,4.117460070346664
lgb_quantile,dead26,0.9,4,13,0.95,26,all,30381,0.9430946239824387,0.9387206717116858,0.07610860872021288,2.407532551888112,0.15739214908859156,0.0016942895034489478,0.010104999835423456,0.9412584999497474,0.944773222388521,2.3677983292356988,2.4532366806199772
lgb_quantile,dead26,0.9,4,13,0.95,26,smooth,16102,0.9515364930336316,0.9348358758369937,0.07223569539843225,2.1056287225838406,0.07518593399220423,0.0002765012587796248,0.0036641411004844117,0.94998603905125,0.9533171638934155,2.052326968837854,2.1500026745084755
lgb_quantile,dead26,0.9,4,13,0.95,26,erratic,1777,0.9269018639431863,0.9340307975648438,0.076635069681752,3.347439991168858,0.4780807804112205,0.0010711847221256884,0.0061902082160945416,0.9205164374034887,0.9334327225012626,3.1000830384843656,3.6659965140859514
lgb_quantile,dead26,0.9,4,13,0.95,26,intermittent,10285,0.9206439763440479,0.9449418835904009,0.08231741563753378,2.976281971697202,0.30898311330775396,0.008040343606448829,0.01857073407875547,0.9164932606089906,0.9251954692958573,2.862116615732512,3.0848502186791706
lgb_quantile,dead26,0.9,4,13,0.95,26,lumpy,2217,0.907013385640858,0.9418337638905975,0.08445211800077397,3.975458144899108,0.45558128553006777,0.0033100855445976135,0.02074875958502481,0.8981782777520001,0.9145462575805632,3.7401548115254366,4.211281133982317
lgb_quantile,none,0.9,2,8,0.95,26,all,30381,0.9556762188801824,0.9418416414565324,0.07223238044270021,1.5809047432966568,0.19145903991530722,0.0,0.0,0.954399831214648,0.9568593318295675,1.55414892088047,1.6106677198455648
lgb_quantile,none,0.9,2,8,0.95,26,smooth,16102,0.9614634560779061,0.935592416526462,0.07139705537214651,1.3761408679999152,0.11371738178788567,0.0,0.0,0.9601330078794894,0.9629617648519676,1.345114610096012,1.4070380781110547
lgb_quantile,none,0.9,2,8,0.95,26,erratic,1777,0.9390692140693163,0.933877321328081,0.07681335987876267,2.135656141527215,0.44897549222028243,0.0,0.0,0.9337450286344033,0.944274754035304,1.975216614476864,2.368331587286452
lgb_quantile,none,0.9,2,8,0.95,26,intermittent,10285,0.9436555185726025,0.9518849162504972,0.07193688425476243,2.0126970426118502,0.3524137781535193,0.0,0.0,0.9412120745263051,0.9461400854602309,1.9439034694969166,2.0836247230944474
lgb_quantile,none,0.9,2,8,0.95,26,lumpy,2217,0.9276412575600719,0.9470209537868537,0.07692078706873456,2.615930183984453,0.4939967428879324,0.0,0.0,0.9215490501349526,0.9336475425691345,2.469540108175496,2.7693627844387856
lgb_quantile,quantile,0.9,2,8,0.95,26,all,30381,0.9556157708699928,0.9418221915012672,0.0722565371865198,1.5746257657342917,0.18687656246603765,0.00047343008505399943,0.0030611237286461935,0.9543306902303202,0.956783989983821,1.5511815806498346,1.6020557529299015
lgb_quantile,quantile,0.9,2,8,0.95,26,smooth,16102,0.9614448916174035,0.9355698332222988,0.07142208940278191,1.3757850855745186,0.11364210472059286,8.255724788206806e-05,0.0015526021612222085,0.9601294970888933,0.9629432356750853,1.3447644090393218,1.4066742500178828
lgb_quantile,quantile,0.9,2,8,0.95,26,erratic,1777,0.9390692140693163,0.933877321328081,0.07681335987876267,2.069199759596711,0.3959818307446369,0.0043603759776604835,0.007315700619020821,0.9337450286344033,0.944274754035304,1.9361752548804272,2.244662947925476
lgb_quantile,quantile,0.9,2,8,0.95,26,intermittent,10285,0.9434623926722515,0.9518760772528395,0.07195009944430128,2.0108495371875748,0.351773572362764,0.00014878577016835454,0.0030140982012639766,0.9410677706113907,0.9459437832244529,1.9423889073759852,2.0815945528834665
lgb_quantile,quantile,0.9,2,8,0.95,26,lumpy,2217,0.9271871991863274,0.9469594456062657,0.0770100913880868,2.599752084127936,0.48507298231593987,0.001462067963457382,0.010825439783491205,0.921017326388022,0.933360330087149,2.4582403800492534,2.748521964083927
lgb_quantile,fixed,0.9,2,8,0.95,26,all,30381,0.9527764596092266,0.9377825854077458,0.07727370705674233,1.5449185038657376,0.17541024657764046,0.007873313663138311,0.07030709983213193,0.9514627230192885,0.9540059329991274,1.521297650395339,1.571518119782432
lgb_quantile,fixed,0.9,2,8,0.95,26,smooth,16102,0.9601239756512904,0.9337772834543422,0.07340916558446639,1.3625671896966807,0.10809594666481458,0.0032293425057784613,0.028878400198733077,0.9587202506753406,0.9615731788575006,1.3329513192239035,1.391889087272971
lgb_quantile,fixed,0.9,2,8,0.95,26,erratic,1777,0.9382740025103337,0.9321890827236916,0.07877455204588,2.0525330247885227,0.3880575168956903,0.0069504352198995045,0.037703995498030385,0.9327915667053144,0.9435252967346259,1.915129737499924,2.230685536773237
lgb_quantile,fixed,0.9,2,8,0.95,26,intermittent,10285,0.9339450300626083,0.9448623326114819,0.08243635234338348,1.9229555751309018,0.31905226420411437,0.024459001144960694,0.12134175984443364,0.9306037127345115,0.9372302767757872,1.8558031981770688,1.9877971086646877
lgb_quantile,fixed,0.9,2,8,0.95,26,lumpy,2217,0.9190141484589259,0.9385123221388445,0.08927455124579525,2.4664042209266426,0.4406073484807207,0.030040502006938013,0.16057735678845286,0.9123989070602528,0.9250975466223569,2.3353540481503225,2.6149016415656847
lgb_quantile,dead13,0.9,2,8,0.95,26,all,30381,0.9491357759089136,0.9345494043825238,0.0812893011639834,1.5420430189925745,0.17201684442242296,0.006689897106698036,0.061551627662025606,0.9476454057463165,0.9505192240208494,1.5190028008814682,1.5708404926199633
lgb_quantile,dead13,0.9,2,8,0.95,26,smooth,16102,0.9577918426013309,0.9315838800374883,0.07584059580992912,1.3606072194784433,0.10663941549468499,0.0037611596978230004,0.03216991678052416,0.9562946851159274,0.9592427215074445,1.3310615913605852,1.3904511537339603
lgb_quantile,dead13,0.9,2,8,0.95,26,erratic,1777,0.930078621687811,0.9288126055149127,0.0826969363801147,2.1170759927879015,0.44115311808789437,0.010630077395140419,0.04783342712436691,0.9227713478006407,0.9370479835364138,1.9567422619626338,2.352577144153369
lgb_quantile,dead13,0.9,2,8,0.95,26,intermittent,10285,0.9269225387779072,0.9402881513236399,0.08927521292974144,1.8712244379149496,0.27697499150968613,0.01650339645397199,0.10150704910063199,0.9227891375457347,0.930526912253819,1.8142988250845171,1.9244558213238836
lgb_quantile,dead13,0.9,2,8,0.95,26,lumpy,2217,0.9138696670844003,0.9340632304096445,0.09573423034560771,2.519883216186273,0.4497375542599757,0.013603588877386077,0.10058637798827244,0.9070157779791714,0.9199097733423296,2.3816472875673242,2.6750704945144195
lgb_quantile,dead26,0.9,2,8,0.95,26,all,30381,0.9540752192192307,0.9398008923041016,0.0747669803326941,1.566822102140637,0.18409887327130192,0.000883556348413446,0.009677100819591191,0.9527949499594406,0.9552166721894719,1.5420402726067133,1.5963719979438222
lgb_quantile,dead26,0.9,2,8,0.95,26,smooth,16102,0.9608226545824405,0.9347427197073204,0.07233896077480324,1.3699128191094256,0.10953005487872929,0.00013650338604839296,0.0034157247546888585,0.9594922213128396,0.9622619000354762,1.3400589172676698,1.3996703514848114
lgb_quantile,dead26,0.9,2,8,0.95,26,erratic,1777,0.9388361700648844,0.9332634163810303,0.07752652066680533,2.1309441552972537,0.4478481588842234,0.0006030524676089277,0.0061902082160945416,0.9334416061465781,0.9441510269837695,1.969001637770732,2.364918610144873
lgb_quantile,dead26,0.9,2,8,0.95,26,intermittent,10285,0.9376558062907806,0.9481681177354488,0.07749387145585135,1.9649722824919547,0.33038665250410065,0.004199502996407464,0.017792902284880896,0.9345023114880243,0.9407728463858785,1.8955866556371526,2.032015721508991
lgb_quantile,dead26,0.9,2,8,0.95,26,lumpy,2217,0.9233095406745491,0.9429614138680444,0.08281487214598279,2.5727673949762986,0.4744177458120683,0.0017572059063913257,0.02029769959404601,0.917188979997109,0.9291782398326862,2.4313553054768473,2.7290057004804247
lgb_quantile,none,0.9,2,26,0.95,26,all,30381,0.9556762188801824,0.9418416414565324,0.07223238044270021,1.5809047432966568,,0.0,0.0,0.954399831214648,0.9568593318295675,1.55414892088047,1.6106677198455648
lgb_quantile,none,0.9,2,26,0.95,26,smooth,16102,0.9614634560779061,0.935592416526462,0.07139705537214651,1.3761408679999152,,0.0,0.0,0.9601330078794894,0.9629617648519676,1.345114610096012,1.4070380781110547
lgb_quantile,none,0.9,2,26,0.95,26,erratic,1777,0.9390692140693163,0.933877321328081,0.07681335987876267,2.135656141527215,,0.0,0.0,0.9337450286344033,0.944274754035304,1.975216614476864,2.368331587286452
lgb_quantile,none,0.9,2,26,0.95,26,intermittent,10285,0.9436555185726025,0.9518849162504972,0.07193688425476243,2.0126970426118502,,0.0,0.0,0.9412120745263051,0.9461400854602309,1.9439034694969166,2.0836247230944474
lgb_quantile,none,0.9,2,26,0.95,26,lumpy,2217,0.9276412575600719,0.9470209537868537,0.07692078706873456,2.615930183984453,,0.0,0.0,0.9215490501349526,0.9336475425691345,2.469540108175496,2.7693627844387856
lgb_quantile,quantile,0.9,2,26,0.95,26,all,30381,0.9556762188801824,0.9418416414565324,0.07223238044270021,1.5809047432966568,,0.0,0.0,0.954399831214648,0.9568593318295675,1.55414892088047,1.6106677198455648
lgb_quantile,quantile,0.9,2,26,0.95,26,smooth,16102,0.9614634560779061,0.935592416526462,0.07139705537214651,1.3761408679999152,,0.0,0.0,0.9601330078794894,0.9629617648519676,1.345114610096012,1.4070380781110547
lgb_quantile,quantile,0.9,2,26,0.95,26,erratic,1777,0.9390692140693163,0.933877321328081,0.07681335987876267,2.135656141527215,,0.0,0.0,0.9337450286344033,0.944274754035304,1.975216614476864,2.368331587286452
lgb_quantile,quantile,0.9,2,26,0.95,26,intermittent,10285,0.9436555185726025,0.9518849162504972,0.07193688425476243,2.0126970426118502,,0.0,0.0,0.9412120745263051,0.9461400854602309,1.9439034694969166,2.0836247230944474
lgb_quantile,quantile,0.9,2,26,0.95,26,lumpy,2217,0.9276412575600719,0.9470209537868537,0.07692078706873456,2.615930183984453,,0.0,0.0,0.9215490501349526,0.9336475425691345,2.469540108175496,2.7693627844387856
lgb_quantile,fixed,0.9,2,26,0.95,26,all,30381,0.9527764596092266,0.9377825854077458,0.07727370705674233,1.5449185038657376,,0.007873313663138311,0.07030709983213193,0.9514627230192885,0.9540059329991274,1.521297650395339,1.571518119782432
lgb_quantile,fixed,0.9,2,26,0.95,26,smooth,16102,0.9601239756512904,0.9337772834543422,0.07340916558446639,1.3625671896966807,,0.0032293425057784613,0.028878400198733077,0.9587202506753406,0.9615731788575006,1.3329513192239035,1.391889087272971
lgb_quantile,fixed,0.9,2,26,0.95,26,erratic,1777,0.9382740025103337,0.9321890827236916,0.07877455204588,2.0525330247885227,,0.0069504352198995045,0.037703995498030385,0.9327915667053144,0.9435252967346259,1.915129737499924,2.230685536773237
lgb_quantile,fixed,0.9,2,26,0.95,26,intermittent,10285,0.9339450300626083,0.9448623326114819,0.08243635234338348,1.9229555751309018,,0.024459001144960694,0.12134175984443364,0.9306037127345115,0.9372302767757872,1.8558031981770688,1.9877971086646877
lgb_quantile,fixed,0.9,2,26,0.95,26,lumpy,2217,0.9190141484589259,0.9385123221388445,0.08927455124579525,2.4664042209266426,,0.030040502006938013,0.16057735678845286,0.9123989070602528,0.9250975466223569,2.3353540481503225,2.6149016415656847
lgb_quantile,dead13,0.9,2,26,0.95,26,all,30381,0.9491357759089136,0.9345494043825238,0.0812893011639834,1.5420430189925745,,0.006689897106698036,0.061551627662025606,0.9476454057463165,0.9505192240208494,1.5190028008814682,1.5708404926199633
lgb_quantile,dead13,0.9,2,26,0.95,26,smooth,16102,0.9577918426013309,0.9315838800374883,0.07584059580992912,1.3606072194784433,,0.0037611596978230004,0.03216991678052416,0.9562946851159274,0.9592427215074445,1.3310615913605852,1.3904511537339603
lgb_quantile,dead13,0.9,2,26,0.95,26,erratic,1777,0.930078621687811,0.9288126055149127,0.0826969363801147,2.1170759927879015,,0.010630077395140419,0.04783342712436691,0.9227713478006407,0.9370479835364138,1.9567422619626338,2.352577144153369
lgb_quantile,dead13,0.9,2,26,0.95,26,intermittent,10285,0.9269225387779072,0.9402881513236399,0.08927521292974144,1.8712244379149496,,0.01650339645397199,0.10150704910063199,0.9227891375457347,0.930526912253819,1.8142988250845171,1.9244558213238836
lgb_quantile,dead13,0.9,2,26,0.95,26,lumpy,2217,0.9138696670844003,0.9340632304096445,0.09573423034560771,2.519883216186273,,0.013603588877386077,0.10058637798827244,0.9070157779791714,0.9199097733423296,2.3816472875673242,2.6750704945144195
lgb_quantile,dead26,0.9,2,26,0.95,26,all,30381,0.9540752192192307,0.9398008923041016,0.0747669803326941,1.566822102140637,,0.000883556348413446,0.009677100819591191,0.9527949499594406,0.9552166721894719,1.5420402726067133,1.5963719979438222
lgb_quantile,dead26,0.9,2,26,0.95,26,smooth,16102,0.9608226545824405,0.9347427197073204,0.07233896077480324,1.3699128191094256,,0.00013650338604839296,0.0034157247546888585,0.9594922213128396,0.9622619000354762,1.3400589172676698,1.3996703514848114
lgb_quantile,dead26,0.9,2,26,0.95,26,erratic,1777,0.9388361700648844,0.9332634163810303,0.07752652066680533,2.1309441552972537,,0.0006030524676089277,0.0061902082160945416,0.9334416061465781,0.9441510269837695,1.969001637770732,2.364918610144873
lgb_quantile,dead26,0.9,2,26,0.95,26,intermittent,10285,0.9376558062907806,0.9481681177354488,0.07749387145585135,1.9649722824919547,,0.004199502996407464,0.017792902284880896,0.9345023114880243,0.9407728463858785,1.8955866556371526,2.032015721508991
lgb_quantile,dead26,0.9,2,26,0.95,26,lumpy,2217,0.9233095406745491,0.9429614138680444,0.08281487214598279,2.5727673949762986,,0.0017572059063913257,0.02029769959404601,0.917188979997109,0.9291782398326862,2.4313553054768473,2.7290057004804247
lgb_quantile,none,0.9,2,13,0.9,26,all,30381,0.9556762188801824,0.9418416414565324,0.07223238044270021,1.5809047432966568,0.07936484213629297,0.0,0.0,0.954399831214648,0.9568593318295675,1.55414892088047,1.6106677198455648
lgb_quantile,none,0.9,2,13,0.9,26,smooth,16102,0.9614634560779061,0.935592416526462,0.07139705537214651,1.3761408679999152,0.0347847319761475,0.0,0.0,0.9601330078794894,0.9629617648519676,1.345114610096012,1.4070380781110547
lgb_quantile,none,0.9,2,13,0.9,26,erratic,1777,0.9390692140693163,0.933877321328081,0.07681335987876267,2.135656141527215,0.2749404102392176,0.0,0.0,0.9337450286344033,0.944274754035304,1.975216614476864,2.368331587286452
lgb_quantile,none,0.9,2,13,0.9,26,intermittent,10285,0.9436555185726025,0.9518849162504972,0.07193688425476243,2.0126970426118502,0.15687281871192907,0.0,0.0,0.9412120745263051,0.9461400854602309,1.9439034694969166,2.0836247230944474
lgb_quantile,none,0.9,2,13,0.9,26,lumpy,2217,0.9276412575600719,0.9470209537868537,0.07692078706873456,2.615930183984453,0.21459979294938158,0.0,0.0,0.9215490501349526,0.9336475425691345,2.469540108175496,2.7693627844387856
lgb_quantile,quantile,0.9,2,13,0.9,26,all,30381,0.9556344923009702,0.9417892761923571,0.0722974178299068,1.576182341660721,0.07810619081231496,0.00043820840982545123,0.001843257298969751,0.9543522364226446,0.9568044896760134,1.5516936221380913,1.6044983998667046
lgb_quantile,quantile,0.9,2,13,0.9,26,smooth,16102,0.9614394314819615,0.9354964374837682,0.07150345000234694,1.3760681389958285,0.034783770992309726,3.2324001816259454e-05,0.0016147062476710968,0.9601080142654751,0.9629361384222761,1.3450191604232136,1.4069679696253907
lgb_quantile,quantile,0.9,2,13,0.9,26,erratic,1777,0.9390692140693163,0.933877321328081,0.07681335987876267,2.0795743062852377,0.2589343756260502,0.005014534586592201,0.006752954417557681,0.9337450286344033,0.944274754035304,1.947656089759875,2.2605258699623167
lgb_quantile,quantile,0.9,2,13,0.9,26,intermittent,10285,0.9435441755790328,0.9518804967516683,0.07194349184953185,2.011900890941016,0.1568272961782749,6.897353583963456e-05,0.0009722897423432182,0.9411596479502846,0.9460132252625897,1.9431685917747983,2.083136388209905
lgb_quantile,quantile,0.9,2,13,0.9,26,lumpy,2217,0.9274596342105741,0.9470209537868537,0.07692078706873456,2.6105268893368936,0.2143600501280445,0.000413193120107521,0.0036084799278304014,0.9214026944715329,0.9335373162653018,2.4671814867765245,2.7646569147733393
lgb_quantile,fixed,0.9,2,13,0.9,26,all,30381,0.9527764596092266,0.9377825854077458,0.07727370705674233,1.5449185038657376,0.06913681669355096,0.007873313663138311,0.07030709983213193,0.9514627230192885,0.9540059329991274,1.521297650395339,1.571518119782432
lgb_quantile,fixed,0.9,2,13,0.9,26,smooth,16102,0.9601239756512904,0.9337772834543422,0.07340916558446639,1.3625671896966807,0.031216118494548927,0.0032293425057784613,0.028878400198733077,0.9587202506753406,0.9615731788575006,1.3329513192239035,1.391889087272971
lgb_quantile,fixed,0.9,2,13,0.9,26,erratic,1777,0.9382740025103337,0.9321890827236916,0.07877455204588,2.0525330247885227,0.22008185159594254,0.0069504352198995045,0.037703995498030385,0.9327915667053144,0.9435252967346259,1.915129737499924,2.230685536773237
lgb_quantile,fixed,0.9,2,13,0.9,26,intermittent,10285,0.9339450300626083,0.9448623326114819,0.08243635234338348,1.9229555751309018,0.14010968762870954,0.024459001144960694,0.12134175984443364,0.9306037127345115,0.9372302767757872,1.8558031981770688,1.9877971086646877
lgb_quantile,fixed,0.9,2,13,0.9,26,lumpy,2217,0.9190141484589259,0.9385123221388445,0.08927455124579525,2.4664042209266426,0.1951706351368532,0.030040502006938013,0.16057735678845286,0.9123989070602528,0.9250975466223569,2.3353540481503225,2.6149016415656847
lgb_quantile,dead13,0.9,2,13,0.9,26,all,30381,0.9491357759089136,0.9345494043825238,0.0812893011639834,1.5420430189925745,0.06923559604038562,0.006689897106698036,0.061551627662025606,0.9476454057463165,0.9505192240208494,1.5190028008814682,1.5708404926199633
lgb_quantile,dead13,0.9,2,13,0.9,26,smooth,16102,0.9577918426013309,0.9315838800374883,0.07584059580992912,1.3606072194784433,0.031083502724935194,0.0037611596978230004,0.03216991678052416,0.9562946851159274,0.9592427215074445,1.3310615913605852,1.3904511537339603
lgb_quantile,dead13,0.9,2,13,0.9,26,erratic,1777,0.930078621687811,0.9288126055149127,0.0826969363801147,2.1170759927879015,0.26995735703568025,0.010630077395140419,0.04783342712436691,0.9227713478006407,0.9370479835364138,1.9567422619626338,2.352577144153369
lgb_quantile,dead13,0.9,2,13,0.9,26,intermittent,10285,0.9269225387779072,0.9402881513236399,0.08927521292974144,1.8712244379149496,0.11821334894105916,0.01650339645397199,0.10150704910063199,0.9227891375457347,0.930526912253819,1.8142988250845171,1.9244558213238836
lgb_quantile,dead13,0.9,2,13,0.9,26,lumpy,2217,0.9138696670844003,0.9340632304096445,0.09573423034560771,2.519883216186273,0.19087524292122998,0.013603588877386077,0.10058637798827244,0.9070157779791714,0.9199097733423296,2.3816472875673242,2.6750704945144195
lgb_quantile,dead26,0.9,2,13,0.9,26,all,30381,0.9540752192192307,0.9398008923041016,0.0747669803326941,1.566822102140637,0.07513757475284935,0.000883556348413446,0.009677100819591191,0.9527949499594406,0.9552166721894719,1.5420402726067133,1.5963719979438222
lgb_quantile,dead26,0.9,2,13,0.9,26,smooth,16102,0.9608226545824405,0.9347427197073204,0.07233896077480324,1.3699128191094256,0.03189024865675208,0.00013650338604839296,0.0034157247546888585,0.9594922213128396,0.9622619000354762,1.3400589172676698,1.3996703514848114
lgb_quantile,dead26,0.9,2,13,0.9,26,erratic,1777,0.9388361700648844,0.9332634163810303,0.07752652066680533,2.1309441552972537,0.2745851203447416,0.0006030524676089277,0.0061902082160945416,0.9334416061465781,0.9441510269837695,1.969001637770732,2.364918610144873
lgb_quantile,dead26,0.9,2,13,0.9,26,intermittent,10285,0.9376558062907806,0.9481681177354488,0.07749387145585135,1.9649722824919547,0.14563959159784093,0.004199502996407464,0.017792902284880896,0.9345023114880243,0.9407728463858785,1.8955866556371526,2.032015721508991
lgb_quantile,dead26,0.9,2,13,0.9,26,lumpy,2217,0.9233095406745491,0.9429614138680444,0.08281487214598279,2.5727673949762986,0.20634864418169602,0.0017572059063913257,0.02029769959404601,0.917188979997109,0.9291782398326862,2.4313553054768473,2.7290057004804247
lgb_quantile,none,0.9,2,13,0.99,26,all,30381,0.9556762188801824,0.9418416414565324,0.07223238044270021,1.5809047432966568,0.07936484213629297,0.0,0.0,0.954399831214648,0.9568593318295675,1.55414892088047,1.6106677198455648
lgb_quantile,none,0.9,2,13,0.99,26,smooth,16102,0.9614634560779061,0.935592416526462,0.07139705537214651,1.3761408679999152,0.0347847319761475,0.0,0.0,0.9601330078794894,0.9629617648519676,1.345114610096012,1.4070380781110547
lgb_quantile,none,0.9,2,13,0.99,26,erratic,1777,0.9390692140693163,0.933877321328081,0.07681335987876267,2.135656141527215,0.2749404102392176,0.0,0.0,0.9337450286344033,0.944274754035304,1.975216614476864,2.368331587286452
lgb_quantile,none,0.9,2,13,0.99,26,intermittent,10285,0.9436555185726025,0.9518849162504972,0.07193688425476243,2.0126970426118502,0.15687281871192907,0.0,0.0,0.9412120745263051,0.9461400854602309,1.9439034694969166,2.0836247230944474
lgb_quantile,none,0.9,2,13,0.99,26,lumpy,2217,0.9276412575600719,0.9470209537868537,0.07692078706873456,2.615930183984453,0.21459979294938158,0.0,0.0,0.9215490501349526,0.9336475425691345,2.469540108175496,2.7693627844387856
lgb_quantile,quantile,0.9,2,13,0.99,26,all,30381,0.9556605119169048,0.9418401453061274,0.07223423865376324,1.5808527040647875,0.07936484213629297,2.5384991155710427e-06,3.291530891017412e-05,0.9543810501145334,0.9568320138330507,1.5541243190971106,1.6106368765904693
lgb_quantile,quantile,0.9,2,13,0.99,26,smooth,16102,0.9614610536183117,0.9355895936134416,0.07140018462597593,1.376132786999461,0.0347847319761475,3.49448668283886e-06,6.210408644888833e-05,0.9601330078794894,0.9629593988623895,1.3450989580761092,1.407031433087442
lgb_quantile,quantile,0.9,2,13,0.99,26,erratic,1777,0.9390692140693163,0.933877321328081,0.07681335987876267,2.135656141527215,0.2749404102392176,0.0,0.0,0.9337450286344033,0.944274754035304,1.975216614476864,2.368331587286452
lgb_quantile,quantile,0.9,2,13,0.99,26,intermittent,10285,0.9435826036918578,0.9518849162504972,0.07193688425476243,2.0125512128503606,0.15687281871192907,0.0,0.0,0.9412102641446961,0.9460584365584926,1.9438931498960899,2.0836247230944474
lgb_quantile,quantile,0.9,2,13,0.99,26,lumpy,2217,0.9275776893877477,0.9470209537868537,0.07692078706873456,2.6152808805099985,0.21459979294938158,0.0,0.0,0.921545861228702,0.9336243822083227,2.4682418010231393,2.769346418313689
lgb_quantile,fixed,0.9,2,13,0.99,26,all,30381,0.9527764596092266,0.9377825854077458,0.07727370705674233,1.5449185038657376,0.06913681669355096,0.007873313663138311,0.07030709983213193,0.9514627230192885,0.9540059329991274,1.521297650395339,1.571518119782432
lgb_quantile,fixed,0.9,2,13,0.99,26,smooth,16102,0.9601239756512904,0.9337772834543422,0.07340916558446639,1.3625671896966807,0.031216118494548927,0.0032293425057784613,0.028878400198733077,0.9587202506753406,0.9615731788575006,1.3329513192239035,1.391889087272971
lgb_quantile,fixed,0.9,2,13,0.99,26,erratic,1777,0.9382740025103337,0.9321890827236916,0.07877455204588,2.0525330247885227,0.22008185159594254,0.0069504352198995045,0.037703995498030385,0.9327915667053144,0.9435252967346259,1.915129737499924,2.230685536773237
lgb_quantile,fixed,0.9,2,13,0.99,26,intermittent,10285,0.9339450300626083,0.9448623326114819,0.08243635234338348,1.9229555751309018,0.14010968762870954,0.024459001144960694,0.12134175984443364,0.9306037127345115,0.9372302767757872,1.8558031981770688,1.9877971086646877
lgb_quantile,fixed,0.9,2,13,0.99,26,lumpy,2217,0.9190141484589259,0.9385123221388445,0.08927455124579525,2.4664042209266426,0.1951706351368532,0.030040502006938013,0.16057735678845286,0.9123989070602528,0.9250975466223569,2.3353540481503225,2.6149016415656847
lgb_quantile,dead13,0.9,2,13,0.99,26,all,30381,0.9491357759089136,0.9345494043825238,0.0812893011639834,1.5420430189925745,0.06923559604038562,0.006689897106698036,0.061551627662025606,0.9476454057463165,0.9505192240208494,1.5190028008814682,1.5708404926199633
lgb_quantile,dead13,0.9,2,13,0.99,26,smooth,16102,0.9577918426013309,0.9315838800374883,0.07584059580992912,1.3606072194784433,0.031083502724935194,0.0037611596978230004,0.03216991678052416,0.9562946851159274,0.9592427215074445,1.3310615913605852,1.3904511537339603
lgb_quantile,dead13,0.9,2,13,0.99,26,erratic,1777,0.930078621687811,0.9288126055149127,0.0826969363801147,2.1170759927879015,0.26995735703568025,0.010630077395140419,0.04783342712436691,0.9227713478006407,0.9370479835364138,1.9567422619626338,2.352577144153369
lgb_quantile,dead13,0.9,2,13,0.99,26,intermittent,10285,0.9269225387779072,0.9402881513236399,0.08927521292974144,1.8712244379149496,0.11821334894105916,0.01650339645397199,0.10150704910063199,0.9227891375457347,0.930526912253819,1.8142988250845171,1.9244558213238836
lgb_quantile,dead13,0.9,2,13,0.99,26,lumpy,2217,0.9138696670844003,0.9340632304096445,0.09573423034560771,2.519883216186273,0.19087524292122998,0.013603588877386077,0.10058637798827244,0.9070157779791714,0.9199097733423296,2.3816472875673242,2.6750704945144195
lgb_quantile,dead26,0.9,2,13,0.99,26,all,30381,0.9540752192192307,0.9398008923041016,0.0747669803326941,1.566822102140637,0.07513757475284935,0.000883556348413446,0.009677100819591191,0.9527949499594406,0.9552166721894719,1.5420402726067133,1.5963719979438222
lgb_quantile,dead26,0.9,2,13,0.99,26,smooth,16102,0.9608226545824405,0.9347427197073204,0.07233896077480324,1.3699128191094256,0.03189024865675208,0.00013650338604839296,0.0034157247546888585,0.9594922213128396,0.9622619000354762,1.3400589172676698,1.3996703514848114
lgb_quantile,dead26,0.9,2,13,0.99,26,erratic,1777,0.9388361700648844,0.9332634163810303,0.07752652066680533,2.1309441552972537,0.2745851203447416,0.0006030524676089277,0.0061902082160945416,0.9334416061465781,0.9441510269837695,1.969001637770732,2.364918610144873
lgb_quantile,dead26,0.9,2,13,0.99,26,intermittent,10285,0.9376558062907806,0.9481681177354488,0.07749387145585135,1.9649722824919547,0.14563959159784093,0.004199502996407464,0.017792902284880896,0.9345023114880243,0.9407728463858785,1.8955866556371526,2.032015721508991
lgb_quantile,dead26,0.9,2,13,0.99,26,lumpy,2217,0.9233095406745491,0.9429614138680444,0.08281487214598279,2.5727673949762986,0.20634864418169602,0.0017572059063913257,0.02029769959404601,0.917188979997109,0.9291782398326862,2.4313553054768473,2.7290057004804247
lgb_quantile,none,0.9,2,13,0.95,13,all,30381,0.9556762188801824,0.9418416414565324,0.07223238044270021,1.5809047432966568,0.07936484213629297,0.0,0.0,0.954399831214648,0.9568593318295675,1.55414892088047,1.6106677198455648
lgb_quantile,none,0.9,2,13,0.95,13,smooth,16102,0.9614634560779061,0.935592416526462,0.07139705537214651,1.3761408679999152,0.0347847319761475,0.0,0.0,0.9601330078794894,0.9629617648519676,1.345114610096012,1.4070380781110547
lgb_quantile,none,0.9,2,13,0.95,13,erratic,1777,0.9390692140693163,0.933877321328081,0.07681335987876267,2.135656141527215,0.2749404102392176,0.0,0.0,0.9337450286344033,0.944274754035304,1.975216614476864,2.368331587286452
lgb_quantile,none,0.9,2,13,0.95,13,intermittent,10285,0.9436555185726025,0.9518849162504972,0.07193688425476243,2.0126970426118502,0.15687281871192907,0.0,0.0,0.9412120745263051,0.9461400854602309,1.9439034694969166,2.0836247230944474
lgb_quantile,none,0.9,2,13,0.95,13,lumpy,2217,0.9276412575600719,0.9470209537868537,0.07692078706873456,2.615930183984453,0.21459979294938158,0.0,0.0,0.9215490501349526,0.9336475425691345,2.469540108175496,2.7693627844387856
lgb_quantile,quantile,0.9,2,13,0.95,13,all,30381,0.9556594013235417,0.9418401453061274,0.07223423865376324,1.579194905486125,0.07890410454681682,0.00016420916153850183,0.0004278990158322636,0.9543794763761178,0.956830439736084,1.5534402920555497,1.6084991412465317
lgb_quantile,quantile,0.9,2,13,0.95,13,smooth,16102,0.9614599615912233,0.9355895936134416,0.07140018462597593,1.3761319133777903,0.0347847319761475,4.586513771226004e-06,0.00012420817289777666,0.9601325799485465,0.9629587321551009,1.3450972659658493,1.4070323171296566
lgb_quantile,quantile,0.9,2,13,0.95,13,erratic,1777,0.9390692140693163,0.933877321328081,0.07681335987876267,2.1153465609655377,0.26900392086316227,0.0019359006333073032,0.0022509848058525606,0.9337450286344033,0.944274754035304,1.9712060031256622,2.3341029174134182
lgb_quantile,quantile,0.9,2,13,0.95,13,intermittent,10285,0.9435816183556315,0.9518849162504972,0.07193688425476243,2.0123886323730247,0.15687281871192907,3.251609546725629e-05,0.0002916869227029655,0.9412102396800798,0.9460565211564006,1.9435428127661527,2.0835207271916367
lgb_quantile,quantile,0.9,2,13,0.95,13,lumpy,2217,0.9275731488040102,0.9470209537868537,0.07692078706873456,2.61371437912058,0.21459979294938158,0.00015437984707313972,0.0018042399639152007,0.921545633449684,0.9336196141557421,2.468184746029679,2.7681784360352117
lgb_quantile,fixed,0.9,2,13,0.95,13,all,30381,0.9477705393533206,0.9322049366978764,0.08420111789977552,1.5111732831852833,0.06134755908237699,0.017862624995299812,0.13640104012376156,0.9461660480850983,0.949233808219475,1.4885978431376274,1.5358167790745911
lgb_quantile,fixed,0.9,2,13,0.95,13,smooth,16102,0.9578580194428871,0.9311406826932849,0.07633188866114875,1.3500455702903982,0.03039543829708422,0.007749242624612849,0.054589491988572846,0.956353057551071,0.9593766713260734,1.3193042846794059,1.3787606286157272
lgb_quantile,fixed,0.9,2,13,0.95,13,erratic,1777,0.9336233436499597,0.9277638512303679,0.08391525272635426,1.9495500615317942,0.15440269186267574,0.01881319274374563,0.10917276308384918,0.9262928612734466,0.9404151441748131,1.8352516383059747,2.110596895307505
lgb_quantile,fixed,0.9,2,13,0.95,13,intermittent,10285,0.9193857019830877,0.9359128474830954,0.09581673175147515,1.8520892084005824,0.13310572066506254,0.051291677259031096,0.23082158483228002,0.9149194122588069,0.9234963189254604,1.788795451760021,1.9089439019390106
lgb_quantile,fixed,0.9,2,13,0.95,13,lumpy,2217,0.9002796999582267,0.9262926969286915,0.10701634269044145,2.3162743602317515,0.1674703499881945,0.07195917107103289,0.3143888137122237,0.8918203801352999,0.9081599494334865,2.2002785355720493,2.443755349646407
lgb_quantile,dead13,0.9,2,13,0.95,13,all,30381,0.9491357759089136,0.9345494043825238,0.0812893011639834,1.5420430189925745,0.06923559604038562,0.006689897106698036,0.061551627662025606,0.9476454057463165,0.9505192240208494,1.5190028008814682,1.5708404926199633
lgb_quantile,dead13,0.9,2,13,0.95,13,smooth,16102,0.9577918426013309,0.9315838800374883,0.07584059580992912,1.3606072194784433,0.031083502724935194,0.0037611596978230004,0.03216991678052416,0.9562946851159274,0.9592427215074445,1.3310615913605852,1.3904511537339603
lgb_quantile,dead13,0.9,2,13,0.95,13,erratic,1777,0.930078621687811,0.9288126055149127,0.0826969363801147,2.1170759927879015,0.26995735703568025,0.010630077395140419,0.04783342712436691,0.9227713478006407,0.9370479835364138,1.9567422619626338,2.352577144153369
lgb_quantile,dead13,0.9,2,13,0.95,13,intermittent,10285,0.9269225387779072,0.9402881513236399,0.08927521292974144,1.8712244379149496,0.11821334894105916,0.01650339645397199,0.10150704910063199,0.9227891375457347,0.930526912253819,1.8142988250845171,1.9244558213238836
lgb_quantile,dead13,0.9,2,13,0.95,13,lumpy,2217,0.9138696670844003,0.9340632304096445,0.09573423034560771,2.519883216186273,0.19087524292122998,0.013603588877386077,0.10058637798827244,0.9070157779791714,0.9199097733423296,2.3816472875673242,2.6750704945144195
lgb_quantile,dead26,0.9,2,13,0.95,13,all,30381,0.9540752192192307,0.9398008923041016,0.0747669803326941,1.566822102140637,0.07513757475284935,0.000883556348413446,0.009677100819591191,0.9527949499594406,0.9552166721894719,1.5420402726067133,1.5963719979438222
lgb_quantile,dead26,0.9,2,13,0.95,13,smooth,16102,0.9608226545824405,0.9347427197073204,0.07233896077480324,1.3699128191094256,0.03189024865675208,0.00013650338604839296,0.0034157247546888585,0.9594922213128396,0.9622619000354762,1.3400589172676698,1.3996703514848114
lgb_quantile,dead26,0.9,2,13,0.95,13,erratic,1777,0.9388361700648844,0.9332634163810303,0.07752652066680533,2.1309441552972537,0.2745851203447416,0.0006030524676089277,0.0061902082160945416,0.9334416061465781,0.9441510269837695,1.969001637770732,2.364918610144873
lgb_quantile,dead26,0.9,2,13,0.95,13,intermittent,10285,0.9376558062907806,0.9481681177354488,0.07749387145585135,1.9649722824919547,0.14563959159784093,0.004199502996407464,0.017792902284880896,0.9345023114880243,0.9407728463858785,1.8955866556371526,2.032015721508991
lgb_quantile,dead26,0.9,2,13,0.95,13,lumpy,2217,0.9233095406745491,0.9429614138680444,0.08281487214598279,2.5727673949762986,0.20634864418169602,0.0017572059063913257,0.02029769959404601,0.917188979997109,0.9291782398326862,2.4313553054768473,2.7290057004804247
lgb_quantile,none,0.9,2,13,0.95,52,all,30381,0.9556762188801824,0.9418416414565324,0.07223238044270021,1.5809047432966568,0.07936484213629297,0.0,0.0,0.954399831214648,0.9568593318295675,1.55414892088047,1.6106677198455648
lgb_quantile,none,0.9,2,13,0.95,52,smooth,16102,0.9614634560779061,0.935592416526462,0.07139705537214651,1.3761408679999152,0.0347847319761475,0.0,0.0,0.9601330078794894,0.9629617648519676,1.345114610096012,1.4070380781110547
lgb_quantile,none,0.9,2,13,0.95,52,erratic,1777,0.9390692140693163,0.933877321328081,0.07681335987876267,2.135656141527215,0.2749404102392176,0.0,0.0,0.9337450286344033,0.944274754035304,1.975216614476864,2.368331587286452
lgb_quantile,none,0.9,2,13,0.95,52,intermittent,10285,0.9436555185726025,0.9518849162504972,0.07193688425476243,2.0126970426118502,0.15687281871192907,0.0,0.0,0.9412120745263051,0.9461400854602309,1.9439034694969166,2.0836247230944474
lgb_quantile,none,0.9,2,13,0.95,52,lumpy,2217,0.9276412575600719,0.9470209537868537,0.07692078706873456,2.615930183984453,0.21459979294938158,0.0,0.0,0.9215490501349526,0.9336475425691345,2.469540108175496,2.7693627844387856
lgb_quantile,quantile,0.9,2,13,0.95,52,all,30381,0.9556594013235417,0.9418401453061274,0.07223423865376324,1.579194905486125,0.07890410454681682,0.00016420916153850183,0.0004278990158322636,0.9543794763761178,0.956830439736084,1.5534402920555497,1.6084991412465317
lgb_quantile,quantile,0.9,2,13,0.95,52,smooth,16102,0.9614599615912233,0.9355895936134416,0.07140018462597593,1.3761319133777903,0.0347847319761475,4.586513771226004e-06,0.00012420817289777666,0.9601325799485465,0.9629587321551009,1.3450972659658493,1.4070323171296566
lgb_quantile,quantile,0.9,2,13,0.95,52,erratic,1777,0.9390692140693163,0.933877321328081,0.07681335987876267,2.1153465609655377,0.26900392086316227,0.0019359006333073032,0.0022509848058525606,0.9337450286344033,0.944274754035304,1.9712060031256622,2.3341029174134182
lgb_quantile,quantile,0.9,2,13,0.95,52,intermittent,10285,0.9435816183556315,0.9518849162504972,0.07193688425476243,2.0123886323730247,0.15687281871192907,3.251609546725629e-05,0.0002916869227029655,0.9412102396800798,0.9460565211564006,1.9435428127661527,2.0835207271916367
lgb_quantile,quantile,0.9,2,13,0.95,52,lumpy,2217,0.9275731488040102,0.9470209537868537,0.07692078706873456,2.61371437912058,0.21459979294938158,0.00015437984707313972,0.0018042399639152007,0.921545633449684,0.9336196141557421,2.468184746029679,2.7681784360352117
lgb_quantile,fixed,0.9,2,13,0.95,52,all,30381,0.9539985882771793,0.939506150674315,0.07513304791211405,1.5610998491655557,0.07450824909086035,0.004541533573951318,0.04608143247424377,0.9527546600262494,0.9551545843180018,1.536688768306051,1.5899343175198755
lgb_quantile,fixed,0.9,2,13,0.95,52,smooth,16102,0.9607259009824094,0.9345507616219328,0.0725517500352041,1.3676940384712406,0.031680754180115886,0.001713172096261751,0.019190162712706495,0.9593423109701544,0.9621481717788188,1.3382391270622613,1.3976234872344684
lgb_quantile,fixed,0.9,2,13,0.95,52,erratic,1777,0.9386624091843868,0.9329308845347112,0.07791281609366178,2.1240591359382472,0.2733303623629844,0.0024919354508992635,0.018007878446820485,0.9332965367340356,0.9439854010659702,1.9650203595737434,2.359158721258978
lgb_quantile,fixed,0.9,2,13,0.95,52,intermittent,10285,0.937840064165095,0.9478101383303134,0.07802908663217502,1.9519116508126066,0.14389022566170254,0.015858986561984548,0.08225571220223626,0.9346901969499317,0.9407998901044542,1.8826144886022387,2.0179400145030395
lgb_quantile,fixed,0.9,2,13,0.95,52,lumpy,2217,0.9226647777838319,0.9422438184278509,0.083856755871759,2.530608074974119,0.20354165531520735,0.015742203817722806,0.09607577807848444,0.9164742606971273,0.9281580274766973,2.3924762712716534,2.6841643881180075
lgb_quantile,dead13,0.9,2,13,0.95,52,all,30381,0.9491357759089136,0.9345494043825238,0.0812893011639834,1.5420430189925745,0.06923559604038562,0.006689897106698036,0.061551627662025606,0.9476454057463165,0.9505192240208494,1.5190028008814682,1.5708404926199633
lgb_quantile,dead13,0.9,2,13,0.95,52,smooth,16102,0.9577918426013309,0.9315838800374883,0.07584059580992912,1.3606072194784433,0.031083502724935194,0.0037611596978230004,0.03216991678052416,0.9562946851159274,0.9592427215074445,1.3310615913605852,1.3904511537339603
lgb_quantile,dead13,0.9,2,13,0.95,52,erratic,1777,0.930078621687811,0.9288126055149127,0.0826969363801147,2.1170759927879015,0.26995735703568025,0.010630077395140419,0.04783342712436691,0.9227713478006407,0.9370479835364138,1.9567422619626338,2.352577144153369
lgb_quantile,dead13,0.9,2,13,0.95,52,intermittent,10285,0.9269225387779072,0.9402881513236399,0.08927521292974144,1.8712244379149496,0.11821334894105916,0.01650339645397199,0.10150704910063199,0.9227891375457347,0.930526912253819,1.8142988250845171,1.9244558213238836
lgb_quantile,dead13,0.9,2,13,0.95,52,lumpy,2217,0.9138696670844003,0.9340632304096445,0.09573423034560771,2.519883216186273,0.19087524292122998,0.013603588877386077,0.10058637798827244,0.9070157779791714,0.9199097733423296,2.3816472875673242,2.6750704945144195
lgb_quantile,dead26,0.9,2,13,0.95,52,all,30381,0.9540752192192307,0.9398008923041016,0.0747669803326941,1.566822102140637,0.07513757475284935,0.000883556348413446,0.009677100819591191,0.9527949499594406,0.9552166721894719,1.5420402726067133,1.5963719979438222
lgb_quantile,dead26,0.9,2,13,0.95,52,smooth,16102,0.9608226545824405,0.9347427197073204,0.07233896077480324,1.3699128191094256,0.03189024865675208,0.00013650338604839296,0.0034157247546888585,0.9594922213128396,0.9622619000354762,1.3400589172676698,1.3996703514848114
lgb_quantile,dead26,0.9,2,13,0.95,52,erratic,1777,0.9388361700648844,0.9332634163810303,0.07752652066680533,2.1309441552972537,0.2745851203447416,0.0006030524676089277,0.0061902082160945416,0.9334416061465781,0.9441510269837695,1.969001637770732,2.364918610144873
lgb_quantile,dead26,0.9,2,13,0.95,52,intermittent,10285,0.9376558062907806,0.9481681177354488,0.07749387145585135,1.9649722824919547,0.14563959159784093,0.004199502996407464,0.017792902284880896,0.9345023114880243,0.9407728463858785,1.8955866556371526,2.032015721508991
lgb_quantile,dead26,0.9,2,13,0.95,52,lumpy,2217,0.9233095406745491,0.9429614138680444,0.08281487214598279,2.5727673949762986,0.20634864418169602,0.0017572059063913257,0.02029769959404601,0.917188979997109,0.9291782398326862,2.4313553054768473,2.7290057004804247
