model,policy,tau,L,H,q_liq,k,group,n_series,fill_rate,csl,stockout_rate_demand_weeks,inventory_weeks,excess_weeks_of_demand,liquidated_share,liq_series_share,fill_rate_lo,fill_rate_hi,inventory_weeks_lo,inventory_weeks_hi
empirical,none,0.5,2,13,0.95,26,all,29917,0.7232780606742751,0.6611124110037772,0.43981606548131963,0.6365967562430607,0.10296359981497617,0.0,0.0,0.7182401747630868,0.7286993408773584,0.6171005675774899,0.655154291099759
empirical,none,0.5,2,13,0.95,26,smooth,15705,0.7868418115036643,0.6763045932100373,0.37126050643332315,0.6486765285385933,0.1106518796867764,0.0,0.0,0.7824469846610393,0.7918221828346245,0.6235674306065969,0.6761032007666696
empirical,none,0.5,2,13,0.95,26,erratic,1671,0.6361012697721964,0.655269027800446,0.414339894069182,0.6570978746813253,0.043194012816775935,0.0,0.0,0.6158387328791898,0.6606610288033518,0.5992346071459023,0.7180244730424903
empirical,none,0.5,2,13,0.95,26,intermittent,10360,0.5167564393784827,0.648556511056511,0.5553044430733395,0.597750241434187,0.1033657965967981,0.0,0.0,0.5062295534296972,0.5304435118661922,0.5524552087091581,0.6513810590106085
empirical,none,0.5,2,13,0.95,26,lumpy,2181,0.42383634625943023,0.6158351048309783,0.5934642627173213,0.4860859751509852,0.07482156292575798,0.0,0.0,0.39650321804125543,0.45326938658363136,0.44057587779179425,0.5452244622871814
empirical,quantile,0.5,2,13,0.95,26,all,29917,0.7232780606742751,0.6611124110037772,0.43981606548131963,0.6365967562430607,0.10296359981497617,0.0,0.0,0.7182401747630868,0.7286993408773584,0.6171005675774899,0.655154291099759
empirical,quantile,0.5,2,13,0.95,26,smooth,15705,0.7868418115036643,0.6763045932100373,0.37126050643332315,0.6486765285385933,0.1106518796867764,0.0,0.0,0.7824469846610393,0.7918221828346245,0.6235674306065969,0.6761032007666696
empirical,quantile,0.5,2,13,0.95,26,erratic,1671,0.6361012697721964,0.655269027800446,0.414339894069182,0.6570978746813253,0.043194012816775935,0.0,0.0,0.6158387328791898,0.6606610288033518,0.5992346071459023,0.7180244730424903
empirical,quantile,0.5,2,13,0.95,26,intermittent,10360,0.5167564393784827,0.648556511056511,0.5553044430733395,0.597750241434187,0.1033657965967981,0.0,0.0,0.5062295534296972,0.5304435118661922,0.5524552087091581,0.6513810590106085
empirical,quantile,0.5,2,13,0.95,26,lumpy,2181,0.42383634625943023,0.6158351048309783,0.5934642627173213,0.4860859751509852,0.07482156292575798,0.0,0.0,0.39650321804125543,0.45326938658363136,0.44057587779179425,0.5452244622871814
empirical,fixed,0.5,2,13,0.95,26,all,29917,0.7223872851205143,0.6602919592691294,0.44088086651141606,0.5935875110247785,0.07967561766964222,0.011764906927310458,0.03275729518334058,0.717194788869969,0.7277382514544307,0.5758602382624334,0.6115227359223027
empirical,fixed,0.5,2,13,0.95,26,smooth,15705,0.7859131421839128,0.6755115626175798,0.3721700681175393,0.6002918034565418,0.08487356154883124,0.01376506257702486,0.029099013053167783,0.7814955271125632,0.790927031942691,0.5817685173234691,0.6236080212960644
empirical,fixed,0.5,2,13,0.95,26,erratic,1671,0.6357646344016716,0.6545073717425602,0.41525534558294647,0.6473703440659806,0.03839367453928165,0.0019048635600422026,0.026331538001196888,0.6154489613377535,0.6602336511519161,0.5875977582461599,0.7056182241728178
empirical,fixed,0.5,2,13,0.95,26,intermittent,10360,0.5157861686548149,0.6476833976833977,0.5566840211581523,0.5595741690356688,0.07962091432146792,0.008511405214978441,0.03822393822393822,0.5052552388083397,0.5295634071612487,0.5149975257047091,0.6101114376741287
empirical,fixed,0.5,2,13,0.95,26,lumpy,2181,0.4227891087296907,0.6150223000291777,0.5947198969735995,0.46088618663196207,0.0642749659393619,0.005414116355206703,0.0380559376432829,0.3960047838620147,0.4525596932937773,0.41541796389226404,0.5204409665114647
empirical,dead13,0.5,2,13,0.95,26,all,29917,0.7202078797053157,0.6575875072549204,0.4443907662032153,0.5555703584936088,0.050886295959804435,0.005214911008718286,0.06504662900691914,0.7149898966387627,0.725746735080983,0.5390570695347181,0.5727880098992496
empirical,dead13,0.5,2,13,0.95,26,smooth,15705,0.7843516866006668,0.6732540302740876,0.3747593313061837,0.5624254968705884,0.051202069746809284,0.004717541516651716,0.0504297994269341,0.7798695218095659,0.7894533890858505,0.545174301529412,0.5841873626377995
empirical,dead13,0.5,2,13,0.95,26,erratic,1671,0.6349969415444995,0.6526304335999129,0.41751127967043744,0.6315382183778281,0.03282112756427888,0.002459080328588964,0.04608019150209455,0.6145322274836768,0.659488483671697,0.5709612186543781,0.6910926481697616
empirical,dead13,0.5,2,13,0.95,26,intermittent,10360,0.5097650493976614,0.6441733941733943,0.5622300637101638,0.50801606840862,0.06073123954351936,0.009129159355631425,0.08445945945945946,0.4977707393608484,0.5238442215698607,0.4718339528498371,0.5531623257127067
empirical,dead13,0.5,2,13,0.95,26,lumpy,2181,0.42032860890253576,0.6122921095410778,0.5989375402446877,0.42523435752485916,0.04431136506903634,0.005764890090896151,0.09261806510774874,0.39341634421271515,0.4502286414442143,0.3810593213305243,0.4816438571970039
empirical,dead26,0.5,2,13,0.95,26,all,29917,0.7226291831941563,0.6605153044635613,0.4405910040087787,0.6012640418679441,0.0861967782760266,0.002640139949151631,0.020490022395293645,0.7174376480680598,0.7280536613236053,0.5824089118484049,0.6205358404331466
empirical,dead26,0.5,2,13,0.95,26,smooth,15705,0.7861955760103397,0.675795201296634,0.3718447504348634,0.6089768677730003,0.09258920537915397,0.0030511819407328306,0.018911174785100286,0.7817919906472999,0.7911964072115757,0.5887504303586303,0.6333731939220429
empirical,dead26,0.5,2,13,0.95,26,erratic,1671,0.6358570038630962,0.6545345737446275,0.4152226508860263,0.6504616420416525,0.03917039907712644,0.0005398481856585121,0.013165769000598444,0.6155629515246437,0.6603236940197635,0.5893957727893164,0.709454310610517
empirical,dead26,0.5,2,13,0.95,26,intermittent,10360,0.5158677802110112,0.6478413478413478,0.5564344492433119,0.5653436526612168,0.08436390592907957,0.001950742891860154,0.023166023166023165,0.5053763137905237,0.5296590721696833,0.5203345242658178,0.616070539789463
empirical,dead26,0.5,2,13,0.95,26,lumpy,2181,0.42320088659332616,0.6152723938143471,0.5943335479716677,0.4655987555157899,0.06590784309738291,0.0016115257132399293,0.024759284731774415,0.39612225973846776,0.4527245550006685,0.4197611943094773,0.5241698411861935
empirical,none,0.8,2,13,0.95,26,all,29917,0.8841351364086133,0.8466985933810816,0.19895807247351308,1.3892928081612228,0.19599288706844087,0.0,0.0,0.8804029150344926,0.8876811828545799,1.3537013704005152,1.4341788696472466
empirical,none,0.8,2,13,0.95,26,smooth,15705,0.9097926532237132,0.8527481114873665,0.1688896708316182,1.2804500650270263,0.16539073823270842,0.0,0.0,0.9066530609907295,0.9136334103865356,1.2440190834168467,1.3236298271442581
empirical,none,0.8,2,13,0.95,26,erratic,1671,0.8410567887448838,0.8521843207660084,0.177662983064147,1.811629930989749,0.14973171803092938,0.0,0.0,0.8253216263191602,0.8567851407081508,1.6705254159533771,1.9853924880314768
empirical,none,0.8,2,13,0.95,26,intermittent,10360,0.808135765357708,0.8402114777114777,0.25247665462713265,1.62563305630744,0.3378496261737328,0.0,0.0,0.7992733024437435,0.8186581456716071,1.5333558608452798,1.7118952927635327
empirical,none,0.8,2,13,0.95,26,lumpy,2181,0.7497814018748602,0.8297486557459047,0.2630070830650354,1.7518301238383795,0.36838156048559284,0.0,0.0,0.7284196436756893,0.7689723463131684,1.5896499443054986,1.917508791662343
empirical,quantile,0.8,2,13,0.95,26,all,29917,0.8841319841017551,0.8466940353158892,0.1989639880347914,1.3892888262999283,0.19599288706844087,3.815950407244864e-06,0.00016712905705786008,0.8804003688293702,0.8876735038798581,1.3537006459397398,1.4341749817317258
empirical,quantile,0.8,2,13,0.95,26,smooth,15705,0.9097926532237132,0.8527481114873665,0.1688896708316182,1.2804500650270263,0.16539073823270842,0.0,0.0,0.9066530609907295,0.9136334103865356,1.2440190834168467,1.3236298271442581
empirical,quantile,0.8,2,13,0.95,26,erratic,1671,0.8410567887448838,0.8521843207660084,0.177662983064147,1.811629930989749,0.14973171803092938,0.0,0.0,0.8253216263191602,0.8567851407081508,1.6705254159533771,1.9853924880314768
empirical,quantile,0.8,2,13,0.95,26,intermittent,10360,0.8081142289748229,0.8401983151983152,0.2524974522867027,1.6256058524553743,0.3378496261737328,2.6070358229391947e-05,0.00048262548262548264,0.7992525258602239,0.8186192884185783,1.5333187448360146,1.711865361174367
empirical,quantile,0.8,2,13,0.95,26,lumpy,2181,0.7497814018748602,0.8297486557459047,0.2630070830650354,1.7518301238383795,0.36838156048559284,0.0,0.0,0.7284196436756893,0.7689723463131684,1.5896499443054986,1.917508791662343
empirical,fixed,0.8,2,13,0.95,26,all,29917,0.8822341294622563,0.8446596188849758,0.2016043002186786,1.2973287351683962,0.1405538968153737,0.027430212903486982,0.05779322793060802,0.8784422022020535,0.8858530872372167,1.2618909194327466,1.3352022571467062
empirical,fixed,0.8,2,13,0.95,26,smooth,15705,0.9086160697674315,0.8515759312320916,0.17023409594879899,1.2075240819667794,0.12444742718474894,0.02176130217236443,0.03629417382999045,0.9054527657471927,0.9125042629123119,1.1765829633164122,1.2454628722086645
empirical,fixed,0.8,2,13,0.95,26,erratic,1671,0.8399216706967121,0.8500081606006202,0.18027855881775975,1.7487632755442615,0.10968976176889571,0.01712324549339661,0.04129263913824058,0.8236127756108772,0.8554046386816955,1.615348395926424,1.9218384751223683
empirical,fixed,0.8,2,13,0.95,26,intermittent,10360,0.8026020484500606,0.8371533871533872,0.25730864420057264,1.4503405015483526,0.2222223733547337,0.05356098423536773,0.08523166023166023,0.7938717749982672,0.8132086355663182,1.3787029996722424,1.525470204453366
empirical,fixed,0.8,2,13,0.95,26,lumpy,2181,0.7458466356223438,0.8264140719436455,0.26815840309079203,1.529754763405657,0.21599833255383613,0.06432885291904752,0.09491059147180192,0.7238379648422257,0.7650267049302769,1.381506362946927,1.6979366278651673
empirical,dead13,0.8,2,13,0.95,26,all,29917,0.8791916556114712,0.8408369215435432,0.20656548427742405,1.2472850342406887,0.1018368326151604,0.008536944704555847,0.06959253935889294,0.875529864200088,0.882766274589505,1.2126151578012576,1.282531634950546
empirical,dead13,0.8,2,13,0.95,26,smooth,15705,0.9067551446666406,0.8488350554253133,0.17337772702526855,1.1614606939533607,0.08256074232575737,0.006523548928970582,0.0504297994269341,0.9036324522929794,0.9107496143794781,1.1317794545450481,1.1963579346197801
empirical,dead13,0.8,2,13,0.95,26,erratic,1671,0.8395214030305393,0.8485392524889832,0.18204407245144838,1.7635547053003648,0.12557197223168723,0.004119677979530927,0.04608019150209455,0.8235677970742472,0.8550809644796138,1.6178782706297514,1.9398524355692293
empirical,dead13,0.8,2,13,0.95,26,intermittent,10360,0.7922056429857135,0.8312741312741313,0.26659826547519183,1.343966639009417,0.1695158167729884,0.019912086218075147,0.09604247104247104,0.7842569691899817,0.8029506274227546,1.278217113152469,1.4111438554049434
empirical,dead13,0.8,2,13,0.95,26,lumpy,2181,0.7424456554893548,0.8227668709099245,0.2737926593689633,1.481505581877707,0.17668625576997377,0.01412245561949692,0.09995414947271894,0.7215557756164062,0.7606893848958389,1.3198783831519445,1.6454259420076385
empirical,dead26,0.8,2,13,0.95,26,all,29917,0.8830208788896978,0.8455378061120615,0.20046456874572355,1.3231972288899965,0.15777186323899198,0.003958301948523825,0.022963532439749974,0.8792856381173599,0.8865160049978288,1.2852886549558264,1.3604866010811378
empirical,dead26,0.8,2,13,0.95,26,smooth,15705,0.9090589977364946,0.8521605742236115,0.1695635431743039,1.225154677350735,0.13790270916802616,0.004034320641295143,0.018911174785100286,0.9059864380356506,0.9129669315610504,1.1935502460584217,1.2644216701328048
empirical,dead26,0.8,2,13,0.95,26,erratic,1671,0.8407283639931523,0.851232250693651,0.17880729745635257,1.7978586706187112,0.1413503183667437,0.0009914322192892068,0.013165769000598444,0.8248030694151874,0.8562450932486162,1.6475183069479256,1.9721128018365008
empirical,dead26,0.8,2,13,0.95,26,intermittent,10360,0.804784024084477,0.8382414882414883,0.25558937100944906,1.494792729317138,0.24406956024973137,0.004840018679978418,0.02895752895752896,0.7957168261039254,0.8153056744736599,1.4188748071955366,1.5731058963013786
empirical,dead26,0.8,2,13,0.95,26,lumpy,2181,0.7481241230656608,0.8281438872910675,0.2654861558274308,1.6015820403847325,0.2620208634117575,0.005627630803017671,0.031178358551123338,0.7265781241588495,0.7677249932799213,1.445888863391914,1.7718346174814923
empirical,none,0.9,2,13,0.95,26,all,29917,0.9329769788689257,0.909435802690474,0.11753628703880806,1.956068953892037,0.26314667916086254,0.0,0.0,0.9305073080186527,0.9353114956174421,1.9043962989846013,2.0209748702604173
empirical,none,0.9,2,13,0.95,26,smooth,15705,0.9478057805686424,0.9128563572689647,0.09994887864986522,1.730595114970741,0.1995686831993566,0.0,0.0,0.945686310455097,0.9502589244876208,1.6862919132857377,1.7837541559637373
empirical,none,0.9,2,13,0.95,26,erratic,1671,0.9136468694963196,0.9194820738806376,0.09677630288367227,2.992187596218189,0.31427990820528184,0.0,0.0,0.9033729466571492,0.9242914259099975,2.742798975047212,3.248995543859629
empirical,none,0.9,2,13,0.95,26,intermittent,10360,0.8849617105782179,0.9039619164619165,0.15174665677622412,2.3052476230634253,0.47132668652547866,0.0,0.0,0.877489824587402,0.8925325858291233,2.1891272559665738,2.416760202157304
empirical,none,0.9,2,13,0.95,26,lumpy,2181,0.8598887691400452,0.9031094993956067,0.1496780424983902,2.9375419403379626,0.6447404274355898,0.0,0.0,0.8455743757175446,0.8719153380622245,2.6382969012301443,3.2813184472450265
empirical,quantile,0.9,2,13,0.95,26,all,29917,0.9328832392176174,0.9093780671980358,0.11761121748166668,1.9547547737539592,0.2629338818568481,0.0001332264424790272,0.0011364775879934485,0.9303254427340439,0.9352195703485742,1.9039964798065778,2.020239148937306
empirical,quantile,0.9,2,13,0.95,26,smooth,15705,0.9478057805686424,0.9128563572689647,0.09994887864986522,1.730595114970741,0.1995686831993566,0.0,0.0,0.945686310455097,0.9502589244876208,1.6862919132857377,1.7837541559637373
empirical,quantile,0.9,2,13,0.95,26,erratic,1671,0.9136325009134313,0.9194548718785702,0.09680899758059243,2.9897408318177896,0.31348060446575554,0.00017447564935731382,0.0005984440454817474,0.9033444073857345,0.9242910824346551,2.7383147414108633,3.248932087759326
empirical,quantile,0.9,2,13,0.95,26,intermittent,10360,0.8843292210176961,0.9037995787995788,0.15200316124425464,2.297671350263197,0.4703416803819421,0.0008070476112750899,0.002992277992277992,0.876934458260426,0.8921052749935764,2.184706928005357,2.40661073262925
empirical,quantile,0.9,2,13,0.95,26,lumpy,2181,0.8598887691400452,0.9031094993956067,0.1496780424983902,2.9373131748581653,0.6446174024442319,3.0502063972995508e-05,0.0009170105456212746,0.8455743757175446,0.8719153380622245,2.6382969012301443,3.280946249665904
empirical,fixed,0.9,2,13,0.95,26,all,29917,0.9304599447981295,0.9066842506692759,0.12110731419714989,1.8320140652613792,0.18752333536629473,0.03641345789480321,0.06942541030183508,0.9280240881711248,0.9327998330254498,1.7882458218029125,1.8835528291488532
empirical,fixed,0.9,2,13,0.95,26,smooth,15705,0.9465458118874156,0.911545251946398,0.10145264304019333,1.6445274411360835,0.15095805588692965,0.025614730672448044,0.03922317733205986,0.9444499032936802,0.9491421886260271,1.6064850524889533,1.6910998228489327
empirical,fixed,0.9,2,13,0.95,26,erratic,1671,0.9114258971127359,0.9166258636635656,0.10020924606028903,2.881079450052753,0.24245095181598358,0.027942788408248386,0.06104129263913824,0.9016030998446238,0.9223594075046173,2.6321161596180582,3.1432444339712893
empirical,fixed,0.9,2,13,0.95,26,intermittent,10360,0.8767903535140575,0.8995524745524746,0.15871387273218854,2.0427848583359403,0.3002448346685891,0.07774067474621073,0.10444015444015443,0.8696178506988558,0.8849883865304997,1.9513174217235212,2.1385232199535062
empirical,fixed,0.9,2,13,0.95,26,lumpy,2181,0.8534884193830449,0.897940894502105,0.15766258853831294,2.540649083921345,0.3752150395510096,0.1169499969497936,0.12700596056854654,0.8396126908321162,0.8658751088905434,2.276510150198926,2.8389990598818535
empirical,dead13,0.9,2,13,0.95,26,all,29917,0.9273998843932938,0.9027111371764913,0.12626371177807968,1.7811280347589944,0.14595267026936629,0.01019771268614372,0.06979309422736237,0.9249033592866627,0.929731115415947,1.7357321620678592,1.8329356402390813
empirical,dead13,0.9,2,13,0.95,26,smooth,15705,0.9446270550983564,0.908619142716564,0.10480872648085937,1.5956773727019191,0.10568153748008954,0.00745378732553547,0.0504297994269341,0.9424345350120502,0.9473040916094592,1.5585004573726902,1.637228675658835
empirical,dead13,0.9,2,13,0.95,26,erratic,1671,0.9119883245000759,0.9157281975953431,0.10128817105865429,2.926650437010185,0.27727259664924647,0.005330744251540518,0.04608019150209455,0.9016541525773488,0.922795357153146,2.683830454501295,3.195523827751819
empirical,dead13,0.9,2,13,0.95,26,intermittent,10360,0.8659405505152863,0.8933178308178308,0.16856503081519894,1.9248674945705644,0.2367904895333179,0.024648956958972058,0.09642857142857143,0.8586893823915519,0.8751261684415328,1.8445959348319139,2.01072878798224
empirical,dead13,0.9,2,13,0.95,26,lumpy,2181,0.850509384468349,0.8948147221874869,0.16249195106245976,2.5053327775179453,0.32664253614494576,0.01966874758525327,0.1008711600183402,0.8367997011053243,0.862549516786808,2.2429493698710887,2.7949758795292916
empirical,dead26,0.9,2,13,0.95,26,all,29917,0.9315891342968995,0.9079832992491347,0.11942137923283058,1.8729965430807527,0.21311558746058787,0.004612986309697226,0.023197513119630978,0.9291957828950947,0.934119479337811,1.8247385747522746,1.9301441934568635
empirical,dead26,0.9,2,13,0.95,26,smooth,15705,0.947063158928204,0.912248560099563,0.10064598796988487,1.6684238085439371,0.1682558724941283,0.0045198378381528645,0.018911174785100286,0.9449775881021802,0.9496616105870603,1.6279678434761697,1.7159562952593368
empirical,dead26,0.9,2,13,0.95,26,erratic,1671,0.9132938128882083,0.9185028018062129,0.09795331197279801,2.9738327579057997,0.3031528776166216,0.001326014935115585,0.013165769000598444,0.9031586967950929,0.9240234471023772,2.728831878370475,3.231825158292119
empirical,dead26,0.9,2,13,0.95,26,intermittent,10360,0.8800219444406662,0.9012811512811513,0.15598244677532289,2.117875424493442,0.33454798532805574,0.006053990578399234,0.029633204633204634,0.8725735848007931,0.8885019106896036,2.024910391001454,2.2237710896237033
empirical,dead26,0.9,2,13,0.95,26,lumpy,2181,0.8572350895743945,0.9010462256679588,0.1528654217643271,2.6879435508469403,0.46289830611871396,0.008403318624560261,0.031178358551123338,0.8429195211249322,0.869774166180108,2.414934279187059,3.021252169027661
empirical,none,0.95,2,13,0.95,26,all,29917,0.9586329407439311,0.9433994657947594,0.07345746810033581,2.516075935422174,0.3456116570316684,0.0,0.0,0.9568917638793712,0.9604012275357864,2.4488002932013524,2.5903179665375737
empirical,none,0.95,2,13,0.95,26,smooth,15705,0.9678973608576305,0.945613730427484,0.06237800586899656,2.1750773666945964,0.23422299988657816,0.0,0.0,0.9664034595214465,0.9695037654006848,2.1233136740657823,2.236220150998153
empirical,none,0.95,2,13,0.95,26,erratic,1671,0.9524892543526543,0.9533757684565584,0.056038710521153466,4.273347920866056,0.6513196517055507,0.0,0.0,0.9460926837963121,0.9596294978227189,3.931219737677986,4.642172288887676
empirical,none,0.95,2,13,0.95,26,intermittent,10360,0.9247575456684667,0.9385486135486135,0.09709733997934099,2.9018156304266016,0.5835650194734241,0.0,0.0,0.9182025827678063,0.9310994614917082,2.770231866548384,3.033786054083528
empirical,none,0.95,2,13,0.95,26,lumpy,2181,0.9156668767919962,0.9428535700887833,0.08828074694140374,4.167573255790308,1.0475018809606116,0.0,0.0,0.904821792484948,0.9249345140004346,3.735515778043447,4.675728603770341
empirical,quantile,0.95,2,13,0.95,26,all,29917,0.9584842845889359,0.9432824754548189,0.07360930083981251,2.5135039848476906,0.3449024543529376,0.00020423630223123597,0.002139251930340609,0.9567909361933458,0.9602766601318425,2.4468486861037806,2.5876065502586445
empirical,quantile,0.95,2,13,0.95,26,smooth,15705,0.9678973608576305,0.945613730427484,0.06237800586899656,2.1750773666945964,0.23422299988657816,0.0,0.0,0.9664034595214465,0.9695037654006848,2.1233136740657823,2.236220150998153
empirical,quantile,0.95,2,13,0.95,26,erratic,1671,0.9524892543526543,0.9533757684565584,0.056038710521153466,4.269593615422826,0.6498023293525516,0.00025863449198848873,0.0005984440454817474,0.9460926837963121,0.9596294978227189,3.9311283330146987,4.638386943668625
empirical,quantile,0.95,2,13,0.95,26,intermittent,10360,0.9237668720557498,0.9382371007371008,0.097589551255832,2.887607285191583,0.5800140099838137,0.0011708991326505166,0.005019305019305019,0.9173061083190547,0.9300033437154829,2.7593925624755244,3.0174909597684154
empirical,quantile,0.95,2,13,0.95,26,lumpy,2181,0.9155550358907619,0.9427285231961986,0.08847392144236961,4.161788030990097,1.0454551924680235,0.0003660247676759461,0.0050435580009170105,0.9047592569406365,0.9247890334338921,3.7327966050974197,4.66309123592694
empirical,fixed,0.95,2,13,0.95,26,all,29917,0.9557109181973052,0.9401252556314895,0.07770681295192423,2.3554265801186993,0.24473916485768493,0.046283164756811136,0.08102416686165057,0.954081857675931,0.9574704472630858,2.2972338208466843,2.4197674810837277
empirical,fixed,0.95,2,13,0.95,26,smooth,15705,0.9665903198719992,0.9442186912100953,0.06397803773685119,2.0756465381009956,0.17764177617702054,0.028988469975266867,0.04291626870423432,0.9650856514401309,0.9682976146746219,2.029572565974643,2.131023015069991
empirical,fixed,0.95,2,13,0.95,26,erratic,1671,0.9492747970950831,0.9492682661443882,0.06097560975609756,4.040720563905299,0.4841251790941224,0.05849655359276152,0.08497905445840814,0.9428129347393122,0.9561471048722553,3.722383649910628,4.412174849130216
empirical,fixed,0.95,2,13,0.95,26,intermittent,10360,0.9150945107160507,0.9332221832221832,0.10551345955201841,2.56731933241747,0.36570909107396277,0.09939720797798302,0.12104247104247104,0.9088211059078789,0.921767822338432,2.466372904056974,2.6737638767601415
empirical,fixed,0.95,2,13,0.95,26,lumpy,2181,0.9070754621062692,0.9364344962694344,0.09819703799098518,3.576483925412286,0.6310511011245095,0.1700540903267788,0.1623108665749656,0.8965471429950547,0.9162163990771889,3.2032645479486286,3.997019618699004
empirical,dead13,0.95,2,13,0.95,26,all,29917,0.9527236926719815,0.9361703743994749,0.08283954828774079,2.3132553507920255,0.20837929617947046,0.011607789317064333,0.07029448139853595,0.950944504057878,0.9545444359213684,2.256830525814692,2.3780861421299373
empirical,dead13,0.95,2,13,0.95,26,smooth,15705,0.9646469061615853,0.941197070996498,0.06744366692780603,2.02546253022154,0.1296672974355457,0.008274638652817546,0.0504297994269341,0.9630487769858359,0.966391307445259,1.9787777728893945,2.07828117829603
empirical,dead13,0.95,2,13,0.95,26,erratic,1671,0.9507547611325727,0.9493770741526576,0.060844830968416926,4.19267448591263,0.6041516993928248,0.006478178227902146,0.04608019150209455,0.9444009743256722,0.9577176592061175,3.8526399058372216,4.573602081566495
empirical,dead13,0.95,2,13,0.95,26,intermittent,10360,0.9041676301364273,0.9269348894348894,0.11544780827330897,2.4476473201938727,0.2988184460252905,0.028176389776792394,0.09768339768339768,0.897735949369248,0.9116431694310756,2.353782572452449,2.5503772752018743
empirical,dead13,0.95,2,13,0.95,26,lumpy,2181,0.9049606523374748,0.9337251469300988,0.10238248551191242,3.5828486894279847,0.6077210891270308,0.025596315350672062,0.10178817056396149,0.8944707112158415,0.913759141006564,3.202994301027614,3.993988214257153
empirical,dead26,0.95,2,13,0.95,26,all,29917,0.9570979332148951,0.9418102203976456,0.07552002713270772,2.419097205861565,0.2859951965479917,0.005196660811118419,0.02333121636527727,0.9554900001461887,0.9589694646539434,2.357550184514387,2.486775614306565
empirical,dead26,0.95,2,13,0.95,26,smooth,15705,0.9671518252173956,0.9450001447136117,0.06308175432539735,2.1064143411827523,0.199357126814133,0.004982267190469338,0.018911174785100286,0.9655825318479018,0.9688344145796484,2.0577852874397085,2.1649395711464314
empirical,dead26,0.95,2,13,0.95,26,erratic,1671,0.9521115658881631,0.952423698384201,0.057183024913359054,4.252055733680368,0.6384946651504391,0.0015908073911990376,0.013165769000598444,0.9456756433435333,0.9590862966523607,3.905697493847253,4.627538979998237
empirical,dead26,0.95,2,13,0.95,26,intermittent,10360,0.9189687926477056,0.9355212355212356,0.1018808016804509,2.6727104558005412,0.4153583880810856,0.007037863228099766,0.029922779922779922,0.9123067353717231,0.9251455530507915,2.563417979102659,2.7975681266453662
empirical,dead26,0.95,2,13,0.95,26,lumpy,2181,0.9124387416881876,0.9405818848734943,0.09179008370895042,3.8335451532220346,0.7976940439636415,0.010731642841165585,0.03163686382393398,0.9018309673143008,0.9218140848507395,3.4333745536366913,4.302772318328846
empirical,none,0.99,2,13,0.95,26,all,29917,0.9806322266634724,0.9733945734714529,0.03452913118151506,3.5087856451245756,0.5235810139544329,0.0,0.0,0.9796747358067742,0.981665255476862,3.408959398220778,3.6076929532462154
empirical,none,0.99,2,13,0.95,26,smooth,15705,0.9848642367494825,0.9745448756910075,0.029195602236061133,2.976680156244186,0.3096253448046298,0.0,0.0,0.9838987545782582,0.9857851144778887,2.900042448699585,3.0567339771897974
empirical,none,0.99,2,13,0.95,26,erratic,1671,0.9803725157746513,0.9800337304825635,0.02399790753939711,6.446431870337908,1.4126948482472381,0.0,0.0,0.9763874718671712,0.98435839346076,5.953390403419016,6.974673464090689
empirical,none,0.99,2,13,0.95,26,intermittent,10360,0.9637417991720961,0.9702702702702702,0.046974980415537236,3.9320957847631224,0.794605702834188,0.0,0.0,0.9605198105259183,0.9672513328954623,3.765869442991576,4.110108423685306
empirical,none,0.99,2,13,0.95,26,lumpy,2181,0.9610488643064847,0.9748655745904714,0.038828074694140374,6.402617077088882,1.9584236533338757,0.0,0.0,0.9545501088927084,0.9666377616146465,5.764511992120289,7.132656898652635
empirical,quantile,0.99,2,13,0.95,26,all,29917,0.9795395375599021,0.9729342088870117,0.035126602870624704,3.4972256381430458,0.5170200679172808,0.0016171334182354647,0.00996089180064846,0.9784279376701782,0.9807524739572215,3.3978282372054247,3.5951519267615524
empirical,quantile,0.99,2,13,0.95,26,smooth,15705,0.9848563913654151,0.974539087146537,0.029202241372442272,2.9766290491708327,0.3096130163439524,9.638614711395218e-06,0.00025469595670168737,0.9838985453015299,0.9857684464333596,2.8999970512777775,3.0567054509800857
empirical,quantile,0.99,2,13,0.95,26,erratic,1671,0.9801323551749478,0.9799249224742941,0.024128686327077747,6.402301846978697,1.3909420453472476,0.004441944767167378,0.013165769000598444,0.9760730411642405,0.9843313113278653,5.921299599826213,6.887089452712697
empirical,quantile,0.99,2,13,0.95,26,intermittent,10360,0.9570927243297651,0.9691646191646192,0.048721983819420854,3.9028811146324984,0.781394152078601,0.006983455523968861,0.019787644787644786,0.9521428039425498,0.9621414800077307,3.737416038607655,4.0681933531186285
empirical,quantile,0.99,2,13,0.95,26,lumpy,2181,0.9581613355837079,0.973927722896086,0.040276883451384415,6.289886532322019,1.8707963072167881,0.007010391036460134,0.0307198532783127,0.9499250373868258,0.9644983168511935,5.678794474150851,6.977540370848206
empirical,fixed,0.99,2,13,0.95,26,all,29917,0.9771359865359996,0.9692421760810971,0.03991820750605852,3.2599080322769676,0.35824042876682416,0.06828344614167595,0.10372029281010796,0.9760790158167113,0.9782271955746635,3.1792755249422906,3.345231871093735
empirical,fixed,0.99,2,13,0.95,26,smooth,15705,0.9834756037695501,0.9729819686839745,0.03098816905896881,2.849332761292758,0.2356535944635797,0.03574939781073437,0.04877427570837313,0.98247321393456,0.9845107480289002,2.783398839254263,2.9193987886489894
empirical,fixed,0.99,2,13,0.95,26,erratic,1671,0.9751279830204403,0.9736956640008705,0.03161577192179429,5.834147553030334,0.9410830627250223,0.14973705493314504,0.14721723518850988,0.9709143730402151,0.9793755025544222,5.4087670156516685,6.267641864030887
empirical,fixed,0.99,2,13,0.95,26,intermittent,10360,0.9525281446519493,0.9636714636714636,0.057401540413318825,3.469081688633777,0.4967348576558441,0.13675036385152137,0.15260617760617762,0.9488615244225584,0.956744157456113,3.3431352985952913,3.620509518948736
empirical,fixed,0.99,2,13,0.95,26,lumpy,2181,0.9486955283974216,0.9653620107540327,0.053509336767546684,5.25792545295565,1.0738068609309228,0.2973341196087602,0.23383768913342504,0.9420690736084799,0.9549232267670156,4.750627339512488,5.777694665293224
empirical,dead13,0.99,2,13,0.95,26,all,29917,0.9744389391525139,0.9656808078107005,0.04454023271818069,3.261767727412394,0.35276755951057615,0.013776244613703045,0.07032790720994753,0.9732534978686436,0.9755904685919693,3.175100437004535,3.3516270370469408
empirical,dead13,0.99,2,13,0.95,26,smooth,15705,0.9815588643649654,0.9699487713814361,0.03446707652268593,2.801416293562616,0.18553149787210768,0.009574730869703413,0.0504297994269341,0.9804679205777952,0.9826488231673906,2.7312941602137304,2.876270708992774
empirical,dead13,0.99,2,13,0.95,26,erratic,1671,0.978498442035084,0.9758718241662586,0.02900019616818152,6.345860000738955,1.3532076834970665,0.008311198873503102,0.04608019150209455,0.9744836577470989,0.9824466744626622,5.851839774741389,6.873991689442915
empirical,dead13,0.99,2,13,0.95,26,intermittent,10360,0.941826829345702,0.9577000702000702,0.06683674530492835,3.3660765697756134,0.42899137184491987,0.033554818028899557,0.09777992277992278,0.9369990585796947,0.9464953925084733,3.238825816388049,3.5099932638366997
empirical,dead13,0.99,2,13,0.95,26,lumpy,2181,0.9491733940663318,0.965049393522571,0.053992273019961366,5.596274681253431,1.325996909124184,0.033892876751326836,0.10178817056396149,0.9430326060562888,0.9545434569021605,5.030792399017396,6.174758990796556
empirical,dead26,0.99,2,13,0.95,26,all,29917,0.9790104477403933,0.9716518732128586,0.036790847443590194,3.3898444618614003,0.44919831859270404,0.006225971955750902,0.023498345422335126,0.9779204848156334,0.9800997869745246,3.2952657541467527,3.485700796406085
empirical,dead26,0.99,2,13,0.95,26,smooth,15705,0.9841175803400951,0.9739255014326648,0.029905989828843065,2.896821543514311,0.2693462912179667,0.005851311591308391,0.018911174785100286,0.9831492033241238,0.985135477179241,2.8292941052425693,2.97145496837862
empirical,dead26,0.99,2,13,0.95,26,erratic,1671,0.9799825113819703,0.9790000544040042,0.025240306022363174,6.419940308801372,1.3968984387508363,0.0020423914248297323,0.013165769000598444,0.9759404008482453,0.9838052065875463,5.928068975885742,6.951029771526643
empirical,dead26,0.99,2,13,0.95,26,intermittent,10360,0.9575506558395336,0.9668787293787294,0.05233384403141833,3.6415847150623195,0.5786399887557412,0.008621354117076312,0.030405405405405407,0.9539809354159068,0.9613025832392361,3.504003663849132,3.811586584042064
empirical,dead26,0.99,2,13,0.95,26,lumpy,2181,0.9570225918620493,0.9723229544412488,0.04275595621377978,5.937826626268377,1.6004880330235678,0.01434105374463672,0.03163686382393398,0.9506467456278397,0.9629240298468149,5.371814638958949,6.567727875613896
tsb,none,0.5,2,13,0.95,26,all,29917,0.8198169604727266,0.7396083710386615,0.33794221285372594,0.71176699740449,0.054233017195668,0.0,0.0,0.8175010291101525,0.822394188508024,0.6953849494288066,0.7284228757034633
tsb,none,0.5,2,13,0.95,26,smooth,15705,0.8375716339603813,0.71603137391103,0.3256961134495625,0.625751195524455,0.041975942914295676,0.0,0.0,0.8350215363370609,0.8402131718338631,0.6120588406110228,0.6438401311081375
tsb,none,0.5,2,13,0.95,26,erratic,1671,0.7901899526657826,0.7278983733202764,0.327045053292356,0.8872825725510803,0.04374042949746907,0.0,0.0,0.7823708504924115,0.7988901363723443,0.8355044659934735,0.9359202669033947
tsb,none,0.5,2,13,0.95,26,intermittent,10360,0.7632437419805311,0.7694190944190944,0.36433340034801415,0.9747910970860141,0.10719859265405315,0.0,0.0,0.757465192147559,0.7702900647501556,0.9154889947150662,1.0383035463776062
tsb,none,0.5,2,13,0.95,26,lumpy,2181,0.7442554446184192,0.7767496144387479,0.3448808757244044,1.048213595786648,0.12065396425158102,0.0,0.0,0.7347938819432455,0.7548332137879632,0.9677370199376261,1.1399479413396536
tsb,quantile,0.5,2,13,0.95,26,all,29917,0.8155268367496598,0.7355653672129254,0.34318931570758987,0.6457235141518668,0.04524515988168563,0.010397469394418626,0.12491225724504462,0.8133500694678526,0.8182602833245899,0.6334033385939192,0.658322221903324
tsb,quantile,0.5,2,13,0.95,26,smooth,15705,0.8342597611147797,0.7121964631993285,0.33009454130206745,0.5759014010062714,0.035673633816026194,0.007887749141378752,0.1041069723018147,0.8316185110112012,0.8370496081817455,0.5640369017486622,0.5900530704886194
tsb,quantile,0.5,2,13,0.95,26,erratic,1671,0.7875995024365011,0.724008487024645,0.3317203949519388,0.8427543341803954,0.039012344665355705,0.009663898319696863,0.13285457809694792,0.7797612803375238,0.7967876463228424,0.7929832421702608,0.8878181075202066
tsb,quantile,0.5,2,13,0.95,26,intermittent,10360,0.753088770703265,0.7651105651105651,0.3711411675806083,0.8229652652148878,0.08269562970116567,0.022097462333999826,0.14401544401544403,0.747019252785629,0.7615306079789489,0.7933622783945333,0.8551516269328742
tsb,quantile,0.5,2,13,0.95,26,lumpy,2181,0.7398733147609655,0.7723521320495186,0.3516741790083709,0.9463519531488297,0.10979421274172885,0.016659210606584377,0.1779000458505273,0.7301699115784694,0.7503940439442337,0.8817299477587349,1.0217454664277934
tsb,fixed,0.5,2,13,0.95,26,all,29917,0.8196958455250184,0.739453396822117,0.3381433419371886,0.7101767415499926,0.05417534657125242,0.0005330716808033803,0.017180867065548017,0.8173790124919228,0.82228130522623,0.6939809199882686,0.7266364672257658
tsb,fixed,0.5,2,13,0.95,26,smooth,15705,0.8375129056567909,0.7159590171051489,0.32577910265432675,0.624781281899892,0.04194931343923257,0.0003180742854760422,0.015345431391276664,0.8349628918555411,0.8401521719808168,0.6111445461947721,0.642785731916252
tsb,fixed,0.5,2,13,0.95,26,erratic,1671,0.7901735314281961,0.7278167673140743,0.32714313738311646,0.8864861425281316,0.043613985968052486,0.0002935296218599515,0.011370436864153202,0.7823623768334187,0.7988657164217919,0.8345716325950819,0.9350283981145407
tsb,fixed,0.5,2,13,0.95,26,intermittent,10360,0.7627948784214511,0.7691909441909441,0.36469389311389494,0.9701925125931166,0.10715619998458448,0.0015982263088453325,0.019884169884169883,0.7570147415069423,0.7698119685164749,0.9105519010456118,1.033764701709595
tsb,fixed,0.5,2,13,0.95,26,lumpy,2181,0.7439300892693739,0.7762911091659372,0.34558918222794593,1.0440805661183072,0.11999410293429855,0.0012251662362486528,0.02200825309491059,0.7344557908801582,0.7546301837952668,0.9638553597509503,1.1343539600788486
tsb,dead13,0.5,2,13,0.95,26,all,29917,0.8178451095775046,0.7370254674295855,0.34129436424477017,0.6865998090033866,0.052197025151426865,0.004494028203523549,0.06487949994986128,0.815642720430648,0.8204050426689972,0.6719162680238875,0.7010198792724771
tsb,dead13,0.5,2,13,0.95,26,smooth,15705,0.8362746798971223,0.7138664582790657,0.3281791504561087,0.6069388611461164,0.040222342667547144,0.0033011134617376135,0.0492836676217765,0.8337445816951701,0.8390332824814698,0.5935653194088847,0.623288302453209
tsb,dead13,0.5,2,13,0.95,26,erratic,1671,0.7894202071539121,0.725939829171427,0.3293990714706075,0.8732567829974506,0.04231793979153239,0.002469343602080571,0.04608019150209455,0.7813046184740159,0.7982178141061141,0.8210960384619865,0.9196975863369309
tsb,dead13,0.5,2,13,0.95,26,intermittent,10360,0.7573665764405573,0.7661986661986662,0.3694218943894847,0.9142625262403823,0.1038470780795894,0.010968819851557647,0.08600386100386101,0.7516512420296306,0.7654459168321024,0.8673704340310686,0.973172567481631
tsb,dead13,0.5,2,13,0.95,26,lumpy,2181,0.7415153425381784,0.7737068067191863,0.3495814552479073,1.0099233381458812,0.1165941395367753,0.007523842446672225,0.09124254928931683,0.7321167880397106,0.7521352015780259,0.9330538118354116,1.0974932796074996
tsb,dead26,0.5,2,13,0.95,26,all,29917,0.8197851055823704,0.7395627903867366,0.338001368466509,0.7111041834098403,0.05421440199411614,0.00021933419297294392,0.009994317612060032,0.8174650461791086,0.8223597840812036,0.694651172521544,0.7276586627667192
tsb,dead26,0.5,2,13,0.95,26,smooth,15705,0.83754406303923,0.7159995369164424,0.32573262869965874,0.625160550181094,0.04197002525317055,0.00020129013978681178,0.010506208213944603,0.8349927971350798,0.8401872752513677,0.6114172798205382,0.6432099891926997
tsb,dead26,0.5,2,13,0.95,26,erratic,1671,0.7901755840828945,0.7278167673140743,0.32714313738311646,0.8869500424899522,0.043641081010070325,5.542167685467615e-05,0.006582884500299222,0.7823644578864054,0.798875712552158,0.8352377937514945,0.9353777393500675
tsb,dead26,0.5,2,13,0.95,26,intermittent,10360,0.7631825333133838,0.7693620568620568,0.3644235235394844,0.9737868215472644,0.10718113684897781,0.00038765489193269765,0.009845559845559846,0.7573999248766085,0.7702359126525309,0.9145135121985848,1.0371835221278989
tsb,dead26,0.5,2,13,0.95,26,lumpy,2181,0.7442147751997885,0.7766870909924555,0.3449774629748873,1.0466274884600524,0.1205421233503467,0.0002796022530857921,0.009628610729023384,0.7347283788876541,0.7548100563233779,0.9652632076218353,1.1376921905331858
tsb,none,0.8,2,13,0.95,26,all,29917,0.8737156008661876,0.8410739409335526,0.20625787509095175,0.9569222335852745,0.0688437603901693,0.0,0.0,0.8719030628536729,0.8758739489456558,0.9363212671896552,0.9761104244943072
tsb,none,0.8,2,13,0.95,26,smooth,15705,0.8865210025414562,0.8249544152122948,0.20076748416565973,0.8333779399456024,0.051710495465143856,0.0,0.0,0.8845003000555525,0.8889760537324015,0.8172205017951135,0.8554549660807774
tsb,none,0.8,2,13,0.95,26,erratic,1671,0.8352539339127293,0.8131766498014253,0.2245471784476558,1.1062310386022243,0.056569931892917105,0.0,0.0,0.8263961219033968,0.8434789921565046,1.0450326687486673,1.1691411392777775
tsb,none,0.8,2,13,0.95,26,intermittent,10360,0.8424250873923748,0.8668085293085293,0.21045151718926564,1.3808153901259086,0.139451933060388,0.0,0.0,0.8372144538090143,0.8487685075419243,1.3142443900150613,1.4486218831800814
tsb,none,0.8,2,13,0.95,26,lumpy,2181,0.8188889114830104,0.8562794381226293,0.22202189311010948,1.4879059316347072,0.17113894706875163,0.0,0.0,0.8112468873921991,0.8284043236585129,1.3758975772976492,1.6156753635259913
tsb,quantile,0.8,2,13,0.95,26,all,29917,0.8688751507300411,0.8361254014895757,0.21268020278544061,0.8722869422158924,0.05623360385656539,0.013010731779832271,0.1518200354313601,0.8668325746921534,0.8711372583011663,0.8556424533668797,0.8879128685755172
tsb,quantile,0.8,2,13,0.95,26,smooth,15705,0.882850259413228,0.8205088130589563,0.2058663409063749,0.7705337237196445,0.04269050049515581,0.00957226517756794,0.12047118751989812,0.8807153597762927,0.8852521292061205,0.7554766236303666,0.7890762026344305
tsb,quantile,0.8,2,13,0.95,26,erratic,1671,0.8321954784122305,0.8088515314727164,0.22974563525796116,1.0474655872439826,0.04972843378341209,0.012410350306050815,0.16696588868940754,0.8231761088940655,0.8405289438419002,0.9911270949111886,1.103732647488507
tsb,quantile,0.8,2,13,0.95,26,intermittent,10360,0.8308294454494757,0.8610433485433485,0.21956089208094448,1.186713638651233,0.10711879468799448,0.0283656832474145,0.1799227799227799,0.8245701828277613,0.8379300978287456,1.1476540131454134,1.2291578989981875
tsb,quantile,0.8,2,13,0.95,26,lumpy,2181,0.8134036236452,0.8511108332291276,0.2300064391500322,1.3359446489212434,0.15127600300953697,0.023613681192427353,0.2324621733149931,0.8054261761349464,0.8230764483918577,1.2487021808140693,1.4436153472223572
tsb,fixed,0.8,2,13,0.95,26,all,29917,0.8735213192171926,0.8407685505656559,0.20665421769659875,0.9541647946388219,0.06868644368685847,0.0008315453670048373,0.02821138483136678,0.8716552721263081,0.8756793236068313,0.9336827969211087,0.9730844099717672
tsb,fixed,0.8,2,13,0.95,26,smooth,15705,0.8864297719324437,0.8247952302393563,0.20095006041614108,0.8317364614448687,0.05164490805434027,0.0004834998123832439,0.021649156319643426,0.8844141099897869,0.8888811238421944,0.815616570598529,0.853487703017256
tsb,fixed,0.8,2,13,0.95,26,erratic,1671,0.8351923542717797,0.8130134377890212,0.22474334662917675,1.105009709056723,0.056362203237446985,0.0004310574866474812,0.017354877318970677,0.8263551653596413,0.8434252907452935,1.0439655561819174,1.1670637446553254
tsb,fixed,0.8,2,13,0.95,26,intermittent,10360,0.8417143867571648,0.8663434538434538,0.21118636782740716,1.3727811858159116,0.13919009598425805,0.0025152228222182927,0.037548262548262545,0.8363568246216597,0.8481006026810072,1.3061964169745024,1.4389024752568473
tsb,fixed,0.8,2,13,0.95,26,lumpy,2181,0.8183449580088252,0.8555708390646493,0.22311654861558275,1.4797008764259714,0.16949488582060718,0.002165646542082681,0.03943145346171481,0.810716300789787,0.8280467712690073,1.370062164083217,1.605609019718098
tsb,dead13,0.8,2,13,0.95,26,all,29917,0.8714610378190549,0.8378270791614375,0.2104717265748703,0.9257737917871456,0.0655328095416015,0.005348635183859127,0.06979309422736237,0.8696084371014389,0.8735786753618259,0.906456551004869,0.9428219965213346
tsb,dead13,0.8,2,13,0.95,26,smooth,15705,0.8850664683353574,0.8224450811843362,0.20364554978688373,0.8104286224716009,0.04899626156241496,0.0038590323458460485,0.0504297994269341,0.8830586293297811,0.8875102616621731,0.7934859839420325,0.8304003910078385
tsb,dead13,0.8,2,13,0.95,26,erratic,1671,0.8343651344283562,0.8111092976443066,0.2270319754135879,1.0888655798544258,0.0546145730272962,0.0029701913484709774,0.04608019150209455,0.8252217521994732,0.8427300969232964,1.030846311022153,1.146496003797039
tsb,dead13,0.8,2,13,0.95,26,intermittent,10360,0.8355957870301102,0.8623157248157248,0.21755045165584033,1.3054335160525397,0.13326260331796316,0.013190467770236266,0.09652509652509653,0.8298244127324726,0.8426076391206682,1.251155057439359,1.3669125792389523
tsb,dead13,0.8,2,13,0.95,26,lumpy,2181,0.8156251906378998,0.852736442832729,0.22749517063747585,1.4350560221241635,0.1638469203082742,0.009852166663277548,0.10041265474552957,0.8078159173180267,0.825329854511292,1.332137561692907,1.5574029326123773
tsb,dead26,0.8,2,13,0.95,26,all,29917,0.8736605184516134,0.8409706247891895,0.20639196114659353,0.9557158955239234,0.06877915469066578,0.00031987619065948253,0.015509576494969415,0.8718453546403986,0.8758250503979693,0.9351491279528724,0.9747779428950017
tsb,dead26,0.8,2,13,0.95,26,smooth,15705,0.8864757234676957,0.8248791641341785,0.20085379293861455,0.8323708167851769,0.05168090715951818,0.0002772782883254857,0.015409105380452086,0.8844595651642447,0.8889302072384583,0.8162949698366985,0.8541012127178748
tsb,dead26,0.8,2,13,0.95,26,erratic,1671,0.8352210914375562,0.8130950437952233,0.22464526253841627,1.1056829797977725,0.056411877481146365,9.852742551942428e-05,0.011370436864153202,0.8263563050065461,0.8434573483720159,1.0445516851291003,1.1687468004782684
tsb,dead26,0.8,2,13,0.95,26,intermittent,10360,0.8423106045149327,0.8666593541593541,0.21068722399772613,1.378632280997656,0.13930231187402803,0.0006222881159972252,0.016312741312741314,0.8371156160622237,0.8486329181241735,1.311881426348053,1.4465500070869948
tsb,dead26,0.8,2,13,0.95,26,lumpy,2181,0.8188228236777355,0.8561752323788088,0.22218287186091437,1.4849319803973402,0.17089289708603617,0.0004778656689102629,0.015589179275561669,0.8112252810034903,0.8283793242247481,1.3743085854573445,1.6118001636415802
tsb,none,0.9,2,13,0.95,26,all,29917,0.8957399393297067,0.8823229115704966,0.15272401737597532,1.1137604498972347,0.07835977842269183,0.0,0.0,0.8939935641714609,0.8977961070905315,1.0902297254346676,1.134898913183983
tsb,none,0.9,2,13,0.95,26,smooth,15705,0.9065379396048885,0.8701803131602559,0.1488959116198165,0.9660209691425354,0.057586732962403575,0.0,0.0,0.904556376928784,0.9088897341698189,0.9467275429654476,0.9903332265328308
tsb,none,0.9,2,13,0.95,26,erratic,1671,0.8551195260830833,0.8487840705075893,0.18174982017916694,1.2386580564644254,0.064630706893225,0.0,0.0,0.8462444771347775,0.8634889593990764,1.1710577552157444,1.3133922440601555
tsb,none,0.9,2,13,0.95,26,intermittent,10360,0.8736913813662681,0.9044620919620919,0.15095634571256247,1.6470254854754098,0.1627230149122449,0.0,0.0,0.8688816160137925,0.8798018246334369,1.5738915652270917,1.7169707734873114
tsb,none,0.9,2,13,0.95,26,lumpy,2181,0.8503365394391688,0.890292192905673,0.16947842884739214,1.7634056571161314,0.2051162128637371,0.0,0.0,0.8427637477947708,0.8584868045485471,1.6285438165424289,1.9102995133585012
tsb,quantile,0.9,2,13,0.95,26,all,29917,0.8906038359924424,0.8769823785199659,0.15965508334039916,1.0176149248125042,0.06309202811459531,0.014582073793180796,0.16585887622422035,0.888698959232062,0.8928621731043472,0.9984504260036751,1.0359273049785107
tsb,quantile,0.9,2,13,0.95,26,smooth,15705,0.902675544951585,0.8655118520448033,0.15425037511120554,0.8954793103772912,0.04670020904586233,0.010549351724706817,0.12811206622094876,0.9007865433251314,0.9049318906215161,0.878658096565932,0.9166191800952748
tsb,quantile,0.9,2,13,0.95,26,erratic,1671,0.8518065413999926,0.8443501441706109,0.18707905577715295,1.1713309823594855,0.05641639332148267,0.013990894423758246,0.1741472172351885,0.8424991746442537,0.860660198628195,1.1092826921088128,1.2366390712497348
tsb,quantile,0.9,2,13,0.95,26,intermittent,10360,0.8613294975901921,0.8981265356265357,0.1609669525189432,1.4253673653522672,0.12401850768735519,0.03227056951264299,0.20183397683397683,0.8549098293985272,0.8678110179113826,1.3859728350798204,1.4698357120692271
tsb,quantile,0.9,2,13,0.95,26,lumpy,2181,0.8442056245805967,0.8841440540202576,0.17897617514488087,1.578125953189499,0.17812900339589643,0.028173739756390183,0.260430994956442,0.8364594229655714,0.8522255881174902,1.4718001764266646,1.7040709740890736
tsb,fixed,0.9,2,13,0.95,26,all,29917,0.895495054860094,0.881886856667082,0.15328993940493396,1.110074075892949,0.07806960028085394,0.0010510454708650527,0.03513052779356219,0.8937479349487332,0.8975657003927529,1.086583913505019,1.131058035026951
tsb,fixed,0.9,2,13,0.95,26,smooth,15705,0.9064296733047582,0.8699806083760239,0.14912496182496582,0.9639329762114506,0.05746985915518214,0.0005827999592936644,0.023750397962432345,0.9044641180744163,0.9087873023957401,0.9445501010553079,0.9880837411319797
tsb,fixed,0.9,2,13,0.95,26,erratic,1671,0.855041525204547,0.8485936564931179,0.18197868305760806,1.2370816176561146,0.06432814559069244,0.0005193216386752987,0.01855176540993417,0.8461416408799367,0.8634160336130823,1.1701339739421197,1.3110877352226982
tsb,fixed,0.9,2,13,0.95,26,intermittent,10360,0.872772117865223,0.9037469287469287,0.15208635188253483,1.6358753066100826,0.1620821374973363,0.003290532606083688,0.051737451737451735,0.8678315951274008,0.8790349631499521,1.5624559407354066,1.7064544616331063
tsb,fixed,0.9,2,13,0.95,26,lumpy,2181,0.8496044899038169,0.8892918177649952,0.17102382485511913,1.7517182829371454,0.2024991357748541,0.0029434491733940664,0.05089408528198074,0.8420946293056277,0.8577945842981449,1.6186084542973163,1.8976633863536043
tsb,dead13,0.9,2,13,0.95,26,all,29917,0.8933348951078188,0.87877977556087,0.15732238034298424,1.078986689301336,0.07412719259533074,0.005827619915411994,0.0702276297757128,0.8916099221654068,0.8953731570144856,1.057424409876905,1.098203841725551
tsb,dead13,0.9,2,13,0.95,26,smooth,15705,0.9050000201738447,0.8675609967873579,0.15190012083228213,0.9406998799880393,0.05426002113322314,0.004166571401288705,0.0504297994269341,0.9030008300945725,0.9073540094215318,0.9208395526698521,0.9629683846406636
tsb,dead13,0.9,2,13,0.95,26,erratic,1671,0.8541794102312521,0.8465535063380665,0.18443078532662002,1.2194226292864563,0.06227795407800909,0.0032308784951577876,0.04608019150209455,0.8451023489471421,0.862631185318132,1.155895289602983,1.2886583229175452
tsb,dead13,0.9,2,13,0.95,26,intermittent,10360,0.8663622102223009,0.8994296244296245,0.15890798422150895,1.561994178375658,0.15407491034063756,0.01446678182964041,0.09749034749034749,0.8608459186621628,0.8724605730919085,1.5022121440818945,1.627504165820352
tsb,dead13,0.9,2,13,0.95,26,lumpy,2181,0.8467220448583688,0.8861656454503772,0.17585318737926595,1.7011712792565628,0.19548671126746242,0.011184090123431686,0.10178817056396149,0.8388116237068819,0.8548224042963477,1.5803579979377276,1.8452701377562513
tsb,dead26,0.9,2,13,0.95,26,all,29917,0.8956687635590672,0.8821755341292729,0.1529152871906408,1.112125398103174,0.07821377684189289,0.00038657236734263186,0.018317344653541463,0.8939153874018804,0.897726655013262,1.0886132715573007,1.1329758638840368
tsb,dead26,0.9,2,13,0.95,26,smooth,15705,0.9064845909932301,0.8700934849931985,0.14899549866553358,0.9647345503093099,0.05751374847519357,0.00032255736208599347,0.017128303088188475,0.9045016191186417,0.9088371244605825,0.9454060083989594,0.9889895764921733
tsb,dead26,0.9,2,13,0.95,26,erratic,1671,0.8550784729891169,0.8487024645013873,0.18184790426992742,1.2379252587371248,0.06440943071674596,0.00012315928189928033,0.012567324955116697,0.8461966695447698,0.8634630888701926,1.1703053429845183,1.312404341944869
tsb,dead26,0.9,2,13,0.95,26,intermittent,10360,0.8735224907846951,0.9042251667251667,0.15133070358482326,1.6436828121528675,0.1623240250819516,0.0008002466482587268,0.02084942084942085,0.8687338462708335,0.8796194626663699,1.5709255352433178,1.7136879922154482
tsb,dead26,0.9,2,13,0.95,26,lumpy,2181,0.8502246985379344,0.8900837814180318,0.16980038634900194,1.759287878479777,0.20463529698842953,0.000635459666104073,0.01925722145804677,0.8426923021938427,0.8583559613839952,1.6249516998102351,1.905377500491812
tsb,none,0.95,2,13,0.95,26,all,29917,0.9108165934778439,0.9090924284459733,0.117981925988441,1.2575333497474503,0.08722791444041907,0.0,0.0,0.9089824002729989,0.9128914617766434,1.2309472813853402,1.283204707299626
tsb,none,0.95,2,13,0.95,26,smooth,15705,0.9202662409537118,0.9000231541778819,0.1146678440068516,1.0877190151039333,0.06295553101818291,0.0,0.0,0.9183156755628819,0.9225893261627472,1.0655105439520107,1.1134918802278493
tsb,none,0.95,2,13,0.95,26,erratic,1671,0.8696194788720252,0.8730754583537348,0.15255345582946447,1.3576052909227503,0.07201862168342317,0.0,0.0,0.8610210993506072,0.8778824438040955,1.2849705659482762,1.4414866536258788
tsb,none,0.95,2,13,0.95,26,intermittent,10360,0.8944297845908314,0.927948402948403,0.11384638848641566,1.892533449403102,0.18490186210367388,0.0,0.0,0.8896530506066156,0.9002260898923041,1.8140948816203377,1.973245152162875
tsb,none,0.95,2,13,0.95,26,lumpy,2181,0.8720285906012973,0.9124254928931683,0.1352865421764327,2.0130294649937976,0.23731520832909692,0.0,0.0,0.8646649643543425,0.8807454522424599,1.8611477702171595,2.1807447345226483
tsb,quantile,0.95,2,13,0.95,26,all,29917,0.9054327851858832,0.9034480243826101,0.12530736270475237,1.1511874574023797,0.06944638191491691,0.01596593650391251,0.17561921315639936,0.9036954503201098,0.9076069238146629,1.1295766223700279,1.1729772015766697
tsb,quantile,0.95,2,13,0.95,26,smooth,15705,0.916251870003331,0.8951665653671385,0.12023807943062767,1.0104330158866786,0.050304557809497046,0.011396877357818105,0.132378223495702,0.9143294075363068,0.9185431365369598,0.9919154556937889,1.033687297807665
tsb,quantile,0.95,2,13,0.95,26,erratic,1671,0.8660560703157394,0.8685599260105543,0.15798077551821094,1.2824658130359996,0.06236375504439892,0.015396962892108363,0.18312387791741472,0.857021579349762,0.8746725344141291,1.2167528350321088,1.3538648267771656
tsb,quantile,0.95,2,13,0.95,26,intermittent,10360,0.8813912049946272,0.9211872586872587,0.12452945295222778,1.6463023164080033,0.1403022801362006,0.03576059703387333,0.21805019305019305,0.8749666793625085,0.8877064648051064,1.6006505154928345,1.6939131592558034
tsb,quantile,0.95,2,13,0.95,26,lumpy,2181,0.8654096427191573,0.9055479138010087,0.1459111397295557,1.7977153954084224,0.20332675844398804,0.03222034691014092,0.27968821641448877,0.8579724444524707,0.8729109418828993,1.6737332096576105,1.9403355300456395
tsb,fixed,0.95,2,13,0.95,26,all,29917,0.9105111515343771,0.9084801283551158,0.11877658305349442,1.2528923244978043,0.08677640455179837,0.0012741956142452416,0.04074606411070629,0.9086843593306533,0.9125830428882081,1.2263307781679798,1.27838920031943
tsb,fixed,0.95,2,13,0.95,26,smooth,15705,0.9201252481943288,0.8997539868600041,0.11497656384857458,1.0852013192797847,0.06278885022982492,0.0006803068755601043,0.02591531359439669,0.9181777421211724,0.9224232110706442,1.063109429883228,1.1109021058784483
tsb,fixed,0.95,2,13,0.95,26,erratic,1671,0.8695106881730141,0.8728306403351287,0.1528477081017459,1.3556655322328368,0.07160768021281923,0.000611691100099759,0.020347097546379412,0.8608830392526144,0.8777547190371965,1.2832983020595825,1.4393089776783188
tsb,fixed,0.95,2,13,0.95,26,intermittent,10360,0.8933268950883445,0.9268910143910144,0.11551713380520912,1.8781029393762156,0.18377222214665595,0.004081711303653931,0.062065637065637065,0.888537118531719,0.8992017224372207,1.7987086904809646,1.9596365253869343
tsb,fixed,0.95,2,13,0.95,26,lumpy,2181,0.8710830266181345,0.9111750239673211,0.13721828718609144,1.997447993980926,0.23334485633527868,0.003792423287309108,0.061898211829436035,0.8634645505766767,0.8798519288399453,1.8465980401781537,2.1631237216395833
tsb,dead13,0.95,2,13,0.95,26,all,29917,0.9082849592489679,0.9053396214374922,0.12285240477425233,1.2196381417184252,0.08219450994237583,0.006235262965438108,0.07029448139853595,0.9066304664253907,0.9103137037699415,1.1951551294925302,1.2425524342073033
tsb,dead13,0.95,2,13,0.95,26,smooth,15705,0.9186630927579932,0.8973199039101618,0.11776832069684376,1.0603267445556397,0.05906910707425006,0.004429503844462347,0.0504297994269341,0.9166457488621718,0.920913055413781,1.0388437783017608,1.0830637690988971
tsb,dead13,0.95,2,13,0.95,26,erratic,1671,0.8686239413433393,0.8708720961862793,0.15520172627999737,1.3366230545965097,0.06931814916231162,0.0034710390948613844,0.04608019150209455,0.8598085453136292,0.8771244849064372,1.2677591734906422,1.4136368954639709
tsb,dead13,0.95,2,13,0.95,26,intermittent,10360,0.8866619513323086,0.9224903474903475,0.12247048465479352,1.799351188128239,0.17432863160090134,0.015544734467733964,0.09768339768339768,0.8812873890495875,0.8925808922384185,1.7322118364717296,1.8673380862719673
tsb,dead13,0.95,2,13,0.95,26,lumpy,2181,0.8681192427354251,0.908028010503939,0.14207984546039923,1.9430068934664577,0.22533704780690159,0.012282164426459524,0.10178817056396149,0.8601726048478571,0.8766564493044405,1.8032855377056085,2.1089849782863967
tsb,dead26,0.95,2,13,0.95,26,all,29917,0.9107319789253354,0.9089070671281454,0.1182224921470924,1.255523339348156,0.08700124698622873,0.00044314797990221874,0.019854931978473777,0.9088895075430926,0.9128187212071901,1.2289454206218102,1.2809196286947502
tsb,dead26,0.95,2,13,0.95,26,smooth,15705,0.9202039261888335,0.8999247489218836,0.11478070932533097,1.0861716812120088,0.06284309545680533,0.0003644741283890378,0.018147086914995225,0.9182715266523709,0.922513880955237,1.0639007149716166,1.1118793818084218
tsb,dead26,0.95,2,13,0.95,26,erratic,1671,0.8695661098498688,0.8729938523475328,0.15265153992022493,1.3567103334742823,0.07173863958257214,0.00014779113827913641,0.013165769000598444,0.8609578640309531,0.8778220551628189,1.2838072648674994,1.440338177407189
tsb,dead26,0.95,2,13,0.95,26,intermittent,10360,0.8942246222065044,0.9276237276237276,0.11435939742247672,1.8883361217281698,0.1843008836717946,0.000931731933241747,0.022972972972972974,0.8894499767399955,0.9000340148460946,1.8100944553449823,1.9691219779179963
tsb,dead26,0.95,2,13,0.95,26,lumpy,2181,0.8719014986680765,0.9121962402567629,0.13564069542820348,2.0075746792199607,0.23630864021798806,0.0007676352766537202,0.02246675836772123,0.8644834351984089,0.8806169735543151,1.8559010282132107,2.1741609403805233
tsb,none,0.99,2,13,0.95,26,all,29917,0.9323690813779629,0.9440087271754886,0.07266675474280125,1.5598898484437225,0.10724436616400092,0.0,0.0,0.9306317389733769,0.9344119420550836,1.529494559455529,1.5915487313759396
tsb,none,0.99,2,13,0.95,26,smooth,15705,0.9399061512742473,0.9387745651355967,0.07022214550331293,1.3433267835584062,0.07431941293215177,0.0,0.0,0.9379049393563895,0.9422845711780337,1.3159549937471453,1.3747610281516294
tsb,none,0.99,2,13,0.95,26,erratic,1671,0.8923998407139954,0.9113758772645667,0.10651932256587981,1.6028708428610723,0.08760730252435475,0.0,0.0,0.8842809016268144,0.900969458437261,1.5151541955148784,1.692783927614177
tsb,none,0.99,2,13,0.95,26,intermittent,10360,0.9226741839977874,0.9575114075114075,0.06713484509209897,2.413209510466682,0.23904727576091442,0.0,0.0,0.9181241721723402,0.9281582383835322,2.3234842286329864,2.505753503789968
tsb,none,0.99,2,13,0.95,26,lumpy,2181,0.9039032474530777,0.9425617940060856,0.08873148744365744,2.5378581450678164,0.31146572584744897,0.0,0.0,0.8968337328836877,0.9113747651064256,2.3531293569668854,2.7475100343293857
tsb,quantile,0.99,2,13,0.95,26,all,29917,0.9264908586419331,0.9376942875288298,0.08086177896702469,1.430845853521923,0.08298437849449807,0.018938230049381718,0.204465688404586,0.9248266240570988,0.9285796686870668,1.4043568783898817,1.4599957502325474
tsb,quantile,0.99,2,13,0.95,26,smooth,15705,0.9355746026537124,0.9335417209342711,0.07622392479186307,1.251626796424836,0.05742202472775396,0.013170382464714825,0.1489334606813117,0.9335922489984748,0.9379781453257336,1.2274968238895119,1.2784440121246294
tsb,quantile,0.99,2,13,0.95,26,erratic,1671,0.8883704795411906,0.906153092867635,0.11279670437455044,1.510546539839975,0.07419525672552311,0.018354838312389415,0.20766008378216635,0.8797596129474964,0.8970614654345983,1.4327834697542448,1.5932362147780124
tsb,quantile,0.99,2,13,0.95,26,intermittent,10360,0.9083094166133925,0.9495744120744121,0.07967583381283493,2.1098718245170183,0.17819633926830705,0.04345361969921607,0.2628378378378378,0.9022441013236412,0.9146262367589525,2.0486832897046865,2.1750262112391843
tsb,quantile,0.99,2,13,0.95,26,lumpy,2181,0.8964302417796938,0.935329915384936,0.09990341274951707,2.252633344856335,0.25746893873152077,0.04124387416881876,0.3246217331499312,0.8885949022766937,0.9038676592252952,2.0940962574059956,2.4290984021904642
tsb,fixed,0.99,2,13,0.95,26,all,29917,0.9319393721799297,0.9430424173546813,0.0739208537338037,1.5526899795796878,0.10633915636304753,0.0018640088184954803,0.05381555637263095,0.930203743790351,0.9339862146506532,1.5224740581705107,1.583768075134452
tsb,fixed,0.99,2,13,0.95,26,smooth,15705,0.9397261557483577,0.9384185696506613,0.07063045239075301,1.3398523991856939,0.07407235058017736,0.0008981843988037358,0.028462273161413563,0.9377252391636758,0.9421380807631199,1.3120426467812254,1.3704525648330041
tsb,fixed,0.99,2,13,0.95,26,erratic,1671,0.8922623128492079,0.9110766552418258,0.10687896423200156,1.6001592860045897,0.08704282248231637,0.0008169565699318929,0.022740873728306403,0.8841086051287651,0.9008071967289173,1.5122075720550687,1.690238761317434
tsb,fixed,0.99,2,13,0.95,26,intermittent,10360,0.9210453533553684,0.9556730431730431,0.07003958487871498,2.3889232715352495,0.23607230783878996,0.006408774149086177,0.09015444015444016,0.9163407241927837,0.9265253408736533,2.2999869512622713,2.4800606763199444
tsb,fixed,0.99,2,13,0.95,26,lumpy,2181,0.902464566769018,0.9408319786586636,0.09140373470701868,2.5116822905016574,0.3040730422758606,0.005978404538707119,0.08757450710683173,0.8950608613805356,0.9103240520859955,2.326102761200339,2.7185544204293803
tsb,dead13,0.99,2,13,0.95,26,all,29917,0.9296051719069067,0.9397408588002565,0.078205691953062,1.5156329533531585,0.10046222773193844,0.007042087610239489,0.07032790720994753,0.9278832580826902,0.9316243947437496,1.4878598497252196,1.5464264738916251
tsb,dead13,0.99,2,13,0.95,26,smooth,15705,0.9381806150870771,0.935842667361292,0.0735848680803601,1.3118549132950568,0.06932835891152693,0.004944833500776244,0.0504297994269341,0.9360777329658787,0.9406710859156557,1.2845752726931696,1.339582383423036
tsb,dead13,0.99,2,13,0.95,26,erratic,1671,0.8913057757597901,0.9090093030847071,0.1093637611979337,1.5786392541473888,0.08430170739817806,0.003928781092587043,0.04608019150209455,0.8829345783808601,0.9000473076895353,1.4958091561424212,1.6674443251659483
tsb,dead13,0.99,2,13,0.95,26,intermittent,10360,0.9140981696341536,0.951026676026676,0.07738115870694018,2.3027981428836988,0.22366621780310758,0.017698372756248953,0.09777992277992278,0.9091645243902018,0.920009196936739,2.2283935837048703,2.3813428520936326
tsb,dead13,0.99,2,13,0.95,26,lumpy,2181,0.8995211175956239,0.937747488641574,0.09616870573084353,2.45074933403827,0.29401854525489557,0.014524066128474693,0.10178817056396149,0.8918258344238765,0.9078564040306424,2.27171118733088,2.6565489586384072
tsb,dead26,0.99,2,13,0.95,26,all,29917,0.9322527778459856,0.9437367626190035,0.07301971656574062,1.5570215810245727,0.10681950156387601,0.0005627697296249817,0.022094461343049102,0.9305152299584803,0.9342962843542729,1.5265687953254479,1.5886999293869994
tsb,dead26,0.99,2,13,0.95,26,smooth,15705,0.9398276974335731,0.9386501114294811,0.07036488693550742,1.3412802590859634,0.07415322528222087,0.00044539366119865814,0.0186564788283986,0.9378425177862924,0.9422174578443796,1.313721650671534,1.3721957069351214
tsb,dead26,0.99,2,13,0.95,26,erratic,1671,0.8923279977995542,0.9112126652521626,0.10671549074740078,1.6017172509206157,0.08725958281845911,0.00019294954164220587,0.013165769000598444,0.8841913663964414,0.9008856189346862,1.5141717405635298,1.6914321679267716
tsb,dead26,0.99,2,13,0.95,26,intermittent,10360,0.9223590727113626,0.957002457002457,0.06793902126214063,2.406513962377072,0.23764083660913052,0.001247976713502632,0.027316602316602316,0.9178301378191388,0.9278131241415861,2.31627704258219,2.4990531597663526
tsb,dead26,0.99,2,13,0.95,26,lumpy,2181,0.9037100677145821,0.9422700179233879,0.08918222794591114,2.5292718140594177,0.3093854850844907,0.0010675722390548427,0.02888583218707015,0.8965929929408004,0.9112171719713087,2.344856975835358,2.7367104741323445
tsb_nb,none,0.5,2,13,0.95,26,all,29917,0.7965094672070495,0.7153609835696944,0.36941102700059353,0.6503069683236298,0.048294767900623356,0.0,0.0,0.7935466134933591,0.7994324724685674,0.6352642993735717,0.6653240061450904
tsb_nb,none,0.5,2,13,0.95,26,smooth,15705,0.8203720863924727,0.6954067899626639,0.3493513563755627,0.5815850455323676,0.037993356977079375,0.0,0.0,0.817604961698463,0.8232760494341249,0.5683803624762376,0.5982161621406288
tsb_nb,none,0.5,2,13,0.95,26,erratic,1671,0.7177045573039612,0.6365268483760405,0.4368665402471719,0.7194965248555957,0.03409459453911744,0.0,0.0,0.7058252872818778,0.7293496035995588,0.6689398439912667,0.7672385636428295
tsb_nb,none,0.5,2,13,0.95,26,intermittent,10360,0.7443007929922877,0.755940680940681,0.38563020374773826,0.9128603943651755,0.09875995774334978,0.0,0.0,0.7381100261838436,0.7522135590008654,0.855746758957718,0.974276525579368
tsb_nb,none,0.5,2,13,0.95,26,lumpy,2181,0.6846442442605283,0.7266891751073319,0.42221506761107536,0.8599802753319641,0.09075889135164812,0.0,0.0,0.6714898254517534,0.6967661449840878,0.7925667726640228,0.9363571649281657
tsb_nb,quantile,0.5,2,13,0.95,26,all,29917,0.794225040200208,0.7129497670828686,0.3725403589168213,0.618354522365783,0.04602115828363196,0.005306659729379434,0.07617742420697263,0.7913235256108804,0.7971777812288433,0.6053964865140206,0.6317152258868465
tsb_nb,quantile,0.5,2,13,0.95,26,smooth,15705,0.818740470660281,0.6930913721744667,0.3520070109280185,0.5575093550601158,0.036566707507494585,0.003984110183263689,0.06450175103470232,0.8159182599163965,0.8217372989265679,0.5454975234154252,0.5718385784151119
tsb_nb,quantile,0.5,2,13,0.95,26,erratic,1671,0.7167993365820015,0.6347859202437299,0.4389590008500621,0.7047112530635871,0.03307401462311207,0.0024980807678570693,0.05745062836624776,0.7044758651410243,0.7283985640691837,0.6576183458646331,0.7497952818985689
tsb_nb,quantile,0.5,2,13,0.95,26,intermittent,10360,0.7379906328069388,0.7533081783081783,0.38978973566174685,0.8328844697742533,0.09144597541678569,0.01306805043594173,0.09150579150579151,0.732293924883365,0.7463381429039002,0.7935029289453673,0.8801552018110799
tsb_nb,quantile,0.5,2,13,0.95,26,lumpy,2181,0.682193911788031,0.7241257138093451,0.4261751448808757,0.8222543058746975,0.08877930739980071,0.007447587286739736,0.10178817056396149,0.6688778299501175,0.6944179360771304,0.761945939734546,0.8906110822155617
tsb_nb,fixed,0.5,2,13,0.95,26,all,29917,0.7964422732977046,0.7152819771063579,0.36951356339608427,0.6494973231937448,0.04829038785319939,0.0003429378039902232,0.009225523949593877,0.7934707048112408,0.7993806965505365,0.6345996544164006,0.664171597191819
tsb_nb,fixed,0.5,2,13,0.95,26,smooth,15705,0.8203395840870505,0.6953575873346647,0.34940778903480235,0.5810694917222232,0.03798941186966261,0.0002113770621592021,0.007513530722699777,0.8175820510576586,0.8232352745027612,0.5678820701717735,0.5975978919317044
tsb_nb,fixed,0.5,2,13,0.95,26,erratic,1671,0.7176983993398662,0.6364996463739732,0.43689923494409205,0.7191742580679592,0.03409459453911744,0.00018063361345227783,0.004189108318372232,0.705818848039705,0.7293379480109143,0.66869218614553,0.7667536438621553
tsb_nb,fixed,0.5,2,13,0.95,26,intermittent,10360,0.7440355554346495,0.7558090558090558,0.3858381803434387,0.9103157007032195,0.09874748931115312,0.0010632172182247672,0.012644787644787644,0.7378315020732319,0.7519092978229783,0.852945594811792,0.9717397786932992
tsb_nb,fixed,0.5,2,13,0.95,26,lumpy,2181,0.6845273196819651,0.7266058105122755,0.42234385061171925,0.8590753807674318,0.09077007544177156,0.0004982003782255933,0.009170105456212746,0.6714074106786497,0.6967095330617441,0.7919030349634562,0.9359292089829918
tsb_nb,dead13,0.5,2,13,0.95,26,all,29917,0.7947002089813536,0.7130697961329375,0.3723845824698257,0.6284493703018184,0.04716216063757563,0.004022177640123358,0.05364842731557309,0.7918435756867891,0.7977156284471592,0.6146222502806892,0.6420899569475756
tsb_nb,dead13,0.5,2,13,0.95,26,smooth,15705,0.8191468615549731,0.6933518566756389,0.3517082497908672,0.5650949448379838,0.03701792916828618,0.0030236110195816304,0.04157911493155046,0.8163423699926009,0.822191884041228,0.5522292933681262,0.5806395144541108
tsb_nb,dead13,0.5,2,13,0.95,26,erratic,1671,0.7170641290380849,0.6350035362602687,0.43869744327470084,0.7091326712837712,0.03331787000127264,0.0018966529412489173,0.040694195092758824,0.7048024024405574,0.7287178599230162,0.6610648722896063,0.7558347774015393
tsb_nb,dead13,0.5,2,13,0.95,26,intermittent,10360,0.7389416341353936,0.7531370656370656,0.3900601052361574,0.8582758651958451,0.09666526113430995,0.009919204559365607,0.07055984555984555,0.733062024977823,0.7470552927593401,0.8121203624794497,0.9149549815761943
tsb_nb,dead13,0.5,2,13,0.95,26,lumpy,2181,0.6826158570063241,0.7245425367846275,0.4255312298776561,0.8347042316530084,0.08949508916770034,0.0054852878378103586,0.07015130674002751,0.6690681003313822,0.6948215851156387,0.7688239292120889,0.9056164020467146
tsb_nb,dead26,0.5,2,13,0.95,26,all,29917,0.7964937056727587,0.7153336351785394,0.3694465203682634,0.6499920694595884,0.048292942880863374,0.00014069243240624543,0.004345355483504362,0.7935263446752775,0.7994219189218708,0.6350135253634601,0.6648860621110931
tsb_nb,dead26,0.5,2,13,0.95,26,smooth,15705,0.8203602062394564,0.6953923186014876,0.3493679542165155,0.5812976803216697,0.037993356977079375,0.00013135414467157206,0.003629417382999045,0.8176024125902175,0.8232610274431553,0.5680569526919044,0.597861747755821
tsb_nb,dead26,0.5,2,13,0.95,26,erratic,1671,0.7176983993398662,0.6364996463739732,0.43689923494409205,0.7194513664522326,0.03409459453911744,1.8473892284892052e-05,0.0017953321364452424,0.705818848039705,0.7293379480109143,0.6688742017722188,0.7671449963783514
tsb_nb,dead26,0.5,2,13,0.95,26,intermittent,10360,0.7442565867326814,0.7558880308880309,0.3857133943860184,0.9122607761258994,0.09874748931115312,0.00026863803914634315,0.006081081081081081,0.7380841216187579,0.7521718824423644,0.8550801485115443,0.973528065917691
tsb_nb,dead26,0.5,2,13,0.95,26,lumpy,2181,0.6846442442605283,0.7266891751073319,0.42221506761107536,0.85964983630559,0.09075889135164812,8.133883726132135e-05,0.0032095369096744614,0.6714898254517534,0.6967661449840878,0.7925533833161013,0.9362750606534287
tsb_nb,none,0.8,2,13,0.95,26,all,29917,0.9175850940349727,0.8799071370184783,0.1558592648534814,1.2726959457351943,0.0843075178204884,0.0,0.0,0.915911471944801,0.9192590637560026,1.2472011724590422,1.2960877651693956
tsb_nb,none,0.8,2,13,0.95,26,smooth,15705,0.9284738576112106,0.8725941362044514,0.1461273917488813,1.115513865931801,0.06267246956103058,0.0,0.0,0.9267491204275368,0.9304066880113447,1.0985301205967877,1.1416037382434001
tsb_nb,none,0.8,2,13,0.95,26,erratic,1671,0.9064564200880999,0.8883901855176541,0.13414634146341464,1.7552907174849233,0.08132125277621548,0.0,0.0,0.899642688797575,0.9132766902075348,1.6667515004206448,1.8409726496384953
tsb_nb,none,0.8,2,13,0.95,26,intermittent,10360,0.8788329094066386,0.8868813618813619,0.17873508634494997,1.641423758937599,0.16467307770780343,0.0,0.0,0.8735691698254028,0.8847977756456896,1.5684984670545123,1.7206261709822805
tsb_nb,none,0.8,2,13,0.95,26,lumpy,2181,0.8719980885373244,0.8929390187987162,0.16538956857694784,1.988551558655469,0.22193708440937837,0.0,0.0,0.8649546514584482,0.8792342508681535,1.84502247679843,2.1410769757278265
tsb_nb,quantile,0.8,2,13,0.95,26,all,29917,0.9144142051574394,0.8763867913348142,0.16042805001409877,1.2111697182103125,0.07753377447932186,0.009368821893335226,0.10866731289902062,0.9127078766433251,0.9161604793086652,1.188574346210789,1.2326452496897766
tsb_nb,quantile,0.8,2,13,0.95,26,smooth,15705,0.9262419579209463,0.8695348904517959,0.14963617532631354,1.0702628114001052,0.05779039913279366,0.006791636910245668,0.08755173511620502,0.9243371244250966,0.9282447836353548,1.0529410923422096,1.0959445787252793
tsb_nb,quantile,0.8,2,13,0.95,26,erratic,1671,0.9046131361690074,0.8849627332571677,0.13826587327535475,1.7155656911083101,0.07787566659961327,0.006040962777159701,0.08617594254937164,0.8977177743955272,0.9115249191195908,1.6323402957347215,1.796716024508118
tsb_nb,quantile,0.8,2,13,0.95,26,intermittent,10360,0.8703895138218238,0.8827658827658827,0.18523782123718344,1.497453039350372,0.1470876009376261,0.022150736544294673,0.13378378378378378,0.8651832287864414,0.8769430916202904,1.445029793651182,1.5522715208195983
tsb_nb,quantile,0.8,2,13,0.95,26,lumpy,2181,0.8678904772556276,0.8888541536409487,0.17169993560849967,1.8736807857331679,0.21250889643532545,0.018733350956748072,0.1586428243924805,0.8605886345680204,0.8756670883759808,1.7417197077378066,2.007264475542904
tsb_nb,fixed,0.8,2,13,0.95,26,all,29917,0.9172906022100658,0.8795470498682719,0.15632659419446815,1.2689737349792578,0.08416881631872941,0.0011764741016423187,0.025470468295617877,0.9156751702575644,0.919002280794986,1.2434079339756678,1.2923843500450767
tsb_nb,fixed,0.8,2,13,0.95,26,smooth,15705,0.9283458657739965,0.8724089027813956,0.14633984411307777,1.1136419572933156,0.06260984098078956,0.0006417524167145236,0.0166189111747851,0.9266372882552701,0.930277265467037,1.0967264495520865,1.1393095249450491
tsb_nb,fixed,0.8,2,13,0.95,26,erratic,1671,0.9064112616847368,0.8882541755073173,0.13430981494801544,1.7539831764420923,0.08129867357453394,0.000478268544708872,0.012567324955116697,0.8996184818702921,0.9132641193187959,1.6654809998782005,1.8391081386236832
tsb_nb,fixed,0.8,2,13,0.95,26,intermittent,10360,0.8776665442493323,0.8863153738153738,0.17962938570646184,1.6281358106974613,0.1643040121147821,0.0038788159069990977,0.03861003861003861,0.8724097366992801,0.8836643445943068,1.5576519105197115,1.7051316612695648
tsb_nb,fixed,0.8,2,13,0.95,26,lumpy,2181,0.871220285906013,0.8921262139969155,0.166645202833226,1.9797872989405614,0.2208186753970352,0.0029129471094210707,0.036680421824850984,0.864028576132217,0.8782737501750058,1.8378744927613078,2.1325446046016365
tsb_nb,dead13,0.8,2,13,0.95,26,all,29917,0.9152114069707791,0.8766982591229675,0.160023819993414,1.237611434047436,0.08121848937473496,0.006129577730246152,0.06651736470902832,0.9135809762566033,0.9170553006362857,1.2135557473534635,1.258623898547559
tsb_nb,dead13,0.8,2,13,0.95,26,smooth,15705,0.9269336966418618,0.870087696448728,0.14900213780191474,1.0897139841953618,0.06016239496711887,0.004420089383581449,0.049156319643425664,0.9250875141250924,0.928936308240404,1.0724379809572646,1.114796379587945
tsb_nb,dead13,0.8,2,13,0.95,26,erratic,1671,0.9054588299047158,0.8861596213481312,0.13682730661086773,1.7338897396002249,0.07939750479294871,0.0037440421697381224,0.04488330341113106,0.898409242572893,0.9123437053192749,1.6498011004903943,1.8157668161132816
tsb_nb,dead13,0.8,2,13,0.95,26,intermittent,10360,0.8716726288442443,0.882515795015795,0.18563297676901427,1.5570102059784998,0.15846629216030322,0.014916778882556436,0.09150579150579151,0.8668474312441723,0.8783351103614819,1.4979829309693227,1.626718891914388
tsb_nb,dead13,0.8,2,13,0.95,26,lumpy,2181,0.8687801207881733,0.88941686465758,0.17083065035415326,1.9302468633710879,0.21681477113284664,0.011397604571242654,0.08940852819807428,0.8615241225142704,0.8765264990526042,1.7908388600046725,2.0763562654923686
tsb_nb,dead26,0.8,2,13,0.95,26,all,29917,0.9175442799567038,0.8798326886203345,0.15595588568769386,1.2717446127075793,0.08428598258732055,0.00032535124993944255,0.009392653006651737,0.9158738397212631,0.9192246591854757,1.2462873604962712,1.2950105341912412
tsb_nb,dead26,0.8,2,13,0.95,26,smooth,15705,0.9284395620751444,0.872553616393158,0.1461738657035493,1.1147320173710253,0.06267246956103058,0.0002869169030368809,0.008213944603629418,0.9267036673447041,0.9303713358417668,1.097775714156704,1.1405276240829176
tsb_nb,dead26,0.8,2,13,0.95,26,erratic,1671,0.9064420515052117,0.8883357815135194,0.13421173085725496,1.7549273976033202,0.08130318941487023,7.800087853621089e-05,0.005385996409335727,0.8996189598726247,0.9132644696523134,1.6665590302305482,1.840662055914092
tsb_nb,dead26,0.8,2,13,0.95,26,intermittent,10360,0.8787433633935898,0.8867541242541243,0.1789361303874604,1.6394809505025911,0.16454091232651877,0.0006483584742266172,0.012065637065637066,0.8734624726296263,0.8846984466221405,1.5669816137490875,1.718721245802498
tsb_nb,dead26,0.8,2,13,0.95,26,lumpy,2181,0.8719625027960225,0.8928556542036596,0.16551835157759176,1.9867468532037333,0.2219147162291315,0.0003609410903471135,0.008253094910591471,0.8648942807472677,0.879214424355109,1.844058370768935,2.1400844887688124
tsb_nb,none,0.9,2,13,0.95,26,all,29917,0.9529956206162196,0.9341587482945239,0.08545028266523641,1.7850564727478093,0.11704362726327337,0.0,0.0,0.9516322454395771,0.9543721505992727,1.7498010742921448,1.8185983532139076
tsb_nb,none,0.9,2,13,0.95,26,smooth,15705,0.9601781753967858,0.9317704263263002,0.07825550052449178,1.5400347707421869,0.08260315223048753,0.0,0.0,0.9588798762658082,0.9616590733573205,1.517089435452079,1.5727311073615684
tsb_nb,none,0.9,2,13,0.95,26,erratic,1671,0.9510749752655109,0.9502475382188129,0.05979860066697182,2.7699446193762394,0.1400542721902236,0.0,0.0,0.9459201693015934,0.95614504066006,2.6320592898980473,2.9070011218173137
tsb_nb,none,0.9,2,13,0.95,26,intermittent,10360,0.9238960903530606,0.9330598455598456,0.10576996402004894,2.2026210911465065,0.22154159695679576,0.0,0.0,0.9193162484858144,0.9293155016516649,2.119075469906137,2.2923507094798135
tsb_nb,none,0.9,2,13,0.95,26,lumpy,2181,0.9253665331354088,0.9442499270559793,0.08612363168061817,3.0300343656587425,0.3724749374707688,0.0,0.0,0.919020769444141,0.9323896209564533,2.789960043851822,3.2540042904306703
tsb_nb,quantile,0.9,2,13,0.95,26,all,29917,0.9491421743484514,0.930023063809874,0.09081766859842606,1.6979550819500235,0.10448676130666106,0.012828561625608146,0.13373667145769963,0.9478379034285248,0.9507174312094389,1.665179881138353,1.7283365585195567
tsb_nb,quantile,0.9,2,13,0.95,26,smooth,15705,0.9574963989687131,0.9283291366385922,0.08220246710307923,1.477514008493637,0.07349143351305988,0.009034968445865281,0.10264247055078,0.9561922882649538,0.9591566131633792,1.4549238321990186,1.507557862606301
tsb_nb,quantile,0.9,2,13,0.95,26,erratic,1671,0.9488129497879608,0.9463848539252488,0.06444124762963448,2.7021782771658587,0.13307278303029307,0.010156535447293986,0.118491921005386,0.9434541209242797,0.9537466832617774,2.5772373550783745,2.8330193061944073
tsb_nb,quantile,0.9,2,13,0.95,26,intermittent,10360,0.9135790294572378,0.928036153036153,0.11370773742261538,2.006331696568234,0.1908867095580734,0.02945723781154078,0.1665057915057915,0.908588026395715,0.9192188125456668,1.9480768773187291,2.064692524211624
tsb_nb,quantile,0.9,2,13,0.95,26,lumpy,2181,0.9199880025215039,0.9391230044600059,0.09404378622021893,2.8272769790755836,0.34914492547329035,0.03090367448197328,0.21366345712975698,0.913108938803499,0.9273575401067902,2.6181173749688296,3.030881061984462
tsb_nb,fixed,0.9,2,13,0.95,26,all,29917,0.9524081301643912,0.9333853965668653,0.08645395622879025,1.7769265074497307,0.11647203107444554,0.0023137932338885597,0.040712638299294716,0.9511143465849011,0.953787527619857,1.7420923122496461,1.8103977515522622
tsb_nb,fixed,0.9,2,13,0.95,26,smooth,15705,0.9599470727975429,0.9313941709357182,0.07868704438926584,1.536158254397562,0.08240244489066,0.001191153455264051,0.023814071951607767,0.9586090151095823,0.9614155190665867,1.5133181529549713,1.568493252963061
tsb_nb,fixed,0.9,2,13,0.95,26,erratic,1671,0.9509579739477065,0.9500027202002067,0.060092852939253254,2.766395579402842,0.13987815441710763,0.0009975901833841707,0.025134649910233394,0.9458370644487579,0.9559880907884843,2.6295569276590927,2.9037489569574437
tsb_nb,fixed,0.9,2,13,0.95,26,intermittent,10360,0.9216257021994314,0.9318094068094068,0.10774574167920303,2.175089659362432,0.22013017043213318,0.007436853058393068,0.06158301158301158,0.9168008344350573,0.9268140974972068,2.093195814607012,2.261121360473152
tsb_nb,fixed,0.9,2,13,0.95,26,lumpy,2181,0.9230788783374342,0.9424784294110291,0.08886027044430135,3.0011082416576853,0.3662789515423877,0.008057628566199647,0.07519486474094451,0.9162773457127923,0.9295747222804479,2.769585138158136,3.2234333062365947
tsb_nb,dead13,0.9,2,13,0.95,26,all,29917,0.9501714854930838,0.9303649186993105,0.09037400150255256,1.7397536754238856,0.11156637795960136,0.007645007774584178,0.06949226192465822,0.948823552438124,0.9516545730062007,1.7056833824448379,1.7718173537010606
tsb_nb,dead13,0.9,2,13,0.95,26,smooth,15705,0.9584118432124651,0.9289774536192874,0.0814588838283916,1.507222460572462,0.0782536713035128,0.005373415624687586,0.05023877745940783,0.9571247696509778,0.959954680395416,1.4842003118380342,1.537843010214854
tsb_nb,dead13,0.9,2,13,0.95,26,erratic,1671,0.9499029094327694,0.9477721560306839,0.06277381808670633,2.7393703276447425,0.13681189882875522,0.005174742494468095,0.04608019150209455,0.9444764424290286,0.9549294576793208,2.6106268333744787,2.871681782003615
tsb_nb,dead13,0.9,2,13,0.95,26,intermittent,10360,0.9151069791482473,0.9276325026325026,0.11434553231609669,2.096290301373341,0.21057187031016925,0.018496352416835556,0.09662162162162162,0.9107194253413227,0.9205800833888881,2.027294593657426,2.172561445700368
tsb_nb,dead13,0.9,2,13,0.95,26,lumpy,2181,0.9212131687577526,0.9399983327080988,0.09269156471345782,2.93868576773695,0.36051914512882033,0.016613457510624884,0.09720311783585511,0.9143061031724118,0.9286439534129548,2.7228492562153606,3.1516997912492566
tsb_nb,dead26,0.9,2,13,0.95,26,all,29917,0.9529254403109038,0.9340235256938135,0.08562577764982637,1.783267621561248,0.11698486162700178,0.0005169783247380433,0.013169769696159375,0.9515585340690019,0.954294172799979,1.748139674889151,1.8167670037693884
tsb_nb,dead26,0.9,2,13,0.95,26,smooth,15705,0.960120119554687,0.9316922809759486,0.07834512886563716,1.5386102731493747,0.08260216595363333,0.00044651443035114596,0.01177968799745304,0.958792625291849,0.9616017508709878,1.515803281947493,1.5711487774302526
tsb_nb,dead26,0.9,2,13,0.95,26,erratic,1671,0.9510462380997344,0.9501659322126108,0.0598966847577323,2.7690825044029443,0.13992782866080702,0.00015600175707242177,0.008378216636744464,0.9458845668382002,0.9561009449619465,2.631593419306592,2.9066923861562364
tsb_nb,dead26,0.9,2,13,0.95,26,intermittent,10360,0.9237476026605367,0.9328316953316953,0.1061304567859297,2.199094791822522,0.22126479776202976,0.0010110765017659834,0.015926640926640926,0.9191271095034684,0.9291392998628816,2.1155880796655646,2.2890711432291355
tsb_nb,dead26,0.9,2,13,0.95,26,lumpy,2181,0.925269943266161,0.9441040390146305,0.08634900193174501,3.0254793907721087,0.3722512556683002,0.0007930536632978831,0.013755158184319119,0.9188994161006305,0.9322297147313018,2.787414009502966,3.246531539847569
tsb_nb,none,0.95,2,13,0.95,26,all,29917,0.9707391263663591,0.9612017490815499,0.05035325760100328,2.302527220999275,0.1603152107765094,0.0,0.0,0.9695591728316832,0.9718563053656203,2.2587313984605366,2.346853080246395
tsb_nb,none,0.95,2,13,0.95,26,smooth,15705,0.9759718301398137,0.9609475847298197,0.044790933595357914,1.9618842102007028,0.10549661056992904,0.0,0.0,0.9749298728936396,0.9773059106646067,1.9321372525540206,2.002594754498607
tsb_nb,none,0.95,2,13,0.95,26,erratic,1671,0.9720797907934331,0.973423643980197,0.03194271889099588,3.845958528164475,0.25328445278278394,0.0,0.0,0.9679935032152396,0.9761538742356058,3.6488985647660503,4.041036955617862
tsb_nb,none,0.95,2,13,0.95,26,intermittent,10360,0.9479465625665927,0.9584898209898209,0.06558888573072577,2.763177999338039,0.2866542435742234,0.0,0.0,0.9437476137124793,0.952363042858746,2.6705786398831357,2.869242257029405
tsb_nb,none,0.95,2,13,0.95,26,lumpy,2181,0.9509679321634097,0.9665499562335876,0.051674179008370895,4.139592695772413,0.6066921528356751,0.0,0.0,0.9451850215254405,0.9566072142197054,3.8162447904639527,4.469259405417347
tsb_nb,quantile,0.95,2,13,0.95,26,all,29917,0.9661473766502326,0.9563914709484118,0.05659614660338331,2.184887442735857,0.13852264982250853,0.017113376200282315,0.1532573453220577,0.9649323883395308,0.9675269312867598,2.145330086447955,2.223924828077469
tsb_nb,quantile,0.95,2,13,0.95,26,smooth,15705,0.972820675590679,0.9570895198402362,0.04921591799338742,1.87952628226078,0.09001255709758448,0.011568130884318243,0.11442215854823305,0.9716445480593873,0.9743665216224401,1.849747979248486,1.9142044493320762
tsb_nb,quantile,0.95,2,13,0.95,26,erratic,1671,0.9689453870690965,0.9689625156411512,0.037304649185902046,3.7389721126332685,0.23868022513516732,0.01773493659349637,0.15320167564332735,0.9648128823588906,0.973392034103739,3.5444717693566727,3.9235005540227466
tsb_nb,quantile,0.95,2,13,0.95,26,intermittent,10360,0.9357082296186473,0.9524570024570025,0.0751211463669955,2.50726229500764,0.2364338923724933,0.03780882039563469,0.1913127413127413,0.9310222469674596,0.9409002249609324,2.439962628805484,2.576961457590299
tsb_nb,quantile,0.95,2,13,0.95,26,lumpy,2181,0.9443896536999004,0.9604226584969363,0.06113972955569865,3.8155591028326246,0.5515210362567866,0.04851861642637818,0.2521779000458505,0.9384581927584772,0.9499403708734674,3.5394703807357644,4.0931725425615575
tsb_nb,fixed,0.95,2,13,0.95,26,all,29917,0.9697796637052679,0.9599270101827176,0.05200764290517158,2.2859814259443483,0.15847230582287486,0.004308705742441266,0.05739211819366915,0.9686195336014998,0.9709807384920911,2.2436388267148173,2.3289434547056036
tsb_nb,fixed,0.95,2,13,0.95,26,smooth,15705,0.9755900961664764,0.9603803073717114,0.04544156896070959,1.954331571035918,0.10492703568663475,0.00204674862627325,0.03043616682585164,0.9745032986538298,0.9769231977387838,1.9244097331510044,1.9937723584425928
tsb_nb,fixed,0.95,2,13,0.95,26,erratic,1671,0.9716692598537688,0.9725803819161091,0.03295625449552082,3.8328092221670285,0.251563917614651,0.003179562127699754,0.04308797127468582,0.967494174614513,0.9756370273392804,3.6379330369794736,4.02794093634621
tsb_nb,fixed,0.95,2,13,0.95,26,intermittent,10360,0.944447467094674,0.9564364689364689,0.06883332062365248,2.714908164329402,0.2831132088303704,0.012697397951549939,0.08532818532818533,0.9400897488577196,0.94869307752049,2.6239831642400193,2.810983253246084
tsb_nb,fixed,0.95,2,13,0.95,26,lumpy,2181,0.9469365760416455,0.9635488308115543,0.05631036703155184,4.052956666734449,0.5832838522073327,0.020782072920267604,0.12975699220541037,0.9407227586791574,0.9532046710545781,3.735797776157574,4.37572574356522
tsb_nb,dead13,0.95,2,13,0.95,26,all,29917,0.9674496112044267,0.9568108129461206,0.05605191496577848,2.2458061045915505,0.15141933445843034,0.009169397006834865,0.07012735234147809,0.9662317074524251,0.9687613272615321,2.203758662520918,2.287049553951074
tsb_nb,dead13,0.95,2,13,0.95,26,smooth,15705,0.9739616185879115,0.9578072993545773,0.04839266508212612,1.9212713467296627,0.09847678506023685,0.0063186723278958095,0.050366125437758674,0.9728709314247481,0.9753170921202635,1.8905362144391789,1.9575901261140742
tsb_nb,dead13,0.95,2,13,0.95,26,erratic,1671,0.9707394072754293,0.9706762417713943,0.03524488327993199,3.8051024890490868,0.2480460779926679,0.006630074675577925,0.04608019150209455,0.9662596500262153,0.9747786676007463,3.6074226180457094,3.9987637371745866
tsb_nb,dead13,0.95,2,13,0.95,26,intermittent,10360,0.9374776134967377,0.9520928395928396,0.0756965482817667,2.6330846447857015,0.26936302180388744,0.022054389568229527,0.09758687258687258,0.9331152968658122,0.9424309873900486,2.5527711969432194,2.716165794384998
tsb_nb,dead13,0.95,2,13,0.95,26,lumpy,2181,0.9460367651544421,0.961423033637614,0.05959433354797167,4.007325579030847,0.5838430567135043,0.02232242715090388,0.10041265474552957,0.9399175060512567,0.9514765178077569,3.7109400898649865,4.320223565496233
tsb_nb,dead26,0.95,2,13,0.95,26,all,29917,0.97062415012148,0.9609708071117972,0.050652979372437824,2.299460855980722,0.1601611791087665,0.0007660105665325885,0.016512350837316576,0.9694639055985521,0.9717668796179607,2.255579668009974,2.343777013777931
tsb_nb,dead26,0.95,2,13,0.95,26,smooth,15705,0.9758770130695132,0.9607970825735869,0.044963551141267544,1.9594716425230576,0.10548181641711621,0.0006534084159003968,0.014708691499522445,0.9748094009094624,0.977209184950662,1.9296507305241184,2.000059886790653
tsb_nb,dead26,0.95,2,13,0.95,26,erratic,1671,0.9720058952242936,0.9732876339698602,0.03210619237559668,3.84420350839741,0.252769646984445,0.0002750557295750594,0.011370436864153202,0.9679250584756758,0.9760567934276896,3.646046119771419,4.0391967865658245
tsb_nb,dead26,0.95,2,13,0.95,26,intermittent,10360,0.9477119293425282,0.9581168831168831,0.066178152751877,2.7574583894412785,0.2861230883626455,0.0014576730731738281,0.019884169884169883,0.9434549506474007,0.9521387276664272,2.665362845655252,2.863788056048459
tsb_nb,dead26,0.95,2,13,0.95,26,lumpy,2181,0.9508306728755312,0.9663415447459464,0.05199613650998068,4.130350570388596,0.6059651869776521,0.0014335970067307889,0.01742320036680422,0.9450191679886252,0.9563902196358238,3.8059392321561356,4.456778998830688
tsb_nb,none,0.99,2,13,0.95,26,all,29917,0.9877773449347075,0.9860401656704761,0.018117392341714368,3.4928854093320227,0.3316831062234501,0.0,0.0,0.9868848754322876,0.9885302398830828,3.4223011342719145,3.562316443051798
tsb_nb,none,0.99,2,13,0.95,26,smooth,15705,0.9908796289447152,0.987352030331973,0.014506512992789898,2.9086682976099376,0.17618899037079977,0.0,0.0,0.9901005168224433,0.99169116440486,2.861155679078921,2.9644237735789805
tsb_nb,none,0.99,2,13,0.95,26,erratic,1671,0.991555378571106,0.9919482073880638,0.009677630288367227,6.463319060540997,0.9642764186922947,0.0,0.0,0.9890272428664724,0.9938335031190206,6.059288801196823,6.861804230881678
tsb_nb,none,0.99,2,13,0.95,26,intermittent,10360,0.9724345634008442,0.982994032994033,0.026870576164495622,4.054416772081593,0.4918597006669478,0.0,0.0,0.9693223865475111,0.9758775180911936,3.9309248268553385,4.182645769684882
tsb_nb,none,0.99,2,13,0.95,26,lumpy,2181,0.9768743518311406,0.9865366178983785,0.020798454603992274,6.867458364682676,1.5731093804014071,0.0,0.0,0.9722920614203269,0.9805083189317145,6.283080860265873,7.500121386185313
tsb_nb,quantile,0.99,2,13,0.95,26,all,29917,0.9816759720552974,0.9796300066547752,0.026436643352782386,3.2697374227933684,0.2633182310183013,0.030564269564045916,0.19610923555169302,0.9806128510616766,0.9826293160297209,3.21064588759884,3.3329105979778215
tsb_nb,quantile,0.99,2,13,0.95,26,smooth,15705,0.9868379112270136,0.9823999305374663,0.020186294166854777,2.764817576888126,0.1334920790760917,0.01840796086812089,0.1367080547596307,0.9858976977907227,0.9877696928477473,2.718658627737681,2.814037392093064
tsb_nb,quantile,0.99,2,13,0.95,26,erratic,1671,0.9862184763554706,0.9853381208856972,0.017622441639965996,6.150837277851445,0.8705591841929167,0.05777401913895241,0.2519449431478157,0.983222917131063,0.9891402631229262,5.7831149342487365,6.498615652236432
tsb_nb,quantile,0.99,2,13,0.95,26,intermittent,10360,0.956379756706883,0.9747937872937873,0.03982751807663244,3.6090296385968252,0.3567068830279701,0.059429081824653035,0.24584942084942085,0.9523518581356607,0.960990206175188,3.5220362133576604,3.7027134360498453
tsb_nb,quantile,0.99,2,13,0.95,26,lumpy,2181,0.966808670720052,0.9782835229877871,0.03354797166773986,6.063876405636781,1.2849401142810664,0.1094159871484637,0.3447959651535993,0.9619170463773087,0.9717582457157941,5.602778938956034,6.544931827109281
tsb_nb,fixed,0.99,2,13,0.95,26,all,29917,0.9857437751894205,0.9832794975188932,0.021700250622612823,3.4111726382419287,0.2986597386704432,0.0184472997339453,0.09589865293980011,0.9848286997234427,0.9866222369094186,3.34661455049477,3.474796314954957
tsb_nb,fixed,0.99,2,13,0.95,26,smooth,15705,0.9901089880754645,0.9862608896992852,0.015757990200634703,2.8824494723642986,0.17161661087477825,0.005310652552148268,0.04291626870423432,0.9893579119104564,0.9909240221026424,2.8343543200223302,2.9367775632543167
tsb_nb,fixed,0.99,2,13,0.95,26,erratic,1671,0.9883778690981045,0.9872422610304118,0.015333812855554829,6.171051821320513,0.7688805231806295,0.06924630624787037,0.1310592459605027,0.9856137764772714,0.9912151235186439,5.825026360385365,6.5078026979276276
tsb_nb,fixed,0.99,2,13,0.95,26,intermittent,10360,0.9662774248833634,0.9790101790101791,0.03316533446102865,3.92215844430238,0.47431661656623914,0.033082151099262325,0.13822393822393822,0.9628351271559653,0.970071004667354,3.8043016117568653,4.049408915616986
tsb_nb,fixed,0.99,2,13,0.95,26,lumpy,2181,0.9675254692234174,0.9790546454920596,0.03235672891178364,6.275337047806901,1.227543363767615,0.12493137035606076,0.2494268684089867,0.9631096619748445,0.9720926796936568,5.818865648681894,6.733095919250873
tsb_nb,dead13,0.99,2,13,0.95,26,all,29917,0.9835019872806078,0.9804033583824339,0.02543296978922855,3.4020432257589257,0.3089897155159198,0.012851623238938887,0.07032790720994753,0.9825607457322135,0.9843346788092706,3.337417426939457,3.470204430989372
tsb_nb,dead13,0.99,2,13,0.95,26,smooth,15705,0.9883280858921614,0.9834563399033313,0.01897465177729681,2.8447833351489793,0.15837041958458917,0.008523449404669842,0.0504297994269341,0.9874581032909946,0.9892588776507197,2.7971613384862146,2.8974430372135416
tsb_nb,dead13,0.99,2,13,0.95,26,erratic,1671,0.9899112021577506,0.9882487351069039,0.014124109069508926,6.3939331737736405,0.9498031504144309,0.010156535447293986,0.04608019150209455,0.9872412196456161,0.9920341910164969,5.983376466269148,6.775594375111789
tsb_nb,dead13,0.99,2,13,0.95,26,intermittent,10360,0.9585481304152668,0.9745875745875746,0.040153348076563115,3.8530153203026885,0.45024506136735626,0.030730151389436744,0.09777992277992278,0.9548380064889747,0.962729356513523,3.742782541041564,3.967905145860032
tsb_nb,dead13,0.99,2,13,0.95,26,lumpy,2181,0.970092726274478,0.9800341794839732,0.030843528654217644,6.607956971755089,1.5043607784126725,0.037502287654797975,0.10178817056396149,0.9655805606877452,0.9744836148863337,6.094656166839897,7.194030274661161
tsb_nb,dead26,0.99,2,13,0.95,26,all,29917,0.9874787053376187,0.9855554914050084,0.018746413690975024,3.4839471261911568,0.3306523350630096,0.001626590338809941,0.02052344820670522,0.9865160448001831,0.9882601559860444,3.4131716738384195,3.553290567016544
tsb_nb,dead26,0.99,2,13,0.95,26,smooth,15705,0.990617368963033,0.9870018233915082,0.01490818074384884,2.901333535968396,0.17570176960483025,0.0013915469797288725,0.018210760904170648,0.9898310120807535,0.9913739165709704,2.8535588182403067,2.956326743143927
tsb_nb,dead26,0.99,2,13,0.95,26,erratic,1671,0.991331639208989,0.9912953593384473,0.010462303014451056,6.457520311018239,0.9616481996165641,0.0006979025974292553,0.013165769000598444,0.9888116912070231,0.9935299866107848,6.054350898465713,6.849139768405589
tsb_nb,dead26,0.99,2,13,0.95,26,intermittent,10360,0.9719199571992727,0.9823095823095823,0.02795205446213786,4.040259434069197,0.49001187901540194,0.002840535553167662,0.024903474903474904,0.9687910796497328,0.9753007519841971,3.9177265653567654,4.1682111375870115
tsb_nb,dead26,0.99,2,13,0.95,26,lumpy,2181,0.9765337454501087,0.9861614772206244,0.02137797810688989,6.837784940114281,1.5673719421680867,0.0038127579966244383,0.02200825309491059,0.9720183128670092,0.980207679932886,6.2658591809925035,7.457503575057448
ets,none,0.5,2,13,0.95,26,all,29917,0.8339834274932922,0.7717548854862089,0.29622173101154126,0.8164935994897907,0.05938650799391837,0.0,0.0,0.8319210981167291,0.8362071698237981,0.7990948414123843,0.8327790799627205
ets,none,0.5,2,13,0.95,26,smooth,15705,0.847520029265524,0.7428815374374114,0.2949004793456467,0.7032799533401386,0.04454815295002132,0.0,0.0,0.8453739516005928,0.8499939264191722,0.6886153846449812,0.7229576084875844
ets,none,0.5,2,13,0.95,26,erratic,1671,0.8094561696642267,0.7610576138403786,0.28719021774668146,1.0172587207034858,0.053377232775148095,0.0,0.0,0.8019952120082245,0.8175874011724017,0.9572802818878494,1.0762619121205739
ets,none,0.5,2,13,0.95,26,intermittent,10360,0.7927009797920719,0.809446296946297,0.3010877175955132,1.1782215028314675,0.11774688629243234,0.0,0.0,0.7886073653079911,0.7984095229669729,1.1151411026184654,1.242574914359762
ets,none,0.5,2,13,0.95,26,lumpy,2181,0.7728765479797466,0.8088241423867284,0.2953316162266581,1.2645545681924477,0.14905036907497407,0.0,0.0,0.7644527412964975,0.7820919055059155,1.1778165535449985,1.3626260479345014
ets,quantile,0.5,2,13,0.95,26,all,29917,0.8339792797211104,0.7717442500007596,0.29623553398785735,0.8163801164428971,0.0593813979385904,2.9366227047058302e-05,0.00033425811411572017,0.8319185868211921,0.8362019998369692,0.7989820016804002,0.8326673967531628
ets,quantile,0.5,2,13,0.95,26,smooth,15705,0.8475180118810496,0.7428815374374114,0.2949004793456467,0.7032384848814965,0.04454815295002132,4.707230440448827e-06,6.367398917542184e-05,0.8453738997862383,0.8499881268539647,0.6885262516733542,0.7229160706467553
ets,quantile,0.5,2,13,0.95,26,erratic,1671,0.8094561696642267,0.7610576138403786,0.28719021774668146,1.0172587207034858,0.053377232775148095,0.0,0.0,0.8019952120082245,0.8175874011724017,0.9572802818878494,1.0762619121205739
ets,quantile,0.5,2,13,0.95,26,intermittent,10360,0.7926828438906949,0.8094155844155844,0.30113624546784334,1.1777295665066172,0.11772444311447834,0.00017115756924513845,0.0007722007722007722,0.788590829330991,0.7983887814979171,1.1143889569998011,1.242260766206634
ets,quantile,0.5,2,13,0.95,26,lumpy,2181,0.7728765479797466,0.8088241423867284,0.2953316162266581,1.2642241291660734,0.1489944486243569,2.541838664416292e-05,0.0004585052728106373,0.7644527412964975,0.7820919055059155,1.1778165535449985,1.362608264368705
ets,fixed,0.5,2,13,0.95,26,all,29917,0.8338339417838606,0.7714175886619647,0.29665948254613644,0.8130441462325287,0.05811483422515966,0.0011091142814100832,0.044356051743156065,0.8317555645274225,0.8360861230138575,0.7960226752993023,0.829218732657908
ets,fixed,0.5,2,13,0.95,26,smooth,15705,0.8474686980383401,0.7427686608202367,0.2950299425050789,0.7018796643610204,0.044340541672214476,0.0004657916597739364,0.023750397962432345,0.8453269397803348,0.8499272726194211,0.6872851695608306,0.7215303368175571
ets,fixed,0.5,2,13,0.95,26,erratic,1671,0.8093945900232771,0.7608671998259072,0.2874190806251226,1.016218024771437,0.053201115002032125,0.0003920570473793757,0.019150209455415918,0.8019555252107637,0.8175074027601426,0.9557812409293666,1.0755736636642808
ets,fixed,0.5,2,13,0.95,26,intermittent,10360,0.7920571552931895,0.8088101088101088,0.30209293780806534,1.1654118889901477,0.11207125595651012,0.0041553884029978646,0.07268339768339768,0.7880446308933913,0.7976834958757983,1.1023656017672596,1.2292130070252616
ets,fixed,0.5,2,13,0.95,26,lumpy,2181,0.7725003558574131,0.8081780667750407,0.2963296844816484,1.2506456270207618,0.14068466966264714,0.0038127579966244383,0.07748739110499771,0.7641522633202297,0.7818730648895248,1.1656163848462329,1.3476001722599893
ets,dead13,0.5,2,13,0.95,26,all,29917,0.8318775206011548,0.7686174172787135,0.3002936090247803,0.7882625347334442,0.0551367669808134,0.004547949241886792,0.07032790720994753,0.8298933524463168,0.8342284477438171,0.7703520441548742,0.8029041544749164
ets,dead13,0.5,2,13,0.95,26,smooth,15705,0.8461529150533195,0.7405950623715667,0.29752293821619685,0.6830657609058683,0.04184871320010527,0.0033553586887180237,0.0504297994269341,0.8438728716096341,0.8486522496364561,0.6691836420220003,0.7005958880144889
ets,dead13,0.5,2,13,0.95,26,erratic,1671,0.808678213533563,0.7592350797018661,0.2893807624403322,1.0018227573721092,0.05155283327928009,0.0026273980138513137,0.04608019150209455,0.80128428240022,0.8168137278180228,0.9414447753447932,1.0564618970737099
ets,dead13,0.5,2,13,0.95,26,intermittent,10360,0.7863817516560345,0.804949104949105,0.30819358461527796,1.1079516859587317,0.10641058773922388,0.010776125899427358,0.09777992277992278,0.7820567536108716,0.7928032765933193,1.0585451259202947,1.1673968997696238
ets,dead13,0.5,2,13,0.95,26,lumpy,2181,0.7696229944892937,0.8050102121628944,0.3012234385061172,1.2113589686235433,0.13541696321451085,0.00841856965654676,0.10178817056396149,0.7613291487880816,0.7791631101126736,1.124711003368717,1.3036865959675223
ets,dead26,0.5,2,13,0.95,26,all,29917,0.8338730967532567,0.7714646886689538,0.29659835507959387,0.813838693471672,0.058240395584646734,0.0002800575777143187,0.023498345422335126,0.8318044948476775,0.83609963777227,0.7965519484690774,0.8300199796240507
ets,dead26,0.5,2,13,0.95,26,smooth,15705,0.847484837114136,0.742794709270354,0.29500006639136384,0.7020957486536201,0.044342514225922856,0.00021496352344716312,0.018911174785100286,0.8453409274162994,0.8499577943863005,0.6874477347165071,0.7217403316415775
ets,dead26,0.5,2,13,0.95,26,erratic,1671,0.8094048532967687,0.7608944018279745,0.2873863859282024,1.0166121344735146,0.05320563084236843,0.00010879069901103096,0.013165769000598444,0.8019515577555287,0.8175287403617288,0.9563245596039054,1.07584652064109
ets,dead26,0.5,2,13,0.95,26,intermittent,10360,0.7922249123809265,0.8088803088803089,0.3019820169570251,1.1686706837688217,0.11230566248180741,0.0006347565481938909,0.030405405405405407,0.7881067626827827,0.797916929735267,1.1059474003543304,1.232776960297374
ets,dead26,0.5,2,13,0.95,26,lumpy,2181,0.7725562763080301,0.8082822725188612,0.29616870573084353,1.2544990544360168,0.14342477174288792,0.0005897065701445798,0.03163686382393398,0.7641714511072556,0.7818867111224421,1.1670058913659387,1.3514364758491735
ets,none,0.8,2,13,0.95,26,all,29917,0.9376973095226877,0.9121508901901321,0.11401258437069273,1.5594022363460316,0.12886318523685106,0.0,0.0,0.9364246137967834,0.9390779942758612,1.5266215248008856,1.5900760078840146
ets,none,0.8,2,13,0.95,26,smooth,15705,0.9444959251075153,0.9036323116552343,0.11052834247321108,1.3356952422452864,0.0887678757075976,0.0,0.0,0.9431736136335451,0.946012984649997,1.3122939377609102,1.3673848189343767
ets,none,0.8,2,13,0.95,26,erratic,1671,0.9361172804788432,0.931178934769599,0.08271758320800367,2.2403207067700657,0.13367338979502189,0.0,0.0,0.930480979395912,0.9411412730077623,2.1297325728600214,2.3628091529924378
ets,none,0.8,2,13,0.95,26,intermittent,10360,0.9117937766654425,0.9190505440505441,0.12790560635576476,2.0827903897858606,0.2561414963025431,0.0,0.0,0.9081739574755269,0.9161072719741988,1.9993703701176064,2.173599227621255
ets,none,0.8,2,13,0.95,26,lumpy,2181,0.9035982268133477,0.9261389687799592,0.11410173857050869,2.5991825446855237,0.4554497020965085,0.0,0.0,0.8966819341885581,0.9101393126446828,2.4068514776268777,2.837336433628398
ets,quantile,0.8,2,13,0.95,26,all,29917,0.9376924981069568,0.9121417740597471,0.11402441549324936,1.5592577279632183,0.1288580751815231,3.650039519973348e-05,0.00036768392552729217,0.9364175556350504,0.9390739434001216,1.526523565424234,1.589931112534775
ets,quantile,0.8,2,13,0.95,26,smooth,15705,0.9444925628000579,0.9036294173829991,0.11053166204140165,1.3356463767102376,0.0887678757075976,5.603845762439081e-06,6.367398917542184e-05,0.9431701611670407,0.946012984649997,1.312246877087957,1.367239281189011
ets,quantile,0.8,2,13,0.95,26,erratic,1671,0.9361172804788432,0.931178934769599,0.08271758320800367,2.2403207067700657,0.13367338979502189,0.0,0.0,0.930480979395912,0.9411412730077623,2.1297325728600214,2.3628091529924378
ets,quantile,0.8,2,13,0.95,26,intermittent,10360,0.9117779077517376,0.9190286065286065,0.12794026912171483,2.0821783031143877,0.2561190531245891,0.00020742937199907507,0.0007722007722007722,0.908154840388845,0.9160885976655094,1.99922233394581,2.1729406578841446
ets,quantile,0.8,2,13,0.95,26,lumpy,2181,0.9035982268133477,0.9261389687799592,0.11410173857050869,2.5986080891473655,0.45539378164589134,6.1004127945991015e-05,0.0009170105456212746,0.8966819341885581,0.9101393126446828,2.4068276762375143,2.836437456727068
ets,fixed,0.8,2,13,0.95,26,all,29917,0.9366529004873134,0.9106953480386646,0.11590162027223413,1.5282669015079973,0.11201606282846208,0.010143459826005934,0.06060099608918006,0.9353274162067006,0.938085255313427,1.4975970946754273,1.5583059933125527
ets,fixed,0.8,2,13,0.95,26,smooth,15705,0.9440523246769607,0.9030823999305375,0.11115906042941934,1.320030251800964,0.08218349142902998,0.0053864165468564444,0.030245144858325374,0.9426854167881606,0.9455839799278865,1.297665705091447,1.3493902288787814
ets,fixed,0.8,2,13,0.95,26,erratic,1671,0.9356882756468942,0.9300092486807029,0.08412345517557052,2.223681887785473,0.12338630550891468,0.004975634988730926,0.03171753441053261,0.9300906690565851,0.9406209616879458,2.114319889446741,2.3443210644424126
ets,fixed,0.8,2,13,0.95,26,intermittent,10360,0.9079478320796891,0.916580379080379,0.13180863380174285,1.9954762261002823,0.2076791940405428,0.027812538255416967,0.10067567567567567,0.9042549518189412,0.9125127117497984,1.9112058807243966,2.082060141698748
ets,fixed,0.8,2,13,0.95,26,lumpy,2181,0.8999684812005613,0.9227627026801717,0.11931745009658724,2.4332462329950992,0.33139577444740426,0.051584073855664235,0.11095827602017423,0.8927906956883603,0.9072842491071762,2.2584555741065753,2.629141843524011
ets,dead13,0.8,2,13,0.95,26,all,29917,0.934062367893456,0.9071704442898079,0.12047632099412979,1.4864402690941863,0.09762833704863114,0.007176309518042145,0.07032790720994753,0.9327624130753831,0.9355255431420096,1.4578954923270286,1.5135387777133849
ets,dead13,0.8,2,13,0.95,26,smooth,15705,0.94245724601914,0.9004544007409336,0.1141732283464567,1.287082776871449,0.06817540126897967,0.0050270979565688505,0.0504297994269341,0.9410316572306031,0.9440080159916242,1.2649472188433137,1.3157968657589094
ets,dead13,0.8,2,13,0.95,26,erratic,1671,0.9348425819111857,0.9282139165442577,0.08628130517230105,2.2046886738619054,0.12320115605512609,0.004439892112469057,0.04608019150209455,0.929401912442286,0.9399505736563297,2.0995105481238614,2.31797035247919
ets,dead13,0.8,2,13,0.95,26,intermittent,10360,0.8995282398654316,0.9113855738855738,0.14001677677871985,1.9026136100871882,0.18530085193396717,0.017360591593102916,0.09777992277992278,0.8954334664673026,0.9047607945250263,1.8338313437851983,1.9777972094887257
ets,dead13,0.8,2,13,0.95,26,lumpy,2181,0.8966234215181894,0.9193864365803843,0.12453316162266581,2.3623899383858307,0.30906114647091115,0.017020151696931492,0.10178817056396149,0.8892992190728297,0.9039202335676355,2.1889626734902348,2.5545718601138767
ets,dead26,0.8,2,13,0.95,26,all,29917,0.9369989905981618,0.9112666255427896,0.11516020325868552,1.534919264444036,0.1148755037884092,0.0013412236127029339,0.023498345422335126,0.9356957258567321,0.9384329092635668,1.5032733645163094,1.5650471813196205
ets,dead26,0.8,2,13,0.95,26,smooth,15705,0.9441953348208182,0.90328789325924,0.11092337108788888,1.3221877324195028,0.08288276171865018,0.0011452019200120505,0.018911174785100286,0.9428593482350525,0.9457260527413585,1.299853530917899,1.3513161289908306
ets,dead26,0.8,2,13,0.95,26,erratic,1671,0.9359243309372011,0.9305804907241173,0.08343686654024718,2.233877423672035,0.12967235525705395,0.0004556893430273373,0.013165769000598444,0.9302609905102801,0.9409164589279131,2.1206811536667796,2.3533473528491458
ets,dead26,0.8,2,13,0.95,26,intermittent,10360,0.9090813259157496,0.9174622674622674,0.13041519061054996,2.015301033292981,0.21391839751175432,0.0023440652529731544,0.030405405405405407,0.9052502333993921,0.9137013988964132,1.9322284153392164,2.1009777117307302
ets,dead26,0.8,2,13,0.95,26,lumpy,2181,0.9016613457510625,0.9244925180275937,0.11664520283322602,2.4739868231083633,0.3596020497386989,0.00348231897025032,0.03163686382393398,0.8946756798607076,0.9085107939773315,2.2919338308294086,2.672292117234057
ets,none,0.9,2,13,0.95,26,all,29917,0.9627506830551229,0.9497017506009049,0.06527821870618787,2.040172169045939,0.1746248257106129,0.0,0.0,0.9616758090181423,0.9638385337678003,2.0012024332337086,2.0776354728487707
ets,none,0.9,2,13,0.95,26,smooth,15705,0.9679298631630526,0.9471129634453417,0.06065846954628142,1.7520049439368854,0.11607196413897358,0.0,0.0,0.9668239245939092,0.9692152011842973,1.7236816661343186,1.7904273976404275
ets,none,0.9,2,13,0.95,26,erratic,1671,0.9605336081153756,0.9618899951036396,0.04580527038514353,3.0130466732625303,0.2051952690414513,0.0,0.0,0.9563042544643346,0.9645762605207057,2.8690815673716066,3.1783379008374837
ets,none,0.9,2,13,0.95,26,intermittent,10360,0.9437798392252343,0.9506756756756757,0.07793576296214133,2.653054539189416,0.34620846311837755,0.0,0.0,0.9407632862868234,0.9475856011829248,2.559044766923453,2.760148492978503
ets,none,0.9,2,13,0.95,26,lumpy,2181,0.9358643268194481,0.9543787253553416,0.07047649710238249,3.4174258291477724,0.6573113447343271,0.0,0.0,0.9290696127165103,0.9420458414043726,3.1583375542638787,3.7197778212475248
ets,quantile,0.9,2,13,0.95,26,all,29917,0.9627465352829411,0.9496956731806483,0.06528610612122562,2.039992985287686,0.174616430619717,4.131181093060744e-05,0.0004011097369388642,0.9616736143649076,0.9638346505491788,2.000937354487173,2.0774529815066614
ets,quantile,0.9,2,13,0.95,26,smooth,15705,0.9679269491632562,0.9471100691731065,0.06066178911447199,1.7519498020945832,0.11607196413897358,6.052153423434207e-06,6.367398917542184e-05,0.9668237742766517,0.9692122667877924,1.7236790026545885,1.7903132714839036
ets,quantile,0.9,2,13,0.95,26,erratic,1671,0.9605336081153756,0.9618899951036396,0.04580527038514353,3.0130466732625303,0.2051952690414513,0.0,0.0,0.9563042544643346,0.9645762605207057,2.8690815673716066,3.1783379008374837
ets,quantile,0.9,2,13,0.95,26,intermittent,10360,0.9437662372992016,0.9506625131625132,0.07795656062171137,2.6523699089124353,0.3461860199404236,0.00022783226104816442,0.0008687258687258687,0.9407550994426261,0.947571989633056,2.55888979314309,2.758863349040856
ets,quantile,0.9,2,13,0.95,26,lumpy,2181,0.9358643268194481,0.9543787253553416,0.07047649710238249,3.4162565833621406,0.6571547674725989,0.00010675722390548428,0.0009170105456212746,0.9290696127165103,0.9420458414043726,3.158273780206254,3.717692042292748
ets,fixed,0.9,2,13,0.95,26,all,29917,0.9611818297050835,0.9476126373876816,0.06798951762541483,1.990871417071434,0.14754080246450665,0.01589907441634209,0.07002707490724337,0.9601124717043674,0.9623155721876954,1.9540293167489233,2.029256933279399
ets,fixed,0.9,2,13,0.95,26,smooth,15705,0.9672874382848466,0.9463141443084137,0.06157467036687868,1.7274502367288604,0.10530527286021633,0.008281363267732473,0.03298312639286851,0.9660980294289991,0.9686964405226997,1.6983731122069599,1.762669267188582
ets,fixed,0.9,2,13,0.95,26,erratic,1671,0.9598747059572145,0.9601762689733965,0.047865036291113584,2.9804689905454724,0.1864725950071227,0.009507896562624442,0.043686415320167565,0.9554608274288825,0.9639824570905476,2.8434908023921213,3.1418453726098123
ets,fixed,0.9,2,13,0.95,26,intermittent,10360,0.9379072076606048,0.9471174096174096,0.08355806359924296,2.517850260930281,0.2700014055323567,0.043277928154626694,0.11554054054054054,0.9345707935453925,0.9421048479911375,2.423561785812863,2.61114921148589
ets,fixed,0.9,2,13,0.95,26,lumpy,2181,0.9303332858856783,0.9496894668834146,0.07772054088860271,3.15075645118653,0.45976676088415314,0.08169977835166846,0.14076111875286565,0.9239083127486185,0.9373834799622857,2.913592132117969,3.4066732543508316
ets,dead13,0.9,2,13,0.95,26,all,29917,0.958398176838442,0.9439175658716388,0.07278506596836752,1.9430424605779142,0.12776890338876304,0.008557351743690243,0.07032790720994753,0.9572074754280127,0.9596419790984048,1.9056978519629548,1.976199122342755
ets,dead13,0.9,2,13,0.95,26,smooth,15705,0.9655726614815403,0.943547220051518,0.06474817755706337,1.6883096156165285,0.08556346220833663,0.005906453433610791,0.0504297994269341,0.9643699273691838,0.9669671790459582,1.6609183280164226,1.7222245171815973
ets,dead13,0.9,2,13,0.95,26,erratic,1671,0.9590905918624557,0.958435340841086,0.04995749689400379,2.9664370430277476,0.18949820803244838,0.005400534511283443,0.04608019150209455,0.9545806553568462,0.9630888568535676,2.819368326053787,3.127066252946802
ets,dead13,0.9,2,13,0.95,26,intermittent,10360,0.9286544974768427,0.9415803790803791,0.09230694572504107,2.412354856114292,0.23838644885449112,0.020803012373218716,0.09777992277992278,0.9244993231763677,0.9333170706598075,2.3353566310305416,2.495854630740583
ets,dead13,0.9,2,13,0.95,26,lumpy,2181,0.9273695020029689,0.9465632945687966,0.08254990341274952,3.0808101348191226,0.4359670171014905,0.021575126583565488,0.10178817056396149,0.920077190889849,0.9340301024010086,2.853204789480859,3.342390699144708
ets,dead26,0.9,2,13,0.95,26,all,29917,0.9617902249287081,0.9485880633388739,0.06672358751185577,2.00374328143862,0.15319325366513742,0.0019066479165242597,0.023498345422335126,0.9607212500658006,0.9629837180502981,1.9668091659416835,2.04047008163242
ets,dead26,0.9,2,13,0.95,26,smooth,15705,0.9675158510381237,0.9466932939712309,0.061139806933914034,1.731911794571084,0.10700955926425541,0.0016372195779542017,0.018911174785100286,0.966333257629594,0.9688978628614532,1.7031505556361197,1.7676085382905953
ets,dead26,0.9,2,13,0.95,26,erratic,1671,0.9602913948609737,0.9611555410478211,0.046688027201987836,3.00344845989318,0.1990221153017197,0.0006445335752729005,0.013165769000598444,0.9558984975413287,0.9643686016143044,2.862730169990025,3.1663445506976147
ets,dead26,0.9,2,13,0.95,26,intermittent,10360,0.9400257076402019,0.9486135486135486,0.08119406296144807,2.5529205602179936,0.2815646295515445,0.003267862729362478,0.030405405405405407,0.9368392541055256,0.944095914023542,2.460185485048652,2.64889794459209
ets,dead26,0.9,2,13,0.95,26,lumpy,2181,0.9332614840270859,0.9524821808178067,0.07340631036703155,3.229777131585904,0.5113701527136669,0.005037924232873091,0.03163686382393398,0.9265144417733019,0.939385487302782,2.985609067656353,3.4847824654145345
ets,none,0.95,2,13,0.95,26,all,29917,0.9751191737903271,0.968043404935473,0.04147400012225493,2.4636880795682066,0.21763725641793086,0.0,0.0,0.9741999367441186,0.976101315405963,2.415113906820689,2.5057309852374905
ets,none,0.95,2,13,0.95,26,smooth,15705,0.9792962555999231,0.9677172874880611,0.037026463597615224,2.1210228946239393,0.1408521701004792,0.0,0.0,0.9783079484910441,0.9803453637244323,2.088691828304447,2.162572162823608
ets,none,0.95,2,13,0.95,26,erratic,1671,0.9730322225734542,0.9761982481910668,0.028607859805139607,3.6768197810227967,0.28310706236375505,0.0,0.0,0.9695174932476274,0.9764741249411625,3.5016725405942086,3.876417177347227
ets,none,0.95,2,13,0.95,26,intermittent,10360,0.9601701600946694,0.9670717795717796,0.0520288116910577,3.1560299605090747,0.4296696545564185,0.0,0.0,0.9576216364922994,0.9636102553720893,3.0502634048893285,3.274569497421265
ets,none,0.95,2,13,0.95,26,lumpy,2181,0.9525997925859649,0.9687591180025843,0.04826142949130715,4.125521076926205,0.8459757610264961,0.0,0.0,0.9457056421473512,0.9582597518358656,3.8124839088857154,4.485965683823236
ets,quantile,0.95,2,13,0.95,26,all,29917,0.9751163533052435,0.9680373275152163,0.041481887537292685,2.463477704563146,0.21762594129541893,4.51277613378523e-05,0.0004011097369388642,0.9741986695698703,0.9760988659348889,2.4148380452621763,2.505503179107527
ets,quantile,0.95,2,13,0.95,26,smooth,15705,0.9792946865231096,0.9677143932158259,0.03702978316580579,2.120959683243739,0.1408521701004792,6.500461084429334e-06,6.367398917542184e-05,0.9783063297589276,0.9803437831800131,2.088627736560426,2.162467709084224
ets,quantile,0.95,2,13,0.95,26,erratic,1671,0.9730322225734542,0.9761982481910668,0.028607859805139607,3.6768197810227967,0.28310706236375505,0.0,0.0,0.9695174932476274,0.9764741249411625,3.5016725405942086,3.876417177347227
ets,quantile,0.95,2,13,0.95,26,intermittent,10360,0.9601588251563088,0.9670586170586171,0.052049609350627746,3.1552909225279633,0.4296472113784645,0.00024256768091695117,0.0008687258687258687,0.9576068277465751,0.963597808545951,3.0500514457403596,3.2731531587691824
ets,quantile,0.95,2,13,0.95,26,lumpy,2181,0.9525997925859649,0.9687591180025843,0.04826142949130715,4.123823128698374,0.8457297110437806,0.00014742664253614496,0.0009170105456212746,0.9457056421473512,0.9582597518358656,3.811091555983739,4.482779213733801
ets,fixed,0.95,2,13,0.95,26,all,29917,0.9731230999055636,0.965480252942231,0.04480051741442648,2.397223680394576,0.18094377412759077,0.021200093175554293,0.07824982451449009,0.9721280062890543,0.9741424407074056,2.352312287277864,2.4400279178406414
ets,fixed,0.95,2,13,0.95,26,smooth,15705,0.978477645810946,0.9667332349280773,0.038155116782408946,2.088319747369667,0.1262631628733114,0.01083156139730325,0.03635784781916587,0.9773735624918186,0.9795581261279485,2.055148614689912,2.1292916068889864
ets,fixed,0.95,2,13,0.95,26,erratic,1671,0.971938157619249,0.9738588760132746,0.031419603740273326,3.6224531686830574,0.25223226198442444,0.015637123491811962,0.056253740275284264,0.9686018681149331,0.9754755231418182,3.4576586128290265,3.8157270677029076
ets,fixed,0.95,2,13,0.95,26,intermittent,10360,0.9528069841356203,0.9627413127413127,0.058871241689601866,2.978064627284557,0.3288374433819829,0.05698753610177868,0.1271235521235521,0.9497665705923086,0.9566720193886145,2.8734460103761728,3.080728647789012
ets,fixed,0.95,2,13,0.95,26,lumpy,2181,0.945736828192041,0.9630486432412154,0.057083065035415326,3.7634869959533925,0.5812147955344977,0.10962441791894585,0.1646033929390188,0.9394879730859729,0.9521333266058443,3.472841249107318,4.070808802952145
ets,dead13,0.95,2,13,0.95,26,all,29917,0.9702639575852134,0.9617684685204824,0.04961775614873298,2.3463588864857616,0.15749190520781,0.009694007232387399,0.07032790720994753,0.9692165251733224,0.9714491406502743,2.3011677799309025,2.383929513410289
ets,dead13,0.95,2,13,0.95,26,smooth,15705,0.9766936054740158,0.9638852710485948,0.041421571881929596,2.0448058850243274,0.10202738173531825,0.0066331601520838905,0.0504297994269341,0.9755668225245486,0.9778842038402863,2.0136174849478565,2.086350166704638
ets,dead13,0.95,2,13,0.95,26,erratic,1671,0.9714701523480317,0.9725531799140417,0.03298894919244098,3.6210922586180705,0.2626819165226387,0.0061928592248354794,0.04608019150209455,0.9682698739962106,0.9748504251820045,3.448102778715615,3.8165799644755105
ets,dead13,0.95,2,13,0.95,26,intermittent,10360,0.9431076773804504,0.9571121446121447,0.06776570743239027,2.8643944649228996,0.29005563187747385,0.02363447997569789,0.09777992277992278,0.9391735390813345,0.9474996335317396,2.7765948898872352,2.9556235121630365
ets,dead13,0.95,2,13,0.95,26,lumpy,2181,0.9432509099782419,0.9603809761994081,0.061204121056020605,3.7049840372531873,0.5603340992740508,0.02526079264696911,0.10178817056396149,0.9365371437305161,0.9493289806898201,3.434296161582912,4.018670241020033
ets,dead26,0.95,2,13,0.95,26,all,29917,0.9739647658366919,0.9667838595872824,0.043108666888828855,2.4173586256738466,0.18986520072230964,0.0023723597770954046,0.023498345422335126,0.9729752897310483,0.9749880143074358,2.3728578910718294,2.458015596495868
ets,dead26,0.95,2,13,0.95,26,smooth,15705,0.9787874264046936,0.9672310497525397,0.03758415105363094,2.095489980099623,0.12911498239719968,0.002042041395832801,0.018911174785100286,0.9777500817956756,0.9798987420357181,2.062194606177932,2.1374002602486666
ets,dead26,0.95,2,13,0.95,26,erratic,1671,0.9727510088797843,0.975436592133181,0.029523311318904073,3.664536695308042,0.27497403391806624,0.0007902720588537155,0.013165769000598444,0.9693424421459328,0.9761682873466412,3.4915114331071306,3.860996461875742
ets,dead26,0.95,2,13,0.95,26,intermittent,10360,0.9556735900470174,0.9647420147420147,0.05570999743495532,3.028976636425051,0.34579949854232694,0.0040375050440475705,0.030405405405405407,0.952842896515925,0.9593160265018801,2.9283556337648013,3.1328575425421765
ets,dead26,0.95,2,13,0.95,26,lumpy,2181,0.9496309250259267,0.9666333208286441,0.05154539600772698,3.8852614026882484,0.6575014742664252,0.00631392724241007,0.03163686382393398,0.943230969745684,0.9554319382627079,3.593841615610267,4.191146194306541
ets,none,0.99,2,13,0.95,26,all,29917,0.987400063577052,0.9855023139777627,0.018815428572555346,3.292361031381712,0.31279305669573204,0.0,0.0,0.9865953637605177,0.9880603383266715,3.229597535159615,3.344132967778598
ets,none,0.99,2,13,0.95,26,smooth,15705,0.9903010879082009,0.9868426384185697,0.015090756994330178,2.8452861121907858,0.19374028012952507,0.0,0.0,0.9895564373246811,0.9910649981288945,2.801808829890758,2.9011373709837325
ets,none,0.99,2,13,0.95,26,erratic,1671,0.9866166913669449,0.9890103911647897,0.013208657555744458,4.953893270166306,0.4796861080435327,0.0,0.0,0.9840696232314957,0.9891049263280397,4.723721052946417,5.230040256727624
ets,none,0.99,2,13,0.95,26,intermittent,10360,0.9767656433484315,0.9833230958230958,0.026350634675244546,4.144262027503094,0.6128533667033919,0.0,0.0,0.9747208380772819,0.9795838565881768,4.0125833109667495,4.283432345204266
ets,none,0.99,2,13,0.95,26,lumpy,2181,0.971241637350794,0.9835146513275812,0.02546683837733419,5.496004229619537,1.2537476869268154,0.0,0.0,0.9655375272599882,0.9757830312208434,5.0811241690008355,5.969014004563593
ets,quantile,0.99,2,13,0.95,26,all,29917,0.9873989022008411,0.9854977559125703,0.01882134413383366,3.2920794806060125,0.3127726164744202,5.375512747597113e-05,0.0004345355483504362,0.9865935561893715,0.9880598398495445,3.2293154532553423,3.3437985462104374
ets,quantile,0.99,2,13,0.95,26,smooth,15705,0.9903010879082009,0.9868426384185697,0.015090756994330178,2.845190398505163,0.19373485560682702,8.966153219902528e-06,0.00012734797835084368,0.9895564373246811,0.9910649981288945,2.8015322446381665,2.900873515457361
ets,quantile,0.99,2,13,0.95,26,erratic,1671,0.9866166913669449,0.9890103911647897,0.013208657555744458,4.953893270166306,0.4796861080435327,0.0,0.0,0.9840696232314957,0.9891049263280397,4.723721052946417,5.230040256727624
ets,quantile,0.99,2,13,0.95,26,intermittent,10360,0.9767577088915791,0.9833099333099333,0.02637143233481459,4.143407373150705,0.6128309235254378,0.0002731720144905852,0.0008687258687258687,0.9747150593679595,0.9795784890630131,4.012370116776768,4.281832533616866
ets,quantile,0.99,2,13,0.95,26,lumpy,2181,0.971241637350794,0.9835146513275812,0.02546683837733419,5.49338105211786,1.2533450596823716,0.00021859812513980113,0.0009170105456212746,0.9655375272599882,0.9757830312208434,5.078727187739312,5.963901324988507
ets,fixed,0.99,2,13,0.95,26,all,29917,0.9846217198588032,0.9820913618587183,0.023242240262493174,3.187110648625296,0.2539912850329134,0.032542590983871474,0.09339171708393221,0.9838091487910334,0.9854810360485802,3.1296527374061833,3.238122291030926
ets,fixed,0.99,2,13,0.95,26,smooth,15705,0.9891648521414088,0.985577841451767,0.01654140829360917,2.7953316378337596,0.17090747781661617,0.015934871656241273,0.04126074498567335,0.988315266138551,0.9899825696217254,2.755409000612825,2.8494464200788667
ets,fixed,0.99,2,13,0.95,26,erratic,1671,0.9845927738344,0.9860997769435831,0.01670699012620153,4.832109266914901,0.4053282810659025,0.03410075250321241,0.0819868342309994,0.9817804296585764,0.9871106734841469,4.618141458248818,5.092806654752919
ets,fixed,0.99,2,13,0.95,26,intermittent,10360,0.9667058855533943,0.9774833274833274,0.035577862971153645,3.8732765226222696,0.45893057123555364,0.08525460538545591,0.1498069498069498,0.9638024454863839,0.9701013127930324,3.7482418415455547,3.9948352607381428
ets,fixed,0.99,2,13,0.95,26,lumpy,2181,0.9620096793216341,0.9758034262848568,0.03737926593689633,4.920938650181995,0.8443316997783517,0.16892551395977795,0.20953690967446126,0.9568356183754954,0.9674163591145107,4.542533277526851,5.314583827853606
ets,dead13,0.99,2,13,0.95,26,all,29917,0.9818171622203655,0.9784570645452418,0.027958914455068356,3.1363210123484153,0.22659080336042547,0.011838571361259011,0.07032790720994753,0.980921956419759,0.9826903245722113,3.078767409858525,3.187161372484801
ets,dead13,0.99,2,13,0.95,26,smooth,15705,0.9873254458083458,0.9826401551329919,0.019910770007037483,2.7453249356342275,0.1388273437188286,0.007992204826390617,0.0504297994269341,0.986419266376606,0.9882008406218588,2.7062997674998828,2.797155044080953
ets,dead13,0.99,2,13,0.95,26,erratic,1671,0.9849129879673382,0.9850933028670911,0.017916693912247435,4.880767446538608,0.44945255699195763,0.007689244499911736,0.04608019150209455,0.9823717084560509,0.9873018564784459,4.658682093436558,5.138756446555144
ets,dead13,0.99,2,13,0.95,26,intermittent,10360,0.9569533045879296,0.9719375219375219,0.044340610203331784,3.753391413557493,0.40963537770281605,0.029008374252460816,0.09777992277992278,0.9533133406341201,0.9610698788652551,3.6430613113506336,3.866745669888541
ets,dead13,0.99,2,13,0.95,26,lumpy,2181,0.9607387599894259,0.9742194989787837,0.03982614294913071,4.915987148463712,0.8441192020660064,0.0323423551660329,0.10178817056396149,0.9554488904472028,0.9660006935035786,4.562401463621865,5.328251195285866
ets,dead26,0.99,2,13,0.95,26,all,29917,0.9859491728678625,0.983970804073087,0.020803057162068633,3.227181446119112,0.2727481081181525,0.003250194281648995,0.023498345422335126,0.9850914124992495,0.9867813952798089,3.1682937714320833,3.2799710454197273
ets,dead26,0.99,2,13,0.95,26,smooth,15705,0.9896517142612495,0.9862869381494024,0.015728114086919574,2.8094183611575483,0.17684289192512725,0.002802595342711033,0.018911174785100286,0.988819820980415,0.990445551291664,2.7681482025976036,2.864797895375932
ets,dead26,0.99,2,13,0.95,26,erratic,1671,0.9862903192699117,0.9880855230944997,0.014320277251029884,4.93663454946282,0.46807588253888754,0.0010817490260153456,0.013165769000598444,0.983701308341486,0.988802278785042,4.709188481700333,5.20389991150136
ets,dead26,0.99,2,13,0.95,26,intermittent,10360,0.9710857057359322,0.9804141804141804,0.03094691744022406,3.965384231740548,0.4911041136758298,0.005484976672696854,0.030405405405405407,0.9683276150588719,0.9741342309568379,3.845393864419177,4.091035386256553
ets,dead26,0.99,2,13,0.95,26,lumpy,2181,0.9677949041218455,0.981034554624651,0.029298132646490664,5.1572991439087374,0.9847479512780365,0.008749008682920877,0.03163686382393398,0.9622202048547209,0.9730333338631277,4.767348788258886,5.565736135262248
lgb_tweedie,none,0.5,2,13,0.95,26,all,29917,0.8201008340008481,0.7631188713015099,0.3074297477801856,0.7143474094342239,0.06534738753398683,0.0,0.0,0.8180306145460653,0.8224479296806377,0.6970818110085869,0.731209456557544
lgb_tweedie,none,0.5,2,13,0.95,26,smooth,15705,0.8335843856234906,0.7276345113021331,0.31238796457356827,0.6083895847370967,0.049046068543551515,0.0,0.0,0.8314547945290139,0.8360572326792058,0.5935902386189144,0.6262060665608687
lgb_tweedie,none,0.5,2,13,0.95,26,erratic,1671,0.7894304704274038,0.7511832870899298,0.2990583927286994,0.8576504493261135,0.04507260239667962,0.0,0.0,0.782039679645903,0.7965421450845465,0.8032327240627377,0.914666324141228
lgb_tweedie,none,0.5,2,13,0.95,26,intermittent,10360,0.7823487805873311,0.8093717093717094,0.3012055709997435,1.0715075921417139,0.135476996876091,0.0,0.0,0.7778564376837374,0.7875366452009477,1.012598815830224,1.1412940400839287
lgb_tweedie,none,0.5,2,13,0.95,26,lumpy,2181,0.7595776480875206,0.80807386103122,0.2964906632324533,1.1606492872684384,0.1707363198243081,0.0,0.0,0.7524327707297418,0.7664553831146632,1.0596304323609635,1.2638863406140801
lgb_tweedie,quantile,0.5,2,13,0.95,26,all,29917,0.8200837451794591,0.7631143132363174,0.30743566334146394,0.7141579392009599,0.06526927668825941,2.4388900428912825e-05,0.00010027743423471604,0.8180070258907226,0.8224083374425398,0.6967808497828198,0.7309832038640329
lgb_tweedie,quantile,0.5,2,13,0.95,26,smooth,15705,0.8335843856234906,0.7276345113021331,0.31238796457356827,0.6083895847370967,0.049046068543551515,0.0,0.0,0.8314547945290139,0.8360572326792058,0.5935902386189144,0.6262060665608687
lgb_tweedie,quantile,0.5,2,13,0.95,26,erratic,1671,0.7894304704274038,0.7511832870899298,0.2990583927286994,0.8576504493261135,0.04507260239667962,0.0,0.0,0.782039679645903,0.7965421450845465,0.8032327240627377,0.914666324141228
lgb_tweedie,quantile,0.5,2,13,0.95,26,intermittent,10360,0.7822320307222169,0.8093585468585469,0.3012263686593135,1.0708229618647334,0.135476996876091,0.00013601926032726235,0.00019305019305019305,0.7775959166643956,0.7873478314119342,1.011937692113513,1.1409964908939123
lgb_tweedie,quantile,0.5,2,13,0.95,26,lumpy,2181,0.7595776480875206,0.80807386103122,0.2964906632324533,1.1579142688655266,0.1683429245378937,0.00013725928787847977,0.0004585052728106373,0.7524327707297418,0.7664553831146632,1.0589914856967482,1.2598792166533141
lgb_tweedie,fixed,0.5,2,13,0.95,26,all,29917,0.8193812784827516,0.7621495227705744,0.3086877904787069,0.6998536002330715,0.06037311367616716,0.0036671283413623143,0.05475147909215496,0.8172525662999793,0.8217800404043902,0.6821346186820479,0.7161695810840017
lgb_tweedie,fixed,0.5,2,13,0.95,26,smooth,15705,0.83326877703015,0.7272293131891986,0.312852704120248,0.6004410899076531,0.046781576886332936,0.0023300790680221696,0.027125119388729704,0.8310918703224422,0.8357420221075569,0.5855072885828028,0.6175828549335286
lgb_tweedie,fixed,0.5,2,13,0.95,26,erratic,1671,0.7892293102669683,0.7503944290299767,0.300006538939384,0.8540973040433192,0.044250719455471765,0.001005800802177456,0.02573309395571514,0.7817804636567551,0.7962847234713574,0.8002059996948765,0.9112002703783186
lgb_tweedie,fixed,0.5,2,13,0.95,26,intermittent,10360,0.7796351963438023,0.8077658827658828,0.3037428854672887,1.027156245324338,0.12008845785896616,0.010220713919757705,0.09237451737451738,0.7752721995805515,0.7853198064136091,0.9639309799901351,1.090837202497775
lgb_tweedie,fixed,0.5,2,13,0.95,26,lumpy,2181,0.7573560810948208,0.8059272227085157,0.29980682549903415,1.1045254895581267,0.14072940602314088,0.011189173800760519,0.09720311783585511,0.7503538872338636,0.7642718907398434,1.0112840250863864,1.2004188438864045
lgb_tweedie,dead13,0.5,2,13,0.95,26,all,29917,0.8174469234480529,0.7596972836970163,0.3118703624464395,0.6775037446087258,0.05350446930748132,0.0047170124360164664,0.0714309589865294,0.815391893059083,0.8198100454071383,0.6616242396071749,0.6922649796590211
lgb_tweedie,dead13,0.5,2,13,0.95,26,smooth,15705,0.832033913577939,0.7254464414922868,0.314897558125639,0.5820743733443438,0.03968186295145142,0.0032753357712303937,0.05157593123209169,0.8299299143967289,0.8343032186321173,0.56822842180791,0.5996383245164185
lgb_tweedie,dead13,0.5,2,13,0.95,26,erratic,1671,0.7885416709430306,0.7491431369348784,0.3015104949977114,0.841933272301067,0.042236654665478865,0.002506291386650355,0.050867743865948535,0.7811785860432361,0.7955316222526422,0.7883872630983504,0.8978086858665205
lgb_tweedie,dead13,0.5,2,13,0.95,26,intermittent,10360,0.7736163440743209,0.8041330291330291,0.3094830395086206,0.9812180071364772,0.11156753129576481,0.012295007639748456,0.09845559845559845,0.7688730050754846,0.7792329626170473,0.9305316865532215,1.0457931008769266
lgb_tweedie,dead13,0.5,2,13,0.95,26,lumpy,2181,0.7547888240437602,0.8033429202617648,0.3037990985189955,1.0724068161945624,0.134488683734266,0.008901519002785855,0.10178817056396149,0.7479213727614721,0.7619793698330322,0.9809145174708258,1.1705669645767476
lgb_tweedie,dead26,0.5,2,13,0.95,26,all,29917,0.8197595553057306,0.7626220421955289,0.3080745439595218,0.7047867945552028,0.0612717534059846,0.0006377614506717068,0.0235317712337467,0.8176612177875415,0.822092345365185,0.6873276397459485,0.7216360257713162
lgb_tweedie,dead26,0.5,2,13,0.95,26,smooth,15705,0.8333907167139407,0.7274405950623716,0.31261037564233646,0.6020330304118467,0.047107048248215405,0.0005801101133276936,0.018911174785100286,0.8312642525944798,0.8358739824817302,0.5870931660159039,0.619486621789324
lgb_tweedie,dead26,0.5,2,13,0.95,26,erratic,1671,0.7893216797283927,0.7508024590609869,0.29951611848558163,0.8561458534322438,0.04448554315295972,0.0001847389228489205,0.013165769000598444,0.7818872531641902,0.7964409253024355,0.8016049300517736,0.9133653619124305
lgb_tweedie,dead26,0.5,2,13,0.95,26,intermittent,10360,0.7813105002334997,0.808489820989821,0.3025990141909364,1.047386843310346,0.12243002942549998,0.0010586832428805253,0.0305019305019305,0.7768209347789707,0.7866184109925088,0.9858842705011128,1.114973717325583
lgb_tweedie,dead26,0.5,2,13,0.95,26,lumpy,2181,0.7584389043658621,0.8071360093368347,0.29793947198969734,1.1237722919250868,0.149799703113244,0.0011794131402891597,0.03163686382393398,0.7515147721153169,0.7654557463308975,1.0265495404853942,1.2246845571531395
lgb_tweedie,none,0.8,2,13,0.95,26,all,29917,0.9216520676146593,0.8928809099113608,0.13902160560164217,1.3231101256741788,0.11843684734804719,0.0,0.0,0.9202139234600454,0.9231983943809079,1.2947607360372106,1.3518117398004252
lgb_tweedie,none,0.8,2,13,0.95,26,smooth,15705,0.929591264456241,0.8777633064166015,0.1401986429605237,1.136194298333506,0.0854283422793127,0.0,0.0,0.9281054748688167,0.9313103042703643,1.1136745143659468,1.1650479166982943
lgb_tweedie,none,0.8,2,13,0.95,26,erratic,1671,0.9017517355195475,0.8888798215548664,0.13355783691885176,1.6999470415087832,0.09578097353307033,0.0,0.0,0.8949036648591954,0.9086461966205178,1.5912667101141431,1.8205018840390221
lgb_tweedie,none,0.8,2,13,0.95,26,intermittent,10360,0.9015503928689635,0.9133380133380133,0.13693179060916344,1.8702342251662836,0.24672284262118183,0.0,0.0,0.8983298130213833,0.9055227218285928,1.7872808970712675,1.9672407041677684
lgb_tweedie,none,0.8,2,13,0.95,26,lumpy,2181,0.8810368668279887,0.9076320286774207,0.1426915647134578,2.1751326839782825,0.3478028346584785,0.0,0.0,0.8748108813841193,0.8874305915810375,1.9986124383790445,2.369684189805461
lgb_tweedie,quantile,0.8,2,13,0.95,26,all,29917,0.9216346469714959,0.8928763518461683,0.13902752116292047,1.3228584388581879,0.11831384101622408,2.820485083615769e-05,0.00016712905705786008,0.9201796857738169,0.9231813430945652,1.2943410332811427,1.3514689206828407
lgb_tweedie,quantile,0.8,2,13,0.95,26,smooth,15705,0.929591264456241,0.8777633064166015,0.1401986429605237,1.136191160179879,0.08542686286403142,2.2415383049756322e-07,6.367398917542184e-05,0.9281054748688167,0.9313103042703643,1.1136683597498156,1.165047838178575
lgb_tweedie,quantile,0.8,2,13,0.95,26,erratic,1671,0.9017517355195475,0.8888798215548664,0.13355783691885176,1.6999470415087832,0.09578097353307033,0.0,0.0,0.8949036648591954,0.9086461966205178,1.5912667101141431,1.8205018840390221
lgb_tweedie,quantile,0.8,2,13,0.95,26,intermittent,10360,0.9014313760161772,0.9133248508248508,0.1369525882687335,1.8694804517653032,0.24672284262118183,0.00014395371717968597,0.00028957528957528956,0.89816894229695,0.9055188496344014,1.7864385492802983,1.9667714955374695
lgb_tweedie,quantile,0.8,2,13,0.95,26,lumpy,2181,0.8810368668279887,0.9076320286774207,0.1426915647134578,2.170872562376721,0.34406734855725235,0.00021351444781096855,0.0004585052728106373,0.8748108813841193,0.8874305915810375,1.9983261384132092,2.365007983487782
lgb_tweedie,fixed,0.8,2,13,0.95,26,all,29917,0.920417524702472,0.8911929064350764,0.14121233512837753,1.2928003634112075,0.10770390613956556,0.007710210753281883,0.06417755791021827,0.91893267154878,0.9219982800863404,1.264320517243436,1.3204485387926785
lgb_tweedie,fixed,0.8,2,13,0.95,26,smooth,15705,0.9289161131187823,0.8769905357297907,0.14108496766740583,1.1169601064461712,0.07946235358832177,0.005331274704554044,0.031072906717605858,0.9273470852513496,0.9306781500498896,1.0955636757222724,1.1452950951998873
lgb_tweedie,fixed,0.8,2,13,0.95,26,erratic,1671,0.9013966262567379,0.8877101354659703,0.13496370888641862,1.691603000160107,0.09337403063381872,0.0021286029221592286,0.031119090365050867,0.8945163834086998,0.908136067640464,1.5822102381247092,1.8118511519118503
lgb_tweedie,fixed,0.8,2,13,0.95,26,intermittent,10360,0.8974482786762605,0.9104247104247104,0.14153500592733298,1.7883506304492716,0.21696817602705876,0.01953009879532275,0.10955598455598456,0.894136254596618,0.901991096503223,1.7090133072775233,1.8782215464012098
lgb_tweedie,fixed,0.8,2,13,0.95,26,lumpy,2181,0.8777985643695223,0.9047767912967363,0.1471023824855119,2.070541106614881,0.2936494702808223,0.022474937470768855,0.11233379183860615,0.8712309359982865,0.8845823333615606,1.9037183490013136,2.2433618698726807
lgb_tweedie,dead13,0.8,2,13,0.95,26,all,29917,0.9176265717567905,0.8877363736641071,0.1456983024310985,1.2555684671094938,0.08845980277841008,0.007097667757475447,0.07163151385499883,0.9159712057976793,0.9193471006563092,1.2295622039095486,1.2799729577116836
lgb_tweedie,dead13,0.8,2,13,0.95,26,smooth,15705,0.9272701515414387,0.8745448756910075,0.14389000278843728,1.0870588820731182,0.060701888406360406,0.004755871821666799,0.05202164915631964,0.9256869790120434,0.9289227082950313,1.0668251889831732,1.1135365082637978
lgb_tweedie,dead13,0.8,2,13,0.95,26,erratic,1671,0.9004154573109402,0.8860236113377945,0.13699078009546853,1.6718954624015236,0.08844273298657153,0.003822043048274333,0.04967085577498504,0.8933810475652053,0.9070292767864857,1.5644297374208094,1.7902921822780298
lgb_tweedie,dead13,0.8,2,13,0.95,26,intermittent,10360,0.8880935540472531,0.9052211302211303,0.14975701401069,1.7106031547400444,0.1897346264231015,0.01900642464306279,0.09855212355212355,0.8840009721877883,0.8934011115517336,1.642386867696346,1.7954343780421815
lgb_tweedie,dead13,0.8,2,13,0.95,26,lumpy,2181,0.8739959737275556,0.9009837022216665,0.15296200901481005,2.005363279581918,0.26382150192163,0.01491042560546597,0.10178817056396149,0.8668894514286968,0.8807607293763314,1.8401600240080127,2.1709410599537255
lgb_tweedie,dead26,0.8,2,13,0.95,26,all,29917,0.9210406859950638,0.8920634968868415,0.1400824629242197,1.303034078759889,0.11036149991405816,0.001587933102075678,0.0235317712337467,0.9195771057055546,0.9226155337790273,1.2742533199364878,1.330276917337963
lgb_tweedie,dead26,0.8,2,13,0.95,26,smooth,15705,0.9291797180234473,0.8773696853926081,0.1406501042344412,1.1211002276954611,0.08091563253296967,0.0014686558974200343,0.018911174785100286,0.9276403331876341,0.930860316922095,1.0991788077876588,1.1493539734627305
lgb_tweedie,dead26,0.8,2,13,0.95,26,erratic,1671,0.901538259430922,0.8881997715031826,0.13437520434185576,1.6967346369059104,0.09471975105403818,0.0004515840336306946,0.013165769000598444,0.8947441299888119,0.9083057226453802,1.5885663821625884,1.8160601496442748
lgb_tweedie,dead26,0.8,2,13,0.95,26,intermittent,10360,0.8999453655971019,0.911942786942787,0.139136342523588,1.826544838749167,0.22368866098106158,0.002469883068775872,0.0305019305019305,0.8967154064591722,0.9041169644875805,1.7462331487840914,1.9209564647367248
lgb_tweedie,dead26,0.8,2,13,0.95,26,lumpy,2181,0.8793643369868027,0.9064024009003376,0.14459111397295557,2.10620818675397,0.30864733513634424,0.0031518799438762022,0.03163686382393398,0.8729211174369954,0.8858875796706381,1.9383018679977961,2.281051983320124
lgb_tweedie,none,0.9,2,13,0.95,26,all,29917,0.9494282047181074,0.9325467125714477,0.08754241950399991,1.722699363499472,0.15240667014858317,0.0,0.0,0.9481755962649376,0.9507709312706999,1.6888797386310257,1.7580837069161623
lgb_tweedie,none,0.9,2,13,0.95,26,smooth,15705,0.9556930814023602,0.924508697288067,0.08658429711463132,1.4880317545282435,0.1072581010315111,0.0,0.0,0.9544225289187529,0.957325881917833,1.4594456338420092,1.5243934547013218
lgb_tweedie,none,0.9,2,13,0.95,26,erratic,1671,0.9325785037789373,0.926391382405745,0.08847184986595175,2.2378431525491917,0.13955752975322985,0.0,0.0,0.9263104981865956,0.9389342208433932,2.1057323861143242,2.3935316929666692
lgb_tweedie,none,0.9,2,13,0.95,26,intermittent,10360,0.9346121410791768,0.945033345033345,0.08685102636449978,2.3825303662998683,0.3182866560571644,0.0,0.0,0.9315962062879242,0.9385188969602908,2.285490850371743,2.4909543760702606
lgb_tweedie,none,0.9,2,13,0.95,26,lumpy,2181,0.915524533826789,0.9358301029552749,0.09913071474565358,2.8096823718404944,0.46420684466315554,0.0,0.0,0.9095039655092563,0.9213757042872885,2.588330777725352,3.046719388772292
lgb_tweedie,quantile,0.9,2,13,0.95,26,all,29917,0.9494144341144639,0.9325421545062552,0.08754833506527822,1.7223778281999398,0.15224387838599235,3.3182177454303166e-05,0.00023398067988100412,0.9481596248674035,0.9507705085608713,1.6883101668827194,1.757837826274071
lgb_tweedie,quantile,0.9,2,13,0.95,26,smooth,15705,0.9556930814023602,0.924508697288067,0.08658429711463132,1.48798961360811,0.10723738921757313,3.1381536269658852e-06,6.367398917542184e-05,0.9544225289187529,0.957325881917833,1.4593629861396762,1.5243527517866333
lgb_tweedie,quantile,0.9,2,13,0.95,26,erratic,1671,0.9325785037789373,0.926391382405745,0.08847184986595175,2.2378431525491917,0.13955752975322985,0.0,0.0,0.9263104981865956,0.9389342208433932,2.1057323861143242,2.3935316929666692
lgb_tweedie,quantile,0.9,2,13,0.95,26,intermittent,10360,0.934521461572292,0.9450201825201825,0.08687182402406983,2.381701782305708,0.3182866560571644,0.00014962118635998857,0.00028957528957528956,0.9315072292583227,0.9384826437784046,2.2845407132652804,2.4904737741123455
lgb_tweedie,quantile,0.9,2,13,0.95,26,lumpy,2181,0.9155092827948025,0.9358301029552749,0.09913071474565358,2.804502104642414,0.45968847225328907,0.00027451857575695954,0.001375515818431912,0.9094896157723008,0.9213749648975316,2.5880137716370593,3.041063632245501
lgb_tweedie,fixed,0.9,2,13,0.95,26,all,29917,0.9479761526327072,0.9305320477563683,0.09015709758901441,1.682340544705352,0.13780687707264175,0.010114757242507962,0.06942541030183508,0.9467046998523229,0.9493500115116477,1.6482770994777594,1.7131775130504046
lgb_tweedie,fixed,0.9,2,13,0.95,26,smooth,15705,0.9548778339208405,0.9235477989059651,0.0876863937539005,1.461934196504904,0.09881507802122379,0.006999427511116909,0.03285577841451767,0.9536007753382472,0.9566225722512741,1.4346998924799548,1.4972334226925985
lgb_tweedie,fixed,0.9,2,13,0.95,26,erratic,1671,0.9321597622204797,0.9250856863065121,0.0900411953181194,2.2232077245501607,0.13512297454297642,0.0031980360199846463,0.03411131059245961,0.925866574709198,0.9384339066397471,2.091201897568749,2.3765080929565383
lgb_tweedie,fixed,0.9,2,13,0.95,26,intermittent,10360,0.9299070081656896,0.9415716040716041,0.0923208108314211,2.2776187108094508,0.27962952887462195,0.025236106766051408,0.1193050193050193,0.9265493934634914,0.9337176116304635,2.1870295941714666,2.376856841210319
lgb_tweedie,fixed,0.9,2,13,0.95,26,lumpy,2181,0.9116609390568762,0.9325580425993081,0.10418544752092723,2.6716961181039913,0.3926957724139333,0.0300801187547024,0.1228794131132508,0.905111785002357,0.9176655240149065,2.4649165482697106,2.885938355504529
lgb_tweedie,dead13,0.9,2,13,0.95,26,all,29917,0.9448766054367007,0.9266668084731393,0.09517349355302414,1.63818020975118,0.11234237636154769,0.008349299491051763,0.07149781060935254,0.943525908256792,0.9462943279832491,1.609087542675453,1.6667769641629622
lgb_tweedie,dead13,0.9,2,13,0.95,26,smooth,15705,0.9530662226627592,0.9208185001881277,0.09081674655760778,1.426366587450703,0.07421881269302447,0.005533461459662846,0.0518943011779688,0.9517547366672411,0.9546735746520254,1.400039058129526,1.4596858511284472
lgb_tweedie,dead13,0.9,2,13,0.95,26,erratic,1671,0.9310718552303694,0.9231271421576628,0.09239521349637089,2.2029808651529024,0.129437531559566,0.004503524408117018,0.04847396768402154,0.9250724340524393,0.9374370172095273,2.068684448108389,2.3550038666133677
lgb_tweedie,dead13,0.9,2,13,0.95,26,intermittent,10360,0.9193915858485562,0.9357318357318357,0.10154803912733021,2.1840102558522285,0.24189755936107218,0.022545192399243734,0.09845559845559845,0.9151959797340475,0.924431003054879,2.1060164037211955,2.277812195036099
lgb_tweedie,dead13,0.9,2,13,0.95,26,lumpy,2181,0.907629582935112,0.9284314951440124,0.11056020605280104,2.595156272241088,0.3535738251621693,0.018067389226671005,0.10224667583677212,0.9005302148232315,0.9136170783480104,2.388233924858643,2.8003174028868454
lgb_tweedie,dead26,0.9,2,13,0.95,26,all,29917,0.9487008513883092,0.9315986350114104,0.08877285624988908,1.6969207934787731,0.1421412990026101,0.0020830111896938813,0.023498345422335126,0.9474518402398947,0.9500781431837761,1.6625590850755696,1.7301889621933577
lgb_tweedie,dead26,0.9,2,13,0.95,26,smooth,15705,0.9551900802067236,0.924039825185957,0.08712206716150363,1.4682230563733436,0.10134734384435476,0.0019324301727194925,0.018911174785100286,0.9539206213225171,0.9568883470953801,1.4403649881191771,1.5032578445423976
lgb_tweedie,dead26,0.9,2,13,0.95,26,erratic,1671,0.9323321852151387,0.9257113323540612,0.08928921728895572,2.2336085259065546,0.13824793605570085,0.0005952698625131883,0.013165769000598444,0.9261370597580035,0.9385880713968275,2.1024096428821726,2.389910576354493
lgb_tweedie,dead26,0.9,2,13,0.95,26,intermittent,10360,0.9327520776942015,0.9434099684099684,0.08941607104480509,2.3282598149231264,0.28979130111490453,0.003200986593034907,0.030405405405405407,0.9296249482100645,0.9366670043604808,2.234796801838553,2.436852855826468
lgb_tweedie,dead26,0.9,2,13,0.95,26,lumpy,2181,0.9135978201191614,0.9344337459880788,0.10128783000643915,2.722939585578624,0.414761982227464,0.0041686154096427196,0.03163686382393398,0.9073748258891495,0.9197816159158368,2.5087125898999223,2.940262349428321
lgb_tweedie,none,0.95,2,13,0.95,26,all,29917,0.9641459936170763,0.9541033222217833,0.05956575836509661,2.0802233890550577,0.18403134255753623,0.0,0.0,0.9630216839500129,0.9653380380076407,2.0406438660990536,2.1186721036658556
lgb_tweedie,none,0.95,2,13,0.95,26,smooth,15705,0.9695139582831789,0.9499927643194119,0.057355499196664494,1.8037564595530104,0.12701026759035977,0.0,0.0,0.9684177782507895,0.9709857345101123,1.7697086330004588,1.8499109066903021
lgb_tweedie,none,0.95,2,13,0.95,26,erratic,1671,0.9493117448796529,0.9469832979707307,0.06372196429739097,2.713623879763698,0.18325280084733586,0.0,0.0,0.9429279092852396,0.9550968343841562,2.563833474062935,2.8978094801199457
lgb_tweedie,none,0.95,2,13,0.95,26,intermittent,10360,0.9516564878920188,0.9618462618462619,0.06028548254036479,2.8417982653010334,0.38579324165635187,0.0,0.0,0.9486847799578896,0.9553482085903234,2.73817447119343,2.964560504744826
lgb_tweedie,none,0.95,2,13,0.95,26,lumpy,2181,0.9351576956707404,0.952377975073986,0.07356728911783644,3.365994265611973,0.5742694755678467,0.0,0.0,0.9298021836329665,0.9407398871131343,3.102977353112149,3.6382378478731985
lgb_tweedie,quantile,0.95,2,13,0.95,26,all,29917,0.9641367026073892,0.9540987641565908,0.05957167392637493,2.0798107686784135,0.18381161017843384,3.9984523832435316e-05,0.00036768392552729217,0.9630043011034133,0.9653325839681254,2.0403258425063284,2.1183804588090624
lgb_tweedie,quantile,0.95,2,13,0.95,26,smooth,15705,0.9695139582831789,0.9499927643194119,0.057355499196664494,1.8036831612504376,0.12697476162360896,6.052153423434207e-06,0.00012734797835084368,0.9684177782507895,0.9709857345101123,1.7697068157615639,1.8499091690999725
lgb_tweedie,quantile,0.95,2,13,0.95,26,erratic,1671,0.9493117448796529,0.9469832979707307,0.06372196429739097,2.713623879763698,0.18325280084733586,0.0,0.0,0.9429279092852396,0.9550968343841562,2.563833474062935,2.8978094801199457
lgb_tweedie,quantile,0.95,2,13,0.95,26,intermittent,10360,0.9515975462125437,0.9618330993330994,0.060306280199934836,2.840893737219857,0.38579324165635187,0.00015415516170423066,0.00028957528957528956,0.9486011787482704,0.9551720636501861,2.7373188150653536,2.964044728435756
lgb_tweedie,quantile,0.95,2,13,0.95,26,lumpy,2181,0.9351373609614251,0.952377975073986,0.07356728911783644,3.3590702970901027,0.5683419078024279,0.00039652683164894157,0.002751031636863824,0.9297821209437179,0.9407393452868547,3.1024466742603205,3.634825234783996
lgb_tweedie,fixed,0.95,2,13,0.95,26,all,29917,0.9624616662894959,0.9518485993065664,0.062491989344102286,2.0306098950580456,0.16574464456246973,0.012198266164863658,0.07487381756192131,0.9613461106927922,0.963644779789981,1.9920653288788777,2.0668142287388562
lgb_tweedie,fixed,0.95,2,13,0.95,26,smooth,15705,0.9685893237323765,0.9489218835923707,0.05858373942717531,1.771600695952813,0.11628746563161393,0.008412493258573548,0.03521171601400828,0.9674749597860172,0.9700795680816331,1.7395936656462079,1.8127764258028134
lgb_tweedie,fixed,0.95,2,13,0.95,26,erratic,1671,0.9488232130614523,0.9455415918611609,0.06545478323415942,2.6922660076276648,0.1767725699647354,0.00439883901850263,0.038300418910831836,0.9424470331911152,0.954579875738994,2.5429793265639473,2.87265860058924
lgb_tweedie,fixed,0.95,2,13,0.95,26,intermittent,10360,0.9460354919589947,0.9579808704808704,0.06639306190076744,2.7149523705890086,0.3381987422752395,0.03019627579265224,0.12934362934362933,0.9424760388012853,0.9498927484584293,2.6142953124485113,2.8249983480069285
lgb_tweedie,fixed,0.95,2,13,0.95,26,lumpy,2181,0.9309382434878093,0.9486265682964445,0.07936252414681262,3.196855237204384,0.48664212945075946,0.036653313540882936,0.12975699220541037,0.9247972074520715,0.9368047747638953,2.953130275887,3.4471914263092813
lgb_tweedie,dead13,0.95,2,13,0.95,26,all,29917,0.9592524519970029,0.9478162309662794,0.06772528922165016,1.9812431105504063,0.13536682565353958,0.009386242536498736,0.07159808804358726,0.9580914197014279,0.9605398535120453,1.9481577304743023,2.015971966206784
lgb_tweedie,dead13,0.95,2,13,0.95,26,smooth,15705,0.9666759466352493,0.9460623426239472,0.061863472799458245,1.7315323021360514,0.08696298906443123,0.006176558799360354,0.05208532314549506,0.9654829153464168,0.9681942538054488,1.699943377112127,1.7707239608896845
lgb_tweedie,dead13,0.95,2,13,0.95,26,erratic,1671,0.9477168321790572,0.9433654316957728,0.06807035898777218,2.672798630468785,0.17077553399811976,0.005111110198820134,0.04967085577498504,0.9415229850907271,0.9535256861913485,2.5162430496558406,2.8493105339804488
lgb_tweedie,dead13,0.95,2,13,0.95,26,intermittent,10360,0.9353341766527473,0.9518471393471394,0.0760847712604075,2.609520441427839,0.29243211505415834,0.02546280553326351,0.09826254826254827,0.9312343505096361,0.9400780150252507,2.5222303642813526,2.711559955795175
lgb_tweedie,dead13,0.95,2,13,0.95,26,lumpy,2181,0.9267340423368648,0.94470843232879,0.08541532517707663,3.114006547776399,0.44101104174715816,0.020665148341704454,0.10224667583677212,0.9204010779649416,0.9325119214530013,2.8804387596002297,3.352192502093298
lgb_tweedie,dead26,0.95,2,13,0.95,26,all,29917,0.9633348552892059,0.9530838349737304,0.060888872237679366,2.0496660877482773,0.1719022612326648,0.0024929769921417967,0.0235317712337467,0.9622245367079398,0.964365114179482,2.0102407752553377,2.08709636799162
lgb_tweedie,dead26,0.95,2,13,0.95,26,smooth,15705,0.9689459524766981,0.9494833724060086,0.05793974319820478,1.7800136375190474,0.11990364971749892,0.002315733222870326,0.018911174785100286,0.9678710458140191,0.9704173614469195,1.7480140743240662,1.8210836852056722
lgb_tweedie,dead26,0.95,2,13,0.95,26,erratic,1671,0.9490346364953794,0.9462488439149122,0.06460472111423528,2.708537401421258,0.1817445101750093,0.000714323835015826,0.013165769000598444,0.9427309701777921,0.9547785542174125,2.559787392950136,2.8894953620427524
lgb_tweedie,dead26,0.95,2,13,0.95,26,intermittent,10360,0.9495923956165526,0.9601044226044226,0.06303770615680049,2.7785187049152826,0.3525274645556477,0.0038062723014912246,0.0305019305019305,0.9464759822600669,0.9533588771181908,2.6740085503782267,2.899271306346439
lgb_tweedie,dead26,0.95,2,13,0.95,26,lumpy,2181,0.9331293084165362,0.9508982535117335,0.07585318737926594,3.2645647355471055,0.5167273318827907,0.005027756878215426,0.03163686382393398,0.927488743472766,0.9387439518366401,3.0106371110108303,3.5152322926051807
lgb_tweedie,none,0.99,2,13,0.95,26,all,29917,0.9798555978001544,0.9767599449385724,0.03016147510436036,2.791912242431643,0.2528375075406498,0.0,0.0,0.9788154238273503,0.980879705897922,2.7405915219419015,2.843738225867907
lgb_tweedie,none,0.99,2,13,0.95,26,smooth,15705,0.9841798951049735,0.9764550953662702,0.027004687230285086,2.4342641993606233,0.1689438005999253,0.0,0.0,0.9832708401458523,0.9852836168622847,2.3898754859931963,2.4949971858145927
lgb_tweedie,none,0.99,2,13,0.95,26,erratic,1671,0.968169483593131,0.9705130297589902,0.03544105146145295,3.654376054551351,0.2879977174479755,0.0,0.0,0.9626005307342735,0.9729403394182424,3.4523335054470117,3.891630420772054
lgb_tweedie,none,0.99,2,13,0.95,26,intermittent,10360,0.9693072539071532,0.9795761670761671,0.0322710350995168,3.752002883608319,0.5314843781879515,0.0,0.0,0.966437806387341,0.9725481893810806,3.6224609924686333,3.902338683254548
lgb_tweedie,none,0.99,2,13,0.95,26,lumpy,2181,0.9580342436504871,0.9703638864574216,0.04578235672891178,4.461181039917034,0.8186977652154461,0.0,0.0,0.9530274884167381,0.9631737472180095,4.135638703445623,4.813817081031314
lgb_tweedie,quantile,0.99,2,13,0.95,26,all,29917,0.9798541046021689,0.9767569062284441,0.030165418811879237,2.791164647973597,0.252397312774541,8.80986811411749e-05,0.0011699033994050205,0.9788119488896577,0.980879705897922,2.7400273226685354,2.842944763068466
lgb_tweedie,quantile,0.99,2,13,0.95,26,smooth,15705,0.984179222643482,0.9764550953662702,0.027004687230285086,2.433999025379145,0.16882495423899552,4.281338162503458e-05,0.0007004138809296402,0.9832702011885956,0.9852836168622847,2.3895774400653598,2.4948133396111882
lgb_tweedie,quantile,0.99,2,13,0.95,26,erratic,1671,0.968169483593131,0.9705130297589902,0.03544105146145295,3.654146157225139,0.2878080521538505,2.257920168153473e-05,0.0011968880909634949,0.9626005307342735,0.9729403394182424,3.4521039640795737,3.891285194101737
lgb_tweedie,quantile,0.99,2,13,0.95,26,intermittent,10360,0.9693004529441369,0.9795673920673921,0.03228490020589683,3.750788911709898,0.5314644286964367,0.0001915604582942278,0.0012548262548262548,0.966430856017618,0.9725480194063274,3.6211807772985134,3.901724666923565
lgb_tweedie,quantile,0.99,2,13,0.95,26,lumpy,2181,0.9580342436504871,0.9703638864574216,0.04578235672891178,4.4503019704333315,0.8084643227525061,0.0008133883726132135,0.0041265474552957355,0.9530274884167381,0.9631737472180095,4.132116598177318,4.799953290559114
lgb_tweedie,fixed,0.99,2,13,0.95,26,all,29917,0.9778061006096893,0.9740767638952618,0.03364376884352749,2.7222688247470024,0.22629369014349962,0.016688976150641778,0.0860046127619748,0.976790652512232,0.9789854990414995,2.6743008752313115,2.7705710668250556
lgb_tweedie,fixed,0.99,2,13,0.95,26,smooth,15705,0.9830824379508574,0.9752337124829962,0.02840554500670553,2.389301406654948,0.15314315225738598,0.011311698902229031,0.03998726520216492,0.9822268734600188,0.9843448734480915,2.3466883520268498,2.4431479491294135
lgb_tweedie,fixed,0.99,2,13,0.95,26,erratic,1671,0.9673484217138024,0.9688537076328818,0.03743542797358269,3.615309930332899,0.2750237081617656,0.007467557792493031,0.05206463195691203,0.9615724024037755,0.9723094050508987,3.4198692516648976,3.8521610400465707
lgb_tweedie,fixed,0.99,2,13,0.95,26,intermittent,10360,0.9624620846311838,0.9748946998946999,0.039668069353262114,3.578036516637422,0.46427703496148387,0.041294313941520784,0.1471042471042471,0.9590412753356184,0.9661199460576155,3.457655506563114,3.707893692639526
lgb_tweedie,fixed,0.99,2,13,0.95,26,lumpy,2181,0.9528590601297354,0.9658621983243716,0.052736638763683195,4.223951237367062,0.6972720987453483,0.0511265428960693,0.15314076111875286,0.9472187911752051,0.9582498741807203,3.92828506033505,4.544491403919068
lgb_tweedie,dead13,0.99,2,13,0.95,26,all,29917,0.9745262082792188,0.9699106923093286,0.039050591851905896,2.664882073859545,0.18761239633058208,0.011369873104716979,0.07149781060935254,0.9734600864254173,0.9757463629390647,2.6212453708088885,2.709586708409284
lgb_tweedie,dead13,0.99,2,13,0.95,26,smooth,15705,0.9810708814759723,0.9721165812856357,0.03198071994794917,2.3415324321452733,0.11542200769206286,0.007423078250757303,0.05183062718879338,0.9801497645779583,0.9822886380911549,2.3001563603828497,2.3932793274708333
lgb_tweedie,dead13,0.99,2,13,0.95,26,erratic,1671,0.9664822014311109,0.9667591534736957,0.03995291963643497,3.602135992479073,0.2708465558506817,0.006248280901690156,0.049072411729503294,0.9608910420617023,0.9712969898093602,3.4029134889875037,3.833100280979775
lgb_tweedie,dead13,0.99,2,13,0.95,26,intermittent,10360,0.9516077476570682,0.9687653562653563,0.04935284615971216,3.454213649986171,0.40546344028981174,0.030973852564189757,0.09855212355212355,0.9474604994931374,0.9558848598675426,3.341759451575621,3.573621715248926
lgb_tweedie,dead13,0.99,2,13,0.95,26,lumpy,2181,0.9488073692986558,0.9618815389104247,0.058886027044430134,4.136903430465461,0.6416536185615226,0.025642068446631555,0.10178817056396149,0.9433644720935842,0.9544764649584354,3.8507134122862987,4.437501973091781
lgb_tweedie,dead26,0.99,2,13,0.95,26,all,29917,0.9789133898713395,0.975632583480964,0.031624590593863196,2.752308152263721,0.23718248803948414,0.003266951281263418,0.023498345422335126,0.9779592987599439,0.9800037783621647,2.702372818855022,2.8029791961061674
lgb_tweedie,dead26,0.99,2,13,0.95,26,smooth,15705,0.9835172963820227,0.9758993950971029,0.02764204432287448,2.4030216384658734,0.15949132322937526,0.003038629326224967,0.018911174785100286,0.9827143725085472,0.9846740004767627,2.3604702888267535,2.4572193489287066
lgb_tweedie,dead26,0.99,2,13,0.95,26,erratic,1671,0.9678472168054946,0.9696969696969697,0.03642189236905774,3.647727505983488,0.2861236437084081,0.0009277999236412452,0.013165769000598444,0.9622109033906616,0.9726982127459045,3.4472030891704493,3.885248940700284
lgb_tweedie,dead26,0.99,2,13,0.95,26,intermittent,10360,0.9668951790240164,0.9776544401544401,0.035307493396743085,3.6719079421646104,0.4896029144393512,0.004966969989617196,0.030405405405405407,0.963965164993668,0.970242864971058,3.5484789084462736,3.8168526863577226
lgb_tweedie,dead26,0.99,2,13,0.95,26,lumpy,2181,0.9558075929804584,0.9686549122587637,0.04842240824211204,4.331923460154137,0.745866970331659,0.006613864204811192,0.03163686382393398,0.9507224122216543,0.9608811339087097,4.013196307762594,4.648172379102924
lgb_conformal,none,0.5,2,13,0.95,26,all,29917,0.8069351414523043,0.7429129683032146,0.3336534309269487,0.6713245595231853,0.059810277582187266,0.0,0.0,0.8045738638917405,0.809384333896432,0.6552322844157809,0.6874814634634498
lgb_conformal,none,0.5,2,13,0.95,26,smooth,15705,0.8343252140332851,0.7287545946571734,0.3111032916838178,0.6107418550343381,0.04886459360238069,0.0,0.0,0.8321922635683203,0.8367380588072678,0.5959613893572662,0.6285282303947808
lgb_conformal,none,0.5,2,13,0.95,26,erratic,1671,0.763164700907684,0.721070670801371,0.33525142221931603,0.7644722419505146,0.039856806808245104,0.0,0.0,0.7560062089101717,0.7698569848851226,0.7153611472082548,0.816580220536357
lgb_conformal,none,0.5,2,13,0.95,26,intermittent,10360,0.7207524585481304,0.7661372411372411,0.36951895013414493,0.877041989145663,0.10992169824580494,0.0,0.0,0.7175427884578227,0.7242481156973616,0.8219472359174274,0.9383968026194798
lgb_conformal,none,0.5,2,13,0.95,26,lumpy,2181,0.68067389226671,0.7512817306489934,0.38422408242112044,0.8919769404396364,0.1327215974947638,0.0,0.0,0.6742433022130068,0.6871246989044729,0.8075469882149522,0.983652500685662
lgb_conformal,quantile,0.5,2,13,0.95,26,all,29917,0.8068871932058828,0.7428947360424447,0.333677093172062,0.6707941424165783,0.059656245914444406,7.86417605666985e-05,0.0008356452852893004,0.8045015580299341,0.8093593641383249,0.6547922466522527,0.6869288419623572
lgb_conformal,quantile,0.5,2,13,0.95,26,smooth,15705,0.8343252140332851,0.7287545946571734,0.3111032916838178,0.610608483505192,0.04886459360238069,1.613907579582455e-05,0.0005730659025787965,0.8321922635683203,0.8367380588072678,0.5958059682344917,0.6284969574499423
lgb_conformal,quantile,0.5,2,13,0.95,26,erratic,1671,0.763164700907684,0.721070670801371,0.33525142221931603,0.7644722419505146,0.039856806808245104,0.0,0.0,0.7560062089101717,0.7698569848851226,0.7153611472082548,0.816580220536357
lgb_conformal,quantile,0.5,2,13,0.95,26,intermittent,10360,0.7204656846076071,0.7660933660933661,0.3695882756660451,0.8751751247976713,0.10959751900869164,0.00037972043508027406,0.0010617760617760619,0.7172347627464879,0.7242210315935531,0.8189000244771241,0.9366733641147245
lgb_conformal,quantile,0.5,2,13,0.95,26,lumpy,2181,0.680490879882872,0.7512400483514652,0.3842884739214424,0.8871220285906012,0.12945584317872175,0.00034060638103178314,0.0022925263640531865,0.674034185079912,0.6870087908778485,0.8047558761368723,0.9763211437524529
lgb_conformal,fixed,0.5,2,13,0.95,26,all,29917,0.8062905776552545,0.7420621294672838,0.3347576690322339,0.6584925137689445,0.05562733229229782,0.003177193491249528,0.05311361433298793,0.8039132812693285,0.8087288701232371,0.6430528922956815,0.6745296349913744
lgb_conformal,fixed,0.5,2,13,0.95,26,smooth,15705,0.8340167783625204,0.7283667621776504,0.3115481138213541,0.6028796594296361,0.04662623828179813,0.0022271924598237882,0.027125119388729704,0.8318718098711999,0.8364714751592977,0.5879173185559634,0.6202427680158076
lgb_conformal,fixed,0.5,2,13,0.95,26,erratic,1671,0.7629902252583266,0.7205538327620913,0.33587262146079905,0.7614240497235074,0.0392065257998169,0.0008436410810100703,0.024536205864751647,0.7558105750214104,0.7696462770708352,0.7117237769366264,0.8140744940274018
lgb_conformal,fixed,0.5,2,13,0.95,26,intermittent,10360,0.7184276626903703,0.7647420147420148,0.37172350204856947,0.8408461304787425,0.09830610681139115,0.008133951767570287,0.0886100386100386,0.714974314169898,0.7221903229731634,0.7850391515357881,0.8972340414488935
lgb_conformal,fixed,0.5,2,13,0.95,26,lumpy,2181,0.6787776806230555,0.7494268684089866,0.3870895041854475,0.846986396079468,0.10902251052321206,0.008271143014010615,0.09353507565337002,0.6723560057992531,0.6856128896983777,0.7695011434402185,0.9252003701262327
lgb_conformal,dead13,0.5,2,13,0.95,26,all,29917,0.8045148334287874,0.7398879323704675,0.33757939176198937,0.6378940134706367,0.04962265227798966,0.0043900020772043085,0.07139753317511782,0.8021661328713641,0.8069926749868536,0.6233651116708402,0.6518326110429608
lgb_conformal,dead13,0.5,2,13,0.95,26,smooth,15705,0.8327781042951908,0.7266244102920321,0.3135464938720771,0.584490079175616,0.03958718037344925,0.003267938694823974,0.05157593123209169,0.8306604570119841,0.8350516617018748,0.570687696211159,0.6019641683217116
lgb_conformal,dead13,0.5,2,13,0.95,26,erratic,1671,0.7623580076112436,0.719220934660791,0.3374746616098869,0.7504710842532648,0.03752211735437441,0.0022969206074215784,0.049072411729503294,0.7552684940729981,0.7690733657802699,0.6999817770425831,0.8001743767330763
lgb_conformal,dead13,0.5,2,13,0.95,26,intermittent,10360,0.7133892825890813,0.7617672867672868,0.3764237731113992,0.8040801244122834,0.09373019219521483,0.010565296045920103,0.09864864864864865,0.7096804505019053,0.7178079907223345,0.7595082565204402,0.8578887405434309
lgb_conformal,dead13,0.5,2,13,0.95,26,lumpy,2181,0.6766222014356305,0.7473010712350465,0.39037347070186734,0.8249130691176769,0.10936921731703844,0.007325579030847754,0.10178817056396149,0.6699161338352376,0.6835188945736793,0.7509814335843308,0.9037351714685397
lgb_conformal,dead26,0.5,2,13,0.95,26,all,29917,0.8066253858257684,0.742475394044736,0.3342213248096668,0.6628855022421197,0.05643508603806791,0.0005654243038213259,0.023498345422335126,0.8042647963768208,0.8090662359546379,0.647031748281092,0.6794761177299089
lgb_conformal,dead26,0.5,2,13,0.95,26,smooth,15705,0.8341353557388537,0.7285664669618824,0.3113190636162048,0.6044180271683409,0.04694677825940964,0.0005758511905482399,0.018911174785100286,0.832008174020065,0.8365677950010413,0.5895190747709678,0.6217720978213643
lgb_conformal,dead26,0.5,2,13,0.95,26,erratic,1671,0.7630743841009577,0.7208530547848322,0.3355129797946773,0.7631913854187621,0.03936909605192395,0.00014573848358081506,0.013165769000598444,0.7559118979918791,0.7697458275366696,0.7133502858718589,0.8155092096776605
lgb_conformal,dead26,0.5,2,13,0.95,26,intermittent,10360,0.7198740008251835,0.7653694278694279,0.3707321469423974,0.8583586102458775,0.10026863803914633,0.0007175015982263088,0.030405405405405407,0.716521782294343,0.7234593788453874,0.8027878217263135,0.9161464883945626
lgb_conformal,dead26,0.5,2,13,0.95,26,lumpy,2181,0.6796520731236148,0.7504480846984286,0.38551191242755956,0.863782865973931,0.11729873721455152,0.0006862964393923989,0.03163686382393398,0.6732400483404793,0.6864015350314973,0.7829407663133934,0.9498594084033285
lgb_conformal,none,0.8,2,13,0.95,26,all,29917,0.9340665156656378,0.9067966829440239,0.12096139701895149,1.4701430085483924,0.11744403659861445,0.0,0.0,0.9323732790936573,0.9360171470609391,1.4446221190078437,1.4953986473016359
lgb_conformal,none,0.8,2,13,0.95,26,smooth,15705,0.9425413037055766,0.8969610141529912,0.1181799471524744,1.2812238440499037,0.08603095743722236,0.0,0.0,0.9406753245624927,0.944262949701693,1.259675121967239,1.3096620576067377
lgb_conformal,none,0.8,2,13,0.95,26,erratic,1671,0.9054177768107493,0.8932593438877101,0.12829399071470607,1.6676382565572054,0.07837692487694334,0.0,0.0,0.8975426561676905,0.9132956313047425,1.5802044978513643,1.758270089364079
lgb_conformal,none,0.8,2,13,0.95,26,intermittent,10360,0.916241606478144,0.9226614601614602,0.12220011508038295,2.1425277819339215,0.2564980934633677,0.0,0.0,0.9126085476468297,0.9207562011506057,2.051610318151883,2.241795765741837
lgb_conformal,none,0.8,2,13,0.95,26,lumpy,2181,0.8927598267482766,0.9126339043808095,0.13496458467482292,2.2499745816133556,0.3029770014437643,0.0,0.0,0.8855883804347198,0.9017446222751865,2.0993845457952522,2.414792368020037
lgb_conformal,quantile,0.8,2,13,0.95,26,all,29917,0.933996999003871,0.9067708539079331,0.12099491853286193,1.4693230769434966,0.11723233430645598,0.00012310587835546473,0.0014373098906975967,0.9323056635239009,0.9359825229379328,1.4440859777564528,1.4945592870212698
lgb_conformal,quantile,0.8,2,13,0.95,26,smooth,15705,0.9425413037055766,0.8969610141529912,0.1181799471524744,1.2809754816057126,0.08603095743722236,2.9588305625678345e-05,0.0006367398917542184,0.9406753245624927,0.944262949701693,1.2594073600977496,1.3093705632705337
lgb_conformal,quantile,0.8,2,13,0.95,26,erratic,1671,0.9054177768107493,0.8932593438877101,0.12829399071470607,1.6676136247008253,0.07837692487694334,4.105309396642678e-06,0.0005984440454817474,0.8975426561676905,0.9132956313047425,1.580203886537161,1.7582437963429658
lgb_conformal,quantile,0.8,2,13,0.95,26,intermittent,10360,0.9158210802649656,0.9226000351000351,0.12229717082504316,2.1398391345547862,0.2560442425314091,0.0005656134241941993,0.002413127413127413,0.9119778015273661,0.9204353650947574,2.048759966043754,2.239504789484688
lgb_conformal,quantile,0.8,2,13,0.95,26,lumpy,2181,0.8925158102364926,0.9125713809345171,0.13506117192530587,2.2426032494865487,0.2985257335746386,0.0005541208288427517,0.0032095369096744614,0.885352749355893,0.9016869539909976,2.094070969588053,2.4031672980608803
lgb_conformal,fixed,0.8,2,13,0.95,26,all,29917,0.9328273272486068,0.9051968020614609,0.12303775902763947,1.4406067228418808,0.10586647624521098,0.00744608062074563,0.062238860848347094,0.9310644548130077,0.9348315014342877,1.415507350901964,1.46431414003422
lgb_conformal,fixed,0.8,2,13,0.95,26,smooth,15705,0.9418818431362528,0.8962113976440624,0.11903971531383198,1.2626215418107414,0.07951709195372926,0.005092999182735134,0.03043616682585164,0.939950352410946,0.9436566703256557,1.240987811239624,1.2894173406794411
lgb_conformal,fixed,0.8,2,13,0.95,26,erratic,1671,0.9050647202026381,0.8921168598008813,0.12966716798535277,1.6605545451932984,0.07650736697771228,0.001956179927500236,0.029323758228605626,0.8970607001520926,0.91293575282043,1.573191714725819,1.7504064150934309
lgb_conformal,fixed,0.8,2,13,0.95,26,intermittent,10360,0.9120352108525234,0.91993681993682,0.12650523061138186,2.0602599328064852,0.2230652393712283,0.019340805324700644,0.10598455598455599,0.9078131778604577,0.9169478126222763,1.9721329622038946,2.15745774099511
lgb_conformal,fixed,0.8,2,13,0.95,26,lumpy,2181,0.8894859385485084,0.9099037138927097,0.13918222794591115,2.153354210301564,0.2505348028549932,0.021061675173353396,0.10866574965612105,0.8816992753325019,0.89876983427317,2.011462626372731,2.299649090123086
lgb_conformal,dead13,0.8,2,13,0.95,26,all,29917,0.9301979715071279,0.9019165144779344,0.12729499129426566,1.4039236597552613,0.08871968559223217,0.006974561879119982,0.07109670087241368,0.9286887119954602,0.932480972744646,1.380891807823498,1.426872093511449
lgb_conformal,dead13,0.8,2,13,0.95,26,smooth,15705,0.9402842987862967,0.893927816850453,0.12165885461619153,1.2330343569542157,0.06272375595744843,0.0047332322847865455,0.051384909264565425,0.9383673790984183,0.9421607213960388,1.2119513505397672,1.2589319480941366
lgb_conformal,dead13,0.8,2,13,0.95,26,erratic,1671,0.9041594994806783,0.8904575376747729,0.13166154449748252,1.6432670873240363,0.07272760861622336,0.003534671390509346,0.047875523638539794,0.896360323471101,0.9121456816164791,1.5570726873541885,1.7292867939778596
lgb_conformal,dead13,0.8,2,13,0.95,26,intermittent,10360,0.9033798519203653,0.9149745524745525,0.13434594826928808,1.9814685092742466,0.19823061612190954,0.018749121542277054,0.09816602316602317,0.8987263010420415,0.9091949053552136,1.9085921412818712,2.062522580113496
lgb_conformal,dead13,0.8,2,13,0.95,26,lumpy,2181,0.8862120503487403,0.9061939894126965,0.14491307147456536,2.096559367183846,0.22674624316245398,0.013517498017365842,0.10224667583677212,0.8786303006131937,0.8961576323104006,1.9501530491250827,2.244360948408731
lgb_conformal,dead26,0.8,2,13,0.95,26,all,29917,0.9334516499174096,0.9060096570207878,0.12198281726634026,1.4498358477681335,0.10829156250228128,0.0014762750749419478,0.0235317712337467,0.9317065333996479,0.9354309045356741,1.42472843306336,1.4735708967043553
lgb_conformal,dead26,0.8,2,13,0.95,26,smooth,15705,0.9421254983500037,0.8965847587624092,0.11861149101724848,1.2662730077095468,0.08081897740125912,0.0013617345202726965,0.018911174785100286,0.9402585055346661,0.943880435220635,1.244804391250799,1.2933692652933277
lgb_conformal,dead26,0.8,2,13,0.95,26,erratic,1671,0.9052186693050122,0.8926064958380937,0.12907866344078991,1.6650149638527507,0.0773111865575749,0.000369477845697841,0.013165769000598444,0.8972487406232936,0.9130953698081186,1.5780995017002322,1.756181008078325
lgb_conformal,dead26,0.8,2,13,0.95,26,intermittent,10360,0.9145867054774957,0.9213188838188838,0.12432147635652735,2.0953937077490172,0.2295363556812978,0.0023848710310713332,0.0305019305019305,0.9107865695357749,0.9192324461546234,2.004545395914818,2.193424107587473
lgb_conformal,dead26,0.8,2,13,0.95,26,lumpy,2181,0.8912652256135999,0.9114251177524906,0.1368319381841597,2.184710332065803,0.2643024177969376,0.002740102080240763,0.03163686382393398,0.8837452448449414,0.9007603105799606,2.0356931807306022,2.332810582865933
lgb_conformal,none,0.9,2,13,0.95,26,all,29917,0.9668553184062202,0.9559645321753822,0.057150237509785325,2.224896189557834,0.17395431345079382,0.0,0.0,0.9655664107234286,0.9681860726003239,2.193797525430391,2.260481707348193
lgb_conformal,none,0.9,2,13,0.95,26,smooth,15705,0.9715243939889115,0.9504847905994038,0.05679117260426764,1.8841530414760799,0.11587027052229187,0.0,0.0,0.9702034783736642,0.9730783242890434,1.8595710716341591,1.918172626346714
lgb_conformal,none,0.9,2,13,0.95,26,erratic,1671,0.9492193754182284,0.9510091942766987,0.05888314915320735,2.572288340510782,0.12974009286209853,0.0,0.0,0.9437164180466915,0.9550635362886603,2.4492751621574054,2.69659528108496
lgb_conformal,none,0.9,2,13,0.95,26,intermittent,10360,0.9574633768141568,0.9642813267813268,0.056437915519906824,3.4099031089468936,0.4188994228249387,0.0,0.0,0.9546361858536921,0.9611352627872685,3.2849479491713867,3.542306879687462
lgb_conformal,none,0.9,2,13,0.95,26,lumpy,2181,0.9467637310124651,0.9597140594389563,0.062234385061171925,3.7776755393781642,0.502199198812453,0.0,0.0,0.9415672464371109,0.9522888334852884,3.548568835362378,3.994046117291683
lgb_conformal,quantile,0.9,2,13,0.95,26,all,29917,0.9667569332500682,0.9559295870089064,0.0571955901462524,2.2236837127936537,0.17368895557769173,0.00019212480746041532,0.002005548684694321,0.9654656455737222,0.9681493499526301,2.192299442848598,2.259612622165105
lgb_conformal,quantile,0.9,2,13,0.95,26,smooth,15705,0.9715243939889115,0.9504847905994038,0.05679117260426764,1.8837446331969132,0.11587027052229187,5.043461186195173e-05,0.0008914358484559058,0.9702034783736642,0.9730783242890434,1.8590923100440262,1.9179465816709576
lgb_conformal,quantile,0.9,2,13,0.95,26,erratic,1671,0.9492193754182284,0.9510091942766987,0.05888314915320735,2.5720830750409505,0.12967235525705395,1.8473892284892052e-05,0.0011968880909634949,0.9437164180466915,0.9550635362886603,2.448961165979034,2.6965913013677216
lgb_conformal,quantile,0.9,2,13,0.95,26,intermittent,10360,0.9568558241180285,0.9641979641979642,0.056569634030517096,3.4059664848542552,0.41833086231677075,0.0008693897722584185,0.003281853281853282,0.9537100382104973,0.9603867859591506,3.2820415628448623,3.5396225984219694
lgb_conformal,quantile,0.9,2,13,0.95,26,lumpy,2181,0.9464739614047217,0.9596306948438998,0.06236316806181584,3.7679504646481075,0.496786099192712,0.0007981373406267157,0.004585052728106373,0.9412750813626635,0.95188508509935,3.540772662798286,3.9816751438210156
lgb_conformal,fixed,0.9,2,13,0.95,26,all,29917,0.9651996936621378,0.9538541479912607,0.05988914238164441,2.17964084274767,0.15540444760633726,0.011030917162021273,0.07009392653006652,0.96383940604179,0.966681579293478,2.1491276018993473,2.2126591087244414
lgb_conformal,fixed,0.9,2,13,0.95,26,smooth,15705,0.9706439177427171,0.9495788833897716,0.057830197447915975,1.856404814644956,0.1056391275753594,0.007254290416392638,0.03349251830627189,0.9692334728203633,0.9721696842750607,1.8302590913295749,1.8892996856957083
lgb_conformal,fixed,0.9,2,13,0.95,26,erratic,1671,0.9487226329812346,0.949485882160927,0.060714052180736285,2.5597404623399442,0.1261816106770887,0.003195983365286325,0.033512866546977854,0.9432978481622779,0.9546790616844875,2.4361704980607146,2.6777543012013503
lgb_conformal,fixed,0.9,2,13,0.95,26,intermittent,10360,0.9518231114859197,0.9605870480870481,0.06227512530589891,3.2827319015039196,0.3648163513286815,0.02915119447580444,0.1193050193050193,0.9482067540184158,0.9556376410499762,3.1685363674930866,3.422291233644216
lgb_conformal,fixed,0.9,2,13,0.95,26,lumpy,2181,0.9425290277975477,0.9560043349589429,0.06796522858982615,3.62175407202554,0.41722248205461904,0.03481810602517437,0.1279229711141678,0.9369440570751842,0.9483313034400231,3.4102445426139645,3.819011840611508
lgb_conformal,dead13,0.9,2,13,0.95,26,all,29917,0.9622801597788209,0.9501590764752178,0.06468469072459711,2.1322820777086777,0.13049146786671117,0.008891330359767805,0.07099642343817897,0.960923350967981,0.9640174665195627,2.1035726854469203,2.1635949146557594
lgb_conformal,dead13,0.9,2,13,0.95,26,smooth,15705,0.9688538252523636,0.9468901044832276,0.06091407629695529,1.8195380099891914,0.08247444310101582,0.005749097444601501,0.05132123527539,0.9674517811595497,0.9703737338030967,1.7924022197313771,1.8510678219836212
lgb_conformal,dead13,0.9,2,13,0.95,26,erratic,1671,0.9477496746542303,0.9477177520265492,0.06283920748054665,2.538743857430815,0.12098387844999937,0.004517892991005267,0.04847396768402154,0.9420086786891785,0.9537670588980036,2.4160562123895466,2.657326864342096
lgb_conformal,dead13,0.9,2,13,0.95,26,intermittent,10360,0.9422734259171098,0.95501053001053,0.07108640041040715,3.173885888908536,0.3233987132577973,0.025003740529659,0.09797297297297297,0.9380739886198434,0.946580526255538,3.0771884120724686,3.278391544284992
lgb_conformal,dead13,0.9,2,13,0.95,26,lumpy,2181,0.9389094495394188,0.9525238631153349,0.0733419188667096,3.5469223417451246,0.37785448482013945,0.01872318360209041,0.10178817056396149,0.9333860505447147,0.9449765242368146,3.3310144296598225,3.7414375224298944
lgb_conformal,dead26,0.9,2,13,0.95,26,all,29917,0.9660392027517316,0.9549967029995108,0.058406308354547194,2.19506391882843,0.16018636438145434,0.0021631461482460234,0.023498345422335126,0.9646738066691047,0.9674196291519332,2.1642661910439895,2.2280223707436644
lgb_conformal,dead26,0.9,2,13,0.95,26,smooth,15705,0.9709628886435152,0.9500477554918816,0.05729242740104367,1.8625473020620809,0.10819358462770962,0.0019346717110244683,0.018911174785100286,0.9696041869877301,0.9724978807608659,1.8370875272350988,1.8947433061478987
lgb_conformal,dead26,0.9,2,13,0.95,26,erratic,1671,0.9489586882715416,0.9503019422229476,0.0597332112731315,2.5681296620919833,0.12804665273598345,0.0005501114591501188,0.013165769000598444,0.9435336671770133,0.9548807102928847,2.4458162120991704,2.68992602618732
lgb_conformal,dead26,0.9,2,13,0.95,26,intermittent,10360,0.9552791341920682,0.9625614250614251,0.05915547637039245,3.339546013048781,0.37771868496579114,0.003684988461032749,0.030405405405405407,0.952272855557404,0.9589005184795474,3.2193880584570853,3.474668797463931
lgb_conformal,dead26,0.9,2,13,0.95,26,lumpy,2181,0.9449336071740855,0.9582968613229961,0.06442369607211848,3.6794385586758036,0.44332614840270856,0.004514305468003335,0.03163686382393398,0.9397945318267186,0.9505914342354048,3.4583559630886898,3.8876877810889727
lgb_conformal,none,0.95,2,13,0.95,26,all,29917,0.9820220621661458,0.9790556904405218,0.027182004073849866,3.125682972167453,0.25953058500842496,0.0,0.0,0.980995491327971,0.9828984588528443,3.0858843353304883,3.1733470921740357
lgb_conformal,none,0.95,2,13,0.95,26,smooth,15705,0.9849290172064963,0.9764087870105063,0.027057800321334202,2.5571991261587073,0.15079236137542584,0.0,0.0,0.9840151822789008,0.9859583067941535,2.5274419531742063,2.5955297853626056
lgb_conformal,none,0.95,2,13,0.95,26,erratic,1671,0.9721495810531761,0.9767150862303465,0.027986660563656576,3.677103047371165,0.2136398904703453,0.0,0.0,0.9686887950785555,0.976033218854375,3.5161513735866157,3.846222267376963
lgb_conformal,none,0.95,2,13,0.95,26,intermittent,10360,0.9748908445435873,0.9828273078273079,0.027134013185716167,5.067450817702453,0.6882873814932193,0.0,0.0,0.9721937912119815,0.9777125582817132,4.904901327742803,5.249204974651687
lgb_conformal,none,0.95,2,13,0.95,26,lumpy,2181,0.9725278077149887,0.9819932474678005,0.027817128139085642,5.944140553510787,0.9163460560831282,0.0,0.0,0.9686532412975333,0.9770841340160663,5.625836432775256,6.248493654383232
lgb_conformal,quantile,0.95,2,13,0.95,26,all,29917,0.9818813697337395,0.9789888388176987,0.02726876563926513,3.1237428102517,0.2591703261078036,0.0003057737652414037,0.0031420262726877695,0.9808475378565228,0.9827954322208166,3.084478893768296,3.1717415179020834
lgb_conformal,quantile,0.95,2,13,0.95,26,smooth,15705,0.9849290172064963,0.9764087870105063,0.027057800321334202,2.5565542355883655,0.15079236137542584,8.114368664011788e-05,0.0010824578159821714,0.9840151822789008,0.9859583067941535,2.5264398908780437,2.5951558029642
lgb_conformal,quantile,0.95,2,13,0.95,26,erratic,1671,0.9721454757437794,0.9767150862303465,0.027986660563656576,3.676450303177099,0.21343667765521146,5.542167685467615e-05,0.0017953321364452424,0.9686798866516247,0.976024541562847,3.5161272200344333,3.844265041123998
lgb_conformal,quantile,0.95,2,13,0.95,26,intermittent,10360,0.9740509256110665,0.9826693576693577,0.027383585100556683,5.061028441627334,0.6875542376800554,0.0013601926032726233,0.005791505791505791,0.9714839284427678,0.9769988936742721,4.900071258248964,5.24424121984759
lgb_conformal,quantile,0.95,2,13,0.95,26,lumpy,2181,0.9719940215954613,0.9818265182776875,0.02807469414037347,5.929738495638205,0.9090987656831445,0.0012912540415234764,0.006419073819348923,0.9682095720415872,0.9764726426730189,5.619155256510647,6.226956554376531
lgb_conformal,fixed,0.95,2,13,0.95,26,all,29917,0.9799193075808666,0.9763694706870828,0.03066824152053587,3.0574267354112896,0.2305697114411484,0.01592080874257466,0.0818263863355283,0.9787922266610771,0.9810094976955712,3.0182670387162926,3.1004666774215943
lgb_conformal,fixed,0.95,2,13,0.95,26,smooth,15705,0.9838416469747526,0.9752539723886429,0.02838230802937154,2.5182216890349776,0.13601744096124335,0.009763020087321366,0.03623049984081503,0.9827643539739574,0.9849020563145306,2.4861569117659683,2.555858617734858
lgb_conformal,fixed,0.95,2,13,0.95,26,erratic,1671,0.971408572707082,0.9748381480876993,0.030242594651147585,3.6534277280807266,0.20463078899941292,0.005299954431065697,0.045481747456612806,0.9678742111180416,0.9752634579209444,3.496283658914069,3.8207606476081106
lgb_conformal,fixed,0.95,2,13,0.95,26,intermittent,10360,0.9677509668702422,0.9782160407160407,0.03442012658842125,4.870038130732644,0.6024995806072807,0.04363951268833,0.14073359073359074,0.964728585365073,0.9710684052249331,4.722668477772876,5.04462337250336
lgb_conformal,fixed,0.95,2,13,0.95,26,lumpy,2181,0.9666154909815564,0.9768038014255346,0.03583386992916935,5.680709478008012,0.7711094617402444,0.057562478394371355,0.15818431911966988,0.9617837219312657,0.9712838221239982,5.377407835557984,5.988314324549019
lgb_conformal,dead13,0.95,2,13,0.95,26,all,29917,0.9768962453038923,0.9724829604329555,0.03571224343717772,3.0006414114901916,0.1978372520378834,0.011146722961336791,0.07079586856970953,0.9758558481617883,0.9781011452045206,2.9618816339048895,3.0425704055597764
lgb_conformal,dead13,0.95,2,13,0.95,26,smooth,15705,0.9819677209517931,0.9723886428757489,0.031668680538035614,2.474313315947962,0.1064868325315351,0.006823466754176322,0.05106653931868831,0.9807592948888978,0.9831301786111838,2.4414157784032926,2.510104049542055
lgb_conformal,dead13,0.95,2,13,0.95,26,erratic,1671,0.970513615258614,0.9731516239595234,0.03226966586019748,3.6326240727132397,0.20102714841103997,0.005609905290512219,0.0466786355475763,0.9667991787221684,0.9743358147264606,3.471474729108782,3.8031132821950004
lgb_conformal,dead13,0.95,2,13,0.95,26,intermittent,10360,0.9578079589403193,0.9723192348192348,0.043737478075800536,4.733292300856467,0.5420102286483767,0.03275683836831295,0.09806949806949807,0.9540067493341685,0.9615112776704691,4.6121790870695545,4.868480272688838
lgb_conformal,dead13,0.95,2,13,0.95,26,lumpy,2181,0.9632958496858287,0.9734275353257471,0.04104958145524791,5.601388860646237,0.7181080586453016,0.025987758504992173,0.10178817056396149,0.9585369625003615,0.967943328879964,5.298374054416259,5.88691050927593
lgb_conformal,dead26,0.95,2,13,0.95,26,all,29917,0.9810256013771931,0.9778903451063092,0.02869441590733865,3.0842059139931233,0.23993169780592805,0.002957195654727498,0.0235317712337467,0.9799474573017217,0.9819632288524422,3.0451056353338513,3.1303061060201873
lgb_conformal,dead26,0.95,2,13,0.95,26,smooth,15705,0.9842657460220541,0.9758617695580446,0.027685198709351887,2.5281503588030363,0.1403900993942915,0.00255266382170625,0.018911174785100286,0.9831893003429912,0.985347331207614,2.497502469579845,2.5649754761269663
lgb_conformal,dead26,0.95,2,13,0.95,26,erratic,1671,0.9718355248843329,0.9759262281703933,0.028934806774341203,3.6710374527376253,0.21121488420974843,0.0007594822383788954,0.013165769000598444,0.968337531073746,0.9757044173730781,3.5120926097683185,3.839981675450948
lgb_conformal,dead26,0.95,2,13,0.95,26,intermittent,10360,0.9721183186205833,0.9808002808002808,0.0303368527595028,4.966862307702771,0.6281471456358221,0.005312685609615655,0.0305019305019305,0.969417911170177,0.9752203016127302,4.810729063833271,5.140588117092264
lgb_conformal,dead26,0.95,2,13,0.95,26,lumpy,2181,0.9702503202716717,0.980180067525322,0.030618158403090793,5.798208512109318,0.8274660918722166,0.007010391036460134,0.03163686382393398,0.9661361128105747,0.9750200237780269,5.489838972067043,6.098006925875242
lgb_conformal,none,0.99,2,13,0.95,26,all,29917,0.9946719377661626,0.995779231631757,0.005477809743718167,6.615741757713031,1.2686402209136647,0.0,0.0,0.9941028175813205,0.9951708843702928,6.5178134314425735,6.723201808269354
lgb_conformal,none,0.99,2,13,0.95,26,smooth,15705,0.9959311596688082,0.9951926138172557,0.005513802764536389,4.398358342176202,0.26159021003662225,0.0,0.0,0.9954221995490077,0.9964654915140099,4.352804718162926,4.45809171994444
lgb_conformal,none,0.99,2,13,0.95,26,erratic,1671,0.9928382877575569,0.9955932756650889,0.005296540901065847,7.484167874311847,0.6921563958667745,0.0,0.0,0.9901551576251829,0.9947748991496798,7.202038190561261,7.814010121373345
lgb_conformal,none,0.99,2,13,0.95,26,intermittent,10360,0.9900150527981428,0.9965558090558091,0.005442054254161265,15.155528956233535,5.568284615768259,0.0,0.0,0.9878776451100099,0.9919535483202157,14.725598439602765,15.591778870520983
lgb_conformal,none,0.99,2,13,0.95,26,lumpy,2181,0.9915407609248226,0.9964570047100996,0.005473277527366388,16.453296256380014,6.251939931268683,0.0,0.0,0.9886586403499308,0.9936937710686575,15.670685849973822,17.26958463972012
lgb_conformal,quantile,0.99,2,13,0.95,26,all,29917,0.9943951984061936,0.9956045057993783,0.005704572926053512,6.592118701939763,1.2627173017846038,0.0027549502831435203,0.029047030116656082,0.9938555833823789,0.994912201824225,6.493983246427584,6.699459616252228
lgb_conformal,quantile,0.99,2,13,0.95,26,smooth,15705,0.9959311596688082,0.9951926138172557,0.005513802764536389,4.396869960741698,0.26159021003662225,0.00021541183110815825,0.0024832855778414518,0.9954221995490077,0.9964654915140099,4.350649990780085,4.456729783932634
lgb_conformal,quantile,0.99,2,13,0.95,26,erratic,1671,0.9927869713900989,0.9955932756650889,0.005296540901065847,7.480858994938153,0.691429345572629,0.0004372154507424452,0.004189108318372232,0.9900715700718875,0.9947748991496798,7.200532535410369,7.811099490663833
lgb_conformal,quantile,0.99,2,13,0.95,26,intermittent,10360,0.9884973045516579,0.9961346086346087,0.006107579360402643,15.026130433402702,5.535579918116405,0.014863504672261591,0.06853281853281853,0.9859026365682467,0.9906828476329625,14.602666648813598,15.44806193009687
lgb_conformal,quantile,0.99,2,13,0.95,26,lumpy,2181,0.9899953230168574,0.9960610228835813,0.006084996780424984,16.35175996909124,6.218935681314435,0.01178396404823393,0.051811095827602016,0.9869811161453791,0.9925730321956686,15.58886373790767,17.167691165782244
lgb_conformal,fixed,0.99,2,13,0.95,26,all,29917,0.9910788056805233,0.9907349728187379,0.012024364225051614,6.257523395094213,1.0551705796196391,0.06769628751162206,0.25066015977537853,0.9903726404735845,0.9917069223895258,6.164979435356273,6.35911549493451
lgb_conformal,fixed,0.99,2,13,0.95,26,smooth,15705,0.9944840225391159,0.9935544557321062,0.007392678360398879,4.3130622058261165,0.23256901360210272,0.020084183212581666,0.04851957975167144,0.9937077267720371,0.9951582770558065,4.264930467674608,4.370115400029358
lgb_conformal,fixed,0.99,2,13,0.95,26,erratic,1671,0.9908287388079002,0.9924378434252761,0.009089125743804355,7.370062852286862,0.6554832564956258,0.025543235065910743,0.10412926391382406,0.9881799542581268,0.9926660190687118,7.108875595307542,7.70704401649755
lgb_conformal,fixed,0.99,2,13,0.95,26,intermittent,10360,0.9768495218922999,0.9873903123903124,0.01992415786810124,13.646803320683542,4.586258427526672,0.25655839533544617,0.5055019305019305,0.9740060106640662,0.9795957853624178,13.31197776517143,14.031547357555757
lgb_conformal,fixed,0.99,2,13,0.95,26,lumpy,2181,0.978287614128556,0.9850152140385978,0.023148744365743722,14.460764178376069,4.864374606015007,0.40486914614555586,0.6079779917469051,0.973940782313776,0.9820904694906596,13.84055151631006,15.033142479794856
lgb_conformal,dead13,0.99,2,13,0.95,26,all,29917,0.9887270188534496,0.9881034498476087,0.015439614936397858,6.328591987300517,1.1119739546452725,0.022101487026100437,0.07066216532406325,0.9879091414441887,0.9894673650162509,6.225967478017285,6.422020225796939
lgb_conformal,dead13,0.99,2,13,0.95,26,smooth,15705,0.9926674798967637,0.9906804434025065,0.010689009573634662,4.258899019147669,0.18863826996280392,0.009997933301682813,0.05081184336198663,0.9919205942290524,0.9934321035387197,4.210566281528032,4.311426033856396
lgb_conformal,dead13,0.99,2,13,0.95,26,erratic,1671,0.9910422148965257,0.9915129753549862,0.010200745439089779,7.401191360786906,0.6646684757396741,0.009199998357876242,0.04727707959305805,0.988649463342936,0.9929854176190234,7.130146755868099,7.729643810440935
lgb_conformal,dead13,0.99,2,13,0.95,26,intermittent,10360,0.9694240037722675,0.983968058968059,0.025331549356312436,14.144484192294962,5.017329533861995,0.08189039568002829,0.09797297297297297,0.9657128910113802,0.9729334149003442,13.824655712046036,14.507057905415413
lgb_conformal,dead13,0.99,2,13,0.95,26,lumpy,2181,0.980199076804197,0.9865783001959068,0.020734063103670316,15.557592980458343,5.6451247534416495,0.06040425402118877,0.10178817056396149,0.9762880771820514,0.983678916733206,14.816313034580809,16.250362822030798
lgb_conformal,dead26,0.99,2,13,0.95,26,all,29917,0.993378662399881,0.9942370862416322,0.007479241309547519,6.518936073207847,1.2189894633313711,0.006206892203714678,0.023498345422335126,0.9927727227376822,0.9940496590298762,6.423167426348556,6.619082273040807
lgb_conformal,dead26,0.99,2,13,0.95,26,smooth,15705,0.9951878655668783,0.9945934994645597,0.006200953379984332,4.345992196756852,0.24379037851064125,0.004324151544128492,0.018911174785100286,0.9944946334945399,0.995850101936848,4.301368106455759,4.404273895824924
lgb_conformal,dead26,0.99,2,13,0.95,26,erratic,1671,0.9924708625665574,0.9945868015885969,0.006506244687111751,7.470928251507675,0.6874147635136522,0.0015087012032661841,0.013165769000598444,0.9899294205477623,0.994353808530948,7.1950779377600655,7.802331170881441
lgb_conformal,dead26,0.99,2,13,0.95,26,intermittent,10360,0.9858471959629483,0.9936644436644436,0.010010606806380723,14.850931958632009,5.374742130152296,0.015510729652652148,0.030405405405405407,0.9830332865073266,0.988160667947757,14.442623319726541,15.274548702470328
lgb_conformal,dead26,0.99,2,13,0.95,26,lumpy,2181,0.9883736299489598,0.9941227960485182,0.009079201545396008,16.07360148036684,6.01405433434329,0.018814689794009395,0.03163686382393398,0.9851532100041517,0.991063447844309,15.310037279078239,16.869811058760558
hgb_quantile,none,0.5,2,13,0.95,26,all,29917,0.814191254107124,0.747978498087132,0.32707927049298313,0.6714406971442753,0.05305551444652459,0.0,0.0,0.8118822659275892,0.816716453726712,0.655463465998424,0.6883016224274642
hgb_quantile,none,0.5,2,13,0.95,26,smooth,15705,0.8293041682301396,0.7145089867152905,0.3274422063178022,0.5785293805150248,0.03927502374909834,0.0,0.0,0.827069764917005,0.8319082507704229,0.5646276963941225,0.5947289752025116
hgb_quantile,none,0.5,2,13,0.95,26,erratic,1671,0.7808236892773424,0.7335291877482183,0.32027725102988297,0.8071736176396934,0.03928781092587043,0.0,0.0,0.7734156133007632,0.7877589621755312,0.7535919112731401,0.8624184684908555
hgb_quantile,none,0.5,2,13,0.95,26,intermittent,10360,0.7717166084050835,0.79244032994033,0.3279582937600089,0.9851024905126566,0.11305875578648603,0.0,0.0,0.7670772724181163,0.7772646841858133,0.9248787465118492,1.0516422645711345
hgb_quantile,none,0.5,2,13,0.95,26,lumpy,2181,0.7445757162901356,0.7888583218707015,0.32617514488087573,1.0356924985257334,0.13057425219106494,0.0,0.0,0.7365662237948508,0.7512301984298128,0.9499326412656749,1.1308464386921995
hgb_quantile,quantile,0.5,2,13,0.95,26,all,29917,0.814191254107124,0.747978498087132,0.32707927049298313,0.6714405312333881,0.05305551444652459,1.6591088727151583e-07,3.342581141157201e-05,0.8118822659275892,0.816716453726712,0.6554633074143665,0.6883014477800994
hgb_quantile,quantile,0.5,2,13,0.95,26,smooth,15705,0.8293041682301396,0.7145089867152905,0.3274422063178022,0.5785293805150248,0.03927502374909834,0.0,0.0,0.827069764917005,0.8319082507704229,0.5646276963941225,0.5947289752025116
hgb_quantile,quantile,0.5,2,13,0.95,26,erratic,1671,0.7808236892773424,0.7335291877482183,0.32027725102988297,0.8071736176396934,0.03928781092587043,0.0,0.0,0.7734156133007632,0.7877589621755312,0.7535919112731401,0.8624184684908555
hgb_quantile,quantile,0.5,2,13,0.95,26,intermittent,10360,0.7717166084050835,0.79244032994033,0.3279582937600089,0.9851013570188205,0.11305875578648603,1.1334938360605196e-06,9.652509652509652e-05,0.7670772724181163,0.7772646841858133,0.9248766054175623,1.0516411201382647
hgb_quantile,quantile,0.5,2,13,0.95,26,lumpy,2181,0.7445757162901356,0.7888583218707015,0.32617514488087573,1.0356924985257334,0.13057425219106494,0.0,0.0,0.7365662237948508,0.7512301984298128,0.9499326412656749,1.1308464386921995
hgb_quantile,fixed,0.5,2,13,0.95,26,all,29917,0.8138556163821737,0.7474239334887127,0.32779899711517796,0.6661257418705323,0.05147176229880816,0.001399790155909779,0.051007788214058894,0.8115863784171473,0.8163638318947994,0.6500362291130471,0.682288699271022
hgb_quantile,fixed,0.5,2,13,0.95,26,smooth,15705,0.8291983676221448,0.7142919162976469,0.3276911739320949,0.5767977921744312,0.03893130626541338,0.0005278822708217614,0.025724291626870423,0.8269547146223825,0.8318133462214085,0.5631529796742378,0.5933874802317781
hgb_quantile,fixed,0.5,2,13,0.95,26,erratic,1671,0.7806882140672532,0.733121157717208,0.32076767148368535,0.805753180588455,0.03895363874098371,0.0005111110198820134,0.022740873728306403,0.7732870476116177,0.7875737211756907,0.7528173460723264,0.8613286588297764
hgb_quantile,fixed,0.5,2,13,0.95,26,intermittent,10360,0.7702714037641063,0.7915057915057915,0.32943492758948195,0.9632181250198361,0.10677715964580585,0.00552011498161473,0.08542471042471042,0.7657280882251368,0.7762191804229545,0.904509310446784,1.0291560214555413
hgb_quantile,fixed,0.5,2,13,0.95,26,lumpy,2181,0.7435081440510808,0.787566170647326,0.3281712813908564,1.0137767655611363,0.11884214165158509,0.004895581267665779,0.09124254928931683,0.7352607474928975,0.7502853095027051,0.92983164987013,1.1044176674792132
hgb_quantile,dead13,0.5,2,13,0.95,26,all,29917,0.8121930233808259,0.745302913819142,0.3305517049633531,0.6479332812594362,0.04997926113909106,0.004146278983802452,0.07052846207841695,0.8100788499648315,0.8147904884209578,0.6332827369124717,0.6624077582636466
hgb_quantile,dead13,0.5,2,13,0.95,26,smooth,15705,0.8281168253899941,0.7127753176463778,0.3294306276639535,0.56283166361145,0.037824210496585915,0.0028996539513164777,0.050620821394460364,0.8258404282278431,0.8305756087384211,0.5492135543210017,0.577926883499991
hgb_quantile,dead13,0.5,2,13,0.95,26,erratic,1671,0.7800826809312483,0.7317882596159078,0.32236971163277317,0.7954324327652954,0.03807756571574017,0.002229183002376974,0.047875523638539794,0.7725815063948003,0.7869120092426501,0.7421202600218854,0.8481346032361261
hgb_quantile,dead13,0.5,2,13,0.95,26,intermittent,10360,0.7651922178847191,0.7883862758862759,0.33436397290758213,0.9207041717107143,0.10249799371591017,0.010726252170640696,0.09777992277992278,0.760247047938498,0.7710406882064411,0.8726240805700706,0.9807424417950096
hgb_quantile,dead13,0.5,2,13,0.95,26,lumpy,2181,0.7413729995729711,0.7852319619857446,0.331777205408886,0.9893191939321225,0.11958029159973158,0.007656018057221872,0.10178817056396149,0.7333536950831318,0.7479517339654849,0.9080963256326285,1.0767379013853076
hgb_quantile,dead26,0.5,2,13,0.95,26,all,29917,0.8140779369711175,0.7476928593350695,0.3274499789997575,0.6691383517616085,0.05188567678037314,0.0001929543618967729,0.023498345422335126,0.8117648433768558,0.8166040859333552,0.6531181650781294,0.6859894570662199
hgb_quantile,dead26,0.5,2,13,0.95,26,smooth,15705,0.829267855309599,0.7144163700037626,0.3275484324999004,0.5777773444137055,0.03907875465511468,0.00012575029890913298,0.018911174785100286,0.8270362980131415,0.8318717860896234,0.5639583292014936,0.5940063298572276
hgb_quantile,dead26,0.5,2,13,0.95,26,erratic,1671,0.7807621096363927,0.7333387737337468,0.32050611390832406,0.8067364021889509,0.03912524067376338,9.031680672613891e-05,0.013165769000598444,0.7733600174636769,0.7877025337229429,0.7531672308659808,0.8620828149749877
hgb_quantile,dead26,0.5,2,13,0.95,26,intermittent,10360,0.7712326065370857,0.7918918918918919,0.3288248629087607,0.9754598584492897,0.10744796129798646,0.0005395430659648073,0.030405405405405407,0.7665717796976939,0.7768324440144214,0.915796675971973,1.0414115480743278
hgb_quantile,dead26,0.5,2,13,0.95,26,lumpy,2181,0.7442503609410903,0.7883581343003626,0.3269478428847392,1.026531711979177,0.124747341236757,0.0004168615409642719,0.03163686382393398,0.7362368991020235,0.7508358429244598,0.940737420221149,1.1206672542564675
hgb_quantile,none,0.8,2,13,0.95,26,all,29917,0.9186233643675178,0.8892268609820504,0.14376391389309004,1.2306610951578576,0.10092030769169509,0.0,0.0,0.9172549163404206,0.9203033393597116,1.204959867009727,1.2541642396297676
hgb_quantile,none,0.8,2,13,0.95,26,smooth,15705,0.9266295198938767,0.8738299904489016,0.144709936131508,1.059162713713866,0.07309544335610288,0.0,0.0,0.9249784347732875,0.9282678848393446,1.038331339485405,1.084794150103494
hgb_quantile,none,0.8,2,13,0.95,26,erratic,1671,0.8944586533764117,0.8757684565584027,0.14931668083436866,1.4547020161174447,0.07771761218784254,0.0,0.0,0.8873491641481119,0.9012220742666963,1.373014601179703,1.5467303103939034
hgb_quantile,none,0.8,2,13,0.95,26,intermittent,10360,0.9002525424266743,0.9114513864513865,0.13991278848086963,1.8024433593130118,0.21490589734173027,0.0,0.0,0.8971370028063506,0.9041789799992166,1.7169401290576622,1.8989611645661737
hgb_quantile,none,0.8,2,13,0.95,26,lumpy,2181,0.8792880818268702,0.9048393147430286,0.14700579523502896,2.0008540577912437,0.2782154259104866,0.0,0.0,0.87422467935475,0.8846671476719097,1.833717481039394,2.1555359332695097
hgb_quantile,quantile,0.8,2,13,0.95,26,all,29917,0.9186192165953361,0.889223822271922,0.1437678576006089,1.230513600379073,0.10091154759684716,2.6048009301627985e-05,0.0007353678510545843,0.9172518212081155,0.9202993631353625,1.2047561036498768,1.2540440274730646
hgb_quantile,quantile,0.8,2,13,0.95,26,smooth,15705,0.9266295198938767,0.8738299904489016,0.144709936131508,1.0591272974086472,0.07309544335610288,1.0086922372390344e-05,0.0006367398917542184,0.9249784347732875,0.9282678848393446,1.0382667194392499,1.084743793836481
hgb_quantile,quantile,0.8,2,13,0.95,26,erratic,1671,0.8944586533764117,0.8757684565584027,0.14931668083436866,1.4545952780731317,0.07769954882649731,8.210618793285356e-06,0.0005984440454817474,0.8873491641481119,0.9012220742666963,1.3728125487736054,1.546619454617924
hgb_quantile,quantile,0.8,2,13,0.95,26,intermittent,10360,0.9002389405006416,0.911446998946999,0.13991972103405964,1.8021758547677018,0.21489841628241224,6.120866714726805e-05,0.0006756756756756757,0.8971140162387395,0.9041626833545982,1.7168085836567508,1.8983826815078053
hgb_quantile,quantile,0.8,2,13,0.95,26,lumpy,2181,0.8792219940215955,0.9048184735942645,0.14703799098518996,1.9986019887345712,0.27802529637838824,0.00027451857575695954,0.0018340210912425492,0.8741546393841323,0.8846641178914989,1.829668745817477,2.153290701762052
hgb_quantile,fixed,0.8,2,13,0.95,26,all,29917,0.9174060761876067,0.8874796026582636,0.14603154571644347,1.2068787649328094,0.0950174637799942,0.005110884882399045,0.06909115218771936,0.9160312288073575,0.9191793750966495,1.1810437533101128,1.2299266576427894
hgb_quantile,fixed,0.8,2,13,0.95,26,smooth,15705,0.9261097071609528,0.8730427484009146,0.14561285867934298,1.0462808172290015,0.07054147944217974,0.002687604427665783,0.032091690544412604,0.9243996129096981,0.9278656067704796,1.0251184031431304,1.070400492052924
hgb_quantile,fixed,0.8,2,13,0.95,26,erratic,1671,0.8938633835138985,0.8746259724715739,0.15068985810501537,1.4456169664226743,0.07586160180962039,0.0022599728228517944,0.033512866546977854,0.8869472698829137,0.9003190579435157,1.365239450647045,1.5351349139805315
hgb_quantile,fixed,0.8,2,13,0.95,26,intermittent,10360,0.8956686933536455,0.9084547209547209,0.14464772230964942,1.7290904392061914,0.1957219675639404,0.016499136277696922,0.12007722007722008,0.8922852389922812,0.8998270102999857,1.6440956874176607,1.8123965984777661
hgb_quantile,fixed,0.8,2,13,0.95,26,lumpy,2181,0.8758108465339488,0.9016506189821183,0.15193174500965873,1.9157787176932304,0.24590458954389247,0.0160542530044533,0.12058688674919761,0.8703042859725018,0.8813188380340966,1.7656269873195276,2.0626432250789777
hgb_quantile,dead13,0.8,2,13,0.95,26,all,29917,0.9151048921811508,0.8845502860945585,0.14983327976463953,1.1785197828823766,0.08421590182853707,0.006695831588503835,0.07223317846040712,0.9137150133084155,0.916970385782187,1.1550575693045122,1.1999309300072538
hgb_quantile,dead13,0.8,2,13,0.95,26,smooth,15705,0.9245211289642166,0.8707215420682469,0.14827515236817995,1.0209673493047422,0.0592678418603692,0.004649622906010954,0.05272206303724929,0.9229061683717993,0.926210005354713,1.001274368516624,1.0451961415468487
hgb_quantile,dead13,0.8,2,13,0.95,26,erratic,1671,0.8932250079027206,0.8731570643599369,0.152455371738704,1.431275068045503,0.07261471260781568,0.0034792497136546694,0.050867743865948535,0.8863641813833183,0.8997373154431728,1.346433516166191,1.5206776071529402
hgb_quantile,dead13,0.8,2,13,0.95,26,intermittent,10360,0.8888813322633151,0.9043567918567919,0.15112272698912282,1.6788392569721204,0.18278721600311937,0.017371926531463522,0.09893822393822393,0.8849114725552599,0.8935858120997042,1.6097258571670514,1.7625664008468067
hgb_quantile,dead13,0.8,2,13,0.95,26,lumpy,2181,0.8733503467067938,0.8987745404526697,0.1563747585318738,1.8818197531366287,0.2366665311019379,0.013187058990991724,0.10224667583677212,0.8680409934116027,0.8790629573302762,1.7352540862311525,2.029391877799749
hgb_quantile,dead26,0.8,2,13,0.95,26,all,29917,0.9181923278823865,0.8885294770075998,0.14466899476867198,1.2187243045513338,0.09706769097836324,0.0010495522728796091,0.0235317712337467,0.916777972607088,0.9198841017422171,1.1932350367046503,1.2417358367562252
hgb_quantile,dead26,0.8,2,13,0.95,26,smooth,15705,0.9263672599121945,0.8734682064194959,0.14512488215532923,1.0503835047885983,0.07128611846709265,0.0009584817792075804,0.018911174785100286,0.9246935252464538,0.9280638326914163,1.029363033418884,1.0745226242827075
hgb_quantile,dead26,0.8,2,13,0.95,26,erratic,1671,0.8942698091441661,0.875251618519123,0.1499378800758517,1.4522121459683808,0.0770447519777328,0.00037563580979280505,0.013165769000598444,0.8872128889139449,0.9010434460777224,1.3707102215743,1.5443323465171312
hgb_quantile,dead26,0.8,2,13,0.95,26,intermittent,10360,0.8990227016145487,0.9103150228150229,0.14170831975708334,1.7757019727326724,0.2019686520944699,0.0016651024451729032,0.0305019305019305,0.89590182354095,0.9030064838314393,1.6903687105319465,1.8719560491819833
hgb_quantile,dead26,0.8,2,13,0.95,26,lumpy,2181,0.8780120788173333,0.9036722104122379,0.1488087572440438,1.9603066474164752,0.26089127030929093,0.0020233035768753684,0.03163686382393398,0.8728537231368135,0.8836762882219458,1.7951991992043512,2.107618880375051
hgb_quantile,none,0.9,2,13,0.95,26,all,29917,0.9519447410562418,0.9372992552121475,0.08137446094447852,1.6600177325556316,0.1482248198705497,0.0,0.0,0.9506846145570854,0.9532621975207559,1.6278516432818677,1.6906726105790584
hgb_quantile,none,0.9,2,13,0.95,26,smooth,15705,0.9575461611190835,0.9285751497785881,0.0819203038068808,1.4297894164424008,0.10478451868120439,0.0,0.0,0.9562712795447784,0.9588396002576584,1.406353824419744,1.4609036797158226
hgb_quantile,none,0.9,2,13,0.95,26,erratic,1671,0.9325087135191944,0.9254665143354551,0.08958346956123717,1.9763411019471482,0.11727637353389138,0.0,0.0,0.926421287445809,0.9381759619207141,1.8632373810157778,2.1033246702397057
hgb_quantile,none,0.9,2,13,0.95,26,intermittent,10360,0.9404258309643312,0.9510047385047385,0.07741582147289025,2.4031905584497433,0.318822798641621,0.0,0.0,0.9378677158623541,0.9436609396264588,2.3084468802893117,2.5179593994786003
hgb_quantile,none,0.9,2,13,0.95,26,lumpy,2181,0.9247056550826606,0.9440831978658664,0.08638119768190598,2.7649409276694388,0.4449478414706062,0.0,0.0,0.9201325388496652,0.9296554568706801,2.5421465083317614,2.9693373220891495
hgb_quantile,quantile,0.9,2,13,0.95,26,all,29917,0.9519186930469402,0.9372886197266984,0.08138826392079458,1.659044665201784,0.14816933926984607,0.00015296983806433758,0.002440084233044757,0.9506653803176173,0.9532193600185676,1.6268789953320286,1.6898493774894274
hgb_quantile,quantile,0.9,2,13,0.95,26,smooth,15705,0.9575461611190835,0.9285751497785881,0.0819203038068808,1.4292911224772047,0.10478451868120439,8.47301479280789e-05,0.0019102196752626551,0.9562712795447784,0.9588396002576584,1.4057580683531854,1.4605560576398304
hgb_quantile,quantile,0.9,2,13,0.95,26,erratic,1671,0.9325087135191944,0.9254665143354551,0.08958346956123717,1.9758956758776123,0.11710928744144801,3.078982047482008e-05,0.0005984440454817474,0.926421287445809,0.9381759619207141,1.8632271113543455,2.1028620605591763
hgb_quantile,quantile,0.9,2,13,0.95,26,intermittent,10360,0.9403136150745612,0.950991575991576,0.07743661913246029,2.401239815557883,0.3187205574976083,0.0003604510398672452,0.002992277992277992,0.9377505330444322,0.9435608390500919,2.306436018739232,2.514831420737918
hgb_quantile,quantile,0.9,2,13,0.95,26,lumpy,2181,0.9244108017975883,0.9439998332708099,0.0865099806825499,2.7562783415011083,0.4441202188014722,0.0010726559163836754,0.0050435580009170105,0.9198079032473917,0.929397016211735,2.528131840103724,2.9569394599363665
hgb_quantile,fixed,0.9,2,13,0.95,26,all,29917,0.9499647605275435,0.9345355483504362,0.08496126293289584,1.6106728482851118,0.13039656683919185,0.009939721256436513,0.07968713440518768,0.9487462105897159,0.9513838045662267,1.5795618556100222,1.6408575812961923
hgb_quantile,fixed,0.9,2,13,0.95,26,smooth,15705,0.9566867553329559,0.9274695377847241,0.08318837885567845,1.4026636647985686,0.0967621427492288,0.005547583150984192,0.03502069404648201,0.9552597160754858,0.9580767255211401,1.3789224049579163,1.4322371072487878
hgb_quantile,fixed,0.9,2,13,0.95,26,erratic,1671,0.931644545891201,0.923916000217616,0.09144706728568626,1.9577440503803567,0.11239023429000726,0.004372154507424452,0.04009575104727708,0.9258756149012833,0.9371179941330103,1.8491526824827562,2.0839288549751265
hgb_quantile,fixed,0.9,2,13,0.95,26,intermittent,10360,0.9330671889806263,0.9460380835380835,0.0852634716839865,2.256243284049021,0.26211886269762463,0.03006139002616104,0.14073359073359074,0.9301519440095435,0.9363781734387362,2.164266228433718,2.357579407395653
hgb_quantile,fixed,0.9,2,13,0.95,26,lumpy,2181,0.9186713300933363,0.9389145929723647,0.09436574372182872,2.573271041340464,0.34703113243996175,0.033094739410700125,0.14167812929848694,0.913845258310428,0.9241553623320644,2.3798652774380673,2.777612479465813
hgb_quantile,dead13,0.9,2,13,0.95,26,all,29917,0.9473831871215987,0.9312947639985779,0.08916722700177664,1.5772442931632105,0.11187152126347112,0.00829089885873219,0.07236688170605342,0.9460971622700995,0.9488924010033212,1.5478784949779916,1.6057456917197395
hgb_quantile,dead13,0.9,2,13,0.95,26,smooth,15705,0.9549179574564995,0.9247778646059448,0.08627557727290834,1.37030459367411,0.07672790101008199,0.005736320676263141,0.05297675899395097,0.9535171582603353,0.9563569549453024,1.3471681450618394,1.4002300469786182
hgb_quantile,dead13,0.9,2,13,0.95,26,erratic,1671,0.9309938543518332,0.9222022740873729,0.09350683319165631,1.9445311120872624,0.10855177000414636,0.004175099656385604,0.04967085577498504,0.9247477890041047,0.9370719581231646,1.8403503894884674,2.068022814158613
hgb_quantile,dead13,0.9,2,13,0.95,26,intermittent,10360,0.9252358800672842,0.9415145665145666,0.09241093402289129,2.2039438784531886,0.24117189660722624,0.02163839733039532,0.09903474903474903,0.9216331122090298,0.9292271712213076,2.1277684071829257,2.303920088474966
hgb_quantile,dead13,0.9,2,13,0.95,26,lumpy,2181,0.9164192610366635,0.9366429077570756,0.0978750804893754,2.550155560526262,0.3372226854017122,0.01655753706000773,0.10270518110958277,0.9116956315075028,0.9213514301083947,2.3562752625201955,2.7354855170093577
hgb_quantile,dead26,0.9,2,13,0.95,26,all,29917,0.9511498619953239,0.9361840485950523,0.08282180160390584,1.6319849313095744,0.13562670846736166,0.0019695281428001644,0.024100010027743424,0.9499835576432866,0.9525149184808471,1.600834718679417,1.6623666005397868
hgb_quantile,dead26,0.9,2,13,0.95,26,smooth,15705,0.9570996466887324,0.9280773349541258,0.0824912695356588,1.4107430654650228,0.09879288679200451,0.0017927823363195106,0.018911174785100286,0.9557700655978696,0.9584042484819316,1.38707993037303,1.4413123168779218
hgb_quantile,dead26,0.9,2,13,0.95,26,erratic,1671,0.9322500790272059,0.9247592622817039,0.09043353168116132,1.9711088851211271,0.11518553945818126,0.0005624273873400469,0.013165769000598444,0.9262188534341572,0.9379228987477891,1.858840374382098,2.0987163517186356
hgb_quantile,dead26,0.9,2,13,0.95,26,intermittent,10360,0.9379355450065062,0.948999648999649,0.0805839982807268,2.333872876399298,0.27763707340959476,0.0031907851485103622,0.03214285714285714,0.9352469078839318,0.9413380573871059,2.2359510402784877,2.4474308483645197
hgb_quantile,dead26,0.9,2,13,0.95,26,lumpy,2181,0.9222858246741363,0.9424367471135009,0.08892466194462331,2.6617931146674256,0.3847103320658031,0.003985603025804746,0.03163686382393398,0.9173304948059433,0.9272668749787872,2.4431511953346448,2.8649211921167375
hgb_quantile,none,0.95,2,13,0.95,26,all,29917,0.971389828866238,0.9654088432542155,0.04489319454112005,2.126521817613498,0.20546291460301175,0.0,0.0,0.9702778786532872,0.9723640539419885,2.0859070251428884,2.1642191779197346
hgb_quantile,none,0.95,2,13,0.95,26,smooth,15705,0.9752247254227653,0.9607623513067639,0.04500338595955438,1.8220696033508308,0.14025497946526758,0.0,0.0,0.9742147749965341,0.9762209947965859,1.7939695236808948,1.86129719808703
hgb_quantile,none,0.95,2,13,0.95,26,erratic,1671,0.956760828779861,0.9569936347315162,0.05169031583077225,2.593180260030297,0.17968528698165334,0.0,0.0,0.9514446206935995,0.9615819847431446,2.4599973646169793,2.75734304036381
hgb_quantile,none,0.95,2,13,0.95,26,intermittent,10360,0.9641487234592419,0.9733195858195858,0.04215685594847726,3.065716572133281,0.44252710183762023,0.0,0.0,0.9618887761766945,0.9667804660061492,2.96343782629414,3.1937790875397893
hgb_quantile,none,0.95,2,13,0.95,26,lumpy,2181,0.9531234113508348,0.9677379017131424,0.049839021249195106,3.663323301543404,0.68495841551945,0.0,0.0,0.9491499246542623,0.9570785282388122,3.376515368882434,3.9478374180247036
hgb_quantile,quantile,0.95,2,13,0.95,26,all,29917,0.9713466920355474,0.9653814948630606,0.044928687908789934,2.1241604079549625,0.20514828119639003,0.0003281717350230583,0.005682387939967243,0.9702364902806043,0.9723476326075606,2.0839002284438193,2.162179637851374
hgb_quantile,quantile,0.95,2,13,0.95,26,smooth,15705,0.9752247254227653,0.9607623513067639,0.04500338595955438,1.8211308471087069,0.14025497946526758,0.00016071829646675283,0.0033110474371219356,0.9742147749965341,0.9762209947965859,1.7932853825968393,1.8606073449590024
hgb_quantile,quantile,0.95,2,13,0.95,26,erratic,1671,0.9567526181610677,0.9569936347315162,0.05169031583077225,2.592164195954628,0.17943691576315648,0.0001108433537093523,0.0017953321364452424,0.9514288583893371,0.9615739505110077,2.459592417371692,2.756739386288851
hgb_quantile,quantile,0.95,2,13,0.95,26,intermittent,10360,0.9639696314331443,0.9732713232713233,0.04223311403356742,3.060393685079141,0.44139746188060225,0.0007605743639966085,0.008011583011583012,0.9617625348580358,0.9665894431219823,2.958248089164617,3.186806100769842
hgb_quantile,quantile,0.95,2,13,0.95,26,lumpy,2181,0.9526252109726091,0.9675920136717936,0.05006439150032196,3.638647131789251,0.6809992476157554,0.002724851048254265,0.014672168729940394,0.9487634040805508,0.9567739613267779,3.352190667425358,3.9099289895215006
hgb_quantile,fixed,0.95,2,13,0.95,26,all,29917,0.9687364160461046,0.9616879427020818,0.04972226439798319,2.0442051308937352,0.1717657497546178,0.017465936835734285,0.09299060734699335,0.9677061366060885,0.9699002704586283,2.0086996593411706,2.0811847404952903
hgb_quantile,fixed,0.95,2,13,0.95,26,smooth,15705,0.9740642810422795,0.9593933605394923,0.046573541713693885,1.7780274104270086,0.12472358470392193,0.009614854405362477,0.03909582935370901,0.9728110790604585,0.9752085492212044,1.7491418155208722,1.813788882302888
hgb_quantile,fixed,0.95,2,13,0.95,26,erratic,1671,0.9552808647423713,0.9547902725640607,0.054338586281305175,2.5527881208767296,0.16561844433405723,0.008442568774195667,0.0466786355475763,0.949822917979527,0.9599194964355887,2.4210454742619234,2.7245399603696554
hgb_quantile,fixed,0.95,2,13,0.95,26,intermittent,10360,0.9545276277787601,0.9664619164619165,0.05299243658446969,2.827597854522867,0.34274473265414385,0.05227900270678328,0.16525096525096525,0.951651046351348,0.957523384359979,2.726482169991943,2.9454607784275457
hgb_quantile,fixed,0.95,2,13,0.95,26,lumpy,2181,0.9449539418834008,0.9608186403234547,0.06052801030264005,3.307898001098074,0.48704475669520303,0.061736177481342906,0.1733149931224209,0.9398342760531027,0.9504915679165148,3.0692288676651467,3.5638347390475276
hgb_quantile,dead13,0.95,2,13,0.95,26,all,29917,0.9661173467796365,0.9584395615749027,0.053938087735661173,2.009431204386949,0.1452639078119473,0.009771487616743195,0.07263428819734599,0.9650450149321357,0.9672516434513417,1.9749297590712118,2.0453353580882894
hgb_quantile,dead13,0.95,2,13,0.95,26,smooth,15705,0.9722428070156562,0.9564990883042459,0.049893109904263655,1.7405403721222572,0.0959889016955444,0.006714527992554506,0.05323145495065266,0.9710609654348675,0.9733957818408306,1.7125984885127137,1.7758522591197152
hgb_quantile,dead13,0.95,2,13,0.95,26,erratic,1671,0.9551104944024107,0.9532941624503564,0.05613679461191395,2.5493766087681196,0.16531136719118839,0.005137794709898311,0.05026929982046679,0.9496373563798477,0.9599633041672153,2.4122998066257986,2.706779684153354
hgb_quantile,dead13,0.95,2,13,0.95,26,intermittent,10360,0.9463438022824032,0.9621138996138996,0.059862596795773916,2.7805363239434704,0.3087283559352004,0.0252678445934611,0.09932432432432432,0.9426525429606988,0.949984300314476,2.690723727297921,2.887985313134778
hgb_quantile,dead13,0.95,2,13,0.95,26,lumpy,2181,0.9431390690770075,0.9589012546371556,0.0634900193174501,3.312092034894361,0.4800099640075645,0.021076926205339894,0.10270518110958277,0.9385097276804316,0.9478965898360933,3.0712459339600557,3.545527798517113
hgb_quantile,dead26,0.95,2,13,0.95,26,all,29917,0.9703240173264058,0.9640064785299935,0.04671321556108113,2.081577221895193,0.18420544944263895,0.00289066538893162,0.023598622856569842,0.969257998754141,0.9713722035858274,2.0446734244969687,2.1178954594177744
hgb_quantile,dead26,0.95,2,13,0.95,26,smooth,15705,0.9746210791572354,0.9601979682208909,0.045650701756715484,1.7934767648863923,0.1305771378335353,0.0025997361261107382,0.018911174785100286,0.9734830174544568,0.9756605313183979,1.7655865695753503,1.8301313599589055
hgb_quantile,dead26,0.95,2,13,0.95,26,erratic,1671,0.9564508779204145,0.9561775746694957,0.05267115673837704,2.5849142195601567,0.1762577641663964,0.0008313251528201423,0.013165769000598444,0.9510447351691069,0.9612889785138116,2.4501245861530414,2.749641893199568
hgb_quantile,dead26,0.95,2,13,0.95,26,intermittent,10360,0.9607947151983387,0.9707441207441208,0.04622626467101569,2.9500843319414027,0.3734420127223348,0.004672261592241461,0.030694980694980695,0.9584198991480304,0.9636679079934294,2.844212569493301,3.077414273658706
hgb_quantile,dead26,0.95,2,13,0.95,26,lumpy,2181,0.9499664477296297,0.9654245342003251,0.05341274951706375,3.4737224718872644,0.5714287166764951,0.006598613172824694,0.03163686382393398,0.9453514743933633,0.9544017389033465,3.1860493874988243,3.729047567706632
hgb_quantile,none,0.99,2,13,0.95,26,all,29917,0.9902183918191333,0.9910996180341368,0.011551119322786544,3.432288116864974,0.41985455587978227,0.0,0.0,0.9895501083113055,0.9907821553374796,3.3722151339296462,3.492243710708673
hgb_quantile,none,0.99,2,13,0.95,26,smooth,15705,0.9921723240851946,0.9904373245347458,0.010967853301642523,2.9273024296930306,0.26881320857827745,0.0,0.0,0.9915474360671027,0.9928839228444213,2.876138188649539,2.9836949574933085
hgb_quantile,none,0.99,2,13,0.95,26,erratic,1671,0.9831271783797986,0.9863989989663239,0.016347348460079774,4.41500367425191,0.5724098576689232,0.0,0.0,0.9798111673102212,0.9860838036049208,4.1882090935456695,4.703092687503428
hgb_quantile,none,0.99,2,13,0.95,26,intermittent,10360,0.985859664395145,0.993023868023868,0.011022759572122818,4.833578168001923,0.851651273820373,0.0,0.0,0.9836318844873484,0.9879280011542236,4.68410917819538,4.99763786204399
hgb_quantile,none,0.99,2,13,0.95,26,lumpy,2181,0.9830154340443703,0.9903297069734484,0.014938828074694141,6.166505683551253,1.5309677288163164,0.0,0.0,0.9800354455949902,0.9853289904098186,5.7122561778585235,6.70207967725168
hgb_quantile,quantile,0.99,2,13,0.95,26,all,29917,0.9900246079028001,0.9909492018827848,0.011746332844970885,3.4044320107138613,0.4094172678724185,0.0028244669449102853,0.027877126717251063,0.9893600685654107,0.9905885310297154,3.342842592994528,3.463944135288643
hgb_quantile,quantile,0.99,2,13,0.95,26,smooth,15705,0.9921712033160421,0.9904344302625105,0.010971172869833092,2.920144301269921,0.268294920091401,0.0010026400838156002,0.008532314549506526,0.9915474078892812,0.9928838946169103,2.870365425850579,2.9767140522273463
hgb_quantile,quantile,0.99,2,13,0.95,26,erratic,1671,0.9827618058434974,0.9860997769435831,0.01670699012620153,4.307842783071346,0.5169734017004192,0.007453189209604782,0.023937761819269897,0.9791930017274182,0.985903926590796,4.102659878692918,4.559338621663082
hgb_quantile,quantile,0.99,2,13,0.95,26,intermittent,10360,0.9851965705010496,0.9927913302913303,0.011390184891193578,4.784254183725749,0.8336119461182371,0.005924772281088336,0.047972972972972976,0.9831457862913355,0.987385559782346,4.638031562950599,4.9380400435220295
hgb_quantile,quantile,0.99,2,13,0.95,26,lumpy,2181,0.9809819631128373,0.9896211079154683,0.01603348358016742,5.961923256807044,1.4411147487646663,0.018774020375378734,0.07473635946813388,0.9778653532310781,0.9837145532419979,5.519867061124111,6.438572518033009
hgb_quantile,fixed,0.99,2,13,0.95,26,all,29917,0.9862267417822679,0.9858867108089958,0.018316549571417585,3.209877604220242,0.3025846261662706,0.043209001926557224,0.12751947053514723,0.9855195355543926,0.9870523177798868,3.1560054146908016,3.26375395390172
hgb_quantile,fixed,0.99,2,13,0.95,26,smooth,15705,0.9905290523538169,0.9886660299267749,0.012999429034271223,2.8093080774729438,0.20796091295165314,0.02498866902386835,0.04902897166507482,0.9896103890064696,0.9913343957787096,2.7684546899883937,2.8597566471745113
hgb_quantile,fixed,0.99,2,13,0.95,26,erratic,1671,0.9798552467906744,0.9827267286872314,0.020761132544301314,4.134264143817199,0.4025645867800826,0.03226978451230977,0.0945541591861161,0.9760305528907666,0.98296498119342,3.9394547879352326,4.380387656237789
hgb_quantile,fixed,0.99,2,13,0.95,26,intermittent,10360,0.9717578675807161,0.9833976833976834,0.0262327812710143,4.285705055835907,0.5856048549807986,0.11577279342754934,0.22277992277992278,0.9689147640643158,0.9746936611285392,4.145588079550562,4.421134408290254
hgb_quantile,fixed,0.99,2,13,0.95,26,lumpy,2181,0.9693250909978242,0.9801175440790296,0.030714745653573728,5.180145189824511,0.9316458913719827,0.15808203021737804,0.265474552957359,0.9649122942498298,0.973214195268531,4.8450842676975565,5.566215350396011
hgb_quantile,dead13,0.99,2,13,0.95,26,all,29917,0.9841508647607267,0.9832050491207492,0.021796871456825274,3.205283199929919,0.27854619589563007,0.013568026450177292,0.07216632683758398,0.9833292181968966,0.9849998703829649,3.150841049067588,3.2580438643359906
hgb_quantile,dead13,0.99,2,13,0.95,26,smooth,15705,0.9888804009305073,0.9858093832305866,0.016275842838363586,2.7663297186286626,0.16191066035270157,0.009246345508024483,0.05259471505889844,0.9880671994484004,0.9897541268193293,2.724829132535099,2.8195349639411975
hgb_quantile,dead13,0.99,2,13,0.95,26,erratic,1671,0.9813352108281641,0.9823459006582884,0.021218858301183547,4.332004581525286,0.5333388070791955,0.007270502941454183,0.05026929982046679,0.9779240358938341,0.9845786935396206,4.110546730265879,4.598680720437017
hgb_quantile,dead13,0.99,2,13,0.95,26,intermittent,10360,0.964807283377993,0.9800719550719551,0.031487656589045177,4.309994695248847,0.5599822268166506,0.03467584343276341,0.09893822393822393,0.9611559483359059,0.9685972534622888,4.18508895184529,4.444226694669093
hgb_quantile,dead13,0.99,2,13,0.95,26,lumpy,2181,0.9706163450393477,0.9799924971864449,0.030907920154539602,5.415422860280212,1.0305132480631187,0.03251011651788438,0.10270518110958277,0.966490904715723,0.973868640615351,5.043389069371011,5.778515313519351
hgb_quantile,dead26,0.99,2,13,0.95,26,all,29917,0.988746264516373,0.9893356468046444,0.013840441537493814,3.3254587601943943,0.362376653550858,0.005977603357505443,0.02389945515927399,0.9880416242494987,0.9894024075742962,3.272036595204631,3.3841093560998177
hgb_quantile,dead26,0.99,2,13,0.95,26,smooth,15705,0.9914301507524171,0.9898208445486383,0.011674921326233883,2.855512906553406,0.23693131612818194,0.005489527308885324,0.018911174785100286,0.9906520627136318,0.9922638931618275,2.8133581558319687,2.9086278307753246
hgb_quantile,dead26,0.99,2,13,0.95,26,erratic,1671,0.9827556478794024,0.9853925248898319,0.01755705224612568,4.391186721787287,0.5602938580466117,0.0018186520627127064,0.013165769000598444,0.979507502338409,0.9857475214580452,4.16855307833636,4.668417431426224
hgb_quantile,dead26,0.99,2,13,0.95,26,intermittent,10360,0.9807770780342496,0.9896235521235521,0.016395488294383937,4.580148215654003,0.689137728569032,0.008825383007567205,0.031563706563706564,0.9785307463110345,0.983461952650132,4.430984553168699,4.728076804131189
hgb_quantile,dead26,0.99,2,13,0.95,26,lumpy,2181,0.9784553754804075,0.9874953107415281,0.019317450096587252,5.71690017691197,1.2517233666144743,0.014574902901763019,0.03163686382393398,0.9753238368377893,0.981471793648833,5.259981528322779,6.103709121498738
lgb_quantile,none,0.5,2,13,0.95,26,all,29917,0.8130136186292708,0.7463436720380933,0.3292009851381382,0.6641666661136304,0.05328145189281095,0.0,0.0,0.8108698377634772,0.8155348224769715,0.6479776041205032,0.6800632405569035
lgb_quantile,none,0.5,2,13,0.95,26,smooth,15705,0.8278989478667504,0.7122775028219155,0.3300015933927315,0.5706142846063254,0.03954920871456296,0.0,0.0,0.8254714301889943,0.8304135983077063,0.5567157480120026,0.5869569670194845
lgb_quantile,none,0.5,2,13,0.95,26,erratic,1671,0.7781655014430162,0.731570643599369,0.32263126920813445,0.7954119062183121,0.03967617319479282,0.0,0.0,0.7706888141360578,0.7857812482365916,0.7417977263909132,0.8496447526842871
lgb_quantile,none,0.5,2,13,0.95,26,intermittent,10360,0.7724318430156377,0.7915759915759916,0.3293240067384417,0.985168233155148,0.11351260671844465,0.0,0.0,0.768177586334527,0.7780019831027877,0.9242130555443022,1.054984103180084
lgb_quantile,none,0.5,2,13,0.95,26,lumpy,2181,0.7437369095308782,0.7881080405151932,0.32733419188667096,1.0211531813652723,0.12828151371576144,0.0,0.0,0.7358501428783566,0.7507308119182403,0.9329239335470683,1.1157155972935326
lgb_quantile,quantile,0.5,2,13,0.95,26,all,29917,0.8130136186292708,0.7463436720380933,0.3292009851381382,0.664162186519674,0.05328145189281095,1.4931979854436423e-06,0.00030083230270414816,0.8108698377634772,0.8155348224769715,0.6479736419437335,0.680061181257321
lgb_quantile,quantile,0.5,2,13,0.95,26,smooth,15705,0.8278989478667504,0.7122775028219155,0.3300015933927315,0.5706142846063254,0.03954920871456296,0.0,0.0,0.8254714301889943,0.8304135983077063,0.5567157480120026,0.5869569670194845
lgb_quantile,quantile,0.5,2,13,0.95,26,erratic,1671,0.7781655014430162,0.731570643599369,0.32263126920813445,0.7954119062183121,0.03967617319479282,0.0,0.0,0.7706888141360578,0.7857812482365916,0.7417977263909132,0.8496447526842871
lgb_quantile,quantile,0.5,2,13,0.95,26,intermittent,10360,0.7724318430156377,0.7915759915759916,0.3293240067384417,0.9851376288215745,0.11351260671844465,1.0201444524544676e-05,0.0008687258687258687,0.768177586334527,0.7780019831027877,0.9241901626582117,1.054953468142126
lgb_quantile,quantile,0.5,2,13,0.95,26,lumpy,2181,0.7437369095308782,0.7881080405151932,0.32733419188667096,1.0211531813652723,0.12828151371576144,0.0,0.0,0.7358501428783566,0.7507308119182403,0.9329239335470683,1.1157155972935326
lgb_quantile,fixed,0.5,2,13,0.95,26,all,29917,0.8126396554893608,0.7457663171137116,0.32995028956672456,0.6577319782616919,0.051485997452936055,0.001541643964526925,0.05137547213958619,0.8104850472941703,0.8151670171443162,0.641256421536732,0.6733467324173567
lgb_quantile,fixed,0.5,2,13,0.95,26,smooth,15705,0.82779516464323,0.7120893751266244,0.33021736532511853,0.5682622384629145,0.03913053418995961,0.0006202336489867574,0.0262336835402738,0.8253602589474467,0.8303161779444512,0.5542176128072519,0.5850416097521315
lgb_quantile,fixed,0.5,2,13,0.95,26,erratic,1671,0.7780710793268935,0.731189815570426,0.3230889949650167,0.7934269891250353,0.03909362979140923,0.0005234269480719415,0.023937761819269897,0.7705960185599189,0.7856486445751678,0.7405345239966721,0.8481252671780862
lgb_quantile,fixed,0.5,2,13,0.95,26,intermittent,10360,0.7707327357553829,0.7905712530712531,0.330911561418955,0.9598335124253594,0.10671232379838318,0.0059440416763013645,0.08571428571428572,0.7660680726439073,0.7765175176925166,0.900754384296096,1.0281790663875456
lgb_quantile,fixed,0.5,2,13,0.95,26,lumpy,2181,0.7424863249079855,0.7866074778041765,0.32965228589826145,0.9958720540089879,0.11470402830591536,0.005215852939382232,0.09032553874369555,0.7344999804141685,0.749487190350366,0.9125429412273498,1.087448822504244
lgb_quantile,dead13,0.5,2,13,0.95,26,all,29917,0.8109543326964568,0.7436437780890768,0.33270496926865917,0.6398369958714735,0.04976427381136463,0.004165026914064133,0.07006050071865494,0.8088385926080474,0.8134764638501947,0.6252203712858858,0.6534011906288337
lgb_quantile,dead13,0.5,2,13,0.95,26,smooth,15705,0.8266860514899281,0.7105380452085324,0.3319966538752639,0.5541114071436033,0.037579613836746975,0.002910189181349863,0.05030245144858325,0.8243438079852659,0.829189362073028,0.5402153762124738,0.5693033748750944
lgb_quantile,dead13,0.5,2,13,0.95,26,erratic,1671,0.7774368090251121,0.7299113214732604,0.3246256457202642,0.7836050363935678,0.038371095337600115,0.00222302503828201,0.04608019150209455,0.7699737062605087,0.7850692539504708,0.7288681453471456,0.8362855449093423
lgb_quantile,dead13,0.5,2,13,0.95,26,intermittent,10360,0.7656750862588809,0.7874868374868375,0.33578514631153505,0.9199027915686194,0.10282466663946281,0.010825999628214022,0.0972007722007722,0.7610682826228465,0.7714098677707186,0.8708821553143967,0.982320992362827
lgb_quantile,dead13,0.5,2,13,0.95,26,lumpy,2181,0.7402545905606279,0.7842941102913592,0.33322601416613007,0.9718974317262133,0.11634808955405981,0.007559428187974053,0.10178817056396149,0.7324654977659374,0.7470690032926508,0.89147257628535,1.0585582225807526
lgb_quantile,dead26,0.5,2,13,0.95,26,all,29917,0.8128916741271263,0.7460565139309665,0.32957366549867195,0.6612182637359283,0.05198094281184444,0.000215186420791156,0.023431493799511982,0.8107485963201992,0.8153924086567326,0.6450880851980048,0.677277867658629
lgb_quantile,dead26,0.5,2,13,0.95,26,smooth,15705,0.8278707044841077,0.7122167231049752,0.3300713043247334,0.5692926736217117,0.039276503164379625,0.00015332122006033326,0.018911174785100286,0.8254461709919092,0.8303858991465666,0.5554078945383808,0.5857397333070232
lgb_quantile,dead26,0.5,2,13,0.95,26,erratic,1671,0.7781285536584465,0.7314618355910996,0.3227620479958151,0.7946770558363131,0.03932393764856089,6.568495034628285e-05,0.013165769000598444,0.7706493360589322,0.7857220263179928,0.7409335475882203,0.8489493549073359
lgb_quantile,dead26,0.5,2,13,0.95,26,intermittent,10360,0.771894566937345,0.790996840996841,0.3302391037595236,0.9748205679257516,0.10766740570464778,0.0005452105351451098,0.030212355212355213,0.7676042034114273,0.7774859691209358,0.9139699321016037,1.044105922206981
lgb_quantile,dead26,0.5,2,13,0.95,26,lumpy,2181,0.7431421192834048,0.7874411237547414,0.3283644558918223,1.00901335990402,0.1217052687231836,0.0005083677328832584,0.03163686382393398,0.7353863081014006,0.7500572335549242,0.9226303310256656,1.1016308192329523
lgb_quantile,none,0.8,2,13,0.95,26,all,29917,0.9213137753155127,0.8914177709845724,0.14092050077198073,1.2469960174750618,0.10082613667207978,0.0,0.0,0.9199536482752798,0.9230038818743449,1.221206712531849,1.270443051848056
lgb_quantile,none,0.8,2,13,0.95,26,smooth,15705,0.9292660172481889,0.8762293421319209,0.14195801410152567,1.073954176680739,0.0727438356575844,0.0,0.0,0.9277049267230231,0.9308660393537332,1.054789750052438,1.099274347441082
lgb_quantile,none,0.8,2,13,0.95,26,erratic,1671,0.897213315981559,0.8791687068168217,0.14522984371934872,1.4860809484906827,0.0766563897088104,0.0,0.0,0.8901156733237242,0.9035531669877431,1.4035644903699345,1.585617965867643
lgb_quantile,none,0.8,2,13,0.95,26,intermittent,10360,0.9029887965469244,0.9131756756756757,0.137188295077194,1.8129814515068667,0.2128535934021591,0.0,0.0,0.8999562070880016,0.906866812285483,1.7267464278615106,1.908990144595259
lgb_quantile,none,0.8,2,13,0.95,26,lumpy,2181,0.8828364886023954,0.9068192238756201,0.14394719896973598,2.0409337698517596,0.29513695426723874,0.0,0.0,0.8772075581030778,0.8883085165635671,1.8851539767111638,2.2007589092615585
lgb_quantile,quantile,0.8,2,13,0.95,26,all,29917,0.9212845749993529,0.8914086548541875,0.14093233189453738,1.2463715288953718,0.10078744625316807,8.677139404300278e-05,0.0008356452852893004,0.9199195079612068,0.9229696197644616,1.2204608773648227,1.270034694732616
lgb_quantile,quantile,0.8,2,13,0.95,26,smooth,15705,0.9292660172481889,0.8762293421319209,0.14195801410152567,1.0737215050046827,0.0727438356575844,2.8691690303688092e-05,0.0003183699458771092,0.9277049267230231,0.9308660393537332,1.0544091426278244,1.0992257712535647
lgb_quantile,quantile,0.8,2,13,0.95,26,erratic,1671,0.897194842089274,0.8791687068168217,0.14522984371934872,1.4860132108856385,0.0766563897088104,1.8473892284892052e-05,0.0005984440454817474,0.8900802406191564,0.9035522230849358,1.4033701334368942,1.585547615086733
lgb_quantile,quantile,0.8,2,13,0.95,26,intermittent,10360,0.9028493768050889,0.9131581256581256,0.13721602528995402,1.812030450178412,0.2128535934021591,0.00023009924872028546,0.0013513513513513514,0.8997874109517517,0.9068628565187552,1.726141754935733,1.9072691413065201
lgb_quantile,quantile,0.8,2,13,0.95,26,lumpy,2181,0.8826128067999268,0.9067775415780918,0.14401159047005796,2.0315086320841043,0.29395144071415497,0.0009303129511763629,0.0022925263640531865,0.877153429163112,0.8879307001445773,1.8639253656791852,2.1880288022060634
lgb_quantile,fixed,0.8,2,13,0.95,26,all,29917,0.9199569560794063,0.8895444061904603,0.14335179645736754,1.2202777281888568,0.09319718907138348,0.005710984561660117,0.06852291339372263,0.9185844860008793,0.92159962568609,1.195142510192373,1.2437145832909609
lgb_quantile,fixed,0.8,2,13,0.95,26,smooth,15705,0.9287482218997396,0.8754768313507568,0.14282110183107383,1.059928647352676,0.06997782222001057,0.0032179523906230175,0.03183699458771092,0.9271353209665895,0.930421583423936,1.0402907562378512,1.0844991934878652
lgb_quantile,fixed,0.8,2,13,0.95,26,erratic,1671,0.8966508885942189,0.8780534247320603,0.14657032629307526,1.4763842076958131,0.0742539626498951,0.0022086564553937607,0.03411131059245961,0.8895581008011387,0.9032087742110729,1.3921029378345304,1.5744271462051846
lgb_quantile,fixed,0.8,2,13,0.95,26,intermittent,10360,0.8976942468386857,0.9098323973323973,0.14247090060798492,1.732785629111749,0.18820849032222964,0.017548751569888964,0.11872586872586872,0.8944221870893734,0.9019798151067691,1.6532321379044088,1.8166298224409905
lgb_quantile,fixed,0.8,2,13,0.95,26,lumpy,2181,0.8781442544278829,0.9032762285857197,0.14942047649710238,1.9240396933525834,0.24059214673526239,0.017833540069544705,0.12058688674919761,0.8723364274711142,0.8839978192994163,1.7828170597559945,2.0713248853133965
lgb_quantile,dead13,0.8,2,13,0.95,26,all,29917,0.9177299342395607,0.8867092896407333,0.14703127557247844,1.192765721217945,0.08350852416956624,0.0065237819984032734,0.07243373332887657,0.9162264362408142,0.9195777861326656,1.1685651763804008,1.2139842098152316
lgb_quantile,dead13,0.8,2,13,0.95,26,smooth,15705,0.9271939392390695,0.8732250875517351,0.1454037258833371,1.0355209850574574,0.05977676071713087,0.004528131529881275,0.052849411015600124,0.9255556139489759,0.9289203598905528,1.0168792794352328,1.0606523505111924
lgb_quantile,dead13,0.8,2,13,0.95,26,erratic,1671,0.8960104603283426,0.8765845166204232,0.14833583992676388,1.4623153123935186,0.07137737235566759,0.0034423019290848855,0.05146618791143028,0.889198098983974,0.9026408990545234,1.3784180228683203,1.5606125857696098
lgb_quantile,dead13,0.8,2,13,0.95,26,intermittent,10360,0.8911528539107805,0.9058792558792559,0.14871713103218784,1.68287336153466,0.17650063248956052,0.016875456231269015,0.09922779922779923,0.8872090477364412,0.8957523826606739,1.6173111290109985,1.7664254268531663
lgb_quantile,dead13,0.8,2,13,0.95,26,lumpy,2181,0.8760802814323769,0.9005043558000917,0.15370251126851256,1.893293612867804,0.23470931533033731,0.012988795575167253,0.10224667583677212,0.8704941120182639,0.8815439048218605,1.7505964309390145,2.0351739423286612
lgb_quantile,dead26,0.8,2,13,0.95,26,all,29917,0.920785349139553,0.890636822481593,0.14193403360433177,1.2318802083575286,0.09525982640412042,0.0009651036312584076,0.023732326102216133,0.9193520832787242,0.9224849530844096,1.2068052648048062,1.2550110029673152
lgb_quantile,dead26,0.8,2,13,0.95,26,smooth,15705,0.9289961360362698,0.8758878180081618,0.14234972314801292,1.0641808455172148,0.07074317305886145,0.0008638888627376086,0.018911174785100286,0.9274134173469634,0.9306221742140861,1.044308221983272,1.0894477872364428
lgb_quantile,dead26,0.8,2,13,0.95,26,erratic,1671,0.897034735022805,0.878651868777542,0.14585104296083176,1.4826365939068997,0.07517519407850173,0.0003304774064297356,0.013165769000598444,0.889839204514226,0.903399895462601,1.398573767130243,1.5826166847250345
lgb_quantile,dead26,0.8,2,13,0.95,26,intermittent,10360,0.9013270945832597,0.9118111618111618,0.13934431911928843,1.7766393721350942,0.19404122290382986,0.0015891583581568484,0.031081081081081083,0.8982395948325005,0.9053104471869445,1.6922904462651303,1.8730565741807377
lgb_quantile,dead26,0.8,2,13,0.95,26,lumpy,2181,0.8806606747056551,0.9054437080571881,0.14607211848036059,1.9709467840657215,0.2579945909673221,0.0020334709315330338,0.03163686382393398,0.8751391974890533,0.8859197337769694,1.813782404693518,2.1218856473799947
lgb_quantile,none,0.9,2,13,0.95,26,all,29917,0.9550860977958406,0.94085910412748,0.07675440758611578,1.677849834719574,0.1470305269396144,0.0,0.0,0.953830648479585,0.9564030175373829,1.6445619198366397,1.7091704562243526
lgb_quantile,none,0.9,2,13,0.95,26,smooth,15705,0.9603294792323718,0.9324187433069955,0.07751191724980415,1.4391290099439122,0.10200814933666157,0.0,0.0,0.9590878370771737,0.9616315397864457,1.4148107343749277,1.472942096704476
lgb_quantile,none,0.9,2,13,0.95,26,erratic,1671,0.9363184406392788,0.9296012186496926,0.08461387562937292,2.0055298517572773,0.11834662769359612,0.0,0.0,0.9301563090534619,0.9419716608324897,1.8965673328081083,2.1398313643036033
lgb_quantile,none,0.9,2,13,0.95,26,intermittent,10360,0.9442525061548716,0.9538390663390663,0.07293739211214098,2.4431507501462204,0.32044868220006617,0.0,0.0,0.9417081527809654,0.9472347710615505,2.3441654548713315,2.5588585714559424
lgb_quantile,none,0.9,2,13,0.95,26,lumpy,2181,0.9312381804502105,0.9486057271476804,0.0793947198969736,2.8480082152225634,0.4613772698619273,0.0,0.0,0.9269417315665985,0.935741387978708,2.6268593918755028,3.0634406024368332
lgb_quantile,quantile,0.9,2,13,0.95,26,all,29917,0.955045947361121,0.9408469492869667,0.07677018241619128,1.6767194838445931,0.1469060605919833,0.00014550384813711938,0.0011699033994050205,0.9537752137349357,0.956371043052155,1.6432861577150237,1.707627850725509
lgb_quantile,quantile,0.9,2,13,0.95,26,smooth,15705,0.9603294792323718,0.9324187433069955,0.07751191724980415,1.4388367133489433,0.10200814933666157,3.6312920540605244e-05,0.00038204393505253105,0.9590878370771737,0.9616315397864457,1.4144064064490305,1.4728839724142864
lgb_quantile,quantile,0.9,2,13,0.95,26,erratic,1671,0.9362999667469939,0.9296012186496926,0.08461387562937292,2.005258901337099,0.11833759601292351,4.310574866474812e-05,0.0005984440454817474,0.9301072179599746,0.9419520530705705,1.8963237004714524,2.1398241488388945
lgb_quantile,quantile,0.9,2,13,0.95,26,intermittent,10360,0.9440382758198561,0.9538127413127413,0.07297898743128106,2.440235403999873,0.3199599196579569,0.0004590650036045104,0.0019305019305019305,0.9414294807528661,0.9471159520854008,2.3418062220052405,2.5550067945822486
lgb_quantile,quantile,0.9,2,13,0.95,26,lumpy,2181,0.9310144986477419,0.9485640448501521,0.07945911139729556,2.833748500315188,0.45977794497427654,0.0014691827480326168,0.0036680421824850985,0.9266893971052611,0.9353569848524821,2.6057321577129238,3.0457578071115665
lgb_quantile,fixed,0.9,2,13,0.95,26,all,29917,0.9530571735553973,0.9381349004974369,0.08028994137678773,1.6269241515151314,0.12970050430273294,0.010809757949288342,0.07928602466824883,0.9518680080790417,0.9544532866609654,1.5944753574603188,1.6575999218460618
lgb_quantile,fixed,0.9,2,13,0.95,26,smooth,15705,0.9594920405216328,0.9313507568521895,0.0787368379121244,1.4118290907737834,0.09562052729050471,0.006144280647768705,0.03508436803565743,0.9581378673172949,0.9608909240714181,1.3866694030538045,1.4435083534496334
lgb_quantile,fixed,0.9,2,13,0.95,26,erratic,1671,0.9353187978011963,0.9281867145421903,0.08631399986922121,1.98714832893381,0.11405657937410453,0.004341364686949632,0.04129263913824058,0.9295293048709277,0.940957342264377,1.8766413059526557,2.1201602312018357
lgb_quantile,fixed,0.9,2,13,0.95,26,intermittent,10360,0.9366308936012006,0.9489206739206739,0.08070878423814706,2.291448469103225,0.2618395698164193,0.03229097240169208,0.1390926640926641,0.9336100238475632,0.9396083561927896,2.2003223534231466,2.392224604547078
lgb_quantile,fixed,0.9,2,13,0.95,26,lumpy,2181,0.9247209061146471,0.9433745988078863,0.08747585318737927,2.6326433088638996,0.3487199300485999,0.036297456127864655,0.1425951398441082,0.9199644055856914,0.9299112864329554,2.4415154536464723,2.836137966373411
lgb_quantile,dead13,0.9,2,13,0.95,26,all,29917,0.9504983299410087,0.9348424580733969,0.08456294847348941,1.594891902420507,0.11259276907261785,0.008189029573947479,0.07300197212287328,0.9492426544728619,0.9520717004205498,1.564847656443965,1.6240976783638343
lgb_quantile,dead13,0.9,2,13,0.95,26,smooth,15705,0.957689171262941,0.9286098810454111,0.08188046898859397,1.3807651804819399,0.07729550333966792,0.005598690224337637,0.05323145495065266,0.9562870213184901,0.9590952169295944,1.3559165751853963,1.4117825076865231
lgb_quantile,dead13,0.9,2,13,0.95,26,erratic,1671,0.9348261606735991,0.926309776399543,0.08856993395671223,1.972512900934779,0.10924269357560132,0.004351627960441239,0.05146618791143028,0.9289517150878731,0.9406826960112105,1.8571397436706087,2.101779505707399
lgb_quantile,dead13,0.9,2,13,0.95,26,intermittent,10360,0.9289877446646445,0.9443488943488944,0.08793250466214202,2.242868056783507,0.24261574105560013,0.021476307711838664,0.1,0.9253866983402304,0.9329009178021581,2.1627193737839776,2.3442649444020613
lgb_quantile,dead13,0.9,2,13,0.95,26,lumpy,2181,0.9227026862151005,0.9411029135925972,0.09098518995492595,2.6097820119161397,0.33826280578319134,0.016847306667751184,0.10362219165520403,0.9180294799280497,0.9274487883227995,2.41359008346158,2.807626069170986
lgb_quantile,dead26,0.9,2,13,0.95,26,all,29917,0.9542615206861013,0.9397469362205131,0.07819780453802425,1.6489936177399884,0.13498357150394236,0.0017720941869470606,0.0235317712337467,0.9529700601082058,0.9556601374599446,1.6162072086518673,1.6794860395994822
lgb_quantile,dead26,0.9,2,13,0.95,26,smooth,15705,0.9598650324955809,0.9319238227547684,0.07807956341039157,1.420264223569237,0.09760787515169611,0.0015937337348376746,0.018911174785100286,0.9585991734857193,0.9612142726197513,1.39519202825739,1.4520762358560817
lgb_quantile,dead26,0.9,2,13,0.95,26,erratic,1671,0.9360741747301785,0.9288939665959415,0.08546393774929706,2.0002442659091,0.11630095202124907,0.0005398481856585121,0.013165769000598444,0.9299741073640374,0.9417474021448372,1.8911098812442833,2.1337505782087534
lgb_quantile,dead26,0.9,2,13,0.95,26,intermittent,10360,0.9417066789990796,0.9518734643734643,0.07604317594126742,2.372209904922537,0.2779986579432981,0.002873406874413417,0.0305019305019305,0.9390596225233342,0.9448675274232047,2.275957224553801,2.488044449477108
lgb_quantile,dead26,0.9,2,13,0.95,26,lumpy,2181,0.9285285804339427,0.9467925472052019,0.08219575016097876,2.7229243345466374,0.38749517050653753,0.003929682575187588,0.03163686382393398,0.9243582073214478,0.9330589679873125,2.5090237354758593,2.9250886842161843
lgb_quantile,none,0.95,2,13,0.95,26,all,29917,0.9740077367564952,0.9682940985210597,0.0411486442519477,2.1471184928920457,0.20431935722140407,0.0,0.0,0.9729568451638683,0.9750375181772903,2.106603457402204,2.187081641189523
lgb_quantile,none,0.95,2,13,0.95,26,smooth,15705,0.9774922655720787,0.9638187027871842,0.041497921950312704,1.8356300134806114,0.1381744284413553,0.0,0.0,0.976550228593215,0.9785419849762405,1.8055801333852532,1.8767990147724678
lgb_quantile,none,0.95,2,13,0.95,26,erratic,1671,0.9599609174545439,0.960529895000272,0.04744000523115151,2.600130548838813,0.17902597429255254,0.0,0.0,0.9552313442524516,0.9646373476153866,2.463914307979103,2.7671921368599515
lgb_quantile,none,0.95,2,13,0.95,26,intermittent,10360,0.9674505910036861,0.9758029133029134,0.038233030842929144,3.1173891556377717,0.4448711670905933,0.0,0.0,0.9653194205828404,0.9699118570933668,3.0088132783786246,3.24178126833986
lgb_quantile,none,0.95,2,13,0.95,26,lumpy,2181,0.9591780710494744,0.970801550581468,0.04510624597553123,3.7379211826666934,0.6882241698354921,0.0,0.0,0.9557384043816679,0.9631637146141546,3.4489505106146803,4.034307079415368
lgb_quantile,quantile,0.95,2,13,0.95,26,all,29917,0.9739551430052302,0.9682713081950973,0.041178222058339264,2.1452813616372883,0.20403574915070216,0.00023028431153286397,0.002038974496105893,0.9729303797302363,0.9749644807589563,2.1047905152298325,2.1854485972514874
lgb_quantile,quantile,0.95,2,13,0.95,26,smooth,15705,0.9774922655720787,0.9638187027871842,0.041497921950312704,1.835247382891952,0.1381744284413553,4.7520612065483405e-05,0.0005093919134033747,0.976550228593215,0.9785419849762405,1.8050721472139597,1.8765431192495048
lgb_quantile,quantile,0.95,2,13,0.95,26,erratic,1671,0.9599527068357506,0.960529895000272,0.04744000523115151,2.599859598418635,0.17901694261187995,4.310574866474812e-05,0.0005984440454817474,0.9552226149923964,0.9646284689254395,2.4632770292798676,2.766910733736311
lgb_quantile,quantile,0.95,2,13,0.95,26,intermittent,10360,0.9671672175446709,0.9757590382590382,0.03830235637482929,3.111697883086912,0.4439285536165254,0.0008081811051111504,0.003667953667953668,0.9650178629208191,0.9696461784229606,3.004115904688293,3.235732312668725
lgb_quantile,quantile,0.95,2,13,0.95,26,lumpy,2181,0.958857799377758,0.9706973448376475,0.045267224726336125,3.716503650080322,0.6837840860564898,0.0022469853793440023,0.006419073819348923,0.9553853140357338,0.9625362208359738,3.4223330673417944,4.000027795752092
lgb_quantile,fixed,0.95,2,13,0.95,26,all,29917,0.971293932373395,0.9646917076639309,0.04582390951557469,2.0635345788153034,0.1711488930757423,0.018641249561165703,0.09145302002206103,0.9703266631796789,0.9725079847006213,2.0261726070653725,2.101874387069032
lgb_quantile,fixed,0.95,2,13,0.95,26,smooth,15705,0.9763694790351164,0.9625220688257937,0.04298508849968796,1.7915983557868225,0.1241012440089285,0.010118528062490502,0.03909582935370901,0.975302792095649,0.9775043785320296,1.7609550850203468,1.8297382451653568
lgb_quantile,fixed,0.95,2,13,0.95,26,erratic,1671,0.9584830060717526,0.9584081388390185,0.04999019159092395,2.566169376855086,0.16958786798967104,0.007393662223353463,0.04488330341113106,0.9538803062579976,0.9628864259802156,2.4314514502721347,2.7348701676379874
lgb_quantile,fixed,0.95,2,13,0.95,26,intermittent,10360,0.9574214375422226,0.9691821691821692,0.0486942536066608,2.86976042474281,0.3422410079933985,0.05622809523161813,0.161003861003861,0.9546784479292393,0.9604556928114081,2.770511835101943,2.9868778323154794
lgb_quantile,fixed,0.95,2,13,0.95,26,lumpy,2181,0.9501291254041524,0.9637989245967238,0.05592401802962009,3.370152713666958,0.47468633710881103,0.07121215202228684,0.17377349839523154,0.9455804511519511,0.9547157026203067,3.1330909732861105,3.63251752370213
lgb_quantile,dead13,0.95,2,13,0.95,26,all,29917,0.9686783472355596,0.9613232974866829,0.050195509300248256,2.0297216081675935,0.14599683574755795,0.00976966259698321,0.07293512050005013,0.9675632855960217,0.9699609218849132,1.9940060033386218,2.0663959546411763
lgb_quantile,dead13,0.95,2,13,0.95,26,smooth,15705,0.9745007085502582,0.9595525455124309,0.046390965463212544,1.7548391449696967,0.0959795320654296,0.006610520615203637,0.05329512893982808,0.9734337430946497,0.9756459820953776,1.724757008708836,1.7940105035764755
lgb_quantile,dead13,0.95,2,13,0.95,26,erratic,1671,0.958294161839507,0.9567488167129101,0.051984568103053685,2.557078169196221,0.16475140298948632,0.0052342694807194145,0.05146618791143028,0.9535792469574649,0.9632357924468031,2.4167571620409256,2.7195069908007556
lgb_quantile,dead13,0.95,2,13,0.95,26,intermittent,10360,0.9493917672075699,0.9646630396630397,0.055834783392375575,2.829681216193546,0.3163490616938025,0.025777916819688336,0.09971042471042471,0.9459031389566733,0.9531000341426562,2.7408067315844273,2.942571857877467
lgb_quantile,dead13,0.95,2,13,0.95,26,lumpy,2181,0.9488480387172865,0.9617148097203118,0.059143593045717965,3.3700357890883947,0.46988836244585885,0.02085324440287126,0.10362219165520403,0.9447689229273701,0.9532510889564292,3.1257527968129,3.60880982887068
lgb_quantile,dead26,0.95,2,13,0.95,26,all,29917,0.972906420286787,0.9669099660576078,0.04294500302679552,2.100612509813629,0.1825859269076268,0.002746488827892673,0.023932880970685563,0.9719171508104283,0.9740305058840175,2.0619780277488045,2.138172522013717
lgb_quantile,dead26,0.95,2,13,0.95,26,smooth,15705,0.9768771874611933,0.9632572139735464,0.04214191817928324,1.8064364427504394,0.12922791109700435,0.0024728650580491175,0.018911174785100286,0.9758158075810165,0.977982970996942,1.7767002834035066,1.846460613151989
lgb_quantile,dead26,0.95,2,13,0.95,26,erratic,1671,0.9596509665950974,0.9597138349382515,0.048420846138756295,2.592094405694885,0.17565264156133126,0.0007676928571721808,0.013165769000598444,0.9550272781281013,0.9643181474181429,2.4532820399028075,2.7603097331749242
lgb_quantile,dead26,0.95,2,13,0.95,26,intermittent,10360,0.9639412940872427,0.9732888732888733,0.042205383820807366,2.997947242662894,0.3729058701378782,0.004421759454472087,0.03166023166023166,0.9615619242928067,0.9666556552663442,2.8884485428129305,3.1224350006860306
lgb_quantile,dead26,0.95,2,13,0.95,26,lumpy,2181,0.9558889318177196,0.9684256596223584,0.048776561493882806,3.5306189885515584,0.5563078268296154,0.006339345629054233,0.03163686382393398,0.9518505578777653,0.9599580049117222,3.2558096036829336,3.7865102192742905
lgb_quantile,none,0.99,2,13,0.95,26,all,29917,0.9922531229406311,0.992831682807282,0.00930320603702747,3.500777956150416,0.41113497647051794,0.0,0.0,0.9916840605833814,0.9928451375200958,3.4386805190864935,3.562199589008912
lgb_quantile,none,0.99,2,13,0.95,26,smooth,15705,0.9938980844261953,0.9922636103151863,0.008873205773392998,2.994031904263003,0.26337339858899644,0.0,0.0,0.9934077895990023,0.994470428414295,2.9433799191935734,3.053724633765445
lgb_quantile,none,0.99,2,13,0.95,26,erratic,1671,0.9876286501332173,0.9896632392144061,0.01242398482966063,4.470462298891156,0.5254135072889768,0.0,0.0,0.9848019992819809,0.9900191847542633,4.258967087445232,4.762106160812139
lgb_quantile,none,0.99,2,13,0.95,26,intermittent,10360,0.9878478125835952,0.9943401193401193,0.008942993615118511,4.928314449326025,0.8615237784336929,0.0,0.0,0.9857187242288705,0.9897287456977508,4.772347407598921,5.103295662050644
lgb_quantile,none,0.99,2,13,0.95,26,lumpy,2181,0.9861571466335889,0.992184569213455,0.01207340631036703,6.189478821400248,1.4592777111251194,0.0,0.0,0.9836132201610222,0.9883453144327413,5.752411433591151,6.707553984267943
lgb_quantile,quantile,0.99,2,13,0.95,26,all,29917,0.9921225510723485,0.9927435602135606,0.009417573555074861,3.4894779315292404,0.4079254967206054,0.0013612988300627873,0.011799311428284921,0.9915692118017193,0.9927419931120722,3.424453603573181,3.5509239491063265
lgb_quantile,quantile,0.99,2,13,0.95,26,smooth,15705,0.9938980844261953,0.9922636103151863,0.008873205773392998,2.990906975712036,0.2633482485292146,0.00037635428140540865,0.0014008277618592804,0.9934077895990023,0.994470428414295,2.9415944692071827,3.0510476750234945
lgb_quantile,quantile,0.99,2,13,0.95,26,erratic,1671,0.9874685430667482,0.9895544312061367,0.012554763617341267,4.447209826468572,0.5136587748935698,0.0019171794882321307,0.008378216636744464,0.9845602098541185,0.9899131114259844,4.237424255073198,4.740497889960306
lgb_quantile,quantile,0.99,2,13,0.95,26,intermittent,10360,0.9872470608504831,0.9941733941733941,0.009206430636339058,4.902517263111123,0.8538382368276681,0.0039502260186709106,0.02249034749034749,0.9852049747460886,0.9892272697797475,4.746796204820823,5.072917141351629
lgb_quantile,quantile,0.99,2,13,0.95,26,lumpy,2181,0.9852471683917279,0.9918511108332291,0.012588538312942692,6.087393496959961,1.425087947617789,0.010711308131850256,0.03851444291609354,0.9825767818347708,0.9876911165831066,5.66906375811907,6.573908687625465
lgb_quantile,fixed,0.99,2,13,0.95,26,all,29917,0.9883089234175254,0.987638527197975,0.01604300218678582,3.289265963779662,0.30285290407098864,0.04575473858085136,0.12735234147808938,0.987580967451715,0.9891467392011025,3.233330760117109,3.346483405323291
lgb_quantile,fixed,0.99,2,13,0.95,26,smooth,15705,0.9923583717645076,0.9905357297907441,0.01085498798316315,2.8784534820280183,0.2067606140201048,0.02606371079493466,0.048201209805794336,0.9916672422436564,0.9930500312421789,2.8359327696588275,2.9344724350468963
lgb_quantile,fixed,0.99,2,13,0.95,26,erratic,1671,0.9843218234142216,0.9860453729394484,0.01677237952004185,4.281084376424029,0.4059966254356759,0.02715251634939467,0.09515260323159784,0.9811139392952147,0.9873088325316816,4.088233461816658,4.5404372239288495
lgb_quantile,fixed,0.99,2,13,0.95,26,intermittent,10360,0.9733742297909384,0.9846788346788347,0.02420847573953011,4.372811790149486,0.5957541587888845,0.12886124675254015,0.22384169884169886,0.9701310542850872,0.9765131337586491,4.229576704451641,4.51263776205385
lgb_quantile,fixed,0.99,2,13,0.95,26,lumpy,2181,0.9733259450556154,0.9820557709140928,0.027720540888602704,5.290216971348395,0.9130691176769627,0.16567704414665393,0.26364053186611647,0.9693390754135158,0.9770955931431787,4.943899541906422,5.682029593306473
lgb_quantile,dead13,0.99,2,13,0.95,26,all,29917,0.9861685070608356,0.9848945719520977,0.01960417007633046,3.2746998174316597,0.27420921893799777,0.01358096749938447,0.07253401076311128,0.9853445266852182,0.9870102164526843,3.2195208253355343,3.3278097095457007
lgb_quantile,dead13,0.99,2,13,0.95,26,smooth,15705,0.9905947294261528,0.9876125148331452,0.014207751855638618,2.8351115456706704,0.16163548911038275,0.00907262628938887,0.05297675899395097,0.9898549167319939,0.9913483379888244,2.792310821502818,2.8876757264322435
lgb_quantile,dead13,0.99,2,13,0.95,26,erratic,1671,0.9858428405456777,0.9855829389043034,0.01732818936768456,4.398106220775328,0.492917520228912,0.007239713120979363,0.050867743865948535,0.9831879848776734,0.9884008768277056,4.1872549697718,4.678930640651657
lgb_quantile,dead13,0.99,2,13,0.95,26,intermittent,10360,0.9666968176027059,0.9813004563004563,0.02954654169584116,4.3934266425459185,0.5686552682526512,0.03588528135583999,0.09932432432432432,0.9628379382334605,0.9702440095557894,4.2667186599612865,4.531017524723911
lgb_quantile,dead13,0.99,2,13,0.95,26,lumpy,2181,0.9739207353030889,0.9818682005752157,0.028010302640051513,5.444587917115725,0.9650751367509202,0.031498464729446694,0.10270518110958277,0.9701616788475594,0.9772991370884317,5.076950870399986,5.818200279781844
lgb_quantile,dead26,0.99,2,13,0.95,26,all,29917,0.9907818251923073,0.9910661922227253,0.011594500105494177,3.391344462193222,0.35301357217422236,0.0056421315434424385,0.023966306782097137,0.9900821291239734,0.9914967269284783,3.3338019780458996,3.451579364718
lgb_quantile,dead26,0.99,2,13,0.95,26,smooth,15705,0.99315232463213,0.9916442360568435,0.009583593366174929,2.9193900236302968,0.23093327343942982,0.005152624101647486,0.018911174785100286,0.9924566170158633,0.9937267636658014,2.8766578139993695,2.979337259471599
lgb_quantile,dead26,0.99,2,13,0.95,26,erratic,1671,0.9872530143234245,0.9886567651379141,0.013633688615706532,4.452942891040983,0.5165037543054432,0.0015292277502493975,0.013165769000598444,0.9843998963730801,0.9897612302708606,4.24323031439079,4.742963776735763
lgb_quantile,dead26,0.99,2,13,0.95,26,intermittent,10360,0.9827584252596835,0.990952965952966,0.01429492467780959,4.667962250121284,0.6957659471247795,0.008598684240355101,0.03175675675675676,0.9803948684226884,0.985136156630815,4.518578303662303,4.829634493222201
lgb_quantile,dead26,0.99,2,13,0.95,26,lumpy,2181,0.9817445147121622,0.9892876495352424,0.01654861558274308,5.740219004819325,1.1795859853183397,0.013670008337230819,0.03163686382393398,0.978401999609679,0.9845633534847783,5.313529046809889,6.142055283824168
