series_id,start_week,ADI,CV2,demand_class
0_1_367,0,1.0442477876106195,0.02587605806762858,smooth
0_1_639,42,1.0133333333333334,0.10610210086231654,smooth
0_1_655,0,1.0260869565217392,0.16500880744331053,smooth
0_1_1149,0,1.0442477876106195,0.0345777777777778,smooth
0_1_1965,0,1.0260869565217392,0.04993890949672137,smooth
0_1_1969,3,1.0360360360360361,0.14152992469282594,smooth
0_1_3179,77,1.025,0.07079868984630895,smooth
0_1_3234,0,1.0925925925925926,0.03296510915425146,smooth
0_1_3463,3,1.0454545454545454,0.07006620520134035,smooth
0_1_3515,0,1.0825688073394495,0.03758117150036484,smooth
0_1_4337,0,1.063063063063063,0.1288305159429581,smooth
0_1_4431,0,1.0260869565217392,0.08374229646989717,smooth
0_1_5317,0,1.063063063063063,0.024246920748589945,smooth
0_1_5619,0,1.0350877192982457,0.09366434333150594,smooth
0_1_5657,0,1.0535714285714286,0.08951927976898257,smooth
0_1_5871,0,1.0260869565217392,0.17096996040569137,smooth
0_1_6341,3,1.0952380952380953,0.3097764456218441,smooth
0_1_6898,3,1.0360360360360361,0.12096593530660586,smooth
0_1_7022,0,1.0260869565217392,0.21096203843385047,smooth
0_1_7186,0,1.0260869565217392,0.12078838269314457,smooth
0_1_7457,0,1.0442477876106195,0.03147988343141698,smooth
0_1_7661,0,1.0260869565217392,0.0431591925485368,smooth
0_1_7984,0,1.063063063063063,0.025598545234997806,smooth
0_1_8011,0,1.0260869565217392,0.0752514783319808,smooth
0_1_8157,0,1.0925925925925926,0.03296510915425146,smooth
0_1_8264,0,1.0260869565217392,0.03796097879372352,smooth
0_1_8468,38,1.0666666666666667,0.03263452933173784,smooth
0_1_8587,0,1.0260869565217392,0.12514686620236043,smooth
0_1_8869,0,1.0260869565217392,0.1289733127792308,smooth
0_1_10705,0,1.0350877192982457,0.025254717176101126,smooth
0_1_11000,86,1.0,0.09469636276237782,smooth
0_1_11015,0,1.0535714285714286,0.02701511111111123,smooth
0_1_11526,3,1.0454545454545454,0.10632015702706754,smooth
0_1_11983,0,1.2164948453608246,0.06276246599598287,smooth
0_1_12171,0,1.0350877192982457,0.15633588221054592,smooth
0_1_14311,94,1.0,0.18809917355371905,smooth
0_3_0,38,1.0256410256410255,1.7268605471253373,erratic
0_3_400,0,1.0350877192982457,0.10558554521048719,smooth
0_3_439,42,1.0133333333333334,0.3405618117209547,smooth
0_3_1102,0,1.0350877192982457,0.09888052196369217,smooth
0_3_1154,0,1.0260869565217392,0.5882975688650072,erratic
0_3_1536,0,1.0350877192982457,0.16509322463291687,smooth
0_3_1704,3,1.0360360360360361,1.4824264610200664,erratic
0_3_2506,8,1.0377358490566038,0.3726916468375495,smooth
0_3_2628,0,1.0350877192982457,0.5836139622819805,erratic
0_3_2884,0,1.0350877192982457,0.343898126223428,smooth
0_3_2949,21,1.043010752688172,0.2672143990413354,smooth
0_3_3401,38,1.0256410256410255,1.0469827835648153,erratic
0_3_3419,47,1.0,0.48830231525863244,smooth
0_3_3520,0,1.0350877192982457,0.04529050534206117,smooth
0_3_3583,0,1.0350877192982457,0.0756286215597837,smooth
0_3_3702,94,1.0,0.2779955821039078,smooth
0_3_4285,0,1.0260869565217392,0.09274517971698147,smooth
0_3_4592,0,1.0350877192982457,0.2318708027958236,smooth
0_3_5274,99,1.0,0.16001839785692723,smooth
0_3_5376,69,1.0,0.6665584208571456,erratic
0_3_5456,0,1.0350877192982457,0.05180794351899475,smooth
0_3_5493,0,1.0350877192982457,0.24439536977934956,smooth
0_3_5901,51,1.0,1.4367022185946507,erratic
0_3_5933,38,1.0256410256410255,0.24560388258046822,smooth
0_3_6100,38,1.0256410256410255,0.278110081064076,smooth
0_3_6436,0,1.0260869565217392,0.0962157854363713,smooth
0_3_7256,0,1.063063063063063,0.29281270950598615,smooth
0_3_7299,0,1.0350877192982457,0.08732832725676616,smooth
0_3_7363,0,1.0350877192982457,0.20124400511396442,smooth
0_3_7918,0,1.0350877192982457,0.08188589824965907,smooth
0_3_8123,0,1.0350877192982457,0.09713240649972522,smooth
0_3_8313,0,1.0350877192982457,0.03863394698501041,smooth
0_3_8439,8,1.0377358490566038,2.479195825932892,erratic
0_3_8689,34,1.024390243902439,0.637332185630511,erratic
0_3_8754,0,1.0350877192982457,0.1795849434841629,smooth
0_3_8851,0,1.0350877192982457,0.3484828179196781,smooth
0_3_8874,0,1.0350877192982457,0.045888719954338915,smooth
0_3_9771,0,1.0350877192982457,0.12540054826710817,smooth
0_3_9841,0,1.0350877192982457,0.049394991876855476,smooth
0_3_10359,0,1.0350877192982457,0.10075578697729827,smooth
0_3_10500,38,1.0256410256410255,0.21974711150649293,smooth
0_3_11146,0,1.0350877192982457,0.28335188764265296,smooth
0_3_11374,0,1.0727272727272728,0.051919848666607545,smooth
0_3_11418,0,1.0350877192982457,0.07520352987114397,smooth
0_3_11496,12,1.0392156862745099,0.042888777424374455,smooth
0_3_12086,0,1.0350877192982457,1.1250793509815467,erratic
0_3_12288,0,1.0350877192982457,0.06378848100424829,smooth
0_3_12891,8,1.0377358490566038,0.6399157496717013,erratic
0_3_13799,103,1.0,1.032590533685569,erratic
0_3_13842,0,1.0350877192982457,0.2456578306633868,smooth
0_3_13867,69,1.0,0.8785941458517353,erratic
0_20_4337,0,3.4705882352941178,0.08786669467198763,intermittent
0_20_4431,0,2.744186046511628,0.08908632846856768,intermittent
0_20_7457,25,18.6,0.06659729448491142,intermittent
0_20_8011,55,2.625,0.07047936494013406,intermittent
0_20_8264,12,1.8596491228070176,0.03292931683850711,intermittent
0_20_8587,12,21.2,0.03537981269510906,intermittent
0_44_207,0,1.1346153846153846,0.8112682222676998,erratic
0_44_355,0,1.1346153846153846,0.9010493827160492,erratic
0_44_1345,64,1.8620689655172413,0.3049100188700751,intermittent
0_44_1768,0,1.0535714285714286,0.2506802400286395,smooth
0_44_2277,21,1.1149425287356323,4.13234896198867,erratic
0_44_2622,64,1.6363636363636365,0.27601084812623256,intermittent
0_44_2762,0,1.145631067961165,0.23753151423263114,smooth
0_44_3283,0,1.0350877192982457,1.43392633905063,erratic
0_44_4673,0,1.063063063063063,1.8120028411939892,erratic
0_44_4893,3,1.0648148148148149,0.576766960665351,erratic
0_44_5147,0,1.0535714285714286,0.6819604505517132,erratic
0_44_5513,3,1.15,0.4813354107969999,smooth
0_44_5563,64,1.8620689655172413,0.6170169353193227,lumpy
0_44_5921,0,1.145631067961165,0.2644093467241194,smooth
0_44_5924,0,1.1132075471698113,0.7178765350462123,erratic
0_44_8726,0,1.1346153846153846,0.5294800499791754,erratic
0_44_9290,0,1.2164948453608246,0.5612916998195194,erratic
0_44_9438,0,1.063063063063063,1.504913082141618,erratic
0_44_9541,64,1.2272727272727273,0.07141440190438413,smooth
0_44_10021,42,1.027027027027027,1.2944483418367345,erratic
0_44_10424,21,1.0777777777777777,0.39265306122448995,smooth
0_44_10798,0,1.102803738317757,0.24255155661312716,smooth
0_44_11524,0,1.0442477876106195,1.5174384967929033,erratic
0_44_11756,73,1.6071428571428572,9.796632237828899,lumpy
0_44_12063,0,1.1132075471698113,1.3958566378028272,erratic
0_44_12276,0,1.063063063063063,0.6831438591046044,erratic
0_44_12360,8,1.8032786885245902,0.3200430842635616,intermittent
0_44_12908,82,1.0909090909090908,0.19197090600946268,smooth
0_44_13089,64,1.35,0.2056213017751479,intermittent
0_44_13707,3,1.0952380952380953,1.2065655500769557,erratic
0_44_13734,0,1.063063063063063,1.8674184843955193,erratic
0_44_14239,0,1.0727272727272728,2.2709856701790256,erratic
0_47_367,0,1.388235294117647,0.06272977941176454,intermittent
0_47_639,42,1.0410958904109588,0.0456117681702113,smooth
0_47_655,0,1.0442477876106195,0.028400256105369046,smooth
0_47_1149,0,1.6388888888888888,0.03850640730526662,intermittent
0_47_1969,3,1.055045871559633,0.027657895782445197,smooth
0_47_3179,82,1.0588235294117647,0.06500456582216634,smooth
0_47_3234,0,1.18,0.03811198450592957,smooth
0_47_3463,3,1.1386138613861385,0.046634527089072716,smooth
0_47_3515,0,1.0442477876106195,0.030680596423721167,smooth
0_47_4337,0,1.063063063063063,0.09599285200940126,smooth
0_47_4431,0,1.0442477876106195,0.026669005745361875,smooth
0_47_5317,0,1.0535714285714286,0.028361803276643047,smooth
0_47_5619,0,1.0350877192982457,0.036554537081706966,smooth
0_47_5657,0,1.2967032967032968,0.03871478002965906,smooth
0_47_5871,0,1.0442477876106195,0.03242547442291755,smooth
0_47_6341,3,1.0454545454545454,0.2911429758451855,smooth
0_47_6898,3,1.074766355140187,0.0458329570364776,smooth
0_47_7022,0,1.0825688073394495,0.0343489643948823,smooth
0_47_7186,0,1.0350877192982457,0.13021654012505135,smooth
0_47_7457,0,1.063063063063063,0.025598545234997806,smooth
0_47_7984,0,1.0350877192982457,0.041157728443743914,smooth
0_47_8011,0,1.0442477876106195,0.1457064676204562,smooth
0_47_8157,0,1.1683168316831682,0.03726772296010925,smooth
0_47_8264,0,1.0350877192982457,0.036298010961872795,smooth
0_47_8468,38,1.1428571428571428,0.027333769368674272,smooth
0_47_8587,0,1.0535714285714286,0.028361803276643047,smooth
0_47_8869,0,1.0350877192982457,0.038047015126743904,smooth
0_47_10705,3,1.1057692307692308,0.031043898340684658,smooth
0_47_11000,86,1.103448275862069,0.044847568657092385,smooth
0_47_11015,0,1.18,0.04119806538080544,smooth
0_47_11526,3,1.055045871559633,0.04874690619416807,smooth
0_47_11721,0,1.0350877192982457,0.0658330314165934,smooth
0_47_11983,0,1.9666666666666666,0.05652093885703741,intermittent
0_47_12171,0,1.102803738317757,0.027459533473519496,smooth
0_47_13522,0,1.0442477876106195,0.021617036011080313,smooth
0_47_14311,94,1.2,0.08416000000000004,smooth
0_48_3067,0,1.0825688073394495,0.029043249929801472,smooth
0_48_3120,0,1.0350877192982457,0.2594149029701932,smooth
0_48_3227,0,1.4390243902439024,0.538980049034833,lumpy
0_48_3718,0,2.4081632653061225,1.628242851687968,lumpy
0_48_4354,77,1.2424242424242424,1.1472428699399837,erratic
0_48_4455,38,1.0256410256410255,0.23127711975269244,smooth
0_48_4466,0,1.1346153846153846,0.08086514153740511,smooth
0_48_5805,0,1.0442477876106195,0.29833381558641964,smooth
0_48_5985,0,1.0350877192982457,0.17363948314609087,smooth
0_48_6061,0,1.0442477876106195,0.4420361690242843,smooth
0_48_6868,0,1.0925925925925926,0.034799163571673716,smooth
0_48_6878,0,1.0350877192982457,0.4793700009839091,smooth
0_48_8398,0,1.0350877192982457,0.24151832079399907,smooth
0_48_9145,0,1.0350877192982457,0.09354895330487024,smooth
0_48_9637,99,1.1875,0.12992304210049796,smooth
0_48_11171,0,1.0350877192982457,0.05646078836685672,smooth
0_48_12821,0,1.063063063063063,0.32740768851037955,smooth
0_48_13779,38,1.0256410256410255,0.1145907348949901,smooth
0_83_367,0,1.0260869565217392,0.09374364929597903,smooth
0_83_639,42,1.0410958904109588,0.09645453447651256,smooth
0_83_655,0,1.0260869565217392,0.062102308736985044,smooth
0_83_1018,0,1.0260869565217392,0.10616279810571462,smooth
0_83_1149,0,1.0260869565217392,0.5038346615204737,erratic
0_83_1969,3,1.0267857142857142,0.09143381870654595,smooth
0_83_3053,0,1.0350877192982457,0.1357024275971341,smooth
0_83_3179,77,1.0,0.16097412255984347,smooth
0_83_3234,0,1.0535714285714286,0.1710427652006758,smooth
0_83_3463,3,1.074766355140187,0.06179668128933814,smooth
0_83_3515,0,1.0350877192982457,0.024862049724099545,smooth
0_83_4337,0,1.0260869565217392,0.0941531766168446,smooth
0_83_4431,0,1.0260869565217392,0.10889560699528887,smooth
0_83_5317,0,1.0350877192982457,0.06602147091812213,smooth
0_83_5619,0,1.0260869565217392,0.10427646012698841,smooth
0_83_5657,0,1.0350877192982457,0.03589696683998351,smooth
0_83_5871,0,1.0260869565217392,0.10861411862943664,smooth
0_83_6341,3,1.1386138613861385,0.2247743187249383,smooth
0_83_6898,3,1.0360360360360361,0.15046874999999982,smooth
0_83_7022,0,1.0260869565217392,0.15939858519000744,smooth
0_83_7186,0,1.0260869565217392,0.26738284321259526,smooth
0_83_7457,0,1.0260869565217392,0.08586366659401214,smooth
0_83_7984,0,1.0727272727272728,0.08889609171087867,smooth
0_83_8011,0,1.0925925925925926,0.1093781112618947,smooth
0_83_8157,0,1.0535714285714286,0.020087385403401197,smooth
0_83_8264,0,1.0260869565217392,0.14085385313087873,smooth
0_83_8468,38,1.0389610389610389,0.15847424000000018,smooth
0_83_8587,0,1.0350877192982457,0.06005694555386629,smooth
0_83_8869,0,1.0350877192982457,0.11869896193771629,smooth
0_83_10705,0,1.0260869565217392,0.1378782680865462,smooth
0_83_11000,86,1.0,0.05612110708442114,smooth
0_83_11015,0,1.0350877192982457,0.03815446690934615,smooth
0_83_11526,3,1.0267857142857142,0.03888778725185617,smooth
0_83_11983,0,1.2826086956521738,0.0625948326606615,smooth
0_83_12171,0,1.0350877192982457,0.07308074357882793,smooth
0_83_13522,0,1.0260869565217392,0.10437801932367148,smooth
0_83_14311,94,1.7142857142857142,0.20941204574636443,intermittent
0_95_367,103,3.0,0.06659729448491142,intermittent
0_95_639,51,2.0303030303030303,0.03764520918857553,intermittent
0_95_655,0,1.0825688073394495,0.027865057517296416,smooth
0_95_1149,3,1.3529411764705883,0.06777131327648865,intermittent
0_95_1969,8,1.25,0.050569347638812635,smooth
0_95_3179,82,2.5714285714285716,0.03703703703703687,intermittent
0_95_3234,21,9.7,0.05079279763504456,intermittent
0_95_3463,3,7.666666666666667,0.29328254847645446,intermittent
0_95_3515,86,6.4,0.03537981269510906,intermittent
0_95_4337,0,1.6619718309859155,0.07893595041322315,intermittent
0_95_4431,0,1.0442477876106195,0.03282618293229956,smooth
0_95_5619,0,1.145631067961165,0.02778474093204213,smooth
0_95_5657,21,1.7636363636363637,0.029741109020872625,intermittent
0_95_5871,16,1.9245283018867925,0.07318239795918366,intermittent
0_95_6341,3,3.3823529411764706,0.10153783995353657,intermittent
0_95_6898,8,1.3095238095238095,0.060472162605731565,smooth
0_95_7022,30,6.769230769230769,0.2282690854119428,intermittent
0_95_7186,0,2.0701754385964914,0.0858596926972995,intermittent
0_95_7457,16,5.368421052631579,0.16306584362139923,intermittent
0_95_8011,0,1.0535714285714286,0.030112385255511867,smooth
0_95_8157,3,2.2115384615384617,0.08062499999999986,intermittent
0_95_8264,0,1.0350877192982457,0.03321575543797757,smooth
0_95_8468,55,5.7272727272727275,0.16178446654125217,intermittent
0_95_8869,0,2.8780487804878048,0.17997632401172178,intermittent
0_95_10705,0,2.5652173913043477,0.06163726644732859,intermittent
0_95_11000,90,1.4,0.050642479213907916,intermittent
0_95_11721,0,1.0535714285714286,0.030112385255511867,smooth
0_95_11983,0,3.5757575757575757,0.10824457593688362,intermittent
0_95_12171,16,9.272727272727273,0.22294887039239006,intermittent
0_95_13522,0,1.0442477876106195,0.03362759995106373,smooth
0_100_367,0,1.0535714285714286,0.028361803276643047,smooth
0_100_639,42,1.0410958904109588,0.041989008067433393,smooth
0_100_655,0,1.0260869565217392,0.06487407946899822,smooth
0_100_1149,0,1.1346153846153846,0.01930990819879711,smooth
0_100_1969,3,1.0267857142857142,0.04664714892729999,smooth
0_100_3234,0,1.0350877192982457,0.04156198304612938,smooth
0_100_3463,3,1.0267857142857142,0.03805636540330425,smooth
0_100_3515,0,1.0442477876106195,0.03147988343141698,smooth
0_100_4337,0,1.0925925925925926,0.09787431040469108,smooth
0_100_4431,0,1.0260869565217392,0.0915190470362289,smooth
0_100_5317,0,1.0350877192982457,0.04332800000000008,smooth
0_100_5619,0,1.0442477876106195,0.0345777777777778,smooth
0_100_5657,0,1.0535714285714286,0.02948166591217737,smooth
0_100_5871,0,1.0350877192982457,0.035754572167887376,smooth
0_100_6341,3,1.0849056603773586,0.1047124428262125,smooth
0_100_6898,3,1.0849056603773586,0.03456767768220912,smooth
0_100_7022,0,1.0260869565217392,0.09537525288441032,smooth
0_100_7186,0,1.0260869565217392,0.03687245456216313,smooth
0_100_7457,0,1.0442477876106195,0.03673790242798133,smooth
0_100_7984,0,1.063063063063063,0.02345123465750552,smooth
0_100_8011,0,1.0260869565217392,0.0539376078416543,smooth
0_100_8157,0,1.0350877192982457,0.03267608878123841,smooth
0_100_8264,0,1.0260869565217392,0.04241919214069558,smooth
0_100_8468,38,1.0389610389610389,0.10265821905538361,smooth
0_100_8587,0,1.0442477876106195,0.03754360509161296,smooth
0_100_8869,0,1.0442477876106195,0.03362759995106373,smooth
0_100_10705,0,1.0442477876106195,0.03322689144168173,smooth
0_100_10789,0,1.0260869565217392,0.049160182410012014,smooth
0_100_11015,0,1.0535714285714286,0.028361803276643047,smooth
0_100_11526,3,1.0360360360360361,0.035373555495834375,smooth
0_100_11983,0,1.2826086956521738,0.019199553354493807,smooth
0_100_12171,0,1.5324675324675325,0.06067403412756307,intermittent
0_100_14311,94,1.0909090909090908,0.10858585858585851,smooth
0_120_367,0,2.107142857142857,0.08038435665108085,intermittent
0_120_639,47,1.0597014925373134,0.01755347799322865,smooth
0_120_655,0,1.0727272727272728,0.017544868431455484,smooth
0_120_1149,3,2.6136363636363638,0.0694782937350934,intermittent
0_120_1969,8,1.3924050632911393,0.039892070780101554,intermittent
0_120_3179,77,1.0789473684210527,0.05743935488135364,smooth
0_120_3234,0,1.2291666666666667,0.04849493207034894,smooth
0_120_3463,8,2.4444444444444446,0.08223062381852533,intermittent
0_120_3515,3,1.116504854368932,0.04660602805343012,smooth
0_120_4337,0,1.102803738317757,0.04890016044718168,smooth
0_120_4431,0,1.0350877192982457,0.034954607254067786,smooth
0_120_5317,0,1.1683168316831682,0.048493104350988955,smooth
0_120_5619,3,1.5753424657534247,0.040531178345230255,intermittent
0_120_5657,3,1.4024390243902438,0.06256919759920732,intermittent
0_120_5871,0,1.372093023255814,0.06375810888041474,intermittent
0_120_6341,3,1.055045871559633,0.029720223488209546,smooth
0_120_6898,8,1.3253012048192772,0.046543802952222726,smooth
0_120_7022,0,1.0825688073394495,0.028913952565550453,smooth
0_120_7186,0,1.0442477876106195,0.030137087771093612,smooth
0_120_7457,0,2.3137254901960786,0.05090909090909079,intermittent
0_120_7984,0,1.6857142857142857,0.029350402817198508,intermittent
0_120_8011,0,1.0535714285714286,0.03091309445508861,smooth
0_120_8157,0,1.5526315789473684,0.06187244114904164,intermittent
0_120_8264,0,1.1346153846153846,0.026756758975706292,smooth
0_120_8468,47,2.4482758620689653,0.06810771645936499,intermittent
0_120_8587,0,2.4583333333333335,0.05932813759742009,intermittent
0_120_8869,0,1.388235294117647,0.05901335766125174,intermittent
0_120_10705,0,1.1568627450980393,0.04356277691755982,smooth
0_120_10774,0,1.0535714285714286,0.02220599673021075,smooth
0_120_11000,86,1.1428571428571428,0.007757462788849059,smooth
0_120_11015,0,1.372093023255814,0.06520999915832017,intermittent
0_120_11526,8,1.4864864864864864,0.0830266394614898,intermittent
0_120_11983,0,3.1052631578947367,0.10838556929107872,intermittent
0_120_12171,0,1.5526315789473684,0.06854071349146705,intermittent
0_120_13522,0,1.0442477876106195,0.028400256105369046,smooth
0_121_367,0,1.0350877192982457,0.04293403621247372,smooth
0_121_639,30,1.0864197530864197,0.20987102438393324,smooth
0_121_655,0,1.0350877192982457,0.01906057221855651,smooth
0_121_1149,0,1.0350877192982457,0.17769430744636427,smooth
0_121_1183,0,1.0350877192982457,0.022288617718222613,smooth
0_121_1969,0,1.0350877192982457,0.09322306563690555,smooth
0_121_2869,0,1.0350877192982457,0.07692852458430725,smooth
0_121_2950,0,1.0350877192982457,0.16319088215607017,smooth
0_121_3053,8,1.0377358490566038,0.3955368045609408,smooth
0_121_3179,42,1.2258064516129032,0.36124825047207865,smooth
0_121_3234,0,1.0350877192982457,0.07352326970310866,smooth
0_121_3264,0,1.0350877192982457,0.04066226482716764,smooth
0_121_3463,0,1.0442477876106195,0.11916641952681235,smooth
0_121_4337,0,1.0350877192982457,0.020669937071810415,smooth
0_121_5317,0,1.0350877192982457,0.034319256146108604,smooth
0_121_5604,0,1.0350877192982457,0.037243116209814076,smooth
0_121_5619,0,1.0350877192982457,0.04256129762702116,smooth
0_121_5657,0,1.0350877192982457,0.030775786507223183,smooth
0_121_5871,0,1.0350877192982457,0.022546933188732077,smooth
0_121_6341,0,1.063063063063063,0.11757981556069295,smooth
0_121_6898,3,1.0360360360360361,0.06231929890475703,smooth
0_121_7022,0,1.0350877192982457,0.06536000059139101,smooth
0_121_7186,0,1.0350877192982457,0.10302087674985688,smooth
0_121_7457,0,1.0350877192982457,0.01771256352463981,smooth
0_121_7984,0,1.0350877192982457,0.11042845982813533,smooth
0_121_8011,0,1.0350877192982457,0.1521753932494392,smooth
0_121_8157,0,1.0350877192982457,0.028135383431671684,smooth
0_121_8264,0,1.0535714285714286,0.12132132598447812,smooth
0_121_8468,21,1.043010752688172,0.2099341130711585,smooth
0_121_8512,0,3.189189189189189,0.2939629814431643,intermittent
0_121_8587,0,1.0350877192982457,0.03377130073759563,smooth
0_121_8869,0,1.0350877192982457,0.11939560628021025,smooth
0_121_9921,0,1.0535714285714286,0.17996929567198441,smooth
0_121_10705,0,1.0350877192982457,0.05396692423472062,smooth
0_121_11000,77,1.0,0.11009296283502593,smooth
0_121_11015,0,1.0825688073394495,0.10101873337157453,smooth
0_121_11526,0,1.0350877192982457,0.024224838679300878,smooth
0_121_11552,0,1.1132075471698113,0.06840466724105027,smooth
0_121_11983,0,1.102803738317757,0.2198464487666584,smooth
0_121_12018,0,1.0350877192982457,0.026488632980998704,smooth
0_121_12171,0,1.0350877192982457,2.2970034765268923,erratic
0_123_367,0,1.063063063063063,0.02345123465750552,smooth
0_123_639,47,1.0597014925373134,0.009065838874886599,smooth
0_123_655,0,1.0350877192982457,0.03980166364870973,smooth
0_123_1018,0,1.0442477876106195,0.03282618293229956,smooth
0_123_1149,0,5.9,0.14804555247768528,intermittent
0_123_1969,25,1.690909090909091,0.08946313210069076,intermittent
0_123_3234,34,2.5454545454545454,0.07574069948763647,intermittent
0_123_3463,8,1.4473684210526316,0.06228616507075904,intermittent
0_123_3515,12,2.0784313725490198,0.07200832466181069,intermittent
0_123_4337,0,1.102803738317757,0.05943709304767896,smooth
0_123_4431,0,1.063063063063063,0.025598545234997806,smooth
0_123_5317,34,1.75,0.09826271237173903,intermittent
0_123_5619,69,1.75,0.047022684310019075,intermittent
0_123_5657,16,2.3181818181818183,0.08477508650519036,intermittent
0_123_5871,3,1.1386138613861385,0.023314134659150658,smooth
0_123_6898,8,1.1458333333333333,0.03764172335600907,smooth
0_123_7022,0,1.1346153846153846,0.03661995844211197,smooth
0_123_7186,0,1.0727272727272728,0.018891040944101718,smooth
0_123_7457,0,1.145631067961165,0.04797874915878387,smooth
0_123_7984,0,3.0256410256410255,0.0767143432362877,intermittent
0_123_8011,0,1.2164948453608246,0.019342931317115706,smooth
0_123_8157,12,1.1910112359550562,0.05890092662579426,smooth
0_123_8264,0,1.063063063063063,0.02345123465750552,smooth
0_123_8468,38,2.2222222222222223,0.06661662600863204,intermittent
0_123_8587,30,2.838709677419355,0.100358422939068,intermittent
0_123_11000,86,1.1851851851851851,0.012818998109640867,smooth
0_123_11015,0,2.0344827586206895,0.09195402298850573,intermittent
0_123_11526,3,1.796875,0.0667411124999207,intermittent
0_123_11983,0,2.3137254901960786,0.041061837712294956,intermittent
0_123_12171,3,3.3823529411764706,0.12570145903479252,intermittent
0_123_13522,0,1.063063063063063,0.025598545234997806,smooth
0_123_14311,99,3.8,0.04444444444444448,intermittent
0_155_367,3,8.214285714285714,0.03875236294896038,intermittent
0_155_639,90,2.8,0.05555555555555555,intermittent
0_155_655,8,22.0,0.06666666666666662,intermittent
0_155_4337,34,2.5454545454545454,0.05291028835884667,intermittent
0_155_4431,12,5.888888888888889,0.12163265306122463,intermittent
0_155_5619,0,8.428571428571429,0.08109504132231414,intermittent
0_155_5871,3,12.777777777777779,0.27599243856332734,intermittent
0_155_7022,0,8.428571428571429,0.08109504132231414,intermittent
0_155_7186,16,7.285714285714286,0.05529300567107761,intermittent
0_155_7984,0,29.5,0.01775147928994083,intermittent
0_155_8011,30,1.375,0.04627879297066442,intermittent
0_155_8264,21,1.7636363636363637,0.029445611742606997,intermittent
0_155_8869,99,3.8,0.04444444444444448,intermittent
0_155_11000,90,2.5454545454545454,0.16181061394380833,intermittent
0_155_11526,3,7.1875,0.11153119092627599,intermittent
0_219_15,0,1.0260869565217392,0.2201775966596415,smooth
0_219_2083,21,1.0319148936170213,0.18715013280743098,smooth
0_219_2485,0,1.0260869565217392,0.10339263614191581,smooth
0_219_2552,0,1.2421052631578948,0.1730829405851583,smooth
0_219_3476,0,1.0260869565217392,0.07753461546039234,smooth
0_219_3632,0,1.102803738317757,0.19386793192575216,smooth
0_219_4317,0,1.0925925925925926,0.47364830457448187,smooth
0_219_4530,0,1.0925925925925926,0.14497416653883993,smooth
0_219_4651,0,1.0260869565217392,0.08646088426203084,smooth
0_219_4842,0,1.0260869565217392,0.05323100658603152,smooth
0_219_5317,0,1.0260869565217392,0.03514787826832391,smooth
0_219_6776,0,1.0535714285714286,0.16771814683864877,smooth
0_219_6939,0,1.0260869565217392,0.03380848594876711,smooth
0_219_8064,0,1.0260869565217392,0.08148753070231007,smooth
0_219_8174,0,1.0260869565217392,0.030439711298616244,smooth
0_219_9064,0,1.0260869565217392,0.02624683664413458,smooth
0_219_9272,0,1.0260869565217392,0.14537379814308973,smooth
0_219_9570,0,1.2421052631578948,0.11013145512158988,smooth
0_219_10214,0,1.0260869565217392,0.02559516904150923,smooth
0_219_10573,0,1.0260869565217392,0.03574874274590939,smooth
0_219_10717,0,1.0260869565217392,0.4797788615689894,smooth
0_219_11015,0,1.0260869565217392,0.10750008888888862,smooth
0_219_11200,0,1.0260869565217392,0.10934499533248783,smooth
0_219_11551,0,1.0350877192982457,0.09537624780287204,smooth
0_219_12829,21,1.0319148936170213,0.04359843172165751,smooth
0_219_13501,0,1.102803738317757,0.21268295830437495,smooth
0_219_14208,0,1.0260869565217392,0.20171237069719813,smooth
0_234_260,0,1.0350877192982457,0.02658875813185625,smooth
0_234_704,0,1.0350877192982457,0.07628607777497669,smooth
0_234_1657,0,1.0350877192982457,0.0535932670518063,smooth
0_234_3234,0,1.0350877192982457,0.05074538781513779,smooth
0_234_3855,0,1.0350877192982457,0.09528534048643288,smooth
0_234_4029,0,1.0350877192982457,0.027909692824843048,smooth
0_234_4548,0,1.0350877192982457,0.023070664543995475,smooth
0_234_4572,0,1.0350877192982457,0.09125795964444697,smooth
0_234_4929,0,1.0350877192982457,0.04009684479586946,smooth
0_234_5027,0,1.0350877192982457,0.062049891208318685,smooth
0_234_5141,0,1.0350877192982457,0.05408090805711994,smooth
0_234_5347,0,1.0350877192982457,0.07100345698179152,smooth
0_234_5571,0,1.0350877192982457,0.04608950700331865,smooth
0_234_6432,0,1.0350877192982457,0.050725405638890574,smooth
0_234_6958,0,1.0350877192982457,0.11397841909886368,smooth
0_234_8157,0,1.0350877192982457,0.05614309119990246,smooth
0_234_8230,0,1.0350877192982457,0.05351681020992219,smooth
0_234_8287,0,1.0350877192982457,0.053641288231020934,smooth
0_234_9419,0,1.0350877192982457,0.06726638216206676,smooth
0_234_9451,0,1.0350877192982457,0.09524421517918029,smooth
0_234_9927,0,1.0350877192982457,0.09744126889630995,smooth
0_234_9962,0,1.0350877192982457,0.09993036475084602,smooth
0_234_10114,0,1.0350877192982457,0.6261590159819862,erratic
0_234_10546,0,1.0350877192982457,0.10484067469976908,smooth
0_234_10967,51,1.0,0.02364118792406808,smooth
0_234_11075,0,1.0350877192982457,0.033113193723864655,smooth
0_234_11492,30,1.0476190476190477,0.3052094642334005,smooth
0_234_11894,0,1.1132075471698113,0.35093315389008345,smooth
0_234_11976,0,1.0350877192982457,0.08056414768340836,smooth
0_234_11988,0,1.0350877192982457,0.07024851777952651,smooth
0_234_12511,0,1.1683168316831682,0.16253699967817867,smooth
0_234_14147,77,1.0,0.03340086062831027,smooth
0_242_207,0,1.1346153846153846,1.9454473518047823,erratic
0_242_355,0,1.0442477876106195,0.5681577664180383,erratic
0_242_899,0,1.0260869565217392,0.16636768225736712,smooth
0_242_1226,103,1.0,0.08548810695576316,smooth
0_242_1345,69,1.0,0.38947845804988673,smooth
0_242_1552,69,1.0208333333333333,0.29238754325259503,smooth
0_242_1724,0,1.063063063063063,0.5716768834609032,erratic
0_242_1768,0,1.0260869565217392,0.2795260885174951,smooth
0_242_1798,0,1.0260869565217392,0.6859258755376691,erratic
0_242_1936,64,1.0588235294117647,1.6357759427301837,erratic
0_242_2088,8,1.0891089108910892,1.1091611459477335,erratic
0_242_2277,21,1.1975308641975309,2.1540967732959615,erratic
0_242_2622,69,1.0425531914893618,0.2966579229590497,smooth
0_242_2762,0,1.0727272727272728,0.21198387984932446,smooth
0_242_3283,0,1.0260869565217392,0.7278328922994847,erratic
0_242_4009,0,1.0260869565217392,0.1480835212234095,smooth
0_242_4673,0,1.0260869565217392,1.6657084303684802,erratic
0_242_4893,3,1.0360360360360361,0.23422602292934439,smooth
0_242_5147,0,1.0350877192982457,0.603018360963007,erratic
0_242_5513,3,1.0360360360360361,0.6892401382591338,erratic
0_242_5526,0,1.0727272727272728,1.3867628997902308,erratic
0_242_5563,69,1.0425531914893618,0.437695713604467,smooth
0_242_5760,51,1.2181818181818183,0.29670945660001924,smooth
0_242_5921,0,1.063063063063063,0.2711815180875569,smooth
0_242_5924,0,1.0350877192982457,0.2387823668157017,smooth
0_242_7006,0,1.0260869565217392,0.32559942311159196,smooth
0_242_7072,3,1.1855670103092784,0.17776223789229578,smooth
0_242_7399,0,1.0260869565217392,0.17378626831370309,smooth
0_242_7411,0,1.0260869565217392,0.162926015428144,smooth
0_242_7524,34,1.024390243902439,0.868276621578371,erratic
0_242_8726,0,1.0350877192982457,0.3445370730500539,smooth
0_242_8884,77,1.025,0.058349609374999827,smooth
0_242_9047,82,1.0,0.17089115312316644,smooth
0_242_9268,0,1.102803738317757,0.5336431419450303,erratic
0_242_9290,0,1.0442477876106195,0.32681129450267365,smooth
0_242_9438,0,1.0260869565217392,0.5848691680587728,erratic
0_242_9541,69,1.0208333333333333,0.19824218750000014,smooth
0_242_10021,42,1.0133333333333334,0.57814655803746,erratic
0_242_10424,25,1.0333333333333334,0.5887220444528776,erratic
0_242_10476,3,1.0360360360360361,0.08635806726439213,smooth
0_242_10798,0,1.0535714285714286,0.3081450992282656,smooth
0_242_11030,3,1.0267857142857142,0.5564336775930138,erratic
0_242_11405,0,1.0925925925925926,0.4056823096885813,smooth
0_242_11524,0,1.0260869565217392,0.7583119138948471,erratic
0_242_11756,73,1.1842105263157894,1.0047967664552344,erratic
0_242_11977,0,1.0260869565217392,2.2527111093220715,erratic
0_242_12063,0,1.0442477876106195,0.28830873767341375,smooth
0_242_12073,12,1.0816326530612246,0.20328532345837272,smooth
0_242_12276,0,1.0442477876106195,0.6193665687095685,erratic
0_242_12360,12,1.092783505154639,0.2765785511711778,smooth
0_242_12586,0,1.0535714285714286,0.9810720301342255,erratic
0_242_12625,3,1.0267857142857142,0.21728228927649249,smooth
0_242_12908,77,1.025,0.3574907424804553,smooth
0_242_13089,69,1.0208333333333333,0.3149183200591317,smooth
0_242_13524,73,1.0,0.2211659067296151,smooth
0_242_13707,3,1.0267857142857142,0.5913993625509223,erratic
0_242_13734,0,1.0535714285714286,0.272547229779686,smooth
0_242_14239,0,1.063063063063063,1.2896235886370593,erratic
0_261_135,0,1.0350877192982457,0.031121465208291982,smooth
0_261_686,0,1.0350877192982457,0.18297205842679298,smooth
0_261_825,0,1.0350877192982457,0.16787136289638488,smooth
0_261_1286,0,1.063063063063063,0.28647491622483173,smooth
0_261_3161,0,1.0350877192982457,0.02916685382307452,smooth
0_261_3488,0,1.0350877192982457,0.0938570964903191,smooth
0_261_3696,94,2.1818181818181817,0.9523138360347662,lumpy
0_261_3955,0,1.0350877192982457,0.2918431956040077,smooth
0_261_4020,0,1.0350877192982457,1.0486084187645786,erratic
0_261_4560,0,1.0727272727272728,0.07064438416554314,smooth
0_261_6014,0,1.0350877192982457,0.02451633834340797,smooth
0_261_6465,86,1.0,0.07899514648496678,smooth
0_261_6531,34,1.024390243902439,0.057920472457101524,smooth
0_261_6564,0,1.0350877192982457,0.07470687525860661,smooth
0_261_6772,51,1.0,0.030347222971827792,smooth
0_261_6892,0,1.2826086956521738,0.1701150412996447,smooth
0_261_6938,77,1.0,0.036860351119022236,smooth
0_261_7071,0,1.0350877192982457,0.08885898347170505,smooth
0_261_7387,103,1.0,0.23185438463585906,smooth
0_261_8256,0,1.102803738317757,0.3046945097888781,smooth
0_261_9270,94,2.1818181818181817,0.9779062373209323,lumpy
0_261_9724,0,1.2164948453608246,0.17755926173372755,smooth
0_261_10410,8,1.3414634146341464,0.694575305116776,lumpy
0_261_11218,0,1.0442477876106195,1.115117395093443,erratic
0_261_12394,0,1.0350877192982457,0.8720733610822059,erratic
0_261_12441,73,1.0,0.1417213312608093,smooth
0_261_12477,0,1.0350877192982457,0.12025012310930197,smooth
0_261_13609,0,1.0350877192982457,0.24633034073759186,smooth
0_261_14171,0,1.0350877192982457,0.7956608072916669,erratic
0_266_208,0,1.0260869565217392,0.17547785922376277,smooth
0_266_1148,0,1.0260869565217392,0.02709774230848271,smooth
0_266_1719,0,1.0260869565217392,0.02309644943530976,smooth
0_266_2914,16,1.0736842105263158,0.22927481295464658,smooth
0_266_2940,0,1.0260869565217392,0.12190125647682586,smooth
0_266_3326,47,1.0,0.016325907315391543,smooth
0_266_3638,0,1.0260869565217392,0.02437282501992528,smooth
0_266_3779,0,1.0350877192982457,0.07041147415628166,smooth
0_266_4241,0,1.0260869565217392,0.15584797446038484,smooth
0_266_5222,0,1.0260869565217392,0.03081889958321705,smooth
0_266_5330,69,1.0,1.0753031062639615,erratic
0_266_5346,0,1.0260869565217392,0.03687357743669468,smooth
0_266_6753,0,1.0260869565217392,0.032059339781777565,smooth
0_266_7053,0,1.0260869565217392,0.025544118911312204,smooth
0_266_7614,51,1.0,0.08312739937486481,smooth
0_266_8644,0,1.0727272727272728,0.07207192513839361,smooth
0_266_8915,0,1.0260869565217392,0.06681210298873312,smooth
0_266_8998,0,1.0260869565217392,0.02161680230315446,smooth
0_266_10022,0,1.0260869565217392,0.12860413289316294,smooth
0_266_10844,0,1.0260869565217392,0.05675635996019226,smooth
0_266_11081,0,1.0260869565217392,0.025020301159387043,smooth
0_266_13440,0,1.0260869565217392,0.07191760328629393,smooth
0_266_14144,21,1.0319148936170213,0.07097906966307108,smooth
0_266_14177,0,1.0260869565217392,0.06196286376466568,smooth
0_278_367,0,1.0535714285714286,0.02661688888888894,smooth
0_278_639,42,1.0133333333333334,0.12254171390287663,smooth
0_278_655,0,1.0260869565217392,0.05409946630205399,smooth
0_278_1149,0,1.5526315789473684,0.056843447762780344,intermittent
0_278_1969,3,1.0360360360360361,0.043993801664620025,smooth
0_278_3179,77,1.0789473684210527,0.05743935488135364,smooth
0_278_3234,0,1.0825688073394495,0.03407021604938249,smooth
0_278_3463,3,1.0360360360360361,0.035373555495834375,smooth
0_278_3515,0,1.0350877192982457,0.041157728443743914,smooth
0_278_4337,0,1.0535714285714286,0.10274086466177375,smooth
0_278_4431,0,1.0260869565217392,0.1343736984589753,smooth
0_278_5317,0,1.0350877192982457,0.040204843820733284,smooth
0_278_5619,0,1.0350877192982457,0.027360430721731836,smooth
0_278_5657,0,1.2688172043010753,0.05996751641833227,smooth
0_278_5871,0,1.0442477876106195,0.03593219976434985,smooth
0_278_6341,3,1.0360360360360361,0.14283576614788085,smooth
0_278_6898,3,1.0267857142857142,0.04122734692130312,smooth
0_278_7022,0,1.0260869565217392,0.12211247651942848,smooth
0_278_7186,0,1.0260869565217392,0.11680956406231154,smooth
0_278_7457,0,1.063063063063063,0.02345123465750552,smooth
0_278_7984,3,1.0849056603773586,0.04143377986695335,smooth
0_278_8011,0,1.0260869565217392,0.07613853375615207,smooth
0_278_8157,0,1.0260869565217392,0.04553014149687219,smooth
0_278_8264,0,1.0727272727272728,0.02413708617630244,smooth
0_278_8468,38,1.1267605633802817,0.04601898165357791,smooth
0_278_8587,0,1.0260869565217392,0.02752787389465592,smooth
0_278_8869,0,1.0260869565217392,0.03002247745401723,smooth
0_278_8880,0,1.0260869565217392,0.05289099771864881,smooth
0_278_10705,0,1.063063063063063,0.022655548566420936,smooth
0_278_11000,86,1.032258064516129,0.071928912650677,smooth
0_278_11015,0,1.0925925925925926,0.03437782840735299,smooth
0_278_11526,3,1.0267857142857142,0.12042209355961006,smooth
0_278_11983,0,1.2553191489361701,0.01721422779956089,smooth
0_278_12171,0,1.0260869565217392,0.10969300153384771,smooth
0_278_14311,99,1.7272727272727273,0.12747138397502594,intermittent
0_302_655,0,1.6164383561643836,0.04972699705856926,intermittent
0_302_1965,0,1.1683168316831682,0.045243342516069915,smooth
0_302_1969,12,2.717948717948718,0.0724999999999999,intermittent
0_302_3179,86,1.7777777777777777,0.011018543402311159,intermittent
0_302_3234,38,1.9047619047619047,0.07628091411875199,intermittent
0_302_4337,0,2.0,0.11955013872374137,intermittent
0_302_4431,0,1.145631067961165,0.32697047997303746,smooth
0_302_5317,0,1.102803738317757,0.025217689834899082,smooth
0_302_5619,0,1.4936708860759493,0.053943588197012865,intermittent
0_302_5657,12,2.9444444444444446,0.05787456379550376,intermittent
0_302_5871,69,3.2666666666666666,0.09588213983818392,intermittent
0_302_6898,12,2.717948717948718,0.0724999999999999,intermittent
0_302_7022,0,1.1238095238095238,0.028844060146397604,smooth
0_302_7186,3,1.7424242424242424,0.09756422539321981,intermittent
0_302_7457,12,2.9444444444444446,0.14703098837632533,intermittent
0_302_7661,0,1.145631067961165,0.03516039123149009,smooth
0_302_8011,0,1.5128205128205128,0.05157524040646768,intermittent
0_302_8157,12,11.777777777777779,0.1285649615210503,intermittent
0_302_8264,0,1.0350877192982457,0.04332800000000008,smooth
0_302_10705,0,1.2291666666666667,0.03381986472054112,smooth
0_302_11000,86,1.0666666666666667,0.05794270833333318,smooth
0_302_11015,3,4.6,0.07522347782088037,intermittent
0_302_11983,25,5.8125,0.11920453231587466,intermittent
0_302_14311,103,3.0,0.06659729448491142,intermittent
0_323_4337,0,13.11111111111111,0.07407407407407401,intermittent
0_323_7022,60,6.444444444444445,0.01608733122665908,intermittent
0_328_295,99,1.3571428571428572,0.9012430133096624,lumpy
0_328_633,0,1.0442477876106195,0.666758005521091,erratic
0_328_1537,0,1.0442477876106195,0.07785671372562936,smooth
0_328_2950,0,1.0350877192982457,0.7136298738254852,erratic
0_328_3234,0,1.0350877192982457,0.07591602063568413,smooth
0_328_4011,0,6.2105263157894735,0.6426605334726745,lumpy
0_328_4129,0,1.0442477876106195,0.2967291549844863,smooth
0_328_6497,0,1.0442477876106195,0.16454555664062484,smooth
0_328_7133,0,1.0442477876106195,0.07259784314236162,smooth
0_328_7847,0,1.0825688073394495,0.8145660825354554,erratic
0_328_8157,0,1.0350877192982457,0.051312870655755044,smooth
0_328_10336,0,1.0442477876106195,0.08955072472803853,smooth
0_328_10983,0,1.063063063063063,0.14104201480289213,smooth
0_328_11015,0,1.0535714285714286,0.40576799999999996,smooth
0_328_12206,0,1.0442477876106195,0.08441623018641736,smooth
1_36_6101,70,24.0,0.0,intermittent
1_36_11992,94,4.8,0.0,intermittent
1_40_7628,105,4.333333333333333,0.0,intermittent
1_75_45,85,1.064516129032258,0.3234069137859226,smooth
1_75_81,65,6.625,0.3125,intermittent
1_75_213,82,1.0588235294117647,0.6802158880080958,erratic
1_75_417,96,1.0,0.3714927048260382,smooth
1_75_539,65,1.4324324324324325,0.617018841143747,lumpy
1_75_544,60,1.0,0.1917507729868304,smooth
1_75_705,69,1.8148148148148149,0.3183391003460207,intermittent
1_75_788,86,8.0,0.75,lumpy
1_75_919,64,2.16,0.4727175735406186,intermittent
1_75_948,92,6.5,0.12,intermittent
1_75_1028,60,1.3181818181818181,0.4650867130559679,smooth
1_75_1073,104,7.0,0.0,intermittent
1_75_1224,60,1.0175438596491229,0.09414350730563263,smooth
1_75_1241,69,2.227272727272727,0.5617283950617281,lumpy
1_75_1252,60,1.0,0.2582693996268785,smooth
1_75_1299,98,6.666666666666667,0.0,intermittent
1_75_1410,60,1.6111111111111112,0.41333333333333344,intermittent
1_75_1447,83,1.6666666666666667,0.28947368421052616,intermittent
1_75_1575,60,5.2727272727272725,0.41777777777777786,intermittent
1_75_1613,64,6.0,0.0,intermittent
1_75_1730,69,2.130434782608696,0.3944485025566106,intermittent
1_75_1738,72,2.090909090909091,0.2941176470588236,intermittent
1_75_1773,101,2.125,0.12,intermittent
1_75_1812,82,2.4,0.12500000000000006,intermittent
1_75_1876,87,3.4444444444444446,0.07999999999999981,intermittent
1_75_1910,64,1.9285714285714286,0.5494791666666669,lumpy
1_75_2043,104,2.8,0.0,intermittent
1_75_2055,102,2.6666666666666665,0.31250000000000017,intermittent
1_75_2067,60,1.8709677419354838,0.30592144298089474,intermittent
1_75_2217,69,2.45,0.47578089633318227,intermittent
1_75_2232,63,1.6176470588235294,0.46119807544868957,intermittent
1_75_2433,60,1.16,0.45682638378977963,smooth
1_75_2467,80,1.0555555555555556,0.5985899042239167,erratic
1_75_2500,60,1.288888888888889,0.726158274556237,erratic
1_75_2561,69,2.0416666666666665,0.9171597633136097,lumpy
1_75_2587,60,1.0,0.12935706122448978,smooth
1_75_2640,60,1.0,0.2766190697238159,smooth
1_75_2642,67,1.108695652173913,0.6087486024905963,erratic
1_75_2646,65,1.4324324324324325,0.5444435742814631,lumpy
1_75_2650,65,1.65625,0.6187264431660385,lumpy
1_75_2652,60,1.380952380952381,0.4397506925207756,intermittent
1_75_2653,88,1.3636363636363635,0.25,intermittent
1_75_2699,72,2.0,0.4027021955338713,intermittent
1_75_2844,60,1.2608695652173914,0.7126464843750001,erratic
1_75_2874,60,1.2083333333333333,0.386102654489131,smooth
1_75_2883,60,1.0,0.10545318351623616,smooth
1_75_2973,72,3.066666666666667,0.45408163265306106,intermittent
1_75_3007,69,2.7222222222222223,0.8579881656804734,lumpy
1_75_3026,98,1.8181818181818181,0.32000000000000006,intermittent
1_75_3027,60,1.9333333333333333,0.3139999999999998,intermittent
1_75_3215,60,1.0175438596491229,0.23707540795642992,smooth
1_75_3260,66,3.466666666666667,0.3199999999999998,intermittent
1_75_3321,103,1.25,0.23621227887617055,smooth
1_75_3361,60,1.0175438596491229,0.24963348990700512,smooth
1_75_3462,60,1.0,0.11775083669148277,smooth
1_75_3673,60,1.0357142857142858,0.30281878682710067,smooth
1_75_3710,71,3.9166666666666665,0.2299168975069254,intermittent
1_75_3833,62,1.0769230769230769,0.21604332256092232,smooth
1_75_3850,61,1.0,0.16786826018935186,smooth
1_75_3871,104,1.1666666666666667,0.43209876543209874,smooth
1_75_3971,60,1.0,0.2748873761502723,smooth
1_75_4094,80,2.0,0.2758264462809917,intermittent
1_75_4244,67,6.375,0.12,intermittent
1_75_4478,60,1.0,0.26645828538336463,smooth
1_75_4491,105,1.8571428571428572,0.26000000000000006,intermittent
1_75_4611,104,4.666666666666667,0.0,intermittent
1_75_4840,60,1.0175438596491229,0.3117811364333462,smooth
1_75_4854,92,2.1666666666666665,0.2299168975069254,intermittent
1_75_5012,60,1.0740740740740742,0.38844878155752294,smooth
1_75_5116,66,3.466666666666667,0.19047619047619072,intermittent
1_75_5137,65,2.2083333333333335,0.6318194033861866,lumpy
1_75_5159,100,1.3846153846153846,0.9668921324314705,lumpy
1_75_5177,68,6.25,0.6483931947069943,lumpy
1_75_5188,88,1.25,0.3412604042806185,smooth
1_75_5312,100,4.5,0.3333333333333333,intermittent
1_75_5419,60,1.0,0.30918740499103575,smooth
1_75_5431,81,1.1935483870967742,0.3912926632625636,smooth
1_75_5472,105,6.5,0.0,intermittent
1_75_5488,98,20.0,0.0,intermittent
1_75_5543,65,2.9444444444444446,0.42911153119092665,intermittent
1_75_5750,62,2.4347826086956523,0.44726120416478016,intermittent
1_75_5835,83,4.375,0.0,intermittent
1_75_6101,60,1.0,0.5124016424401627,erratic
1_75_6127,100,1.0,0.24761245674740492,smooth
1_75_6233,98,1.5384615384615385,0.23499999999999988,intermittent
1_75_6407,65,1.7666666666666666,0.2884228669922437,intermittent
1_75_6428,60,1.380952380952381,0.5560941828254845,lumpy
1_75_6474,81,1.1935483870967742,0.4833984375000001,smooth
1_75_6560,69,1.3243243243243243,0.6026655560183256,erratic
1_75_6654,60,1.0,0.07259432892249527,smooth
1_75_6674,70,3.4285714285714284,0.5259515570934258,lumpy
1_75_6747,64,2.7,0.5123456790123457,lumpy
1_75_6754,61,1.9,0.4407262839349152,intermittent
1_75_6807,60,1.0,0.193197363394996,smooth
1_75_6994,65,3.1176470588235294,0.19262782401902503,intermittent
1_75_7082,76,1.024390243902439,0.6426239999999999,erratic
1_75_7137,82,3.0,0.12500000000000006,intermittent
1_75_7139,60,1.2340425531914894,0.4916992187500001,smooth
1_75_7185,60,1.0,0.0808765432098765,smooth
1_75_7262,61,1.2127659574468086,0.43065679012345676,smooth
1_75_7273,65,2.789473684210526,0.29251700680272075,intermittent
1_75_7384,60,1.1372549019607843,0.609511573850598,erratic
1_75_7397,94,1.5,0.12,intermittent
1_75_7645,60,1.0943396226415094,0.3737813642260754,smooth
1_75_7800,64,1.0,0.5224043413475409,erratic
1_75_7859,103,5.0,0.0,intermittent
1_75_7899,105,1.4444444444444444,0.3775510204081633,intermittent
1_75_8101,105,1.0833333333333333,0.3812244897959186,smooth
1_75_8270,62,1.5555555555555556,0.29625893601157827,intermittent
1_75_8309,98,1.25,0.3957759412304867,smooth
1_75_8312,61,1.0363636363636364,0.3108875739644971,smooth
1_75_8322,61,1.5833333333333333,0.3812244897959185,intermittent
1_75_8357,69,1.96,1.0,lumpy
1_75_8480,60,1.0,0.4785062631906944,smooth
1_75_8752,64,2.16,0.3079667063020215,intermittent
1_75_8858,62,1.75,1.703053323593864,lumpy
1_75_8954,105,6.5,0.1111111111111111,intermittent
1_75_9011,65,2.12,0.5158510310864883,lumpy
1_75_9066,100,2.5714285714285716,0.26000000000000006,intermittent
1_75_9080,70,1.3333333333333333,1.3634503271861982,lumpy
1_75_9122,105,3.25,0.12,intermittent
1_75_9160,64,1.3846153846153846,0.4364328942684229,intermittent
1_75_9224,60,1.0,0.19193065649395513,smooth
1_75_9325,104,1.0,0.1828254847645427,smooth
1_75_9328,80,2.111111111111111,0.2500000000000001,intermittent
1_75_9349,105,2.6,0.12244897959183697,intermittent
1_75_9485,104,2.8,0.12244897959183697,intermittent
1_75_9502,60,1.0740740740740742,0.4829290129302184,smooth
1_75_9523,60,2.32,0.5312499999999997,lumpy
1_75_9537,98,2.857142857142857,0.0,intermittent
1_75_9587,60,1.0,0.17126864176273993,smooth
1_75_9690,64,1.173913043478261,0.312632526176557,smooth
1_75_9693,60,1.0,0.7995273527064732,erratic
1_75_9796,60,1.5263157894736843,1.6825556318008037,lumpy
1_75_9827,67,2.55,0.22788761706555663,intermittent
1_75_9920,69,1.4411764705882353,0.5347222222222222,lumpy
1_75_9945,81,2.0555555555555554,0.3599999999999998,intermittent
1_75_9957,69,4.083333333333333,0.21874999999999997,intermittent
1_75_9977,69,3.0625,0.6326530612244898,lumpy
1_75_10012,104,1.1666666666666667,0.3333333333333334,smooth
1_75_10089,65,6.625,0.12,intermittent
1_75_10211,60,1.0357142857142858,0.2960803368966634,smooth
1_75_10228,61,1.0961538461538463,0.24542124542124555,smooth
1_75_10236,101,3.4,0.0,intermittent
1_75_10379,60,1.0357142857142858,0.9532872516127819,erratic
1_75_10406,60,1.0740740740740742,0.3551229000209761,smooth
1_75_10442,103,1.0,0.5310650887573962,erratic
1_75_10642,60,1.0175438596491229,0.11533956760784603,smooth
1_75_10650,67,3.0,0.08310249307479227,intermittent
1_75_10884,71,1.0217391304347827,0.2738461538461541,smooth
1_75_10970,60,1.183673469387755,0.6945384762839645,erratic
1_75_11080,105,3.25,0.12,intermittent
1_75_11084,95,1.0,0.12090217806459307,smooth
1_75_11190,63,1.7741935483870968,0.2991157247212609,intermittent
1_75_11241,104,2.0,0.12345679012345664,intermittent
1_75_11403,64,1.2857142857142858,0.3958147987300196,smooth
1_75_11632,87,2.8181818181818183,0.12444444444444452,intermittent
1_75_11810,62,1.5555555555555556,0.34401538215029626,intermittent
1_75_11823,88,6.0,0.0,intermittent
1_75_11853,71,3.6153846153846154,0.450413223140496,intermittent
1_75_11972,68,2.1739130434782608,0.30434782608695654,intermittent
1_75_12191,82,2.0,0.5153061224489794,lumpy
1_75_12239,60,5.8,0.0,intermittent
1_75_12284,70,1.7777777777777777,0.43218227127091474,intermittent
1_75_12460,79,1.95,0.26040428061831145,intermittent
1_75_12476,61,2.7142857142857144,0.4973544973544974,intermittent
1_75_12643,71,1.5161290322580645,0.9499540863177228,lumpy
1_75_12673,60,1.0,0.10352625138772441,smooth
1_75_12708,99,1.9,0.17187499999999978,intermittent
1_75_12715,73,2.0454545454545454,0.3451676528599606,intermittent
1_75_12756,60,1.0,0.19016977452687953,smooth
1_75_12765,100,6.0,0.0,intermittent
1_75_12781,61,1.0178571428571428,0.1331695072004227,smooth
1_75_12962,60,1.0,0.22798046538351044,smooth
1_75_13031,105,1.625,0.256198347107438,intermittent
1_75_13193,64,1.9285714285714286,0.39668282093170215,intermittent
1_75_13220,60,1.288888888888889,0.35213897691263,smooth
1_75_13253,64,3.176470588235294,0.18903591682419632,intermittent
1_75_13255,68,2.1739130434782608,0.6763848396501454,lumpy
1_75_13334,60,1.0545454545454545,0.26328592042877763,smooth
1_75_13461,71,2.35,0.30177514792899407,intermittent
1_75_13482,95,1.0,0.20229181884587283,smooth
1_75_13583,104,4.666666666666667,0.16666666666666674,intermittent
1_75_13654,64,2.25,0.2841854934601667,intermittent
1_75_13671,71,2.35,0.23456790123456775,intermittent
1_75_13765,105,4.333333333333333,0.12500000000000006,intermittent
1_75_13782,68,1.0,0.1724812724405986,smooth
1_75_13792,68,1.0,0.13830980455705205,smooth
1_75_13811,102,5.333333333333333,0.0,intermittent
1_75_13815,60,1.16,0.6105769230769228,erratic
1_75_14124,83,1.5217391304347827,0.2460973370064279,intermittent
1_75_14146,84,1.7,0.12426035502958563,intermittent
1_75_14203,70,3.4285714285714284,0.6170655567117584,lumpy
1_75_14223,62,8.0,0.12345679012345664,intermittent
1_75_14249,63,1.896551724137931,1.2215711805555556,lumpy
1_79_161,19,16.5,0.0,intermittent
1_79_539,88,4.285714285714286,0.09375000000000011,intermittent
1_79_652,100,3.0,0.10204081632653039,intermittent
1_79_687,11,9.727272727272727,0.10650887573964475,intermittent
1_79_780,92,2.888888888888889,0.07999999999999981,intermittent
1_79_919,19,8.25,0.5198487712665404,lumpy
1_79_921,101,3.4,0.11111111111111122,intermittent
1_79_1105,99,19.0,0.0,intermittent
1_79_1190,88,2.727272727272727,0.10650887573964475,intermittent
1_79_1252,11,2.0980392156862746,4.449507449720534,lumpy
1_79_1297,20,16.333333333333332,0.1999999999999999,intermittent
1_79_1613,101,2.4285714285714284,0.09375000000000011,intermittent
1_79_1807,20,10.88888888888889,0.12500000000000006,intermittent
1_79_1822,15,51.5,0.0,intermittent
1_79_2048,21,9.7,0.2962962962962963,intermittent
1_79_2476,100,1.125,0.44336288672577345,smooth
1_79_2584,8,1.375,1.1844003933543814,lumpy
1_79_2646,27,30.333333333333332,0.12500000000000006,intermittent
1_79_2699,21,13.857142857142858,0.12345679012345664,intermittent
1_79_2822,10,27.0,0.0,intermittent
1_79_2876,43,3.125,1.5850340136054424,lumpy
1_79_2923,12,106.0,0.0,intermittent
1_79_2953,20,49.0,0.0,intermittent
1_79_3086,19,6.1875,0.19727891156462585,intermittent
1_79_3361,20,5.764705882352941,0.12396694214876024,intermittent
1_79_3404,101,2.8333333333333335,0.2592592592592593,intermittent
1_79_3462,11,2.891891891891892,0.5154379332073092,lumpy
1_79_3673,8,5.7894736842105265,0.3289224952741021,intermittent
1_79_3699,20,19.6,0.11111111111111122,intermittent
1_79_3870,27,4.55,1.0927467300832343,lumpy
1_79_4075,20,7.0,0.20987654320987634,intermittent
1_79_4136,19,99.0,0.0,intermittent
1_79_4498,19,12.375,0.12,intermittent
1_79_4506,101,4.25,0.375,intermittent
1_79_4666,20,8.166666666666666,0.1999999999999999,intermittent
1_79_4854,20,9.8,0.11111111111111122,intermittent
1_79_5116,101,3.4,0.11111111111111122,intermittent
1_79_5326,91,9.0,0.0,intermittent
1_79_5432,13,15.0,0.0,intermittent
1_79_5453,11,2.018867924528302,1.038461538461538,lumpy
1_79_5519,83,2.6923076923076925,1.003652300949598,lumpy
1_79_5641,101,8.5,0.1111111111111111,intermittent
1_79_5706,14,6.933333333333334,0.530612244897959,lumpy
1_79_5857,101,4.25,0.5510204081632653,lumpy
1_79_5897,20,7.0,0.26388888888888906,intermittent
1_79_6143,37,6.75,0.3702422145328718,intermittent
1_79_6894,19,9.9,0.2962962962962963,intermittent
1_79_6932,100,2.0,0.1183431952662723,intermittent
1_79_6935,38,8.0,0.5570934256055365,lumpy
1_79_7055,38,8.88888888888889,0.2248520710059171,intermittent
1_79_7115,34,14.0,0.0,intermittent
1_79_7278,98,2.2222222222222223,0.6530612244897959,lumpy
1_79_7324,20,6.533333333333333,0.2239999999999998,intermittent
1_79_7349,92,4.333333333333333,0.12500000000000006,intermittent
1_79_7376,20,12.25,0.28,intermittent
1_79_7384,21,48.5,0.0,intermittent
1_79_7481,19,9.0,0.11718750000000003,intermittent
1_79_7532,101,4.25,0.12,intermittent
1_79_7615,89,4.833333333333333,0.5,lumpy
1_79_7800,88,3.3333333333333335,0.5,lumpy
1_79_8019,29,12.714285714285714,0.5399999999999999,lumpy
1_79_8141,12,6.625,0.3056,intermittent
1_79_8150,102,3.2,0.0,intermittent
1_79_8375,36,13.666666666666666,0.0,intermittent
1_79_8791,20,8.166666666666666,0.43999999999999984,intermittent
1_79_9009,21,12.125,0.08641975308641975,intermittent
1_79_9011,19,11.0,0.07999999999999981,intermittent
1_79_9160,16,6.375,0.3568,intermittent
1_79_9203,34,16.8,0.0,intermittent
1_79_9224,19,5.2105263157894735,0.2534722222222223,intermittent
1_79_9321,105,6.5,0.0,intermittent
1_79_9328,20,16.333333333333332,0.10204081632653039,intermittent
1_79_9391,98,5.0,0.0,intermittent
1_79_10177,22,13.714285714285714,0.09375000000000011,intermittent
1_79_10211,38,16.0,0.0,intermittent
1_79_10281,20,14.0,0.0,intermittent
1_79_10345,85,8.25,0.3333333333333333,intermittent
1_79_10590,9,4.36,0.234567901234568,intermittent
1_79_10612,85,2.2,0.6735537190082648,lumpy
1_79_10627,19,5.823529411764706,0.11791383219954639,intermittent
1_79_11053,99,3.1666666666666665,0.10204081632653039,intermittent
1_79_11190,99,3.1666666666666665,0.10204081632653039,intermittent
1_79_11403,92,2.0,0.6385041551246541,lumpy
1_79_11972,97,2.625,0.08641975308641975,intermittent
1_79_12082,65,3.1176470588235294,0.15680473372781079,intermittent
1_79_12190,19,6.6,0.11111111111111122,intermittent
1_79_12328,93,8.333333333333334,0.0,intermittent
1_79_12745,92,13.0,0.0,intermittent
1_79_13193,19,5.5,0.9644444444444445,lumpy
1_79_13301,27,45.5,0.0,intermittent
1_79_13686,27,18.2,0.0,intermittent
1_79_13869,19,9.9,0.22448979591836746,intermittent
1_151_7358,74,3.142857142857143,1.1094010391138123,lumpy
1_151_8594,72,3.5384615384615383,0.338424915691331,intermittent
1_151_12377,74,4.0,0.2901234567901233,intermittent
1_235_161,69,6.125,0.5488,lumpy
1_235_539,100,1.2857142857142858,0.3015873015873015,smooth
1_235_1224,92,2.1666666666666665,0.2766346593507087,intermittent
1_235_1252,97,1.9090909090909092,0.42424242424242425,intermittent
1_235_1442,95,1.2777777777777777,0.9999999999999997,erratic
1_235_2175,99,1.2666666666666666,0.47918188458728983,smooth
1_235_2646,101,3.4,0.30000000000000004,intermittent
1_235_2650,99,6.333333333333333,0.5,lumpy
1_235_2876,73,1.0465116279069768,0.7600787006674125,erratic
1_235_3337,101,4.25,0.0,intermittent
1_235_3361,69,3.2666666666666666,0.329639889196676,intermittent
1_235_3382,87,1.9375,0.2653061224489796,intermittent
1_235_3618,97,1.4,0.4516129032258063,intermittent
1_235_3851,66,1.9259259259259258,0.6446051919956736,lumpy
1_235_3971,96,1.375,0.2856758935769954,intermittent
1_235_4131,101,1.7,0.24260355029585792,intermittent
1_235_5326,82,3.0,0.4696789536266353,intermittent
1_235_5419,72,1.3142857142857143,0.18608799048751462,smooth
1_235_5432,77,3.4166666666666665,0.4783999999999998,intermittent
1_235_5453,66,2.08,0.6630611141157384,lumpy
1_235_5906,91,1.08,1.0787422735823706,erratic
1_235_6149,67,4.636363636363637,0.36212278876170645,intermittent
1_235_7358,72,1.5333333333333334,0.565213250583324,lumpy
1_235_7628,72,1.9166666666666667,0.20964207450693934,intermittent
1_235_8793,93,1.5625,0.56,lumpy
1_235_8932,105,2.1666666666666665,0.31250000000000017,intermittent
1_235_9203,98,1.5384615384615385,0.26757369614512455,intermittent
1_235_9508,82,1.2,0.47916666666666674,smooth
1_235_9587,68,5.555555555555555,1.0204081632653061,lumpy
1_235_10211,85,2.0625,0.3333333333333333,intermittent
1_235_10468,92,2.6,0.1499999999999999,intermittent
1_235_10517,96,7.333333333333333,0.3199999999999998,intermittent
1_235_10590,92,1.2380952380952381,0.2800925925925927,smooth
1_235_11017,66,2.08,0.29387269482450945,intermittent
1_235_11992,97,1.3125,0.22,smooth
1_235_12098,94,1.2,0.33680555555555564,smooth
1_235_12756,72,1.5862068965517242,0.43393452615726613,intermittent
1_235_13238,101,2.125,0.08641975308641975,intermittent
1_235_13686,98,2.5,0.12,intermittent
1_235_14013,81,1.85,0.28655759824590993,intermittent
1_235_14186,105,2.6,0.0,intermittent
2_251_167,60,19.333333333333332,0.0,intermittent
2_251_176,58,20.0,0.12500000000000006,intermittent
2_251_265,78,10.0,0.0,intermittent
2_251_375,44,18.5,0.0,intermittent
2_251_558,58,8.571428571428571,0.09375000000000011,intermittent
2_251_839,83,11.666666666666666,0.0,intermittent
2_251_885,38,20.0,0.0,intermittent
2_251_983,72,7.666666666666667,0.10204081632653039,intermittent
2_251_1029,54,12.8,0.11111111111111122,intermittent
2_251_1042,50,34.0,0.04,intermittent
2_251_1225,47,8.875,0.0,intermittent
2_251_1242,84,17.0,0.0,intermittent
2_251_1263,44,10.571428571428571,0.09375000000000011,intermittent
2_251_1298,56,62.0,0.0,intermittent
2_251_1363,73,11.25,0.0,intermittent
2_251_1718,69,12.25,0.12,intermittent
2_251_1871,45,4.5625,0.2,intermittent
2_251_2052,68,16.666666666666668,0.0,intermittent
2_251_2126,51,67.0,0.0,intermittent
2_251_2284,78,40.0,0.0,intermittent
2_251_2333,51,33.5,0.0,intermittent
2_251_2373,102,5.333333333333333,0.0,intermittent
2_251_2523,48,70.0,0.0,intermittent
2_251_2528,56,20.666666666666668,0.0,intermittent
2_251_2535,78,20.0,0.0,intermittent
2_251_2583,60,5.2727272727272725,0.3321799307958478,intermittent
2_251_2594,74,8.8,0.17283950617283939,intermittent
2_251_2655,93,6.25,0.12,intermittent
2_251_2723,53,4.333333333333333,0.0,intermittent
2_251_2829,44,18.5,0.0,intermittent
2_251_2962,51,13.4,0.11111111111111122,intermittent
2_251_3107,61,6.333333333333333,0.12500000000000006,intermittent
2_251_3114,56,31.0,0.1111111111111111,intermittent
2_251_3439,28,18.0,0.5624999999999997,lumpy
2_251_3593,85,4.125,0.12,intermittent
2_251_3620,77,41.0,0.0,intermittent
2_251_3666,64,27.0,0.0,intermittent
2_251_3815,66,10.4,0.0,intermittent
2_251_3890,66,4.7272727272727275,0.0694444444444446,intermittent
2_251_3908,104,2.8,0.6000000000000001,lumpy
2_251_3942,63,55.0,0.0,intermittent
2_251_4154,102,2.6666666666666665,0.10204081632653039,intermittent
2_251_4338,71,47.0,0.0,intermittent
2_251_4570,104,7.0,0.0,intermittent
2_251_4699,57,61.0,0.0,intermittent
2_251_4808,65,6.625,0.08641975308641975,intermittent
2_251_4859,77,4.1,0.11111111111111122,intermittent
2_251_4867,58,20.0,0.0,intermittent
2_251_4917,105,6.5,0.1111111111111111,intermittent
2_251_4920,48,17.5,0.75,lumpy
2_251_5109,70,48.0,0.0,intermittent
2_251_5203,51,33.5,0.0,intermittent
2_251_5217,83,35.0,0.0,intermittent
2_251_5332,89,4.833333333333333,0.0,intermittent
2_251_5348,58,20.0,0.12500000000000006,intermittent
2_251_5356,51,13.4,0.0,intermittent
2_251_5400,54,6.4,0.12426035502958563,intermittent
2_251_5404,45,10.428571428571429,0.09375000000000011,intermittent
2_251_5575,56,8.857142857142858,0.09375000000000011,intermittent
2_251_5601,58,20.0,0.0,intermittent
2_251_5645,35,83.0,0.0,intermittent
2_251_5826,105,13.0,0.0,intermittent
2_251_5890,61,3.5625,0.18518518518518517,intermittent
2_251_5920,59,7.375,0.08641975308641975,intermittent
2_251_5934,68,16.666666666666668,0.0,intermittent
2_251_5949,72,15.333333333333334,0.0,intermittent
2_251_6068,46,9.0,0.0,intermittent
2_251_6385,72,46.0,0.0,intermittent
2_251_6404,102,5.333333333333333,0.04081632653061209,intermittent
2_251_6430,59,8.428571428571429,0.0,intermittent
2_251_6633,34,28.0,0.12500000000000006,intermittent
2_251_6786,102,16.0,0.0,intermittent
2_251_6874,45,10.428571428571429,0.0,intermittent
2_251_6888,48,6.363636363636363,0.10650887573964475,intermittent
2_251_6930,94,12.0,0.1111111111111111,intermittent
2_251_6990,69,24.5,0.36,intermittent
2_251_7025,50,5.666666666666667,0.21874999999999997,intermittent
2_251_7085,99,19.0,0.0,intermittent
2_251_7174,78,13.333333333333334,0.0,intermittent
2_251_7271,70,12.0,0.1111111111111111,intermittent
2_251_7470,59,11.8,0.11111111111111122,intermittent
2_251_7480,34,12.0,0.09375000000000011,intermittent
2_251_7482,74,5.5,1.0718336483931947,lumpy
2_251_7486,75,6.142857142857143,0.5244444444444446,lumpy
2_251_7613,51,13.4,0.0,intermittent
2_251_7915,63,18.333333333333332,0.0,intermittent
2_251_7980,82,18.0,0.0,intermittent
2_251_8001,57,20.333333333333332,0.12500000000000006,intermittent
2_251_8118,77,41.0,0.0,intermittent
2_251_8160,68,10.0,0.0,intermittent
2_251_8261,33,85.0,0.0,intermittent
2_251_8297,57,12.2,0.0,intermittent
2_251_8346,71,47.0,0.0,intermittent
2_251_8372,37,40.5,0.0,intermittent
2_251_8382,69,24.5,0.0,intermittent
2_251_8413,56,4.769230769230769,0.12456747404844289,intermittent
2_251_8586,58,30.0,0.0,intermittent
2_251_8713,73,22.5,0.0,intermittent
2_251_8772,51,22.333333333333332,0.0,intermittent
2_251_8809,50,34.0,0.25,intermittent
2_251_8937,31,43.5,0.1111111111111111,intermittent
2_251_8940,57,61.0,0.0,intermittent
2_251_9085,65,53.0,0.0,intermittent
2_251_9112,42,5.428571428571429,0.3305785123966942,intermittent
2_251_9222,79,2.4375,0.5610957217605417,lumpy
2_251_9259,46,6.545454545454546,0.2366863905325442,intermittent
2_251_9271,30,11.0,0.0,intermittent
2_251_9558,61,19.0,0.0,intermittent
2_251_9867,63,4.583333333333333,0.21874999999999997,intermittent
2_251_9924,34,14.0,0.0,intermittent
2_251_9953,68,50.0,0.0,intermittent
2_251_10163,77,41.0,0.0,intermittent
2_251_10199,66,26.0,0.0,intermittent
2_251_10302,66,17.333333333333332,0.12500000000000006,intermittent
2_251_10422,100,9.0,0.0,intermittent
2_251_10490,68,50.0,0.0,intermittent
2_251_11008,62,28.0,0.0,intermittent
2_251_11025,63,55.0,0.0,intermittent
2_251_11265,88,30.0,0.0,intermittent
2_251_11335,36,16.4,0.17283950617283939,intermittent
2_251_11444,82,12.0,0.0,intermittent
2_251_11507,46,8.0,0.0,intermittent
2_251_11671,46,10.285714285714286,0.0,intermittent
2_251_11750,35,5.533333333333333,0.12188365650969539,intermittent
2_251_11818,77,13.666666666666666,0.0,intermittent
2_251_11852,72,46.0,0.0,intermittent
2_251_11912,84,34.0,0.0,intermittent
2_251_12029,82,3.6,1.1487603305785121,lumpy
2_251_12122,26,92.0,0.0,intermittent
2_251_12180,84,17.0,0.4444444444444444,intermittent
2_251_12329,104,7.0,0.0,intermittent
2_251_12353,102,16.0,0.0,intermittent
2_251_12386,79,5.571428571428571,0.0,intermittent
2_251_12486,50,68.0,0.0,intermittent
2_251_12494,72,15.333333333333334,0.12500000000000006,intermittent
2_251_12606,67,6.375,0.12396694214876033,intermittent
2_251_12626,48,7.0,0.22448979591836746,intermittent
2_251_12650,103,5.0,0.0,intermittent
2_251_12766,101,5.666666666666667,0.12500000000000006,intermittent
2_251_12953,72,46.0,0.0,intermittent
2_251_13053,105,13.0,0.0,intermittent
2_251_13072,103,5.0,0.12500000000000006,intermittent
2_251_13135,77,41.0,0.0,intermittent
2_251_13138,60,9.666666666666666,0.0,intermittent
2_251_13221,83,17.5,0.0,intermittent
2_251_13260,67,51.0,0.0,intermittent
2_251_13424,85,4.714285714285714,0.12345679012345664,intermittent
2_251_13444,46,10.285714285714286,0.09375000000000011,intermittent
2_251_13546,85,11.0,0.07999999999999986,intermittent
2_251_13655,54,7.111111111111111,0.3999999999999998,intermittent
2_251_13682,63,13.75,0.0,intermittent
2_251_13688,85,33.0,0.0,intermittent
2_251_13747,49,34.5,0.0,intermittent
2_251_13855,102,16.0,0.0,intermittent
2_251_14012,83,7.0,1.6870748299319727,lumpy
2_251_14062,42,19.0,0.0,intermittent
2_251_14168,82,9.0,0.12,intermittent
2_251_14188,63,6.111111111111111,0.40625000000000017,intermittent
2_251_14253,75,5.375,0.0,intermittent
2_251_14258,67,12.75,0.0,intermittent
3_148_784,102,1.0,0.2603550295857988,smooth
3_148_2125,0,1.0,0.14075381808389928,smooth
3_148_3129,0,1.0,0.1486227149341848,smooth
3_148_3621,0,1.0260869565217392,0.18037798303745248,smooth
3_148_4049,0,1.0,0.1417275891952395,smooth
3_148_4401,0,1.0,0.2510097772868893,smooth
3_148_5153,0,1.0,0.13422216828663322,smooth
3_148_5430,0,1.0085470085470085,0.14292560752859707,smooth
3_148_5560,57,1.0,0.07779941193503993,smooth
3_148_5658,0,1.0,0.26161045156573765,smooth
3_148_6785,0,1.0350877192982457,0.09296417831001602,smooth
3_148_7196,0,1.0085470085470085,0.12853899572649574,smooth
3_148_7491,0,1.063063063063063,0.20976439719576825,smooth
3_148_7723,88,1.1111111111111112,0.6876824484919954,erratic
3_148_7786,0,1.0727272727272728,0.2658758391089445,smooth
3_148_8370,0,1.0,0.15739501307775533,smooth
3_148_8973,6,1.018181818181818,0.16519081209723258,smooth
3_148_9295,0,1.2421052631578948,0.43238285714285685,smooth
3_148_10315,0,1.0442477876106195,0.1901405378359055,smooth
3_148_10540,0,1.1132075471698113,0.21087131803153206,smooth
3_148_10561,21,1.1686746987951808,0.46083091075684673,smooth
3_148_11420,3,1.0087719298245614,0.2026678334952734,smooth
3_148_12584,0,1.0,0.2441599577874676,smooth
3_148_13029,102,1.0,0.041486040295590845,smooth
3_148_13377,0,1.0172413793103448,0.12115891481300248,smooth
3_148_13762,0,1.0,0.15147762701930778,smooth
4_39_6,17,10.1,0.07438016528925608,intermittent
4_39_12,37,13.5,0.10204081632653039,intermittent
4_39_423,8,2.682926829268293,0.5675228613339156,lumpy
4_39_608,35,5.928571428571429,0.15702479338842984,intermittent
4_39_684,8,1.71875,0.36463673469387753,intermittent
4_39_690,8,2.0754716981132075,0.6360480390317134,lumpy
4_39_1053,10,2.0377358490566038,0.24635160680529275,intermittent
4_39_1079,103,1.6666666666666667,0.125,intermittent
4_39_1437,15,2.019607843137255,0.6548479999999998,lumpy
4_39_1574,96,22.0,0.0,intermittent
4_39_2036,8,2.8947368421052633,2.4961355529131986,lumpy
4_39_2214,89,1.9333333333333333,0.3257852447041634,intermittent
4_39_2227,8,1.4285714285714286,1.061254545217584,lumpy
4_39_2420,8,5.238095238095238,0.3305785123966942,intermittent
4_39_2673,8,4.583333333333333,0.3412228796844181,intermittent
4_39_2740,15,4.904761904761905,0.42899408284023677,intermittent
4_39_3244,11,3.242424242424242,1.0948937102783254,lumpy
4_39_3268,12,2.25531914893617,0.38715277777777807,intermittent
4_39_3369,8,1.4864864864864864,0.9081530652846924,lumpy
4_39_3477,25,10.333333333333334,0.0,intermittent
4_39_3512,8,1.4864864864864864,0.7370258770455851,lumpy
4_39_3697,8,2.8947368421052633,0.4176222964145742,intermittent
4_39_3913,9,7.785714285714286,0.46222222222222237,intermittent
4_39_3926,9,3.1142857142857143,2.517202268431002,lumpy
4_39_4313,8,1.3924050632911393,0.7409521586435931,lumpy
4_39_4693,8,1.5068493150684932,0.3698891245402561,intermittent
4_39_5094,27,4.7894736842105265,0.2617187500000002,intermittent
4_39_5110,95,3.8333333333333335,0.1111111111111111,intermittent
4_39_5179,8,13.75,0.6711111111111111,lumpy
4_39_5242,72,7.666666666666667,0.21874999999999997,intermittent
4_39_5325,8,2.0754716981132075,0.7567041259280296,lumpy
4_39_5487,10,1.565217391304348,2.049764658136205,lumpy
4_39_5879,8,3.793103448275862,0.4585798816568045,intermittent
4_39_5951,16,4.434782608695652,0.40844233055885854,intermittent
4_39_6498,10,12.0,0.3999999999999998,intermittent
4_39_6985,17,14.428571428571429,0.2148760330578513,intermittent
4_39_7144,19,3.5357142857142856,0.4097222222222225,intermittent
4_39_7248,14,1.793103448275862,0.8622457898723848,lumpy
4_39_7281,8,3.793103448275862,0.12491781722550938,intermittent
4_39_7530,9,2.945945945945946,0.5326222222222219,lumpy
4_39_8317,21,9.7,0.22448979591836746,intermittent
4_39_8683,13,7.0,0.25514403292181054,intermittent
4_39_9496,10,4.695652173913044,0.17555555555555552,intermittent
4_39_9981,28,4.285714285714286,0.26000000000000006,intermittent
4_39_10191,9,2.945945945945946,0.5205479452054794,lumpy
4_39_10511,30,88.0,0.0,intermittent
4_39_10538,24,2.9375,0.21282798833819241,intermittent
4_39_10784,8,5.5,0.7454825067281815,lumpy
4_39_10818,10,15.428571428571429,0.5399999999999999,lumpy
4_39_10905,97,4.2,0.11111111111111122,intermittent
4_39_10930,14,2.2127659574468086,0.4456941659738865,intermittent
4_39_11458,8,3.6666666666666665,0.5957933241883856,lumpy
4_39_11582,20,49.0,0.0,intermittent
4_39_11837,8,3.235294117647059,0.7218442932728646,lumpy
4_39_11907,14,6.5,0.10803324099722991,intermittent
4_39_12305,95,4.6,0.24999999999999983,intermittent
4_39_12425,9,7.266666666666667,0.2719999999999998,intermittent
4_39_12498,11,2.7435897435897436,0.27602617489589537,intermittent
4_39_12500,8,13.75,0.2781065088757396,intermittent
4_39_12761,14,2.736842105263158,0.3698765432098767,intermittent
4_39_13222,8,3.793103448275862,0.4691537233270431,intermittent
4_39_13327,72,3.2857142857142856,0.3928571428571428,intermittent
4_39_13347,9,3.5161290322580645,0.4598337950138506,intermittent
4_39_13758,20,19.6,0.0,intermittent
4_39_13937,21,12.125,0.256198347107438,intermittent
4_39_13949,15,4.12,0.41999999999999993,intermittent
4_39_14142,72,23.0,0.0,intermittent
4_55_64,83,1.5217391304347827,0.7761111111111111,lumpy
4_55_348,16,6.8,0.054687499999999965,intermittent
4_55_442,0,1.2967032967032968,0.3497729823487401,smooth
4_55_684,3,1.6666666666666667,0.5756156781130766,lumpy
4_55_1879,25,3.875,0.17187500000000014,intermittent
4_55_2231,88,1.0714285714285714,0.9529685005080561,erratic
4_55_2474,93,2.7777777777777777,0.6436672967863892,lumpy
4_55_2715,80,5.428571428571429,0.29629629629629606,intermittent
4_55_2740,16,2.55,0.2809917355371899,intermittent
4_55_2802,2,19.333333333333332,0.10204081632653039,intermittent
4_55_3070,9,2.945945945945946,0.5213652244020424,lumpy
4_55_3116,100,4.5,0.125,intermittent
4_55_3249,2,1.1485148514851484,0.5822652762549921,erratic
4_55_3275,3,2.4468085106382977,0.450617283950617,intermittent
4_55_3846,7,2.4130434782608696,2.3592289553810586,lumpy
4_55_4274,4,1.2391304347826086,0.6961621102279678,erratic
4_55_4304,95,1.15,0.40902366863905315,smooth
4_55_4949,11,5.095238095238095,0.36703601108033235,intermittent
4_55_5005,55,31.5,0.0,intermittent
4_55_5160,81,1.1935483870967742,0.626874279123414,erratic
4_55_5331,2,2.8292682926829267,0.33360038455375746,intermittent
4_55_5361,22,5.052631578947368,0.3246618106139439,intermittent
4_55_5491,99,2.111111111111111,0.48499999999999976,intermittent
4_55_5527,4,3.1666666666666665,0.26720000000000016,intermittent
4_55_5541,3,1.3068181818181819,0.7627212462975923,erratic
4_55_6034,20,9.8,0.24999999999999983,intermittent
4_55_6610,82,9.0,0.0,intermittent
4_55_6645,7,2.0943396226415096,0.3237325964502071,intermittent
4_55_6903,3,1.6666666666666667,0.7307175490459558,lumpy
4_55_7141,78,1.0526315789473684,0.5421436004162334,erratic
4_55_7143,105,4.333333333333333,0.12500000000000006,intermittent
4_55_7283,79,2.1666666666666665,0.5311909262759927,lumpy
4_55_7294,14,2.4761904761904763,0.7289490114464098,lumpy
4_55_7492,73,4.5,0.12426035502958563,intermittent
4_55_7530,86,3.5555555555555554,0.07999999999999981,intermittent
4_55_7753,0,4.72,0.17728531855955687,intermittent
4_55_8725,90,2.0,0.09375000000000011,intermittent
4_55_8886,6,1.671641791044776,0.42711468224981713,intermittent
4_55_10180,97,1.2352941176470589,1.2867863982195542,erratic
4_55_10210,99,9.5,0.1111111111111111,intermittent
4_55_10286,88,2.142857142857143,0.6552148077317124,lumpy
4_55_10626,53,3.4210526315789473,0.5669135802469136,lumpy
4_55_10827,5,2.215686274509804,0.7328150930212245,lumpy
4_55_11090,0,1.5945945945945945,0.34881496439579135,intermittent
4_55_11434,84,8.5,0.0,intermittent
4_55_11468,64,1.8620689655172413,2.7533087103724223,lumpy
4_55_11705,0,1.873015873015873,0.7269551195915077,lumpy
4_55_12011,0,5.130434782608695,0.22485207100591714,intermittent
4_55_12227,54,2.0,5.521901040871768,lumpy
4_55_12615,14,17.333333333333332,0.3388429752066117,intermittent
4_55_12633,28,4.7368421052631575,0.04500000000000018,intermittent
4_55_12915,5,1.6376811594202898,0.30617283950617286,intermittent
4_55_13549,2,1.1047619047619048,0.47505935169192753,smooth
4_55_13581,3,1.8253968253968254,0.9149411745387971,lumpy
4_55_13907,3,2.875,0.580608509026638,lumpy
4_55_14155,2,3.135135135135135,0.2526041666666664,intermittent
4_55_14299,0,2.0701754385964914,0.6339020035707199,lumpy
4_98_185,75,43.0,0.0,intermittent
4_98_245,82,12.0,0.0,intermittent
4_98_656,71,5.222222222222222,0.07999999999999981,intermittent
4_98_660,68,16.666666666666668,0.0,intermittent
4_98_1006,73,9.0,0.3999999999999999,intermittent
4_98_2231,90,4.666666666666667,0.31250000000000017,intermittent
4_98_2256,77,4.555555555555555,0.0,intermittent
4_98_2349,75,21.5,0.0,intermittent
4_98_2371,78,13.333333333333334,0.07999999999999986,intermittent
4_98_2417,78,13.333333333333334,0.0,intermittent
4_98_2788,80,19.0,0.1111111111111111,intermittent
4_98_2856,80,9.5,0.0,intermittent
4_98_3937,74,11.0,0.0,intermittent
4_98_4287,76,10.5,0.0,intermittent
4_98_4367,94,24.0,0.0,intermittent
4_98_4528,71,5.875,0.5206611570247934,lumpy
4_98_5094,76,4.666666666666667,0.07999999999999981,intermittent
4_98_5325,70,12.0,0.0,intermittent
4_98_5768,74,4.888888888888889,0.0,intermittent
4_98_7649,67,12.75,0.0,intermittent
4_98_7950,82,18.0,0.0,intermittent
4_98_8871,80,6.333333333333333,0.0,intermittent
4_98_9378,68,25.0,0.0,intermittent
4_98_10174,69,5.444444444444445,0.07999999999999981,intermittent
4_98_11400,90,7.0,0.1111111111111111,intermittent
4_98_11468,80,9.5,0.0,intermittent
4_98_11609,80,7.6,0.0,intermittent
4_98_12430,80,9.5,0.5857988165680473,lumpy
4_98_12471,69,24.5,0.5625,lumpy
4_98_13199,69,49.0,0.0,intermittent
4_98_13669,75,10.75,0.0,intermittent
4_98_13826,79,39.0,0.0,intermittent
4_124_200,38,80.0,0.0,intermittent
4_124_1674,26,23.0,0.0,intermittent
4_124_1901,38,80.0,0.0,intermittent
4_124_2143,31,8.7,0.07438016528925608,intermittent
4_124_2746,29,11.125,0.28,intermittent
4_124_4095,28,4.5,0.12426035502958563,intermittent
4_124_5005,52,66.0,0.0,intermittent
4_124_5660,46,9.0,0.08641975308641975,intermittent
4_124_6326,38,40.0,0.0,intermittent
4_124_6406,25,10.333333333333334,0.07999999999999981,intermittent
4_124_10159,65,17.666666666666668,0.0,intermittent
4_124_10463,37,20.25,0.0,intermittent
4_124_11393,28,9.0,0.07438016528925608,intermittent
4_124_11541,43,75.0,0.0,intermittent
4_124_12156,27,18.2,0.11111111111111122,intermittent
4_124_13229,63,55.0,0.0,intermittent
4_203_49,96,5.5,0.0,intermittent
4_203_245,0,1.1919191919191918,1.0966013038212785,erratic
4_203_311,4,10.363636363636363,0.3750000000000003,intermittent
4_203_330,0,7.866666666666666,0.40903686087990493,intermittent
4_203_376,0,2.185185185185185,0.3879437869822487,intermittent
4_203_404,0,3.2777777777777777,1.1070154577883475,lumpy
4_203_507,23,5.588235294117647,0.08310249307479227,intermittent
4_203_647,22,5.647058823529412,0.17728531855955684,intermittent
4_203_657,6,1.6470588235294117,0.47230380438494657,intermittent
4_203_742,82,12.0,0.0,intermittent
4_203_801,11,11.88888888888889,0.5,lumpy
4_203_871,2,3.2222222222222223,0.35478310830221216,intermittent
4_203_902,0,2.95,0.5237380371551886,lumpy
4_203_971,44,18.5,0.0,intermittent
4_203_1082,1,5.571428571428571,0.16666666666666669,intermittent
4_203_1138,3,1.7164179104477613,1.215102040816327,lumpy
4_203_1213,4,3.9310344827586206,0.37809917355371925,intermittent
4_203_1253,32,43.0,0.0,intermittent
4_203_1279,86,6.4,0.11111111111111122,intermittent
4_203_1437,1,3.65625,0.6331360946745562,lumpy
4_203_1458,0,1.1568627450980393,0.8215347149591619,erratic
4_203_1506,71,2.473684210526316,0.4328512396694214,intermittent
4_203_1562,0,2.4081632653061225,0.8756098787787338,lumpy
4_203_1867,21,6.0625,0.12,intermittent
4_203_2018,101,4.25,0.0,intermittent
4_203_2234,13,13.125,0.08641975308641975,intermittent
4_203_2239,8,22.0,0.11111111111111122,intermittent
4_203_2257,3,1.15,1.1665565485329947,erratic
4_203_2365,0,4.916666666666667,0.2041522491349479,intermittent
4_203_2802,0,6.9411764705882355,0.4328824141519252,intermittent
4_203_2813,25,5.470588235294118,0.12396694214876024,intermittent
4_203_2834,61,2.28,0.8880208333333334,lumpy
4_203_2868,5,7.533333333333333,1.0511296076099883,lumpy
4_203_2965,14,8.666666666666666,0.2041522491349479,intermittent
4_203_3057,1,6.5,0.2727272727272729,intermittent
4_203_3061,5,2.5681818181818183,0.23742563547863713,intermittent
4_203_3126,4,6.705882352941177,0.4941406249999999,intermittent
4_203_3318,0,2.107142857142857,0.5135135135135134,lumpy
4_203_3369,1,1.2446808510638299,0.40821979761433635,smooth
4_203_3454,7,13.875,0.08641975308641975,intermittent
4_203_3588,2,2.9,0.6213151927437642,lumpy
4_203_4106,15,2.2888888888888888,0.34958382877526756,intermittent
4_203_4112,0,1.3409090909090908,0.5952864525729452,lumpy
4_203_4435,11,13.375,0.1111111111111111,intermittent
4_203_4670,72,2.1904761904761907,1.637094402509558,lumpy
4_203_4756,8,3.142857142857143,0.2610229276895942,intermittent
4_203_4803,1,3.65625,0.24968505920886874,intermittent
4_203_4845,34,4.421052631578948,0.26315789473684204,intermittent
4_203_4958,21,6.0625,0.12471655328798185,intermittent
4_203_5110,94,1.2,0.18400000000000005,smooth
4_203_5252,3,14.375,0.12,intermittent
4_203_5483,4,1.425,0.9142447771404256,lumpy
4_203_5578,0,1.3563218390804597,0.4832663020440236,intermittent
4_203_5614,5,10.272727272727273,0.0,intermittent
4_203_5917,2,8.285714285714286,0.5399999999999999,lumpy
4_203_6348,0,1.2040816326530612,0.3187374693695701,smooth
4_203_6376,2,3.515151515151515,1.0767832409972296,lumpy
4_203_6480,7,1.9137931034482758,0.43628440854501044,intermittent
4_203_6587,3,9.583333333333334,0.21874999999999997,intermittent
4_203_6770,5,1.7384615384615385,0.3817663817663817,intermittent
4_203_6870,11,3.689655172413793,0.2687499999999998,intermittent
4_203_6941,0,2.8095238095238093,0.7444767074864282,lumpy
4_203_6991,72,11.5,0.0,intermittent
4_203_7188,3,23.0,0.0,intermittent
4_203_7275,97,10.5,0.0,intermittent
4_203_7309,0,2.8095238095238093,0.1829585798816567,intermittent
4_203_7595,5,1.4675324675324675,1.55194534214536,lumpy
4_203_7771,0,1.7611940298507462,0.46857308753084637,intermittent
4_203_7986,0,1.063063063063063,0.7321524106261031,erratic
4_203_8002,0,1.7611940298507462,0.5599890430971509,lumpy
4_203_8029,0,3.5757575757575757,0.19578150351541382,intermittent
4_203_8110,3,1.6666666666666667,0.5820105820105819,lumpy
4_203_8151,5,2.017857142857143,0.5839053254437867,lumpy
4_203_8273,94,12.0,0.0,intermittent
4_203_8672,1,2.8536585365853657,0.15051020408163251,intermittent
4_203_8716,104,7.0,0.1111111111111111,intermittent
4_203_8928,77,4.555555555555555,0.12500000000000006,intermittent
4_203_8976,1,4.178571428571429,0.1626297577854672,intermittent
4_203_9193,0,10.727272727272727,0.0694444444444446,intermittent
4_203_9255,87,6.2,0.7111111111111111,lumpy
4_203_9482,0,3.0256410256410255,0.49632653061224474,intermittent
4_203_9528,4,3.3529411764705883,0.34234721471065455,intermittent
4_203_9787,9,2.725,0.27752430073398154,intermittent
4_203_9864,0,19.666666666666668,0.0,intermittent
4_203_9906,40,19.5,0.12,intermittent
4_203_10028,3,6.388888888888889,0.32986472424557733,intermittent
4_203_10164,0,1.1132075471698113,0.7725493699905424,erratic
4_203_10182,4,1.175257731958763,0.5906576879038986,erratic
4_203_10454,0,14.75,0.08641975308641975,intermittent
4_203_10520,0,7.866666666666666,0.11111111111111122,intermittent
4_203_10525,6,6.588235294117647,0.11791383219954639,intermittent
4_203_10630,9,9.083333333333334,0.2266666666666667,intermittent
4_203_10691,97,21.0,0.0,intermittent
4_203_10907,0,3.1052631578947367,0.23596938775510218,intermittent
4_203_10923,28,6.428571428571429,0.12345679012345664,intermittent
4_203_10978,4,16.285714285714285,0.09375000000000011,intermittent
4_203_11101,0,4.916666666666667,0.08641975308641975,intermittent
4_203_11107,2,3.515151515151515,0.14990138067061118,intermittent
4_203_11118,0,2.5106382978723403,1.8663399000848337,lumpy
4_203_11186,1,2.3877551020408165,0.45489678574794995,intermittent
4_203_11214,0,16.857142857142858,0.0,intermittent
4_203_11266,70,3.6923076923076925,0.18836565096952926,intermittent
4_203_11338,26,15.333333333333334,0.31250000000000017,intermittent
4_203_11466,28,30.0,0.0,intermittent
4_203_11697,28,12.857142857142858,0.0,intermittent
4_203_11790,0,1.4047619047619047,0.6588653518383252,lumpy
4_203_11900,0,3.933333333333333,0.3609467455621299,intermittent
4_203_11925,1,4.0344827586206895,0.33185185185185173,intermittent
4_203_11926,3,2.3469387755102042,0.32504056246619817,intermittent
4_203_11928,6,28.0,0.12,intermittent
4_203_12270,4,10.363636363636363,0.0694444444444446,intermittent
4_203_12300,21,19.4,0.11111111111111122,intermittent
4_203_12522,14,5.473684210526316,0.27709190672153633,intermittent
4_203_12668,5,1.0970873786407767,0.7193144108593901,erratic
4_203_12722,11,4.6521739130434785,0.1673525377229079,intermittent
4_203_12760,95,1.7692307692307692,0.09777777777777796,intermittent
4_203_13070,9,2.477272727272727,0.374182034503272,intermittent
4_203_13188,0,2.4583333333333335,0.3570019723865878,intermittent
4_203_13196,5,1.661764705882353,1.1079011486251307,lumpy
4_203_13292,13,2.1875,4.144881092933041,lumpy
4_203_13371,0,2.8780487804878048,0.4224489795918368,intermittent
4_203_13684,99,19.0,0.0,intermittent
4_203_13850,16,11.333333333333334,0.07999999999999981,intermittent
4_203_13851,30,4.4,0.30177514792899407,intermittent
4_203_14234,21,12.125,0.5206611570247934,lumpy
4_240_616,7,3.5806451612903225,0.4659746251441752,intermittent
4_240_1562,0,6.9411764705882355,0.04938271604938268,intermittent
4_240_4334,2,5.8,0.48437499999999967,intermittent
4_240_4408,13,3.5,0.23966942148760345,intermittent
4_240_5169,0,19.666666666666668,0.0,intermittent
4_240_5711,2,3.515151515151515,0.47146254458977427,intermittent
4_240_5926,7,1.88135593220339,0.6437376725838263,lumpy
4_240_6082,28,6.923076923076923,0.11718749999999985,intermittent
4_240_7219,92,5.2,0.11111111111111122,intermittent
4_240_8277,10,54.0,0.0,intermittent
4_240_9889,80,19.0,0.1111111111111111,intermittent
4_240_11404,17,6.3125,0.10803324099722991,intermittent
4_240_12701,55,7.875,0.12,intermittent
4_240_13073,0,4.916666666666667,1.046168051708218,lumpy
4_240_13313,0,19.666666666666668,0.10204081632653039,intermittent
4_240_13431,0,2.269230769230769,0.6463100137174211,lumpy
4_240_13696,1,6.5,0.19092627599243878,intermittent
4_240_13924,1,19.5,0.10204081632653039,intermittent
4_248_108,72,46.0,0.0,intermittent
4_248_172,18,16.666666666666668,0.43999999999999984,intermittent
4_248_200,0,2.107142857142857,0.9546107440390692,lumpy
4_248_205,4,4.071428571428571,0.23339907955292577,intermittent
4_248_348,11,17.833333333333332,0.12500000000000006,intermittent
4_248_456,4,8.76923076923077,0.2355371900826446,intermittent
4_248_616,10,3.272727272727273,0.2788279773156898,intermittent
4_248_754,12,17.666666666666668,0.43999999999999984,intermittent
4_248_840,4,8.76923076923077,0.21333333333333362,intermittent
4_248_1138,3,3.8333333333333335,0.1957168352171327,intermittent
4_248_1283,26,18.4,0.0,intermittent
4_248_1458,0,1.710144927536232,0.8861591695501733,lumpy
4_248_1506,80,19.0,0.25,intermittent
4_248_1612,1,2.925,0.2958348166607333,intermittent
4_248_1922,17,12.625,0.08641975308641975,intermittent
4_248_1991,19,5.5,0.36653061224489814,intermittent
4_248_2073,45,18.25,0.0,intermittent
4_248_2086,46,18.0,0.12,intermittent
4_248_2132,4,4.956521739130435,0.1727367325702394,intermittent
4_248_2189,8,7.857142857142857,0.1899999999999999,intermittent
4_248_2208,0,1.84375,0.4996449704142012,intermittent
4_248_2218,28,15.0,0.43999999999999984,intermittent
4_248_2226,2,5.2727272727272725,0.2890624999999999,intermittent
4_248_2231,2,6.105263157894737,0.38134430727023305,intermittent
4_248_2300,4,5.181818181818182,0.334126040428062,intermittent
4_248_2310,12,11.777777777777779,0.07999999999999981,intermittent
4_248_2371,3,11.5,0.12244897959183697,intermittent
4_248_2420,0,1.903225806451613,0.2620118343195268,intermittent
4_248_2499,1,5.086956521739131,0.17555555555555552,intermittent
4_248_2600,5,2.973684210526316,0.4037460978147765,intermittent
4_248_2824,9,2.658536585365854,0.6468144044321328,lumpy
4_248_3057,4,12.666666666666666,0.26562500000000006,intermittent
4_248_3162,31,43.5,0.0,intermittent
4_248_3173,1,9.0,0.11718749999999985,intermittent
4_248_3416,26,18.4,0.09374999999999972,intermittent
4_248_3437,81,18.5,0.0,intermittent
4_248_3578,0,5.9,0.12,intermittent
4_248_3769,6,4.666666666666667,0.17003567181926293,intermittent
4_248_4002,45,73.0,0.0,intermittent
4_248_4038,0,1.5733333333333333,0.5806486960333113,lumpy
4_248_4183,25,6.2,0.11111111111111122,intermittent
4_248_4269,4,38.0,0.3199999999999998,intermittent
4_248_4343,1,2.0526315789473686,0.35102323968088817,intermittent
4_248_4357,77,5.125,0.1111111111111111,intermittent
4_248_4485,1,2.7209302325581395,0.20154577883472058,intermittent
4_248_4492,44,18.5,0.0,intermittent
4_248_4528,0,3.2777777777777777,0.30719536645132545,intermittent
4_248_4774,3,1.4024390243902438,0.5424820098472415,lumpy
4_248_4896,1,4.68,0.4081632653061225,intermittent
4_248_4999,39,13.166666666666666,0.12500000000000006,intermittent
4_248_5083,1,1.95,0.8500000000000001,lumpy
4_248_5094,2,11.6,0.11111111111111122,intermittent
4_248_5108,1,2.7857142857142856,0.30795847750865046,intermittent
4_248_5331,4,4.75,0.12500000000000006,intermittent
4_248_5377,75,2.388888888888889,2.0056710775047253,lumpy
4_248_5544,3,1.3855421686746987,0.34922477972816085,intermittent
4_248_5764,0,1.8153846153846154,0.7681519357195032,lumpy
4_248_5790,4,16.285714285714285,0.0,intermittent
4_248_5811,5,2.306122448979592,0.34220679012345684,intermittent
4_248_5880,22,16.0,0.10204081632653039,intermittent
4_248_5961,27,45.5,0.0,intermittent
4_248_5973,3,1.5753424657534247,0.465638864949408,intermittent
4_248_6082,102,5.333333333333333,0.12500000000000006,intermittent
4_248_6150,14,3.7142857142857144,0.19658119658119677,intermittent
4_248_6255,13,2.3863636363636362,0.22608445848894013,intermittent
4_248_6329,0,3.6875,0.3432098765432099,intermittent
4_248_6332,101,8.5,0.0,intermittent
4_248_6587,65,26.5,0.0,intermittent
4_248_6594,60,19.333333333333332,0.12500000000000006,intermittent
4_248_6819,40,26.0,0.0,intermittent
4_248_6872,23,8.636363636363637,0.10650887573964475,intermittent
4_248_6977,7,2.707317073170732,0.6400000000000002,lumpy
4_248_7180,0,1.2421052631578948,0.47150420429772644,smooth
4_248_7240,1,4.875,0.12110726643598604,intermittent
4_248_7285,74,8.8,0.11111111111111122,intermittent
4_248_7405,5,22.6,0.12244897959183697,intermittent
4_248_7718,2,5.043478260869565,0.17555555555555552,intermittent
4_248_7950,26,7.076923076923077,0.21874999999999992,intermittent
4_248_8199,15,11.444444444444445,0.26446280991735516,intermittent
4_248_8466,18,6.666666666666667,0.11111111111111122,intermittent
4_248_8467,1,13.0,0.2248520710059171,intermittent
4_248_8651,1,3.0789473684210527,0.1989026063100137,intermittent
4_248_8714,1,4.178571428571429,0.5157644259369425,lumpy
4_248_8794,97,21.0,0.0,intermittent
4_248_8953,73,11.25,0.1111111111111111,intermittent
4_248_8961,21,9.7,0.0,intermittent
4_248_9033,1,6.5,0.12287334593572795,intermittent
4_248_9118,94,8.0,0.0,intermittent
4_248_9301,0,2.4081632653061225,0.2631111111111113,intermittent
4_248_9579,84,11.333333333333334,0.0,intermittent
4_248_9806,15,6.4375,0.19008264462809918,intermittent
4_248_9883,40,39.0,0.1111111111111111,intermittent
4_248_9906,11,17.833333333333332,0.10204081632653039,intermittent
4_248_9955,0,9.076923076923077,0.11718749999999985,intermittent
4_248_10129,6,22.4,0.12244897959183697,intermittent
4_248_10245,10,27.0,0.1111111111111111,intermittent
4_248_10292,17,11.222222222222221,0.2248520710059171,intermittent
4_248_10556,3,1.8852459016393444,0.4413926637742478,intermittent
4_248_10687,3,16.428571428571427,0.0,intermittent
4_248_10816,13,4.565217391304348,4.4580078125,lumpy
4_248_10872,6,12.444444444444445,0.07999999999999981,intermittent
4_248_10890,2,29.0,0.12,intermittent
4_248_10969,13,10.5,0.25000000000000006,intermittent
4_248_11122,15,10.3,0.22448979591836746,intermittent
4_248_11239,3,1.6666666666666667,0.5526668955400892,lumpy
4_248_11553,82,18.0,0.0,intermittent
4_248_11643,3,1.4556962025316456,0.44903827087051346,intermittent
4_248_11766,1,2.0526315789473686,0.46101815592737627,intermittent
4_248_11790,0,1.7352941176470589,0.947395611059949,lumpy
4_248_11863,80,12.666666666666666,0.0,intermittent
4_248_11929,1,23.4,0.11111111111111122,intermittent
4_248_11968,1,4.5,0.24382716049382727,intermittent
4_248_11995,15,25.75,0.1111111111111111,intermittent
4_248_12228,0,4.214285714285714,0.2409972299168973,intermittent
4_248_12247,2,1.901639344262295,0.29426928415625664,intermittent
4_248_12549,54,8.0,0.28,intermittent
4_248_12562,11,35.666666666666664,0.07999999999999986,intermittent
4_248_12579,6,8.0,0.09375000000000011,intermittent
4_248_12609,5,4.52,0.8749999999999996,lumpy
4_248_12831,0,3.189189189189189,0.2842975206611572,intermittent
4_248_12882,31,21.75,0.0,intermittent
4_248_13021,9,2.725,0.4814814814814815,intermittent
4_248_13088,4,6.333333333333333,0.2781065088757396,intermittent
4_248_13092,100,18.0,0.0,intermittent
4_248_13554,0,6.9411764705882355,0.17111111111111119,intermittent
4_248_13729,85,3.3,0.17187499999999978,intermittent
4_248_13878,1,19.5,0.12500000000000006,intermittent
4_248_13880,11,3.566666666666667,0.0899653979238755,intermittent
4_248_13945,1,2.4375,0.23826309886236194,intermittent
4_248_14045,95,11.5,0.1111111111111111,intermittent
4_248_14085,44,9.25,0.0,intermittent
4_248_14189,13,5.526315789473684,0.3194444444444445,intermittent
4_277_88,1,29.25,0.12,intermittent
4_277_185,3,10.454545454545455,0.179930795847751,intermittent
4_277_1119,3,38.333333333333336,0.07999999999999986,intermittent
4_277_1614,8,110.0,0.0,intermittent
4_277_2073,19,99.0,0.0,intermittent
4_277_2132,11,17.833333333333332,0.23966942148760353,intermittent
4_277_2239,0,14.75,0.12,intermittent
4_277_2510,1,7.3125,0.2032,intermittent
4_277_2675,1,16.714285714285715,0.29629629629629606,intermittent
4_277_2693,5,37.666666666666664,0.12500000000000006,intermittent
4_277_2706,37,10.125,0.0,intermittent
4_277_3010,1,117.0,0.0,intermittent
4_277_3448,1,16.714285714285715,0.09375000000000011,intermittent
4_277_3963,0,9.833333333333334,0.42011834319526653,intermittent
4_277_4025,1,58.5,0.0,intermittent
4_277_4184,1,58.5,0.1111111111111111,intermittent
4_277_5008,0,7.375,0.6565096952908587,lumpy
4_277_5011,36,27.333333333333332,0.12500000000000006,intermittent
4_277_5324,36,9.11111111111111,2.7912499999999993,lumpy
4_277_5331,8,55.0,0.0,intermittent
4_277_5664,11,7.642857142857143,0.26000000000000006,intermittent
4_277_5790,4,38.0,0.0,intermittent
4_277_5956,0,11.8,1.7777777777777777,lumpy
4_277_5973,3,38.333333333333336,0.0,intermittent
4_277_6799,4,28.5,0.12,intermittent
4_277_7240,0,19.666666666666668,0.2299999999999998,intermittent
4_277_7685,2,29.0,0.1111111111111111,intermittent
4_277_7749,2,8.923076923076923,0.20370370370370372,intermittent
4_277_7805,28,30.0,0.3199999999999998,intermittent
4_277_7888,2,9.666666666666666,0.4696789536266353,intermittent
4_277_8437,36,20.5,0.12,intermittent
4_277_8497,18,10.0,0.3494809688581316,intermittent
4_277_8672,6,18.666666666666668,0.12500000000000006,intermittent
4_277_8802,2,11.6,0.11111111111111122,intermittent
4_277_9159,27,15.166666666666666,0.0,intermittent
4_277_9610,45,73.0,0.0,intermittent
4_277_9647,3,16.428571428571427,0.2011834319526628,intermittent
4_277_9699,0,3.806451612903226,5.656609125140593,lumpy
4_277_9709,1,6.882352941176471,0.3327999999999997,intermittent
4_277_9981,1,23.4,0.11111111111111122,intermittent
4_277_10028,4,16.285714285714285,0.7933884297520664,lumpy
4_277_10127,13,11.666666666666666,0.3775510204081633,intermittent
4_277_10542,0,8.428571428571429,0.11418685121107276,intermittent
4_277_10611,9,9.909090909090908,0.375,intermittent
4_277_10663,2,58.0,0.1111111111111111,intermittent
4_277_11145,0,14.75,0.0,intermittent
4_277_11393,0,5.619047619047619,1.4773662551440323,lumpy
4_277_11458,4,19.0,0.1111111111111111,intermittent
4_277_11618,0,7.866666666666666,0.4039999999999998,intermittent
4_277_11643,4,14.25,0.0,intermittent
4_277_11716,4,28.5,0.0,intermittent
4_277_11820,5,37.666666666666664,0.12500000000000006,intermittent
4_277_11994,2,9.666666666666666,0.2266666666666667,intermittent
4_277_12530,24,6.714285714285714,0.4,intermittent
4_277_12722,6,56.0,0.0,intermittent
4_277_13196,7,13.875,0.4577777777777778,intermittent
4_277_14000,25,46.5,0.0,intermittent
4_285_16,88,2.727272727272727,0.2890624999999999,intermittent
4_285_423,40,3.7142857142857144,0.26000000000000006,intermittent
4_285_936,0,9.076923076923077,2.016224986479178,lumpy
4_285_1608,99,3.8,0.0,intermittent
4_285_2363,9,2.2244897959183674,0.42746730083234247,intermittent
4_285_2383,87,7.75,0.12,intermittent
4_285_2384,87,3.1,0.4062499999999998,intermittent
4_285_2503,5,3.896551724137931,0.40561224489795894,intermittent
4_285_3245,26,10.222222222222221,0.11570247933884288,intermittent
4_285_4282,79,39.0,0.0,intermittent
4_285_4667,105,1.625,0.12,intermittent
4_285_4744,9,2.945945945945946,1.121477162293489,lumpy
4_285_5055,7,1.85,0.7238987166146373,lumpy
4_285_5259,80,6.333333333333333,0.23966942148760353,intermittent
4_285_5325,7,4.625,0.7802400738688826,lumpy
4_285_5398,33,3.1481481481481484,0.5918367346938774,lumpy
4_285_5463,98,3.3333333333333335,0.31250000000000017,intermittent
4_285_5509,33,3.1481481481481484,0.8342148760330573,lumpy
4_285_5952,62,3.5,0.5542857142857143,lumpy
4_285_6218,79,4.875,0.4375,intermittent
4_285_7057,104,3.5,0.19111111111111112,intermittent
4_285_7408,100,6.0,0.0,intermittent
4_285_8482,98,2.857142857142857,0.9421308815575987,lumpy
4_285_9248,34,7.0,0.12110726643598604,intermittent
4_285_9288,33,1.6346153846153846,1.5193964334705072,lumpy
4_285_11122,19,2.6052631578947367,2.137447135717032,lumpy
4_285_11618,88,3.75,0.4444444444444444,intermittent
4_285_12605,18,2.4390243902439024,0.6579319445753605,lumpy
4_285_12884,93,12.5,0.25,intermittent
4_285_13684,104,14.0,0.0,intermittent
4_285_13971,9,7.266666666666667,1.944971999026053,lumpy
4_285_14142,95,11.5,0.0,intermittent
4_291_202,74,11.0,0.12,intermittent
4_291_636,101,17.0,0.0,intermittent
4_291_891,81,6.166666666666667,0.0,intermittent
4_291_936,68,5.0,0.07438016528925608,intermittent
4_291_1059,65,7.571428571428571,0.11999999999999991,intermittent
4_291_1094,70,24.0,0.0,intermittent
4_291_1504,59,5.363636363636363,0.0,intermittent
4_291_1674,72,6.571428571428571,0.8639053254437871,lumpy
4_291_1924,60,14.5,0.1111111111111111,intermittent
4_291_2036,91,27.0,0.0,intermittent
4_291_5668,58,7.5,0.28,intermittent
4_291_10113,94,24.0,0.0,intermittent
4_291_10509,56,6.888888888888889,0.38888888888888884,intermittent
4_291_11187,57,7.625,0.12,intermittent
4_291_11470,66,52.0,0.0,intermittent
4_291_12444,59,3.4705882352941178,0.3443877551020409,intermittent
4_291_12701,79,13.0,0.0,intermittent
4_291_13417,69,4.9,0.07438016528925608,intermittent
4_291_13549,60,3.8666666666666667,0.6729678638941397,lumpy
4_304_110,0,1.1683168316831682,0.5469972451790636,erratic
4_304_199,12,3.7857142857142856,0.3254437869822484,intermittent
4_304_205,8,3.3333333333333335,0.19318181818181818,intermittent
4_304_340,0,2.5106382978723403,0.24843750000000012,intermittent
4_304_442,0,1.0,0.19901730935544779,smooth
4_304_443,1,2.659090909090909,0.4016484740476722,intermittent
4_304_590,0,1.0825688073394495,0.4391786380975571,smooth
4_304_606,105,4.333333333333333,0.0,intermittent
4_304_697,53,16.25,0.0,intermittent
4_304_699,25,18.6,0.0,intermittent
4_304_810,0,6.555555555555555,0.12287334593572795,intermittent
4_304_891,0,1.475,0.7731921110299486,lumpy
4_304_1072,0,1.3258426966292134,0.47183749999999985,smooth
4_304_1123,0,3.6875,0.10803324099722991,intermittent
4_304_1213,6,2.604651162790698,0.3332544378698226,intermittent
4_304_1238,0,1.1919191919191918,0.596122448979592,erratic
4_304_1554,17,7.769230769230769,0.0,intermittent
4_304_1776,9,1.9464285714285714,0.5863105561336568,lumpy
4_304_1791,5,2.4565217391304346,0.251641959091762,intermittent
4_304_2021,58,30.0,0.0,intermittent
4_304_2074,3,10.454545454545455,0.22222222222222246,intermittent
4_304_2295,12,1.7966101694915255,0.34297839506172845,intermittent
4_304_2303,35,2.3055555555555554,0.3392737803519716,intermittent
4_304_2463,17,6.733333333333333,0.20498614958448763,intermittent
4_304_2569,15,11.444444444444445,0.0,intermittent
4_304_2618,3,2.017543859649123,0.4354094579008074,intermittent
4_304_2719,29,12.714285714285714,0.09375000000000011,intermittent
4_304_2858,2,3.625,0.33285866856532575,intermittent
4_304_2964,20,4.666666666666667,0.30795847750865046,intermittent
4_304_3448,0,2.5652173913043477,0.2924037460978149,intermittent
4_304_3460,1,1.9830508474576272,0.41643582640812565,intermittent
4_304_3711,24,5.875,0.4820415879017013,intermittent
4_304_3997,2,4.0,0.23904813412655476,intermittent
4_304_4058,30,22.0,0.0,intermittent
4_304_4367,0,1.5733333333333333,0.3382061718198013,intermittent
4_304_4531,103,1.875,0.3333333333333333,intermittent
4_304_4575,4,6.333333333333333,0.12287334593572795,intermittent
4_304_4579,0,1.102803738317757,0.3178814861839688,smooth
4_304_4630,25,7.75,0.49584487534626054,intermittent
4_304_4715,4,2.85,0.16959064327485374,intermittent
4_304_4883,33,10.625,0.08641975308641975,intermittent
4_304_4886,30,12.571428571428571,0.09375000000000011,intermittent
4_304_4925,26,8.363636363636363,0.0,intermittent
4_304_5055,0,2.2264150943396226,0.4527410207939506,intermittent
4_304_5094,0,1.5324675324675325,0.3777116425830969,intermittent
4_304_5160,6,1.8064516129032258,0.424229190322299,intermittent
4_304_5328,2,2.8292682926829267,0.34673930459862207,intermittent
4_304_5351,1,7.3125,0.08641975308641975,intermittent
4_304_5487,0,2.5652173913043477,0.8816654492330169,lumpy
4_304_5785,44,18.5,0.0,intermittent
4_304_5818,0,3.1052631578947367,0.38080235244696475,intermittent
4_304_5887,12,2.25531914893617,0.5775462962962964,lumpy
4_304_5928,6,7.466666666666667,0.20000000000000004,intermittent
4_304_6007,0,2.5652173913043477,0.8352828072424286,lumpy
4_304_6310,0,1.710144927536232,0.2836928989431391,intermittent
4_304_6495,1,3.9,0.20869171570846543,intermittent
4_304_6518,0,1.2291666666666667,0.7845887807277772,erratic
4_304_6601,23,2.159090909090909,0.5800057454754383,lumpy
4_304_6717,104,2.3333333333333335,0.12500000000000006,intermittent
4_304_6759,12,3.533333333333333,0.19047619047619072,intermittent
4_304_7039,1,9.75,0.10204081632653039,intermittent
4_304_7128,39,11.285714285714286,0.0,intermittent
4_304_7424,21,5.705882352941177,0.4682622268470346,intermittent
4_304_7667,0,11.8,0.0,intermittent
4_304_7709,0,2.269230769230769,0.23735871505056527,intermittent
4_304_7738,104,7.0,0.0,intermittent
4_304_7772,0,1.145631067961165,0.8408170959684556,erratic
4_304_8277,18,9.090909090909092,0.12244897959183675,intermittent
4_304_8355,3,3.9655172413793105,0.5544000000000002,lumpy
4_304_8385,100,4.5,0.375,intermittent
4_304_8717,4,1.2666666666666666,0.4617093075756665,smooth
4_304_8737,0,1.1346153846153846,0.39322614413052853,smooth
4_304_8789,1,6.157894736842105,0.11342155009451793,intermittent
4_304_8802,0,1.0085470085470085,0.3506668450688073,smooth
4_304_8912,1,5.85,0.3777777777777778,intermittent
4_304_8985,0,1.4390243902439024,0.3843032221410598,intermittent
4_304_9075,9,1.345679012345679,0.31069943289224955,intermittent
4_304_9084,10,9.0,0.3846153846153848,intermittent
4_304_9292,0,3.1052631578947367,0.6042848141146817,lumpy
4_304_9460,15,2.1020408163265305,0.3429629629629629,intermittent
4_304_9482,1,3.9,0.4431604407417362,intermittent
4_304_9496,1,2.7857142857142856,0.24274633725940853,intermittent
4_304_9530,1,3.0,0.20370370370370372,intermittent
4_304_9703,0,1.3111111111111111,0.5979547114682249,erratic
4_304_9743,0,1.063063063063063,0.38002506905802064,smooth
4_304_10044,2,4.833333333333333,0.28999999999999987,intermittent
4_304_10271,9,1.912280701754386,0.3675871435038478,intermittent
4_304_10340,1,3.5454545454545454,0.3742563547863712,intermittent
4_304_10657,16,5.368421052631579,0.30888888888888877,intermittent
4_304_10673,3,4.6,0.08418367346938768,intermittent
4_304_10938,44,14.8,0.0,intermittent
4_304_11107,8,2.1153846153846154,0.21453287197231838,intermittent
4_304_11114,1,7.3125,0.11909262759924386,intermittent
4_304_11128,19,11.0,0.11570247933884288,intermittent
4_304_11328,3,3.59375,0.29777777777777775,intermittent
4_304_11372,0,2.6222222222222222,0.0899653979238755,intermittent
4_304_11417,2,2.577777777777778,0.326643598615917,intermittent
4_304_11426,2,3.8666666666666667,0.2296296296296296,intermittent
4_304_11468,13,1.7796610169491525,0.4523279126754286,intermittent
4_304_11925,1,2.925,0.35822222222222233,intermittent
4_304_11962,100,1.0588235294117647,0.4823999999999997,smooth
4_304_11968,1,1.647887323943662,0.39520783110526686,intermittent
4_304_12101,0,2.6222222222222222,0.24563289438323016,intermittent
4_304_12287,0,1.0,0.2704355534616149,smooth
4_304_12303,101,1.5454545454545454,0.0694444444444446,intermittent
4_304_12337,0,4.214285714285714,0.4110787172011661,intermittent
4_304_12365,4,8.76923076923077,0.09777777777777796,intermittent
4_304_12387,13,15.0,0.12345679012345664,intermittent
4_304_12475,101,1.4166666666666667,0.18518518518518512,intermittent
4_304_12556,0,2.2264150943396226,0.38243572902983686,intermittent
4_304_12573,0,2.269230769230769,0.2711111111111109,intermittent
4_304_12633,5,5.65,0.23456790123456775,intermittent
4_304_13069,101,2.8333333333333335,0.4732510288065843,intermittent
4_304_13182,17,25.25,0.0,intermittent
4_304_13190,10,2.8421052631578947,0.14933837429111524,intermittent
4_304_13218,2,2.9743589743589745,0.3330078125000002,intermittent
4_304_13494,7,3.5806451612903225,0.41738343141693074,intermittent
4_304_13549,0,1.4047619047619047,0.5837205576029482,lumpy
4_304_13708,27,4.333333333333333,0.10880000000000002,intermittent
4_304_14257,0,1.2421052631578948,0.2644736842105264,smooth
4_309_5004,44,24.666666666666668,0.0,intermittent
4_309_6007,63,55.0,0.0,intermittent
4_309_11854,33,28.333333333333332,0.0,intermittent
4_311_49,96,11.0,0.0,intermittent
4_311_77,94,12.0,0.1111111111111111,intermittent
4_311_215,21,16.166666666666668,0.2592592592592593,intermittent
4_311_1220,21,10.777777777777779,0.2500000000000001,intermittent
4_311_1262,20,14.0,0.0,intermittent
4_311_1313,14,2.0,0.36532367587143516,intermittent
4_311_1433,29,44.5,0.1111111111111111,intermittent
4_311_1463,36,16.4,0.0,intermittent
4_311_2132,41,25.666666666666668,0.0,intermittent
4_311_2141,17,5.611111111111111,0.0,intermittent
4_311_2189,26,46.0,0.0,intermittent
4_311_2719,29,44.5,0.1111111111111111,intermittent
4_311_3045,19,14.142857142857142,0.0,intermittent
4_311_3498,18,5.882352941176471,0.767485822306238,lumpy
4_311_3603,42,38.0,0.0,intermittent
4_311_3726,44,37.0,0.0,intermittent
4_311_3846,37,10.125,0.08641975308641975,intermittent
4_311_4193,15,3.3225806451612905,0.3185763888888889,intermittent
4_311_4356,60,29.0,0.1111111111111111,intermittent
4_311_4402,78,13.333333333333334,0.0,intermittent
4_311_4964,25,7.153846153846154,0.0,intermittent
4_311_5008,21,6.928571428571429,0.21527777777777796,intermittent
4_311_5242,71,11.75,0.12,intermittent
4_311_5271,35,41.5,0.1111111111111111,intermittent
4_311_5394,55,31.5,0.1111111111111111,intermittent
4_311_5881,16,3.5172413793103448,0.07617187500000006,intermittent
4_311_5973,19,7.071428571428571,0.0,intermittent
4_311_6057,19,8.25,0.10204081632653039,intermittent
4_311_6142,89,14.5,0.0,intermittent
4_311_6326,20,8.166666666666666,0.06508875739644986,intermittent
4_311_6523,14,52.0,0.36,intermittent
4_311_6530,30,12.571428571428571,0.0,intermittent
4_311_6697,19,9.0,0.12244897959183675,intermittent
4_311_7005,48,70.0,0.0,intermittent
4_311_7189,20,7.538461538461538,0.06122448979591849,intermittent
4_311_7533,43,15.0,0.0,intermittent
4_311_7648,28,10.0,0.7700831024930748,lumpy
4_311_7867,20,14.0,0.11999999999999991,intermittent
4_311_8029,29,29.666666666666668,0.0,intermittent
4_311_8191,21,10.777777777777779,0.07999999999999981,intermittent
4_311_8234,14,104.0,0.0,intermittent
4_311_8267,44,37.0,0.0,intermittent
4_311_8293,21,13.857142857142858,0.09375000000000011,intermittent
4_311_8416,20,7.0,0.057777777777777796,intermittent
4_311_8660,22,24.0,0.0,intermittent
4_311_9144,92,13.0,0.1111111111111111,intermittent
4_311_9441,66,26.0,0.1111111111111111,intermittent
4_311_9478,25,7.153846153846154,0.0,intermittent
4_311_9699,17,1.463768115942029,3.5006898790682572,lumpy
4_311_9981,33,17.0,0.0,intermittent
4_311_10026,36,9.11111111111111,0.8799999999999998,lumpy
4_311_10115,22,8.0,0.12,intermittent
4_311_10159,17,8.416666666666666,0.10204081632653039,intermittent
4_311_10298,41,11.0,0.29629629629629606,intermittent
4_311_10524,19,2.675675675675676,0.4605263157894739,intermittent
4_311_10673,21,24.25,0.12,intermittent
4_311_10708,42,10.857142857142858,0.0,intermittent
4_311_11012,36,20.5,0.0,intermittent
4_311_11112,74,11.0,0.0,intermittent
4_311_11434,45,36.5,0.0,intermittent
4_311_11705,22,16.0,0.12500000000000006,intermittent
4_311_11754,18,50.0,0.0,intermittent
4_311_11772,45,36.5,0.1111111111111111,intermittent
4_311_11928,80,38.0,0.0,intermittent
4_311_11936,44,9.25,4.678933333333333,lumpy
4_311_12156,16,8.5,0.12,intermittent
4_311_12264,22,6.4,0.054687499999999965,intermittent
4_311_12471,47,4.733333333333333,0.0,intermittent
4_311_12701,21,6.928571428571429,0.3573407202216065,intermittent
4_311_12748,56,62.0,0.0,intermittent
4_311_12954,19,24.75,0.0,intermittent
4_311_13147,21,32.333333333333336,0.12500000000000006,intermittent
4_311_13190,60,14.5,0.0,intermittent
4_311_13423,51,13.4,0.5972222222222222,lumpy
4_311_13431,15,4.478260869565218,0.21052631578947376,intermittent
4_311_13666,100,18.0,0.0,intermittent
4_311_13796,15,6.4375,0.10803324099722991,intermittent
4_311_14037,19,24.75,0.0,intermittent
4_311_14067,14,6.117647058823529,0.08310249307479227,intermittent
4_311_14111,14,9.454545454545455,0.0,intermittent
4_311_14173,79,19.5,0.0,intermittent
5_10_170,3,3.9655172413793105,4.208241087361967,lumpy
5_10_191,58,1.0344827586206897,0.5490108920520439,erratic
5_10_236,72,1.6428571428571428,4.139727136085096,lumpy
5_10_313,67,2.217391304347826,1.8848022765711823,lumpy
5_10_621,0,1.2688172043010753,0.7736043449637923,erratic
5_10_630,72,1.0454545454545454,0.5651610575134043,erratic
5_10_685,2,1.6338028169014085,0.8116109620255682,lumpy
5_10_915,18,10.0,0.38397502601456807,intermittent
5_10_1100,20,5.764705882352941,0.9007529843893484,lumpy
5_10_1243,2,2.577777777777778,2.5026507545084087,lumpy
5_10_1248,17,4.391304347826087,1.7684870151216312,lumpy
5_10_1406,0,1.0825688073394495,0.2524765894774553,smooth
5_10_1543,0,1.2688172043010753,0.6108812925295442,erratic
5_10_2237,14,3.0588235294117645,2.3467175078145144,lumpy
5_10_2281,0,1.3111111111111111,1.2259742813850687,erratic
5_10_2348,7,4.111111111111111,1.4456971962867073,lumpy
5_10_2477,1,2.4375,3.7603313510227494,lumpy
5_10_2705,0,1.1568627450980393,0.15398685174456184,smooth
5_10_2786,15,3.814814814814815,2.048937277051129,lumpy
5_10_2917,0,1.2291666666666667,0.2929985897075393,smooth
5_10_2978,9,2.422222222222222,5.87612947996935,lumpy
5_10_3181,0,1.1346153846153846,0.4787421472722897,smooth
5_10_3194,69,3.769230769230769,0.4801097393689984,intermittent
5_10_3592,17,2.4634146341463414,3.213594556260388,lumpy
5_10_3661,18,2.2222222222222223,8.015207756232687,lumpy
5_10_3806,0,1.1238095238095238,0.6564614811226542,erratic
5_10_3838,18,1.0416666666666667,0.9226182779843934,erratic
5_10_4044,0,1.2967032967032968,0.31555418393090706,smooth
5_10_4150,18,1.408450704225352,1.266626660420369,lumpy
5_10_4194,75,1.0,0.6013869939961703,erratic
5_10_4215,1,4.178571428571429,2.5917241379310343,lumpy
5_10_4219,19,3.96,1.9296874999999993,lumpy
5_10_4386,0,1.903225806451613,4.302635208047088,lumpy
5_10_4420,0,1.1238095238095238,0.6267378042299925,erratic
5_10_4471,0,1.063063063063063,0.6283674637143167,erratic
5_10_4504,0,4.214285714285714,0.7368590211833457,lumpy
5_10_4652,0,1.1132075471698113,0.39777486166542575,smooth
5_10_4672,0,1.0085470085470085,0.2610699703747796,smooth
5_10_4830,0,2.3137254901960786,0.685850178359096,lumpy
5_10_4876,1,4.68,1.6642866637839755,lumpy
5_10_5140,0,1.0535714285714286,0.3243798908359666,smooth
5_10_5272,0,1.2164948453608246,0.5565787186394145,erratic
5_10_5489,4,2.150943396226415,2.741136334538427,lumpy
5_10_5607,0,2.5652173913043477,3.915711291913215,lumpy
5_10_5797,0,1.0535714285714286,2.553297065234255,erratic
5_10_5982,0,1.1568627450980393,0.42856059279775105,smooth
5_10_6041,63,1.0185185185185186,0.16805363321799294,smooth
5_10_6104,83,1.0,0.08391308284291552,smooth
5_10_6141,1,1.1037735849056605,0.6146158403427914,erratic
5_10_6253,19,1.9038461538461537,1.938805480479308,lumpy
5_10_6300,9,4.037037037037037,1.717758440219344,lumpy
5_10_6434,1,2.925,2.6272972475827796,lumpy
5_10_6463,0,1.1132075471698113,1.4509757850822333,erratic
5_10_6543,3,4.107142857142857,0.8795847750865056,lumpy
5_10_6676,2,1.288888888888889,0.9728832923372746,erratic
5_10_6915,0,1.18,0.61972538390337,erratic
5_10_7073,6,1.1914893617021276,0.5420092198825777,erratic
5_10_7246,0,1.3563218390804597,4.621862189254048,lumpy
5_10_7824,7,1.247191011235955,0.579457337212671,erratic
5_10_7993,0,1.2040816326530612,1.0837429375417869,erratic
5_10_8066,8,1.5068493150684932,0.6925492090327251,lumpy
5_10_8092,0,1.4390243902439024,1.4109978955018243,lumpy
5_10_8134,15,2.861111111111111,2.2559240321402485,lumpy
5_10_8232,17,2.6578947368421053,3.175053491420395,lumpy
5_10_8263,71,2.35,5.721222122969311,lumpy
5_10_8343,17,6.733333333333333,0.5969528307190644,lumpy
5_10_8352,0,1.145631067961165,0.27553733590143964,smooth
5_10_8399,5,3.138888888888889,10.345121310723275,lumpy
5_10_8455,19,2.152173913043478,2.8390567584181405,lumpy
5_10_8743,9,2.8684210526315788,1.640325201660271,lumpy
5_10_8856,2,1.2083333333333333,1.3984454325828926,erratic
5_10_8992,0,1.3409090909090908,1.6808500656783631,lumpy
5_10_9513,0,1.2826086956521738,0.5413539125539502,erratic
5_10_9643,10,3.7241379310344827,1.5329652869292651,lumpy
5_10_9683,0,1.3409090909090908,0.34489994591671175,intermittent
5_10_9777,0,1.0825688073394495,2.7481365740740733,erratic
5_10_10082,0,1.0172413793103448,0.5552452795115604,erratic
5_10_10103,15,4.12,2.35476900070311,lumpy
5_10_10243,19,7.071428571428571,0.9583400096138436,lumpy
5_10_10380,0,1.2040816326530612,0.2220323102493073,smooth
5_10_10431,1,3.25,0.9779839999999999,lumpy
5_10_10545,72,15.333333333333334,0.5,lumpy
5_10_10564,0,1.1568627450980393,0.3183775559773105,smooth
5_10_10700,82,1.0,0.261068039141766,smooth
5_10_10787,0,1.0727272727272728,0.498638385694652,smooth
5_10_10877,18,3.0303030303030303,2.075902971646511,lumpy
5_10_10941,1,1.1359223300970873,2.331745836325707,erratic
5_10_11135,2,2.5217391304347827,2.805671726252955,lumpy
5_10_11170,0,1.102803738317757,0.5975763051564097,erratic
5_10_11267,18,4.166666666666667,2.102185325577031,lumpy
5_10_11273,7,2.176470588235294,1.0090175605125768,lumpy
5_10_11303,0,1.3258426966292134,0.3693603636542795,smooth
5_10_11408,0,1.18,0.4118898696924025,smooth
5_10_11680,1,1.7205882352941178,4.111724254970812,lumpy
5_10_11710,65,2.65,3.0712844893152114,lumpy
5_10_11743,0,1.2967032967032968,3.323348098767597,erratic
5_10_12130,16,1.7894736842105263,1.959402638828476,lumpy
5_10_12144,12,7.571428571428571,1.0804755372656607,lumpy
5_10_12314,19,2.675675675675676,3.7177461350792753,lumpy
5_10_12448,0,1.0727272727272728,0.5135760628980168,erratic
5_10_12499,0,1.0350877192982457,0.1857097775162411,smooth
5_10_12602,1,2.659090909090909,3.0923337721592032,lumpy
5_10_13412,0,2.107142857142857,5.274799573235788,lumpy
5_10_13697,0,1.84375,1.241911158478956,lumpy
5_10_14001,8,3.9285714285714284,2.3903428040490975,lumpy
5_10_14260,4,2.375,2.363945578231293,lumpy
5_15_408,65,1.4722222222222223,3.393732231404958,lumpy
5_15_2053,5,2.017857142857143,4.113810008614615,lumpy
5_15_3347,5,2.404255319148936,2.583935358628122,lumpy
5_15_8743,20,3.6296296296296298,1.090282629914288,lumpy
5_15_10767,5,1.9482758620689655,1.3756859383395006,lumpy
5_15_10787,5,1.5694444444444444,1.4325544122201952,lumpy
5_15_11680,3,3.2857142857142856,3.661681493126339,lumpy
5_15_11809,5,1.486842105263158,0.652861004821152,lumpy
5_25_13,0,1.0535714285714286,0.3637993123943826,smooth
5_25_822,0,1.5526315789473684,0.46696175683071695,intermittent
5_25_845,3,1.25,0.3496969765204594,smooth
5_25_1844,10,1.3670886075949367,1.0694464360708953,lumpy
5_25_2129,76,1.0,0.9576393415758852,erratic
5_25_2449,75,1.0,0.3604542020558137,smooth
5_25_3973,0,1.3409090909090908,0.6452558646822143,lumpy
5_25_4829,84,1.2142857142857142,0.7671957671957671,erratic
5_25_6224,0,1.1568627450980393,0.856480450109044,erratic
5_25_6773,75,1.048780487804878,0.8770312500000002,erratic
5_25_7366,84,1.1333333333333333,0.785203265718374,erratic
5_25_8687,0,9.076923076923077,0.7419561048369911,lumpy
5_25_9988,20,1.380281690140845,0.3398196255269089,intermittent
5_25_11617,75,1.0,0.4250614848905446,smooth
5_25_12565,75,1.0238095238095237,0.7487216946676406,erratic
5_25_12832,83,1.0,0.9108265532544375,erratic
5_33_144,72,2.0,3.0521020481494787,lumpy
5_33_149,16,1.2,6.742674285714285,erratic
5_33_191,55,1.3125,0.9661458333333333,erratic
5_33_228,18,2.7777777777777777,2.2378417942328226,lumpy
5_33_399,0,1.063063063063063,0.5395544611232923,erratic
5_33_408,10,2.4545454545454546,2.6462623860483547,lumpy
5_33_420,32,6.142857142857143,2.4613033298647236,lumpy
5_33_621,0,1.2688172043010753,0.8116305542020843,erratic
5_33_821,4,1.0458715596330275,0.5263849786448959,erratic
5_33_1004,0,1.063063063063063,0.4492431619088265,smooth
5_33_1243,0,3.5757575757575757,2.5355200903890966,lumpy
5_33_1248,17,4.04,1.4559471745191495,lumpy
5_33_1251,0,1.3409090909090908,0.5656394759952751,lumpy
5_33_1368,0,1.063063063063063,0.8079088911896163,erratic
5_33_1543,2,3.515151515151515,1.3313723448563102,lumpy
5_33_1739,0,1.18,1.3186059243555543,erratic
5_33_1799,11,4.863636363636363,2.7616038405035623,lumpy
5_33_1875,66,2.736842105263158,3.448976904012164,lumpy
5_33_2127,10,3.6,2.001296939520878,lumpy
5_33_2272,11,8.916666666666666,1.6399999999999997,lumpy
5_33_2440,0,1.6388888888888888,1.0332784681842033,lumpy
5_33_2477,0,1.7352941176470589,4.829997493225219,lumpy
5_33_2492,70,1.0,0.4683301827347197,smooth
5_33_2633,100,1.0,0.2359711714295956,smooth
5_33_2703,0,1.1346153846153846,0.32118731917513094,smooth
5_33_2749,4,1.1067961165048543,1.185991151875434,erratic
5_33_2786,14,3.0588235294117645,1.9314681451211533,lumpy
5_33_2810,0,1.063063063063063,0.6595971668590523,erratic
5_33_2945,66,1.7333333333333334,4.857369464486624,lumpy
5_33_3008,0,1.372093023255814,1.9636535257294452,lumpy
5_33_3037,0,4.214285714285714,2.2139577594123043,lumpy
5_33_3205,4,2.0,1.418367346938775,lumpy
5_33_3347,1,1.3764705882352941,2.193686200378072,lumpy
5_33_3592,18,3.7037037037037037,0.8751905470200757,lumpy
5_33_3828,70,1.4545454545454546,2.4575629316106045,lumpy
5_33_3838,18,1.2048192771084338,0.7833871953882433,erratic
5_33_3930,17,1.1348314606741574,0.5417229096423238,erratic
5_33_4219,19,4.125,1.4107142857142851,lumpy
5_33_4355,14,2.9714285714285715,1.8127145590910023,lumpy
5_33_4386,0,2.744186046511628,2.104596074934527,lumpy
5_33_4420,0,1.0350877192982457,0.16905350005560735,smooth
5_33_4471,0,1.1132075471698113,0.4785658430259408,smooth
5_33_4672,0,1.0727272727272728,0.9586070222946529,erratic
5_33_4716,0,1.0260869565217392,0.9919503538881316,erratic
5_33_4830,39,2.6333333333333333,1.240735420856076,lumpy
5_33_4876,15,4.12,3.0887188208616783,lumpy
5_33_4941,44,24.666666666666668,0.0,intermittent
5_33_5047,0,2.0344827586206895,0.9199930124901738,lumpy
5_33_5260,62,2.3333333333333335,4.268026429187016,lumpy
5_33_5302,0,3.5757575757575757,1.904758741630354,lumpy
5_33_5489,7,3.0,2.433573978368586,lumpy
5_33_5553,0,1.0825688073394495,0.4839653507620699,smooth
5_33_5633,0,1.1568627450980393,0.5230910490395203,erratic
5_33_5656,0,1.1919191919191918,1.0002908752134985,erratic
5_33_5947,0,1.0085470085470085,0.6696014995537167,erratic
5_33_6041,51,1.046875,0.3718522581571167,smooth
5_33_6171,17,1.7413793103448276,4.752433838411377,lumpy
5_33_6253,18,1.9607843137254901,2.254981929236271,lumpy
5_33_6300,3,2.6136363636363638,4.098675447305203,lumpy
5_33_6367,0,1.2688172043010753,0.7235631934041876,erratic
5_33_6412,31,3.2222222222222223,3.656509695290859,lumpy
5_33_6463,0,1.0442477876106195,0.5183002264086464,erratic
5_33_6485,8,1.6417910447761195,1.3108639133564737,lumpy
5_33_6803,65,2.0384615384615383,1.5697357461223718,lumpy
5_33_7010,99,1.0,0.3618806952656895,smooth
5_33_7168,0,1.2421052631578948,0.5192329873125722,erratic
5_33_7246,0,1.6164383561643836,0.622747253864056,lumpy
5_33_7265,1,2.25,0.9920677843879576,lumpy
5_33_7335,0,1.102803738317757,0.7741895766571091,erratic
5_33_7526,67,3.923076923076923,0.6842384950579233,lumpy
5_33_7783,4,1.2258064516129032,0.46333291479702066,smooth
5_33_7941,15,2.4523809523809526,3.2665420773646323,lumpy
5_33_8003,102,1.0666666666666667,0.6559999999999997,erratic
5_33_8066,4,3.1666666666666665,0.35478310830221216,intermittent
5_33_8109,19,2.675675675675676,1.3105775343537582,lumpy
5_33_8137,26,7.666666666666667,1.6757093425605536,lumpy
5_33_8142,18,1.0309278350515463,0.7755748921416442,erratic
5_33_8250,16,1.108695652173913,2.290556097920389,erratic
5_33_8263,69,3.769230769230769,2.9539423076923077,lumpy
5_33_8343,17,3.740740740740741,1.5285169531609328,lumpy
5_33_8344,46,1.0,1.1115701790920454,erratic
5_33_8359,67,2.3181818181818183,1.185372047178322,lumpy
5_33_8409,0,1.2040816326530612,0.6097787991956336,erratic
5_33_8420,11,2.183673469387755,3.3110834504132542,lumpy
5_33_8435,3,2.6744186046511627,3.3240797334756635,lumpy
5_33_8455,19,3.413793103448276,1.1181184003148361,lumpy
5_33_8522,3,3.3823529411764706,1.8459521331945892,lumpy
5_33_8847,68,2.7777777777777777,2.115338882282997,lumpy
5_33_8856,8,1.3580246913580247,1.1199999999999997,lumpy
5_33_8920,0,2.5652173913043477,0.2941481292931307,intermittent
5_33_8992,0,1.1238095238095238,0.8649397172074231,erratic
5_33_9081,0,2.185185185185185,6.027447268793943,lumpy
5_33_9104,0,2.1454545454545455,2.8770487495491017,lumpy
5_33_9387,71,1.146341463414634,1.3483173553719008,erratic
5_33_9513,1,1.1470588235294117,1.8263877198888987,erratic
5_33_9643,12,3.0285714285714285,1.8952725463119922,lumpy
5_33_9777,8,1.3580246913580247,1.4087534871469447,lumpy
5_33_9898,0,3.806451612903226,3.0052669490685355,lumpy
5_33_10082,0,1.0260869565217392,0.30744216102135125,smooth
5_33_10103,15,2.395348837209302,3.173425587801909,lumpy
5_33_10195,0,1.0925925925925926,0.6536241332090204,erratic
5_33_10243,19,3.413793103448276,1.4378424787252848,lumpy
5_33_10414,0,1.102803738317757,1.0503898013142,erratic
5_33_10431,2,2.4166666666666665,6.366981944584539,lumpy
5_33_10492,13,1.1290322580645162,0.6682038310782332,erratic
5_33_10545,69,3.769230769230769,2.360544217687075,lumpy
5_33_10700,78,1.0256410256410255,0.31829614907106885,smooth
5_33_10780,0,2.8780487804878048,3.9887909701693087,lumpy
5_33_10836,0,1.1346153846153846,1.1857150193637431,erratic
5_33_10949,10,3.272727272727273,2.7339391860996796,lumpy
5_33_11135,8,2.8947368421052633,1.961821790729929,lumpy
5_33_11170,10,3.375,0.9129444645722271,lumpy
5_33_11267,18,3.4482758620689653,1.8077230689058146,lumpy
5_33_11303,1,1.4268292682926829,0.691724956440494,lumpy
5_33_11494,3,1.3372093023255813,0.632050474650941,lumpy
5_33_11809,2,1.1047619047619048,0.49893503447000537,smooth
5_33_11911,0,1.903225806451613,3.6862653583164486,lumpy
5_33_12008,17,3.0606060606060606,2.376520147150818,lumpy
5_33_12056,69,1.8846153846153846,2.618169456955894,lumpy
5_33_12130,18,2.3255813953488373,3.197230711754297,lumpy
5_33_12207,15,2.2888888888888888,2.936218277911891,lumpy
5_33_12314,19,3.0,2.6046848626576535,lumpy
5_33_12408,0,1.4216867469879517,2.5570958143225546,lumpy
5_33_12438,0,1.5128205128205128,0.5847409235756782,lumpy
5_33_12448,0,1.1683168316831682,0.7078798788969807,erratic
5_33_12450,0,1.1132075471698113,0.7329020829423907,erratic
5_33_12463,1,1.3448275862068966,1.2816659121774556,lumpy
5_33_12671,0,2.6818181818181817,1.677564129561031,lumpy
5_33_12787,0,1.5526315789473684,4.339962147834859,lumpy
5_33_13066,0,1.1132075471698113,0.4001595724471572,smooth
5_33_13289,18,1.5873015873015872,2.9994897959183677,lumpy
5_33_13320,13,3.75,1.9165177116994951,lumpy
5_33_13384,0,1.145631067961165,1.305806215290371,erratic
5_33_13412,5,1.661764705882353,3.046258531050484,lumpy
5_33_13697,0,2.0701754385964914,1.1315789473684212,lumpy
5_33_13970,0,1.2967032967032968,0.7057725050804636,erratic
5_33_14001,2,2.8292682926829267,3.890704316127099,lumpy
5_33_14228,11,3.1470588235294117,1.5977634528438085,lumpy
5_33_14260,5,1.9824561403508771,1.8540891699436715,lumpy
5_33_14310,0,1.0085470085470085,0.8428440431882384,erratic
5_56_13,0,1.0,0.3004058370373007,smooth
5_56_55,48,1.0769230769230769,0.9453296589924295,erratic
5_56_136,47,1.0441176470588236,0.6347755102040815,erratic
5_56_211,0,1.0925925925925926,0.41642477554542856,smooth
5_56_218,0,1.0172413793103448,0.3079960983292618,smooth
5_56_255,20,1.1136363636363635,0.5229170758166635,erratic
5_56_289,0,1.0,0.19221865583268596,smooth
5_56_294,0,1.1238095238095238,0.9337009456569356,erratic
5_56_501,0,1.0350877192982457,0.9977723996403075,erratic
5_56_508,52,2.4444444444444446,3.9683910671129237,lumpy
5_56_641,0,1.1346153846153846,1.1695387789727332,erratic
5_56_740,0,1.1568627450980393,3.6659665457068913,erratic
5_56_1027,21,1.2278481012658229,2.1220758455887805,erratic
5_56_1237,0,2.1454545454545455,1.1508271279102646,lumpy
5_56_1351,68,1.3888888888888888,1.0981833910034602,lumpy
5_56_1352,5,1.0560747663551402,0.5763019645529845,erratic
5_56_1484,0,1.2553191489361701,1.2083315020480478,erratic
5_56_1589,0,1.2291666666666667,0.5786075296160303,erratic
5_56_1782,0,1.5733333333333333,0.849763054701812,lumpy
5_56_1916,0,1.102803738317757,0.6195571401763931,erratic
5_56_2114,0,1.4567901234567902,2.1374287284761424,lumpy
5_56_2129,17,1.188235294117647,0.4392042894221455,smooth
5_56_2161,19,1.0879120879120878,0.5756789417161845,erratic
5_56_2394,14,1.04,0.2958349546070275,smooth
5_56_2413,0,1.063063063063063,0.6592621853702687,erratic
5_56_2449,18,1.1363636363636365,0.3793894501181577,smooth
5_56_2527,46,1.1612903225806452,0.7555316849728229,erratic
5_56_2580,0,1.1919191919191918,0.73218060252759,erratic
5_56_3146,5,1.2417582417582418,11.281435681166322,erratic
5_56_3313,12,1.127659574468085,0.9753112723142952,erratic
5_56_3770,18,1.1235955056179776,4.204390542599196,erratic
5_56_3811,20,1.0425531914893618,0.44499419315542826,smooth
5_56_3848,0,1.1132075471698113,0.46499263520068973,smooth
5_56_3874,0,1.18,2.1431399414767403,erratic
5_56_4026,21,1.0319148936170213,1.7107734998265696,erratic
5_56_4280,68,1.0638297872340425,0.5210592005397197,erratic
5_56_4303,0,2.0,0.7822229080668186,lumpy
5_56_4308,0,1.1132075471698113,1.1402678232697376,erratic
5_56_4475,45,1.0,0.5673182036818399,erratic
5_56_4734,0,1.063063063063063,1.1107475846913226,erratic
5_56_4776,0,1.0442477876106195,0.8064365131061744,erratic
5_56_4821,0,1.18,0.7219200588796231,erratic
5_56_4829,34,1.1506849315068493,1.5332000810080215,erratic
5_56_4833,13,1.1290322580645162,0.8346460341969286,erratic
5_56_4897,0,1.102803738317757,0.58891760801703,erratic
5_56_5253,0,1.0,0.8518376824856019,erratic
5_56_5372,9,1.3132530120481927,0.3014054599625392,smooth
5_56_5567,2,1.1372549019607843,0.4492340376846356,smooth
5_56_5597,1,1.054054054054054,0.7917166765869541,erratic
5_56_5736,0,1.2291666666666667,0.5710800718517777,erratic
5_56_5743,46,1.5,1.1995635786550285,lumpy
5_56_5749,28,1.836734693877551,1.0738290275152278,lumpy
5_56_5882,0,1.0260869565217392,0.20754256678307537,smooth
5_56_6098,0,1.0350877192982457,0.48761406466970825,smooth
5_56_6208,0,1.0350877192982457,1.2508958405781758,erratic
5_56_6224,0,1.2291666666666667,0.8470857154044954,erratic
5_56_6231,0,1.0535714285714286,0.5403749210080505,erratic
5_56_6269,0,2.0344827586206895,1.7133620689655173,lumpy
5_56_6295,4,1.1875,0.7721594289113624,erratic
5_56_6322,0,1.2826086956521738,0.7092802478770861,erratic
5_56_6353,0,1.3258426966292134,0.6699216851201731,erratic
5_56_6446,29,1.289855072463768,0.5615333241146376,erratic
5_56_6478,4,1.0961538461538463,1.697794451825902,erratic
5_56_6542,0,1.0825688073394495,0.2787363062545669,smooth
5_56_6589,49,1.0,0.17960474826833797,smooth
5_56_6634,51,1.5952380952380953,3.9545245153020354,lumpy
5_56_6666,76,1.0,0.12004761873614092,smooth
5_56_6765,69,1.1666666666666667,0.7978102170255224,erratic
5_56_6849,0,1.1132075471698113,0.436661194973842,smooth
5_56_6931,0,1.4390243902439024,0.3034939236111114,intermittent
5_56_7008,0,1.2421052631578948,0.7313686627936394,erratic
5_56_7036,6,2.871794871794872,1.343014128728414,lumpy
5_56_7040,100,1.0,0.2696052370561398,smooth
5_56_7080,0,1.7878787878787878,0.8908051239787147,lumpy
5_56_7098,0,1.1919191919191918,1.230313643122948,erratic
5_56_7131,0,1.102803738317757,0.8654000538340885,erratic
5_56_7165,0,1.0825688073394495,0.7373619377162631,erratic
5_56_7264,0,1.145631067961165,0.940718015860482,erratic
5_56_7321,48,1.2280701754385965,1.239989208771727,erratic
5_56_7327,3,1.3218390804597702,0.9021412687426332,erratic
5_56_7504,17,1.2317073170731707,1.0945149765930222,erratic
5_56_7637,0,1.0727272727272728,0.5543866685820941,erratic
5_56_7662,0,1.0535714285714286,0.41713446482476296,smooth
5_56_7799,0,1.0442477876106195,1.9490091500792237,erratic
5_56_7862,0,3.2777777777777777,0.25147928994082847,intermittent
5_56_8033,23,1.2337662337662338,0.8397692152647135,erratic
5_56_8052,0,1.102803738317757,0.37353386861758864,smooth
5_56_8097,0,1.3111111111111111,1.0599156945397512,erratic
5_56_8121,0,1.1132075471698113,1.4593215579343308,erratic
5_56_8149,0,1.0260869565217392,1.295740881862539,erratic
5_56_8181,17,1.1744186046511629,0.5313208549399062,erratic
5_56_8190,57,1.1296296296296295,0.14653216013449116,smooth
5_56_8216,0,1.145631067961165,0.8401229955250932,erratic
5_56_8378,0,1.0535714285714286,0.36873278474534354,smooth
5_56_8390,0,1.1919191919191918,1.02623125353105,erratic
5_56_8400,0,1.1346153846153846,0.39599263137150176,smooth
5_56_8576,0,1.0350877192982457,0.552214478491061,erratic
5_56_8577,1,23.4,0.3281249999999997,intermittent
5_56_8581,57,1.0338983050847457,0.5310673059667732,erratic
5_56_8604,1,1.481012658227848,0.4954686378342059,intermittent
5_56_8896,28,1.1538461538461537,0.7051756631653675,erratic
5_56_8929,3,1.0849056603773586,0.5484238810920565,erratic
5_56_8941,0,2.4081632653061225,0.6030612743899458,lumpy
5_56_9048,0,1.0260869565217392,0.665933218308741,erratic
5_56_9113,0,1.18,0.6402214302382904,erratic
5_56_9185,0,1.0085470085470085,0.4049299050678596,smooth
5_56_9186,0,1.5526315789473684,0.6395077224121951,lumpy
5_56_9308,0,1.475,1.6913403105409845,lumpy
5_56_9312,0,1.1346153846153846,1.6777041965666515,erratic
5_56_9792,0,1.4047619047619047,0.5348185260299619,lumpy
5_56_9869,57,1.0,0.561295155181186,erratic
5_56_10024,0,1.0727272727272728,0.9920405754059418,erratic
5_56_10054,7,1.5,0.5953682342892864,lumpy
5_56_10147,0,1.0727272727272728,0.4244866532961609,smooth
5_56_10165,3,1.055045871559633,0.439840879868305,smooth
5_56_10181,6,1.7777777777777777,1.0845439999999997,lumpy
5_56_10248,22,1.5238095238095237,0.4201945390481582,intermittent
5_56_10263,0,1.3258426966292134,1.4297416031855956,erratic
5_56_10289,0,1.0727272727272728,0.8536564019803562,erratic
5_56_10352,47,2.0285714285714285,4.263585376697102,lumpy
5_56_10462,0,1.2688172043010753,1.4206345133857974,erratic
5_56_10575,0,1.0260869565217392,0.43098355516975295,smooth
5_56_10597,0,1.1919191919191918,1.5451120360878206,erratic
5_56_10656,0,1.0535714285714286,0.2992889235854461,smooth
5_56_10749,6,1.9310344827586208,1.6539520951812405,lumpy
5_56_10759,0,1.063063063063063,0.7107458452874791,erratic
5_56_10876,73,5.625,0.0,intermittent
5_56_10887,0,1.0,0.24335063464601084,smooth
5_56_11376,0,1.1919191919191918,0.7593778215762073,erratic
5_56_11473,0,1.102803738317757,1.8019878660210595,erratic
5_56_11662,5,1.2840909090909092,0.5117845117845118,erratic
5_56_11780,0,1.4216867469879517,0.5136396513837665,lumpy
5_56_12092,0,1.0535714285714286,0.4694359443895621,smooth
5_56_12116,0,1.3409090909090908,0.6938315863965642,lumpy
5_56_12148,0,1.0727272727272728,1.0021413276231266,erratic
5_56_12165,0,1.1132075471698113,1.2117632341027689,erratic
5_56_12232,6,1.0769230769230769,1.0082493001775428,erratic
5_56_12235,28,1.4516129032258065,1.0863420176933694,lumpy
5_56_12244,2,1.0943396226415094,1.1196990758869132,erratic
5_56_12292,0,1.063063063063063,0.5831599372163747,erratic
5_56_12456,48,1.0294117647058822,0.290599030470914,smooth
5_56_12488,0,1.0825688073394495,1.9569194503490868,erratic
5_56_12497,0,1.0350877192982457,2.2669618288718993,erratic
5_56_12503,0,1.372093023255814,1.270946093726208,lumpy
5_56_12565,20,1.065217391304348,0.5533635226845052,erratic
5_56_12634,0,1.0727272727272728,0.294216623227163,smooth
5_56_12793,47,1.290909090909091,0.47710313733479764,smooth
5_56_12834,0,1.0260869565217392,0.16510068001136627,smooth
5_56_12846,20,1.101123595505618,0.40783867322068057,smooth
5_56_12999,0,1.3111111111111111,1.2132206046290879,erratic
5_56_13040,0,1.0172413793103448,0.5975072665406426,erratic
5_56_13169,44,4.933333333333334,2.11900826446281,lumpy
5_56_13274,0,1.5526315789473684,0.7292968750000003,lumpy
5_56_13631,7,2.22,0.77,lumpy
5_56_13677,0,1.388235294117647,0.46687793985620124,intermittent
5_56_13725,21,1.1547619047619047,2.076985692370308,erratic
5_56_13804,3,1.0267857142857142,1.220062209706262,erratic
5_56_13827,0,1.063063063063063,0.5030468935125753,erratic
5_56_13837,0,1.1238095238095238,0.6220429065743946,erratic
5_56_13942,3,1.4743589743589745,0.6175371802498514,lumpy
5_56_13965,0,4.214285714285714,0.5315101070154575,lumpy
5_56_14135,51,1.0151515151515151,1.2066171559114496,erratic
5_58_55,49,1.0147058823529411,0.5557446758688416,erratic
5_58_109,0,1.0172413793103448,0.1957744093986872,smooth
5_58_211,0,1.710144927536232,0.7041361763710423,lumpy
5_58_294,0,1.1346153846153846,0.4333400269236898,smooth
5_58_398,0,1.063063063063063,0.44736406489506086,smooth
5_58_728,0,1.0925925925925926,0.34724489388111235,smooth
5_58_740,0,1.0172413793103448,0.6629643566661438,erratic
5_58_1032,0,11.8,0.28888888888888886,intermittent
5_58_1133,1,1.625,0.6212902219135292,lumpy
5_58_1229,0,1.2553191489361701,0.6090310310698827,erratic
5_58_1237,0,1.4216867469879517,1.1279354576948282,lumpy
5_58_1339,0,1.0172413793103448,0.26694928998575645,smooth
5_58_1351,72,1.1794871794871795,0.5400319999999998,erratic
5_58_1484,0,1.5945945945945945,0.9163706768897323,lumpy
5_58_1697,0,1.102803738317757,0.4215103521554441,smooth
5_58_1705,5,1.0761904761904761,0.7099168071246356,erratic
5_58_1782,0,1.1132075471698113,0.35423800572405983,smooth
5_58_1844,0,1.2826086956521738,1.0303347765323043,erratic
5_58_1916,0,1.2826086956521738,0.6999656656852709,erratic
5_58_2029,2,1.3181818181818181,0.27695893172083624,smooth
5_58_2032,0,1.1568627450980393,0.419077652960054,smooth
5_58_2082,22,1.7777777777777777,3.3727251704236956,lumpy
5_58_2114,0,1.3409090909090908,1.0963463977687258,lumpy
5_58_2129,19,1.2531645569620253,0.4201591575135214,smooth
5_58_2149,77,1.0,0.29337283950617254,smooth
5_58_2161,20,1.240506329113924,0.6548440457987231,erratic
5_58_2413,0,1.1568627450980393,0.4003264170812857,smooth
5_58_2461,0,1.6164383561643836,0.735337346457516,lumpy
5_58_2580,0,1.0925925925925926,1.0707318710081544,erratic
5_58_2713,73,1.0975609756097562,0.485243624860152,smooth
5_58_2798,51,1.0,0.3292165680473373,smooth
5_58_2993,0,1.1132075471698113,0.5443355363188959,erratic
5_58_3115,0,1.3258426966292134,0.728046267603255,erratic
5_58_3146,4,1.0363636363636364,4.860194142733253,erratic
5_58_3262,0,1.9666666666666666,1.124489795918368,lumpy
5_58_3284,0,1.0085470085470085,0.19205929555086942,smooth
5_58_3327,7,1.3875,0.8184671530023585,lumpy
5_58_3417,3,1.0360360360360361,0.19171417586642495,smooth
5_58_3574,5,1.036697247706422,0.47511073701636425,smooth
5_58_3744,0,1.1919191919191918,1.6136731523681134,erratic
5_58_3848,0,1.0535714285714286,0.47664940286060703,smooth
5_58_3920,0,2.0701754385964914,1.035814388041109,lumpy
5_58_4085,0,1.3258426966292134,5.03847676501084,erratic
5_58_4100,0,1.4390243902439024,1.3260260618702466,lumpy
5_58_4207,0,1.2040816326530612,0.22678582456429255,smooth
5_58_4280,70,1.0909090909090908,0.9085073396254154,erratic
5_58_4303,0,1.0350877192982457,0.37661367593405615,smooth
5_58_4365,0,1.4216867469879517,0.5476739715494043,lumpy
5_58_4475,52,1.064516129032258,0.7179746573724006,erratic
5_58_4856,0,1.1132075471698113,0.26661049159166683,smooth
5_58_5248,0,1.1683168316831682,1.466321830127398,erratic
5_58_5334,7,1.4605263157894737,0.7192088287723333,lumpy
5_58_5597,0,1.1346153846153846,0.3637396121883658,smooth
5_58_5713,0,1.3258426966292134,0.37376559766763856,smooth
5_58_5882,0,1.0172413793103448,0.2505970630298733,smooth
5_58_5972,71,1.0444444444444445,0.6380504721672089,erratic
5_58_6098,0,1.2040816326530612,0.29388928706854855,smooth
5_58_6224,0,1.0727272727272728,0.8504732881216654,erratic
5_58_6231,0,1.1568627450980393,0.5046237000501486,erratic
5_58_6295,0,1.0535714285714286,0.5674017802373826,erratic
5_58_6322,0,1.0442477876106195,0.7207936524059244,erratic
5_58_6446,31,1.380952380952381,0.5932784859521332,lumpy
5_58_6453,0,1.0260869565217392,2.967149361292773,erratic
5_58_6478,5,1.6142857142857143,0.9204639907250933,lumpy
5_58_6542,0,1.063063063063063,0.3169657389322914,smooth
5_58_6611,0,1.903225806451613,2.0533465972859912,lumpy
5_58_6706,70,1.0,0.39986119373388845,smooth
5_58_6849,0,1.2164948453608246,0.19145824903315697,smooth
5_58_6999,0,1.1346153846153846,0.6616242778404938,erratic
5_58_7004,49,1.15,0.2862130368543148,smooth
5_58_7048,49,1.1129032258064515,0.36619977775581497,smooth
5_58_7098,0,1.0,0.27456744453348714,smooth
5_58_7102,73,1.0975609756097562,2.5185639059428766,erratic
5_58_7165,0,1.0727272727272728,0.5115204815260251,erratic
5_58_7181,0,1.1346153846153846,0.38357862888188005,smooth
5_58_7190,0,1.5733333333333333,1.556107979412485,lumpy
5_58_7264,0,1.1132075471698113,0.6595484328852391,erratic
5_58_7321,49,1.0454545454545454,0.7355655006080168,erratic
5_58_7422,48,1.2962962962962963,0.5142295208026795,erratic
5_58_7504,14,1.4647887323943662,0.4470863318593187,intermittent
5_58_7582,0,1.7611940298507462,0.3071650447276261,intermittent
5_58_7637,0,1.1132075471698113,0.74264164359572,erratic
5_58_7691,0,1.388235294117647,1.677625576993777,lumpy
5_58_7765,0,1.1568627450980393,0.5643768547192358,erratic
5_58_7894,0,1.4047619047619047,0.5883491215712334,lumpy
5_58_8033,21,1.127906976744186,0.3331090523264843,smooth
5_58_8121,0,1.1346153846153846,0.42611323426972986,smooth
5_58_8188,0,1.1238095238095238,3.5498286756852973,erratic
5_58_8190,72,1.1219512195121952,0.26410826812795457,smooth
5_58_8347,0,1.0535714285714286,0.3902383664706788,smooth
5_58_8400,0,1.0260869565217392,0.3370192864096741,smooth
5_58_8576,0,1.18,0.4316760466804193,smooth
5_58_8623,71,1.236842105263158,1.7958760302962804,erratic
5_58_8632,3,1.0454545454545454,0.22887345968599462,smooth
5_58_8687,7,3.0,0.4526864192356516,intermittent
5_58_8896,35,1.0375,1.3332214345472375,erratic
5_58_8929,3,1.1979166666666667,0.6291319976195203,erratic
5_58_9156,0,1.3111111111111111,2.044062017155949,erratic
5_58_9750,0,1.1238095238095238,3.5750087023248964,erratic
5_58_9792,0,1.2688172043010753,0.6491302002852046,erratic
5_58_9820,0,1.102803738317757,0.6663644610201873,erratic
5_58_9869,60,1.288888888888889,0.6574162122300066,erratic
5_58_10009,0,1.063063063063063,0.1615132086280214,smooth
5_58_10263,0,1.8153846153846154,1.3059826039770452,lumpy
5_58_10289,0,1.0825688073394495,0.48307647082270405,smooth
5_58_10503,0,1.5128205128205128,0.9631523549187796,lumpy
5_58_10656,0,1.1346153846153846,0.40277856294872527,smooth
5_58_10737,0,1.1346153846153846,0.71254230938032,erratic
5_58_10887,0,1.0172413793103448,0.220349733001068,smooth
5_58_11315,0,1.5324675324675325,1.2126392901317469,lumpy
5_58_11385,0,1.0260869565217392,4.152240877944214,erratic
5_58_11473,0,1.18,2.1503842462073415,erratic
5_58_11578,32,1.1466666666666667,0.6259242492832349,erratic
5_58_11617,21,1.2125,0.5329377603837899,erratic
5_58_11723,0,1.2967032967032968,0.5656255149118471,erratic
5_58_11774,0,1.0172413793103448,1.2861141790439086,erratic
5_58_11901,0,3.1052631578947367,0.5905574290815313,lumpy
5_58_11952,2,1.380952380952381,0.7275754552858459,lumpy
5_58_12053,39,1.0675675675675675,0.2942000315120532,smooth
5_58_12148,0,1.0727272727272728,0.36934757087572473,smooth
5_58_12212,39,1.0394736842105263,1.0792152728878586,erratic
5_58_12215,0,1.2967032967032968,0.5384386135406544,erratic
5_58_12232,6,1.2307692307692308,0.8441631320419201,erratic
5_58_12235,23,1.0795454545454546,1.1970934440140981,erratic
5_58_12292,0,1.18,0.5677910238866829,erratic
5_58_12335,0,1.2421052631578948,0.946460151474376,erratic
5_58_12456,50,1.0149253731343284,0.6084355999690405,erratic
5_58_12564,0,1.0085470085470085,0.25076471006246004,smooth
5_58_12736,0,1.063063063063063,0.52813830711215,erratic
5_58_12792,0,1.1238095238095238,0.5050935510010788,erratic
5_58_12832,59,1.0535714285714286,0.8200942558568404,erratic
5_58_12917,0,1.372093023255814,0.39835156793405135,intermittent
5_58_13274,0,1.0350877192982457,0.15182520506866234,smooth
5_58_13437,0,1.0925925925925926,0.39552708284799254,smooth
5_58_13483,0,1.1132075471698113,0.3598109623374768,smooth
5_58_13804,4,1.1515151515151516,1.871095783527356,erratic
5_58_13827,0,1.0727272727272728,0.33302886640266616,smooth
5_58_13852,0,1.388235294117647,1.1141533743301142,lumpy
5_58_13998,81,1.0,0.1447837733516365,smooth
5_58_14241,0,1.0260869565217392,0.442235166279001,smooth
5_92_822,28,2.8125,1.0661702328211895,lumpy
5_92_4829,85,2.0625,0.3610586011342155,intermittent
5_92_5736,12,2.65,1.1416717617259151,lumpy
5_92_6224,27,1.82,1.373172953201579,lumpy
5_92_7366,86,2.4615384615384617,0.20861678004535134,intermittent
5_150_4672,0,2.4081632653061225,0.3681574715598307,intermittent
5_150_10195,0,4.37037037037037,0.6183127572016461,lumpy
5_257_13,1,1.0636363636363637,0.36012612749941564,smooth
5_257_1339,0,1.2826086956521738,0.5136067039296383,erratic
5_257_3398,0,1.710144927536232,0.3571946227888415,intermittent
5_257_7415,0,3.6875,0.4649544162337026,intermittent
5_257_7637,19,2.75,1.5047947650208207,lumpy
5_257_8121,0,1.873015873015873,1.2398627585530828,lumpy
5_257_8347,0,5.363636363636363,0.7204461770098834,lumpy
5_257_10669,0,7.866666666666666,1.6515252764876873,lumpy
5_257_10737,0,2.744186046511628,0.8106815200402187,lumpy
5_257_12148,0,2.2264150943396226,0.6259662553887316,lumpy
5_257_12212,87,1.1481481481481481,0.4303305785123963,smooth
5_257_12235,0,4.916666666666667,0.7871093750000002,lumpy
5_257_12497,13,8.076923076923077,0.8069526796547698,lumpy
6_67_46,0,1.0172413793103448,0.5834503702914382,erratic
6_67_235,40,1.0263157894736843,0.2722350244450085,smooth
6_67_405,0,1.0,0.4086416888668243,smooth
6_67_834,0,1.0,0.6776161532659388,erratic
6_67_900,0,1.388235294117647,0.5882305565250074,lumpy
6_67_1075,81,1.4230769230769231,0.2593933906745133,intermittent
6_67_1289,98,1.6666666666666667,4.215485756026297,lumpy
6_67_1403,81,1.088235294117647,0.3234828903205894,smooth
6_67_1494,0,1.3258426966292134,0.48716368179925057,smooth
6_67_3153,0,1.0085470085470085,0.6279133538596787,erratic
6_67_3521,1,1.054054054054054,0.6310445339388846,erratic
6_67_4436,50,1.0149253731343284,0.8213157266136029,erratic
6_67_4812,51,1.0,0.42819014779715864,smooth
6_67_6354,100,1.0,0.14385153442392498,smooth
6_67_6508,0,1.0085470085470085,0.802529286992007,erratic
6_67_6718,0,1.1683168316831682,1.2180359803933005,erratic
6_67_6771,93,1.0,0.2669518059447691,smooth
6_67_8323,40,1.471698113207547,0.4576573011476058,intermittent
6_67_8388,37,1.1571428571428573,1.6814768065989583,erratic
6_67_8592,93,1.0,0.3153863740283493,smooth
6_67_8658,0,1.0085470085470085,0.7317459599224866,erratic
6_67_8662,52,1.0,0.20761043883948083,smooth
6_67_9172,79,1.0,0.8224400303004797,erratic
6_67_10005,0,1.1238095238095238,1.310874638498386,erratic
6_67_10120,0,1.0085470085470085,0.6610862960244506,erratic
6_67_10388,24,47.0,0.1111111111111111,intermittent
6_67_10551,49,1.1694915254237288,0.6644803795437145,erratic
6_67_10895,0,1.0085470085470085,0.5766529706706629,erratic
6_67_10956,0,1.2291666666666667,0.8133937508244037,erratic
6_67_11431,0,1.0172413793103448,2.442579815102758,erratic
6_67_11501,2,1.6571428571428573,0.4592925162286599,intermittent
6_67_11849,2,1.0545454545454545,2.5317746236477463,erratic
6_67_12158,12,1.06,1.1855665596612255,erratic
6_67_12479,2,1.2747252747252746,0.6541526661796935,erratic
6_67_12591,0,1.0,0.7197557643436059,erratic
6_67_13097,0,1.2040816326530612,0.7302122594723268,erratic
6_67_13166,0,1.1683168316831682,1.0682010276923328,erratic
6_67_13432,14,1.3866666666666667,3.5082465695328335,lumpy
6_67_13543,19,12.375,0.0,intermittent
6_67_14233,2,1.0545454545454545,1.1245182622068433,erratic
7_303_68,26,2.358974358974359,0.27602617489589537,intermittent
7_303_76,42,4.0,0.17768595041322308,intermittent
7_303_206,74,22.0,0.0,intermittent
7_303_262,29,4.45,0.07438016528925608,intermittent
7_303_310,63,55.0,0.0,intermittent
7_303_476,60,58.0,0.0,intermittent
7_303_479,31,7.909090909090909,0.0,intermittent
7_303_530,28,45.0,0.0,intermittent
7_303_709,28,6.923076923076923,0.06122448979591849,intermittent
7_303_756,55,63.0,0.0,intermittent
7_303_770,38,16.0,0.0,intermittent
7_303_909,71,47.0,0.0,intermittent
7_303_923,61,5.181818181818182,0.0694444444444446,intermittent
7_303_941,83,3.1818181818181817,0.0694444444444446,intermittent
7_303_950,84,8.5,0.375,intermittent
7_303_1033,49,23.0,0.0,intermittent
7_303_1048,98,10.0,0.0,intermittent
7_303_1080,78,40.0,0.0,intermittent
7_303_1104,43,10.714285714285714,0.0,intermittent
7_303_1127,70,48.0,0.0,intermittent
7_303_1184,97,21.0,0.0,intermittent
7_303_1355,26,2.358974358974359,0.5297731568998107,lumpy
7_303_1391,97,10.5,0.0,intermittent
7_303_1434,31,6.214285714285714,0.09375000000000011,intermittent
7_303_1474,95,7.666666666666667,0.0,intermittent
7_303_1563,53,65.0,0.0,intermittent
7_303_1619,34,3.0,0.27272727272727276,intermittent
7_303_1676,98,10.0,0.0,intermittent
7_303_1684,47,5.071428571428571,0.09375000000000011,intermittent
7_303_1790,73,45.0,0.0,intermittent
7_303_1800,94,6.0,0.12,intermittent
7_303_1864,26,1.7692307692307692,0.530104119511091,lumpy
7_303_1911,50,22.666666666666668,0.0,intermittent
7_303_1939,26,1.373134328358209,0.5353520661157025,lumpy
7_303_2000,84,34.0,0.0,intermittent
7_303_2063,26,4.380952380952381,0.2734839476813316,intermittent
7_303_2071,81,7.4,0.12244897959183697,intermittent
7_303_2090,56,12.4,0.11111111111111122,intermittent
7_303_2134,29,5.235294117647059,0.349206349206349,intermittent
7_303_2157,67,25.5,0.0,intermittent
7_303_2286,27,1.9361702127659575,0.25160697887970607,intermittent
7_303_2309,27,3.64,0.11111111111111122,intermittent
7_303_2418,29,8.9,0.07438016528925608,intermittent
7_303_2437,25,4.428571428571429,0.3535156250000002,intermittent
7_303_2445,102,16.0,0.0,intermittent
7_303_2460,61,11.4,0.12244897959183697,intermittent
7_303_2464,36,2.9285714285714284,0.1899999999999999,intermittent
7_303_2497,52,66.0,0.0,intermittent
7_303_2505,93,6.25,0.0,intermittent
7_303_2534,44,24.666666666666668,0.0,intermittent
7_303_2543,35,5.533333333333333,0.11111111111111122,intermittent
7_303_2691,57,61.0,0.0,intermittent
7_303_2731,47,23.666666666666668,0.0,intermittent
7_303_2734,26,46.0,0.0,intermittent
7_303_2765,73,15.0,0.12500000000000006,intermittent
7_303_2780,43,37.5,0.0,intermittent
7_303_2804,44,24.666666666666668,0.0,intermittent
7_303_2811,64,18.0,0.12500000000000006,intermittent
7_303_2814,27,1.2638888888888888,0.5861516553933782,erratic
7_303_2847,58,5.454545454545454,0.20312499999999994,intermittent
7_303_2957,27,1.6545454545454545,0.2865051903114188,intermittent
7_303_2987,76,8.4,0.0,intermittent
7_303_2998,46,3.789473684210526,0.09917355371900814,intermittent
7_303_3033,28,3.0,0.216873985938345,intermittent
7_303_3113,32,8.6,0.07438016528925608,intermittent
7_303_3135,57,61.0,0.0,intermittent
7_303_3285,67,25.5,0.1111111111111111,intermittent
7_303_3310,98,20.0,0.0,intermittent
7_303_3333,32,9.555555555555555,0.0,intermittent
7_303_3541,95,3.8333333333333335,0.2592592592592593,intermittent
7_303_3554,72,4.6,0.11111111111111122,intermittent
7_303_3561,44,37.0,0.0,intermittent
7_303_3617,70,12.0,0.5510204081632653,lumpy
7_303_3637,27,45.5,0.0,intermittent
7_303_3714,44,74.0,0.0,intermittent
7_303_3750,54,64.0,0.0,intermittent
7_303_3752,64,54.0,0.0,intermittent
7_303_3781,26,1.1645569620253164,0.364249926826329,smooth
7_303_3853,65,26.5,0.0,intermittent
7_303_3862,45,36.5,0.0,intermittent
7_303_3866,26,4.380952380952381,0.7551775147928994,lumpy
7_303_3883,80,38.0,0.0,intermittent
7_303_3900,30,4.631578947368421,0.09917355371900814,intermittent
7_303_3924,92,13.0,0.0,intermittent
7_303_3972,29,4.944444444444445,0.19092627599243878,intermittent
7_303_3981,100,3.0,0.0,intermittent
7_303_4017,27,18.2,0.0,intermittent
7_303_4028,72,11.5,0.34,intermittent
7_303_4076,38,5.714285714285714,0.23809523809523803,intermittent
7_303_4107,99,19.0,0.0,intermittent
7_303_4109,35,83.0,0.0,intermittent
7_303_4146,41,9.625,0.12,intermittent
7_303_4251,53,7.222222222222222,0.07999999999999981,intermittent
7_303_4270,34,10.5,0.0,intermittent
7_303_4283,62,14.0,0.5510204081632653,lumpy
7_303_4296,75,10.75,0.12,intermittent
7_303_4310,91,2.25,0.1700680272108844,intermittent
7_303_4373,37,81.0,0.0,intermittent
7_303_4440,95,7.666666666666667,0.0,intermittent
7_303_4512,59,29.5,0.0,intermittent
7_303_4529,63,55.0,0.0,intermittent
7_303_4598,44,18.5,0.12,intermittent
7_303_4632,43,6.818181818181818,0.26041666666666685,intermittent
7_303_4634,75,7.166666666666667,0.0,intermittent
7_303_4637,91,27.0,0.0,intermittent
7_303_4740,39,26.333333333333332,0.0,intermittent
7_303_4757,71,47.0,0.0,intermittent
7_303_4889,52,22.0,0.0,intermittent
7_303_4979,74,11.0,0.0,intermittent
7_303_4995,75,43.0,0.0,intermittent
7_303_5042,43,6.818181818181818,0.10650887573964475,intermittent
7_303_5044,30,88.0,0.0,intermittent
7_303_5090,65,5.888888888888889,0.07999999999999981,intermittent
7_303_5113,55,63.0,0.0,intermittent
7_303_5136,64,6.75,0.0,intermittent
7_303_5250,36,11.714285714285714,0.0,intermittent
7_303_5264,73,45.0,0.0,intermittent
7_303_5353,59,9.833333333333334,0.0,intermittent
7_303_5397,39,79.0,0.0,intermittent
7_303_5423,29,89.0,0.0,intermittent
7_303_5569,47,23.666666666666668,0.0,intermittent
7_303_5625,27,91.0,0.0,intermittent
7_303_5695,28,15.0,0.0,intermittent
7_303_5701,28,11.25,0.08641975308641975,intermittent
7_303_5727,72,2.3,0.6447134211463156,lumpy
7_303_5791,55,31.5,0.0,intermittent
7_303_5840,33,2.8333333333333335,0.3185185185185186,intermittent
7_303_5970,26,1.5333333333333334,0.5567913775589263,lumpy
7_303_6030,70,48.0,0.0,intermittent
7_303_6051,30,2.588235294117647,0.3919544321822712,intermittent
7_303_6065,47,35.5,0.0,intermittent
7_303_6095,60,58.0,0.0,intermittent
7_303_6126,75,21.5,0.0,intermittent
7_303_6179,34,7.0,0.10204081632653039,intermittent
7_303_6180,26,4.0,0.17555555555555552,intermittent
7_303_6276,96,11.0,0.0,intermittent
7_303_6359,29,4.684210526315789,0.07709750566893403,intermittent
7_303_6378,27,91.0,0.0,intermittent
7_303_6444,25,1.9787234042553192,0.3028360839609035,intermittent
7_303_6445,47,17.75,0.5308641975308642,lumpy
7_303_6482,92,26.0,0.0,intermittent
7_303_6547,29,44.5,0.1111111111111111,intermittent
7_303_6606,91,27.0,0.0,intermittent
7_303_6637,83,5.833333333333333,0.0,intermittent
7_303_6638,41,77.0,0.0,intermittent
7_303_6673,26,3.68,0.09988109393579078,intermittent
7_303_6689,86,10.666666666666666,0.0,intermittent
7_303_6708,25,9.3,0.11111111111111122,intermittent
7_303_6808,68,1.5625,0.2767184746034289,intermittent
7_303_6863,34,1.3548387096774193,0.5049945654986806,lumpy
7_303_6919,25,1.3880597014925373,0.3354598455480602,intermittent
7_303_7026,74,3.6666666666666665,0.12,intermittent
7_303_7089,41,12.833333333333334,0.10204081632653039,intermittent
7_303_7145,53,5.416666666666667,0.06508875739644986,intermittent
7_303_7183,71,15.666666666666666,0.0,intermittent
7_303_7208,57,61.0,0.0,intermittent
7_303_7218,26,1.3333333333333333,0.3584374999999998,intermittent
7_303_7228,31,43.5,0.5102040816326531,lumpy
7_303_7234,93,25.0,0.0,intermittent
7_303_7235,103,15.0,0.0,intermittent
7_303_7242,26,46.0,0.0,intermittent
7_303_7276,53,32.5,0.1111111111111111,intermittent
7_303_7295,72,2.7058823529411766,0.18999999999999984,intermittent
7_303_7355,83,11.666666666666666,0.0,intermittent
7_303_7439,26,23.0,0.0,intermittent
7_303_7450,32,8.6,0.0,intermittent
7_303_7499,68,10.0,0.32653061224489816,intermittent
7_303_7545,94,8.0,0.0,intermittent
7_303_7562,37,40.5,0.1111111111111111,intermittent
7_303_7571,30,4.631578947368421,0.07709750566893403,intermittent
7_303_7698,52,22.0,0.0,intermittent
7_303_7705,35,3.4583333333333335,0.4806585994842292,intermittent
7_303_7917,25,5.470588235294118,0.19501133786848066,intermittent
7_303_7922,77,41.0,0.0,intermittent
7_303_7974,71,47.0,0.0,intermittent
7_303_8025,26,5.111111111111111,0.07999999999999981,intermittent
7_303_8039,29,5.235294117647059,0.04938271604938268,intermittent
7_303_8040,70,24.0,0.0,intermittent
7_303_8046,97,21.0,0.0,intermittent
7_303_8053,31,87.0,0.0,intermittent
7_303_8068,67,4.25,0.2041522491349479,intermittent
7_303_8082,69,2.3333333333333335,0.09375000000000011,intermittent
7_303_8153,32,1.2463768115942029,0.5100273655995958,erratic
7_303_8213,73,45.0,0.0,intermittent
7_303_8279,33,4.25,0.11111111111111122,intermittent
7_303_8292,43,4.6875,0.05190311418685121,intermittent
7_303_8320,72,4.181818181818182,0.0,intermittent
7_303_8354,39,79.0,0.0,intermittent
7_303_8430,75,43.0,0.0,intermittent
7_303_8454,103,15.0,0.0,intermittent
7_303_8508,31,5.8,0.11111111111111122,intermittent
7_303_8521,26,7.666666666666667,0.8347107438016532,lumpy
7_303_8548,37,81.0,0.0,intermittent
7_303_8625,74,4.0,0.2366863905325442,intermittent
7_303_8638,48,2.0588235294117645,0.2511999999999998,intermittent
7_303_8674,68,16.666666666666668,0.0,intermittent
7_303_8755,38,40.0,0.0,intermittent
7_303_8795,26,1.2777777777777777,0.4444444444444443,smooth
7_303_8850,36,82.0,0.0,intermittent
7_303_8968,42,25.333333333333332,0.12500000000000006,intermittent
7_303_8980,80,38.0,0.0,intermittent
7_303_9004,37,81.0,0.0,intermittent
7_303_9021,68,3.5714285714285716,0.7460317460317459,lumpy
7_303_9024,26,10.222222222222221,0.11570247933884288,intermittent
7_303_9053,30,2.046511627906977,0.3717447916666665,intermittent
7_303_9189,59,59.0,0.0,intermittent
7_303_9199,62,14.0,0.44,intermittent
7_303_9223,64,54.0,0.0,intermittent
7_303_9231,28,4.090909090909091,0.1771700356718193,intermittent
7_303_9398,58,60.0,0.0,intermittent
7_303_9439,87,15.5,0.5102040816326531,lumpy
7_303_9580,27,45.5,0.0,intermittent
7_303_9675,39,3.95,0.3671874999999997,intermittent
7_303_9816,90,1.2173913043478262,0.3330612244897958,smooth
7_303_9823,61,3.0,0.27364554637281896,intermittent
7_303_9862,32,43.0,0.1111111111111111,intermittent
7_303_9989,86,4.0,0.5206611570247934,lumpy
7_303_9990,77,41.0,0.0,intermittent
7_303_10008,51,33.5,0.0,intermittent
7_303_10093,73,3.2142857142857144,0.40484429065743976,intermittent
7_303_10108,45,18.25,0.0,intermittent
7_303_10160,30,88.0,0.0,intermittent
7_303_10179,93,25.0,0.0,intermittent
7_303_10241,32,43.0,0.0,intermittent
7_303_10274,78,1.8181818181818181,0.2186588921282802,intermittent
7_303_10284,27,6.5,0.11418685121107276,intermittent
7_303_10328,30,5.866666666666666,0.11111111111111122,intermittent
7_303_10337,38,80.0,0.0,intermittent
7_303_10371,37,5.4,0.0899653979238755,intermittent
7_303_10437,27,2.676470588235294,0.2467070131719472,intermittent
7_303_10487,96,22.0,0.0,intermittent
7_303_10506,65,17.666666666666668,0.0,intermittent
7_303_10622,64,13.5,0.0,intermittent
7_303_10697,101,17.0,0.0,intermittent
7_303_10777,55,63.0,0.0,intermittent
7_303_10800,27,1.8571428571428572,0.22000000000000003,intermittent
7_303_10810,33,7.083333333333333,0.0,intermittent
7_303_10811,73,45.0,0.0,intermittent
7_303_10858,57,5.545454545454546,0.0,intermittent
7_303_10865,76,14.0,0.0,intermittent
7_303_10897,38,80.0,0.0,intermittent
7_303_10971,41,77.0,0.0,intermittent
7_303_10974,73,22.5,0.0,intermittent
7_303_11275,59,59.0,0.0,intermittent
7_303_11288,58,20.0,0.0,intermittent
7_303_11313,27,1.318840579710145,1.5411741029501647,erratic
7_303_11326,63,27.5,0.0,intermittent
7_303_11364,30,3.259259259259259,0.26124567474048427,intermittent
7_303_11528,71,15.666666666666666,0.0,intermittent
7_303_11539,45,73.0,0.0,intermittent
7_303_11556,54,4.923076923076923,0.21453287197231838,intermittent
7_303_11562,37,9.0,0.07999999999999981,intermittent
7_303_11588,101,17.0,0.0,intermittent
7_303_11605,95,4.6,0.17283950617283939,intermittent
7_303_11726,36,16.4,0.11111111111111122,intermittent
7_303_11733,63,9.166666666666666,0.0,intermittent
7_303_11765,46,10.285714285714286,0.0,intermittent
7_303_11814,29,6.846153846153846,0.06122448979591849,intermittent
7_303_11870,28,1.9565217391304348,0.2955246913580245,intermittent
7_303_11914,62,3.2941176470588234,0.08310249307479227,intermittent
7_303_11987,26,2.4210526315789473,0.37273356401384083,intermittent
7_303_12006,30,6.769230769230769,0.30000000000000004,intermittent
7_303_12034,80,38.0,0.0,intermittent
7_303_12065,74,22.0,0.0,intermittent
7_303_12237,94,24.0,0.0,intermittent
7_303_12260,68,50.0,0.0,intermittent
7_303_12268,33,12.142857142857142,0.12345679012345664,intermittent
7_303_12271,28,90.0,0.0,intermittent
7_303_12309,101,4.25,0.3333333333333333,intermittent
7_303_12310,72,6.571428571428571,0.29629629629629606,intermittent
7_303_12355,72,23.0,0.0,intermittent
7_303_12371,38,4.705882352941177,0.04938271604938268,intermittent
7_303_12423,31,5.4375,0.6666666666666666,lumpy
7_303_12466,73,45.0,0.0,intermittent
7_303_12672,75,14.333333333333334,0.12500000000000006,intermittent
7_303_12681,92,13.0,0.0,intermittent
7_303_12689,28,45.0,0.0,intermittent
7_303_12712,25,1.4307692307692308,0.6151529276775786,lumpy
7_303_12718,98,20.0,0.0,intermittent
7_303_12734,92,8.666666666666666,0.0,intermittent
7_303_12849,42,25.333333333333332,0.0,intermittent
7_303_12863,66,13.0,0.0,intermittent
7_303_12871,100,9.0,0.0,intermittent
7_303_12904,95,23.0,0.0,intermittent
7_303_12939,68,25.0,0.0,intermittent
7_303_12949,35,13.833333333333334,0.0,intermittent
7_303_12951,31,4.578947368421052,0.09917355371900814,intermittent
7_303_12984,104,14.0,0.0,intermittent
7_303_12996,34,10.5,0.12,intermittent
7_303_13017,63,5.0,0.3321799307958478,intermittent
7_303_13104,35,3.32,0.1678200692041521,intermittent
7_303_13124,97,21.0,0.0,intermittent
7_303_13141,45,18.25,0.0,intermittent
7_303_13168,101,17.0,0.0,intermittent
7_303_13280,96,7.333333333333333,0.0,intermittent
7_303_13345,38,5.714285714285714,0.5041322314049588,lumpy
7_303_13447,42,19.0,0.0,intermittent
7_303_13520,26,2.787878787878788,0.2814302191464822,intermittent
7_303_13614,46,72.0,0.0,intermittent
7_303_13618,97,21.0,0.0,intermittent
7_303_13641,31,29.0,0.0,intermittent
7_303_13656,72,23.0,0.0,intermittent
7_303_13668,65,26.5,0.0,intermittent
7_303_13705,99,19.0,0.0,intermittent
7_303_13757,66,26.0,0.0,intermittent
7_303_13805,38,40.0,0.0,intermittent
7_303_13832,55,12.6,0.11111111111111122,intermittent
7_303_13839,58,6.666666666666667,0.07999999999999981,intermittent
7_303_13845,61,57.0,0.0,intermittent
7_303_13865,95,23.0,0.0,intermittent
7_303_13885,89,2.4166666666666665,0.10204081632653039,intermittent
7_303_13984,40,15.6,0.11111111111111122,intermittent
7_303_14004,44,12.333333333333334,0.0,intermittent
7_303_14038,49,17.25,0.12,intermittent
7_303_14052,26,4.380952380952381,0.5098039215686277,lumpy
7_303_14079,27,1.75,0.2994585589337775,intermittent
7_303_14083,49,34.5,0.0,intermittent
7_303_14129,93,12.5,0.1111111111111111,intermittent
7_303_14153,25,1.55,0.357212068562264,intermittent
7_303_14206,73,1.1538461538461537,0.6661538461538461,erratic
7_303_14219,89,4.142857142857143,0.0,intermittent
7_303_14252,36,82.0,0.0,intermittent
7_303_14263,53,5.0,1.8520408163265307,lumpy
7_303_14267,35,6.384615384615385,0.11718749999999985,intermittent
8_147_9961,89,2.9,4.548204158790171,lumpy
8_147_10131,70,16.0,0.12500000000000006,intermittent
8_147_10319,74,8.8,0.0,intermittent
8_147_10409,57,7.625,0.0,intermittent
8_147_13379,99,9.5,0.0,intermittent
8_276_10409,78,20.0,0.5625,lumpy
9_82_1755,86,32.0,0.0,intermittent
9_82_6417,95,23.0,0.0,intermittent
9_82_6944,95,23.0,0.0,intermittent
9_82_12830,86,32.0,0.0,intermittent
10_116_99,76,21.0,0.0,intermittent
10_116_312,94,24.0,0.0,intermittent
10_116_5115,105,6.5,0.1111111111111111,intermittent
10_116_6261,69,49.0,0.0,intermittent
10_116_6345,57,30.5,0.6049382716049383,lumpy
10_116_7945,64,27.0,0.1111111111111111,intermittent
10_116_8922,54,32.0,0.1111111111111111,intermittent
10_116_9031,71,47.0,0.0,intermittent
10_116_9245,34,84.0,0.0,intermittent
10_116_11322,76,42.0,0.0,intermittent
10_296_952,62,56.0,0.0,intermittent
12_9_1084,5,8.071428571428571,0.057777777777777796,intermittent
12_9_1700,0,4.37037037037037,0.16015625000000003,intermittent
12_9_2131,40,11.142857142857142,0.0,intermittent
12_9_2530,0,4.72,0.16666666666666666,intermittent
12_9_2907,0,1.6388888888888888,0.4423028364615772,intermittent
12_9_3100,1,4.0344827586206895,0.16305062458908604,intermittent
12_9_3612,5,4.346153846153846,0.1633714880332986,intermittent
12_9_4271,32,9.555555555555555,0.0,intermittent
12_9_4709,0,1.5526315789473684,0.37901781506268245,intermittent
12_9_4820,16,6.0,0.0,intermittent
12_9_4822,34,28.0,0.12500000000000006,intermittent
12_9_4855,2,5.2727272727272725,0.17159763313609455,intermittent
12_9_5306,1,2.7209302325581395,0.2976066597294487,intermittent
12_9_6443,4,28.5,0.0,intermittent
12_9_6570,0,16.857142857142858,0.0,intermittent
12_9_7170,2,9.666666666666666,0.06508875739644986,intermittent
12_9_7559,1,6.157894736842105,0.0,intermittent
12_9_7697,1,2.6,0.2857142857142857,intermittent
12_9_8280,31,4.35,0.18055555555555558,intermittent
12_9_9210,0,1.6164383561643836,0.35317073170731705,intermittent
12_9_9602,1,3.774193548387097,0.24896694214876006,intermittent
12_9_10443,4,14.25,0.08641975308641975,intermittent
12_9_10576,0,2.95,0.12426035502958563,intermittent
12_9_10963,4,8.142857142857142,0.11418685121107276,intermittent
12_9_11449,2,3.7419354838709675,0.20249835634451022,intermittent
12_9_11856,1,7.3125,0.19727891156462585,intermittent
12_9_12108,4,14.25,0.08641975308641975,intermittent
12_9_13010,3,2.6744186046511627,0.3105709876543209,intermittent
12_9_13208,17,9.181818181818182,0.0,intermittent
12_9_13251,6,4.869565217391305,0.1673525377229079,intermittent
12_9_13272,1,5.571428571428571,0.10880000000000002,intermittent
12_9_13898,3,4.791666666666667,0.12,intermittent
12_50_4568,56,1.0163934426229508,0.3715272318363205,smooth
12_50_13063,0,1.0260869565217392,0.6466091645189628,erratic
12_57_2,10,13.5,0.8775510204081632,lumpy
12_57_142,97,3.5,0.0,intermittent
12_57_169,1,3.25,0.5317442637558476,lumpy
12_57_257,5,4.035714285714286,0.14843750000000008,intermittent
12_57_266,71,3.9166666666666665,0.06508875739644986,intermittent
12_57_290,70,4.0,0.06508875739644986,intermittent
12_57_292,0,1.7352941176470589,0.5896581235079499,lumpy
12_57_296,62,2.8,0.201814058956916,intermittent
12_57_305,30,6.285714285714286,0.09375000000000011,intermittent
12_57_328,65,2.789473684210526,0.3329369797859689,intermittent
12_57_482,0,3.806451612903226,0.4744351961950061,intermittent
12_57_494,83,11.666666666666666,0.0,intermittent
12_57_560,5,16.142857142857142,0.29629629629629606,intermittent
12_57_568,66,4.7272727272727275,0.41777777777777786,intermittent
12_57_768,10,5.4,0.3555291319857313,intermittent
12_57_851,3,3.7096774193548385,0.3668430335097004,intermittent
12_57_898,0,1.710144927536232,0.2876112871585933,intermittent
12_57_912,0,4.214285714285714,0.34919690660321256,intermittent
12_57_917,60,4.833333333333333,0.06508875739644986,intermittent
12_57_957,0,2.185185185185185,0.18837370242214524,intermittent
12_57_993,3,28.75,0.12,intermittent
12_57_1056,3,1.6428571428571428,0.3119953863898502,intermittent
12_57_1180,95,4.6,0.11111111111111122,intermittent
12_57_1211,3,9.583333333333334,0.2266666666666667,intermittent
12_57_1285,4,2.85,0.3148788927335641,intermittent
12_57_1296,5,6.277777777777778,0.4797086368366284,intermittent
12_57_1314,0,1.6388888888888888,0.47083230927149455,intermittent
12_57_1329,37,4.5,0.11570247933884288,intermittent
12_57_1374,31,43.5,0.0,intermittent
12_57_1450,14,34.666666666666664,1.3888888888888888,lumpy
12_57_1512,61,2.28,0.8335459183673465,lumpy
12_57_1534,98,5.0,0.0,intermittent
12_57_1618,0,2.185185185185185,0.529362765514369,lumpy
12_57_1629,1,2.8536585365853657,0.4848939763557889,intermittent
12_57_1650,89,2.4166666666666665,0.2266666666666667,intermittent
12_57_1681,61,3.1666666666666665,0.12287334593572795,intermittent
12_57_1814,98,2.857142857142857,0.09375000000000011,intermittent
12_57_1825,105,6.5,0.0,intermittent
12_57_1869,58,3.75,0.34593572778827975,intermittent
12_57_1920,1,2.8536585365853657,0.4375456537618698,intermittent
12_57_1950,105,4.333333333333333,0.0,intermittent
12_57_1992,99,2.375,0.08641975308641975,intermittent
12_57_2002,5,3.323529411764706,0.6068052930056712,lumpy
12_57_2009,6,6.222222222222222,0.10204081632653039,intermittent
12_57_2140,5,3.2285714285714286,0.3826928245095405,intermittent
12_57_2207,58,1.935483870967742,0.2892249527410207,intermittent
12_57_2263,0,2.4583333333333335,0.388858842617631,intermittent
12_57_2266,6,2.604651162790698,0.32248888888888894,intermittent
12_57_2307,0,3.0256410256410255,0.26343894624421493,intermittent
12_57_2367,9,1.981818181818182,0.621315192743764,lumpy
12_57_2424,105,2.6,0.4197530864197529,intermittent
12_57_2450,8,13.75,0.0,intermittent
12_57_2514,0,1.475,0.4572907432297178,intermittent
12_57_2592,71,15.666666666666666,0.12500000000000006,intermittent
12_57_2658,58,1.7142857142857142,0.3947069943289227,intermittent
12_57_2668,88,2.142857142857143,0.19092627599243878,intermittent
12_57_2674,69,49.0,0.0,intermittent
12_57_2700,61,2.1923076923076925,0.25330812854442347,intermittent
12_57_2710,70,3.2,0.12188365650969539,intermittent
12_57_2803,0,5.363636363636363,0.31313131313131315,intermittent
12_57_2848,0,2.6222222222222222,0.6528310752603964,lumpy
12_57_2919,6,6.222222222222222,0.29600000000000004,intermittent
12_57_3003,2,3.3142857142857145,0.2570888468809072,intermittent
12_57_3038,3,6.764705882352941,0.255983350676379,intermittent
12_57_3157,66,4.333333333333333,0.49584487534626054,intermittent
12_57_3218,3,2.3,0.6872427983539093,lumpy
12_57_3407,102,5.333333333333333,0.0,intermittent
12_57_3544,87,31.0,0.0,intermittent
12_57_3576,41,3.6666666666666665,0.07183364839319466,intermittent
12_57_3608,5,3.6451612903225805,0.383502616189597,intermittent
12_57_3609,64,27.0,0.0,intermittent
12_57_3630,1,4.333333333333333,0.3162500000000002,intermittent
12_57_3667,60,6.444444444444445,0.2248520710059171,intermittent
12_57_3820,87,10.333333333333334,0.12500000000000006,intermittent
12_57_3824,102,16.0,0.0,intermittent
12_57_3946,86,4.0,0.08641975308641975,intermittent
12_57_4008,3,8.846153846153847,0.3324099722991693,intermittent
12_57_4035,7,7.4,2.4183142559833497,lumpy
12_57_4178,65,53.0,0.0,intermittent
12_57_4197,10,4.909090909090909,0.2818073721759809,intermittent
12_57_4326,31,4.142857142857143,0.30473372781065083,intermittent
12_57_4500,66,6.5,0.12396694214876033,intermittent
12_57_4607,39,13.166666666666666,0.10204081632653039,intermittent
12_57_4642,102,16.0,0.0,intermittent
12_57_4660,88,2.5,0.3333333333333333,intermittent
12_57_4789,102,2.2857142857142856,0.2148760330578513,intermittent
12_57_4811,4,2.7142857142857144,0.3955135773317594,intermittent
12_57_4882,104,2.8,0.11111111111111122,intermittent
12_57_4918,94,2.0,0.3702422145328718,intermittent
12_57_4933,102,4.0,0.0,intermittent
12_57_4942,103,1.875,0.08641975308641975,intermittent
12_57_4981,62,4.0,0.2022160664819944,intermittent
12_57_5041,12,4.818181818181818,0.17857142857142866,intermittent
12_57_5161,63,3.4375,0.2,intermittent
12_57_5243,6,8.0,0.11418685121107276,intermittent
12_57_5293,92,3.25,0.12396694214876033,intermittent
12_57_5301,97,7.0,0.12500000000000006,intermittent
12_57_5407,15,3.6785714285714284,0.09375000000000011,intermittent
12_57_5528,0,2.6818181818181817,0.4609266506754195,intermittent
12_57_5557,70,16.0,0.0,intermittent
12_57_5558,4,2.375,0.45454545454545453,intermittent
12_57_5606,87,2.8181818181818183,0.22222222222222246,intermittent
12_57_5621,59,2.6818181818181817,0.14583333333333343,intermittent
12_57_5666,104,14.0,0.0,intermittent
12_57_5783,4,1.4074074074074074,0.33801775147929014,intermittent
12_57_5868,7,18.5,0.12500000000000006,intermittent
12_57_5959,3,2.2115384615384617,0.5116952550679437,lumpy
12_57_6053,97,2.625,0.0,intermittent
12_57_6103,5,56.5,0.0,intermittent
12_57_6220,69,4.9,0.22448979591836746,intermittent
12_57_6285,4,1.78125,0.33006567983531027,intermittent
12_57_6316,3,2.2115384615384617,0.6216285230936196,lumpy
12_57_6438,43,3.125,0.2962962962962962,intermittent
12_57_6487,0,1.9666666666666666,0.40833333333333344,intermittent
12_57_6599,0,5.130434782608695,0.1358024691358023,intermittent
12_57_6648,99,19.0,0.0,intermittent
12_57_6693,38,2.962962962962963,0.7722951561792666,lumpy
12_57_6699,65,4.416666666666667,0.21874999999999997,intermittent
12_57_6707,2,2.0,0.32477208116851297,intermittent
12_57_6739,68,1.9230769230769231,0.16988062442607907,intermittent
12_57_6788,4,1.52,0.46280822403589295,intermittent
12_57_6887,31,1.4745762711864407,0.4550122043599025,intermittent
12_57_6907,55,10.5,0.0,intermittent
12_57_6963,4,1.3103448275862069,0.3043805236573879,smooth
12_57_6997,59,1.4047619047619047,0.2617489589530042,intermittent
12_57_7104,88,5.0,0.2592592592592593,intermittent
12_57_7140,36,5.125,0.38882282996432815,intermittent
12_57_7267,105,2.6,0.11111111111111122,intermittent
12_57_7310,103,7.5,0.1111111111111111,intermittent
12_57_7326,0,2.4081632653061225,0.20804498269896193,intermittent
12_57_7330,7,22.2,0.0,intermittent
12_57_7341,79,19.5,0.0,intermittent
12_57_7348,34,5.25,0.3424036281179138,intermittent
12_57_7379,39,19.75,0.3333333333333333,intermittent
12_57_7423,93,8.333333333333334,0.0,intermittent
12_57_7490,16,2.6842105263157894,0.20857988165680463,intermittent
12_57_7638,8,3.0555555555555554,0.40284869658693895,intermittent
12_57_7641,98,2.0,0.12426035502958563,intermittent
12_57_7695,5,1.6142857142857143,0.5133150748790862,lumpy
12_57_7745,3,4.107142857142857,0.3305785123966942,intermittent
12_57_7798,96,2.0,0.10650887573964475,intermittent
12_57_7826,64,2.076923076923077,0.228733459357278,intermittent
12_57_7831,90,9.333333333333334,0.0,intermittent
12_57_7863,64,2.347826086956522,0.4150596877869606,intermittent
12_57_7874,66,2.3636363636363638,0.20312499999999994,intermittent
12_57_7901,1,11.7,0.07438016528925608,intermittent
12_57_7929,0,3.933333333333333,0.18153010411951107,intermittent
12_57_8124,8,2.2916666666666665,0.7158785270673383,lumpy
12_57_8221,78,5.714285714285714,0.0,intermittent
12_57_8235,72,5.75,0.46745562130177515,intermittent
12_57_8369,90,1.5555555555555556,0.4463667820069202,intermittent
12_57_8431,102,4.0,0.12,intermittent
12_57_8440,40,19.5,0.0,intermittent
12_57_8462,7,4.44,0.44444444444444425,intermittent
12_57_8538,2,2.4680851063829787,0.4383912834481651,intermittent
12_57_8567,72,6.571428571428571,0.29629629629629606,intermittent
12_57_8680,87,3.1,0.7647058823529412,lumpy
12_57_8706,65,5.3,0.25000000000000006,intermittent
12_57_8729,104,3.5,0.12,intermittent
12_57_8942,94,4.8,0.32653061224489816,intermittent
12_57_8993,7,2.2653061224489797,0.3429629629629629,intermittent
12_57_9045,1,3.1621621621621623,0.6982421874999996,lumpy
12_57_9051,100,2.25,0.08641975308641975,intermittent
12_57_9057,96,3.142857142857143,0.12345679012345664,intermittent
12_57_9072,0,1.5324675324675325,0.6828383656767312,lumpy
12_57_9353,61,4.071428571428571,0.2022160664819944,intermittent
12_57_9494,56,1.7222222222222223,0.39120095124851356,intermittent
12_57_9509,4,2.235294117647059,0.37381852551984873,intermittent
12_57_9557,1,9.0,0.21453287197231838,intermittent
12_57_9623,63,2.5,0.2591050988553589,intermittent
12_57_9659,0,2.4081632653061225,0.2862499999999998,intermittent
12_57_9696,58,3.75,0.17958412098298676,intermittent
12_57_9734,8,4.074074074074074,0.2083333333333335,intermittent
12_57_9780,100,9.0,0.0,intermittent
12_57_9797,80,9.5,0.12,intermittent
12_57_9810,4,2.923076923076923,0.566837107377648,lumpy
12_57_9892,2,23.2,0.11111111111111122,intermittent
12_57_10040,8,9.166666666666666,0.43999999999999984,intermittent
12_57_10041,18,20.0,0.11111111111111122,intermittent
12_57_10061,2,3.0526315789473686,0.21173469387755128,intermittent
12_57_10132,87,2.5833333333333335,0.10204081632653039,intermittent
12_57_10250,102,4.0,0.0,intermittent
12_57_10276,61,3.8,0.41599999999999976,intermittent
12_57_10329,9,3.892857142857143,0.4241975308641973,intermittent
12_57_10382,105,1.8571428571428572,0.09375000000000011,intermittent
12_57_10418,97,2.3333333333333335,0.5599999999999997,lumpy
12_57_10471,63,3.4375,0.5918367346938775,lumpy
12_57_10596,0,3.933333333333333,0.1574074074074075,intermittent
12_57_10604,102,1.7777777777777777,0.10204081632653052,intermittent
12_57_10709,95,1.7692307692307692,0.16999999999999993,intermittent
12_57_10713,0,1.388235294117647,0.6112145538902962,lumpy
12_57_10745,61,4.071428571428571,0.12465373961218834,intermittent
12_57_10867,20,12.25,0.2222222222222222,intermittent
12_57_10926,65,2.65,0.38408304498269913,intermittent
12_57_10947,4,1.9655172413793103,0.49404075355632454,intermittent
12_57_10953,4,4.56,0.11111111111111122,intermittent
12_57_11005,67,5.1,0.07438016528925608,intermittent
12_57_11035,58,2.3076923076923075,0.12456747404844289,intermittent
12_57_11043,13,13.125,0.2892561983471074,intermittent
12_57_11185,5,1.6142857142857143,0.317665404321675,intermittent
12_57_11191,63,1.9642857142857142,0.2548664554096875,intermittent
12_57_11198,4,2.7804878048780486,0.3300173010380625,intermittent
12_57_11212,9,36.333333333333336,0.12500000000000006,intermittent
12_57_11220,61,1.9655172413793103,0.17863894139886569,intermittent
12_57_11227,98,20.0,0.0,intermittent
12_57_11258,6,2.9473684210526314,0.22580645161290336,intermittent
12_57_11290,69,8.166666666666666,0.0,intermittent
12_57_11301,102,3.2,0.32653061224489816,intermittent
12_57_11392,87,10.333333333333334,0.0,intermittent
12_57_11435,93,2.272727272727273,0.12244897959183675,intermittent
12_57_11480,64,4.909090909090909,0.0,intermittent
12_57_11502,52,3.6666666666666665,0.4422476586888655,intermittent
12_57_11720,95,5.75,0.0,intermittent
12_57_11734,30,11.0,0.08641975308641975,intermittent
12_57_11736,93,2.7777777777777777,0.1183431952662723,intermittent
12_57_11753,3,2.1296296296296298,0.7627683560435251,lumpy
12_57_11961,7,4.44,0.08418367346938768,intermittent
12_57_12044,60,4.833333333333333,0.40625000000000006,intermittent
12_57_12057,10,3.085714285714286,0.5,lumpy
12_57_12075,93,2.7777777777777777,0.11570247933884288,intermittent
12_57_12183,102,8.0,0.0,intermittent
12_57_12233,3,2.948717948717949,0.6128047202525746,lumpy
12_57_12315,73,9.0,0.0,intermittent
12_57_12324,0,4.068965517241379,0.20498614958448771,intermittent
12_57_12332,3,2.1296296296296298,0.4079142011834322,intermittent
12_57_12358,61,5.7,0.24260355029585792,intermittent
12_57_12436,70,9.6,0.17283950617283939,intermittent
12_57_12496,32,43.0,0.0,intermittent
12_57_12508,58,2.3076923076923075,0.6549672813801308,lumpy
12_57_12528,101,4.25,0.12,intermittent
12_57_12623,68,2.5,0.5110053539559786,lumpy
12_57_12678,4,2.150943396226415,0.5361177170035671,lumpy
12_57_12685,95,4.6,0.11111111111111122,intermittent
12_57_12743,98,4.0,0.0,intermittent
12_57_12780,3,4.107142857142857,0.5135135135135135,lumpy
12_57_12842,99,3.8,0.11111111111111122,intermittent
12_57_12886,0,29.5,0.12,intermittent
12_57_12990,10,3.857142857142857,0.5339663988312636,lumpy
12_57_13067,31,4.578947368421052,0.11342155009451793,intermittent
12_57_13075,7,3.5806451612903225,0.27874999999999994,intermittent
12_57_13099,56,2.48,0.568415359653867,lumpy
12_57_13309,87,2.8181818181818183,0.0694444444444446,intermittent
12_57_13329,64,1.7419354838709677,0.1986912552052351,intermittent
12_57_13376,88,4.285714285714286,0.09375000000000011,intermittent
12_57_13517,64,3.176470588235294,0.35763888888888873,intermittent
12_57_13622,59,2.107142857142857,0.28104575163398704,intermittent
12_57_13698,46,18.0,0.12,intermittent
12_57_13704,0,10.727272727272727,0.3321799307958478,intermittent
12_57_13759,8,3.5483870967741935,0.24896694214876006,intermittent
12_57_13794,66,6.5,0.08641975308641975,intermittent
12_57_13925,13,3.28125,0.1523545706371191,intermittent
12_57_13966,10,108.0,0.0,intermittent
12_57_13979,3,1.513157894736842,0.35406061555329305,intermittent
12_57_14014,29,4.045454545454546,0.17159763313609455,intermittent
12_57_14027,4,2.28,0.47198480531813897,intermittent
12_57_14035,0,1.903225806451613,0.4446740128558313,intermittent
12_57_14060,60,1.7575757575757576,0.3026977594878829,intermittent
12_57_14112,41,2.75,0.20296296296296287,intermittent
12_57_14185,87,5.166666666666667,0.10204081632653039,intermittent
12_57_14244,61,4.071428571428571,0.2022160664819944,intermittent
12_57_14273,2,2.0,0.5230034722222223,lumpy
12_57_14278,13,4.038461538461538,0.3516068052930058,intermittent
12_57_14305,63,3.0555555555555554,0.2248520710059171,intermittent
12_85_617,6,9.333333333333334,0.06508875739644986,intermittent
12_85_757,3,4.423076923076923,0.1673469387755101,intermittent
12_85_1467,10,12.0,0.0,intermittent
12_85_1585,104,14.0,0.0,intermittent
12_85_1903,11,6.6875,0.05190311418685121,intermittent
12_85_2498,0,1.5945945945945945,0.38980609418282547,intermittent
12_85_3083,4,14.25,0.0,intermittent
12_85_3755,15,5.722222222222222,0.11570247933884288,intermittent
12_85_4138,0,2.8780487804878048,0.08506616257088832,intermittent
12_85_4256,103,5.0,0.3199999999999998,intermittent
12_85_4824,39,39.5,0.1111111111111111,intermittent
12_85_5073,0,1.6619718309859155,0.43419408579758445,intermittent
12_85_5955,0,19.666666666666668,0.0,intermittent
12_85_7332,41,19.25,0.0,intermittent
12_85_7789,2,11.6,0.07438016528925608,intermittent
12_85_8192,0,7.375,0.05190311418685121,intermittent
12_85_9430,2,11.6,0.07438016528925608,intermittent
12_85_9527,6,14.0,0.0,intermittent
12_85_9533,5,6.647058823529412,0.04938271604938268,intermittent
12_85_10348,20,16.333333333333332,0.0,intermittent
12_85_10576,1,6.5,0.07999999999999981,intermittent
12_85_10878,1,1.5394736842105263,0.4241522903033907,intermittent
12_85_11584,9,15.571428571428571,0.09375000000000011,intermittent
12_85_11681,6,18.666666666666668,0.10204081632653039,intermittent
12_85_12214,102,8.0,0.0,intermittent
12_85_12679,4,5.181818181818182,0.0694444444444446,intermittent
12_85_12764,1,19.5,0.0,intermittent
12_85_12778,0,1.6388888888888888,0.4667270258035311,intermittent
12_85_12935,48,23.333333333333332,0.0,intermittent
12_85_13093,10,12.0,0.11570247933884288,intermittent
12_85_13251,7,11.1,0.07438016528925608,intermittent
12_85_13252,1,29.25,0.0,intermittent
12_85_13380,2,7.733333333333333,0.054687499999999965,intermittent
12_85_13978,46,36.0,0.0,intermittent
12_85_14117,104,2.8,0.11111111111111122,intermittent
12_130_717,0,1.0,0.2860639528877305,smooth
12_130_1064,85,1.1,0.2531855955678671,smooth
12_130_1137,0,1.0172413793103448,0.44785354664329025,smooth
12_130_1686,0,1.063063063063063,0.42444526627218926,smooth
12_130_4208,0,1.1346153846153846,0.6557252767873898,erratic
12_130_4279,87,1.1923076923076923,0.629625795766265,erratic
12_130_4800,0,1.0,0.43041925375865403,smooth
12_130_6158,26,1.2105263157894737,0.41514717474182683,smooth
12_130_9240,0,2.6222222222222222,0.33325907774560043,intermittent
12_130_10037,99,1.0,0.4887157131283516,smooth
12_130_10993,0,1.0925925925925926,1.1581880994691005,erratic
12_130_13078,24,1.1898734177215189,0.7399243943997169,erratic
12_130_13390,27,1.0833333333333333,0.4432393563548367,smooth
12_158_3,77,10.25,0.0,intermittent
12_158_7,7,6.9375,0.3888888888888889,intermittent
12_158_67,3,11.5,0.12426035502958563,intermittent
12_158_82,79,7.8,0.24999999999999983,intermittent
12_158_141,94,6.0,0.0,intermittent
12_158_173,8,2.8205128205128207,0.2692307692307693,intermittent
12_158_273,5,3.138888888888889,0.41260404280618296,intermittent
12_158_362,0,4.538461538461538,0.1679687499999998,intermittent
12_158_588,89,2.230769230769231,0.21453287197231838,intermittent
12_158_589,103,2.5,0.07999999999999986,intermittent
12_158_637,1,3.774193548387097,0.4379882812500001,intermittent
12_158_642,6,10.181818181818182,0.2890624999999999,intermittent
12_158_645,88,3.75,0.0,intermittent
12_158_679,60,5.8,0.0,intermittent
12_158_694,61,1.78125,0.2777777777777778,intermittent
12_158_768,9,5.190476190476191,0.36914600550964194,intermittent
12_158_846,72,4.6,0.07438016528925608,intermittent
12_158_851,16,7.846153846153846,0.1550094517958413,intermittent
12_158_939,91,1.9285714285714286,0.12345679012345664,intermittent
12_158_943,0,2.6222222222222222,0.35468537799909444,intermittent
12_158_951,61,5.7,0.0,intermittent
12_158_965,6,22.4,0.24999999999999983,intermittent
12_158_1000,96,1.5714285714285714,0.2840236686390533,intermittent
12_158_1405,63,4.583333333333333,0.12500000000000006,intermittent
12_158_1420,62,4.3076923076923075,0.3288888888888891,intermittent
12_158_1523,7,3.264705882352941,0.4248366013071896,intermittent
12_158_1598,82,4.0,0.12500000000000006,intermittent
12_158_1618,0,2.8095238095238093,0.25346020761245674,intermittent
12_158_1811,5,1.7384615384615385,0.8497118456806709,lumpy
12_158_1813,70,5.333333333333333,0.26446280991735516,intermittent
12_158_1869,59,4.916666666666667,0.2863999999999997,intermittent
12_158_1920,2,3.135135135135135,0.376297577854671,intermittent
12_158_1932,61,5.7,0.07438016528925608,intermittent
12_158_1970,4,6.333333333333333,0.7485714285714286,lumpy
12_158_1978,5,5.136363636363637,0.17695473251028804,intermittent
12_158_1986,4,3.257142857142857,0.20400000000000004,intermittent
12_158_2068,74,4.4,0.07438016528925608,intermittent
12_158_2201,94,8.0,0.07999999999999986,intermittent
12_158_2324,0,2.0701754385964914,0.36831275720164636,intermittent
12_158_2421,68,10.0,0.11111111111111122,intermittent
12_158_2512,9,3.40625,0.24,intermittent
12_158_2678,63,3.6666666666666665,0.20000000000000004,intermittent
12_158_2709,95,11.5,0.1111111111111111,intermittent
12_158_2710,59,11.8,0.0,intermittent
12_158_2748,1,7.8,0.7036011080332412,lumpy
12_158_2815,63,4.583333333333333,0.25,intermittent
12_158_2879,3,3.3823529411764706,0.5853327297419647,lumpy
12_158_2891,65,5.3,0.4062499999999998,intermittent
12_158_2936,105,13.0,0.0,intermittent
12_158_2960,92,2.888888888888889,0.07999999999999981,intermittent
12_158_3035,93,6.25,0.0,intermittent
12_158_3096,8,1.8333333333333333,0.6015770685705153,lumpy
12_158_3109,104,14.0,0.0,intermittent
12_158_3159,12,26.5,0.12,intermittent
12_158_3163,0,5.130434782608695,0.15680473372781079,intermittent
12_158_3232,2,3.135135135135135,0.5983999999999997,lumpy
12_158_3314,1,3.1621621621621623,0.2562245359891357,intermittent
12_158_3376,102,5.333333333333333,0.0,intermittent
12_158_3455,60,2.230769230769231,1.5144032921810695,lumpy
12_158_3484,65,10.6,0.0,intermittent
12_158_3600,26,3.2857142857142856,0.8511111111111113,lumpy
12_158_3609,66,10.4,0.0,intermittent
12_158_3616,3,1.554054054054054,0.4453124999999999,intermittent
12_158_3647,63,3.235294117647059,0.22399999999999967,intermittent
12_158_3694,0,2.2264150943396226,0.23373724489795916,intermittent
12_158_3709,92,4.333333333333333,0.10204081632653039,intermittent
12_158_3740,2,3.625,0.45930964978584027,intermittent
12_158_3785,62,1.8666666666666667,0.24964090778511921,intermittent
12_158_3820,95,5.75,0.1111111111111111,intermittent
12_158_3947,5,7.0625,0.38666666666666666,intermittent
12_158_4030,60,14.5,0.0,intermittent
12_158_4087,74,4.4,0.25000000000000006,intermittent
12_158_4177,89,29.0,0.0,intermittent
12_158_4345,93,2.7777777777777777,0.2500000000000001,intermittent
12_158_4362,10,7.714285714285714,0.6480380499405467,lumpy
12_158_4457,10,6.75,0.2222222222222222,intermittent
12_158_4607,31,6.6923076923076925,0.25330812854442347,intermittent
12_158_4839,105,6.5,0.0,intermittent
12_158_4988,93,2.7777777777777777,0.3999999999999998,intermittent
12_158_4991,27,15.166666666666666,0.5555555555555556,lumpy
12_158_5050,1,39.0,0.0,intermittent
12_158_5076,66,6.5,0.08641975308641975,intermittent
12_158_5085,9,5.7368421052631575,0.11342155009451793,intermittent
12_158_5096,93,1.3157894736842106,0.3434343434343432,smooth
12_158_5103,102,8.0,0.0,intermittent
12_158_5128,61,4.071428571428571,0.20987654320987645,intermittent
12_158_5204,4,4.071428571428571,0.3816206428248075,intermittent
12_158_5208,72,9.2,0.0,intermittent
12_158_5339,88,1.875,0.05190311418685121,intermittent
12_158_5374,26,10.222222222222221,0.6530612244897959,lumpy
12_158_5388,62,7.0,0.12,intermittent
12_158_5410,66,10.4,0.0,intermittent
12_158_5469,7,4.111111111111111,0.5,lumpy
12_158_5470,96,1.5714285714285714,0.11418685121107276,intermittent
12_158_5500,4,3.1666666666666665,0.2720482619936801,intermittent
12_158_5503,102,16.0,0.0,intermittent
12_158_5528,0,2.95,0.7013232514177696,lumpy
12_158_5615,72,2.7058823529411766,0.17728531855955684,intermittent
12_158_5621,60,4.142857142857143,0.21107266435986183,intermittent
12_158_5730,91,1.9285714285714286,0.12465373961218834,intermittent
12_158_5775,104,14.0,0.0,intermittent
12_158_5783,4,1.425,0.4643614321120365,intermittent
12_158_5823,102,3.2,0.11111111111111122,intermittent
12_158_5854,4,7.125,0.6181474480151229,lumpy
12_158_5913,79,7.8,0.2962962962962963,intermittent
12_158_5959,4,3.3529411764705883,0.8502556610664722,lumpy
12_158_5997,104,2.3333333333333335,1.8,lumpy
12_158_6075,4,4.222222222222222,0.3199999999999998,intermittent
12_158_6080,4,2.533333333333333,0.5612244897959183,lumpy
12_158_6172,77,6.833333333333333,0.0,intermittent
12_158_6239,90,1.4736842105263157,0.5725623582766436,lumpy
12_158_6422,4,2.0,0.6984345606019888,lumpy
12_158_6503,4,1.5405405405405406,0.640844573123367,lumpy
12_158_6526,91,27.0,0.0,intermittent
12_158_6599,0,4.916666666666667,0.32362122788761705,intermittent
12_158_6639,6,22.4,0.0,intermittent
12_158_6707,0,2.6222222222222222,0.3250000000000001,intermittent
12_158_6777,4,6.0,0.09917355371900814,intermittent
12_158_6790,0,9.076923076923077,0.3854875283446711,intermittent
12_158_6826,102,8.0,0.0,intermittent
12_158_6837,40,4.875,0.17958412098298676,intermittent
12_158_6843,4,9.5,0.10204081632653039,intermittent
12_158_6926,4,5.7,0.23456790123456775,intermittent
12_158_7044,0,1.873015873015873,0.373015873015873,intermittent
12_158_7136,63,4.583333333333333,0.10204081632653039,intermittent
12_158_7201,94,3.4285714285714284,0.0,intermittent
12_158_7296,0,1.8153846153846154,0.7673104307582771,lumpy
12_158_7330,0,7.375,0.96,lumpy
12_158_7398,81,3.3636363636363638,0.49307479224376716,intermittent
12_158_7423,91,5.4,0.0,intermittent
12_158_7455,31,2.806451612903226,0.22390481341265533,intermittent
12_158_7464,96,11.0,0.0,intermittent
12_158_7517,60,19.333333333333332,0.0,intermittent
12_158_7566,105,2.6,0.0,intermittent
12_158_7584,5,5.65,0.11111111111111122,intermittent
12_158_7711,74,4.4,0.19113573407202214,intermittent
12_158_7729,30,2.933333333333333,0.7263013430055876,lumpy
12_158_7742,4,1.9322033898305084,0.6605675659926581,lumpy
12_158_7890,105,13.0,0.0,intermittent
12_158_7920,0,5.363636363636363,0.334126040428062,intermittent
12_158_7972,74,14.666666666666666,0.0,intermittent
12_158_7996,0,8.428571428571429,0.8171428571428572,lumpy
12_158_8159,22,13.714285714285714,0.09375000000000011,intermittent
12_158_8337,60,11.6,0.0,intermittent
12_158_8380,7,2.3125,0.46962962962962973,intermittent
12_158_8415,21,97.0,0.0,intermittent
12_158_8418,69,3.2666666666666666,1.1498107084910762,lumpy
12_158_8450,98,6.666666666666667,0.0,intermittent
12_158_8488,63,2.391304347826087,0.11479591836734683,intermittent
12_158_8563,101,8.5,0.0,intermittent
12_158_8574,3,6.764705882352941,0.22060353798126958,intermittent
12_158_8624,61,2.4782608695652173,0.40166204986149595,intermittent
12_158_8705,89,9.666666666666666,0.0,intermittent
12_158_8766,3,3.2857142857142856,0.2962962962962963,intermittent
12_158_8832,102,8.0,0.0,intermittent
12_158_8903,7,13.875,0.1834319526627219,intermittent
12_158_8926,104,2.8,0.0,intermittent
12_158_9088,89,2.4166666666666665,0.06508875739644986,intermittent
12_158_9149,2,9.666666666666666,0.22448979591836715,intermittent
12_158_9164,60,29.0,0.0,intermittent
12_158_9333,72,4.181818181818182,0.179930795847751,intermittent
12_158_9379,59,2.8095238095238093,0.47324613555291306,intermittent
12_158_9511,2,7.25,0.19008264462809918,intermittent
12_158_9564,3,2.948717948717949,0.5705217218805793,lumpy
12_158_9623,67,7.285714285714286,0.09375000000000011,intermittent
12_158_9662,96,5.5,0.12,intermittent
12_158_9666,0,6.2105263157894735,0.47923875432525936,intermittent
12_158_9734,8,11.0,0.32653061224489816,intermittent
12_158_9757,0,13.11111111111111,0.2857142857142857,intermittent
12_158_9797,63,11.0,0.0,intermittent
12_158_9875,3,4.791666666666667,0.5869387755102043,lumpy
12_158_9963,72,23.0,0.0,intermittent
12_158_9978,31,3.782608695652174,0.2955102040816326,intermittent
12_158_10051,89,9.666666666666666,0.12500000000000006,intermittent
12_158_10070,0,2.4081632653061225,0.43428571428571416,intermittent
12_158_10124,102,4.0,0.1111111111111111,intermittent
12_158_10140,3,2.875,0.46368924751360485,intermittent
12_158_10146,99,6.333333333333333,0.0,intermittent
12_158_10231,8,2.156862745098039,1.0020254629629626,lumpy
12_158_10303,11,3.962962962962963,0.5679327976625272,lumpy
12_158_10305,0,1.903225806451613,0.43757431629013105,intermittent
12_158_10347,61,2.375,0.1680440771349863,intermittent
12_158_10362,61,2.111111111111111,0.5186267348429507,lumpy
12_158_10419,79,9.75,0.375,intermittent
12_158_10486,93,4.166666666666667,0.12500000000000006,intermittent
12_158_10535,3,4.6,0.2465373961218836,intermittent
12_158_10676,98,4.0,0.11111111111111122,intermittent
12_158_10689,61,4.384615384615385,0.21333333333333362,intermittent
12_158_10804,46,24.0,0.0,intermittent
12_158_10823,62,7.0,0.12,intermittent
12_158_10825,1,2.0172413793103448,0.6184045178579537,lumpy
12_158_10826,59,29.5,0.0,intermittent
12_158_10834,60,4.461538461538462,0.2603878116343494,intermittent
12_158_10861,0,11.8,0.0,intermittent
12_158_10867,1,9.0,0.5034013605442175,lumpy
12_158_10948,105,1.8571428571428572,0.12345679012345664,intermittent
12_158_11005,62,4.3076923076923075,0.11718749999999985,intermittent
12_158_11018,3,1.9166666666666667,0.32617752983546355,intermittent
12_158_11037,59,3.933333333333333,0.25850340136054445,intermittent
12_158_11185,4,2.425531914893617,0.38399762046400926,intermittent
12_158_11302,93,1.5625,0.24007561436672967,intermittent
12_158_11339,59,4.538461538461538,0.20370370370370372,intermittent
12_158_11371,61,4.75,0.10204081632653039,intermittent
12_158_11490,95,4.6,0.0,intermittent
12_158_11510,71,5.222222222222222,0.07999999999999981,intermittent
12_158_11546,31,3.2222222222222223,0.33227704843820743,intermittent
12_158_11571,3,12.777777777777779,0.26446280991735516,intermittent
12_158_11695,0,13.11111111111111,0.5555555555555556,lumpy
12_158_11702,102,3.2,0.11111111111111122,intermittent
12_158_11720,92,3.7142857142857144,0.09375000000000011,intermittent
12_158_11734,31,8.7,0.20000000000000007,intermittent
12_158_11813,5,4.708333333333333,0.48163110718343627,intermittent
12_158_11941,45,24.333333333333332,0.0,intermittent
12_158_11943,43,6.25,0.0,intermittent
12_158_11956,0,3.4705882352941178,0.47301939058171755,intermittent
12_158_11958,59,2.0344827586206895,0.6166858900422914,lumpy
12_158_11967,30,3.8260869565217392,0.35160493827160494,intermittent
12_158_12090,0,3.5757575757575757,0.3970315398886825,intermittent
12_158_12129,61,11.4,0.0,intermittent
12_158_12157,17,12.625,0.08641975308641975,intermittent
12_158_12170,93,1.6666666666666667,0.11111111111111122,intermittent
12_158_12251,83,5.833333333333333,0.0,intermittent
12_158_12342,93,3.5714285714285716,0.2755555555555556,intermittent
12_158_12349,4,1.9322033898305084,0.6348422496570642,lumpy
12_158_12455,74,5.5,0.08641975308641975,intermittent
12_158_12496,32,14.333333333333334,0.10204081632653039,intermittent
12_158_12539,10,5.684210526315789,0.18047337278106512,intermittent
12_158_12559,102,16.0,0.0,intermittent
12_158_12723,59,3.933333333333333,0.11111111111111122,intermittent
12_158_12732,102,2.2857142857142856,0.12345679012345664,intermittent
12_158_12747,1,4.0344827586206895,0.44999999999999996,intermittent
12_158_12856,60,3.625,0.12,intermittent
12_158_12872,104,2.0,0.12345679012345664,intermittent
12_158_12874,0,2.6818181818181817,0.45706920483839,intermittent
12_158_12879,105,3.25,0.0,intermittent
12_158_12897,61,2.375,0.4268727705112964,intermittent
12_158_12948,60,7.25,0.0,intermittent
12_158_13014,0,3.933333333333333,0.3358230393565069,intermittent
12_158_13056,69,8.166666666666666,0.0,intermittent
12_158_13281,3,8.846153846153847,0.09777777777777796,intermittent
12_158_13388,60,4.461538461538462,0.09777777777777796,intermittent
12_158_13519,60,4.461538461538462,0.21874999999999992,intermittent
12_158_13553,0,8.428571428571429,0.057777777777777796,intermittent
12_158_13771,11,10.7,0.25000000000000006,intermittent
12_158_13822,0,5.363636363636363,0.29081632653061223,intermittent
12_158_13925,1,3.5454545454545454,0.14990138067061118,intermittent
12_158_14011,4,3.5625,0.6753612310001876,lumpy
12_158_14060,62,2.6666666666666665,0.2506925207756231,intermittent
12_158_14075,69,4.454545454545454,0.2721088435374149,intermittent
12_158_14125,31,7.25,0.5867768595041323,lumpy
12_158_14244,62,8.0,0.0,intermittent
13_31_3727,71,11.75,0.12,intermittent
14_198_73,1,1.125,0.2925810010803968,smooth
14_198_105,10,9.0,0.09695290858725772,intermittent
14_198_134,0,10.727272727272727,0.43867034402670896,intermittent
14_198_152,2,1.1958762886597938,0.3154057248162169,smooth
14_198_178,0,1.0172413793103448,0.352087435187674,smooth
14_198_337,1,1.4444444444444444,1.1094674556213016,lumpy
14_198_352,70,2.4,0.5533458747648483,lumpy
14_198_365,9,1.6029411764705883,0.4756273758924941,intermittent
14_198_488,74,1.4666666666666666,0.5497917906008327,lumpy
14_198_516,1,1.4625,0.44930747922437686,intermittent
14_198_791,21,1.1022727272727273,0.5777475434618291,erratic
14_198_808,0,1.710144927536232,0.3913043478260869,intermittent
14_198_814,5,1.3614457831325302,0.3978167356545735,intermittent
14_198_880,52,1.4042553191489362,1.4698231009365248,lumpy
14_198_886,31,3.3461538461538463,0.36842105263157915,intermittent
14_198_928,0,1.0350877192982457,0.47246988580279103,smooth
14_198_1046,6,1.4,0.365289256198347,intermittent
14_198_1090,3,2.948717948717949,1.0980352470037154,lumpy
14_198_1121,9,1.211111111111111,0.3329639889196678,smooth
14_198_1291,0,1.2164948453608246,0.3027010713746795,smooth
14_198_1401,12,4.24,0.5868886576482829,lumpy
14_198_1481,4,1.4615384615384615,0.6970736168267028,lumpy
14_198_1524,45,1.1587301587301588,0.4967159763313606,smooth
14_198_1542,5,1.3452380952380953,0.436130334486736,intermittent
14_198_1633,0,9.833333333333334,0.6409073433294886,lumpy
14_198_1638,64,2.347826086956522,0.5301783264746225,lumpy
14_198_1652,31,1.5,0.33159763313609486,intermittent
14_198_1698,0,1.2826086956521738,0.3274872448979591,smooth
14_198_1706,4,1.9322033898305084,0.2655325443786983,intermittent
14_198_1713,0,1.2553191489361701,0.28086645203762317,smooth
14_198_1740,35,16.6,1.3777777777777775,lumpy
14_198_1761,3,1.369047619047619,0.4830954169797147,intermittent
14_198_1763,0,1.0442477876106195,0.7880649776954801,erratic
14_198_1817,0,1.3111111111111111,0.5071343638525566,erratic
14_198_1829,13,35.0,0.12500000000000006,intermittent
14_198_1915,2,2.230769230769231,0.9481328357808262,lumpy
14_198_2109,4,1.175257731958763,1.272999353807435,erratic
14_198_2337,1,3.5454545454545454,0.5101385041551244,lumpy
14_198_2538,54,1.2549019607843137,0.9852723311546842,erratic
14_198_2544,0,1.0535714285714286,0.47680223970983227,smooth
14_198_2574,0,1.388235294117647,0.30847818047337255,intermittent
14_198_2681,66,2.6,0.286549707602339,intermittent
14_198_2696,63,2.2916666666666665,0.908793146888385,lumpy
14_198_2714,30,1.4426229508196722,0.6047632316543461,lumpy
14_198_2729,0,1.9344262295081966,0.6599420377131241,lumpy
14_198_2846,0,1.0535714285714286,0.5864217599999998,erratic
14_198_2901,2,3.3142857142857145,0.260387811634349,intermittent
14_198_2903,1,1.6027397260273972,0.9617122473246137,lumpy
14_198_2908,2,1.3488372093023255,0.5593534200069442,lumpy
14_198_2996,0,1.7611940298507462,0.5128124343625287,lumpy
14_198_3022,0,1.4390243902439024,0.4601373668136152,intermittent
14_198_3147,64,2.25,0.6224986479177932,lumpy
14_198_3225,0,1.0172413793103448,0.3675078648759282,smooth
14_198_3252,49,1.15,0.4692935997928582,smooth
14_198_3272,1,1.647887323943662,0.41898453084421705,intermittent
14_198_3280,0,1.1132075471698113,0.8543207620130021,erratic
14_198_3472,0,1.84375,0.5556652949245542,lumpy
14_198_3560,0,1.388235294117647,0.5790446116635312,lumpy
14_198_3772,0,1.6619718309859155,0.6811618974843654,lumpy
14_198_3793,5,2.0925925925925926,0.23966942148760353,intermittent
14_198_3909,0,1.0260869565217392,0.455372420957383,smooth
14_198_4137,30,1.2941176470588236,0.3895919421487602,smooth
14_198_4216,51,1.2407407407407407,0.6124567474048441,erratic
14_198_4259,1,1.0833333333333333,0.37433567284676883,smooth
14_198_4263,0,1.0925925925925926,0.5450680272108839,erratic
14_198_4390,0,1.5733333333333333,1.1608643457382954,lumpy
14_198_4396,0,1.9344262295081966,0.43951557093425603,intermittent
14_198_4403,52,1.2452830188679245,0.3649843912591052,smooth
14_198_4444,3,1.7424242424242424,0.45278106508875743,intermittent
14_198_4454,1,4.0344827586206895,0.46233196159122114,intermittent
14_198_4489,14,1.8245614035087718,2.677713250572753,lumpy
14_198_4516,2,1.0943396226415094,0.47102040816326524,smooth
14_198_4688,0,1.3111111111111111,0.38688016528925645,smooth
14_198_4702,7,2.0555555555555554,0.4193612378496328,intermittent
14_198_4754,0,1.7352941176470589,0.43278320781925955,intermittent
14_198_4769,3,2.5,0.7616232195646335,lumpy
14_198_4819,85,1.2692307692307692,0.3552812071330586,smooth
14_198_5018,0,29.5,0.061224489795918366,intermittent
14_198_5279,4,14.25,0.13494809688581316,intermittent
14_198_5447,1,1.8571428571428572,0.841244792324201,lumpy
14_198_5542,34,1.4,0.48997288517812554,intermittent
14_198_5632,9,1.5797101449275361,0.530493865824267,lumpy
14_198_5663,0,1.873015873015873,0.4428911362284355,intermittent
14_198_5757,19,1.5714285714285714,0.28143491124260367,intermittent
14_198_5789,0,1.6619718309859155,0.8836263020833336,lumpy
14_198_5858,0,1.6857142857142857,0.7680359994193641,lumpy
14_198_5870,0,1.2688172043010753,0.5600348381477722,erratic
14_198_5969,3,1.4375,0.5560333243751682,lumpy
14_198_5981,16,5.1,0.07438016528925608,intermittent
14_198_6128,1,1.6714285714285715,0.9050143528114315,lumpy
14_198_6130,0,2.2264150943396226,0.4889482933590753,intermittent
14_198_6159,0,1.145631067961165,0.4446778221195358,smooth
14_198_6176,2,2.109090909090909,0.4136464497041421,intermittent
14_198_6191,52,1.1578947368421053,0.5631578947368419,erratic
14_198_6262,52,1.1379310344827587,0.3901578276639545,smooth
14_198_6489,1,1.0446428571428572,0.30331162855711796,smooth
14_198_6602,2,1.4871794871794872,0.709717771646932,lumpy
14_198_6619,0,1.8153846153846154,0.6039594670669919,lumpy
14_198_6740,0,1.388235294117647,0.3439997267946178,intermittent
14_198_6833,0,1.4390243902439024,0.5270283673874231,lumpy
14_198_6869,0,2.107142857142857,0.6009445100354192,lumpy
14_198_6962,0,1.5945945945945945,0.726871340837377,lumpy
14_198_7068,0,1.18,0.9083186276521524,erratic
14_198_7091,94,24.0,0.0,intermittent
14_198_7097,46,1.309090909090909,0.5839049502728333,erratic
14_198_7109,5,2.404255319148936,0.3104914933837429,intermittent
14_198_7119,0,1.6619718309859155,0.43753086419753096,intermittent
14_198_7132,0,1.903225806451613,0.5041645144628096,lumpy
14_198_7156,57,1.4878048780487805,0.24354911724762343,intermittent
14_198_7229,5,1.7121212121212122,0.6715686274509804,lumpy
14_198_7325,72,2.3,0.663563383291108,lumpy
14_198_7336,0,1.3111111111111111,0.4725204294183624,smooth
14_198_7416,1,1.9180327868852458,0.44469639707734937,intermittent
14_198_7497,38,1.6,0.8201835911807599,lumpy
14_198_7576,30,1.4915254237288136,0.3415295128561037,intermittent
14_198_7581,14,1.9622641509433962,0.29363905325443784,intermittent
14_198_7632,60,1.5263157894736843,0.6415999999999996,lumpy
14_198_7644,4,1.9322033898305084,0.5926963341619693,lumpy
14_198_7714,1,1.56,0.7034023668639052,lumpy
14_198_7780,14,1.8571428571428572,0.8468858131487891,lumpy
14_198_7803,0,1.0727272727272728,0.3692719698472523,smooth
14_198_7851,30,1.2941176470588236,0.394607636843139,smooth
14_198_7868,0,1.710144927536232,0.37228796844181483,intermittent
14_198_7979,13,8.076923076923077,0.16999999999999993,intermittent
14_198_7981,0,1.0727272727272728,0.7322813696489772,erratic
14_198_8000,0,1.0350877192982457,0.5690430178314823,erratic
14_198_8069,0,1.0535714285714286,0.4193771626297579,smooth
14_198_8202,0,1.9666666666666666,0.3076341647770219,intermittent
14_198_8564,0,1.102803738317757,0.2663131345793182,smooth
14_198_8652,0,2.1454545454545455,0.22560553633218,intermittent
14_198_8684,0,1.3111111111111111,0.42440649729279484,smooth
14_198_8845,0,1.0925925925925926,0.4659459459459456,smooth
14_198_8862,0,2.744186046511628,0.649940968122786,lumpy
14_198_8881,27,1.378787878787879,0.44714356330767596,intermittent
14_198_8974,0,1.2967032967032968,0.4908424908424909,smooth
14_198_8984,97,21.0,0.0,intermittent
14_198_9054,0,1.0727272727272728,0.3969386774317572,smooth
14_198_9106,8,1.8333333333333333,0.5292517006802722,lumpy
14_198_9135,3,2.5555555555555554,0.33474576271186435,intermittent
14_198_9167,51,1.6341463414634145,0.5132986722811843,lumpy
14_198_9257,3,1.1855670103092784,0.7739883473810519,erratic
14_198_9338,0,1.3258426966292134,0.5083680531035946,erratic
14_198_9620,0,1.0925925925925926,0.5191510204081633,erratic
14_198_9679,0,1.0535714285714286,0.5483914966167616,erratic
14_198_9691,31,1.74,0.2975778546712804,intermittent
14_198_9897,75,3.3076923076923075,0.42479999999999996,intermittent
14_198_9938,22,1.1428571428571428,0.4821333333333333,smooth
14_198_10087,0,2.4081632653061225,0.8914,lumpy
14_198_10100,52,1.4042553191489362,0.3327384493357128,intermittent
14_198_10143,1,1.231578947368421,1.0621085894857802,erratic
14_198_10285,15,1.0842105263157895,0.3215284065000894,smooth
14_198_10296,4,1.0961538461538463,0.3332375754093652,smooth
14_198_10299,58,2.5,0.35183673469387783,intermittent
14_198_10310,1,1.8571428571428572,0.41851596413647624,intermittent
14_198_10355,0,1.1683168316831682,1.1319939790297473,erratic
14_198_10519,2,1.45,0.40800000000000014,intermittent
14_198_10523,4,1.7538461538461538,0.5670692943420214,lumpy
14_198_10583,1,1.0833333333333333,0.3808749799684076,smooth
14_198_10613,0,1.6619718309859155,0.37493083848900965,intermittent
14_198_10652,0,2.8780487804878048,0.5268850117334967,lumpy
14_198_10758,64,1.8620689655172413,0.7783544790465206,lumpy
14_198_10794,52,1.2941176470588236,0.8311842888315807,erratic
14_198_10831,0,5.619047619047619,0.8482142857142857,lumpy
14_198_10845,11,1.7258064516129032,0.7459027777777775,lumpy
14_198_10889,1,1.8571428571428572,0.3682812500000003,intermittent
14_198_10893,18,2.0,1.1436672967863897,lumpy
14_198_11074,0,1.0442477876106195,0.9699556041254015,erratic
14_198_11110,0,1.0535714285714286,0.5927850390276285,erratic
14_198_11164,4,2.235294117647059,0.37381852551984873,intermittent
14_198_11194,45,1.1587301587301588,0.37375000000000014,smooth
14_198_11223,4,22.8,0.0,intermittent
14_198_11235,0,1.388235294117647,1.3023431952662718,lumpy
14_198_11248,1,1.2446808510638299,0.5245776139863626,erratic
14_198_11380,68,1.9230769230769231,0.7003567181926279,lumpy
14_198_11382,0,1.903225806451613,0.518736482068306,lumpy
14_198_11383,55,1.5365853658536586,0.8925022583559168,lumpy
14_198_11394,0,2.107142857142857,0.7015402743876779,lumpy
14_198_11430,71,1.8076923076923077,0.348148148148148,intermittent
14_198_11432,6,2.2857142857142856,0.31111111111111117,intermittent
14_198_11560,16,1.4366197183098592,0.4127551020408162,intermittent
14_198_11563,1,1.8,0.7303274627269042,lumpy
14_198_11781,4,1.9322033898305084,0.5376222511165127,lumpy
14_198_11785,0,1.6619718309859155,0.8420573509330906,lumpy
14_198_11815,52,1.11864406779661,0.37050551797792786,smooth
14_198_11986,0,1.6619718309859155,0.5593057528263313,lumpy
14_198_12046,0,1.4216867469879517,0.625482041587902,lumpy
14_198_12121,67,1.5454545454545454,0.5808919270833333,lumpy
14_198_12139,3,1.3529411764705883,0.3220572426766998,intermittent
14_198_12172,0,1.102803738317757,0.4628618910695177,smooth
14_198_12189,4,2.0727272727272728,2.5959433891735535,lumpy
14_198_12217,0,1.063063063063063,0.5010161052685059,erratic
14_198_12344,17,1.0520833333333333,0.3330057684181563,smooth
14_198_12363,27,1.9361702127659575,0.23398445704683898,intermittent
14_198_12422,0,1.2040816326530612,0.6447333368852894,erratic
14_198_12516,69,1.96,0.1164456637707665,intermittent
14_198_12587,67,1.8214285714285714,0.6191135734072021,lumpy
14_198_12639,3,1.4935064935064934,0.7350273555298072,lumpy
14_198_12647,0,1.3409090909090908,0.39043844942336037,intermittent
14_198_12660,0,1.2553191489361701,0.4708507931488044,smooth
14_198_12826,0,2.269230769230769,0.5855034722222221,lumpy
14_198_12895,2,1.0545454545454545,0.4303023726851851,smooth
14_198_13016,76,1.9090909090909092,0.5105916727538347,lumpy
14_198_13038,0,1.2421052631578948,0.8790483830413904,erratic
14_198_13051,73,1.40625,0.4086153266094825,intermittent
14_198_13131,30,1.5172413793103448,0.43455621301775177,intermittent
14_198_13140,0,1.8153846153846154,0.42941941319464083,intermittent
14_198_13210,0,1.2967032967032968,0.6764560154947975,erratic
14_198_13264,0,2.0344827586206895,1.0560940493600428,lumpy
14_198_13267,0,2.4583333333333335,0.6573847182000447,lumpy
14_198_13282,1,1.17,0.3839369487708766,smooth
14_198_13328,70,2.1818181818181817,0.24932395889670084,intermittent
14_198_13392,0,1.6857142857142857,0.411434331199887,intermittent
14_198_13408,4,1.6521739130434783,0.36775147928994095,intermittent
14_198_13415,0,1.4047619047619047,0.5502123730378579,lumpy
14_198_13459,0,2.5106382978723403,0.5135041551246541,lumpy
14_198_13472,0,1.063063063063063,0.6421273551533737,erratic
14_198_13487,0,1.0172413793103448,0.4969954313356622,smooth
14_198_13566,0,1.102803738317757,0.482402856542743,smooth
14_198_13590,45,1.106060606060606,0.41996135552913216,smooth
14_198_13679,0,1.102803738317757,0.6051646660510928,erratic
14_198_13769,0,2.185185185185185,1.0294117647058825,lumpy
14_198_13838,31,3.107142857142857,0.4158239143367045,intermittent
14_198_13897,2,1.0740740740740742,0.5533062582236373,erratic
14_198_13981,0,1.0727272727272728,0.4352799999999997,smooth
14_198_14034,0,1.1919191919191918,0.33350676378772093,smooth
14_198_14036,0,1.0825688073394495,0.4703861848108678,smooth
14_198_14047,0,1.0260869565217392,0.6427003467693185,erratic
14_198_14217,0,1.5526315789473684,0.7467591836734689,lumpy
14_198_14229,0,1.8153846153846154,0.4105820873856874,intermittent
14_198_14259,0,2.0701754385964914,0.5094674423305857,lumpy
14_198_14283,6,1.75,0.6375725948994192,lumpy
14_198_14323,82,1.565217391304348,0.33057851239669417,intermittent
15_43_527,57,1.0,2.2439300347367865,erratic
15_43_4714,57,1.0166666666666666,1.1910474312644899,erratic
15_43_10692,74,1.0476190476190477,0.3720463137996217,smooth
15_43_10735,74,1.2222222222222223,0.7322343506348853,erratic
15_43_13419,74,2.2,0.6816326530612246,lumpy
15_122_309,25,1.0568181818181819,0.4106317582088098,smooth
15_122_527,37,1.0,1.253177338972478,erratic
15_122_1305,30,1.0476190476190477,0.5418526785714286,erratic
15_122_1831,57,1.2708333333333333,0.3437291156159501,smooth
15_122_3018,75,1.34375,1.8397243645775743,lumpy
15_122_4098,102,1.0666666666666667,3.407718529340151,erratic
15_122_4714,26,1.0,3.089403023276895,erratic
15_122_9416,73,1.1842105263157894,0.2824202608471073,smooth
15_122_10692,25,1.0,0.2301135764413328,smooth
15_122_10735,48,1.0,1.4136859546571359,erratic
15_122_13419,30,1.0,0.9105739792707346,erratic
16_7_4650,35,2.9642857142857144,3.5582438711744904,lumpy
16_7_5237,68,4.545454545454546,1.1586337413387873,lumpy
16_7_7857,55,7.0,0.42105263157894723,intermittent
16_7_10685,43,3.125,1.2337045621572729,lumpy
16_7_13114,32,1.2112676056338028,1.5516357736175208,erratic
16_7_13316,74,2.4444444444444446,0.9856249999999998,lumpy
16_7_14042,32,1.1466666666666667,3.000045190057917,erratic
16_13_1389,0,1.0,0.40552577085120245,smooth
16_13_6821,0,1.3258426966292134,0.4389450389747657,smooth
16_13_8490,0,1.0,0.2585126454157943,smooth
16_13_8664,28,90.0,0.0,intermittent
16_13_13226,0,1.1919191919191918,0.616997117652197,erratic
16_17_42,29,1.6481481481481481,0.6986517520973614,lumpy
16_17_779,51,1.0307692307692307,0.3592279037185755,smooth
16_17_4351,0,1.1919191919191918,1.6036909932360275,erratic
16_17_6135,0,1.0085470085470085,2.8639441013473204,erratic
16_17_7597,48,5.384615384615385,0.9053542455381289,lumpy
16_17_8284,8,1.5942028985507246,2.2157960248074744,lumpy
16_17_9314,0,59.0,0.0,intermittent
16_17_9702,51,1.0,1.2208239290601242,erratic
16_17_10685,0,1.2553191489361701,2.377014485818603,erratic
16_17_13114,0,1.0442477876106195,1.1319329277653123,erratic
16_17_14042,0,1.0172413793103448,2.9117613881849067,erratic
16_99_301,0,1.0350877192982457,7.647259189668517,erratic
16_99_370,0,19.666666666666668,2.7653061224489788,lumpy
16_99_855,0,2.5652173913043477,0.4495232194723978,intermittent
16_99_1103,0,1.0535714285714286,1.7121843022376861,erratic
16_99_1284,0,2.8780487804878048,0.45703020938782063,intermittent
16_99_2212,0,4.72,0.5118503560420875,lumpy
16_99_2374,0,1.7352941176470589,1.586712470787897,lumpy
16_99_2412,0,1.4047619047619047,1.034691600206413,lumpy
16_99_2689,0,1.0442477876106195,9.325086400827024,erratic
16_99_3021,0,1.3563218390804597,2.2543803519493126,lumpy
16_99_4377,0,1.1346153846153846,4.239223819246769,erratic
16_99_4487,0,14.75,0.36328125,intermittent
16_99_5358,0,2.0344827586206895,3.2549588880700804,lumpy
16_99_5784,0,1.2967032967032968,1.824996596061553,erratic
16_99_6714,0,1.8153846153846154,1.2380688976113394,lumpy
16_99_6719,0,4.916666666666667,0.4068637175163656,intermittent
16_99_7394,0,4.916666666666667,0.48828402366863877,intermittent
16_99_7554,15,1.355263157894737,3.8642502015587197,lumpy
16_99_7604,0,3.5757575757575757,0.5269067146177796,lumpy
16_99_9131,0,1.710144927536232,1.3385195614860594,lumpy
16_99_9190,0,1.6857142857142857,4.251371214504275,lumpy
16_99_10868,75,1.6538461538461537,0.8824130796381192,lumpy
16_99_11921,0,2.8095238095238093,1.2042030696576154,lumpy
16_99_12254,105,1.0,0.7180020811654528,erratic
16_99_12320,0,3.806451612903226,0.3021651526535073,intermittent
16_99_13084,0,1.1568627450980393,2.7844887860275374,erratic
16_99_13927,28,1.25,0.5096887409220346,erratic
16_140_107,19,1.076086956521739,0.4561584974986949,smooth
16_140_137,17,1.041237113402062,0.65998728737411,erratic
16_140_288,40,2.2941176470588234,0.23079999999999967,intermittent
16_140_301,0,1.710144927536232,2.446921984390595,lumpy
16_140_475,0,4.72,0.2618170165037653,intermittent
16_140_658,18,2.7027027027027026,3.683030868037668,lumpy
16_140_727,81,1.0571428571428572,0.5529740588697705,erratic
16_140_747,16,1.0408163265306123,0.21792921530236656,smooth
16_140_855,24,2.0,0.7779428571428574,lumpy
16_140_878,9,1.345679012345679,0.24040284800713843,intermittent
16_140_1067,12,7.571428571428571,0.26388888888888906,intermittent
16_140_1103,0,1.0172413793103448,1.0297215999999996,erratic
16_140_1117,23,2.021276595744681,4.066570955962672,lumpy
16_140_1165,1,5.318181818181818,0.31313131313131315,intermittent
16_140_1471,73,1.5,3.364972056967731,lumpy
16_140_1742,19,2.4146341463414633,2.254290829873249,lumpy
16_140_2209,35,1.0506329113924051,0.32466636893062417,smooth
16_140_2374,0,1.2421052631578948,0.6241046402989723,erratic
16_140_2397,20,1.0,0.3396770469126119,smooth
16_140_2863,0,1.7878787878787878,1.0079191187566017,lumpy
16_140_3021,0,1.903225806451613,2.6493304266583624,lumpy
16_140_3031,22,2.909090909090909,2.340183317095775,lumpy
16_140_3259,16,1.2,0.3603553685988042,smooth
16_140_3292,88,4.285714285714286,0.9600000000000002,lumpy
16_140_3301,35,5.533333333333333,0.35000000000000003,intermittent
16_140_3324,0,1.4390243902439024,7.292753360768174,lumpy
16_140_3471,16,1.0515463917525774,1.5027362755619191,erratic
16_140_3473,18,1.0309278350515463,0.33049436634265783,smooth
16_140_4377,0,1.5324675324675325,3.4022322472542337,lumpy
16_140_4487,1,3.9,0.7979238754325259,lumpy
16_140_4503,16,1.120879120879121,1.366556984687979,erratic
16_140_4655,16,1.0303030303030303,0.35001055653944624,smooth
16_140_4759,19,1.1927710843373494,0.5101747387259276,erratic
16_140_4945,16,1.0303030303030303,0.7809930729784259,erratic
16_140_5191,20,1.1395348837209303,0.6710502286343463,erratic
16_140_5244,65,53.0,0.0,intermittent
16_140_5358,0,1.6164383561643836,1.5267584084862602,lumpy
16_140_5810,19,1.0421052631578946,0.21428928240354006,smooth
16_140_5954,26,1.1358024691358024,1.4019617885886249,erratic
16_140_6178,0,4.214285714285714,0.39628834743088004,intermittent
16_140_6197,16,1.0303030303030303,0.4845397003661195,smooth
16_140_6258,1,2.1666666666666665,0.6581352193550646,lumpy
16_140_6402,1,3.9,0.4051847487585221,intermittent
16_140_6568,30,1.2394366197183098,3.053095656533708,erratic
16_140_6704,26,1.295774647887324,0.806338028169014,erratic
16_140_6719,0,7.375,0.9820415879017014,lumpy
16_140_6960,0,3.6875,0.37468315369525446,intermittent
16_140_7062,36,13.666666666666666,0.12500000000000006,intermittent
16_140_7074,35,3.4583333333333335,0.16999999999999985,intermittent
16_140_7394,0,10.727272727272727,0.18558673469387757,intermittent
16_140_7640,26,1.4838709677419355,0.5610462839689876,lumpy
16_140_7965,18,1.6666666666666667,2.063286486321188,lumpy
16_140_8391,0,4.068965517241379,0.2763927362265314,intermittent
16_140_8395,20,1.1951219512195121,0.6867072,erratic
16_140_8428,48,17.5,0.0,intermittent
16_140_8722,0,7.866666666666666,0.37336504161712264,intermittent
16_140_8787,18,1.7857142857142858,2.4516545725117584,lumpy
16_140_8792,36,6.833333333333333,0.8775510204081632,lumpy
16_140_8833,50,7.555555555555555,0.5599999999999997,lumpy
16_140_9131,0,2.5652173913043477,0.6208205403639526,lumpy
16_140_9132,9,1.4155844155844155,0.30514024454327787,intermittent
16_140_9190,0,1.9666666666666666,1.8395908897820479,lumpy
16_140_9412,18,1.0309278350515463,0.5976348674468603,erratic
16_140_9902,19,1.32,0.6915636636041158,erratic
16_140_9929,47,2.0285714285714285,0.3503086419753089,intermittent
16_140_10178,19,1.3026315789473684,0.4106327160493829,smooth
16_140_10393,0,2.4583333333333335,0.45653441653763427,intermittent
16_140_10817,30,1.2222222222222223,0.666359358724153,erratic
16_140_11189,80,1.1875,0.4964116609973454,smooth
16_140_11775,25,1.0568181818181819,0.2841111513638985,smooth
16_140_11921,0,1.6164383561643836,2.1525538998184603,lumpy
16_140_12023,22,1.0666666666666667,0.578168745676898,erratic
16_140_12070,30,1.3134328358208955,0.5495021538026974,erratic
16_140_12320,0,2.2264150943396226,0.28876943080595396,intermittent
16_140_12492,41,8.555555555555555,0.3049999999999999,intermittent
16_140_13084,24,1.8431372549019607,4.293233669361131,lumpy
16_140_13391,18,1.1494252873563218,0.47061133161797947,smooth
16_140_13436,19,1.4142857142857144,0.22523654176448454,intermittent
16_140_13559,33,21.25,0.22448979591836735,intermittent
16_140_13601,46,6.0,0.3333333333333333,intermittent
16_140_13695,34,4.0,0.3287037037037038,intermittent
16_140_13993,76,1.6153846153846154,1.0210431756450882,lumpy
16_140_13997,26,1.2777777777777777,1.005983379501385,erratic
16_140_14097,17,1.063157894736842,0.527956243158725,erratic
16_178_888,91,3.375,0.4444444444444444,intermittent
16_178_1513,91,3.0,0.757396449704142,lumpy
16_178_2247,95,4.6,0.11111111111111122,intermittent
16_178_3927,88,1.1111111111111112,0.6068572137144277,erratic
16_178_4350,89,1.0740740740740742,0.5063362038787369,erratic
16_178_4678,88,1.0714285714285714,0.37472723665939306,smooth
16_178_5864,88,1.0,0.33639130861703775,smooth
16_178_8956,88,4.285714285714286,0.39512265931194646,intermittent
16_178_9933,100,1.5,0.2164253124380082,intermittent
16_178_10888,95,1.0,0.3724535785109067,smooth
16_178_12845,92,1.04,0.4041565037254835,smooth
16_178_13258,90,4.0,0.12345679012345664,intermittent
16_192_1147,6,8.0,0.2967863894139888,intermittent
16_192_1764,7,2.775,0.42714681440443225,intermittent
16_192_1963,2,1.0265486725663717,0.9640509070174292,erratic
16_192_2005,81,18.5,0.1111111111111111,intermittent
16_192_3410,57,3.8125,1.1315702479338843,lumpy
16_192_4284,70,2.2857142857142856,0.5365853658536586,lumpy
16_192_4602,11,53.5,0.0,intermittent
16_192_5069,0,1.2688172043010753,0.41650352869287954,smooth
16_192_5163,0,1.388235294117647,0.7128944431600505,lumpy
16_192_5383,71,11.75,0.8475635152019991,lumpy
16_192_5631,36,1.5471698113207548,0.9595090211669762,lumpy
16_192_5688,35,11.857142857142858,0.8704187927809277,lumpy
16_192_6011,56,3.1,1.7142528343071815,lumpy
16_192_6161,26,4.380952380952381,0.18945312500000017,intermittent
16_192_6471,23,1.2179487179487178,1.5105885794297966,erratic
16_192_6701,13,35.0,1.0702479338842976,lumpy
16_192_7035,88,1.0,0.35768956924172307,smooth
16_192_7838,10,1.173913043478261,0.48854673885761424,smooth
16_192_8020,3,6.052631578947368,1.160590277777778,lumpy
16_192_8249,0,3.2777777777777777,1.0217292892711636,lumpy
16_192_8327,69,1.225,0.747004507758955,erratic
16_192_8800,71,9.4,0.20123721752303997,intermittent
16_192_9233,8,10.0,0.5153061224489797,lumpy
16_192_9276,14,3.1515151515151514,0.8867737457862386,lumpy
16_192_9323,20,1.5555555555555556,0.4152549073162317,intermittent
16_192_10441,3,6.388888888888889,0.290858725761773,intermittent
16_192_10527,91,1.0,0.2421875000000001,smooth
16_192_10639,12,10.6,0.5689981096408322,lumpy
16_192_12285,10,1.5,0.5976331360946748,lumpy
16_192_12379,56,3.6470588235294117,1.558750662956532,lumpy
16_192_12439,0,1.0260869565217392,1.116034960088074,erratic
16_192_12696,30,6.769230769230769,0.402332361516035,intermittent
16_192_12702,56,7.75,1.0460223537146613,lumpy
16_192_12938,3,1.1979166666666667,0.6879573280202176,erratic
16_192_13249,23,5.9375,1.0444444444444445,lumpy
16_192_13866,0,1.0535714285714286,0.48700826446281,smooth
16_192_13888,14,104.0,0.0,intermittent
16_192_13967,94,24.0,0.0,intermittent
16_196_888,36,1.9069767441860466,0.6283930211202938,lumpy
16_196_1513,36,2.1578947368421053,0.6611531190926275,lumpy
16_196_2247,36,1.8636363636363635,0.4800158290462998,intermittent
16_196_3927,0,1.3563218390804597,0.16660185492086432,intermittent
16_196_4350,17,1.4027777777777777,0.568117221640766,lumpy
16_196_4678,0,1.4567901234567902,0.193563786138114,intermittent
16_196_5640,71,15.666666666666666,0.4549999999999999,intermittent
16_196_5864,0,1.4047619047619047,0.1708095552911026,intermittent
16_196_8956,0,1.3563218390804597,0.25277587305255583,intermittent
16_196_9716,20,2.0416666666666665,0.30340162729144204,intermittent
16_196_9933,0,1.3563218390804597,0.19618675570295604,intermittent
16_196_10312,0,1.3409090909090908,0.25710136267962364,intermittent
16_196_10533,102,1.0666666666666667,0.20370370370370378,smooth
16_196_12845,3,1.369047619047619,0.17696327478589047,intermittent
16_196_13258,36,2.484848484848485,0.6431263638167034,lumpy
16_224_1207,104,2.8,0.12244897959183697,intermittent
16_224_2356,55,1.1886792452830188,0.1966621524361083,smooth
16_224_3360,61,9.5,0.4556213017751481,intermittent
16_224_6073,104,7.0,0.0,intermittent
16_224_7921,56,1.0,0.3230947736508335,smooth
16_249_1382,94,6.0,0.68,lumpy
16_249_1444,5,1.765625,1.0295013162870132,lumpy
16_249_1689,22,48.0,0.0,intermittent
16_249_2056,49,69.0,0.0,intermittent
16_249_2480,15,103.0,0.0,intermittent
16_249_2487,8,110.0,0.0,intermittent
16_249_3136,1,9.0,0.18181818181818182,intermittent
16_249_3605,17,1.6557377049180328,0.37137688116206674,intermittent
16_249_3692,8,110.0,0.0,intermittent
16_249_4482,13,17.5,0.0,intermittent
16_249_4952,61,1.6285714285714286,0.5798473198156062,lumpy
16_249_5043,90,5.6,0.0,intermittent
16_249_5950,20,98.0,0.0,intermittent
16_249_6350,10,18.0,0.0,intermittent
16_249_6722,21,97.0,0.0,intermittent
16_249_6766,9,54.5,0.0,intermittent
16_249_7094,19,14.142857142857142,0.09375000000000011,intermittent
16_249_8223,0,39.333333333333336,0.0,intermittent
16_249_8274,12,106.0,0.0,intermittent
16_249_8603,61,1.1875,0.400192209847928,smooth
16_249_9423,97,21.0,0.0,intermittent
16_249_10405,14,104.0,0.0,intermittent
16_249_11113,60,1.0,1.1034394568789136,erratic
16_249_11347,2,19.333333333333332,0.08333333333333326,intermittent
16_249_11569,3,11.5,0.20000000000000007,intermittent
16_249_12461,30,29.333333333333332,0.0,intermittent
16_249_12491,61,1.14,0.31116131430695737,smooth
16_249_13353,0,39.333333333333336,0.0,intermittent
16_249_13665,16,17.0,0.0,intermittent
16_252_5642,27,3.64,0.3171487603305786,intermittent
16_252_8490,27,1.1818181818181819,1.1290335071051676,erratic
16_259_1207,61,2.0357142857142856,0.6360946745562132,lumpy
16_259_1316,0,1.84375,0.6873048907388137,lumpy
16_259_1593,12,1.2926829268292683,0.8769595567867037,erratic
16_259_1717,0,2.36,0.23071358970833516,intermittent
16_259_2636,51,1.763157894736842,1.0270303391047075,lumpy
16_259_3078,0,1.1238095238095238,0.17842977580076186,smooth
16_259_3487,62,2.0,0.11418685121107276,intermittent
16_259_4033,67,8.5,0.5937500000000002,lumpy
16_259_4395,61,5.181818181818182,1.360113421550095,lumpy
16_259_4580,55,1.4318181818181819,0.6299368460740881,lumpy
16_259_5545,0,1.0727272727272728,1.4662153991791156,erratic
16_259_5562,0,4.72,0.19693808621421463,intermittent
16_259_6073,2,1.0,0.1358979909356147,smooth
16_259_7976,60,1.0357142857142858,0.36697149192179207,smooth
16_259_8556,39,6.076923076923077,0.2839506172839508,intermittent
16_259_11181,72,1.0,0.6814775513318003,erratic
16_259_11513,0,1.2553191489361701,1.7045648301720904,erratic
16_259_13717,0,1.0260869565217392,0.5463942456445018,erratic
16_286_5642,17,50.5,0.0,intermittent
16_286_6821,0,1.903225806451613,1.8053086419753084,lumpy
16_286_8490,4,1.3571428571428572,0.752156110401348,lumpy
16_287_4989,3,6.764705882352941,0.3843670280612245,intermittent
16_287_6135,56,1.087719298245614,1.973992909430715,erratic
16_287_13114,56,1.1071428571428572,2.2627547722966157,erratic
16_289_1205,68,1.2820512820512822,2.397993079584776,erratic
16_289_1444,53,1.0,0.4666361835086115,smooth
16_289_2941,54,1.6842105263157894,0.2865497076023392,intermittent
16_289_4952,53,1.0,0.20531520330025357,smooth
16_289_5043,53,1.1016949152542372,0.47165532879818606,smooth
16_289_7094,54,1.1636363636363636,0.38457677711347293,smooth
16_289_7339,54,1.2075471698113207,0.6887066337639715,erratic
16_289_8603,54,1.103448275862069,0.684463511601267,erratic
16_289_9046,54,1.0,0.44732892961444404,smooth
16_289_11113,65,1.0816326530612246,0.47626400459638046,smooth
16_289_11347,53,1.0,0.2900997744099077,smooth
16_289_12411,53,1.0655737704918034,0.5318320000000003,erratic
16_289_12491,73,1.1538461538461537,0.534224068448137,erratic
16_289_13550,68,1.1363636363636365,0.3771999999999996,smooth
16_305_61,10,1.8305084745762712,0.5438760193111282,lumpy
16_305_244,2,11.6,0.20000000000000007,intermittent
16_305_579,18,100.0,0.0,intermittent
16_305_719,0,2.5106382978723403,0.6446691810449027,lumpy
16_305_882,37,27.0,0.12500000000000006,intermittent
16_305_905,87,1.0333333333333334,0.18996372966746702,smooth
16_305_969,33,2.073170731707317,0.18795666414714016,intermittent
16_305_1061,62,5.6,0.07438016528925608,intermittent
16_305_1085,0,3.189189189189189,0.5792152870232596,lumpy
16_305_1205,80,1.0555555555555556,0.3313609467455621,smooth
16_305_1444,0,1.0,0.3636147050830684,smooth
16_305_1568,42,76.0,0.0,intermittent
16_305_1637,1,14.625,0.0,intermittent
16_305_1661,17,1.10989010989011,0.37618814693369096,smooth
16_305_1672,0,1.5945945945945945,0.39768996479569635,intermittent
16_305_1689,0,2.0344827586206895,0.7015306122448978,lumpy
16_305_1786,20,14.0,0.2857142857142858,intermittent
16_305_1806,36,20.5,0.12,intermittent
16_305_1838,17,1.2625,0.6879355885816125,erratic
16_305_1861,34,10.5,0.3727810650887574,intermittent
16_305_2040,0,6.2105263157894735,0.3366206443129519,intermittent
16_305_2056,0,1.2291666666666667,0.6467643377751603,erratic
16_305_2112,8,22.0,0.39053254437869817,intermittent
16_305_2122,14,26.0,0.0,intermittent
16_305_2265,5,113.0,0.0,intermittent
16_305_2452,0,4.538461538461538,0.39210383991346676,intermittent
16_305_2547,11,53.5,0.0,intermittent
16_305_2567,0,4.538461538461538,0.7065527065527065,lumpy
16_305_2578,5,2.1320754716981134,0.7306519742883381,lumpy
16_305_2626,0,1.4936708860759493,0.4509964306960142,intermittent
16_305_2654,87,2.3846153846153846,0.20370370370370372,intermittent
16_305_2794,0,1.2291666666666667,0.4229918465431732,smooth
16_305_2916,8,3.5483870967741935,0.43281297826752385,intermittent
16_305_2934,38,26.666666666666668,0.0,intermittent
16_305_2941,0,1.1346153846153846,0.7282153030563409,erratic
16_305_2952,1,9.75,0.10204081632653039,intermittent
16_305_3006,0,1.6164383561643836,0.4128436498566369,intermittent
16_305_3074,3,12.777777777777779,0.0,intermittent
16_305_3136,0,1.4216867469879517,0.31147033471330243,intermittent
16_305_3186,9,1.7868852459016393,1.2,lumpy
16_305_3235,0,7.866666666666666,0.425,intermittent
16_305_3274,0,4.538461538461538,0.43842950624628213,intermittent
16_305_3380,19,24.75,0.0,intermittent
16_305_3383,52,6.0,0.0694444444444446,intermittent
16_305_3390,5,113.0,0.0,intermittent
16_305_3605,0,1.0,0.6028328916648308,erratic
16_305_3662,0,1.145631067961165,0.370821521109587,smooth
16_305_3719,28,1.2,0.8609823716167712,erratic
16_305_3729,15,2.1914893617021276,0.23398445704683898,intermittent
16_305_3845,0,1.475,0.5402172395957341,lumpy
16_305_3859,3,57.5,0.0,intermittent
16_305_3922,27,1.0963855421686748,0.5126205205812974,erratic
16_305_3944,17,1.2784810126582278,0.5368857739184208,erratic
16_305_4041,91,13.5,0.0,intermittent
16_305_4045,84,1.0625,0.5916824196597353,erratic
16_305_4140,34,8.4,0.24999999999999983,intermittent
16_305_4690,6,9.333333333333334,0.6199999999999998,lumpy
16_305_4847,54,32.0,0.1111111111111111,intermittent
16_305_4952,47,1.126984126984127,0.22284831886253698,smooth
16_305_5028,0,29.5,0.0,intermittent
16_305_5043,1,1.0263157894736843,0.5762815715129027,erratic
16_305_5134,9,2.18,0.4067248308989315,intermittent
16_305_5315,8,7.333333333333333,0.33270321361058586,intermittent
16_305_5396,17,1.3116883116883118,0.3302344837969065,smooth
16_305_5480,0,3.5757575757575757,0.6369751584427346,lumpy
16_305_5539,8,110.0,0.0,intermittent
16_305_5735,8,36.666666666666664,0.0,intermittent
16_305_5900,2,6.444444444444445,0.19092627599243878,intermittent
16_305_5925,0,1.2967032967032968,0.2623136674844776,smooth
16_305_6119,27,1.0833333333333333,0.812104916605689,erratic
16_305_6174,52,22.0,0.12500000000000006,intermittent
16_305_6350,10,1.8305084745762712,0.38552512449071985,intermittent
16_305_6493,2,116.0,0.0,intermittent
16_305_6627,6,56.0,0.0,intermittent
16_305_6722,13,105.0,0.0,intermittent
16_305_6748,27,1.058139534883721,0.2890543757354103,smooth
16_305_6789,59,29.5,0.0,intermittent
16_305_6830,7,111.0,0.0,intermittent
16_305_6934,38,26.666666666666668,0.0,intermittent
16_305_7028,0,6.2105263157894735,0.23668639053254437,intermittent
16_305_7030,27,1.0963855421686748,0.38376590622921636,smooth
16_305_7045,56,6.888888888888889,0.12500000000000006,intermittent
16_305_7094,1,1.1818181818181819,0.360637679470478,smooth
16_305_7095,0,118.0,0.0,intermittent
16_305_7157,5,56.5,0.0,intermittent
16_305_7226,2,116.0,0.0,intermittent
16_305_7339,46,1.0434782608695652,0.5724175460132676,erratic
16_305_7564,5,12.555555555555555,0.0,intermittent
16_305_7616,87,2.3846153846153846,0.12847222222222207,intermittent
16_305_7627,18,1.2820512820512822,0.6723199999999997,erratic
16_305_7849,0,1.0,0.8469157533983969,erratic
16_305_7860,2,5.523809523809524,0.17360285374554102,intermittent
16_305_7896,1,1.481012658227848,0.4519224580388507,intermittent
16_305_8075,87,2.5833333333333335,0.10204081632653039,intermittent
16_305_8519,0,1.388235294117647,0.4802646073084088,intermittent
16_305_8603,0,1.0350877192982457,1.013056657741291,erratic
16_305_8630,69,1.0,0.3636611538947107,smooth
16_305_8774,58,30.0,0.0,intermittent
16_305_8839,2,5.043478260869565,0.2777777777777777,intermittent
16_305_8938,8,15.714285714285714,0.12345679012345664,intermittent
16_305_9046,31,1.0235294117647058,0.43706582907544356,smooth
16_305_9056,27,1.2465753424657535,0.25728905308218386,smooth
16_305_9265,7,12.333333333333334,0.2248520710059171,intermittent
16_305_9282,2,38.666666666666664,0.0,intermittent
16_305_9423,29,2.225,0.3727810650887574,intermittent
16_305_9455,33,14.166666666666666,0.43801652892561993,intermittent
16_305_9878,20,12.25,0.08641975308641975,intermittent
16_305_9987,17,33.666666666666664,0.0,intermittent
16_305_10121,69,8.166666666666666,0.0,intermittent
16_305_10238,29,2.4054054054054053,0.4054054054054055,intermittent
16_305_10367,56,31.0,0.1111111111111111,intermittent
16_305_10405,10,1.5,0.5735026863422791,lumpy
16_305_10566,0,4.068965517241379,0.49611686390532544,intermittent
16_305_10696,17,1.4225352112676057,0.4276884631403584,intermittent
16_305_10863,0,1.4936708860759493,0.5392889417884457,lumpy
16_305_11113,62,1.0,0.22949414541100482,smooth
16_305_11138,9,1.9464285714285714,0.5130136081384595,lumpy
16_305_11179,2,19.333333333333332,0.0,intermittent
16_305_11246,0,1.0085470085470085,0.3896291463511446,smooth
16_305_11296,6,2.6666666666666665,2.675362083654509,lumpy
16_305_11483,0,118.0,0.0,intermittent
16_305_11484,20,98.0,0.0,intermittent
16_305_11516,0,1.18,0.4855022204012943,smooth
16_305_11569,0,1.4936708860759493,0.3609727880891303,intermittent
16_305_11597,33,1.0625,0.2274595529717055,smooth
16_305_11648,2,38.666666666666664,0.0,intermittent
16_305_11718,34,6.0,0.11418685121107276,intermittent
16_305_11727,36,82.0,0.0,intermittent
16_305_11728,0,1.4567901234567902,0.44280569739317416,intermittent
16_305_11821,11,2.4318181818181817,1.015419501133787,lumpy
16_305_11847,34,10.5,0.2781065088757396,intermittent
16_305_11874,8,2.391304347826087,0.43408949011446424,intermittent
16_305_11876,0,1.710144927536232,0.35702037047505986,intermittent
16_305_11993,2,58.0,0.0,intermittent
16_305_12000,0,3.3714285714285714,0.9813148788927337,lumpy
16_305_12071,1,14.625,0.256198347107438,intermittent
16_305_12262,3,38.333333333333336,0.0,intermittent
16_305_12374,58,2.727272727272727,0.41758632965468123,intermittent
16_305_12385,8,9.166666666666666,0.2266666666666667,intermittent
16_305_12410,0,6.2105263157894735,0.2877526753864446,intermittent
16_305_12411,0,1.063063063063063,0.4878976695202027,smooth
16_305_12459,0,1.2826086956521738,0.5698937087043953,erratic
16_305_12461,13,1.2962962962962963,0.48271186440677966,smooth
16_305_12534,9,1.7580645161290323,0.859660114339416,lumpy
16_305_12552,55,31.5,0.1111111111111111,intermittent
16_305_12566,0,1.5733333333333333,0.7014462809917359,lumpy
16_305_12574,2,4.142857142857143,0.61474435196195,lumpy
16_305_12711,56,8.857142857142858,0.0,intermittent
16_305_12716,8,12.222222222222221,0.36734693877550995,intermittent
16_305_12820,56,8.857142857142858,0.09375000000000011,intermittent
16_305_12892,3,10.454545454545455,0.12444444444444452,intermittent
16_305_13257,2,7.733333333333333,0.20370370370370378,intermittent
16_305_13283,8,2.3404255319148937,0.3898375676801333,intermittent
16_305_13290,27,1.123456790123457,0.8749539241928708,erratic
16_305_13353,0,1.9666666666666666,0.6604914933837426,lumpy
16_305_13403,5,113.0,0.0,intermittent
16_305_13550,30,1.0,0.34856788232762326,smooth
16_305_13665,0,1.475,0.3283127703893607,intermittent
16_305_13689,28,1.125,0.31934234171159215,smooth
16_305_13751,88,2.5,0.2789115646258503,intermittent
16_305_13908,8,110.0,0.0,intermittent
16_305_13999,58,60.0,0.0,intermittent
16_305_14002,87,2.2142857142857144,0.4012855831037648,intermittent
16_305_14096,0,2.0,0.5544952462080546,lumpy
16_305_14182,18,1.408450704225352,0.7029636881452472,lumpy
16_305_14264,8,7.333333333333333,0.21928166351606793,intermittent
16_329_301,0,1.6619718309859155,1.8496381918188622,lumpy
16_329_2374,0,2.0344827586206895,0.6346373415059192,lumpy
16_329_3021,0,6.555555555555555,0.7244444444444446,lumpy
16_329_4487,14,11.555555555555555,0.3100189035916826,intermittent
16_329_6719,0,10.727272727272727,0.3933333333333334,intermittent
16_329_9190,0,5.130434782608695,3.7996079877350617,lumpy
16_329_11921,0,4.214285714285714,1.5843927648578813,lumpy
16_329_12320,0,4.214285714285714,0.3154761904761904,intermittent
16_334_349,66,1.368421052631579,3.159281779091641,lumpy
16_334_1098,66,1.3,3.399528799057599,erratic
16_334_3675,21,1.1411764705882352,0.35498746481751653,smooth
16_334_4380,66,1.3,2.550109863281249,erratic
16_335_2539,51,3.35,0.5885896195499518,lumpy
17_146_11,32,86.0,0.0,intermittent
17_146_74,83,8.75,0.11242603550295859,intermittent
17_146_83,37,9.0,0.11570247933884288,intermittent
17_146_97,102,16.0,0.0,intermittent
17_146_127,27,3.25,0.2022160664819944,intermittent
17_146_174,58,1.7647058823529411,0.17871093750000003,intermittent
17_146_196,54,9.142857142857142,0.08888888888888899,intermittent
17_146_210,52,66.0,0.0,intermittent
17_146_268,40,13.0,0.10204081632653039,intermittent
17_146_334,35,27.666666666666668,0.0,intermittent
17_146_347,39,39.5,0.0,intermittent
17_146_457,31,87.0,0.0,intermittent
17_146_474,42,8.444444444444445,0.0,intermittent
17_146_504,87,15.5,0.0,intermittent
17_146_522,26,30.666666666666668,0.07999999999999986,intermittent
17_146_550,55,21.0,0.0,intermittent
17_146_570,28,12.857142857142858,0.0,intermittent
17_146_580,28,1.6071428571428572,0.5064327485380118,lumpy
17_146_666,96,4.4,0.24999999999999983,intermittent
17_146_715,56,62.0,0.0,intermittent
17_146_724,73,4.5,0.12426035502958563,intermittent
17_146_749,55,21.0,0.0,intermittent
17_146_824,72,23.0,0.0,intermittent
17_146_842,46,72.0,0.0,intermittent
17_146_892,31,43.5,0.1111111111111111,intermittent
17_146_932,41,77.0,0.0,intermittent
17_146_956,52,33.0,0.0,intermittent
17_146_958,52,6.0,0.0694444444444446,intermittent
17_146_981,88,3.0,0.11111111111111122,intermittent
17_146_994,28,2.5714285714285716,0.37052965142598493,intermittent
17_146_997,25,1.631578947368421,1.1016934740091968,lumpy
17_146_1012,95,4.6,0.2962962962962963,intermittent
17_146_1019,94,12.0,0.0,intermittent
17_146_1049,103,15.0,0.0,intermittent
17_146_1089,27,30.333333333333332,0.0,intermittent
17_146_1185,84,34.0,0.0,intermittent
17_146_1214,28,11.25,0.3877551020408163,intermittent
17_146_1250,47,23.666666666666668,0.0,intermittent
17_146_1273,79,2.6,0.4599366229062925,intermittent
17_146_1288,32,21.5,0.12,intermittent
17_146_1327,30,8.8,0.07438016528925608,intermittent
17_146_1334,96,2.75,0.5224913494809689,lumpy
17_146_1348,88,30.0,0.0,intermittent
17_146_1370,95,23.0,0.0,intermittent
17_146_1387,98,6.666666666666667,0.07999999999999986,intermittent
17_146_1472,97,21.0,0.0,intermittent
17_146_1499,26,8.363636363636363,0.10650887573964475,intermittent
17_146_1602,32,2.8666666666666667,1.7788279773156903,lumpy
17_146_1603,53,2.4074074074074074,0.2551652892561985,intermittent
17_146_1611,94,24.0,0.0,intermittent
17_146_1622,25,3.875,0.41322314049586795,intermittent
17_146_1626,47,11.833333333333334,0.2592592592592593,intermittent
17_146_1656,97,21.0,0.0,intermittent
17_146_1765,26,18.4,0.5624999999999997,lumpy
17_146_1772,26,46.0,0.0,intermittent
17_146_1796,27,1.82,0.6768292682926831,lumpy
17_146_1803,57,61.0,0.0,intermittent
17_146_1837,42,4.0,0.7733333333333334,lumpy
17_146_1914,32,8.6,0.11111111111111122,intermittent
17_146_1946,84,34.0,0.0,intermittent
17_146_1960,83,35.0,0.0,intermittent
17_146_1984,34,84.0,0.0,intermittent
17_146_1993,25,1.3478260869565217,0.30959183673469376,intermittent
17_146_2025,26,46.0,0.0,intermittent
17_146_2041,58,60.0,0.0,intermittent
17_146_2075,57,1.564102564102564,0.4357625845229151,intermittent
17_146_2100,48,70.0,0.0,intermittent
17_146_2136,26,11.5,0.0,intermittent
17_146_2188,97,2.625,0.356401384083045,intermittent
17_146_2225,50,34.0,0.0,intermittent
17_146_2322,47,71.0,0.0,intermittent
17_146_2323,61,4.384615384615385,0.21453287197231838,intermittent
17_146_2364,60,29.0,0.25,intermittent
17_146_2406,25,5.8125,0.10803324099722991,intermittent
17_146_2456,60,58.0,0.0,intermittent
17_146_2494,80,19.0,0.0,intermittent
17_146_2525,46,72.0,0.0,intermittent
17_146_2526,25,3.72,0.1706555671175858,intermittent
17_146_2537,55,3.7058823529411766,0.5973936899862826,lumpy
17_146_2596,59,2.4583333333333335,0.22448979591836735,intermittent
17_146_2643,29,6.357142857142857,0.12465373961218834,intermittent
17_146_2732,29,89.0,0.0,intermittent
17_146_2757,30,9.777777777777779,0.3999999999999998,intermittent
17_146_2797,96,22.0,0.0,intermittent
17_146_2805,27,1.625,0.901896310976983,lumpy
17_146_2837,26,15.333333333333334,0.2592592592592593,intermittent
17_146_2843,55,63.0,0.0,intermittent
17_146_2900,77,8.2,0.11111111111111122,intermittent
17_146_2939,49,13.8,0.11111111111111122,intermittent
17_146_2971,27,91.0,0.0,intermittent
17_146_2985,47,1.9189189189189189,0.5476084222483673,lumpy
17_146_2995,26,4.0,0.6503046967895363,lumpy
17_146_3004,47,10.142857142857142,0.12345679012345664,intermittent
17_146_3090,41,19.25,0.0,intermittent
17_146_3097,80,4.222222222222222,0.07999999999999981,intermittent
17_146_3117,57,2.652173913043478,0.6187877046825627,lumpy
17_146_3128,52,1.2692307692307692,0.42059155703427836,smooth
17_146_3190,26,30.666666666666668,0.0,intermittent
17_146_3278,73,22.5,0.0,intermittent
17_146_3282,44,9.25,0.7135178715399086,lumpy
17_146_3308,26,3.68,0.3124999999999997,intermittent
17_146_3363,34,84.0,0.0,intermittent
17_146_3474,76,8.4,0.0,intermittent
17_146_3478,27,91.0,0.0,intermittent
17_146_3581,91,9.0,0.12500000000000006,intermittent
17_146_3598,29,14.833333333333334,0.3079584775086504,intermittent
17_146_3625,39,79.0,0.0,intermittent
17_146_3717,36,16.4,0.0,intermittent
17_146_3737,94,4.8,0.0,intermittent
17_146_3771,37,4.764705882352941,0.22060353798126958,intermittent
17_146_3812,27,2.757575757575758,0.7240816326530615,lumpy
17_146_3813,64,54.0,0.0,intermittent
17_146_3827,89,14.5,0.0,intermittent
17_146_3889,31,6.6923076923076925,0.06122448979591849,intermittent
17_146_3904,39,11.285714285714286,0.09375000000000011,intermittent
17_146_3916,54,64.0,0.0,intermittent
17_146_3943,53,8.125,1.2496570644718792,lumpy
17_146_3966,82,4.0,1.4513888888888888,lumpy
17_146_4015,25,93.0,0.0,intermittent
17_146_4047,63,55.0,0.0,intermittent
17_146_4062,28,1.7647058823529411,0.515538752362949,lumpy
17_146_4118,65,26.5,0.0,intermittent
17_146_4120,32,86.0,0.0,intermittent
17_146_4128,104,7.0,0.1111111111111111,intermittent
17_146_4144,46,72.0,0.0,intermittent
17_146_4182,29,22.25,0.375,intermittent
17_146_4195,86,32.0,0.0,intermittent
17_146_4220,42,38.0,0.0,intermittent
17_146_4275,27,91.0,0.0,intermittent
17_146_4278,54,32.0,0.0,intermittent
17_146_4312,39,79.0,0.0,intermittent
17_146_4320,52,66.0,0.0,intermittent
17_146_4359,26,2.4864864864864864,0.33240997229916897,intermittent
17_146_4381,33,7.7272727272727275,0.0694444444444446,intermittent
17_146_4417,48,4.375,0.3968253968253968,intermittent
17_146_4418,76,10.5,0.0,intermittent
17_146_4450,28,3.0,0.5119999999999999,lumpy
17_146_4586,25,93.0,0.0,intermittent
17_146_4604,67,25.5,0.0,intermittent
17_146_4662,54,32.0,0.0,intermittent
17_146_4663,56,5.166666666666667,0.12,intermittent
17_146_4745,103,2.142857142857143,0.29629629629629606,intermittent
17_146_4793,58,8.571428571428571,0.2148760330578513,intermittent
17_146_4813,64,27.0,0.1111111111111111,intermittent
17_146_4816,74,44.0,0.0,intermittent
17_146_4878,64,13.5,0.1111111111111111,intermittent
17_146_4914,39,3.0384615384615383,0.675555555555556,lumpy
17_146_4922,49,13.8,0.11111111111111122,intermittent
17_146_4930,33,21.25,0.0,intermittent
17_146_4967,53,13.0,0.11111111111111122,intermittent
17_146_4986,89,29.0,0.0,intermittent
17_146_5056,56,31.0,0.0,intermittent
17_146_5060,41,3.5,0.1771700356718193,intermittent
17_146_5157,30,5.5,0.12471655328798185,intermittent
17_146_5165,49,5.75,0.21874999999999997,intermittent
17_146_5167,73,6.428571428571429,0.0,intermittent
17_146_5168,44,74.0,0.0,intermittent
17_146_5184,34,7.636363636363637,0.23469387755102045,intermittent
17_146_5195,77,41.0,0.0,intermittent
17_146_5270,40,11.142857142857142,0.0,intermittent
17_146_5282,46,24.0,0.0,intermittent
17_146_5285,26,11.5,0.08641975308641975,intermittent
17_146_5289,26,30.666666666666668,0.0,intermittent
17_146_5338,38,6.666666666666667,0.10204081632653039,intermittent
17_146_5379,52,16.5,0.5308641975308642,lumpy
17_146_5413,41,25.666666666666668,0.0,intermittent
17_146_5426,29,44.5,0.0,intermittent
17_146_5433,79,39.0,0.0,intermittent
17_146_5449,79,39.0,0.0,intermittent
17_146_5462,71,47.0,0.0,intermittent
17_146_5548,94,4.8,0.4197530864197529,intermittent
17_146_5585,34,84.0,0.0,intermittent
17_146_5587,57,20.333333333333332,0.0,intermittent
17_146_5630,27,4.136363636363637,0.6635802469135799,lumpy
17_146_5687,68,6.25,0.08641975308641975,intermittent
17_146_5724,39,4.9375,0.5408163265306123,lumpy
17_146_5726,27,3.1379310344827585,0.3481404958677688,intermittent
17_146_5806,42,76.0,0.0,intermittent
17_146_5809,44,3.5238095238095237,0.253443526170799,intermittent
17_146_5814,45,36.5,0.1111111111111111,intermittent
17_146_5834,29,44.5,0.0,intermittent
17_146_5841,77,41.0,0.0,intermittent
17_146_5892,55,21.0,0.0,intermittent
17_146_6072,56,2.066666666666667,0.33769322235434013,intermittent
17_146_6074,58,20.0,0.0,intermittent
17_146_6076,29,29.666666666666668,0.0,intermittent
17_146_6094,31,5.8,0.054687499999999965,intermittent
17_146_6114,52,9.428571428571429,0.12345679012345664,intermittent
17_146_6118,25,3.3214285714285716,0.1626297577854672,intermittent
17_146_6121,76,14.0,0.0,intermittent
17_146_6243,99,6.333333333333333,0.07999999999999986,intermittent
17_146_6307,31,87.0,0.0,intermittent
17_146_6336,26,2.4864864864864864,0.3058823529411765,intermittent
17_146_6337,86,16.0,0.25,intermittent
17_146_6393,59,2.95,0.30394857667584946,intermittent
17_146_6395,29,3.423076923076923,0.2097959183673469,intermittent
17_146_6410,60,58.0,0.0,intermittent
17_146_6441,64,9.0,0.7999999999999998,lumpy
17_146_6483,29,4.045454545454546,0.2591050988553589,intermittent
17_146_6521,40,19.5,0.0,intermittent
17_146_6536,48,23.333333333333332,0.0,intermittent
17_146_6600,37,3.1153846153846154,2.6789536266349585,lumpy
17_146_6626,28,4.5,0.3555291319857313,intermittent
17_146_6687,28,2.8125,0.19008264462809918,intermittent
17_146_6720,46,24.0,0.0,intermittent
17_146_6761,59,19.666666666666668,0.0,intermittent
17_146_6763,83,17.5,0.0,intermittent
17_146_6791,42,6.909090909090909,0.0694444444444446,intermittent
17_146_6817,61,5.7,0.12426035502958563,intermittent
17_146_6891,31,4.833333333333333,0.07999999999999981,intermittent
17_146_6910,80,38.0,0.0,intermittent
17_146_6913,71,47.0,0.0,intermittent
17_146_6918,26,1.803921568627451,0.5424840296229294,lumpy
17_146_6959,68,6.25,0.08641975308641975,intermittent
17_146_6973,47,71.0,0.0,intermittent
17_146_7002,89,29.0,0.0,intermittent
17_146_7018,93,12.5,0.0,intermittent
17_146_7041,87,7.75,0.0,intermittent
17_146_7059,32,21.5,0.15702479338842976,intermittent
17_146_7066,73,15.0,0.0,intermittent
17_146_7142,25,1.8979591836734695,0.4373333333333336,intermittent
17_146_7192,32,86.0,0.0,intermittent
17_146_7212,46,14.4,0.0,intermittent
17_146_7214,95,23.0,0.0,intermittent
17_146_7236,59,6.555555555555555,0.12500000000000006,intermittent
17_146_7317,51,8.375,0.08641975308641975,intermittent
17_146_7338,29,11.125,0.6128,lumpy
17_146_7410,60,1.7058823529411764,0.3543400713436386,intermittent
17_146_7427,74,1.76,0.5432098765432097,lumpy
17_146_7539,51,67.0,0.0,intermittent
17_146_7556,26,2.5555555555555554,0.19008264462809896,intermittent
17_146_7568,26,1.5862068965517242,0.9599294532627863,lumpy
17_146_7585,29,9.88888888888889,0.0,intermittent
17_146_7657,74,11.0,0.0,intermittent
17_146_7680,53,10.833333333333334,0.0,intermittent
17_146_7710,33,1.4912280701754386,0.3700680272108844,intermittent
17_146_7732,45,24.333333333333332,0.0,intermittent
17_146_7735,45,73.0,0.0,intermittent
17_146_7761,36,20.5,0.0,intermittent
17_146_7776,26,23.0,0.0,intermittent
17_146_7830,96,7.333333333333333,0.0,intermittent
17_146_7845,48,17.5,0.2892561983471074,intermittent
17_146_7891,44,18.5,0.12,intermittent
17_146_7946,34,14.0,0.0,intermittent
17_146_7963,32,1.8695652173913044,0.40256076388888895,intermittent
17_146_7998,74,7.333333333333333,0.12500000000000006,intermittent
17_146_8172,26,1.9166666666666667,0.5350071818442977,lumpy
17_146_8185,35,16.6,0.30000000000000004,intermittent
17_146_8205,85,8.25,0.04,intermittent
17_146_8269,82,36.0,0.0,intermittent
17_146_8272,28,2.4324324324324325,0.7615552469748068,lumpy
17_146_8335,49,2.5555555555555554,0.2996214169821525,intermittent
17_146_8371,62,5.6,0.3043478260869568,intermittent
17_146_8397,31,29.0,0.12500000000000006,intermittent
17_146_8573,27,13.0,0.11999999999999991,intermittent
17_146_8583,71,6.714285714285714,0.12345679012345664,intermittent
17_146_8593,32,2.8666666666666667,0.6349480968858134,lumpy
17_146_8653,37,13.5,0.0,intermittent
17_146_8691,29,3.1785714285714284,0.34123456790123446,intermittent
17_146_8701,35,27.666666666666668,0.0,intermittent
17_146_8745,58,20.0,0.0,intermittent
17_146_8748,28,3.9130434782608696,0.18285714285714286,intermittent
17_146_8841,77,5.857142857142857,0.29629629629629606,intermittent
17_146_8865,50,34.0,0.0,intermittent
17_146_8875,26,2.787878787878788,0.22041420118343197,intermittent
17_146_8905,29,2.3421052631578947,0.5207675798510291,lumpy
17_146_8909,75,43.0,0.0,intermittent
17_146_9012,92,8.666666666666666,0.0,intermittent
17_146_9182,44,18.5,0.12,intermittent
17_146_9213,54,64.0,0.0,intermittent
17_146_9220,52,22.0,0.0,intermittent
17_146_9221,31,29.0,0.0,intermittent
17_146_9238,56,31.0,0.0,intermittent
17_146_9256,29,89.0,0.0,intermittent
17_146_9285,32,86.0,0.0,intermittent
17_146_9345,58,30.0,0.05325443786982249,intermittent
17_146_9388,85,6.6,1.0,lumpy
17_146_9422,40,1.813953488372093,0.3562152133580703,intermittent
17_146_9519,41,25.666666666666668,0.0,intermittent
17_146_9551,25,13.285714285714286,0.2142857142857142,intermittent
17_146_9566,27,3.9565217391304346,0.27423822714681445,intermittent
17_146_9609,46,2.0,0.309870089539879,intermittent
17_146_9625,73,4.090909090909091,0.3200000000000002,intermittent
17_146_9634,33,1.3709677419354838,0.49923477196204485,intermittent
17_146_9645,63,27.5,0.0,intermittent
17_146_9667,25,7.75,0.23966942148760353,intermittent
17_146_9740,46,12.0,0.0,intermittent
17_146_9748,83,35.0,0.0,intermittent
17_146_9759,29,29.666666666666668,0.0,intermittent
17_146_9766,38,3.6363636363636362,0.4038842647641695,intermittent
17_146_9772,56,4.769230769230769,0.4444444444444443,intermittent
17_146_9776,33,42.5,0.0,intermittent
17_146_9784,65,4.416666666666667,0.18518518518518512,intermittent
17_146_9843,42,12.666666666666666,0.12500000000000006,intermittent
17_146_9881,70,6.0,0.6568047337278107,lumpy
17_146_9904,77,5.125,0.31555555555555553,intermittent
17_146_9918,86,3.2,0.11111111111111122,intermittent
17_146_9939,38,80.0,0.0,intermittent
17_146_9941,58,5.0,0.12500000000000006,intermittent
17_146_9956,66,6.5,0.12,intermittent
17_146_10002,44,24.666666666666668,0.12500000000000006,intermittent
17_146_10006,57,30.5,0.0,intermittent
17_146_10016,68,5.555555555555555,0.26446280991735516,intermittent
17_146_10045,85,33.0,0.0,intermittent
17_146_10101,77,41.0,0.0,intermittent
17_146_10117,26,3.5384615384615383,0.2653810835629018,intermittent
17_146_10142,57,1.90625,0.4489795918367347,intermittent
17_146_10145,28,18.0,0.0,intermittent
17_146_10150,35,8.3,0.07438016528925608,intermittent
17_146_10162,44,37.0,0.0,intermittent
17_146_10301,51,22.333333333333332,0.12500000000000006,intermittent
17_146_10306,89,14.5,0.0,intermittent
17_146_10316,83,11.666666666666666,0.5,lumpy
17_146_10326,95,23.0,0.0,intermittent
17_146_10377,56,3.875,0.5206611570247934,lumpy
17_146_10403,66,13.0,0.0,intermittent
17_146_10407,48,23.333333333333332,0.0,intermittent
17_146_10472,65,53.0,0.0,intermittent
17_146_10473,28,22.5,0.0,intermittent
17_146_10562,57,8.714285714285714,0.12345679012345664,intermittent
17_146_10600,58,60.0,0.0,intermittent
17_146_10614,34,84.0,0.0,intermittent
17_146_10629,32,2.15,0.5650969529085874,lumpy
17_146_10633,37,81.0,0.0,intermittent
17_146_10680,25,7.75,0.9897959183673469,lumpy
17_146_10788,38,3.6363636363636362,0.7925925925925925,lumpy
17_146_10796,54,64.0,0.0,intermittent
17_146_10881,64,54.0,0.0,intermittent
17_146_10980,105,13.0,0.0,intermittent
17_146_10981,31,29.0,0.0,intermittent
17_146_11046,44,5.285714285714286,0.09375000000000011,intermittent
17_146_11048,26,5.75,0.18518518518518517,intermittent
17_146_11193,52,16.5,0.0,intermittent
17_146_11254,29,29.666666666666668,0.0,intermittent
17_146_11274,105,1.625,0.22448979591836735,intermittent
17_146_11285,38,80.0,0.0,intermittent
17_146_11358,82,12.0,0.0,intermittent
17_146_11402,34,4.666666666666667,0.29600000000000004,intermittent
17_146_11406,28,5.625,1.0622222222222222,lumpy
17_146_11436,97,2.3333333333333335,0.21874999999999997,intermittent
17_146_11455,49,6.9,0.22448979591836746,intermittent
17_146_11554,91,27.0,0.0,intermittent
17_146_11557,30,3.142857142857143,0.16581446311176035,intermittent
17_146_11634,87,31.0,0.0,intermittent
17_146_11636,62,56.0,0.0,intermittent
17_146_11673,42,76.0,0.0,intermittent
17_146_11692,63,9.166666666666666,0.0,intermittent
17_146_11704,28,11.25,0.256198347107438,intermittent
17_146_11713,58,1.3043478260869565,0.31271701388888895,smooth
17_146_11724,31,9.666666666666666,0.07999999999999981,intermittent
17_146_11744,71,23.5,0.0,intermittent
17_146_11759,31,7.909090909090909,0.2727272727272727,intermittent
17_146_11769,61,3.5625,0.42661179698216734,intermittent
17_146_11794,66,26.0,0.0,intermittent
17_146_11825,38,7.2727272727272725,0.0,intermittent
17_146_11922,70,16.0,0.12500000000000006,intermittent
17_146_11939,25,18.6,0.0,intermittent
17_146_11971,91,9.0,0.1632653061224487,intermittent
17_146_11997,39,15.8,0.7901234567901233,lumpy
17_146_11999,62,28.0,0.0,intermittent
17_146_12007,31,17.4,0.12244897959183697,intermittent
17_146_12010,26,92.0,0.0,intermittent
17_146_12069,81,12.333333333333334,0.12500000000000006,intermittent
17_146_12079,91,5.4,0.11111111111111122,intermittent
17_146_12080,63,2.75,0.30778842149104507,intermittent
17_146_12113,70,16.0,0.0,intermittent
17_146_12115,104,7.0,0.0,intermittent
17_146_12160,65,53.0,0.0,intermittent
17_146_12175,59,14.75,0.061224489795918366,intermittent
17_146_12256,101,17.0,0.0,intermittent
17_146_12257,35,83.0,0.0,intermittent
17_146_12340,80,1.1515151515151516,0.44459183673469405,smooth
17_146_12354,49,34.5,0.25,intermittent
17_146_12381,27,15.166666666666666,0.12500000000000006,intermittent
17_146_12396,29,3.869565217391304,0.7041644131963222,lumpy
17_146_12407,60,7.25,0.0,intermittent
17_146_12434,39,26.333333333333332,0.0,intermittent
17_146_12442,52,66.0,0.0,intermittent
17_146_12502,56,62.0,0.0,intermittent
17_146_12557,26,15.333333333333334,0.0,intermittent
17_146_12599,28,90.0,0.0,intermittent
17_146_12607,25,8.454545454545455,0.40830449826989634,intermittent
17_146_12655,85,33.0,0.0,intermittent
17_146_12661,46,36.0,0.0,intermittent
17_146_12664,34,2.896551724137931,0.2823129251700679,intermittent
17_146_12749,70,9.6,0.0,intermittent
17_146_12762,29,22.25,0.0,intermittent
17_146_12805,75,43.0,0.0,intermittent
17_146_12815,56,20.666666666666668,0.16666666666666674,intermittent
17_146_12868,66,10.4,0.020408163265306256,intermittent
17_146_12887,92,8.666666666666666,0.04081632653061209,intermittent
17_146_12910,77,1.64,0.47761274134900505,intermittent
17_146_12916,30,3.259259259259259,0.21224489795918386,intermittent
17_146_12928,25,1.453125,0.4264976040903894,intermittent
17_146_12972,29,89.0,0.0,intermittent
17_146_13006,29,4.944444444444445,0.7439446366782008,lumpy
17_146_13008,97,21.0,0.0,intermittent
17_146_13011,29,4.238095238095238,1.5261707988980717,lumpy
17_146_13061,90,5.6,0.0,intermittent
17_146_13087,82,7.2,0.32653061224489816,intermittent
17_146_13095,78,40.0,0.0,intermittent
17_146_13122,79,13.0,0.0,intermittent
17_146_13201,66,26.0,0.0,intermittent
17_146_13362,32,28.666666666666668,0.0,intermittent
17_146_13374,29,8.9,0.32653061224489816,intermittent
17_146_13453,43,25.0,0.0,intermittent
17_146_13464,76,4.2,0.0,intermittent
17_146_13468,44,10.571428571428571,0.1666666666666667,intermittent
17_146_13498,47,71.0,0.0,intermittent
17_146_13545,55,1.5365853658536586,0.5474405496509425,lumpy
17_146_13548,85,33.0,0.0,intermittent
17_146_13568,29,9.88888888888889,0.2500000000000001,intermittent
17_146_13587,26,7.666666666666667,0.6875000000000001,lumpy
17_146_13588,54,32.0,0.0,intermittent
17_146_13595,28,2.142857142857143,0.7241124260355029,lumpy
17_146_13620,44,8.222222222222221,0.0,intermittent
17_146_13650,32,9.555555555555555,0.3199999999999998,intermittent
17_146_13659,41,7.7,0.11111111111111122,intermittent
17_146_13745,97,21.0,0.0,intermittent
17_146_13776,88,2.3076923076923075,0.3769174579985389,intermittent
17_146_13778,82,18.0,0.0,intermittent
17_146_13817,30,1.872340425531915,0.43095484965595254,intermittent
17_146_13854,49,3.45,0.28,intermittent
17_146_13862,25,2.325,0.3685140765054917,intermittent
17_146_13890,42,4.470588235294118,0.4411764705882353,intermittent
17_146_13896,97,1.1666666666666667,0.1551999999999999,smooth
17_146_13916,25,5.166666666666667,0.18750000000000008,intermittent
17_146_13926,93,25.0,0.0,intermittent
17_146_13953,50,68.0,0.0,intermittent
17_146_13961,46,18.0,0.0,intermittent
17_146_14030,54,1.1636363636363636,0.5914336704342655,erratic
17_146_14055,55,3.7058823529411766,0.08310249307479227,intermittent
17_146_14066,37,81.0,0.0,intermittent
17_146_14105,34,84.0,0.0,intermittent
17_146_14120,87,31.0,0.0,intermittent
17_146_14199,27,5.055555555555555,0.1911357340720223,intermittent
17_146_14220,36,20.5,0.0,intermittent
18_51_65,39,1.3620689655172413,0.8875969506307759,lumpy
18_51_249,44,1.1044776119402986,0.24203924720939757,smooth
18_51_364,93,1.25,0.6047562425683709,erratic
18_51_628,68,5.555555555555555,0.9342560553633217,lumpy
18_51_734,18,1.3888888888888888,0.7560170389153055,lumpy
18_51_1378,45,24.333333333333332,0.5,lumpy
18_51_2262,4,9.5,0.21874999999999997,intermittent
18_51_2339,63,4.583333333333333,1.1557396449704138,lumpy
18_51_2954,39,3.16,0.6591999999999999,lumpy
18_51_3176,84,1.36,0.4328942684229262,intermittent
18_51_3193,39,3.4347826086956523,1.171980081419886,lumpy
18_51_3443,17,1.0,0.25227233553576567,smooth
18_51_3525,81,12.333333333333334,0.21875,intermittent
18_51_3566,65,2.2083333333333335,0.699511634587762,lumpy
18_51_4502,75,1.1944444444444444,0.4815999999999997,smooth
18_51_4514,76,4.666666666666667,0.07280000000000016,intermittent
18_51_4517,66,2.888888888888889,0.5505350772889419,lumpy
18_51_4682,17,2.2954545454545454,0.4799451303155005,intermittent
18_51_4849,25,1.0689655172413792,0.37039459270328884,smooth
18_51_4928,0,1.0350877192982457,0.3798415923898387,smooth
18_51_5268,17,1.02020202020202,0.5606710995146316,erratic
18_51_5708,81,1.0571428571428572,0.7846883079574835,erratic
18_51_5803,78,3.3333333333333335,0.8335999999999996,lumpy
18_51_5875,72,1.7037037037037037,1.100704009794919,lumpy
18_51_6380,44,1.608695652173913,1.5079908428720081,lumpy
18_51_6452,19,4.5,0.8437303087586642,lumpy
18_51_6815,8,1.4285714285714286,0.8125909681926683,lumpy
18_51_7114,83,1.25,0.6238062283737025,erratic
18_51_7485,39,1.196969696969697,0.7354388106865843,erratic
18_51_8104,81,7.4,0.4669421487603303,intermittent
18_51_8105,12,15.142857142857142,0.09375000000000011,intermittent
18_51_8203,17,1.041237113402062,0.569966735357969,erratic
18_51_8452,1,3.342857142857143,0.34640645524488634,intermittent
18_51_8535,15,1.6612903225806452,1.7938497078959519,lumpy
18_51_8818,36,20.5,0.665,lumpy
18_51_8895,40,1.95,1.2857142857142858,lumpy
18_51_9340,55,2.52,1.040187376725838,lumpy
18_51_9837,39,1.5192307692307692,2.3973539467816263,lumpy
18_51_10125,0,2.107142857142857,0.8532001330075614,lumpy
18_51_10586,70,1.263157894736842,0.5520291363163374,erratic
18_51_10782,64,3.857142857142857,0.29719338715878524,intermittent
18_51_10918,17,1.8363636363636364,2.5952206578437953,lumpy
18_51_10950,30,3.142857142857143,0.9682840236686386,lumpy
18_51_11199,68,1.25,1.0580375625729233,erratic
18_51_11263,94,1.3333333333333333,0.5038265306122448,lumpy
18_51_11331,13,2.5,0.5811984851860099,lumpy
18_51_11616,3,14.375,0.2222222222222222,intermittent
18_51_11757,6,1.4177215189873418,0.5212379442462676,lumpy
18_51_11817,81,1.2758620689655173,0.40954424946345164,smooth
18_51_12840,39,1.7555555555555555,0.9539802316930598,lumpy
18_51_12859,72,11.5,0.30666666666666664,intermittent
18_51_12905,68,6.25,0.8116109188773548,lumpy
18_51_13451,73,2.0454545454545454,0.5861728395061728,lumpy
18_51_13565,36,3.28,1.087442472057857,lumpy
18_51_13906,17,1.1477272727272727,0.4104993865350983,smooth
18_51_13987,20,49.0,0.0,intermittent
18_51_14044,41,3.2083333333333335,2.498992079490801,lumpy
18_51_14170,74,3.3846153846153846,0.5165739533680304,lumpy
18_51_14172,17,1.063157894736842,0.5301160023795358,erratic
18_65_65,37,1.6875,0.8935959442922907,lumpy
18_65_104,88,1.3043478260869565,1.79154429342258,erratic
18_65_249,38,1.2698412698412698,0.4255728248678097,smooth
18_65_364,64,1.2,1.6388888888888888,erratic
18_65_378,23,2.111111111111111,1.4302662241367132,lumpy
18_65_551,1,1.3146067415730338,0.647091812209582,erratic
18_65_628,49,1.3018867924528301,0.8421963933761905,erratic
18_65_680,2,1.681159420289855,0.35306811784574976,intermittent
18_65_823,0,1.0535714285714286,1.0488749019686698,erratic
18_65_841,61,3.5625,0.5308641975308642,lumpy
18_65_1264,21,97.0,0.0,intermittent
18_65_1318,73,2.5,0.39120095124851356,intermittent
18_65_1326,1,3.65625,0.24,intermittent
18_65_1378,103,1.3636363636363635,0.2560553633217994,intermittent
18_65_1565,54,4.266666666666667,4.280037904780578,lumpy
18_65_1641,18,1.2195121951219512,1.320624500273535,erratic
18_65_1707,67,3.0,0.19501133786848066,intermittent
18_65_1802,8,2.391304347826087,0.864672188057925,lumpy
18_65_1870,1,2.5434782608695654,1.4160917970084004,lumpy
18_65_1887,54,4.571428571428571,3.8531873915447825,lumpy
18_65_1966,0,4.538461538461538,2.9088689666213083,lumpy
18_65_2142,33,4.0476190476190474,0.3733650416171225,intermittent
18_65_2176,37,40.5,0.0,intermittent
18_65_2185,104,3.5,0.3333333333333333,intermittent
18_65_2253,68,50.0,0.0,intermittent
18_65_2339,92,1.8571428571428572,0.1899999999999999,intermittent
18_65_2340,81,1.608695652173913,1.4936224489795915,lumpy
18_65_2478,60,1.4871794871794872,3.7600009561714893,lumpy
18_65_2686,0,1.4390243902439024,0.6482783486569315,lumpy
18_65_2735,21,4.217391304347826,0.16796875,intermittent
18_65_2745,0,10.727272727272727,0.10650887573964475,intermittent
18_65_2954,22,2.1333333333333333,0.7718604703398395,lumpy
18_65_3110,28,2.25,1.3452722570588442,lumpy
18_65_3192,87,15.5,0.0,intermittent
18_65_3193,10,1.125,2.528202290404864,erratic
18_65_3220,72,46.0,0.0,intermittent
18_65_3356,32,3.5833333333333335,1.3419156292346854,lumpy
18_65_3443,0,1.0,0.4123494773821479,smooth
18_65_3465,14,4.521739130434782,0.30897890133741884,intermittent
18_65_3492,24,47.0,0.1111111111111111,intermittent
18_65_3524,0,5.130434782608695,0.7210884353741499,lumpy
18_65_3525,49,1.6829268292682926,0.8267822265624999,lumpy
18_65_3773,20,19.6,0.11111111111111122,intermittent
18_65_3867,42,3.4545454545454546,0.2956573468173708,intermittent
18_65_3876,79,2.4375,0.19727891156462585,intermittent
18_65_4006,73,11.25,0.0,intermittent
18_65_4019,80,6.333333333333333,0.5457063711911359,lumpy
18_65_4086,37,20.25,0.12,intermittent
18_65_4097,14,4.521739130434782,0.48790123456790135,intermittent
18_65_4108,28,4.7368421052631575,0.09917355371900814,intermittent
18_65_4111,66,1.2093023255813953,1.6111701368076485,erratic
18_65_4148,104,1.2727272727272727,0.18402777777777804,smooth
18_65_4168,62,2.8,1.2229718333614437,lumpy
18_65_4211,18,1.7857142857142858,4.807677469135801,lumpy
18_65_4333,105,4.333333333333333,0.0,intermittent
18_65_4407,35,10.375,0.0,intermittent
18_65_4502,8,1.1827956989247312,2.656765713610586,erratic
18_65_4514,72,9.2,0.27218934911242587,intermittent
18_65_4682,0,1.4216867469879517,0.9394396811979226,lumpy
18_65_4684,75,7.166666666666667,0.10204081632653039,intermittent
18_65_4849,0,1.145631067961165,0.6486175831923712,erratic
18_65_4928,0,1.102803738317757,0.6517464082951702,erratic
18_65_4946,4,1.7272727272727273,0.4507843953908097,intermittent
18_65_4978,20,98.0,0.0,intermittent
18_65_4996,14,8.666666666666666,0.2266666666666667,intermittent
18_65_5066,101,17.0,0.0,intermittent
18_65_5124,8,2.156862745098039,3.1560159478305776,lumpy
18_65_5180,83,17.5,0.1111111111111111,intermittent
18_65_5183,40,2.0526315789473686,3.5835861365405797,lumpy
18_65_5268,0,1.0,0.31682929687500017,smooth
18_65_5283,21,1.7636363636363637,1.1430069176156874,lumpy
18_65_5316,1,3.0,0.29932851239669417,intermittent
18_65_5455,0,2.0344827586206895,1.3676458210588334,lumpy
18_65_5508,0,5.363636363636363,3.388329127447549,lumpy
18_65_5584,38,1.6666666666666667,0.3349584487534626,intermittent
18_65_5595,104,1.0,0.8138711818053852,erratic
18_65_5707,0,2.4081632653061225,0.6044967556963938,lumpy
18_65_5745,47,11.833333333333334,0.1860207100591717,intermittent
18_65_5765,87,10.333333333333334,0.0,intermittent
18_65_5769,82,9.0,0.4186851211072664,intermittent
18_65_5803,67,4.636363636363637,1.501453287197232,lumpy
18_65_5875,38,2.4242424242424243,2.006025519848771,lumpy
18_65_5884,0,4.916666666666667,1.2554607594390816,lumpy
18_65_5893,11,1.2891566265060241,1.3290880484820229,erratic
18_65_5894,70,1.7142857142857142,3.4141065566871474,lumpy
18_65_6028,5,18.833333333333332,0.1999999999999999,intermittent
18_65_6060,8,6.111111111111111,0.1836734693877549,intermittent
18_65_6096,66,1.0,1.3243361826027085,erratic
18_65_6210,34,3.8181818181818183,1.7869888619108183,lumpy
18_65_6225,62,18.666666666666668,0.0,intermittent
18_65_6380,37,6.75,0.9352082591669632,lumpy
18_65_6454,0,1.4216867469879517,0.3505917159763313,intermittent
18_65_6692,3,28.75,0.1111111111111111,intermittent
18_65_6762,3,1.4935064935064934,0.28784665360143896,intermittent
18_65_6815,0,1.0172413793103448,0.7761515216263241,erratic
18_65_6920,16,12.75,0.766901027582477,lumpy
18_65_7015,81,12.333333333333334,0.07999999999999986,intermittent
18_65_7114,0,1.2040816326530612,12.802942824746838,erratic
18_65_7147,28,3.75,4.869218008564485,lumpy
18_65_7215,74,1.3333333333333333,0.5872715816005043,lumpy
18_65_7378,87,1.1923076923076923,2.852509103383707,erratic
18_65_7403,21,3.2333333333333334,1.340344387025419,lumpy
18_65_7485,37,1.265625,2.946488896896536,erratic
18_65_7508,5,5.947368421052632,0.3933333333333333,intermittent
18_65_7605,37,81.0,0.0,intermittent
18_65_7856,30,29.333333333333332,0.0,intermittent
18_65_7892,41,5.133333333333334,1.2334522393975427,lumpy
18_65_7898,102,2.0,0.1342155009451796,intermittent
18_65_7905,68,1.7857142857142858,3.0055555555555555,lumpy
18_65_7954,0,2.0344827586206895,0.4482758620689655,intermittent
18_65_7997,54,8.0,0.9171597633136095,lumpy
18_65_8060,0,1.0172413793103448,0.3556189083560003,smooth
18_65_8104,103,1.1538461538461537,5.126826033916862,erratic
18_65_8203,0,1.0535714285714286,0.24331744182586773,smooth
18_65_8282,79,3.5454545454545454,0.6846846846846844,lumpy
18_65_8443,70,2.4,0.8044444444444444,lumpy
18_65_8452,0,1.4390243902439024,0.7320601851851852,lumpy
18_65_8635,5,4.346153846153846,0.10926118626430799,intermittent
18_65_8685,1,1.828125,0.3419848371012909,intermittent
18_65_8786,27,9.1,0.0,intermittent
18_65_8823,8,12.222222222222221,0.2500000000000001,intermittent
18_65_8852,69,1.0,1.6226262844780968,erratic
18_65_8977,16,25.5,0.0,intermittent
18_65_9202,50,1.1929824561403508,0.28283937223646166,smooth
18_65_9452,66,3.25,0.256198347107438,intermittent
18_65_9510,54,6.4,1.5106250849036467,lumpy
18_65_9545,36,9.11111111111111,0.07999999999999981,intermittent
18_65_9701,0,1.2421052631578948,0.5915712799167534,erratic
18_65_9725,5,14.125,0.256198347107438,intermittent
18_65_9837,0,1.4390243902439024,1.4906648199445987,lumpy
18_65_10017,37,40.5,0.25,intermittent
18_65_10125,0,1.0825688073394495,1.9724512598407058,erratic
18_65_10168,81,2.3125,0.7893877551020408,lumpy
18_65_10252,3,23.0,0.11111111111111122,intermittent
18_65_10320,1,39.0,0.0,intermittent
18_65_10510,58,1.7647058823529411,0.4351961950059454,intermittent
18_65_10554,0,1.4216867469879517,2.2551509549602073,lumpy
18_65_10558,42,76.0,0.0,intermittent
18_65_10586,29,1.5344827586206897,1.598435862805328,lumpy
18_65_10671,101,1.8888888888888888,0.12500000000000006,intermittent
18_65_10678,71,1.7407407407407407,2.9831426325443275,lumpy
18_65_10782,15,4.904761904761905,2.8260007927070943,lumpy
18_65_10918,16,1.108695652173913,1.2356701409556614,erratic
18_65_11066,2,1.8709677419354838,0.46282865763385245,intermittent
18_65_11159,0,1.372093023255814,0.8916576699642338,lumpy
18_65_11199,39,1.58,1.7056647026885718,lumpy
18_65_11263,64,1.08,3.9851190476190483,erratic
18_65_11264,15,3.814814814814815,0.14750000000000024,intermittent
18_65_11331,20,1.5076923076923077,0.7986727625030078,lumpy
18_65_11428,104,7.0,0.0,intermittent
18_65_11454,1,5.85,0.6558941212680823,lumpy
18_65_11610,9,2.477272727272727,0.28402762307863666,intermittent
18_65_11616,0,3.1052631578947367,1.4143813775510206,lumpy
18_65_11694,74,14.666666666666666,0.0,intermittent
18_65_11784,52,2.2758620689655173,1.3311120366513949,lumpy
18_65_11817,78,1.2903225806451613,1.997752660453434,erratic
18_65_11944,104,1.2727272727272727,0.11718750000000003,smooth
18_65_11960,0,39.333333333333336,0.0,intermittent
18_65_12020,101,17.0,0.0,intermittent
18_65_12055,0,1.7611940298507462,3.285259235944835,lumpy
18_65_12132,68,2.1739130434782608,1.0462899103411902,lumpy
18_65_12186,36,41.0,0.0,intermittent
18_65_12223,3,3.8333333333333335,0.11328124999999994,intermittent
18_65_12420,8,18.333333333333332,0.0,intermittent
18_65_12504,37,81.0,0.0,intermittent
18_65_12558,76,1.68,0.9691241335853816,lumpy
18_65_12577,8,1.9642857142857142,0.23503465658475103,intermittent
18_65_12705,63,6.111111111111111,2.05191995673337,lumpy
18_65_12840,0,1.3563218390804597,3.903406531352905,lumpy
18_65_12859,73,15.0,0.463667820069204,intermittent
18_65_12880,73,2.3684210526315788,0.8833282318130803,lumpy
18_65_12980,83,17.5,0.36,intermittent
18_65_13068,20,1.7818181818181817,5.769073142644246,lumpy
18_65_13240,0,5.130434782608695,0.18285714285714286,intermittent
18_65_13335,14,34.666666666666664,0.07999999999999986,intermittent
18_65_13405,23,11.875,0.256198347107438,intermittent
18_65_13414,56,2.2142857142857144,0.9623140495867769,lumpy
18_65_13451,54,2.6666666666666665,1.4016608996539792,lumpy
18_65_13457,0,4.068965517241379,0.1038062283737026,intermittent
18_65_13475,5,3.138888888888889,0.18750000000000008,intermittent
18_65_13565,2,2.0,1.3178524689584723,lumpy
18_65_13673,69,16.333333333333332,0.12500000000000006,intermittent
18_65_13783,72,1.9166666666666667,0.2992266508030934,intermittent
18_65_13810,8,2.4444444444444446,0.9594530321046373,lumpy
18_65_13847,0,9.833333333333334,0.10204081632653039,intermittent
18_65_13906,0,1.0172413793103448,0.4713549746241502,smooth
18_65_13948,0,2.4081632653061225,0.7547784078975005,lumpy
18_65_13987,18,1.6666666666666667,1.5552842839955252,lumpy
18_65_13990,0,59.0,0.0,intermittent
18_65_14044,34,1.0120481927710843,2.200932463615103,erratic
18_65_14123,14,1.1063829787234043,1.9523212819380962,erratic
18_65_14269,37,81.0,0.0,intermittent
18_65_14301,42,2.923076923076923,2.2417678399860255,lumpy
18_72_862,105,1.0,0.17763300173010377,smooth
18_72_10762,105,1.0,0.16528934559221165,smooth
18_94_53,48,10.0,0.09375000000000011,intermittent
18_94_65,44,5.6923076923076925,0.12345679012345685,intermittent
18_94_104,103,15.0,0.0,intermittent
18_94_249,66,2.6,0.09640831758034041,intermittent
18_94_364,74,44.0,0.0,intermittent
18_94_551,68,10.0,0.12244897959183697,intermittent
18_94_628,73,45.0,0.0,intermittent
18_94_823,69,12.25,0.0,intermittent
18_94_1641,36,1.9523809523809523,0.28339643050297475,intermittent
18_94_1990,37,10.125,0.08641975308641975,intermittent
18_94_2142,74,22.0,0.0,intermittent
18_94_2262,48,23.333333333333332,0.0,intermittent
18_94_2340,79,39.0,0.0,intermittent
18_94_2478,65,5.3,0.5624999999999997,lumpy
18_94_2862,34,28.0,0.0,intermittent
18_94_2954,40,19.5,0.0,intermittent
18_94_3110,33,85.0,0.0,intermittent
18_94_3193,37,2.7,0.505078485687904,lumpy
18_94_3643,44,14.8,0.0,intermittent
18_94_4097,68,50.0,0.0,intermittent
18_94_4211,37,3.0,0.2857142857142857,intermittent
18_94_4502,55,10.5,0.10204081632653039,intermittent
18_94_4517,55,31.5,0.0,intermittent
18_94_4682,32,9.555555555555555,0.07999999999999981,intermittent
18_94_4928,52,2.75,3.620498614958449,lumpy
18_94_5268,63,1.1702127659574468,2.6008887700892114,erratic
18_94_5283,52,9.428571428571429,0.29629629629629606,intermittent
18_94_5893,42,4.75,0.256198347107438,intermittent
18_94_5894,75,21.5,0.1111111111111111,intermittent
18_94_6096,79,5.571428571428571,0.09375000000000011,intermittent
18_94_6210,66,52.0,0.0,intermittent
18_94_6380,96,11.0,0.0,intermittent
18_94_6815,36,4.823529411764706,0.30769230769230765,intermittent
18_94_7114,38,5.714285714285714,0.0,intermittent
18_94_7147,52,22.0,0.0,intermittent
18_94_7254,38,2.857142857142857,1.7759167043911268,lumpy
18_94_7403,36,20.5,0.0,intermittent
18_94_7485,72,3.5384615384615383,0.21453287197231838,intermittent
18_94_7538,57,4.066666666666666,0.1937716262975781,intermittent
18_94_7892,54,32.0,0.0,intermittent
18_94_8060,34,1.7142857142857142,0.3601683627257711,intermittent
18_94_8203,32,10.75,0.5510204081632653,lumpy
18_94_8452,64,54.0,0.0,intermittent
18_94_8535,32,5.375,0.2777777777777778,intermittent
18_94_8852,72,15.333333333333334,0.0,intermittent
18_94_8895,64,7.714285714285714,0.09375000000000011,intermittent
18_94_9202,79,9.75,0.0,intermittent
18_94_9340,72,23.0,0.0,intermittent
18_94_9701,75,6.142857142857143,1.4849999999999999,lumpy
18_94_9837,37,5.0625,0.19008264462809918,intermittent
18_94_10125,33,10.625,0.12,intermittent
18_94_10586,47,23.666666666666668,0.0,intermittent
18_94_10678,92,13.0,0.0,intermittent
18_94_10782,82,2.4,0.275,intermittent
18_94_10918,32,2.2051282051282053,1.2329931972789119,lumpy
18_94_10950,34,7.636363636363637,0.22222222222222246,intermittent
18_94_11199,40,7.8,0.22448979591836746,intermittent
18_94_11757,31,1.5818181818181818,0.32211538461538475,intermittent
18_94_11817,100,6.0,0.0,intermittent
18_94_12055,38,10.0,0.12,intermittent
18_94_12421,51,4.785714285714286,0.09375000000000011,intermittent
18_94_12705,67,51.0,0.0,intermittent
18_94_12768,80,1.2666666666666666,0.259765625,smooth
18_94_12859,74,44.0,0.0,intermittent
18_94_13068,44,24.666666666666668,0.07999999999999986,intermittent
18_94_13296,36,3.5652173913043477,0.1673525377229079,intermittent
18_94_13565,33,17.0,0.0,intermittent
18_94_13775,33,21.25,0.1111111111111111,intermittent
18_94_13906,39,5.266666666666667,2.623999999999999,lumpy
18_94_13987,41,1.7906976744186047,0.940972222222222,lumpy
18_94_14123,39,26.333333333333332,0.07999999999999986,intermittent
18_94_14170,73,9.0,0.12244897959183697,intermittent
18_94_14301,58,60.0,0.0,intermittent
18_177_53,0,1.0085470085470085,1.5192997924427991,erratic
18_177_65,35,1.0,0.9573876477415136,erratic
18_177_104,88,1.0,0.8250427853996578,erratic
18_177_249,37,1.0253164556962024,0.18464503630936763,smooth
18_177_302,79,39.0,0.0,intermittent
18_177_364,66,1.0,0.20922232883311512,smooth
18_177_378,23,1.1728395061728396,0.5679904875148633,erratic
18_177_467,3,1.3218390804597702,0.5211574074074071,erratic
18_177_628,49,1.1129032258064515,0.7621328547102741,erratic
18_177_669,42,5.066666666666666,0.4803804994054697,intermittent
18_177_691,52,5.076923076923077,0.2041587901701324,intermittent
18_177_823,0,1.0085470085470085,0.30023494105010834,smooth
18_177_1044,51,4.785714285714286,0.2356438162438409,intermittent
18_177_1255,79,7.8,0.446280991735537,intermittent
18_177_1378,37,4.05,0.8411718945716805,lumpy
18_177_1503,80,12.666666666666666,0.2857142857142855,intermittent
18_177_1565,54,4.266666666666667,0.18868723960172307,intermittent
18_177_1641,17,1.3116883116883118,0.9284656802438259,erratic
18_177_1712,37,40.5,0.1111111111111111,intermittent
18_177_1802,7,2.522727272727273,0.39110559431264214,intermittent
18_177_1870,0,1.1919191919191918,0.7312731910946194,erratic
18_177_1966,0,4.37037037037037,1.728725970685079,lumpy
18_177_1990,12,1.8596491228070176,1.5020271381578942,lumpy
18_177_2142,32,1.6538461538461537,0.6379439827639275,lumpy
18_177_2339,46,1.8,0.7387064880649804,lumpy
18_177_2340,72,1.0,0.7548508825928761,erratic
18_177_2638,25,93.0,0.0,intermittent
18_177_2862,25,1.690909090909091,2.2438365558056677,lumpy
18_177_2929,93,1.0,0.2540755947349355,smooth
18_177_2954,23,1.8627450980392157,0.6410573564532817,lumpy
18_177_2975,57,1.967741935483871,0.6618324706476452,lumpy
18_177_3110,15,1.7758620689655173,0.9729239325101326,lumpy
18_177_3176,47,1.0,0.3812323943661971,smooth
18_177_3193,17,1.030612244897959,0.6605936050751889,erratic
18_177_3269,37,1.0125,0.7738921883174392,erratic
18_177_3377,75,1.4333333333333333,0.2796765755053507,intermittent
18_177_3415,92,1.0,0.43327883684385976,smooth
18_177_3443,0,1.0,0.2445813604983149,smooth
18_177_3465,15,3.9615384615384617,0.6045787477691851,lumpy
18_177_3525,48,1.09375,0.8939817889324142,erratic
18_177_3566,56,1.441860465116279,1.1499838157250932,lumpy
18_177_3643,0,1.4567901234567902,1.2383015103167476,lumpy
18_177_4111,66,2.1666666666666665,0.5366371439006574,lumpy
18_177_4148,47,1.0,2.8140074514380804,erratic
18_177_4168,62,1.3333333333333333,0.6560512640898049,lumpy
18_177_4211,17,1.3466666666666667,1.2385339890445672,lumpy
18_177_4404,0,1.2040816326530612,0.31337205428462045,smooth
18_177_4502,6,1.037037037037037,0.8759520324243778,erratic
18_177_4514,67,3.4,0.6900539768488408,lumpy
18_177_4517,41,1.2419354838709677,1.750508487605489,erratic
18_177_4658,2,1.8125,0.7922419460881,lumpy
18_177_4697,67,6.375,1.0136054421768708,lumpy
18_177_4899,94,1.263157894736842,0.2194436862171897,smooth
18_177_4928,0,1.0,0.3613025666296748,smooth
18_177_5124,5,1.7121212121212122,2.1696333755880066,lumpy
18_177_5183,39,1.5490196078431373,0.6596273913608033,lumpy
18_177_5268,0,1.0,0.2587298196148802,smooth
18_177_5283,21,1.0543478260869565,0.7541085862078863,erratic
18_177_5555,8,2.2,1.271103159846635,lumpy
18_177_5595,104,1.0,0.14624403886837098,smooth
18_177_5708,72,1.0,0.21981541473612606,smooth
18_177_5769,81,3.0833333333333335,0.6572362070245785,lumpy
18_177_5803,67,3.1875,0.5576373345292299,lumpy
18_177_5875,39,1.5490196078431373,1.0727678318809422,lumpy
18_177_5884,0,4.214285714285714,2.0980180323080466,lumpy
18_177_5893,12,1.0392156862745099,2.2991569240682423,erratic
18_177_5894,70,1.1162790697674418,0.4437289795108529,smooth
18_177_6085,80,2.235294117647059,0.390432098765432,intermittent
18_177_6096,66,1.0,0.3015248509580395,smooth
18_177_6210,19,1.8333333333333333,1.5381552258369586,lumpy
18_177_6380,37,1.2857142857142858,1.4793555897902737,erratic
18_177_6452,0,1.3258426966292134,0.6932843457835856,erratic
18_177_6456,54,2.909090909090909,0.5440557410364346,lumpy
18_177_6847,79,1.5,0.6024489795918365,lumpy
18_177_6866,57,5.083333333333333,0.7107913319905843,lumpy
18_177_6876,70,3.0,0.8549127640036731,lumpy
18_177_7114,0,1.0,0.790401014072424,erratic
18_177_7147,27,2.275,1.0598615916955016,lumpy
18_177_7254,1,1.0,0.35774698904953267,smooth
18_177_7378,86,1.1428571428571428,0.22559714329261651,smooth
18_177_7403,12,2.12,1.3460675244827485,lumpy
18_177_7485,36,1.1232876712328768,0.8954532767516474,erratic
18_177_7538,43,1.0135135135135136,0.3511789747689074,smooth
18_177_7892,40,3.0,0.6569929382205328,lumpy
18_177_7898,102,1.0666666666666667,0.7997413646899201,erratic
18_177_7905,68,1.0416666666666667,0.8896242252066119,erratic
18_177_7997,60,7.25,0.30612244897959184,intermittent
18_177_8104,76,1.0,0.3382505945303211,smooth
18_177_8105,0,2.95,3.8461599832672433,lumpy
18_177_8203,0,1.0350877192982457,0.33171809210430836,smooth
18_177_8443,69,1.0,0.40005006887146727,smooth
18_177_8452,0,1.0925925925925926,0.7517563316500614,erratic
18_177_8500,68,50.0,0.0,intermittent
18_177_8535,0,1.0,0.8131580563279193,erratic
18_177_8764,92,1.0,0.7885035527815384,erratic
18_177_8818,6,1.4,1.4649001609645105,lumpy
18_177_8852,69,1.065217391304348,0.16823396776331678,smooth
18_177_8895,0,1.0535714285714286,2.7777467687353776,erratic
18_177_9191,79,19.5,0.0,intermittent
18_177_9202,49,1.2545454545454546,0.5972382971062185,erratic
18_177_9340,0,1.0535714285714286,0.5088405178112579,erratic
18_177_9681,79,39.0,0.0,intermittent
18_177_9701,2,1.16,0.41606406888357106,smooth
18_177_10086,40,78.0,0.0,intermittent
18_177_10125,0,1.0172413793103448,3.099314433797901,erratic
18_177_10168,75,1.162162162162162,0.8352502275796251,erratic
18_177_10224,0,1.2967032967032968,0.6379129656196902,erratic
18_177_10404,36,3.727272727272727,0.5041858477555698,lumpy
18_177_10510,7,1.099009900990099,0.9602036029273784,erratic
18_177_10554,0,1.4216867469879517,0.9430570873974421,lumpy
18_177_10586,23,1.043956043956044,0.886190395233012,erratic
18_177_10678,71,1.205128205128205,0.8010460217806148,erratic
18_177_10782,14,1.1063829787234043,0.5247904288533558,erratic
18_177_10918,16,1.0515463917525774,0.8967362237107409,erratic
18_177_10950,2,1.3333333333333333,0.4332267575283746,intermittent
18_177_11159,0,1.2040816326530612,0.551095846780917,erratic
18_177_11199,16,1.2592592592592593,2.821853520686068,erratic
18_177_11331,3,1.0648148148148149,0.418461164887805,smooth
18_177_11454,0,4.72,0.9433374163978169,lumpy
18_177_11616,0,2.1454545454545455,0.8093541100699,lumpy
18_177_11757,0,1.0,0.4040702678667358,smooth
18_177_11784,68,1.4285714285714286,0.6102655476447282,lumpy
18_177_11787,94,1.0,0.1832876818023997,smooth
18_177_11817,76,1.0,0.31317685950413227,smooth
18_177_11850,54,6.4,0.4062499999999998,intermittent
18_177_11944,92,1.0833333333333333,0.3760330578512398,smooth
18_177_12132,68,1.3888888888888888,0.506321721816097,lumpy
18_177_12608,32,2.8666666666666667,2.9026716460787125,lumpy
18_177_12690,49,1.9166666666666667,0.9480387523032248,lumpy
18_177_12705,12,1.4722222222222223,3.3489377102879696,lumpy
18_177_12840,0,1.1132075471698113,3.026729842958404,erratic
18_177_12859,47,1.775,2.742847115193872,lumpy
18_177_12880,40,1.1470588235294117,1.3589628094830566,erratic
18_177_12905,50,1.1333333333333333,1.0158246356237233,erratic
18_177_13068,0,1.3258426966292134,1.1137556059460822,erratic
18_177_13115,94,1.1428571428571428,0.457975366179962,smooth
18_177_13123,21,13.857142857142858,0.25781250000000006,intermittent
18_177_13414,62,1.1914893617021276,0.7224821030521261,erratic
18_177_13525,48,3.1818181818181817,0.5078728739828382,lumpy
18_177_13565,2,1.4683544303797469,0.6571817135683649,lumpy
18_177_13570,17,2.4047619047619047,3.18843302026693,lumpy
18_177_13775,0,3.6875,0.33650416171224734,intermittent
18_177_13872,52,5.076923076923077,0.9338842975206612,lumpy
18_177_13906,0,1.0,0.6885439949569221,erratic
18_177_13987,17,1.160919540229885,0.7247118662838874,erratic
18_177_14044,31,1.0875,1.2385807310812453,erratic
18_177_14123,15,1.2409638554216869,0.5916046137785128,erratic
18_177_14170,46,1.0140845070422535,0.5257022185529867,erratic
18_177_14172,0,1.0,0.5519008814685528,erratic
18_177_14301,42,1.6888888888888889,1.3389106443574226,lumpy
18_336_467,27,1.75,0.4414231066387772,intermittent
18_336_3443,7,5.842105263157895,0.1297743055555556,intermittent
18_336_5268,26,1.1948051948051948,1.662420669781036,erratic
18_336_6947,28,1.0843373493975903,0.4723278056366218,smooth
18_336_7254,50,1.096774193548387,0.4177176852352622,smooth
18_336_7909,0,2.36,0.4157747217623626,intermittent
18_336_9632,28,1.0843373493975903,0.3411744034914336,smooth
18_336_11389,7,1.1326530612244898,0.4533163094965897,smooth
18_336_13992,8,1.8644067796610169,0.9421923124855349,lumpy
18_336_14268,8,1.1111111111111112,0.5792000789964161,erratic
19_73_497,90,5.6,0.0,intermittent
19_145_1624,88,30.0,0.0,intermittent
19_145_3062,83,17.5,0.1111111111111111,intermittent
19_145_3222,63,4.230769230769231,0.09777777777777796,intermittent
19_145_3434,27,1.338235294117647,0.3798504805980774,intermittent
19_145_4167,66,5.777777777777778,0.11570247933884288,intermittent
19_145_4909,101,8.5,0.1111111111111111,intermittent
19_145_6204,85,11.0,0.0,intermittent
19_145_6250,31,2.175,0.24260355029585792,intermittent
19_145_8866,81,2.642857142857143,0.40264650283553893,intermittent
19_145_11368,105,13.0,0.0,intermittent
19_145_12195,61,4.384615384615385,0.0,intermittent
19_145_13325,88,10.0,0.0,intermittent
19_145_13426,82,5.142857142857143,0.09375000000000011,intermittent
19_145_13502,97,1.5,0.2857142857142858,intermittent
19_145_14103,82,1.8,0.4062499999999998,intermittent
19_175_5898,74,11.0,0.0,intermittent
19_254_2555,79,4.875,0.08641975308641975,intermittent
19_254_3349,102,3.2,0.0,intermittent
19_254_6724,92,6.5,0.0,intermittent
20_108_4850,99,19.0,0.0,intermittent
20_108_6251,91,27.0,0.0,intermittent
20_108_7187,51,67.0,0.0,intermittent
20_108_9669,80,38.0,0.0,intermittent
20_108_12941,96,22.0,0.0,intermittent
20_108_14196,74,14.666666666666666,0.0,intermittent
20_169_789,93,25.0,0.0,intermittent
20_169_2242,1,39.0,0.5,lumpy
20_169_2292,64,27.0,0.0,intermittent
20_169_5839,22,32.0,0.16666666666666674,intermittent
20_169_6757,46,14.4,0.11111111111111122,intermittent
20_169_7440,3,57.5,0.0,intermittent
20_169_9652,38,20.0,0.12,intermittent
20_169_10429,5,56.5,0.1111111111111111,intermittent
20_169_10934,5,18.833333333333332,0.7999999999999998,lumpy
20_169_10984,5,113.0,0.0,intermittent
20_169_11536,64,54.0,0.0,intermittent
20_169_11670,57,30.5,0.0,intermittent
20_169_13326,62,56.0,0.0,intermittent
20_221_1913,83,17.5,0.0,intermittent
20_221_4594,75,21.5,0.0,intermittent
20_221_5714,27,91.0,0.0,intermittent
20_221_9686,46,72.0,0.0,intermittent
20_221_10563,65,17.666666666666668,0.0,intermittent
20_221_10835,46,72.0,0.0,intermittent
20_221_11452,77,41.0,0.0,intermittent
20_221_12575,101,17.0,0.0,intermittent
20_221_13848,45,73.0,0.0,intermittent
21_0_2220,0,1.2553191489361701,0.5183203125,erratic
21_0_3174,102,2.6666666666666665,0.43999999999999984,intermittent
21_0_5945,103,1.875,0.3877551020408163,intermittent
21_0_10052,102,1.0,0.11357340720221606,smooth
21_0_10921,102,1.0,0.195,smooth
21_91_2220,8,1.3414634146341464,0.3387099645712049,intermittent
21_91_9462,72,1.0,0.09437299750800993,smooth
21_91_9866,0,1.102803738317757,0.32548966418395875,smooth
21_101_2220,0,1.1132075471698113,0.7438428412444958,erratic
21_101_3174,102,3.2,0.12244897959183697,intermittent
21_101_4445,0,1.0172413793103448,0.41188353829448765,smooth
21_101_5466,0,1.0,0.40188867066278006,smooth
21_101_5945,103,2.5,0.43801652892561993,intermittent
21_101_9032,0,1.0,0.3508807388811682,smooth
21_101_9866,0,1.0,0.4878033147521377,smooth
21_101_10052,102,1.0,0.18389208490378894,smooth
21_101_10902,0,1.0,0.5249010887473896,erratic
21_101_10921,102,1.0,0.22046174739701221,smooth
21_101_12040,0,1.0,0.8844522834742147,erratic
21_113_2220,6,1.12,0.28691074230560965,smooth
21_113_3141,103,1.0,0.35235830602963475,smooth
21_113_4445,3,1.0,0.2348493253893446,smooth
21_113_5466,1,1.5,0.30058280408804905,intermittent
21_113_9462,69,1.0,0.058333445437405367,smooth
21_113_9866,6,1.009009009009009,0.3055640016267311,smooth
21_113_10902,2,1.0841121495327102,0.19288581483851494,smooth
21_113_12040,3,1.0176991150442478,0.29960002410681985,smooth
21_135_10902,5,1.8833333333333333,1.6583308023008476,lumpy
21_136_9866,12,3.533333333333333,5.823763330179883,lumpy
21_187_2220,7,1.0571428571428572,0.3254117927158584,smooth
21_187_3141,105,1.0,0.2764473136193252,smooth
21_187_9462,70,1.0,0.10841422766642442,smooth
21_215_2220,0,1.0,0.5255106028560224,erratic
21_215_3174,102,1.0,0.16551570505680552,smooth
21_215_4445,0,1.0,0.5290218274445102,erratic
21_215_5466,0,1.0,0.24389541843471996,smooth
21_215_5945,102,1.0,0.3163265306122449,smooth
21_215_8697,71,1.0,0.7401330955617296,erratic
21_215_9866,0,1.0,0.4655526321209485,smooth
21_215_10052,102,1.0,0.0343017578125,smooth
21_215_10921,102,1.0,0.031477627471383975,smooth
21_215_12040,0,1.0,0.6938678654055973,erratic
21_258_2220,0,1.372093023255814,0.4502037120869174,intermittent
21_258_3174,104,2.0,0.09375000000000011,intermittent
21_258_4445,0,1.063063063063063,0.636064985806294,erratic
21_258_5466,0,1.0,0.23381878130572328,smooth
21_258_10052,102,1.0666666666666667,0.4039999999999998,smooth
21_258_10921,102,1.0,0.38,smooth
21_299_2220,0,1.0350877192982457,0.5770262514613669,erratic
21_299_3174,102,1.0666666666666667,0.10110803324099726,smooth
21_299_5945,102,1.1428571428571428,0.205785667324129,smooth
21_299_9866,0,1.0,0.5167605620061436,erratic
21_299_10052,102,1.0,0.07454056132256824,smooth
21_299_10921,102,1.0,0.12791430371770637,smooth
21_317_2220,66,1.3,0.2586666666666666,smooth
21_317_4445,63,1.0,0.3949826989619379,smooth
21_317_5466,63,1.0,0.30226580034722716,smooth
21_317_9032,63,1.0377358490566038,0.3542606081627933,smooth
21_317_9462,69,1.0,0.17162570984315864,smooth
21_317_10902,63,1.0185185185185186,0.11779035214979755,smooth
21_317_12040,63,1.0,0.3534407071393493,smooth
22_80_188,75,1.048780487804878,0.3354936453160508,smooth
22_80_929,66,1.1063829787234043,0.3499622071050642,smooth
22_80_968,25,1.021978021978022,0.2934439204348481,smooth
22_80_1985,20,1.0208333333333333,0.23295038505239213,smooth
22_80_3780,21,1.1411764705882352,0.379376219107563,smooth
22_80_3914,58,1.0,0.2912462011199793,smooth
22_80_3948,58,1.0344827586206897,0.3627499744923987,smooth
22_80_4567,66,1.1063829787234043,0.2663888888888887,smooth
22_80_4590,20,1.180722891566265,0.6542209287332611,erratic
22_80_4875,20,1.065217391304348,0.48019577323149737,smooth
22_80_6181,20,1.053763440860215,0.4928803957864273,smooth
22_80_6995,78,1.0526315789473684,0.31229462458924917,smooth
22_80_7184,63,1.25,0.2956573468173708,smooth
22_80_7942,20,1.0103092783505154,0.44863726089614797,smooth
22_80_8975,58,1.0,0.3830656979345028,smooth
22_80_9500,75,1.0238095238095237,0.3535156250000002,smooth
22_80_9799,59,1.0172413793103448,0.357888529927165,smooth
22_80_10209,24,1.010752688172043,0.2873077373081296,smooth
22_80_10218,65,1.0,0.16124838894507637,smooth
22_80_10722,24,1.0561797752808988,0.9089337758007252,erratic
22_80_10952,76,1.105263157894737,0.3191827018448721,smooth
22_80_11348,65,1.0,0.24035790935487927,smooth
22_80_11379,71,1.0,0.14332327645820434,smooth
22_80_11439,58,1.0169491525423728,0.2886275680132535,smooth
22_80_11500,66,1.04,0.274414839017479,smooth
22_80_12182,84,1.0,0.12773662551440335,smooth
22_80_12446,21,1.2278481012658229,0.4884366914810877,smooth
22_80_12976,25,1.0941176470588236,0.4573759191176468,smooth
22_80_13101,58,1.0,0.12164799682964456,smooth
22_80_13663,65,1.0,0.16225382510502154,smooth
22_80_13849,66,1.0,0.34287365839178885,smooth
22_103_188,73,1.9565217391304348,0.2724568709101726,intermittent
22_103_315,0,1.3563218390804597,0.579895833333333,lumpy
22_103_597,98,2.2222222222222223,0.1938775510204081,intermittent
22_103_929,63,2.1153846153846154,0.24786324786324776,intermittent
22_103_946,100,2.0,0.11570247933884288,intermittent
22_103_968,22,2.0869565217391304,0.31108062795305585,intermittent
22_103_1985,58,1.0,0.3485989534940584,smooth
22_103_3780,14,1.6,0.26038781163434915,intermittent
22_103_3914,49,1.1311475409836065,0.29448895607625786,smooth
22_103_3948,58,1.0526315789473684,0.3097382375220942,smooth
22_103_4567,64,1.542857142857143,0.6683103221564761,lumpy
22_103_4590,28,2.0930232558139537,0.21546666666666667,intermittent
22_103_4875,58,1.1538461538461537,0.6385041551246535,erratic
22_103_4993,47,3.227272727272727,0.24609374999999992,intermittent
22_103_6181,0,1.2421052631578948,0.9564620294769843,erratic
22_103_6995,75,1.6538461538461537,0.3077339102217416,intermittent
22_103_7184,39,6.076923076923077,0.21453287197231838,intermittent
22_103_7282,24,3.357142857142857,0.28669410150891617,intermittent
22_103_7425,98,3.3333333333333335,0.1999999999999999,intermittent
22_103_7942,27,1.7169811320754718,0.5848922902494329,lumpy
22_103_8975,58,1.4634146341463414,0.3424943310657595,intermittent
22_103_9372,60,8.285714285714286,0.06944444444444453,intermittent
22_103_9500,74,1.5714285714285714,0.2840236686390533,intermittent
22_103_9700,98,1.5384615384615385,0.41555555555555584,intermittent
22_103_9799,58,1.935483870967742,0.2276047673971549,intermittent
22_103_10209,19,1.1647058823529413,0.7134088776055437,erratic
22_103_10218,66,1.0612244897959184,0.37912520091652124,smooth
22_103_10376,90,1.2173913043478262,0.23596184035744502,smooth
22_103_10722,23,1.7924528301886793,0.30276643990929714,intermittent
22_103_10952,74,1.5172413793103448,0.38900458142440636,intermittent
22_103_11348,64,1.3846153846153846,0.3707482993197279,intermittent
22_103_11379,72,1.0952380952380953,0.21878881403139,smooth
22_103_11439,60,1.2083333333333333,0.4435851675589926,smooth
22_103_11500,20,6.533333333333333,0.23966942148760345,intermittent
22_103_12182,84,1.0625,0.2173282956368718,smooth
22_103_12446,31,4.833333333333333,0.12287334593572795,intermittent
22_103_12976,5,3.53125,0.2544,intermittent
22_103_13101,48,1.2280701754385965,0.7418889858141804,erratic
22_103_13663,66,1.1555555555555554,0.5559116208466859,erratic
22_103_13841,98,1.6666666666666667,0.3628808864265929,intermittent
22_103_13849,67,1.4166666666666667,0.3921329639889198,intermittent
22_104_188,78,2.6666666666666665,0.3711911357340722,intermittent
22_104_929,70,1.7777777777777777,0.3388429752066116,intermittent
22_104_968,72,3.066666666666667,0.20000000000000004,intermittent
22_104_1985,88,1.3636363636363635,0.5101234567901234,lumpy
22_104_3780,70,3.0,0.08641975308641975,intermittent
22_104_3914,64,1.0,0.15972729486243004,smooth
22_104_3948,64,1.08,0.38139478274980715,smooth
22_104_4567,70,2.0869565217391304,0.3330612244897958,intermittent
22_104_4590,77,4.555555555555555,0.0,intermittent
22_104_4875,90,1.2173913043478262,0.1042524005486967,smooth
22_104_4993,70,3.2,0.054687499999999965,intermittent
22_104_6181,65,1.0,0.23663163460902878,smooth
22_104_6995,79,2.2941176470588234,0.22399999999999967,intermittent
22_104_7184,95,3.8333333333333335,0.24260355029585812,intermittent
22_104_7282,70,3.6923076923076925,0.21874999999999992,intermittent
22_104_7942,65,1.606060606060606,0.26275510204081615,intermittent
22_104_8975,64,1.35,0.23675424589925947,intermittent
22_104_9500,78,1.9047619047619047,0.11834319526627207,intermittent
22_104_9799,64,1.7419354838709677,0.32988165680473347,intermittent
22_104_10209,65,1.0192307692307692,0.21830178474851233,smooth
22_104_10218,70,1.1162790697674418,0.36472424557752375,smooth
22_104_10722,71,2.1363636363636362,0.10650887573964475,intermittent
22_104_10952,77,2.411764705882353,0.11791383219954639,intermittent
22_104_11348,71,1.2702702702702702,0.39242603550295857,smooth
22_104_11379,73,1.125,0.5407495538370019,erratic
22_104_11439,64,1.148936170212766,0.32637117346938804,smooth
22_104_11500,100,3.0,0.12500000000000006,intermittent
22_104_11661,102,1.4545454545454546,0.23469387755102045,intermittent
22_104_12182,102,1.7777777777777777,0.1183431952662723,intermittent
22_104_12446,88,7.5,0.0,intermittent
22_104_12976,73,1.5,0.24260355029585792,intermittent
22_104_13101,64,1.0,0.17734693877551042,smooth
22_104_13663,71,1.6785714285714286,0.36561053755784995,intermittent
22_104_13849,70,1.6551724137931034,0.2440828402366863,intermittent
22_188_1985,88,10.0,0.12500000000000006,intermittent
22_188_3780,98,10.0,0.0,intermittent
22_188_3914,87,1.9375,0.17958412098298676,intermittent
22_188_3948,90,9.333333333333334,0.0,intermittent
22_188_4590,88,15.0,0.0,intermittent
22_188_4875,90,28.0,0.0,intermittent
22_188_6181,92,26.0,0.0,intermittent
22_188_6995,89,14.5,0.0,intermittent
22_188_7184,93,8.333333333333334,0.0,intermittent
22_188_8975,93,6.25,0.0,intermittent
22_188_9500,90,14.0,0.0,intermittent
22_188_10209,96,2.75,0.2781065088757396,intermittent
22_188_10218,100,9.0,0.0,intermittent
22_188_10952,102,16.0,0.0,intermittent
22_188_11379,87,6.2,0.11111111111111122,intermittent
22_188_11439,89,9.666666666666666,0.0,intermittent
22_188_12042,92,26.0,0.0,intermittent
22_188_13101,87,1.9375,0.12,intermittent
22_247_929,66,1.3333333333333333,0.3422291993720562,intermittent
22_247_968,24,1.2702702702702702,0.6603492834207848,erratic
22_247_1985,21,1.1149425287356323,0.2744534867719959,smooth
22_247_3780,22,1.411764705882353,0.35120330983042936,intermittent
22_247_3914,64,1.0,0.24817813561033164,smooth
22_247_3948,65,1.0,0.2567504275179992,smooth
22_247_4567,66,1.368421052631579,0.4711468224981736,intermittent
22_247_4590,21,1.4923076923076923,0.6066977755289445,lumpy
22_247_4875,21,1.1022727272727273,0.3210463733650416,smooth
22_247_6181,22,1.032258064516129,0.6977315708971997,erratic
22_247_6995,77,1.4137931034482758,0.2729766803840878,intermittent
22_247_7184,66,1.7333333333333334,0.20498614958448763,intermittent
22_247_7942,21,1.0,0.7168059317533984,erratic
22_247_8975,65,1.1041666666666667,0.24102269462798032,smooth
22_247_9500,75,1.303030303030303,0.32589285714285704,smooth
22_247_9799,65,1.0816326530612246,0.2987639632493888,smooth
22_247_10209,27,1.0,0.3789969414626657,smooth
22_247_10218,65,1.0392156862745099,0.2263496119448523,smooth
22_247_10722,27,1.4444444444444444,0.9519230769230769,lumpy
22_247_10952,78,1.5384615384615385,0.16711736073553288,intermittent
22_247_11348,68,1.0416666666666667,0.30279595478881627,smooth
22_247_11379,72,1.0,0.20961636554001423,smooth
22_247_11439,65,1.0,0.32293438208616776,smooth
22_247_11500,65,1.0816326530612246,0.3801384083044983,smooth
22_247_12042,21,1.3108108108108107,0.8316912429191737,erratic
22_247_12446,21,1.2763157894736843,0.6234950956561525,erratic
22_247_12976,22,1.170731707317073,0.8212067072071334,erratic
22_247_13101,65,1.0,0.0967003298262164,smooth
22_247_13663,66,1.0612244897959184,0.3310501520264625,smooth
22_247_13849,65,1.0392156862745099,0.6225342058298631,erratic
22_265_188,72,1.0,0.33927720668358813,smooth
22_265_597,97,1.2352941176470589,0.5996344264087862,erratic
22_265_610,88,1.2,0.2904948380206477,smooth
22_265_668,84,2.8333333333333335,1.2062981804562907,lumpy
22_265_929,62,1.0,0.20131673955905402,smooth
22_265_946,97,1.0,0.07135828070506156,smooth
22_265_968,22,1.0,0.2764439758671921,smooth
22_265_977,0,2.744186046511628,1.4201868456226328,lumpy
22_265_987,69,2.130434782608696,0.23660493827160498,intermittent
22_265_1985,0,1.0,0.05489258008013678,smooth
22_265_2875,0,2.269230769230769,0.9855030847277697,lumpy
22_265_3102,70,1.92,0.5191635389053544,lumpy
22_265_3780,0,1.0,0.40426081141790166,smooth
22_265_3914,45,1.0,0.20353654140250688,smooth
22_265_3948,53,1.0,0.2032319060098872,smooth
22_265_4557,88,1.7647058823529411,0.40321402483564667,intermittent
22_265_4567,63,1.0,0.13159199917450826,smooth
22_265_4590,4,1.0,0.9466534412389658,erratic
22_265_4635,0,4.068965517241379,1.283911111111111,lumpy
22_265_4875,0,1.0,0.3194830940944538,smooth
22_265_4931,0,3.933333333333333,1.934848680211461,lumpy
22_265_4993,5,1.0,0.8133573603062626,erratic
22_265_5552,0,1.0350877192982457,0.618121915501098,erratic
22_265_5582,1,8.357142857142858,1.3742148760330581,lumpy
22_265_6059,85,4.714285714285714,0.3621227887617064,intermittent
22_265_6181,0,1.0,0.2868925098751167,smooth
22_265_6573,63,1.4864864864864864,0.3698825204699181,intermittent
22_265_6801,2,4.296296296296297,0.623067776456599,lumpy
22_265_6995,73,1.0,0.4338817831672133,smooth
22_265_7050,0,3.806451612903226,1.1376549586776856,lumpy
22_265_7184,17,1.0,0.1539519668021624,smooth
22_265_7282,5,1.0,0.9443881268095292,erratic
22_265_7425,97,1.3125,0.4633478409702186,smooth
22_265_7713,62,2.4347826086956523,1.0378849192584885,lumpy
22_265_7767,0,3.2777777777777777,1.4627556602979546,lumpy
22_265_7806,0,1.2421052631578948,0.558392323771972,erratic
22_265_7846,1,3.774193548387097,1.2369753086419752,lumpy
22_265_7942,0,1.0,0.7142655358622869,erratic
22_265_8262,2,5.2727272727272725,1.4967631126965253,lumpy
22_265_8975,52,1.0,0.17094978392471066,smooth
22_265_9277,70,2.0,0.9570476707941318,lumpy
22_265_9372,0,1.0,0.44157019790026075,smooth
22_265_9447,0,3.933333333333333,1.5065104166666663,lumpy
22_265_9500,72,1.0,0.2905186671489574,smooth
22_265_9605,85,3.0,0.35045970795024334,intermittent
22_265_9700,97,1.0,0.25241066214495284,smooth
22_265_9799,52,1.0,0.19098396942763515,smooth
22_265_9815,0,5.9,1.2488552207586634,lumpy
22_265_9844,1,4.875,0.8617835909631388,lumpy
22_265_10209,16,1.0,0.18986317453456145,smooth
22_265_10218,62,1.0,0.12376598157150474,smooth
22_265_10376,81,1.0,0.16176916719753467,smooth
22_265_10625,62,1.8064516129032258,0.28099173553718976,intermittent
22_265_10722,22,1.0,0.2859233356179693,smooth
22_265_10883,70,2.0,1.7619633852794905,lumpy
22_265_10935,0,2.8095238095238093,1.8513119533527698,lumpy
22_265_10952,73,1.0,0.4121535950884517,smooth
22_265_11348,62,1.0,0.16131557723116205,smooth
22_265_11379,67,1.0,0.21323280556376015,smooth
22_265_11439,53,1.0,0.18083252209130535,smooth
22_265_11500,18,1.0101010101010102,0.0947529157980758,smooth
22_265_12182,77,1.0,0.3322111664644652,smooth
22_265_12446,5,1.0,0.8663580091059342,erratic
22_265_12540,37,6.75,0.34991887506760394,intermittent
22_265_12600,32,1.3870967741935485,1.4277547184587671,lumpy
22_265_12695,0,3.5757575757575757,0.6910492157923203,lumpy
22_265_12976,0,1.0,0.5757729637058224,erratic
22_265_13101,45,1.0,0.16321550241620647,smooth
22_265_13393,1,7.3125,1.9891249016613448,lumpy
22_265_13663,62,1.0,0.04871681771735446,smooth
22_265_13841,97,1.0,0.08571794730964273,smooth
22_265_13849,62,1.0,0.2040880286830935,smooth
22_265_14022,2,5.043478260869565,0.8783126014061653,lumpy
22_295_597,96,1.8333333333333333,0.11290858725761767,intermittent
22_295_929,62,1.037037037037037,0.3180398208438404,smooth
22_295_946,96,1.375,0.2675871137409599,intermittent
22_295_968,44,1.0,0.32717875676156877,smooth
22_295_1985,44,1.0,0.25451166920919654,smooth
22_295_3780,44,1.0422535211267605,0.5959640346133047,erratic
22_295_3914,46,1.0,0.8211085569525239,erratic
22_295_3948,54,1.0,0.4771850730124392,smooth
22_295_4567,63,1.0576923076923077,0.3982909680908595,smooth
22_295_4590,44,1.0724637681159421,0.31835693461057873,smooth
22_295_4875,44,1.0277777777777777,0.28249363842441266,smooth
22_295_4993,44,1.1746031746031746,0.28899741453605304,smooth
22_295_6181,44,1.0136986301369864,0.37417017162029664,smooth
22_295_6995,74,1.0232558139534884,0.5782923755513547,erratic
22_295_7184,44,1.0,0.5560270200145938,erratic
22_295_7282,44,1.121212121212121,0.4532393330883091,smooth
22_295_7425,96,2.75,0.28336620644312954,intermittent
22_295_7942,44,1.0,0.23325312174817903,smooth
22_295_8975,52,1.0153846153846153,0.40424522042686983,smooth
22_295_9372,44,1.3962264150943395,0.43474910667411837,intermittent
22_295_9500,74,1.0232558139534884,0.4091259259259259,smooth
22_295_9700,96,1.2222222222222223,0.10426818621926631,smooth
22_295_9799,52,1.0153846153846153,0.3666301317758458,smooth
22_295_10209,44,1.0,0.23274676647263795,smooth
22_295_10218,62,1.0,0.3988206709783416,smooth
22_295_10376,82,1.0285714285714285,0.1899999999999999,smooth
22_295_10722,44,1.0,0.36797711058263965,smooth
22_295_10952,74,1.0,0.593238025670458,erratic
22_295_11348,62,1.018181818181818,0.38283113885700626,smooth
22_295_11379,67,1.0,1.64536928730397,erratic
22_295_11439,54,1.0,0.6455075097355061,erratic
22_295_11500,44,1.0,0.5038831339734483,erratic
22_295_12182,77,1.0,0.4670319010356523,smooth
22_295_12446,44,1.1384615384615384,0.44444444444444414,smooth
22_295_12976,44,1.0277777777777777,0.5565786839772368,erratic
22_295_13101,46,1.0,0.46002720926491264,smooth
22_295_13663,62,1.018181818181818,0.2564167191766436,smooth
22_295_13841,96,1.0,0.19191919191919185,smooth
22_295_13849,62,1.0,0.46615156749249564,smooth
22_322_968,105,2.6,0.11111111111111122,intermittent
22_322_3914,96,1.2222222222222223,0.31360946745562157,smooth
22_322_3948,98,3.3333333333333335,0.1111111111111111,intermittent
22_322_6181,97,2.3333333333333335,0.5,lumpy
22_322_7942,98,1.6666666666666667,0.2041522491349479,intermittent
22_322_9500,100,2.0,0.11570247933884288,intermittent
22_322_10209,96,1.4666666666666666,0.5013774104683193,lumpy
22_322_10218,102,2.6666666666666665,0.2592592592592593,intermittent
22_322_11348,96,3.6666666666666665,0.12500000000000006,intermittent
22_322_11379,96,1.1578947368421053,0.13842975206611569,smooth
22_322_11439,97,3.0,0.09375000000000011,intermittent
22_322_12182,97,3.0,0.0,intermittent
22_322_13101,96,1.0476190476190477,0.18075801749271117,smooth
22_322_13663,96,3.142857142857143,0.29629629629629606,intermittent
22_338_929,66,1.1063829787234043,0.4141270661157023,smooth
22_338_968,25,1.0568181818181819,0.4001708212628446,smooth
22_338_1985,0,1.0350877192982457,0.19238865892046092,smooth
22_338_3780,2,1.0545454545454545,0.4105864357688172,smooth
22_338_3914,51,1.0,0.2158269749020481,smooth
22_338_3948,57,1.0701754385964912,0.28110602390587147,smooth
22_338_4567,68,1.1111111111111112,0.25855999999999996,smooth
22_338_4590,6,1.2444444444444445,0.5969224995308691,erratic
22_338_4875,0,1.063063063063063,0.43102812302220533,smooth
22_338_4993,6,1.1313131313131313,0.6858953210813329,erratic
22_338_6181,0,1.0085470085470085,0.5225135128376036,erratic
22_338_6995,77,1.1388888888888888,0.44077879935100056,smooth
22_338_7184,67,1.3076923076923077,0.42047340379072395,smooth
22_338_7942,0,1.0,0.7841421212590856,erratic
22_338_8975,57,1.0166666666666666,0.3587278984217396,smooth
22_338_9500,77,1.2058823529411764,0.40354938271604923,smooth
22_338_9799,57,1.0338983050847457,0.3137333333333335,smooth
22_338_10209,22,1.0434782608695652,0.24259786436232594,smooth
22_338_10218,66,1.0,0.2110704158790171,smooth
22_338_10722,25,1.1071428571428572,0.3164173649724594,smooth
22_338_10952,77,1.28125,0.20710059171597633,smooth
22_338_11348,70,1.0666666666666667,0.30381763787721133,smooth
22_338_11379,73,1.0,0.23683662851196657,smooth
22_338_11439,57,1.0166666666666666,0.24167995616006496,smooth
22_338_11500,63,1.2222222222222223,0.599722991689751,erratic
22_338_12042,0,1.0825688073394495,1.3163208896982308,erratic
22_338_12182,97,1.0,0.3271005917159761,smooth
22_338_12446,6,1.2444444444444445,0.8210660506666408,erratic
22_338_12976,1,1.0353982300884956,0.3870976,smooth
22_338_13101,51,1.0,0.2736663921068482,smooth
22_338_13663,66,1.04,0.27934242057254755,smooth
22_338_13849,66,1.0,0.22540246913580278,smooth
23_333_153,100,2.25,0.3877551020408163,intermittent
23_333_159,0,1.7352941176470589,1.6413961343591665,lumpy
23_333_214,0,1.2553191489361701,0.8746438746438749,erratic
23_333_293,58,1.3953488372093024,1.901269510926118,lumpy
23_333_361,0,1.18,1.1682156810405502,erratic
23_333_383,77,1.5185185185185186,2.107750472589793,lumpy
23_333_409,7,1.7076923076923076,1.741824109493979,lumpy
23_333_441,58,1.0344827586206897,1.1961439331623687,erratic
23_333_535,8,3.0555555555555554,1.8042217927753832,lumpy
23_333_573,0,1.0727272727272728,0.24874188597577299,smooth
23_333_654,0,1.7878787878787878,0.5544055085303274,lumpy
23_333_736,74,1.6296296296296295,0.2996214169821525,intermittent
23_333_859,55,2.032258064516129,0.8909938504265026,lumpy
23_333_872,8,22.0,2.0172023540063373,lumpy
23_333_877,59,1.3409090909090908,0.6730864197530863,lumpy
23_333_996,78,20.0,0.765625,lumpy
23_333_1101,0,2.36,0.8966286664773417,lumpy
23_333_1176,3,3.484848484848485,0.5351787773933103,lumpy
23_333_1202,62,2.0,0.29446064139941697,intermittent
23_333_1227,27,1.7169811320754718,1.0126110301693425,lumpy
23_333_1256,60,2.6363636363636362,0.5125377229080931,lumpy
23_333_1275,0,1.063063063063063,1.0506002386344264,erratic
23_333_1276,60,3.0526315789473686,1.0306250000000003,lumpy
23_333_1278,5,1.4487179487179487,0.5409954751131223,lumpy
23_333_1290,1,1.2580645161290323,0.49340552547549626,smooth
23_333_1302,60,1.2340425531914894,0.33433106575963756,smooth
23_333_1388,88,3.0,1.7331362536952437,lumpy
23_333_1429,99,9.5,0.1111111111111111,intermittent
23_333_1514,2,8.923076923076923,0.21874999999999992,intermittent
23_333_1550,62,2.9473684210526314,1.2931944444444443,lumpy
23_333_1809,97,3.5,0.1999999999999999,intermittent
23_333_1860,95,3.2857142857142856,0.2840236686390533,intermittent
23_333_1918,65,7.571428571428571,0.0,intermittent
23_333_1935,84,6.8,0.11111111111111122,intermittent
23_333_2250,72,4.181818181818182,0.5590123456790123,lumpy
23_333_2305,73,4.090909090909091,0.5950000000000001,lumpy
23_333_2398,20,1.5555555555555556,1.3897902332004233,lumpy
23_333_2431,68,3.125,2.585332729741965,lumpy
23_333_2457,59,1.903225806451613,3.6015625000000004,lumpy
23_333_2490,58,1.3333333333333333,0.4903908688865765,intermittent
23_333_2501,0,1.710144927536232,9.395621278614243,lumpy
23_333_2667,1,29.25,0.3333333333333333,intermittent
23_333_2792,65,7.571428571428571,2.843545508625819,lumpy
23_333_2800,44,6.166666666666667,0.43554687500000017,intermittent
23_333_2827,0,1.063063063063063,0.5105956815155855,erratic
23_333_2870,93,6.25,0.07815924032140248,intermittent
23_333_2933,68,2.6315789473684212,0.5355102040816326,lumpy
23_333_3039,81,1.3703703703703705,0.7107963234605661,lumpy
23_333_3335,0,1.5324675324675325,2.011859283749897,lumpy
23_333_3336,86,3.5555555555555554,0.6249999999999999,lumpy
23_333_3427,73,5.625,1.2638888888888888,lumpy
23_333_3516,0,1.0085470085470085,2.0512974584500316,erratic
23_333_3535,2,4.833333333333333,1.4473850031505988,lumpy
23_333_3582,10,1.1134020618556701,1.0133575822707201,erratic
23_333_3722,82,36.0,0.0,intermittent
23_333_3768,74,1.1578947368421053,1.0551666297801958,erratic
23_333_3802,88,2.5,0.5590765052059757,lumpy
23_333_3819,1,1.3604651162790697,3.541495098946916,lumpy
23_333_3852,58,3.75,2.1265623932791478,lumpy
23_333_3884,1,1.6956521739130435,5.491498427763319,lumpy
23_333_3934,1,1.6956521739130435,1.4297435897435893,lumpy
23_333_3986,0,1.6388888888888888,1.67809011780434,lumpy
23_333_4179,59,1.2040816326530612,0.5039437585733885,erratic
23_333_4360,58,3.1578947368421053,4.024793388429751,lumpy
23_333_4639,1,5.318181818181818,1.1297998918334233,lumpy
23_333_4735,92,1.5294117647058822,0.4391127206880942,intermittent
23_333_4954,59,1.0350877192982457,1.0723390257942491,erratic
23_333_4968,59,2.5652173913043477,2.2696952908587265,lumpy
23_333_4987,21,97.0,0.0,intermittent
23_333_5036,72,1.393939393939394,0.8197030614766068,lumpy
23_333_5065,73,9.0,0.10000000000000009,intermittent
23_333_5220,70,3.4285714285714284,0.27272727272727276,intermittent
23_333_5297,73,3.75,3.4761904761904763,lumpy
23_333_5378,0,1.5945945945945945,0.732203685911433,lumpy
23_333_5399,59,2.8095238095238093,0.44683769783583466,intermittent
23_333_5516,53,2.2413793103448274,1.3551933372992269,lumpy
23_333_5677,58,2.727272727272727,0.5484056305659296,lumpy
23_333_5862,61,2.1923076923076925,0.4409118700323174,intermittent
23_333_5983,0,1.0825688073394495,0.4173875311441449,smooth
23_333_5999,58,1.1320754716981132,0.5528479602776408,erratic
23_333_6035,6,1.8064516129032258,1.2282570945749083,lumpy
23_333_6299,0,1.0260869565217392,1.107311393025679,erratic
23_333_6342,0,1.3409090909090908,1.010076732717335,lumpy
23_333_6488,60,2.0,0.7168000000000004,lumpy
23_333_6584,0,1.0172413793103448,0.5604215538671615,erratic
23_333_6586,59,2.95,1.062625682275208,lumpy
23_333_6667,74,2.3157894736842106,2.084693668465269,lumpy
23_333_6737,0,1.84375,40.3977115617441,lumpy
23_333_6778,68,2.5,5.498132720482619,lumpy
23_333_6800,73,1.6071428571428572,0.5088888888888891,lumpy
23_333_6846,72,5.75,0.28544423440453687,intermittent
23_333_6864,82,12.0,0.0,intermittent
23_333_6912,7,1.7619047619047619,27.595099568261404,lumpy
23_333_6952,2,8.285714285714286,1.131687242798354,lumpy
23_333_7019,4,2.590909090909091,11.167981591058513,lumpy
23_333_7069,78,2.5,0.7439446366782007,lumpy
23_333_7150,101,1.5454545454545454,0.5152683608508876,lumpy
23_333_7163,61,1.5,1.1769278106508876,lumpy
23_333_7175,80,7.6,0.32653061224489816,intermittent
23_333_7274,0,1.0825688073394495,1.0689865237277154,erratic
23_333_7357,58,1.5384615384615385,0.8083044982698964,lumpy
23_333_7389,58,1.2765957446808511,0.49971107618343164,smooth
23_333_7527,16,102.0,0.0,intermittent
23_333_7631,27,18.2,0.5088757396449701,lumpy
23_333_7643,2,58.0,0.36,intermittent
23_333_7646,0,3.0256410256410255,1.021048047612135,lumpy
23_333_7679,0,39.333333333333336,0.0,intermittent
23_333_7906,81,18.5,0.7511111111111111,lumpy
23_333_7939,78,10.0,0.1111111111111111,intermittent
23_333_8006,61,3.5625,1.364297520661157,lumpy
23_333_8017,4,3.3529411764705883,3.7440625,lumpy
23_333_8067,0,1.0825688073394495,0.512377327483808,erratic
23_333_8171,70,2.0,0.5953250547845141,lumpy
23_333_8268,0,4.72,1.3921333239178026,lumpy
23_333_8298,5,1.8524590163934427,1.2303492798759619,lumpy
23_333_8331,63,11.0,0.11111111111111122,intermittent
23_333_8389,0,1.1346153846153846,0.7504245026110914,erratic
23_333_8393,58,1.6666666666666667,0.46586011342155,intermittent
23_333_8427,78,4.0,0.7474048442906576,lumpy
23_333_8484,58,2.0,0.7750182615047478,lumpy
23_333_8763,81,2.3125,1.1144640998959416,lumpy
23_333_8908,2,1.2340425531914894,0.6301821624377103,erratic
23_333_8949,58,1.0714285714285714,0.6365576397398434,erratic
23_333_9027,33,21.25,0.75,lumpy
23_333_9035,73,1.875,1.48698055053672,lumpy
23_333_9090,5,2.173076923076923,1.0886655511454235,lumpy
23_333_9117,78,3.076923076923077,2.5368595041322317,lumpy
23_333_9152,61,3.5625,0.5108113469549692,lumpy
23_333_9175,0,4.72,3.1714725105728565,lumpy
23_333_9176,59,1.1568627450980393,0.8287165281625114,erratic
23_333_9225,97,21.0,0.0,intermittent
23_333_9236,0,1.710144927536232,0.7485380116959067,lumpy
23_333_9303,60,1.9333333333333333,2.3074792243767313,lumpy
23_333_9317,0,1.0260869565217392,1.2041011788167018,erratic
23_333_9347,62,2.0,6.263438526877054,lumpy
23_333_9490,2,1.2340425531914894,8.345676944008218,erratic
23_333_9529,60,2.230769230769231,0.5595291987324581,lumpy
23_333_9583,29,89.0,0.0,intermittent
23_333_9717,58,1.0344827586206897,0.44894055937696153,smooth
23_333_9817,9,1.7301587301587302,0.8933743304899822,lumpy
23_333_9822,6,1.3333333333333333,5.749888702018204,lumpy
23_333_9824,72,2.7058823529411766,1.4273280000000006,lumpy
23_333_9997,75,43.0,0.0,intermittent
23_333_10031,64,4.5,1.1392592592592592,lumpy
23_333_10126,0,5.130434782608695,3.161216281882941,lumpy
23_333_10175,0,5.130434782608695,0.5548945375878852,lumpy
23_333_10193,31,3.0,0.544378698224852,lumpy
23_333_10360,9,1.379746835443038,2.5610466358134567,lumpy
23_333_10368,5,2.6904761904761907,1.1869783933518003,lumpy
23_333_10467,4,1.9322033898305084,0.5245617238860482,lumpy
23_333_10547,1,2.0172413793103448,2.902469135802469,lumpy
23_333_10602,58,1.3636363636363635,2.3439436799999998,lumpy
23_333_11022,74,1.0731707317073171,0.830151060236442,erratic
23_333_11073,85,4.714285714285714,0.11999999999999991,intermittent
23_333_11119,62,4.3076923076923075,0.2747922437673132,intermittent
23_333_11124,7,3.5806451612903225,2.06999826736962,lumpy
23_333_11197,16,9.272727272727273,2.0162249864791777,lumpy
23_333_11207,0,1.102803738317757,0.8222980488264677,erratic
23_333_11245,96,7.333333333333333,0.0,intermittent
23_333_11271,24,47.0,0.9962721374470929,lumpy
23_333_11375,80,2.0,0.3490174471992654,intermittent
23_333_11457,71,3.9166666666666665,0.5967078189300413,lumpy
23_333_11529,58,4.0,1.9170604914933833,lumpy
23_333_11543,1,1.3146067415730338,2.4415019093172083,erratic
23_333_11577,0,1.145631067961165,1.6416578888569697,erratic
23_333_11589,48,7.777777777777778,0.3546712802768166,intermittent
23_333_11613,0,1.0,0.44804843130656535,smooth
23_333_11629,6,12.444444444444445,0.8641975308641976,lumpy
23_333_11641,68,4.166666666666667,0.49584487534626054,intermittent
23_333_11650,0,1.8153846153846154,1.5207543604822804,lumpy
23_333_11675,7,27.75,0.2777777777777778,intermittent
23_333_11739,61,1.9655172413793103,0.7572993222568564,lumpy
23_333_11869,0,16.857142857142858,0.29629629629629606,intermittent
23_333_11885,59,2.5652173913043477,0.1358024691358023,intermittent
23_333_12126,58,1.2,0.5231806158848801,erratic
23_333_12159,19,2.106382978723404,0.8800000000000001,lumpy
23_333_12224,1,58.5,0.1111111111111111,intermittent
23_333_12255,59,2.0344827586206895,0.6844265874748886,lumpy
23_333_12311,27,3.9565217391304346,0.1759809750297265,intermittent
23_333_12345,60,3.411764705882353,0.6638900458142442,lumpy
23_333_12567,27,1.1666666666666667,1.4065707144509454,erratic
23_333_12731,0,1.0727272727272728,0.6005117812787459,erratic
23_333_12864,58,3.1578947368421053,0.7791330455995497,lumpy
23_333_12947,0,3.2777777777777777,0.8767137846742479,lumpy
23_333_13077,16,102.0,0.0,intermittent
23_333_13119,56,4.769230769230769,0.12345679012345685,intermittent
23_333_13130,3,2.875,1.9174918613842877,lumpy
23_333_13259,73,3.4615384615384617,0.5476190476190474,lumpy
23_333_13443,0,1.6164383561643836,1.2898864250946454,lumpy
23_333_13499,66,4.0,1.3977777777777785,lumpy
23_333_13617,0,23.6,0.11111111111111122,intermittent
23_333_13652,2,2.230769230769231,0.5473943968645666,lumpy
23_333_13711,59,1.1132075471698113,0.9112615384615386,erratic
23_333_13868,20,1.3611111111111112,1.085356991546229,lumpy
23_333_13956,84,2.6153846153846154,0.69,lumpy
23_333_14093,100,1.8,0.11111111111111122,intermittent
24_42_27,5,1.2150537634408602,0.3383512103099221,smooth
24_42_70,50,1.4166666666666667,0.3667742607246984,intermittent
24_42_125,57,1.525,0.3191574839302113,intermittent
24_42_143,0,1.0260869565217392,0.37286798777481994,smooth
24_42_322,0,1.1132075471698113,0.1579477845625515,smooth
24_42_396,55,4.2,0.8727705112960762,lumpy
24_42_418,50,1.3877551020408163,0.25708884688090755,intermittent
24_42_465,0,1.388235294117647,0.589350330815001,lumpy
24_42_466,10,4.909090909090909,0.42592592592592576,intermittent
24_42_538,0,1.2291666666666667,0.24589932047743396,smooth
24_42_547,46,1.0909090909090908,0.3597682528627738,smooth
24_42_561,0,1.388235294117647,0.2076878085767342,intermittent
24_42_563,45,1.123076923076923,0.2560072715786352,smooth
24_42_582,0,1.2967032967032968,0.22363646410875138,smooth
24_42_635,1,1.1037735849056605,0.3810285714285714,smooth
24_42_765,0,1.388235294117647,0.3689179375453885,intermittent
24_42_836,0,1.0,0.12388133462052196,smooth
24_42_844,0,1.2967032967032968,0.41695501730103784,smooth
24_42_933,58,1.6666666666666667,0.5362811791383219,lumpy
24_42_938,0,2.6818181818181817,0.3224852071005917,intermittent
24_42_942,0,2.8095238095238093,0.23709809163139536,intermittent
24_42_1070,50,6.181818181818182,0.0694444444444446,intermittent
24_42_1125,100,1.2,1.008163265306122,erratic
24_42_1139,4,1.163265306122449,0.31727317987996945,smooth
24_42_1182,0,1.2164948453608246,0.35301301469091606,smooth
24_42_1193,103,1.25,1.3431952662721898,erratic
24_42_1203,16,1.0408163265306123,0.927670582651003,erratic
24_42_1230,0,2.5652173913043477,0.32471655328798205,intermittent
24_42_1398,0,1.18,0.1908991368565737,smooth
24_42_1422,65,2.65,2.6961451247165535,lumpy
24_42_1518,0,1.3563218390804597,0.44531579714704456,intermittent
24_42_1597,0,1.0,0.07528547461805107,smooth
24_42_1609,0,1.2553191489361701,0.16788805986671684,smooth
24_42_1616,83,17.5,0.0,intermittent
24_42_1664,100,2.5714285714285716,0.4066587395957192,intermittent
24_42_1694,0,1.0442477876106195,0.3158826152237797,smooth
24_42_1737,47,1.3653846153846154,0.3427137013955252,intermittent
24_42_1762,101,1.0625,0.37358642520777174,smooth
24_42_1795,0,14.75,0.1947069943289225,intermittent
24_42_1852,101,1.1333333333333333,0.555145746579417,erratic
24_42_1865,0,3.2777777777777777,0.48302399275690355,intermittent
24_42_1873,0,1.2291666666666667,0.19880408992733045,smooth
24_42_1884,0,1.0825688073394495,0.2585335979407185,smooth
24_42_1976,0,2.6222222222222222,0.07668698437627201,intermittent
24_42_1979,42,2.7142857142857144,1.6735680173868281,lumpy
24_42_2017,104,1.2727272727272727,0.8333333333333335,erratic
24_42_2028,0,1.0350877192982457,0.1932358513054059,smooth
24_42_2133,57,1.3555555555555556,0.332361319944855,intermittent
24_42_2137,0,1.0085470085470085,0.26414321363117693,smooth
24_42_2258,49,1.4680851063829787,0.26250133998341213,intermittent
24_42_2270,44,1.088235294117647,0.3665158371040724,smooth
24_42_2520,101,1.1333333333333333,0.621702043245388,erratic
24_42_2565,0,1.0,0.4089965794782342,smooth
24_42_2582,35,2.59375,1.1853133410226835,lumpy
24_42_2595,59,1.475,0.164196776040605,intermittent
24_42_2773,46,2.769230769230769,0.3300135808057944,intermittent
24_42_2777,0,1.145631067961165,0.18154675474748683,smooth
24_42_2793,0,1.3111111111111111,0.45608218654751703,smooth
24_42_2808,0,1.0085470085470085,0.15286446727961078,smooth
24_42_2842,44,1.0724637681159421,0.36318840579710154,smooth
24_42_2896,0,2.5652173913043477,0.5871539937474001,lumpy
24_42_2898,50,1.36,0.3402095010955773,intermittent
24_42_2938,53,65.0,0.0,intermittent
24_42_2966,101,1.1333333333333333,0.8178670360110804,erratic
24_42_2976,0,1.0260869565217392,0.29088472822524664,smooth
24_42_3066,82,18.0,0.0,intermittent
24_42_3169,0,1.0085470085470085,0.3423784374430886,smooth
24_42_3204,0,1.0172413793103448,0.19498477456435395,smooth
24_42_3341,85,33.0,0.0,intermittent
24_42_3344,67,2.125,0.9874999999999996,lumpy
24_42_3354,0,2.5652173913043477,0.15204444444444448,intermittent
24_42_3358,49,4.928571428571429,0.5555555555555556,lumpy
24_42_3374,0,1.063063063063063,0.3859452093768485,smooth
24_42_3413,3,1.1855670103092784,0.19226404457729504,smooth
24_42_3475,0,1.3409090909090908,0.974827901635185,lumpy
24_42_3599,4,1.14,0.2739312857044748,smooth
24_42_3672,4,7.6,0.0899653979238755,intermittent
24_42_3743,0,1.0350877192982457,0.19618770004572464,smooth
24_42_3860,11,1.07,0.5048816749319756,erratic
24_42_3912,0,2.3137254901960786,0.34584176085663293,intermittent
24_42_3915,36,20.5,0.0,intermittent
24_42_3957,0,1.1683168316831682,0.3041613322658979,smooth
24_42_4088,0,1.0,0.15559892285715118,smooth
24_42_4104,0,1.0172413793103448,0.17186267348429501,smooth
24_42_4121,0,1.5733333333333333,0.441353827386831,intermittent
24_42_4153,1,1.1359223300970873,0.4136132925936212,smooth
24_42_4225,44,4.933333333333334,0.19047619047619072,intermittent
24_42_4267,0,1.0085470085470085,0.26842074306440555,smooth
24_42_4344,45,1.0,0.2746556295673544,smooth
24_42_4410,0,1.0535714285714286,0.6817260070145601,erratic
24_42_4533,0,1.0260869565217392,0.321230503549562,smooth
24_42_4581,62,4.3076923076923075,0.22116527942925088,intermittent
24_42_4593,0,1.3258426966292134,0.23010790810060358,smooth
24_42_4601,0,1.2553191489361701,0.21665354208518106,smooth
24_42_4629,0,7.375,0.2746730083234245,intermittent
24_42_4638,0,1.1683168316831682,0.11713420917435549,smooth
24_42_4649,4,1.2258064516129032,0.1817967640182997,smooth
24_42_4695,44,1.0422535211267605,0.2225492007502588,smooth
24_42_4713,0,1.0085470085470085,0.10030349993075585,smooth
24_42_4728,0,1.0,0.16615287685966362,smooth
24_42_4815,44,1.088235294117647,0.43675173282923774,smooth
24_42_4838,0,1.2040816326530612,0.566641813955528,erratic
24_42_4858,61,7.125,0.49333333333333335,intermittent
24_42_4919,0,1.3111111111111111,0.28117169004966436,smooth
24_42_5030,39,79.0,0.0,intermittent
24_42_5070,0,3.1052631578947367,0.7927130207577299,lumpy
24_42_5158,0,3.3714285714285714,0.33905841012585614,intermittent
24_42_5192,0,1.1132075471698113,0.2316199614069591,smooth
24_42_5224,0,2.4583333333333335,0.4093842665271237,intermittent
24_42_5238,0,1.7352941176470589,0.19052828395971072,intermittent
24_42_5262,0,5.619047619047619,0.42285714285714276,intermittent
24_42_5269,51,1.7179487179487178,0.4033736521805008,intermittent
24_42_5344,0,1.1346153846153846,0.13482298672602042,smooth
24_42_5375,68,3.5714285714285716,0.2321428571428572,intermittent
24_42_5389,0,1.2291666666666667,0.25400604219210243,smooth
24_42_5461,3,1.5753424657534247,0.7009644354948601,lumpy
24_42_5518,56,2.3846153846153846,0.2522448979591835,intermittent
24_42_5534,21,7.461538461538462,0.8051362611843451,lumpy
24_42_5594,59,2.8095238095238093,0.26190476190476186,intermittent
24_42_5659,9,3.6333333333333333,0.16143170197224233,intermittent
24_42_5705,58,1.4285714285714286,0.4968858131487892,intermittent
24_42_5770,0,1.0350877192982457,0.4187266272189349,smooth
24_42_5772,0,1.2553191489361701,0.288595050728408,smooth
24_42_5781,70,1.7142857142857142,1.2580645161290318,lumpy
24_42_5936,101,1.5454545454545454,0.26612244897959186,intermittent
24_42_5953,2,2.188679245283019,0.5645544982698962,lumpy
24_42_6009,59,2.107142857142857,0.25176470588235317,intermittent
24_42_6044,0,1.3258426966292134,0.3057348699571725,smooth
24_42_6177,0,2.5652173913043477,0.25834417833718587,intermittent
24_42_6219,0,1.3409090909090908,0.21816151740853212,intermittent
24_42_6274,0,3.1052631578947367,0.2741002175072845,intermittent
24_42_6356,0,1.372093023255814,1.8656221757545783,lumpy
24_42_6371,4,10.363636363636363,0.375,intermittent
24_42_6425,20,4.9,0.785207100591716,lumpy
24_42_6449,0,1.3563218390804597,0.32983603434866104,intermittent
24_42_6509,0,1.1919191919191918,0.23648979591836738,smooth
24_42_6513,0,2.8780487804878048,0.18519345902957735,intermittent
24_42_6529,0,1.2826086956521738,0.22240920219992594,smooth
24_42_6576,0,1.0350877192982457,0.22405771490306117,smooth
24_42_6657,0,1.145631067961165,0.1362559751068617,smooth
24_42_6735,0,1.2164948453608246,0.5376886222640815,erratic
24_42_6755,0,1.3563218390804597,0.3280329546529527,intermittent
24_42_6792,10,2.0,0.2592592592592593,intermittent
24_42_6854,0,1.0085470085470085,0.2275988872360157,smooth
24_42_6880,64,1.148936170212766,0.43877551020408173,smooth
24_42_6893,0,1.2688172043010753,0.33634680050457183,smooth
24_42_6923,10,3.0,0.560517920810659,lumpy
24_42_6957,28,12.857142857142858,0.36111111111111127,intermittent
24_42_7107,44,1.15625,0.5335276967930029,erratic
24_42_7195,3,1.25,0.3480289086272403,smooth
24_42_7210,101,1.0,0.621640625,erratic
24_42_7269,0,1.1919191919191918,0.7303975881883066,erratic
24_42_7505,0,1.0,0.1601027454866999,smooth
24_42_7636,5,5.947368421052632,0.9609876543209879,lumpy
24_42_7688,0,2.744186046511628,0.27631020408163265,intermittent
24_42_7734,0,1.2553191489361701,0.15606460826969137,smooth
24_42_7737,49,1.3269230769230769,0.820063306549793,erratic
24_42_7794,2,11.6,1.0,lumpy
24_42_7842,1,4.5,0.3270321361058603,intermittent
24_42_7883,64,1.0384615384615385,0.23687242798353902,smooth
24_42_7977,44,8.222222222222221,0.1938775510204081,intermittent
24_42_8008,0,1.3258426966292134,0.2676244407565917,smooth
24_42_8021,0,1.1132075471698113,0.18261554180323822,smooth
24_42_8035,0,1.0,0.07612358703812569,smooth
24_42_8116,100,1.0588235294117647,0.8139897527288925,erratic
24_42_8128,0,1.2421052631578948,0.19940266509913068,smooth
24_42_8139,0,1.0535714285714286,0.40657454654132025,smooth
24_42_8158,0,1.1683168316831682,5.6875313402888885,erratic
24_42_8173,1,1.017391304347826,0.28131487889273354,smooth
24_42_8175,0,1.2164948453608246,0.4499283184348121,smooth
24_42_8212,0,1.145631067961165,0.9922014820777838,erratic
24_42_8321,0,1.2291666666666667,0.32271653639175013,smooth
24_42_8334,60,1.16,1.1909058039634302,erratic
24_42_8438,4,16.285714285714285,0.26000000000000006,intermittent
24_42_8451,20,6.533333333333333,0.9388429752066118,lumpy
24_42_8463,0,1.18,0.2984693877551022,smooth
24_42_8485,0,1.0,0.08734110355808088,smooth
24_42_8495,0,1.0,0.15136828516312634,smooth
24_42_8525,0,1.0442477876106195,0.23929492447643627,smooth
24_42_8544,100,1.0,0.2534498374980022,smooth
24_42_8569,0,1.5733333333333333,0.6518518518518519,lumpy
24_42_8585,71,2.1363636363636362,1.2498173849525198,lumpy
24_42_8796,0,1.0442477876106195,0.6594186851211074,erratic
24_42_8814,33,4.0476190476190474,0.5820105820105819,lumpy
24_42_8848,10,7.714285714285714,0.4920634920634921,intermittent
24_42_8916,5,1.202127659574468,0.548940773282375,erratic
24_42_9036,0,1.0442477876106195,0.22264192,smooth
24_42_9061,58,1.5789473684210527,0.1914124774152407,intermittent
24_42_9086,58,1.5,0.06905410015246348,intermittent
24_42_9129,4,1.1515151515151516,0.2314011419030724,smooth
24_42_9196,0,1.0,0.17727632452519332,smooth
24_42_9242,100,1.125,0.34994660021359913,smooth
24_42_9293,0,1.3258426966292134,0.20097465277777807,smooth
24_42_9381,51,1.34,0.3031182931448048,intermittent
24_42_9401,0,1.0085470085470085,0.10245420990587766,smooth
24_42_9424,44,1.0,0.23234645328719716,smooth
24_42_9469,0,1.0,0.371591611851352,smooth
24_42_9497,0,1.3258426966292134,0.3585475438092503,smooth
24_42_9514,101,1.0625,0.926530612244898,erratic
24_42_9577,0,2.8780487804878048,0.38284799999999997,intermittent
24_42_9614,1,1.4444444444444444,0.3294335493645316,intermittent
24_42_9670,9,1.4342105263157894,0.5441269841269842,lumpy
24_42_9790,0,1.0350877192982457,0.4438860055828703,smooth
24_42_9795,10,36.0,0.0,intermittent
24_42_9855,73,1.5517241379310345,0.3298816568047335,intermittent
24_42_9942,1,4.178571428571429,0.4795061728395061,intermittent
24_42_9954,49,1.4680851063829787,0.4633856829802774,intermittent
24_42_10038,0,1.5733333333333333,0.49618670997810876,intermittent
24_42_10077,0,1.5733333333333333,0.4231269510926116,intermittent
24_42_10122,56,4.428571428571429,0.45600000000000007,intermittent
24_42_10136,70,1.5,0.5427795382526029,lumpy
24_42_10198,59,4.538461538461538,0.8264462809917359,lumpy
24_42_10255,0,1.0727272727272728,0.3553208679593719,smooth
24_42_10415,57,1.4186046511627908,0.20002267163874252,intermittent
24_42_10423,0,1.0,0.10318300925090917,smooth
24_42_10433,1,4.5,0.5727788279773159,lumpy
24_42_10482,0,1.388235294117647,0.6220172611917866,lumpy
24_42_10495,0,1.5324675324675325,0.36152958798918755,intermittent
24_42_10539,0,3.0256410256410255,0.570635020830703,lumpy
24_42_10638,0,3.189189189189189,0.09617844665412512,intermittent
24_42_10649,0,6.9411764705882355,0.11791383219954639,intermittent
24_42_10675,1,16.714285714285715,0.9414062500000001,lumpy
24_42_10686,0,11.8,0.16022879740131343,intermittent
24_42_10802,0,1.0,0.14581326657167137,smooth
24_42_10914,0,1.102803738317757,0.4534808403599557,smooth
24_42_10945,0,16.857142857142858,1.0158730158730158,lumpy
24_42_10986,22,10.666666666666666,0.24793388429752086,intermittent
24_42_11039,0,3.933333333333333,0.31715976331360973,intermittent
24_42_11040,2,1.3647058823529412,0.7693873670316889,lumpy
24_42_11202,53,2.096774193548387,0.3012345679012344,intermittent
24_42_11222,0,1.2826086956521738,0.23969344291471634,smooth
24_42_11269,1,1.21875,0.6983311658590099,erratic
24_42_11321,0,1.4047619047619047,0.3185974864296545,intermittent
24_42_11373,0,1.0,0.1348205956691481,smooth
24_42_11386,0,2.744186046511628,0.13601831481249355,intermittent
24_42_11441,0,1.0,0.1763847571622582,smooth
24_42_11530,44,1.1746031746031746,0.6195013850415513,erratic
24_42_11558,8,2.391304347826087,1.0121775356513376,lumpy
24_42_11573,0,1.0,0.1541655155566498,smooth
24_42_11639,0,1.1132075471698113,0.5451027882797729,erratic
24_42_11682,0,6.9411764705882355,0.10499999999999983,intermittent
24_42_11745,11,1.0288461538461537,0.45899828889691824,smooth
24_42_11778,0,1.1568627450980393,0.755874479476502,erratic
24_42_11860,102,1.3333333333333333,0.7107180020811652,lumpy
24_42_11886,0,1.18,0.10520824961146397,smooth
24_42_11899,50,1.7,0.28236344452560674,intermittent
24_42_11938,0,1.0260869565217392,0.3065277777777779,smooth
24_42_11954,0,1.5128205128205128,0.6818338071134952,lumpy
24_42_11989,57,1.326086956521739,0.306197623928233,smooth
24_42_12003,45,1.5208333333333333,0.8961308049186976,lumpy
24_42_12017,0,2.95,0.10737942235717819,intermittent
24_42_12030,0,1.0825688073394495,0.42370605468749983,smooth
24_42_12072,0,1.2688172043010753,0.3256946421542397,smooth
24_42_12105,34,5.6,0.9970414201183431,lumpy
24_42_12124,67,1.457142857142857,0.47704936986934915,intermittent
24_42_12127,0,2.744186046511628,0.1598648385691915,intermittent
24_42_12193,44,1.0136986301369864,0.13630919994213928,smooth
24_42_12286,0,1.18,0.10772811681167842,smooth
24_42_12295,0,1.0172413793103448,0.15116086396197131,smooth
24_42_12373,1,23.4,0.38888888888888895,intermittent
24_42_12419,5,1.2417582417582418,0.18563276461579015,smooth
24_42_12458,5,2.825,0.48571428571428565,intermittent
24_42_12470,0,1.1132075471698113,0.3257166035694968,smooth
24_42_12532,70,1.1428571428571428,0.3591184573002755,smooth
24_42_12624,22,1.0105263157894737,0.20203766921913624,smooth
24_42_12686,0,2.6222222222222222,0.3367647058823531,intermittent
24_42_12806,0,1.372093023255814,0.5565384941812285,lumpy
24_42_12906,1,5.571428571428571,0.8685714285714284,lumpy
24_42_12945,0,1.5526315789473684,0.29973148788927323,intermittent
24_42_13125,0,1.0,0.16509807980953375,smooth
24_42_13142,0,1.3111111111111111,0.29591135435069493,smooth
24_42_13153,0,1.0,0.14921925257993024,smooth
24_42_13180,0,1.063063063063063,0.37198656124642115,smooth
24_42_13354,0,1.0,0.05965681604612875,smooth
24_42_13445,1,1.0636363636363637,0.9431483800768018,erratic
24_42_13540,35,2.4411764705882355,1.8501234567901235,lumpy
24_42_13578,58,1.4634146341463414,0.22680952231334006,intermittent
24_42_13579,0,1.0,0.3388760035682427,smooth
24_42_13584,0,1.0085470085470085,0.23397374412176314,smooth
24_42_13632,0,1.2688172043010753,0.2753131981463332,smooth
24_42_13635,4,14.25,0.5206611570247934,lumpy
24_42_13664,0,7.375,0.11934156378600823,intermittent
24_42_13675,0,1.0,0.13849348901607658,smooth
24_42_13831,0,1.2967032967032968,0.18070369406867845,smooth
24_42_13986,0,1.9344262295081966,0.2966857142857144,intermittent
24_42_13994,0,2.8095238095238093,0.5096391497775579,lumpy
24_42_14088,67,3.1875,0.6128,lumpy
24_42_14091,104,1.0,0.42328042328042337,smooth
24_42_14205,68,1.2820512820512822,0.3362476370510396,smooth
24_42_14232,0,1.0727272727272728,0.3429282189801397,smooth
24_42_14251,4,1.175257731958763,0.15002854169319557,smooth
24_42_14262,38,2.962962962962963,1.215485756026297,lumpy
24_226_27,84,1.096774193548387,0.6898023710964507,erratic
24_226_70,94,1.0,0.30245746691871456,smooth
24_226_100,60,6.444444444444445,0.12500000000000006,intermittent
24_226_125,89,1.0740740740740742,0.39596337532562603,smooth
24_226_322,91,1.173913043478261,0.21448222731708247,smooth
24_226_418,88,3.75,0.6570644718792867,lumpy
24_226_538,89,1.16,0.4499314128943757,smooth
24_226_561,90,1.0,0.15300084530853764,smooth
24_226_582,90,1.0,0.257970128395493,smooth
24_226_933,90,1.0,0.42692611690315785,smooth
24_226_1057,32,1.3650793650793651,0.7256959999999999,lumpy
24_226_1139,98,1.4285714285714286,0.6292077053914008,lumpy
24_226_1354,4,57.0,0.0,intermittent
24_226_1398,90,1.0769230769230769,0.32568488827168307,smooth
24_226_1518,97,1.1666666666666667,0.40334638661445316,smooth
24_226_1580,93,1.1363636363636365,0.733072916666667,erratic
24_226_1609,89,1.0,0.3094638396807861,smooth
24_226_1616,93,8.333333333333334,0.5185185185185185,lumpy
24_226_1737,100,1.0,0.29466357308584706,smooth
24_226_1873,89,1.0357142857142858,0.29415365779002134,smooth
24_226_1884,86,1.032258064516129,0.5278440367256391,erratic
24_226_1979,87,1.3478260869565217,0.2830578512396694,intermittent
24_226_1996,86,1.0,0.6227238727610365,erratic
24_226_2133,97,1.0,0.26989028331190296,smooth
24_226_2258,96,1.0,0.1813555291319858,smooth
24_226_2582,87,1.24,0.21742112482853207,smooth
24_226_2777,88,1.0,0.26408243770881135,smooth
24_226_2793,93,1.0,0.15008770332314114,smooth
24_226_2898,90,1.0,0.5355825569912172,erratic
24_226_2938,93,12.5,0.0,intermittent
24_226_3066,91,13.5,0.0,intermittent
24_226_3341,105,13.0,0.0,intermittent
24_226_3344,103,2.142857142857143,1.0644531250000002,lumpy
24_226_3413,86,1.391304347826087,0.1964518149005482,intermittent
24_226_3513,32,5.375,0.6482830385015609,lumpy
24_226_3567,48,4.117647058823529,2.405228758169935,lumpy
24_226_3599,87,1.2916666666666667,0.4779227739278069,smooth
24_226_3957,90,1.037037037037037,0.38571291774394306,smooth
24_226_4121,87,1.0,0.4515878053274913,smooth
24_226_4124,96,1.0476190476190477,0.6596389344779698,erratic
24_226_4463,30,2.3783783783783785,0.5847709696609161,lumpy
24_226_4581,99,1.7272727272727273,0.31528851873884617,intermittent
24_226_4593,90,1.0,0.2365586419753085,smooth
24_226_4601,85,1.2222222222222223,0.48047637939453125,smooth
24_226_4638,85,1.2222222222222223,0.37209927380421104,smooth
24_226_4649,95,1.0,0.19408846144802136,smooth
24_226_4843,101,1.4166666666666667,0.27810650887573984,intermittent
24_226_4919,95,1.0952380952380953,0.39894914618127225,smooth
24_226_5269,91,1.0,0.28904703553586575,smooth
24_226_5278,98,1.1111111111111112,0.523362732219929,erratic
24_226_5296,32,2.774193548387097,0.6016666666666665,lumpy
24_226_5344,96,1.1,0.4420193684250509,smooth
24_226_5375,92,2.6,0.709183673469388,lumpy
24_226_5389,89,1.0,0.15280346222021,smooth
24_226_5594,99,1.1875,0.17333333333333334,smooth
24_226_5705,101,1.0625,0.28494943486020224,smooth
24_226_5744,97,2.1,0.33058984910836736,intermittent
24_226_5772,86,1.103448275862069,0.26570489408327214,smooth
24_226_6009,89,1.0740740740740742,0.591844464082818,erratic
24_226_6044,98,1.5384615384615385,0.38666666666666705,intermittent
24_226_6219,92,1.0,0.1853476251776238,smooth
24_226_6409,32,1.0886075949367089,0.43430216400296995,smooth
24_226_6509,95,1.0454545454545454,0.26535068564940145,smooth
24_226_6529,87,1.0689655172413792,0.6180209202584952,erratic
24_226_6657,90,1.0,0.3035304663914011,smooth
24_226_6735,91,1.0,0.2554557555284616,smooth
24_226_6755,91,1.0384615384615385,0.28205128205128205,smooth
24_226_6893,99,1.0,0.47743822899912625,smooth
24_226_6965,4,2.111111111111111,9.395061728395062,lumpy
24_226_6970,31,4.142857142857143,0.9476584022038568,lumpy
24_226_7195,83,1.4,0.5653272706634884,lumpy
24_226_7200,15,1.4507042253521127,1.8317813717939742,lumpy
24_226_7555,73,9.0,0.776859504132231,lumpy
24_226_7696,92,1.0833333333333333,0.6085312170624338,erratic
24_226_7734,91,1.0,0.2852553906316681,smooth
24_226_7794,90,4.666666666666667,0.17159763313609486,intermittent
24_226_8008,88,1.0,0.6692612348618394,erratic
24_226_8009,103,15.0,0.0,intermittent
24_226_8021,91,1.0384615384615385,0.1739244044269851,smooth
24_226_8128,97,1.05,0.12481974042621373,smooth
24_226_8321,101,1.0,0.35999999999999976,smooth
24_226_8814,88,1.3043478260869565,0.2777777777777777,smooth
24_226_8916,99,1.0,0.2587712036360685,smooth
24_226_9061,86,1.1428571428571428,0.42442607897153334,smooth
24_226_9076,93,1.0869565217391304,0.6138023836985774,erratic
24_226_9086,90,1.12,0.5016233766233766,erratic
24_226_9129,98,1.0,0.14226716983011792,smooth
24_226_9293,85,1.1785714285714286,0.26399011120743676,smooth
24_226_9294,95,1.4375,2.32,lumpy
24_226_9381,97,1.0,0.18163349159970787,smooth
24_226_9497,85,1.32,0.25508732574907855,smooth
24_226_9954,90,1.2173913043478262,0.20735435409206024,smooth
24_226_9995,31,1.851063829787234,0.5898765432098763,lumpy
24_226_10038,92,1.2380952380952381,0.20312500000000008,smooth
24_226_10077,86,1.103448275862069,0.6152210884353739,erratic
24_226_10415,95,1.0,0.2671621591835836,smooth
24_226_10440,4,3.1666666666666665,0.7835909631391202,lumpy
24_226_10482,92,1.0,0.15487179487179498,smooth
24_226_10623,33,2.073170731707317,0.43895205140879895,intermittent
24_226_10851,41,2.264705882352941,0.4920917799064377,intermittent
24_226_10914,83,1.0294117647058822,0.4901155603332436,smooth
24_226_11202,101,1.3076923076923077,0.6431999999999999,erratic
24_226_11221,61,6.333333333333333,0.8639053254437871,lumpy
24_226_11222,90,1.0,0.22972972972972963,smooth
24_226_11792,3,1.2105263157894737,1.224696012819304,erratic
24_226_11824,31,1.9333333333333333,0.49449035812672154,intermittent
24_226_11886,91,1.0,0.24171072441441116,smooth
24_226_11899,89,1.16,0.47091412742382266,smooth
24_226_11954,90,1.0,0.33148243801652894,smooth
24_226_11989,98,1.0,0.4106724856179329,smooth
24_226_12072,99,1.0,0.21260296624442424,smooth
24_226_12105,88,1.6666666666666667,0.3846153846153848,intermittent
24_226_12286,84,1.2592592592592593,0.22961038594864366,smooth
24_226_12419,84,1.1333333333333333,0.5638411794158974,erratic
24_226_12545,32,1.4827586206896552,0.4532174556213017,intermittent
24_226_12806,92,1.0,0.4633905354222754,smooth
24_226_12811,92,1.1304347826086956,0.7830066252305169,erratic
24_226_12906,94,6.0,0.1111111111111111,intermittent
24_226_12945,92,1.0,0.21539256198347112,smooth
24_226_12981,32,1.5925925925925926,0.6103912207824418,lumpy
24_226_13071,93,1.0416666666666667,0.37130177514792917,smooth
24_226_13142,85,1.434782608695652,0.321206743566992,intermittent
24_226_13540,87,1.0689655172413792,0.36451247165532874,smooth
24_226_13578,99,1.0555555555555556,0.5614366729678636,erratic
24_226_13632,100,1.0,0.3784282417725017,smooth
24_226_13831,84,1.4166666666666667,0.3139214542822098,intermittent
24_226_13935,32,7.818181818181818,0.0694444444444446,intermittent
24_226_13989,31,1.4262295081967213,0.8776590530340163,lumpy
24_226_14251,99,1.0555555555555556,0.1771971346689817,smooth
24_226_14262,88,1.25,0.6705186777747918,erratic
25_191_156,74,2.0,1.0540074691180699,lumpy
25_191_285,40,3.391304347826087,0.7530195751770091,lumpy
25_191_546,50,68.0,0.0,intermittent
25_191_581,25,10.333333333333334,0.07999999999999981,intermittent
25_191_601,27,5.055555555555555,0.2793388429752067,intermittent
25_191_701,26,11.5,0.3727810650887574,intermittent
25_191_1517,30,5.5,0.47020376778162243,intermittent
25_191_2206,40,39.0,0.0,intermittent
25_191_2353,46,7.2,0.3494809688581316,intermittent
25_191_3063,3,4.791666666666667,0.2984542211652796,intermittent
25_191_3152,73,2.8125,0.5410225921521997,lumpy
25_191_3831,23,5.9375,0.3610586011342155,intermittent
25_191_4010,69,49.0,0.0,intermittent
25_191_4719,23,10.555555555555555,0.1183431952662723,intermittent
25_191_4736,55,6.3,0.0,intermittent
25_191_4750,40,4.588235294117647,0.33748665005339973,intermittent
25_191_5093,75,2.0476190476190474,0.42791028835884665,intermittent
25_191_5121,54,64.0,0.0,intermittent
25_191_5766,31,21.75,0.3333333333333333,intermittent
25_191_5861,25,4.65,1.2712709149163401,lumpy
25_191_5962,81,1.9473684210526316,1.7525825144872764,lumpy
25_191_6749,82,3.6,0.17187499999999978,intermittent
25_191_6823,40,3.12,0.2448979591836736,intermittent
25_191_6992,0,8.428571428571429,0.2746913580246912,intermittent
25_191_7247,42,7.6,0.45328719723183414,intermittent
25_191_7716,39,6.583333333333333,0.4650205761316873,intermittent
25_191_7763,30,29.333333333333332,0.0,intermittent
25_191_8747,25,3.3214285714285716,0.32570239334027035,intermittent
25_191_8761,40,6.5,0.42011834319526653,intermittent
25_191_8936,24,6.714285714285714,0.2967863894139888,intermittent
25_191_8999,41,9.625,0.12396694214876033,intermittent
25_191_9534,85,4.714285714285714,0.29629629629629606,intermittent
25_191_9705,72,2.3,0.5051903114186852,lumpy
25_191_10334,0,9.076923076923077,0.46153846153846145,intermittent
25_191_10381,70,16.0,0.0,intermittent
25_191_10773,58,60.0,0.0,intermittent
25_191_10960,40,2.4375,0.24839506172839507,intermittent
25_191_11291,35,41.5,0.1111111111111111,intermittent
25_191_11509,29,5.5625,0.7696064349324907,lumpy
25_191_11532,74,3.142857142857143,1.45,lumpy
25_191_12067,72,1.9166666666666667,0.324074074074074,intermittent
25_191_12279,95,23.0,0.0,intermittent
25_191_12451,29,7.416666666666667,0.06508875739644986,intermittent
25_191_12527,33,7.083333333333333,0.5167999999999997,lumpy
25_191_12767,54,32.0,0.1111111111111111,intermittent
25_191_12952,1,4.178571428571429,0.6104142011834316,lumpy
25_191_13107,0,3.2777777777777777,0.3017751479289942,intermittent
25_191_13216,0,4.916666666666667,0.3412228796844181,intermittent
25_191_13683,40,8.666666666666666,0.0,intermittent
25_191_13760,0,4.916666666666667,0.41176470588235287,intermittent
25_191_14145,1,5.318181818181818,0.26872770511296085,intermittent
25_191_14152,39,6.076923076923077,0.35897435897435886,intermittent
25_191_14266,75,3.0714285714285716,0.5007999999999999,lumpy
26_8_920,68,1.0,0.46488925742167153,smooth
26_8_6540,67,1.5,0.29521072334259146,intermittent
26_8_11255,66,1.0833333333333333,0.4484482715082954,smooth
26_8_13755,65,1.1041666666666667,0.6069513547612507,erratic
26_12_28,0,1.0,0.27861879034469517,smooth
26_12_438,71,1.0,0.3716461402036043,smooth
26_12_1549,0,1.0,0.3007676408077844,smooth
26_12_1892,98,1.0,0.11352593835076295,smooth
26_12_1926,41,1.0694444444444444,0.2702591136987127,smooth
26_12_3119,0,1.0,0.19084368693660034,smooth
26_12_3247,0,1.1132075471698113,0.4436046211325562,smooth
26_12_3257,9,1.0,0.347407445833017,smooth
26_12_3518,35,1.0121951219512195,1.0695201956562026,erratic
26_12_4508,74,1.0,0.30487902402747297,smooth
26_12_5458,66,1.04,0.2432027949141779,smooth
26_12_6967,103,1.0,0.1356269805341785,smooth
26_12_7877,5,1.0560747663551402,0.27708328335862376,smooth
26_12_7904,6,1.009009009009009,0.24007331256857978,smooth
26_12_8559,0,1.0,0.18101581239485776,smooth
26_12_9432,82,1.0,0.11228898600067098,smooth
26_12_10239,46,1.2203389830508475,0.12185928669179258,smooth
26_12_10770,82,1.0,0.268057064744259,smooth
26_12_11293,0,1.0260869565217392,0.3280210688395467,smooth
26_27_1268,19,1.8679245283018868,0.6888673886582818,lumpy
26_27_1759,4,1.3902439024390243,0.5997001249479386,lumpy
26_27_2392,0,1.2967032967032968,0.6584268482694631,erratic
26_27_4618,37,2.189189189189189,0.6582018116371978,lumpy
26_27_4870,42,1.7674418604651163,0.9038909681519665,lumpy
26_27_6194,41,2.9615384615384617,0.40943877551020413,intermittent
26_27_6644,86,1.391304347826087,0.29185702768073124,intermittent
26_27_9100,0,1.1346153846153846,0.6006585743801651,erratic
26_27_9436,20,1.4848484848484849,3.281481355557633,lumpy
26_27_10321,45,1.489795918367347,0.5287029899793098,lumpy
26_27_10390,35,1.064102564102564,1.2155162446525607,erratic
26_27_13596,37,2.025,0.8146870936740346,lumpy
26_41_112,100,1.0,0.2715855572998432,smooth
26_41_221,73,1.0,0.07517896239888976,smooth
26_41_259,7,2.3617021276595747,0.162024663055328,intermittent
26_41_500,100,1.3846153846153846,0.3332375754093652,intermittent
26_41_1938,99,1.0555555555555556,0.33313503866745997,smooth
26_41_2135,87,2.2142857142857144,0.2148760330578513,intermittent
26_41_3051,73,1.0,0.08285612571835424,smooth
26_41_4072,8,2.3404255319148937,0.1402437658724502,intermittent
26_41_5284,99,1.0,0.4492983250339518,smooth
26_41_5391,74,1.5714285714285714,0.3593794886526859,intermittent
26_41_5588,91,2.076923076923077,0.3993055555555553,intermittent
26_41_6249,93,1.7857142857142858,0.5344000000000001,lumpy
26_41_6290,89,2.4166666666666665,0.21874999999999997,intermittent
26_41_7388,74,8.8,1.2448979591836737,lumpy
26_41_7951,73,1.0714285714285714,0.46133044889129254,smooth
26_41_7987,73,1.0465116279069768,1.1581418612009924,erratic
26_41_9023,87,1.1481481481481481,0.23326630278655566,smooth
26_41_9517,88,3.0,0.68,lumpy
26_41_10256,73,1.0227272727272727,0.828809212754633,erratic
26_41_10929,72,1.0,0.15613532305897992,smooth
26_41_11141,73,1.0,0.22289612993228078,smooth
26_41_11699,73,1.2162162162162162,0.46097337006427896,smooth
26_41_14087,73,1.0,0.21773311050571184,smooth
26_41_14178,74,1.0,0.4247682419659734,smooth
26_62_3044,104,2.8,0.11111111111111122,intermittent
26_62_3677,81,3.7,0.12426035502958563,intermittent
26_62_5363,71,1.7407407407407407,0.27072053311120364,intermittent
26_62_6189,78,1.5384615384615385,0.2778827977315691,intermittent
26_62_7819,70,1.6,0.28014842300556564,intermittent
26_62_12808,82,1.1612903225806452,0.3832888888888889,smooth
26_71_12728,76,1.0,0.158918328274399,smooth
26_74_112,98,1.0,0.1651600452282428,smooth
26_74_221,26,1.1358024691358024,0.3527341950392676,smooth
26_74_259,6,1.1313131313131313,0.411881350233177,smooth
26_74_500,98,1.25,0.3406184182412014,smooth
26_74_1938,98,1.0,0.19123873205330494,smooth
26_74_2135,87,1.0,0.22977906582859736,smooth
26_74_3051,27,1.123456790123457,0.32532456606983995,smooth
26_74_4072,6,1.108910891089109,0.37950919913785536,smooth
26_74_5284,98,1.0,0.5162721893491126,erratic
26_74_5391,63,1.0185185185185186,0.6815512271814135,erratic
26_74_5588,47,1.42,0.3105981751936289,intermittent
26_74_6249,35,1.4310344827586208,0.4150894092787242,intermittent
26_74_6290,83,1.0606060606060606,0.2965680473372781,smooth
26_74_7388,48,2.0588235294117645,0.6736386723347373,lumpy
26_74_7951,57,1.0,0.6378082191780822,erratic
26_74_7987,57,1.0338983050847457,0.9541047967597237,erratic
26_74_9023,82,1.125,1.1063019390581716,erratic
26_74_9517,86,1.0,0.18095852191704384,smooth
26_74_10256,55,1.0327868852459017,0.858410897444682,erratic
26_74_10929,15,1.0842105263157895,0.2585783350754597,smooth
26_74_11141,40,1.054054054054054,0.5788440071894806,erratic
26_74_11699,63,1.0377358490566038,0.6938775510204082,erratic
26_74_14087,40,1.04,0.6156626125746991,erratic
26_74_14178,52,1.0,0.5356580250247548,erratic
26_105_221,94,1.0,0.05387167119019579,smooth
26_105_5284,104,1.0769230769230769,0.36525961312553884,smooth
26_105_5588,97,1.2352941176470589,0.8807163031067847,erratic
26_105_6249,103,1.3636363636363635,0.5406110596751119,lumpy
26_105_7987,100,4.5,0.0,intermittent
26_105_10256,98,6.666666666666667,0.0,intermittent
26_105_10929,96,1.0,0.7449244726295855,erratic
26_105_11141,95,1.0,0.31536027522351273,smooth
26_105_14087,95,1.0,0.3051424416683193,smooth
26_105_14178,96,1.0,0.5211080332409971,erratic
26_117_1268,83,1.0,0.2849886908891201,smooth
26_117_1759,0,1.0,0.3952053738197643,smooth
26_117_2392,0,1.0260869565217392,0.4137116458553773,smooth
26_117_4618,0,1.0,0.33633269609988103,smooth
26_117_4870,19,1.1,0.3041473906338771,smooth
26_117_6194,39,1.196969696969697,2.241766590911649,erratic
26_117_6644,75,1.131578947368421,0.30798368113496055,smooth
26_117_9100,83,1.0,0.19358448689182023,smooth
26_117_9436,83,1.206896551724138,0.8840049330717275,erratic
26_117_10321,14,1.0721649484536082,0.41126718646631777,smooth
26_117_10390,75,1.0,0.2254579656565439,smooth
26_117_13596,0,1.2553191489361701,0.5763645822874932,erratic
26_142_3044,67,2.125,0.6754669727642703,lumpy
26_142_3677,69,1.0888888888888888,0.4438278876557751,smooth
26_142_5363,69,1.0208333333333333,0.337868844442271,smooth
26_142_6189,68,1.0,0.25364409112841857,smooth
26_142_7819,67,1.1333333333333333,0.8072148618018635,erratic
26_142_12808,69,1.0208333333333333,0.414539044435796,smooth
26_190_382,75,1.1025641025641026,0.3921038399134666,smooth
26_190_5502,82,1.3846153846153846,0.23153356089606264,intermittent
26_190_5833,75,1.0,0.1318009868127659,smooth
26_190_6042,82,1.0,0.17910870470637252,smooth
26_190_7252,6,1.8983050847457628,0.8268870523415978,lumpy
26_190_7703,75,1.2647058823529411,0.49297777777777746,smooth
26_190_8114,75,1.1025641025641026,0.3463983288785066,smooth
26_190_8184,90,7.0,0.0,intermittent
26_190_8923,1,2.659090909090909,0.45016765819361787,intermittent
26_190_9617,0,1.5526315789473684,0.8561108828397568,lumpy
26_190_13470,98,6.666666666666667,0.0,intermittent
26_190_13484,0,1.7352941176470589,0.5470037870349742,lumpy
26_202_382,60,1.0175438596491229,0.16767049356366803,smooth
26_202_5502,27,1.467741935483871,0.5505184343741687,lumpy
26_202_5833,30,1.375,0.3603512414382022,intermittent
26_202_6042,27,1.2816901408450705,0.8725898865878498,erratic
26_202_7252,3,1.0,0.4486040152449851,smooth
26_202_7703,22,1.2307692307692308,4.834893412745848,erratic
26_202_8114,57,1.0166666666666666,1.1501428882933122,erratic
26_202_8184,48,1.0,0.3695353817691891,smooth
26_202_8923,3,1.796875,0.3417219829108114,intermittent
26_202_9617,0,1.0727272727272728,1.0320969990946394,erratic
26_202_13470,95,1.0,0.2625242322212022,smooth
26_202_13484,0,1.0535714285714286,0.46942254457097504,smooth
26_238_920,68,1.1627906976744187,0.6866764554451672,erratic
26_238_11255,66,2.0,0.4515095294316071,intermittent
26_238_13755,66,1.3333333333333333,0.8487889273356406,lumpy
26_313_438,75,43.0,0.0,intermittent
26_313_1892,100,18.0,0.0,intermittent
26_313_3257,9,109.0,0.0,intermittent
26_313_4508,74,11.0,0.5488888888888889,lumpy
26_313_7877,6,56.0,0.0,intermittent
26_313_10239,46,72.0,0.0,intermittent
26_313_10770,82,18.0,0.1111111111111111,intermittent
27_64_876,2,1.4146341463414633,1.4410395506309637,lumpy
27_64_1400,0,1.5324675324675325,2.140631300338085,lumpy
27_64_1411,0,1.4047619047619047,0.5621150795666875,lumpy
27_64_1628,0,1.6619718309859155,0.8744000000000005,lumpy
27_64_2164,4,7.6,0.33136094674556205,intermittent
27_64_2698,13,3.75,0.2067202337472608,intermittent
27_64_3418,0,1.9666666666666666,0.7611489040060468,lumpy
27_64_4587,38,1.1764705882352942,1.6260535547054806,erratic
27_64_6124,1,2.0526315789473686,0.6417917746589078,lumpy
27_64_6222,24,1.4029850746268657,0.8319184423080527,lumpy
27_64_6260,100,2.5714285714285716,0.12345679012345664,intermittent
27_64_6980,1,1.95,2.0337258244978424,lumpy
27_64_7029,2,2.6363636363636362,1.501052631578947,lumpy
27_64_7871,1,2.0892857142857144,0.4852260590957636,intermittent
27_64_8148,0,1.475,0.7644324305710988,lumpy
27_64_8215,66,1.9259259259259258,0.39792899408284044,intermittent
27_64_8640,0,1.5526315789473684,1.9557894736842103,lumpy
27_64_8801,59,1.2826086956521738,0.5480769230769232,erratic
27_64_9042,39,2.0789473684210527,0.726244792699861,lumpy
27_64_9244,3,1.4556962025316456,1.3241959195381687,lumpy
27_64_9495,0,2.3137254901960786,0.8048230565630818,lumpy
27_64_10062,103,3.0,0.4197530864197529,intermittent
27_64_10508,0,1.6857142857142857,2.158892273693418,lumpy
27_64_10733,2,3.0526315789473686,0.7368864901332436,lumpy
27_64_12005,96,2.4444444444444446,0.0,intermittent
27_64_12481,0,1.2967032967032968,1.203867034402671,erratic
27_64_12674,0,2.95,2.027146814404432,lumpy
27_64_12710,104,2.8,0.0,intermittent
27_64_12860,102,3.2,0.0,intermittent
27_64_13045,101,1.4166666666666667,0.1999999999999999,intermittent
27_64_14187,0,1.475,1.1512568186179102,lumpy
27_81_1628,83,7.0,0.11111111111111122,intermittent
27_81_8819,82,2.1176470588235294,0.5347222222222219,lumpy
27_81_9244,59,2.36,0.5237603305785123,lumpy
27_97_106,92,5.2,0.11111111111111122,intermittent
27_97_876,0,1.1346153846153846,5.168209559980601,erratic
27_97_1400,0,1.1132075471698113,2.4882574490830844,erratic
27_97_1411,0,1.0085470085470085,3.9583901433527573,erratic
27_97_1628,0,1.1683168316831682,1.3894416421141393,erratic
27_97_1845,99,1.0555555555555556,0.16201582673885864,smooth
27_97_2035,0,1.0535714285714286,0.7234026465028356,erratic
27_97_2164,0,1.1238095238095238,6.68291304877566,erratic
27_97_2329,0,1.6857142857142857,1.169142857142857,lumpy
27_97_2698,0,1.6619718309859155,16.785005566784548,lumpy
27_97_3418,0,1.063063063063063,1.248875991844559,erratic
27_97_4587,0,1.0825688073394495,0.9238637017593438,erratic
27_97_6124,0,1.0535714285714286,1.7245505969280308,erratic
27_97_6222,0,1.0925925925925926,1.1000845959183378,erratic
27_97_6260,90,1.3333333333333333,0.5659259259259262,lumpy
27_97_6387,0,1.1238095238095238,1.1180561113204828,erratic
27_97_6964,0,1.0350877192982457,3.7375248935293826,erratic
27_97_6980,0,1.145631067961165,3.872825546258417,erratic
27_97_7029,0,1.2040816326530612,1.8320278705182174,erratic
27_97_7871,0,1.2553191489361701,0.3257862718089991,smooth
27_97_8148,0,1.0925925925925926,1.3805387211111013,erratic
27_97_8215,46,1.0746268656716418,5.323125,erratic
27_97_8227,0,1.18,0.7394099042138115,erratic
27_97_8306,0,1.1238095238095238,1.530587552421082,erratic
27_97_8472,0,1.5526315789473684,0.8626693319973607,lumpy
27_97_8640,0,1.0350877192982457,1.345866988815563,erratic
27_97_8801,60,1.0943396226415094,0.8734366077842657,erratic
27_97_8819,0,1.18,1.7844596119719582,erratic
27_97_9042,0,1.0442477876106195,3.3309254721417783,erratic
27_97_9226,0,1.0925925925925926,1.7938461538461534,erratic
27_97_9244,0,1.0085470085470085,1.4650231135050509,erratic
27_97_9495,0,1.063063063063063,1.2161629629629624,erratic
27_97_10062,89,1.45,0.3280736357659435,intermittent
27_97_10508,0,1.063063063063063,2.8290576064220705,erratic
27_97_10733,0,1.4936708860759493,1.3826749011534818,lumpy
27_97_11131,90,2.0,0.44628099173553737,intermittent
27_97_11243,0,1.5128205128205128,2.1802285318559553,lumpy
27_97_11806,0,1.0825688073394495,1.3983791476634284,erratic
27_97_12005,98,1.6666666666666667,0.2041522491349479,intermittent
27_97_12481,0,1.0535714285714286,3.017010034035391,erratic
27_97_12674,0,1.145631067961165,2.330767727006151,erratic
27_97_12710,89,1.0357142857142858,0.3681994459833796,smooth
27_97_12727,0,1.388235294117647,3.7212019914482637,lumpy
27_97_12860,99,1.5833333333333333,0.1711999999999997,intermittent
27_97_13045,98,1.0526315789473684,0.108035474334856,smooth
27_97_13245,0,1.0085470085470085,0.8762584226347533,erratic
27_97_14187,0,1.1132075471698113,1.0700661808447347,erratic
27_176_106,97,1.75,0.375,intermittent
27_176_876,0,1.0172413793103448,3.601303821475284,erratic
27_176_1400,0,1.0825688073394495,1.369824956088955,erratic
27_176_1411,0,1.0,1.0824646965857625,erratic
27_176_1628,0,1.2826086956521738,2.289152184311224,erratic
27_176_1845,98,1.0,0.24113658713317118,smooth
27_176_2035,0,1.3258426966292134,0.4800293178939413,smooth
27_176_2164,0,1.4936708860759493,6.184415446531366,lumpy
27_176_2698,0,1.475,4.551739690448351,lumpy
27_176_3418,5,1.0272727272727273,5.957155649506026,erratic
27_176_4587,4,1.0458715596330275,1.9521801927391633,erratic
27_176_6222,0,1.0,1.2207923034009698,erratic
27_176_6260,94,1.0909090909090908,0.1757016532103036,smooth
27_176_6964,0,1.0172413793103448,2.9083766003774136,erratic
27_176_6980,0,1.1919191919191918,2.734913479714992,erratic
27_176_7029,0,1.0535714285714286,3.3797442626478795,erratic
27_176_7871,0,1.0825688073394495,0.41764621054318224,smooth
27_176_8148,19,1.0,1.9230935305395447,erratic
27_176_8215,47,1.0757575757575757,6.810334180668361,erratic
27_176_8306,0,1.0,1.0904012057199448,erratic
27_176_8472,5,1.0970873786407767,2.1718182811494615,erratic
27_176_8640,0,1.0085470085470085,1.4381103140920803,erratic
27_176_8801,59,1.0535714285714286,1.295472282728978,erratic
27_176_9042,0,1.0727272727272728,4.597493212585827,erratic
27_176_9226,0,1.0,2.6379363125696402,erratic
27_176_9244,0,1.0,4.348383923334136,erratic
27_176_9495,0,1.0085470085470085,0.9500000000000004,erratic
27_176_10062,95,1.2777777777777777,0.42415229030339097,smooth
27_176_10508,0,1.0727272727272728,2.2915107147208937,erratic
27_176_10733,0,1.6857142857142857,3.0911345816977454,lumpy
27_176_11131,95,1.0454545454545454,0.2872727272727272,smooth
27_176_11243,0,1.6388888888888888,9.01845446940279,lumpy
27_176_11806,0,1.0260869565217392,0.9969474219648891,erratic
27_176_12005,99,1.1176470588235294,0.3012345679012346,smooth
27_176_12481,0,1.0085470085470085,2.558129828839093,erratic
27_176_12674,0,1.1568627450980393,2.313114618404716,erratic
27_176_12710,93,1.25,0.11362607514712529,smooth
27_176_12727,0,1.9344262295081966,0.6479965191250345,lumpy
27_176_12860,99,1.0,0.40984236831987697,smooth
27_176_13045,99,1.0555555555555556,0.21633446767136585,smooth
27_176_13245,0,1.0535714285714286,1.504648575837805,erratic
27_176_14187,0,1.0085470085470085,1.3215029098908446,erratic
27_223_670,13,3.088235294117647,1.077777777777778,lumpy
27_223_876,0,1.1346153846153846,1.6081165452653488,erratic
27_223_1400,0,1.388235294117647,1.3371207614515173,lumpy
27_223_1411,0,1.1683168316831682,1.2919074173609248,erratic
27_223_1628,0,2.0344827586206895,1.1124268637496146,lumpy
27_223_2035,0,1.5128205128205128,1.0218489641345514,lumpy
27_223_2164,0,3.0256410256410255,3.367187499999999,lumpy
27_223_3418,6,1.4736842105263157,2.0336418654325383,lumpy
27_223_4587,6,1.2444444444444445,1.3545473639991603,erratic
27_223_6222,0,1.2040816326530612,2.2694111881257446,erratic
27_223_6260,93,1.3888888888888888,0.42346938775510207,intermittent
27_223_6964,0,1.1919191919191918,1.824836034982683,erratic
27_223_6980,0,1.5945945945945945,1.229678953626635,lumpy
27_223_7871,0,1.5128205128205128,0.597948717948718,lumpy
27_223_8148,20,1.240506329113924,1.0860986638630588,erratic
27_223_8215,41,1.711111111111111,3.864575446187129,lumpy
27_223_8306,0,1.1238095238095238,1.1555588585017837,erratic
27_223_8472,6,1.6,0.7851396327889087,lumpy
27_223_8640,0,1.102803738317757,1.127833305341247,erratic
27_223_9042,0,1.2164948453608246,1.2058561236623067,erratic
27_223_9226,0,1.2040816326530612,1.0210803324099724,erratic
27_223_9244,0,1.1568627450980393,1.8989441930618403,erratic
27_223_9495,0,1.1132075471698113,1.3604427984429068,erratic
27_223_10508,1,1.7727272727272727,1.3545121173469385,lumpy
27_223_11243,0,1.5526315789473684,2.36959630911188,lumpy
27_223_11806,0,1.1346153846153846,1.3584395661550508,erratic
27_223_12104,1,2.7209302325581395,1.7792260145122278,lumpy
27_223_12146,62,8.0,0.12345679012345664,intermittent
27_223_12481,0,1.1132075471698113,1.3747056929337023,erratic
27_223_12674,0,1.388235294117647,0.584050098083597,lumpy
27_223_12727,0,2.269230769230769,2.3048015122873347,lumpy
27_223_13045,93,1.1363636363636365,0.6561472715318867,erratic
27_223_13245,1,1.4444444444444444,1.0334600474236892,lumpy
27_223_14187,0,1.1568627450980393,1.0430222222222219,erratic
27_297_106,96,2.75,0.12396694214876033,intermittent
27_297_876,0,1.4216867469879517,1.7872277551431015,lumpy
27_297_1400,2,1.3488372093023255,1.4544352617079885,lumpy
27_297_1411,0,1.4216867469879517,1.5606720463391133,lumpy
27_297_1628,0,2.0,1.2039669421487604,lumpy
27_297_1845,95,1.3529411764705883,0.638020833333333,lumpy
27_297_2035,1,1.3604651162790697,1.0636103214281825,lumpy
27_297_2164,3,1.554054054054054,1.6452097985182352,lumpy
27_297_2329,0,2.2264150943396226,0.84525419145484,lumpy
27_297_2698,0,1.372093023255814,1.2226188115539696,lumpy
27_297_3418,0,2.0701754385964914,3.1925027384478066,lumpy
27_297_3420,13,2.763157894736842,0.7293277810826886,lumpy
27_297_4064,13,5.833333333333333,0.29600000000000004,intermittent
27_297_4587,1,1.3448275862068966,1.2761612179028734,lumpy
27_297_4894,15,14.714285714285714,0.36686390532544383,intermittent
27_297_6124,0,1.2826086956521738,0.979772777901537,erratic
27_297_6222,0,1.4567901234567902,1.4891343404833692,lumpy
27_297_6260,95,2.3,0.12426035502958563,intermittent
27_297_6980,0,1.372093023255814,2.221896091008543,lumpy
27_297_7871,1,2.7209302325581395,0.6665825022093168,lumpy
27_297_8148,0,1.5526315789473684,1.1016208340921507,lumpy
27_297_8215,41,1.4807692307692308,3.333810835629018,lumpy
27_297_8227,0,1.873015873015873,1.3597516435354273,lumpy
27_297_8306,0,1.2967032967032968,1.3746887560043135,erratic
27_297_8472,0,2.5106382978723403,0.7227842800149878,lumpy
27_297_8640,0,1.2688172043010753,1.5792968749999998,erratic
27_297_8681,1,6.157894736842105,1.2341311134235176,lumpy
27_297_8801,36,1.4137931034482758,11.01681058601134,lumpy
27_297_8819,0,1.873015873015873,1.6754245899259685,lumpy
27_297_9042,0,1.2688172043010753,1.6378584176085669,erratic
27_297_9226,0,1.5945945945945945,1.26737254823911,lumpy
27_297_9244,0,1.1238095238095238,1.1070646542837084,erratic
27_297_9495,0,1.5128205128205128,1.330508024232118,lumpy
27_297_9526,11,2.276595744680851,1.8007351303185564,lumpy
27_297_10062,95,1.0952380952380953,0.5037037037037039,erratic
27_297_10508,0,1.710144927536232,1.6112031558185402,lumpy
27_297_10529,13,6.176470588235294,0.9542936288088644,lumpy
27_297_11131,90,1.8666666666666667,0.23966942148760345,intermittent
27_297_11243,0,1.710144927536232,1.6060003698224852,lumpy
27_297_11806,0,1.3258426966292134,1.6331360946745561,erratic
27_297_12005,94,1.7142857142857142,0.4920634920634921,intermittent
27_297_12104,5,3.323529411764706,0.9360549610252348,lumpy
27_297_12481,0,1.1568627450980393,1.8185999999999993,erratic
27_297_12614,21,12.125,0.2222222222222222,intermittent
27_297_12674,0,1.873015873015873,0.5137500000000002,lumpy
27_297_12710,93,1.6666666666666667,0.17768595041322327,intermittent
27_297_12727,0,1.4390243902439024,1.5173024779188706,lumpy
27_297_12860,93,1.7857142857142858,0.11418685121107276,intermittent
27_297_13045,90,1.4736842105263157,0.8472222222222225,lumpy
27_297_13245,0,1.388235294117647,1.4680399565239894,lumpy
27_297_14187,0,1.372093023255814,1.2087964713295525,lumpy
28_119_29,49,23.0,0.0,intermittent
28_119_406,13,105.0,0.0,intermittent
28_119_706,6,6.588235294117647,0.10499999999999983,intermittent
28_119_806,14,52.0,0.0,intermittent
28_119_893,15,11.444444444444445,0.11570247933884288,intermittent
28_119_1036,54,2.56,0.47392290249433133,intermittent
28_119_1135,10,8.307692307692308,0.21874999999999992,intermittent
28_119_1209,7,13.875,1.32,lumpy
28_119_1266,0,4.538461538461538,0.822906082159965,lumpy
28_119_1344,0,3.933333333333333,0.43120960295475547,intermittent
28_119_1532,47,71.0,0.0,intermittent
28_119_1925,60,29.0,0.0,intermittent
28_119_1995,16,2.0,0.6391184573002756,lumpy
28_119_2255,2,116.0,0.0,intermittent
28_119_2285,2,4.0,2.4776522179119578,lumpy
28_119_2354,8,27.5,0.0,intermittent
28_119_2611,66,10.4,0.4197530864197529,intermittent
28_119_2688,1,16.714285714285715,0.09375000000000011,intermittent
28_119_2692,67,17.0,0.0,intermittent
28_119_3183,74,22.0,0.0,intermittent
28_119_3210,93,3.125,1.9585798816568047,lumpy
28_119_3223,16,25.5,0.12,intermittent
28_119_3589,14,2.122448979591837,0.69,lumpy
28_119_3590,0,29.5,0.0,intermittent
28_119_3814,63,27.5,0.0,intermittent
28_119_4016,6,112.0,0.0,intermittent
28_119_4205,1,29.25,0.22448979591836735,intermittent
28_119_4268,96,7.333333333333333,0.0,intermittent
28_119_4339,101,8.5,0.0,intermittent
28_119_4525,48,1.09375,0.30714993298758814,smooth
28_119_4814,66,26.0,0.0,intermittent
28_119_4825,48,5.833333333333333,0.06508875739644986,intermittent
28_119_5209,54,32.0,0.0,intermittent
28_119_5277,73,22.5,0.0,intermittent
28_119_5357,105,4.333333333333333,0.12500000000000006,intermittent
28_119_5495,0,1.4216867469879517,0.6234043386326259,lumpy
28_119_5739,1,117.0,0.0,intermittent
28_119_5788,0,19.666666666666668,0.0,intermittent
28_119_5808,6,22.4,0.0,intermittent
28_119_5820,6,16.0,0.0,intermittent
28_119_6058,0,4.214285714285714,0.29499999999999993,intermittent
28_119_6277,64,54.0,0.0,intermittent
28_119_6358,1,3.5454545454545454,3.7336883629191324,lumpy
28_119_6796,46,7.2,0.12426035502958563,intermittent
28_119_7135,64,18.0,0.2857142857142855,intermittent
28_119_7206,58,20.0,0.6530612244897956,lumpy
28_119_7402,83,35.0,0.0,intermittent
28_119_7435,9,109.0,0.0,intermittent
28_119_7498,6,22.4,0.5972222222222222,lumpy
28_119_7802,50,34.0,0.0,intermittent
28_119_7886,6,37.333333333333336,0.12500000000000006,intermittent
28_119_7933,8,55.0,0.0,intermittent
28_119_7934,98,2.5,0.5879017013232514,lumpy
28_119_7960,18,100.0,0.0,intermittent
28_119_8027,13,2.5,0.4019204389574759,intermittent
28_119_8045,92,26.0,0.0,intermittent
28_119_8169,93,25.0,0.0,intermittent
28_119_8214,68,5.0,1.2085048010973936,lumpy
28_119_8259,15,51.5,0.1111111111111111,intermittent
28_119_8288,1,1.8870967741935485,0.7004105162022884,lumpy
28_119_8425,0,1.9666666666666666,0.43246274635475096,intermittent
28_119_8436,92,26.0,0.0,intermittent
28_119_8579,48,70.0,0.0,intermittent
28_119_8596,18,100.0,0.0,intermittent
28_119_8617,4,114.0,0.0,intermittent
28_119_8810,5,12.555555555555555,0.26446280991735516,intermittent
28_119_8971,15,17.166666666666668,0.0,intermittent
28_119_9063,99,9.5,0.1111111111111111,intermittent
28_119_9107,12,106.0,0.0,intermittent
28_119_9110,16,6.375,0.7619753086419753,lumpy
28_119_9116,4,28.5,0.0,intermittent
28_119_9140,18,100.0,0.0,intermittent
28_119_9237,13,1.7796610169491525,0.46104793283026896,intermittent
28_119_9309,2,14.5,0.08641975308641975,intermittent
28_119_9357,6,6.588235294117647,0.4756944444444443,intermittent
28_119_9522,6,10.181818181818182,0.765432098765432,lumpy
28_119_9631,99,19.0,0.0,intermittent
28_119_9654,2,3.7419354838709675,0.8550688044438831,lumpy
28_119_9801,0,118.0,0.0,intermittent
28_119_9802,6,1.6,0.9421739452384073,lumpy
28_119_9894,12,35.333333333333336,0.0,intermittent
28_119_9992,7,27.75,0.1111111111111111,intermittent
28_119_10264,58,30.0,0.0,intermittent
28_119_10354,4,8.142857142857142,0.45600000000000007,intermittent
28_119_10412,67,51.0,0.0,intermittent
28_119_10731,18,100.0,0.0,intermittent
28_119_10793,47,14.2,0.32653061224489816,intermittent
28_119_11055,5,3.323529411764706,0.3147647376960521,intermittent
28_119_11076,15,3.5517241379310347,0.7131379962192816,lumpy
28_119_11078,8,6.875,0.12,intermittent
28_119_11294,10,54.0,0.0,intermittent
28_119_11356,16,102.0,0.0,intermittent
28_119_11427,3,8.846153846153847,0.21874999999999992,intermittent
28_119_11462,80,9.5,0.12,intermittent
28_119_11527,51,9.571428571428571,0.12345679012345664,intermittent
28_119_11669,49,23.0,0.12500000000000006,intermittent
28_119_11678,15,34.333333333333336,0.12500000000000006,intermittent
28_119_11770,0,3.5757575757575757,1.5726443550703821,lumpy
28_119_11965,16,25.5,0.3333333333333333,intermittent
28_119_11966,64,3.176470588235294,0.11791383219954639,intermittent
28_119_12036,11,8.23076923076923,0.09777777777777796,intermittent
28_119_12178,48,2.0,1.6915459483929385,lumpy
28_119_12203,7,7.4,0.36363636363636376,intermittent
28_119_12280,20,98.0,0.0,intermittent
28_119_12352,18,100.0,0.0,intermittent
28_119_12404,64,13.5,0.12,intermittent
28_119_12447,48,2.0588235294117645,0.5226223453370267,lumpy
28_119_12495,46,1.309090909090909,1.4800646478239325,erratic
28_119_12973,14,17.333333333333332,0.3388429752066117,intermittent
28_119_13105,1,19.5,0.0,intermittent
28_119_13184,5,56.5,0.0,intermittent
28_119_13422,48,70.0,0.0,intermittent
28_119_13576,10,36.0,0.3199999999999998,intermittent
28_119_13662,0,39.333333333333336,0.6530612244897956,lumpy
28_119_13741,58,20.0,0.3199999999999998,intermittent
28_119_13742,93,12.5,0.1111111111111111,intermittent
28_119_13763,4,6.705882352941177,0.4083295608872795,intermittent
28_119_13818,102,1.7777777777777777,0.11570247933884288,intermittent
28_119_13853,46,72.0,0.0,intermittent
28_119_13877,94,12.0,0.0,intermittent
28_119_13944,91,27.0,0.0,intermittent
28_119_14167,91,27.0,0.0,intermittent
28_144_25,34,14.0,0.12500000000000006,intermittent
28_144_35,59,2.4583333333333335,0.5602629656683711,lumpy
28_144_183,23,13.571428571428571,0.0,intermittent
28_144_393,81,18.5,0.36,intermittent
28_144_746,51,16.75,0.1111111111111111,intermittent
28_144_1116,90,14.0,0.0,intermittent
28_144_1266,47,23.666666666666668,0.0,intermittent
28_144_1439,71,15.666666666666666,0.0,intermittent
28_144_1560,105,4.333333333333333,0.04081632653061209,intermittent
28_144_1907,98,10.0,0.25,intermittent
28_144_1909,64,54.0,0.0,intermittent
28_144_1954,63,27.5,0.1111111111111111,intermittent
28_144_2152,15,51.5,0.25,intermittent
28_144_2199,71,23.5,0.1111111111111111,intermittent
28_144_2320,65,17.666666666666668,0.12500000000000006,intermittent
28_144_2877,71,6.714285714285714,1.138888888888889,lumpy
28_144_2972,44,9.25,0.0,intermittent
28_144_3309,34,84.0,0.0,intermittent
28_144_3375,66,8.666666666666666,0.31250000000000017,intermittent
28_144_3823,65,6.625,0.08641975308641975,intermittent
28_144_4218,33,28.333333333333332,0.0,intermittent
28_144_4342,45,2.7037037037037037,0.38281250000000006,intermittent
28_144_4490,45,24.333333333333332,0.3199999999999998,intermittent
28_144_4762,62,2.8,0.32653061224489816,intermittent
28_144_4779,90,14.0,0.0,intermittent
28_144_4791,93,25.0,0.0,intermittent
28_144_5300,31,2.6363636363636362,0.6693116445149776,lumpy
28_144_5335,44,37.0,0.0,intermittent
28_144_5609,34,3.8181818181818183,0.0694444444444446,intermittent
28_144_5718,83,8.75,0.1111111111111111,intermittent
28_144_6169,42,2.814814814814815,0.9311905839746493,lumpy
28_144_6184,4,38.0,0.0,intermittent
28_144_6217,71,23.5,0.0,intermittent
28_144_6447,51,33.5,0.1111111111111111,intermittent
28_144_6768,62,7.0,0.08641975308641975,intermittent
28_144_7011,64,7.714285714285714,0.2148760330578513,intermittent
28_144_7287,58,15.0,0.22448979591836735,intermittent
28_144_7461,67,51.0,0.0,intermittent
28_144_7725,80,9.5,0.061224489795918366,intermittent
28_144_7766,80,19.0,0.0,intermittent
28_144_7864,4,38.0,0.12500000000000006,intermittent
28_144_7936,45,4.866666666666666,0.12188365650969539,intermittent
28_144_7995,75,21.5,0.1111111111111111,intermittent
28_144_8251,76,8.4,0.32653061224489816,intermittent
28_144_8373,12,5.888888888888889,0.6735537190082642,lumpy
28_144_8445,78,6.666666666666667,0.12500000000000006,intermittent
28_144_8759,86,16.0,0.1111111111111111,intermittent
28_144_8892,25,6.2,0.5028355387523628,lumpy
28_144_9147,26,3.4074074074074074,0.21487603305785113,intermittent
28_144_9727,64,27.0,0.0,intermittent
28_144_9802,8,3.6666666666666665,0.4991076740035692,intermittent
28_144_10549,104,14.0,0.0,intermittent
28_144_11014,74,44.0,0.0,intermittent
28_144_11127,20,32.666666666666664,0.0,intermittent
28_144_11174,35,16.6,0.0,intermittent
28_144_11177,45,73.0,0.0,intermittent
28_144_11316,35,3.9523809523809526,0.6864961332540157,lumpy
28_144_11669,36,9.11111111111111,0.1938775510204081,intermittent
28_144_11770,6,4.148148148148148,0.16816326530612258,intermittent
28_144_11771,1,14.625,0.08641975308641975,intermittent
28_144_12134,39,5.642857142857143,0.12465373961218834,intermittent
28_144_12330,80,38.0,0.0,intermittent
28_144_12484,0,1.873015873015873,0.5985595567867037,lumpy
28_144_12838,37,10.125,0.12,intermittent
28_144_13149,33,14.166666666666666,0.2592592592592593,intermittent
28_144_13269,63,2.75,0.39438085327783545,intermittent
28_144_13562,9,9.909090909090908,0.0694444444444446,intermittent
28_144_13600,95,7.666666666666667,0.12500000000000006,intermittent
28_144_13662,64,27.0,0.0,intermittent
28_144_13714,38,80.0,0.0,intermittent
28_144_13853,46,9.0,0.10222222222222223,intermittent
28_144_13858,22,6.857142857142857,0.1899999999999999,intermittent
28_144_14133,24,23.5,0.12,intermittent
28_280_84,95,23.0,0.0,intermittent
28_280_140,8,110.0,0.0,intermittent
28_280_291,75,1.131578947368421,1.4466096652828846,erratic
28_280_350,38,5.333333333333333,0.48550724637681186,intermittent
28_280_385,27,1.625,0.4242624104119949,intermittent
28_280_397,21,1.515625,1.0620408163265307,lumpy
28_280_431,40,15.6,0.5688775510204085,lumpy
28_280_449,38,1.5686274509803921,0.9428954001260236,lumpy
28_280_453,0,1.84375,0.5984785266548933,lumpy
28_280_528,1,7.8,0.275,intermittent
28_280_566,9,1.7301587301587302,1.577831081934099,lumpy
28_280_584,4,12.666666666666666,0.4661117717003565,intermittent
28_280_631,1,39.0,0.0,intermittent
28_280_644,8,36.666666666666664,0.0,intermittent
28_280_646,18,100.0,0.0,intermittent
28_280_738,2,3.2222222222222223,0.3536359850062475,intermittent
28_280_796,1,117.0,0.0,intermittent
28_280_807,4,114.0,0.0,intermittent
28_280_817,61,1.0754716981132075,0.4059505833624932,smooth
28_280_896,68,1.0,0.38557234213561,smooth
28_280_907,5,18.833333333333332,0.0,intermittent
28_280_975,0,59.0,0.0,intermittent
28_280_980,4,1.1515151515151516,0.4927005997482788,smooth
28_280_1020,27,13.0,1.0714285714285716,lumpy
28_280_1063,0,1.7611940298507462,0.3989517099157932,intermittent
28_280_1108,1,3.0,0.6464265927977844,lumpy
28_280_1129,88,15.0,0.0,intermittent
28_280_1135,0,1.1346153846153846,0.5117190272875696,erratic
28_280_1192,18,25.0,0.12,intermittent
28_280_1244,0,2.107142857142857,0.5778794420644062,lumpy
28_280_1292,60,1.16,1.0417680244293772,erratic
28_280_1347,0,59.0,0.0,intermittent
28_280_1373,48,2.5925925925925926,0.546712802768166,lumpy
28_280_1490,99,1.0,0.15143386291722372,smooth
28_280_1648,6,56.0,0.0,intermittent
28_280_1662,0,1.1683168316831682,1.907782171265972,erratic
28_280_1778,0,1.5324675324675325,0.866580486303478,lumpy
28_280_1797,0,1.7352941176470589,2.45300941699986,lumpy
28_280_1899,41,38.5,0.25,intermittent
28_280_1925,3,2.1296296296296298,1.1181640625000002,lumpy
28_280_1961,0,3.933333333333333,1.928949357520786,lumpy
28_280_1977,76,1.0769230769230769,0.49511054421768724,smooth
28_280_1980,54,1.8285714285714285,0.38055555555555565,intermittent
28_280_1982,0,8.428571428571429,0.38397502601456796,intermittent
28_280_1995,0,1.0442477876106195,0.3211656735490734,smooth
28_280_2062,88,1.1111111111111112,0.5504473209260805,erratic
28_280_2087,5,113.0,0.0,intermittent
28_280_2115,0,23.6,0.11111111111111122,intermittent
28_280_2152,0,1.3409090909090908,0.3368160884953002,intermittent
28_280_2205,0,1.2291666666666667,0.49353986637503444,smooth
28_280_2254,22,32.0,0.07999999999999986,intermittent
28_280_2285,0,1.0442477876106195,0.8254813415454686,erratic
28_280_2319,81,37.0,0.0,intermittent
28_280_2368,67,6.375,0.1328,intermittent
28_280_2382,57,61.0,0.0,intermittent
28_280_2407,61,1.5405405405405406,0.5819555555555557,lumpy
28_280_2428,12,53.0,0.0,intermittent
28_280_2455,5,18.833333333333332,0.0,intermittent
28_280_2549,60,1.1372549019607843,0.4015160119798425,smooth
28_280_2564,0,5.130434782608695,0.31314878892733583,intermittent
28_280_2690,14,14.857142857142858,0.6666666666666666,lumpy
28_280_2702,72,1.2105263157894737,0.8195961477382225,erratic
28_280_2717,92,13.0,0.0,intermittent
28_280_2806,45,6.636363636363637,0.375,intermittent
28_280_2885,62,1.0769230769230769,0.4457781881604599,smooth
28_280_2895,0,2.744186046511628,0.40550255307712973,intermittent
28_280_2931,28,22.5,0.22448979591836735,intermittent
28_280_2943,72,1.84,1.1364795918367345,lumpy
28_280_3016,0,1.0727272727272728,0.4386608455606566,smooth
28_280_3089,0,118.0,0.0,intermittent
28_280_3210,38,1.0526315789473684,0.5983275775375567,erratic
28_280_3298,1,1.2446808510638299,0.8341680473372781,erratic
28_280_3305,61,1.0178571428571428,0.5355327203893997,erratic
28_280_3385,53,9.285714285714286,0.4259259259259257,intermittent
28_280_3495,28,3.0,1.1631715024418272,lumpy
28_280_3571,61,1.2666666666666666,0.5392459646873727,erratic
28_280_3602,1,2.207547169811321,0.5582470414201184,lumpy
28_280_3642,0,1.0925925925925926,0.4964071005917161,smooth
28_280_3758,3,12.777777777777779,0.520775623268698,lumpy
28_280_3800,6,56.0,0.0,intermittent
28_280_3814,3,2.5555555555555554,0.7102734205468407,lumpy
28_280_3836,0,2.2264150943396226,0.7608505778016665,lumpy
28_280_3847,0,2.744186046511628,0.5238076591745636,lumpy
28_280_3911,0,1.2826086956521738,0.34110787172011653,smooth
28_280_3921,78,40.0,0.0,intermittent
28_280_3953,3,115.0,0.0,intermittent
28_280_3970,0,8.428571428571429,0.5357142857142858,lumpy
28_280_4066,98,1.0526315789473684,0.4745427582797825,smooth
28_280_4142,4,57.0,0.0,intermittent
28_280_4235,72,1.3142857142857143,0.6720233747260774,erratic
28_280_4268,0,3.1052631578947367,0.7320650019817682,lumpy
28_280_4273,0,2.4583333333333335,0.3163265306122447,intermittent
28_280_4486,3,2.6136363636363638,2.2585059171597623,lumpy
28_280_4521,64,2.4545454545454546,0.4520140291210543,intermittent
28_280_4524,11,1.0388349514563107,0.5171767505759297,erratic
28_280_4609,1,2.0526315789473686,1.0996556401961806,lumpy
28_280_4661,0,1.0825688073394495,0.21651357180001474,smooth
28_280_4685,32,17.2,0.5624999999999997,lumpy
28_280_4738,0,1.2164948453608246,0.6278190007750093,erratic
28_280_4762,19,1.125,0.5290331317695023,erratic
28_280_4775,1,2.25,0.2987565097247316,intermittent
28_280_4944,5,28.25,0.0,intermittent
28_280_5000,3,1.9827586206896552,0.6537092923742173,lumpy
28_280_5035,64,1.8620689655172413,0.4048442906574398,intermittent
28_280_5080,100,1.0588235294117647,0.31749999999999984,smooth
28_280_5209,0,1.102803738317757,0.6016575708647978,erratic
28_280_5352,6,12.444444444444445,0.2248520710059171,intermittent
28_280_5357,98,1.0,0.1284890426758938,smooth
28_280_5427,0,1.4047619047619047,0.6362208734596676,lumpy
28_280_5436,56,10.333333333333334,0.0,intermittent
28_280_5477,7,22.2,0.0,intermittent
28_280_5479,40,1.3220338983050848,3.2497801841825167,erratic
28_280_5486,63,55.0,0.0,intermittent
28_280_5535,7,55.5,0.1111111111111111,intermittent
28_280_5570,4,114.0,0.0,intermittent
28_280_5596,14,52.0,0.0,intermittent
28_280_5651,0,1.1919191919191918,0.44189832341806384,smooth
28_280_5689,64,3.176470588235294,0.29861111111111094,intermittent
28_280_5753,9,12.11111111111111,0.47656250000000017,intermittent
28_280_5754,89,1.0357142857142858,0.8187282289461103,erratic
28_280_5812,0,1.5733333333333333,0.6179674484172755,lumpy
28_280_5822,13,105.0,0.0,intermittent
28_280_5860,2,5.043478260869565,1.3176020408163265,lumpy
28_280_5895,1,39.0,0.12500000000000006,intermittent
28_280_5907,3,3.59375,1.0578684807256236,lumpy
28_280_5967,0,1.4216867469879517,0.531556889973103,lumpy
28_280_6448,0,1.0535714285714286,0.26196009092362366,smooth
28_280_6479,42,1.2666666666666666,0.6107404844290658,erratic
28_280_6527,0,2.0701754385964914,0.4408333333333336,intermittent
28_280_6574,35,41.5,0.0,intermittent
28_280_6731,0,4.068965517241379,1.3509355709876543,lumpy
28_280_6733,22,9.6,0.24260355029585792,intermittent
28_280_6886,65,17.666666666666668,0.04081632653061209,intermittent
28_280_6936,62,1.018181818181818,0.4840838296102753,smooth
28_280_7067,0,1.0172413793103448,0.37041863596992985,smooth
28_280_7076,0,8.428571428571429,0.6041666666666669,lumpy
28_280_7162,0,4.37037037037037,0.3608,intermittent
28_280_7172,0,1.3409090909090908,0.6334539508546687,lumpy
28_280_7287,42,1.8095238095238095,0.7261904761904763,lumpy
28_280_7302,0,1.2040816326530612,0.8535224809987488,erratic
28_280_7347,0,1.0925925925925926,0.2230069820898898,smooth
28_280_7374,0,1.0442477876106195,0.19707681186092482,smooth
28_280_7400,35,5.1875,0.3388203017832647,intermittent
28_280_7454,15,5.15,1.1893491124260354,lumpy
28_280_7460,10,54.0,0.0,intermittent
28_280_7487,1,9.75,0.9345627602617489,lumpy
28_280_7529,0,2.5652173913043477,0.8948062965406726,lumpy
28_280_7553,77,41.0,0.0,intermittent
28_280_7598,64,2.25,0.41481882098431583,intermittent
28_280_7650,15,103.0,0.0,intermittent
28_280_7699,33,1.0119047619047619,0.511544278916448,erratic
28_280_7801,2,38.666666666666664,0.12500000000000006,intermittent
28_280_7804,0,1.0825688073394495,0.2703324473469387,smooth
28_280_7825,2,4.833333333333333,0.9906577452341874,lumpy
28_280_7848,0,118.0,0.0,intermittent
28_280_7865,2,1.5675675675675675,2.379840929175609,lumpy
28_280_7933,0,1.0085470085470085,0.34061850289975826,smooth
28_280_7955,0,1.1346153846153846,0.5514532871972321,erratic
28_280_7969,2,19.333333333333332,0.10204081632653039,intermittent
28_280_8027,1,1.1584158415841583,0.5236059171597631,erratic
28_280_8028,13,5.25,1.432,lumpy
28_280_8098,0,1.903225806451613,0.2910819375282933,intermittent
28_280_8200,68,1.1627906976744187,0.39838842975206595,smooth
28_280_8210,10,1.542857142857143,1.377385111529159,lumpy
28_280_8214,3,1.3068181818181819,0.4128774918045503,smooth
28_280_8237,0,1.0925925925925926,0.2851209043294921,smooth
28_280_8288,0,1.0,0.13479559059661367,smooth
28_280_8373,0,1.0085470085470085,0.1878177605627682,smooth
28_280_8404,0,1.1568627450980393,0.6692903611879717,erratic
28_280_8433,0,3.5757575757575757,0.8698096885813149,lumpy
28_280_8518,16,1.8888888888888888,0.602137867182897,lumpy
28_280_8545,1,13.0,0.0,intermittent
28_280_8568,1,6.157894736842105,0.5173611111111113,lumpy
28_280_8620,0,1.372093023255814,0.929862970076327,lumpy
28_280_8641,20,1.9215686274509804,0.6431114275542893,lumpy
28_280_8676,0,4.214285714285714,0.9063487503590919,lumpy
28_280_8784,63,5.0,0.0,intermittent
28_280_8810,0,2.269230769230769,1.064635272391505,lumpy
28_280_8867,63,1.1702127659574468,0.9244970414201183,erratic
28_280_8904,0,5.619047619047619,0.5287999999999999,lumpy
28_280_8924,8,55.0,0.0,intermittent
28_280_8943,66,1.625,2.597516040093793,lumpy
28_280_8955,4,3.3529411764705883,0.4161623353506586,intermittent
28_280_9063,38,1.1764705882352942,0.719524664810567,erratic
28_280_9111,0,1.0,0.10272809722856546,smooth
28_280_9116,0,1.710144927536232,0.48965331900026887,intermittent
28_280_9140,18,16.666666666666668,0.31250000000000017,intermittent
28_280_9217,61,1.14,0.3379266143246272,smooth
28_280_9356,0,19.666666666666668,0.8367346938775506,lumpy
28_280_9415,21,1.6440677966101696,1.0769538734307529,lumpy
28_280_9540,2,2.6363636363636362,0.17065305025530755,intermittent
28_280_9578,64,1.148936170212766,0.47944849115504695,smooth
28_280_9581,0,1.0,0.1925187433623093,smooth
28_280_9586,14,4.9523809523809526,4.0936666666666675,lumpy
28_280_9596,61,1.1176470588235294,0.8499401727613961,erratic
28_280_9611,20,24.5,0.1111111111111111,intermittent
28_280_9619,0,39.333333333333336,0.12500000000000006,intermittent
28_280_9654,0,1.0,0.14791227521984146,smooth
28_280_9763,0,7.375,0.3056,intermittent
28_280_9791,5,37.666666666666664,0.12500000000000006,intermittent
28_280_9801,8,15.714285714285714,0.5555555555555554,lumpy
28_280_9888,71,6.714285714285714,0.2148760330578513,intermittent
28_280_9947,0,4.916666666666667,0.42940441482715563,intermittent
28_280_10161,88,1.1111111111111112,0.23374726077428806,smooth
28_280_10196,9,109.0,0.0,intermittent
28_280_10204,0,14.75,0.0,intermittent
28_280_10212,0,1.0,0.17418710817175453,smooth
28_280_10232,0,1.3111111111111111,0.6631343910735154,erratic
28_280_10240,13,35.0,0.0,intermittent
28_280_10244,38,1.0389610389610389,0.4327956095252213,smooth
28_280_10261,14,3.1515151515151514,2.4209638263804,lumpy
28_280_10264,9,4.36,0.22070312499999994,intermittent
28_280_10341,0,1.0,0.1512464175439595,smooth
28_280_10354,0,1.145631067961165,0.6151736892203126,erratic
28_280_10391,19,1.523076923076923,0.2570247933884298,intermittent
28_280_10436,60,1.0,0.30469112426035483,smooth
28_280_10549,38,1.3333333333333333,1.0280612244897953,lumpy
28_280_10635,14,26.0,0.12,intermittent
28_280_10793,14,5.473684210526316,0.4019097222222224,intermittent
28_280_10808,0,1.6857142857142857,0.45158179012345717,intermittent
28_280_10809,42,1.2666666666666666,0.720951575896631,erratic
28_280_10840,8,1.264367816091954,1.911331046078374,erratic
28_280_10894,0,1.3409090909090908,0.45576159335901345,intermittent
28_280_10901,25,1.0813953488372092,0.595111642640673,erratic
28_280_10924,41,1.3508771929824561,0.6729050272445652,lumpy
28_280_11010,99,1.0555555555555556,0.28098784051277204,smooth
28_280_11055,0,1.0085470085470085,0.33051763016886965,smooth
28_280_11076,9,1.0686274509803921,0.5877852893455923,erratic
28_280_11169,0,1.1132075471698113,0.37664412134789693,smooth
28_280_11183,59,1.1346153846153846,0.4224594147374071,smooth
28_280_11242,14,104.0,0.0,intermittent
28_280_11250,99,1.0,0.5289148797920727,erratic
28_280_11298,0,1.2421052631578948,0.5302024155199261,erratic
28_280_11324,98,1.25,1.1870464928782585,erratic
28_280_11327,1,2.7857142857142856,0.537077474015198,lumpy
28_280_11349,0,1.1132075471698113,0.5475982798490813,erratic
28_280_11397,14,34.666666666666664,0.3199999999999998,intermittent
28_280_11460,11,4.28,0.1706555671175858,intermittent
28_280_11476,78,20.0,0.0,intermittent
28_280_11517,2,2.761904761904762,0.46401086464463537,intermittent
28_280_11518,19,16.5,0.10204081632653039,intermittent
28_280_11625,27,1.625,0.7244309679592983,lumpy
28_280_11669,0,1.1919191919191918,0.3716069095659746,smooth
28_280_11678,0,1.5324675324675325,0.35351562500000006,intermittent
28_280_11689,98,1.0526315789473684,0.4807680963471064,smooth
28_280_11770,0,1.0925925925925926,4.117947309036835,erratic
28_280_11779,2,4.833333333333333,0.21356335514574656,intermittent
28_280_11804,16,20.4,0.11111111111111122,intermittent
28_280_11826,61,57.0,0.0,intermittent
28_280_11963,0,16.857142857142858,0.09375000000000011,intermittent
28_280_12019,0,2.95,0.20713305898491077,intermittent
28_280_12049,0,23.6,0.0,intermittent
28_280_12106,16,1.4782608695652173,8.855314143079406,lumpy
28_280_12200,0,1.0535714285714286,0.6187236459289868,erratic
28_280_12317,0,39.333333333333336,0.0,intermittent
28_280_12336,3,2.2549019607843137,5.225916711736073,lumpy
28_280_12348,0,39.333333333333336,0.12500000000000006,intermittent
28_280_12352,24,94.0,0.0,intermittent
28_280_12391,1,1.231578947368421,0.49241170961100356,smooth
28_280_12400,23,11.875,0.12396694214876033,intermittent
28_280_12457,0,1.063063063063063,0.40054144268276126,smooth
28_280_12484,0,1.0,0.10531128311493095,smooth
28_280_12487,0,1.0,0.15820964698743983,smooth
28_280_12495,36,1.0,0.5875139682927395,erratic
28_280_12506,11,15.285714285714286,0.12345679012345664,intermittent
28_280_12631,12,5.888888888888889,0.715976331360947,lumpy
28_280_12676,0,1.1238095238095238,0.39490845821259657,smooth
28_280_12739,62,18.666666666666668,0.0,intermittent
28_280_12819,2,2.2745098039215685,2.3456000000000006,lumpy
28_280_12838,5,1.2840909090909092,0.6672644901359124,erratic
28_280_12925,0,4.37037037037037,0.5515088449531735,lumpy
28_280_12942,99,1.0555555555555556,0.2920291363163373,smooth
28_280_12955,14,26.0,0.0,intermittent
28_280_12958,100,1.125,0.1802498512790006,smooth
28_280_12994,1,117.0,0.0,intermittent
28_280_13105,0,2.185185185185185,0.7967484412330281,lumpy
28_280_13181,2,58.0,0.1111111111111111,intermittent
28_280_13194,21,97.0,0.0,intermittent
28_280_13287,22,24.0,0.1111111111111111,intermittent
28_280_13340,60,1.4146341463414633,0.5915527343749999,lumpy
28_280_13420,0,5.619047619047619,0.33993079584775104,intermittent
28_280_13460,13,26.25,0.12,intermittent
28_280_13466,6,12.444444444444445,0.07999999999999981,intermittent
28_280_13473,76,1.2352941176470589,0.34476451760402393,smooth
28_280_13497,0,1.0172413793103448,0.2012150458194197,smooth
28_280_13534,0,1.0825688073394495,0.43421933233865667,smooth
28_280_13563,16,102.0,0.0,intermittent
28_280_13591,0,1.5526315789473684,0.5005330090236173,lumpy
28_280_13642,14,3.3548387096774195,0.5461728395061728,lumpy
28_280_13674,6,112.0,0.0,intermittent
28_280_13681,75,1.303030303030303,0.6649659863945577,erratic
28_280_13741,46,1.8461538461538463,1.3743839861809684,lumpy
28_280_13766,21,9.7,0.5591836734693879,lumpy
28_280_13853,22,1.5483870967741935,0.9138675173578532,lumpy
28_280_13859,37,27.0,0.0,intermittent
28_280_13882,41,4.277777777777778,0.12287334593572795,intermittent
28_280_13944,8,1.2790697674418605,1.9295348837209303,erratic
28_280_14008,1,58.5,0.0,intermittent
28_280_14025,10,36.0,0.12500000000000006,intermittent
28_280_14054,0,1.063063063063063,0.25928922322783265,smooth
28_280_14057,0,1.063063063063063,0.4396675028211231,smooth
28_280_14063,14,26.0,0.0,intermittent
28_280_14090,60,1.7058823529411764,0.8436596699246919,lumpy
28_280_14109,8,55.0,0.1111111111111111,intermittent
28_280_14213,0,1.063063063063063,0.468851052533371,smooth
28_294_162,9,4.541666666666667,0.8152599774221397,lumpy
28_294_183,0,4.916666666666667,0.4156378600823046,intermittent
28_294_595,100,18.0,0.0,intermittent
28_294_893,6,6.222222222222222,0.6193771626297578,lumpy
28_294_1491,3,6.764705882352941,0.5103969754253306,lumpy
28_294_2334,3,4.107142857142857,0.3635116598079559,intermittent
28_294_2566,22,96.0,0.0,intermittent
28_294_3481,0,3.3714285714285714,0.36718750000000006,intermittent
28_294_4722,17,3.3666666666666667,0.6545731434202279,lumpy
28_294_5427,10,2.7,0.5136447967616798,lumpy
28_294_8225,11,53.5,0.0,intermittent
28_294_8816,56,62.0,0.0,intermittent
28_294_9030,0,10.727272727272727,0.47165532879818567,intermittent
28_294_9794,99,6.333333333333333,0.7916666666666667,lumpy
28_294_9802,10,2.25,0.7856747404844292,lumpy
28_294_10251,28,45.0,0.0,intermittent
28_294_10265,0,3.4705882352941178,0.684133333333333,lumpy
28_294_10341,39,7.9,2.7278106508875744,lumpy
28_294_10577,0,2.8095238095238093,0.6314505535747795,lumpy
28_294_11057,10,3.375,0.7013744273219492,lumpy
29_310_11154,39,1.4107142857142858,0.6967152945068805,lumpy
30_186_41,62,1.6470588235294117,0.5036430840448272,lumpy
30_186_225,41,1.1323529411764706,0.5666934742647058,erratic
30_186_402,0,1.0,1.5864686317559973,erratic
30_186_460,63,1.0,0.35932529115915834,smooth
30_186_470,17,1.9056603773584906,1.0983406136623466,lumpy
30_186_619,62,1.6470588235294117,0.6569859017232954,lumpy
30_186_623,93,2.272727272727273,0.3621818181818182,intermittent
30_186_624,17,5.315789473684211,0.8072337858595406,lumpy
30_186_703,41,4.052631578947368,0.7257785467128027,lumpy
30_186_990,62,1.0980392156862746,0.5962871088396763,erratic
30_186_1110,11,53.5,0.04,intermittent
30_186_1169,0,1.0,1.0449981616535176,erratic
30_186_1215,0,11.8,0.6835217132659133,lumpy
30_186_1217,11,107.0,0.0,intermittent
30_186_1341,38,16.0,0.34950869236583515,intermittent
30_186_1386,1,14.625,0.4117647058823529,intermittent
30_186_1399,10,108.0,0.0,intermittent
30_186_1507,62,1.3658536585365855,0.678362573099415,lumpy
30_186_1508,0,1.102803738317757,0.7517925285805115,erratic
30_186_1735,60,1.16,1.0615816231632464,erratic
30_186_1872,0,2.0701754385964914,1.0232386966702045,lumpy
30_186_1957,0,9.833333333333334,0.5363520408163264,lumpy
30_186_1987,0,1.3563218390804597,1.9623525284208425,lumpy
30_186_2033,60,1.2340425531914894,0.7018807155042025,erratic
30_186_2039,0,1.0260869565217392,0.9380016143757843,erratic
30_186_2155,41,1.711111111111111,1.0027642734226092,lumpy
30_186_2203,10,5.684210526315789,1.485215186946757,lumpy
30_186_2366,0,1.2040816326530612,2.351552834050841,erratic
30_186_2444,63,1.9642857142857142,0.3070739932553064,intermittent
30_186_2473,6,6.222222222222222,1.1145314622000906,lumpy
30_186_2486,17,12.625,0.45729402872260017,intermittent
30_186_2682,41,1.305084745762712,0.6204948469153746,erratic
30_186_2867,6,7.0,1.9930183325075448,lumpy
30_186_3149,0,1.0085470085470085,1.877597385621878,erratic
30_186_3207,20,9.8,0.7880145457861681,lumpy
30_186_3224,66,1.2093023255813953,1.0650733681902511,erratic
30_186_3231,62,1.2173913043478262,1.1992223875053527,erratic
30_186_3297,17,1.3835616438356164,2.029519545588635,lumpy
30_186_3357,0,1.0,1.4722306410040704,erratic
30_186_3440,20,9.8,0.6774768204398587,lumpy
30_186_3452,62,1.1428571428571428,0.6622299382716047,erratic
30_186_3485,66,1.0196078431372548,1.2656464334705078,erratic
30_186_3507,60,1.16,0.8653010530386837,erratic
30_186_3622,62,1.8666666666666667,0.4041883961275037,intermittent
30_186_3646,53,1.625,0.6112964114547018,lumpy
30_186_3650,0,1.4216867469879517,1.249121386195536,lumpy
30_186_3663,10,54.0,0.1111111111111111,intermittent
30_186_3723,10,2.769230769230769,1.0652119377162632,lumpy
30_186_3784,93,1.9230769230769231,1.208343478613749,lumpy
30_186_4127,11,107.0,0.0,intermittent
30_186_4246,60,1.288888888888889,0.662663014949996,erratic
30_186_4253,66,1.2093023255813953,1.351068522693853,erratic
30_186_4254,41,2.264705882352941,1.0423506172839507,lumpy
30_186_4324,14,26.0,0.3213084925438076,intermittent
30_186_4379,93,1.7857142857142858,0.32871776854664814,intermittent
30_186_4510,93,1.7857142857142858,0.5935239973701514,lumpy
30_186_4535,93,2.272727272727273,0.9633948817622289,lumpy
30_186_4574,0,9.076923076923077,0.15104166666666644,intermittent
30_186_4871,93,2.5,0.2864197530864198,intermittent
30_186_4904,17,8.416666666666666,0.9075517334049987,lumpy
30_186_5049,0,2.6818181818181817,0.3586903244779924,intermittent
30_186_5111,97,5.25,2.3138484429801256,lumpy
30_186_5197,66,1.4444444444444444,0.9999999999999998,lumpy
30_186_5247,41,1.711111111111111,0.971077079401945,lumpy
30_186_5287,93,2.272727272727273,0.6936360342953747,lumpy
30_186_5494,0,3.2777777777777777,0.45777777777777773,intermittent
30_186_5554,0,1.0,0.9608695667451048,erratic
30_186_5782,53,2.096774193548387,1.4618382155334586,lumpy
30_186_5837,0,1.0260869565217392,0.9699509233821462,erratic
30_186_5939,62,1.3658536585365855,1.0468885652888689,lumpy
30_186_5957,0,1.2688172043010753,1.1182133142403612,erratic
30_186_6215,0,1.0,1.4165558789183186,erratic
30_186_6293,93,1.7857142857142858,0.8690337712858256,lumpy
30_186_6311,72,1.2105263157894737,1.5360566156051243,erratic
30_186_6327,17,5.9411764705882355,0.8265997743101726,lumpy
30_186_6403,41,2.4838709677419355,1.3064372383994116,lumpy
30_186_6623,97,5.25,1.3429355281207134,lumpy
30_186_6916,57,1.0701754385964912,0.33337424967759405,smooth
30_186_6942,10,54.0,0.5625,lumpy
30_186_7054,0,3.5757575757575757,0.35616438356164415,intermittent
30_186_7065,6,5.090909090909091,1.93237143628718,lumpy
30_186_7096,66,1.2093023255813953,0.7679165088583092,erratic
30_186_7130,0,1.0,0.8566364580673915,erratic
30_186_7182,62,1.8064516129032258,1.2781990038186304,lumpy
30_186_7536,66,1.2682926829268293,0.8354207534832253,erratic
30_186_7548,63,1.0,0.46780777482303715,smooth
30_186_7586,0,39.333333333333336,0.3199999999999998,intermittent
30_186_7781,97,3.0,0.28341855368882396,intermittent
30_186_7872,10,2.347826086956522,1.306484871438792,lumpy
30_186_7919,6,28.0,1.4304399524375744,lumpy
30_186_8038,6,11.2,1.160627366143862,lumpy
30_186_8229,93,1.7857142857142858,1.034487884643972,lumpy
30_186_8243,71,4.2727272727272725,0.4291918367346942,intermittent
30_186_8257,0,2.269230769230769,0.7174149659863945,lumpy
30_186_8324,17,1.6290322580645162,2.4443440962386607,lumpy
30_186_8476,0,1.475,0.7684336797910202,lumpy
30_186_8561,17,1.5538461538461539,1.6708566287058366,lumpy
30_186_8606,0,2.5106382978723403,1.1555537156887368,lumpy
30_186_8611,69,1.0888888888888888,1.1978170047800067,erratic
30_186_8665,72,1.5862068965517242,1.039801252523161,lumpy
30_186_9096,93,2.7777777777777777,1.124256837098692,lumpy
30_186_9136,93,2.0833333333333335,0.8162925203411431,lumpy
30_186_9296,20,16.333333333333332,0.7710630418314954,lumpy
30_186_9313,53,1.3265306122448979,0.7075669475099882,erratic
30_186_9350,0,1.0,1.255244559050401,erratic
30_186_9363,66,1.1304347826086956,1.6238581556363236,erratic
30_186_9461,62,1.9310344827586208,1.1787430255322027,lumpy
30_186_9512,69,2.8823529411764706,0.8266727662865292,lumpy
30_186_9525,10,3.4838709677419355,0.99017578125,lumpy
30_186_9710,10,1.9636363636363636,1.3125156050060864,lumpy
30_186_9782,0,1.0085470085470085,1.511168404416518,erratic
30_186_9840,17,6.733333333333333,0.698528130014437,lumpy
30_186_10036,0,1.0085470085470085,1.1350535251708753,erratic
30_186_10057,17,1.6833333333333333,2.720235530948174,lumpy
30_186_10172,0,1.0442477876106195,0.8029600951370092,erratic
30_186_10205,0,1.3409090909090908,0.7038125219470582,lumpy
30_186_10317,0,1.4216867469879517,1.0044004141566263,lumpy
30_186_10343,17,7.769230769230769,0.8803835691744397,lumpy
30_186_10427,10,3.7241379310344827,1.4715249740040877,lumpy
30_186_10439,10,7.714285714285714,0.6100728407908429,lumpy
30_186_10448,72,1.2432432432432432,0.931492439184747,erratic
30_186_10502,0,3.2777777777777777,1.3599242833964302,lumpy
30_186_10581,14,26.0,0.2671604938271605,intermittent
30_186_10619,62,1.2173913043478262,0.583263746655164,erratic
30_186_10655,0,3.2777777777777777,0.36742147552958393,intermittent
30_186_10662,10,4.695652173913044,0.5916,lumpy
30_186_10764,71,7.833333333333333,0.5414753596571779,lumpy
30_186_10768,10,108.0,0.0,intermittent
30_186_10886,60,1.2340425531914894,0.45278698431583636,smooth
30_186_10910,6,3.7333333333333334,1.4521958114636784,lumpy
30_186_11133,93,1.9230769230769231,0.3952393811967129,intermittent
30_186_11270,41,1.6041666666666667,1.0550996186964978,lumpy
30_186_11310,0,1.3258426966292134,1.949023299470241,erratic
30_186_11424,93,1.7857142857142858,0.748788088642659,lumpy
30_186_11773,93,1.6666666666666667,0.5176870748299318,lumpy
30_186_11795,0,7.866666666666666,1.1844869146005506,lumpy
30_186_11807,53,1.1403508771929824,1.5547401281559778,erratic
30_186_11865,6,4.148148148148148,1.2703479877682216,lumpy
30_186_11902,62,1.4736842105263157,0.9300279636786374,lumpy
30_186_11959,17,8.416666666666666,1.0221942759221125,lumpy
30_186_11984,69,2.8823529411764706,0.6681697872757573,lumpy
30_186_12013,62,1.1666666666666667,0.6940361602497397,erratic
30_186_12185,7,4.44,0.7331433998100668,lumpy
30_186_12187,71,3.6153846153846154,0.4184615384615384,intermittent
30_186_12548,69,1.0,0.5291556997776576,erratic
30_186_12596,0,1.0,1.2037310898821276,erratic
30_186_12659,0,39.333333333333336,0.2857142857142855,intermittent
30_186_12709,69,2.227272727272727,0.621419834980737,lumpy
30_186_12799,62,1.1666666666666667,0.6936975236475714,erratic
30_186_12866,14,26.0,0.29462603878116345,intermittent
30_186_12888,17,5.611111111111111,1.0359909560188956,lumpy
30_186_12914,0,3.5757575757575757,1.1317858102660576,lumpy
30_186_13200,0,5.130434782608695,0.4232609330428335,intermittent
30_186_13277,93,1.9230769230769231,0.7469811453993365,lumpy
30_186_13486,6,12.444444444444445,2.2684703433922992,lumpy
30_186_13505,62,1.1914893617021276,0.6803378276802814,erratic
30_186_13528,63,1.1,0.46452515499798946,smooth
30_186_13670,68,1.2195121951219512,1.1946373449165841,erratic
30_186_13722,53,1.2264150943396226,0.6593046107331821,erratic
30_186_13795,0,7.866666666666666,0.9639655564253428,lumpy
30_186_13836,41,1.925,0.8350685821922045,lumpy
30_186_13871,57,1.0338983050847457,0.4849717514124293,smooth
30_186_13928,10,2.0,1.6214636446409987,lumpy
30_186_13977,17,9.181818181818182,0.31509074217922456,intermittent
30_186_14068,0,6.9411764705882355,0.26703954214360043,intermittent
30_186_14218,14,26.0,0.21116201582673885,intermittent
30_186_14282,17,1.9803921568627452,2.1923775153705662,lumpy
31_162_662,55,1.75,1.8425390218522377,lumpy
31_162_1931,53,1.0,0.14128943758573384,smooth
31_162_2454,92,2.888888888888889,0.11570247933884288,intermittent
31_162_3359,69,9.8,0.11111111111111122,intermittent
31_162_3664,53,4.642857142857143,0.0,intermittent
31_162_3701,53,4.0625,0.12,intermittent
31_162_5336,55,21.0,0.0,intermittent
31_162_5409,62,14.0,0.12,intermittent
31_162_5497,57,8.714285714285714,0.09375000000000011,intermittent
31_162_5676,89,4.833333333333333,0.10204081632653039,intermittent
31_162_6297,92,4.333333333333333,0.10204081632653039,intermittent
31_162_6685,87,15.5,0.1111111111111111,intermittent
31_162_7099,53,1.9696969696969697,0.6785305362029148,lumpy
31_162_7437,64,27.0,0.0,intermittent
31_162_7782,63,7.857142857142857,0.09375000000000011,intermittent
31_162_8043,53,2.8260869565217392,0.21849030470914138,intermittent
31_162_8072,104,14.0,0.0,intermittent
31_162_8442,55,2.25,0.24380165289256214,intermittent
31_162_8530,101,8.5,0.0,intermittent
31_162_8608,53,1.0317460317460319,0.30577811292298956,smooth
31_162_8694,54,1.6,0.5315443798085946,lumpy
31_162_8899,103,3.75,0.0,intermittent
31_162_9547,81,37.0,0.0,intermittent
31_162_9600,71,47.0,0.0,intermittent
31_162_9812,53,16.25,0.0,intermittent
31_162_9870,92,8.666666666666666,0.0,intermittent
31_162_9996,65,26.5,0.0,intermittent
31_162_10007,96,22.0,0.0,intermittent
31_162_10187,66,10.4,0.11111111111111122,intermittent
31_162_10208,54,4.571428571428571,0.2022160664819944,intermittent
31_162_10294,54,3.764705882352941,0.12396694214876024,intermittent
31_162_10464,58,20.0,0.0,intermittent
31_162_10744,61,3.8,0.25850340136054445,intermittent
31_162_10940,73,5.625,0.0,intermittent
31_162_11342,68,16.666666666666668,0.0,intermittent
31_162_11512,96,11.0,0.0,intermittent
31_162_11841,63,13.75,0.0,intermittent
31_162_11875,55,4.846153846153846,0.35969387755102045,intermittent
31_162_12162,97,10.5,0.0,intermittent
31_162_12440,81,18.5,0.0,intermittent
31_162_12802,95,5.75,0.0,intermittent
31_162_12883,54,1.6842105263157894,0.21052631578947367,intermittent
31_162_13005,53,1.0,0.06269597646221034,smooth
31_162_13059,55,3.3157894736842106,0.620343316289262,lumpy
31_162_13952,64,27.0,0.0,intermittent
32_6_7268,91,27.0,0.0,intermittent
32_11_10530,91,1.35,0.4858645627876399,intermittent
32_37_3411,101,2.8333333333333335,0.8979591836734692,lumpy
32_37_4461,101,17.0,0.0,intermittent
32_37_5063,105,13.0,0.0,intermittent
32_37_6784,87,31.0,0.0,intermittent
32_37_9498,92,13.0,0.0,intermittent
32_37_9926,91,13.5,0.25,intermittent
32_93_1362,66,3.466666666666667,0.0899653979238755,intermittent
32_96_9239,39,2.135135135135135,0.6314401818372393,lumpy
32_118_3680,94,1.0909090909090908,0.2263777777777776,smooth
32_118_9239,58,1.5789473684210527,0.6809964624464505,lumpy
32_118_11079,90,1.1666666666666667,0.2625333333333334,smooth
32_126_7603,94,2.1818181818181817,0.40909090909090917,intermittent
32_126_13726,94,1.0,0.7113905047851381,erratic
32_166_9604,45,14.6,0.0,intermittent
32_179_8340,26,2.0,0.4150596877869606,intermittent
32_193_2507,98,4.0,0.6000000000000001,lumpy
32_193_2620,77,13.666666666666666,0.0,intermittent
32_193_3279,64,27.0,0.0,intermittent
32_193_7056,75,2.5294117647058822,0.26446280991735527,intermittent
32_194_12210,100,18.0,0.0,intermittent
32_204_1592,44,10.571428571428571,0.09375000000000011,intermittent
32_204_1928,83,4.375,0.21857623932962644,intermittent
32_204_4294,33,8.5,0.7183673469387756,lumpy
32_204_4915,38,4.705882352941177,3.2120610989882947,lumpy
32_204_10478,104,1.5555555555555556,1.5631569055501746,lumpy
32_204_12245,40,5.571428571428571,1.3068197269001416,lumpy
32_208_1404,88,30.0,0.0,intermittent
32_208_2888,81,6.166666666666667,0.10204081632653039,intermittent
32_208_3613,82,12.0,0.12500000000000006,intermittent
32_208_3989,27,22.75,0.0,intermittent
32_208_4461,103,15.0,0.0,intermittent
32_208_6784,53,16.25,0.0,intermittent
32_208_7032,27,22.75,0.12,intermittent
32_208_9664,28,4.5,0.1734693877551021,intermittent
32_208_10822,74,8.8,0.24999999999999983,intermittent
32_208_12480,52,13.2,0.0,intermittent
32_208_14261,85,33.0,0.0,intermittent
32_216_13083,26,3.8333333333333335,0.40740740740740733,intermittent
32_216_14071,44,24.666666666666668,0.0,intermittent
32_217_1384,28,30.0,0.3199999999999998,intermittent
32_217_2605,33,1.9767441860465116,0.5973044049967128,lumpy
32_217_2997,49,9.857142857142858,0.47656250000000017,intermittent
32_222_12468,74,44.0,0.0,intermittent
32_225_4305,33,4.25,0.09640831758034041,intermittent
32_264_1337,67,25.5,0.0,intermittent
32_264_1371,26,3.2857142857142856,0.1666666666666665,intermittent
32_264_2264,57,15.25,0.0,intermittent
32_292_6160,88,2.727272727272727,2.242630385487528,lumpy
32_292_12389,80,2.0,1.4092462214826607,lumpy
32_306_514,91,1.08,0.5337686887781409,erratic
32_306_723,92,1.3,0.49104539775093725,smooth
32_306_2782,91,1.0,0.4354852285161181,smooth
32_306_4024,91,1.2272727272727273,0.7560888888888888,erratic
32_306_5679,91,1.9285714285714286,0.6775147928994082,lumpy
32_306_6160,91,1.2857142857142858,0.674908178804981,erratic
32_306_9316,91,1.125,0.28712257424514825,smooth
32_306_9830,91,1.0,0.9444585571200464,erratic
32_306_11832,91,1.4210526315789473,0.528203879555231,lumpy
32_321_5370,58,1.5789473684210527,1.768422963603946,lumpy
33_49_6562,85,33.0,0.0,intermittent
33_66_11499,5,1.018018018018018,0.1838438858610194,smooth
33_239_2362,0,1.1683168316831682,0.7969868213761473,erratic
33_239_2991,14,1.1685393258426966,0.7418423046211179,erratic
33_239_5612,91,1.08,0.09958110344210741,smooth
33_239_6562,5,1.0089285714285714,0.24774467479652654,smooth
33_239_10023,0,1.0,0.30429858593724274,smooth
33_239_13825,0,1.0085470085470085,0.444721336350135,smooth
33_315_1857,65,1.7666666666666666,0.18933333333333338,intermittent
33_315_5371,58,2.0,0.44303656361474436,intermittent
33_315_5566,0,1.063063063063063,1.8527795281103405,erratic
33_315_10906,10,1.0,0.33386250650409977,smooth
33_315_11873,5,1.0560747663551402,0.5488078041394175,erratic
34_325_85,97,3.0,0.12345679012345664,intermittent
34_325_102,73,1.6666666666666667,0.44868072213104404,intermittent
34_325_117,26,1.7692307692307692,0.49385233960724895,intermittent
34_325_147,72,2.4210526315789473,1.2674380165289254,lumpy
34_325_157,100,6.0,0.0,intermittent
34_325_160,38,3.6363636363636362,1.531358024691358,lumpy
34_325_212,58,2.5,0.5276621058893515,lumpy
34_325_222,36,2.0,0.38691358024691336,intermittent
34_325_414,0,1.4936708860759493,0.8343024405680152,lumpy
34_325_425,80,2.111111111111111,1.4630177514792901,lumpy
34_325_496,83,3.1818181818181817,0.23469387755102045,intermittent
34_325_545,40,3.25,0.6885813148788927,lumpy
34_325_553,37,2.4545454545454546,0.4911111111111114,intermittent
34_325_574,86,6.4,0.0,intermittent
34_325_585,61,5.181818181818182,0.41777777777777786,intermittent
34_325_711,57,4.6923076923076925,0.0,intermittent
34_325_729,72,2.7058823529411766,1.736961451247165,lumpy
34_325_731,34,2.4705882352941178,0.23353937113679116,intermittent
34_325_797,58,3.75,0.19008264462809918,intermittent
34_325_879,72,9.2,0.09374999999999972,intermittent
34_325_967,45,1.9210526315789473,1.5108481262327416,lumpy
34_325_992,86,16.0,0.0,intermittent
34_325_1010,72,1.5862068965517242,1.3186989264540943,lumpy
34_325_1039,0,3.806451612903226,0.304039983340275,intermittent
34_325_1071,63,7.857142857142857,0.09375000000000011,intermittent
34_325_1126,73,1.6666666666666667,0.42968749999999994,intermittent
34_325_1161,95,3.2857142857142856,0.0,intermittent
34_325_1247,39,2.323529411764706,0.5925225792900654,lumpy
34_325_1249,58,1.7142857142857142,1.1909873525348076,lumpy
34_325_1315,57,2.5416666666666665,0.2797662527392256,intermittent
34_325_1321,80,4.75,1.1928166351606806,lumpy
34_325_1419,54,2.782608695652174,0.2460973370064279,intermittent
34_325_1495,45,2.92,1.104591836734694,lumpy
34_325_1509,90,5.6,0.0,intermittent
34_325_1570,40,3.25,0.1680440771349863,intermittent
34_325_1582,38,3.2,1.1701155603332438,lumpy
34_325_1710,0,3.3714285714285714,0.24260355029585784,intermittent
34_325_1769,72,1.3142857142857143,1.4658145065398331,erratic
34_325_1792,0,2.744186046511628,0.17790089258233321,intermittent
34_325_1801,95,2.090909090909091,0.22222222222222246,intermittent
34_325_1851,31,1.6730769230769231,0.8997549565604809,lumpy
34_325_1855,0,2.107142857142857,2.3658903080390683,lumpy
34_325_1885,67,2.55,0.9578150351541377,lumpy
34_325_1897,63,1.3414634146341464,1.607596346625084,lumpy
34_325_1958,59,4.916666666666667,0.10204081632653039,intermittent
34_325_2004,0,2.4081632653061225,1.0944498102019273,lumpy
34_325_2010,73,4.5,0.25000000000000006,intermittent
34_325_2045,0,1.6388888888888888,3.7446559229056273,lumpy
34_325_2054,72,3.2857142857142856,0.2022160664819944,intermittent
34_325_2101,72,11.5,0.12,intermittent
34_325_2174,97,1.2352941176470589,0.9938271604938272,erratic
34_325_2229,80,19.0,0.0,intermittent
34_325_2259,36,2.9285714285714284,0.24925639500297453,intermittent
34_325_2346,13,1.9444444444444444,0.650717073812552,lumpy
34_325_2379,25,1.9375,0.5473251028806584,lumpy
34_325_2441,41,2.138888888888889,0.5798618846068166,lumpy
34_325_2446,94,4.0,0.0,intermittent
34_325_2502,93,6.25,0.12,intermittent
34_325_2532,80,2.235294117647059,1.3529411764705883,lumpy
34_325_2597,22,2.0,0.5130318556471376,lumpy
34_325_2603,38,7.2727272727272725,0.6805555555555558,lumpy
34_325_2664,40,2.4375,0.5720844811753902,lumpy
34_325_2671,95,2.090909090909091,0.5714285714285713,lumpy
34_325_2754,34,1.6470588235294117,0.6086361191256296,lumpy
34_325_2768,80,2.533333333333333,1.7063550036523003,lumpy
34_325_2781,94,3.4285714285714284,0.09375000000000011,intermittent
34_325_2887,97,5.25,0.12,intermittent
34_325_3019,31,2.0232558139534884,0.9157941635108041,lumpy
34_325_3071,72,2.090909090909091,0.4906122448979593,intermittent
34_325_3075,29,2.6176470588235294,2.1629696695337257,lumpy
34_325_3124,90,7.0,0.12,intermittent
34_325_3295,25,1.86,1.2327552670911732,lumpy
34_325_3322,29,2.966666666666667,0.6230677764565993,lumpy
34_325_3393,80,3.4545454545454546,0.2847999999999998,intermittent
34_325_3406,72,2.5555555555555554,0.2768166089965398,intermittent
34_325_3430,72,3.066666666666667,0.0899653979238755,intermittent
34_325_3468,63,1.4864864864864864,1.311788242536165,lumpy
34_325_3532,36,3.4166666666666665,0.4911242603550298,intermittent
34_325_3536,67,3.1875,0.817174515235457,lumpy
34_325_3573,20,2.227272727272727,2.294597213405059,lumpy
34_325_3624,73,1.40625,0.4848,intermittent
34_325_3626,0,1.873015873015873,0.9390432098765434,lumpy
34_325_3734,14,11.555555555555555,0.07999999999999981,intermittent
34_325_3794,25,4.894736842105263,0.3292181069958847,intermittent
34_325_3854,57,3.210526315789474,0.18750000000000003,intermittent
34_325_3956,40,2.0526315789473686,0.8280032249395319,lumpy
34_325_4122,39,3.16,0.9304016620498615,lumpy
34_325_4228,13,1.5671641791044777,0.8738771262927653,lumpy
34_325_4234,97,1.4,1.447916666666666,lumpy
34_325_4340,56,8.857142857142858,0.0,intermittent
34_325_4348,0,1.710144927536232,0.53525,lumpy
34_325_4411,39,2.8214285714285716,0.7322253000923366,lumpy
34_325_4412,95,7.666666666666667,0.0,intermittent
34_325_4425,37,3.6818181818181817,0.6225,lumpy
34_325_4459,0,2.3137254901960786,0.4146318107823422,intermittent
34_325_4470,14,1.7333333333333334,0.8917428183837454,lumpy
34_325_4497,103,7.5,0.0,intermittent
34_325_4518,80,12.666666666666666,0.0,intermittent
34_325_4565,14,1.5757575757575757,1.746212121212121,lumpy
34_325_4591,73,1.6071428571428572,0.5900486749594374,lumpy
34_325_4597,37,2.793103448275862,0.370909090909091,intermittent
34_325_4624,40,6.0,0.21874999999999992,intermittent
34_325_4648,59,3.933333333333333,0.20370370370370378,intermittent
34_325_4676,40,3.25,1.4289879216992925,lumpy
34_325_4755,102,4.0,0.0,intermittent
34_325_4785,45,2.433333333333333,0.4049586776859502,intermittent
34_325_4955,0,3.6875,0.931321540062435,lumpy
34_325_5024,94,6.0,0.12,intermittent
34_325_5151,40,3.391304347826087,0.6046511627906975,lumpy
34_325_5164,0,1.4390243902439024,0.791158536585366,lumpy
34_325_5193,83,17.5,0.1111111111111111,intermittent
34_325_5233,22,1.9591836734693877,0.3431952662721893,intermittent
34_325_5366,73,6.428571428571429,0.09375000000000011,intermittent
34_325_5440,90,3.5,0.5510204081632653,lumpy
34_325_5460,57,4.066666666666666,0.5495867768595044,lumpy
34_325_5573,0,2.4081632653061225,0.386277567386946,intermittent
34_325_5581,100,3.6,0.12244897959183697,intermittent
34_325_5602,74,7.333333333333333,0.10204081632653039,intermittent
34_325_5787,28,2.3076923076923075,0.8189300411522636,lumpy
34_325_5799,26,2.1904761904761907,0.5918549346016646,lumpy
34_325_5896,0,3.0256410256410255,0.7723975447950897,lumpy
34_325_5909,92,2.6,0.12244897959183697,intermittent
34_325_5911,31,2.289473684210526,0.3192778689559398,intermittent
34_325_5923,37,8.1,0.24260355029585792,intermittent
34_325_5946,38,3.4782608695652173,1.6903211805555556,lumpy
34_325_5998,82,7.2,0.7901234567901233,lumpy
34_325_6063,25,2.5135135135135136,0.7084653689452243,lumpy
34_325_6064,37,2.1315789473684212,0.7639151438773366,lumpy
34_325_6111,72,3.2857142857142856,0.27977839335180044,intermittent
34_325_6187,9,1.2386363636363635,1.4164397949171517,erratic
34_325_6226,40,4.105263157894737,0.27364554637281896,intermittent
34_325_6245,72,1.5862068965517242,0.3314043209876544,intermittent
34_325_6266,36,1.6734693877551021,0.41467968974432623,intermittent
34_325_6291,40,3.391304347826087,0.4197530864197529,intermittent
34_325_6296,97,2.1,0.52,lumpy
34_325_6360,39,4.157894736842105,0.0,intermittent
34_325_6373,23,2.5,1.0324661810613949,lumpy
34_325_6433,40,7.090909090909091,0.10650887573964475,intermittent
34_325_6459,63,1.6666666666666667,0.5272491349480968,lumpy
34_325_6461,36,2.5625,0.26222222222222225,intermittent
34_325_6569,61,1.5405405405405406,1.0255393305690763,lumpy
34_325_6604,0,2.107142857142857,2.8173282855597623,lumpy
34_325_6612,94,2.0,0.25,intermittent
34_325_6622,14,1.6507936507936507,0.7901785714285714,lumpy
34_325_6630,98,4.0,0.11111111111111122,intermittent
34_325_6647,72,3.2857142857142856,0.44628099173553737,intermittent
34_325_6683,9,1.7580645161290323,0.9568750000000001,lumpy
34_325_6709,45,1.7380952380952381,1.2899449035812676,lumpy
34_325_6711,41,4.8125,0.0,intermittent
34_325_6779,0,1.873015873015873,0.6527155707779742,lumpy
34_325_6844,96,3.142857142857143,0.26000000000000006,intermittent
34_325_6914,52,1.6923076923076923,2.733610822060354,lumpy
34_325_6948,29,2.119047619047619,4.005912389142704,lumpy
34_325_6950,25,2.325,0.8054672600127144,lumpy
34_325_7020,61,1.3571428571428572,1.3390946502057612,lumpy
34_325_7108,94,4.8,0.0,intermittent
34_325_7112,25,3.206896551724138,0.4750617283950617,intermittent
34_325_7113,9,1.5797101449275361,0.7802292099692988,lumpy
34_325_7167,37,2.3142857142857145,0.44822516278092833,intermittent
34_325_7173,61,1.8387096774193548,0.5050272910083307,lumpy
34_325_7307,72,3.066666666666667,0.20000000000000004,intermittent
34_325_7329,74,2.933333333333333,0.0899653979238755,intermittent
34_325_7345,97,1.75,0.4387755102040813,intermittent
34_325_7452,13,2.019230769230769,0.6827777777777781,lumpy
34_325_7540,31,1.5818181818181818,1.1977269153882437,lumpy
34_325_7634,39,2.5483870967741935,0.6642904878592116,lumpy
34_325_7828,45,2.607142857142857,0.8896800935274733,lumpy
34_325_7844,0,1.475,1.3398400000000001,lumpy
34_325_7878,80,2.0,1.5055747789311806,lumpy
34_325_7931,34,2.4,0.4828341855368882,intermittent
34_325_7975,72,4.6,0.07438016528925608,intermittent
34_325_7983,98,4.0,0.0,intermittent
34_325_7991,53,3.611111111111111,0.26446280991735516,intermittent
34_325_8012,15,4.12,0.2626262626262626,intermittent
34_325_8013,9,2.8684210526315788,0.3190082644628098,intermittent
34_325_8023,0,1.1919191919191918,0.7592269169261847,erratic
34_325_8056,93,5.0,0.11111111111111122,intermittent
34_325_8145,72,2.090909090909091,1.2879999999999996,lumpy
34_325_8254,31,2.0714285714285716,0.5512465373961217,lumpy
34_325_8258,72,2.0,0.24682814302191455,intermittent
34_325_8285,41,2.138888888888889,0.2857142857142857,intermittent
34_325_8381,31,3.3461538461538463,0.16988062442607907,intermittent
34_325_8419,0,1.6164383561643836,0.8230447890107885,lumpy
34_325_8582,72,4.6,0.07438016528925608,intermittent
34_325_8590,59,3.1052631578947367,0.4615384615384615,intermittent
34_325_8634,31,2.4857142857142858,1.1174978867286558,lumpy
34_325_8749,72,1.7692307692307692,0.6249999999999997,lumpy
34_325_8788,67,1.8214285714285714,0.8857142857142858,lumpy
34_325_8799,0,1.6857142857142857,0.3861862136855842,intermittent
34_325_8844,86,2.4615384615384617,0.7911111111111115,lumpy
34_325_8853,25,3.4444444444444446,0.7466666666666665,lumpy
34_325_8987,96,1.8333333333333333,0.18518518518518512,intermittent
34_325_9015,14,2.122448979591837,0.40855590765052063,intermittent
34_325_9029,0,1.6619718309859155,0.8263561901012882,lumpy
34_325_9069,20,2.7222222222222223,0.8639053254437871,lumpy
34_325_9115,23,1.5573770491803278,2.163971959975126,lumpy
34_325_9143,38,2.1621621621621623,1.5616729678638945,lumpy
34_325_9201,82,2.4,1.9614325068870517,lumpy
34_325_9246,45,4.5625,0.3005671077504726,intermittent
34_325_9300,83,3.1818181818181817,0.0694444444444446,intermittent
34_325_9332,61,1.6764705882352942,0.7205882352941178,lumpy
34_325_9343,0,3.1052631578947367,1.29128927074168,lumpy
34_325_9348,53,2.3214285714285716,1.6611570247933884,lumpy
34_325_9373,37,3.0,0.6244215023139907,lumpy
34_325_9434,71,2.611111111111111,0.49112426035502965,intermittent
34_325_9446,0,2.0344827586206895,0.8244234404536861,lumpy
34_325_9474,0,2.1454545454545455,0.6426666666666669,lumpy
34_325_9483,39,3.16,0.8194444444444445,lumpy
34_325_9673,72,1.3529411764705883,1.6119791666666663,lumpy
34_325_9677,82,1.894736842105263,0.5957031250000002,lumpy
34_325_9697,97,1.9090909090909092,0.5656565656565657,lumpy
34_325_9753,73,2.5,0.20661157024793397,intermittent
34_325_9831,72,2.0,0.35600907029478474,intermittent
34_325_9851,14,2.122448979591837,0.8798190215854462,lumpy
34_325_9868,58,1.875,0.9091304978951953,lumpy
34_325_9874,3,5.476190476190476,0.24260355029585787,intermittent
34_325_9983,29,1.7450980392156863,2.560038891589694,lumpy
34_325_9985,72,3.066666666666667,0.19791666666666652,intermittent
34_325_9998,0,1.5128205128205128,1.2106312868539717,lumpy
34_325_10043,58,1.6666666666666667,0.8194444444444444,lumpy
34_325_10109,40,8.666666666666666,0.4378698224852071,intermittent
34_325_10119,0,1.7878787878787878,1.5151327045072593,lumpy
34_325_10134,58,2.727272727272727,4.8720083246618096,lumpy
34_325_10155,0,2.95,0.2366230677764566,intermittent
34_325_10233,82,3.272727272727273,0.3321799307958478,intermittent
34_325_10311,26,1.6428571428571428,0.6587752644058867,lumpy
34_325_10344,0,2.0701754385964914,0.6016303860969271,lumpy
34_325_10349,67,2.55,0.8440726237095051,lumpy
34_325_10358,36,3.1538461538461537,0.3044013542628499,intermittent
34_325_10361,94,6.0,0.0,intermittent
34_325_10417,9,2.18,0.7440000000000001,lumpy
34_325_10420,38,2.857142857142857,1.352617079889807,lumpy
34_325_10425,86,2.909090909090909,0.4591836734693879,intermittent
34_325_10477,9,3.5161290322580645,0.2653061224489799,intermittent
34_325_10488,37,2.892857142857143,0.47656250000000017,intermittent
34_325_10497,56,7.75,0.2222222222222222,intermittent
34_325_10512,61,1.6764705882352942,0.6531016613321142,lumpy
34_325_10514,105,1.625,0.3184,intermittent
34_325_10528,23,2.261904761904762,0.6568047337278107,lumpy
34_325_10707,48,2.413793103448276,1.3558024691358024,lumpy
34_325_10741,37,2.6129032258064515,0.8548760330578513,lumpy
34_325_10757,58,2.4,1.3776546629732227,lumpy
34_325_10801,37,13.5,0.12500000000000006,intermittent
34_325_10913,52,3.6666666666666665,0.18080000000000002,intermittent
34_325_10957,40,3.7142857142857144,1.0476190476190474,lumpy
34_325_10973,48,1.7073170731707317,3.19806503628057,lumpy
34_325_10979,9,1.912280701754386,0.6426449596851974,lumpy
34_325_10987,58,2.608695652173913,0.7604938271604939,lumpy
34_325_11011,40,3.0,0.7187728268809349,lumpy
34_325_11083,48,4.375,0.46938775510204084,intermittent
34_325_11096,14,1.9622641509433962,1.1284579773420151,lumpy
34_325_11104,72,2.4210526315789473,0.30867346938775525,intermittent
34_325_11132,74,3.6666666666666665,0.16343490304709146,intermittent
34_325_11309,57,2.652173913043478,0.0887573964497043,intermittent
34_325_11346,53,1.8055555555555556,1.0924999999999998,lumpy
34_325_11396,41,2.3333333333333335,0.9868718877320057,lumpy
34_325_11422,86,2.4615384615384617,0.11634349030470935,intermittent
34_325_11482,0,1.6857142857142857,1.0189196452566518,lumpy
34_325_11488,36,1.3898305084745763,0.3983334471689094,intermittent
34_325_11506,20,2.227272727272727,0.9700254500895465,lumpy
34_325_11576,25,1.9787234042553192,0.5964268060165243,lumpy
34_325_11633,9,1.8793103448275863,0.6635877491492466,lumpy
34_325_11703,36,2.0,0.4946260387811635,intermittent
34_325_11735,40,3.7142857142857144,0.39351851851851855,intermittent
34_325_11761,58,1.5384615384615385,1.3193558673469388,lumpy
34_325_11768,63,2.391304347826087,0.5144032921810696,lumpy
34_325_11871,63,1.8333333333333333,0.8781163434903048,lumpy
34_325_11918,34,1.7142857142857142,0.9538872800178214,lumpy
34_325_11942,93,2.0833333333333335,0.12,intermittent
34_325_12123,9,1.7580645161290323,0.9446009027429498,lumpy
34_325_12131,72,5.111111111111111,0.07999999999999981,intermittent
34_325_12142,46,5.538461538461538,0.3044982698961938,intermittent
34_325_12151,86,3.5555555555555554,1.9699999999999995,lumpy
34_325_12199,45,2.212121212121212,1.1562500000000002,lumpy
34_325_12216,86,2.4615384615384617,0.7939508506616257,lumpy
34_325_12275,34,3.0,0.4717355371900828,intermittent
34_325_12293,82,3.6,0.0,intermittent
34_325_12449,88,3.3333333333333335,0.11570247933884288,intermittent
34_325_12561,82,4.5,0.08641975308641975,intermittent
34_325_12604,25,2.3846153846153846,0.5913106183522625,lumpy
34_325_12622,86,4.0,0.7283950617283951,lumpy
34_325_12628,34,1.68,0.5888669734823582,lumpy
34_325_12693,40,2.1666666666666665,0.6145618314880844,lumpy
34_325_12789,52,4.714285714285714,0.057777777777777796,intermittent
34_325_12790,67,3.642857142857143,0.44827586206896536,intermittent
34_325_12833,97,1.5,1.1998685075608155,lumpy
34_325_12881,72,15.333333333333334,0.0,intermittent
34_325_12890,74,11.0,0.12,intermittent
34_325_12913,67,2.217391304347826,1.509585798816568,lumpy
34_325_12957,0,1.7611940298507462,1.0729264402326888,lumpy
34_325_12965,72,1.5333333333333334,0.3666666666666667,intermittent
34_325_12967,28,2.3684210526315788,0.8227416605794985,lumpy
34_325_13004,54,16.0,0.0,intermittent
34_325_13037,72,11.5,0.12,intermittent
34_325_13054,20,2.3333333333333335,0.9328613281250003,lumpy
34_325_13102,56,4.769230769230769,0.6802721088435374,lumpy
34_325_13118,0,2.269230769230769,0.9983471074380165,lumpy
34_325_13239,63,2.2,1.6072485207100586,lumpy
34_325_13244,34,8.4,0.12244897959183697,intermittent
34_325_13246,83,2.5,0.20312500000000008,intermittent
34_325_13247,40,2.4375,0.8661650094060737,lumpy
34_325_13262,9,1.8166666666666667,0.6575203793489267,lumpy
34_325_13322,0,1.5526315789473684,0.7123735871505055,lumpy
34_325_13395,82,3.0,0.3628808864265929,intermittent
34_325_13511,62,4.0,0.3015873015873015,intermittent
34_325_13523,40,1.9024390243902438,0.8189225894069716,lumpy
34_325_13530,61,1.9,0.8457031250000001,lumpy
34_325_13551,39,2.323529411764706,1.0421929588820207,lumpy
34_325_13585,29,2.870967741935484,0.7333481844508803,lumpy
34_325_13607,0,1.8153846153846154,0.6357514177693758,lumpy
34_325_13627,72,4.6,0.0,intermittent
34_325_13628,72,7.666666666666667,0.2592592592592593,intermittent
34_325_13693,73,1.5517241379310345,0.37278106508875725,intermittent
34_325_13719,72,3.5384615384615383,0.11718749999999985,intermittent
34_325_13735,72,2.090909090909091,0.21883656509695285,intermittent
34_325_13738,72,2.875,0.3424036281179138,intermittent
34_325_13743,94,12.0,0.1111111111111111,intermittent
34_325_13887,41,3.08,0.37442732194918804,intermittent
34_325_13951,59,11.8,0.0,intermittent
34_325_13983,41,1.4528301886792452,1.2278100957027587,lumpy
34_325_13995,40,3.391304347826087,1.165123456790123,lumpy
34_325_14010,80,5.428571428571429,0.4583333333333334,intermittent
34_325_14082,80,4.75,0.08641975308641975,intermittent
34_325_14084,58,2.857142857142857,0.0,intermittent
34_325_14121,0,4.214285714285714,0.4,intermittent
34_325_14128,29,6.357142857142857,0.8095238095238094,lumpy
34_325_14195,73,11.25,0.12,intermittent
34_325_14231,0,2.2264150943396226,0.6987745389649019,lumpy
34_325_14237,9,2.0961538461538463,0.7123531505873978,lumpy
35_256_4496,27,10.11111111111111,0.06508875739644979,intermittent
36_77_1983,76,1.024390243902439,0.2717416840563288,smooth
36_77_3798,82,1.0588235294117647,0.2469147904889497,smooth
36_77_5311,76,1.0,0.2222922355247496,smooth
36_77_7884,65,1.0,0.4185531583235906,smooth
36_77_10688,65,1.0,0.1423873941640716,smooth
36_77_13774,65,2.12,0.20299767994567688,intermittent
36_236_1983,77,1.0,0.08575661337519745,smooth
36_236_3798,50,1.0,0.1911242766988905,smooth
36_236_5231,87,1.631578947368421,0.5752187606136221,lumpy
36_236_5311,77,1.0,0.04458146520453885,smooth
36_236_7884,51,1.0,0.12042296938864643,smooth
36_236_10688,50,1.0,0.13293957469976186,smooth
37_214_1223,95,1.0,0.5322988699612075,erratic
37_214_3101,95,1.0454545454545454,0.3066545948392938,smooth
37_214_4603,72,1.393939393939394,0.24070573408947707,intermittent
37_214_5485,73,1.5,0.6552734375,lumpy
37_214_5511,95,1.5333333333333334,0.989588048890901,lumpy
37_214_7308,72,1.0,0.36335402762527563,smooth
37_214_8753,43,1.3888888888888888,0.9004402141582393,lumpy
37_214_8877,52,1.03125,0.7789510184449838,erratic
37_214_10681,37,2.892857142857143,0.5747599451303156,lumpy
37_214_13139,97,1.6153846153846154,0.11718749999999985,intermittent
37_214_13156,97,1.9090909090909092,0.2222222222222221,intermittent
37_214_13434,91,1.0,0.19441164895710342,smooth
37_214_13638,40,1.0684931506849316,0.4454287642563518,smooth
37_214_13709,19,1.596774193548387,0.6451612903225806,lumpy
37_214_14138,72,1.0952380952380953,0.3779626375990533,smooth
38_63_2233,52,1.0,0.2463580705240149,smooth
38_63_3670,49,1.0,0.7490669182825387,erratic
38_63_4451,54,1.1228070175438596,0.24062985850238763,smooth
38_63_7833,53,1.5476190476190477,0.7891624748596995,lumpy
38_63_8765,55,1.3695652173913044,0.31799618492669574,intermittent
38_63_9010,29,1.0229885057471264,0.3893825492509026,smooth
38_63_10806,28,1.0112359550561798,0.22847960937221937,smooth
38_63_10873,104,1.0,0.27353125326098304,smooth
38_63_11261,104,1.0,0.34445345039282876,smooth
38_63_12313,71,1.46875,0.23375704682006157,intermittent
38_63_12469,28,1.5,0.345725897135639,intermittent
38_63_12903,90,1.0,0.32631176293104014,smooth
38_63_13127,105,1.0,0.21014616926846832,smooth
38_68_614,0,1.0,0.06540592324475215,smooth
38_68_826,104,1.0,0.13890291629844717,smooth
38_68_870,0,1.0,0.11561497014061677,smooth
38_68_4902,5,1.0,0.1595650420722117,smooth
38_68_5186,0,1.0,0.13384932680962608,smooth
38_68_6292,19,1.0,0.054216247470647926,smooth
38_68_6401,102,1.0,0.1607233169684766,smooth
38_68_6457,0,1.0,0.14228590032477337,smooth
38_68_6652,38,1.0,0.5275929663281458,erratic
38_68_6656,22,1.0,0.11471400960090834,smooth
38_68_7451,0,1.0085470085470085,0.13326236280014597,smooth
38_68_7726,0,1.0,0.9670312277963672,erratic
38_68_7768,0,1.0,0.22414881310209872,smooth
38_68_9263,0,1.0,1.5229032552093715,erratic
38_68_9805,0,1.0,0.2791228697842887,smooth
38_68_10088,32,1.0,0.10854335534425624,smooth
38_68_10783,0,1.0,0.1244349781728132,smooth
38_68_12636,26,1.0,0.10225397151272878,smooth
38_189_2233,76,1.0,0.16525058776973395,smooth
38_189_3670,85,1.03125,0.16876178322450286,smooth
38_189_4451,84,1.0,0.1446610432148257,smooth
38_189_8765,94,1.0,0.1501168428558617,smooth
38_189_9010,76,1.0,0.06203402978587259,smooth
38_189_10806,76,1.0,0.16320226536337837,smooth
38_189_12313,96,1.0,0.10450558666774865,smooth
38_189_12469,99,1.0,0.11997596997988788,smooth
38_189_12903,92,1.4444444444444444,0.4636173963011106,intermittent
38_298_614,60,58.0,0.0,intermittent
38_298_870,60,58.0,0.0,intermittent
38_298_4902,55,1.0,0.18638000946812816,smooth
38_298_5186,60,2.0,0.11483532431663226,intermittent
38_298_6292,55,1.2352941176470589,0.2878983944772268,smooth
38_298_6401,104,1.0,0.14467105779062964,smooth
38_298_6457,54,1.0,0.23882315982965774,smooth
38_298_6652,54,1.6842105263157894,1.0785973936899862,lumpy
38_298_6656,60,1.7058823529411764,0.05587003718453712,intermittent
38_298_7451,46,1.0,0.14672372120410532,smooth
38_298_7726,52,1.0,0.09309616475259971,smooth
38_298_7768,46,1.0,0.3615956462886932,smooth
38_298_9263,44,1.0,0.10261059477298659,smooth
38_298_9805,44,1.15625,0.3675209027096588,smooth
38_298_10088,60,1.0,0.2446955004296353,smooth
38_298_10783,50,1.0,0.22759533061802917,smooth
38_298_12636,61,1.5405405405405406,0.24258009390120103,intermittent
39_52_8127,101,1.8888888888888888,0.2777777777777777,intermittent
40_5_832,48,7.777777777777778,0.3999999999999998,intermittent
40_5_1118,48,17.5,0.0,intermittent
40_5_1367,53,8.125,0.0,intermittent
40_5_1511,47,4.176470588235294,0.26446280991735527,intermittent
40_5_1794,49,11.5,0.10204081632653039,intermittent
40_5_1902,48,5.384615384615385,0.11718749999999985,intermittent
40_5_2168,51,7.444444444444445,0.07999999999999981,intermittent
40_5_2524,48,8.75,0.08641975308641975,intermittent
40_5_3156,48,10.0,0.09375000000000011,intermittent
40_5_3426,45,7.3,1.0499999999999998,lumpy
40_5_3435,76,42.0,0.0,intermittent
40_5_3579,80,38.0,0.0,intermittent
40_5_3731,47,5.071428571428571,0.11418685121107276,intermittent
40_5_4091,51,8.375,0.12,intermittent
40_5_4132,49,23.0,0.0,intermittent
40_5_4372,77,41.0,0.0,intermittent
40_5_4495,48,11.666666666666666,0.0,intermittent
40_5_4647,47,8.875,0.08641975308641975,intermittent
40_5_4783,50,13.6,0.11111111111111122,intermittent
40_5_4911,49,6.2727272727272725,0.43213296398891954,intermittent
40_5_5033,47,10.142857142857142,0.09375000000000011,intermittent
40_5_5067,46,7.2,0.0,intermittent
40_5_5131,49,7.666666666666667,0.3359375000000001,intermittent
40_5_5216,47,4.733333333333333,0.3199999999999998,intermittent
40_5_5345,48,17.5,0.12,intermittent
40_5_5395,50,8.5,0.256198347107438,intermittent
40_5_5686,48,14.0,0.12244897959183697,intermittent
40_5_6476,50,4.857142857142857,0.21107266435986183,intermittent
40_5_7259,56,31.0,0.0,intermittent
40_5_7515,51,16.75,0.0,intermittent
40_5_7534,48,4.666666666666667,0.3894139886578448,intermittent
40_5_7664,52,66.0,0.0,intermittent
40_5_7727,51,7.444444444444445,0.07999999999999981,intermittent
40_5_7992,57,8.714285714285714,0.0,intermittent
40_5_8453,48,17.5,0.12,intermittent
40_5_8551,52,16.5,0.75,lumpy
40_5_9192,66,52.0,0.0,intermittent
40_5_9364,47,6.454545454545454,0.15432098765432078,intermittent
40_5_9900,49,9.857142857142858,0.09375000000000011,intermittent
40_5_10203,50,13.6,0.32653061224489816,intermittent
40_5_10372,49,8.625,0.0,intermittent
40_5_11007,49,9.857142857142858,0.0,intermittent
40_5_11934,54,32.0,0.0,intermittent
40_5_12291,48,6.363636363636363,0.20312499999999994,intermittent
40_5_12649,50,7.555555555555555,0.12500000000000006,intermittent
40_5_13278,49,7.666666666666667,0.12500000000000006,intermittent
40_5_13606,80,38.0,0.0,intermittent
40_5_14235,45,4.866666666666666,0.16257088846880896,intermittent
40_18_184,14,1.1954022988505748,0.5943877331636295,erratic
40_18_832,0,1.0,0.5443903665585111,erratic
40_18_911,10,1.2857142857142858,0.6657473266560217,erratic
40_18_1511,0,1.0825688073394495,0.4105493110099777,smooth
40_18_1902,0,1.063063063063063,0.4060384230732834,smooth
40_18_2121,97,1.0,0.26233212809917356,smooth
40_18_2168,0,1.5128205128205128,0.5626989619377165,lumpy
40_18_2607,100,3.6,0.2250000000000001,intermittent
40_18_3352,14,1.4054054054054055,0.6544384257424287,lumpy
40_18_3426,4,1.1875,0.5216942148760332,erratic
40_18_3435,30,1.2222222222222223,0.5792098111003797,erratic
40_18_3700,66,4.0,0.3374485596707816,intermittent
40_18_4091,1,1.1037735849056605,0.4409139308780066,smooth
40_18_4132,0,1.102803738317757,0.45118749999999996,smooth
40_18_4209,3,1.4935064935064934,1.0729561214381447,lumpy
40_18_4349,72,1.5862068965517242,0.6243389335281224,lumpy
40_18_4488,11,1.5507246376811594,0.8025600772853522,lumpy
40_18_4495,0,1.0,0.3894020799949728,smooth
40_18_4783,0,1.0825688073394495,0.386849973125504,smooth
40_18_4911,0,1.0,0.46295390216133353,smooth
40_18_5131,0,1.0535714285714286,0.40165680473372756,smooth
40_18_5216,0,1.0535714285714286,0.5175941275751129,erratic
40_18_5236,1,1.0446428571428572,0.3796195819086422,smooth
40_18_5265,68,1.5625,0.5282503675698382,lumpy
40_18_5345,0,1.1919191919191918,0.4780340264650282,smooth
40_18_5468,12,1.4133333333333333,0.65338324678984,lumpy
40_18_5752,12,1.2771084337349397,0.49606645379240105,smooth
40_18_6166,13,2.3333333333333335,0.33100475624256825,intermittent
40_18_6252,1,1.0833333333333333,0.3801169590643275,smooth
40_18_6476,0,1.0,0.4116000502191382,smooth
40_18_6514,97,1.05,0.38073979591836743,smooth
40_18_6554,70,2.2857142857142856,0.2699652777777779,intermittent
40_18_6607,10,1.5211267605633803,0.8605155555555558,lumpy
40_18_6741,68,1.8518518518518519,0.658022037086805,lumpy
40_18_6780,68,1.4285714285714286,0.322491349480969,intermittent
40_18_7146,14,1.4246575342465753,0.5773214285714289,lumpy
40_18_7205,15,2.2888888888888888,0.3016528925619833,intermittent
40_18_7221,12,1.2771084337349397,0.5474930713025954,erratic
40_18_7259,2,1.4320987654320987,0.44556811421772724,intermittent
40_18_7525,66,1.4857142857142858,0.40263310185185214,intermittent
40_18_7534,0,1.0260869565217392,0.5417137083512602,erratic
40_18_7580,12,1.2926829268292683,0.6451968760026192,erratic
40_18_7727,0,1.145631067961165,0.4518210576411633,smooth
40_18_7992,0,1.0442477876106195,0.42982274673202214,smooth
40_18_8407,0,1.0172413793103448,0.44803064650335767,smooth
40_18_8453,1,2.34,0.26643598615916975,intermittent
40_18_8502,66,1.7333333333333334,0.40941828254847656,intermittent
40_18_8551,0,1.5733333333333333,0.9311541271000727,lumpy
40_18_8631,66,5.777777777777778,0.22160664819944595,intermittent
40_18_9466,66,5.2,0.201814058956916,intermittent
40_18_9770,28,1.2,0.4819375058912244,smooth
40_18_9900,0,1.2553191489361701,0.487281431295387,smooth
40_18_10032,12,1.308641975308642,0.7570400211862709,erratic
40_18_10203,1,1.073394495412844,0.48705621761980433,smooth
40_18_10269,14,1.1954022988505748,0.7771662513349945,erratic
40_18_10346,1,1.2061855670103092,0.38798357002872563,smooth
40_18_10372,0,1.1346153846153846,0.43981989094045576,smooth
40_18_10450,26,1.2105263157894737,0.6724318758223526,erratic
40_18_10955,16,1.9245283018867925,0.39625278194710406,intermittent
40_18_10982,100,2.5714285714285716,0.4642857142857142,intermittent
40_18_11007,1,1.0086206896551724,0.5447709791627532,erratic
40_18_11091,80,1.4074074074074074,0.22105460686808026,intermittent
40_18_11147,2,1.1485148514851484,0.46476788926075163,smooth
40_18_11210,12,1.4133333333333333,0.647219538703055,lumpy
40_18_11717,11,2.3777777777777778,0.3861495844875346,intermittent
40_18_11908,28,1.25,0.7215224913494808,erratic
40_18_12099,0,1.1919191919191918,0.5049106018635103,erratic
40_18_12273,12,1.6307692307692307,0.9716145625213415,lumpy
40_18_12291,0,1.063063063063063,0.3938471764261232,smooth
40_18_12649,1,1.1470588235294117,0.41932970922454227,smooth
40_18_13009,40,1.1142857142857143,0.5615844726562502,erratic
40_18_13278,0,1.0085470085470085,0.4257600129831076,smooth
40_18_13312,14,2.1666666666666665,0.5479969765684051,lumpy
40_18_13701,0,1.2164948453608246,0.3165702886290753,smooth
40_18_14029,28,1.2857142857142858,0.48042929292929293,smooth
40_18_14161,30,1.0731707317073171,0.4848780487804879,smooth
40_18_14215,13,1.9090909090909092,0.5593415576694415,lumpy
40_18_14235,0,1.0,0.467682844221019,smooth
40_61_911,68,16.666666666666668,0.0,intermittent
40_61_1118,87,6.2,0.0,intermittent
40_61_1856,86,16.0,0.0,intermittent
40_61_1902,66,6.5,0.08641975308641975,intermittent
40_61_2168,87,3.4444444444444446,0.11570247933884288,intermittent
40_61_2466,88,15.0,0.0,intermittent
40_61_2524,63,2.619047619047619,0.33298647242455764,intermittent
40_61_2627,86,32.0,0.0,intermittent
40_61_4185,105,13.0,0.0,intermittent
40_61_4209,74,11.0,0.0,intermittent
40_61_4488,73,6.428571428571429,0.12345679012345664,intermittent
40_61_4783,66,3.0588235294117645,0.19421487603305776,intermittent
40_61_4837,90,28.0,0.0,intermittent
40_61_4911,63,3.6666666666666665,0.20498614958448763,intermittent
40_61_5216,62,4.3076923076923075,0.06122448979591849,intermittent
40_61_5468,103,15.0,0.0,intermittent
40_61_5883,67,25.5,0.0,intermittent
40_61_6166,65,3.533333333333333,0.19047619047619072,intermittent
40_61_6242,68,8.333333333333334,0.0,intermittent
40_61_6476,64,4.5,0.2266666666666667,intermittent
40_61_6607,72,7.666666666666667,0.0,intermittent
40_61_6983,65,26.5,0.0,intermittent
40_61_7146,97,21.0,0.0,intermittent
40_61_7178,94,12.0,0.1111111111111111,intermittent
40_61_7205,65,2.65,0.3294375456537617,intermittent
40_61_7534,71,2.35,0.18400000000000005,intermittent
40_61_7580,67,17.0,0.0,intermittent
40_61_8882,72,11.5,0.0,intermittent
40_61_8995,99,19.0,0.0,intermittent
40_61_9352,102,16.0,0.0,intermittent
40_61_9364,65,3.7857142857142856,0.17460317460317457,intermittent
40_61_9668,86,6.4,0.0,intermittent
40_61_9900,66,26.0,0.0,intermittent
40_61_10032,82,4.5,0.08641975308641975,intermittent
40_61_10156,67,25.5,0.0,intermittent
40_61_10269,67,51.0,0.0,intermittent
40_61_10346,65,4.416666666666667,0.12,intermittent
40_61_10350,63,55.0,0.0,intermittent
40_61_10364,87,5.166666666666667,0.31250000000000017,intermittent
40_61_10955,77,2.05,0.3079667063020214,intermittent
40_61_11147,64,6.0,0.12500000000000006,intermittent
40_61_11210,79,6.5,0.0,intermittent
40_61_11717,92,2.888888888888889,0.26446280991735516,intermittent
40_61_12273,95,11.5,0.0,intermittent
40_61_12592,70,24.0,0.0,intermittent
40_61_13278,63,5.5,0.0,intermittent
40_61_13312,86,4.0,0.1834319526627219,intermittent
40_61_14215,98,6.666666666666667,0.0,intermittent
40_157_33,12,1.9272727272727272,0.42796763675884564,intermittent
40_157_124,90,1.4,0.5457788347205708,lumpy
40_157_184,9,1.345679012345679,1.3579431197931628,lumpy
40_157_320,105,1.0,0.5234375000000001,erratic
40_157_338,66,1.2380952380952381,0.636052318668252,erratic
40_157_363,67,1.1590909090909092,0.6447134211463152,erratic
40_157_410,10,2.6341463414634148,0.3012486992715919,intermittent
40_157_591,10,1.6615384615384616,0.24362244897959184,intermittent
40_157_786,67,1.5454545454545454,0.28873771730914577,intermittent
40_157_832,0,1.0,0.25656502606036014,smooth
40_157_911,9,1.1354166666666667,0.45167652859960544,smooth
40_157_1069,0,1.2967032967032968,0.4909939236111112,smooth
40_157_1118,0,1.1919191919191918,0.38453470077501295,smooth
40_157_1258,66,1.1555555555555554,0.4353047520661158,smooth
40_157_1367,0,1.2967032967032968,0.4807353754841304,smooth
40_157_1381,9,2.5952380952380953,0.14280352786639144,intermittent
40_157_1395,9,1.5352112676056338,0.4689140936777985,intermittent
40_157_1511,0,1.0085470085470085,0.18714716912100976,smooth
40_157_1594,53,2.1666666666666665,0.46666666666666656,intermittent
40_157_1670,0,1.1683168316831682,0.40899173553718976,smooth
40_157_1708,68,1.6666666666666667,0.5399086267132491,lumpy
40_157_1794,0,1.0260869565217392,0.34892640183645435,smooth
40_157_1808,67,1.4166666666666667,0.3761772853185597,intermittent
40_157_1841,0,1.1683168316831682,0.3648245510396974,smooth
40_157_1856,12,1.308641975308642,0.6204986149584486,erratic
40_157_1878,0,1.1132075471698113,0.48651564185544777,smooth
40_157_1902,0,1.0,0.2228920073332547,smooth
40_157_1904,90,1.037037037037037,0.3574380165289254,smooth
40_157_2121,97,1.3125,0.6026785714285714,erratic
40_157_2148,26,1.5593220338983051,0.6855214618662243,lumpy
40_157_2168,0,1.0350877192982457,0.33717680155026586,smooth
40_157_2170,1,1.6956521739130435,0.3991666666666667,intermittent
40_157_2466,26,1.9166666666666667,0.7928994082840238,lumpy
40_157_2524,0,1.102803738317757,0.37191587839415524,smooth
40_157_2607,90,1.037037037037037,0.3582701123777839,smooth
40_157_2627,14,1.6507936507936507,0.517530864197531,lumpy
40_157_2687,10,3.272727272727273,0.554016620498615,lumpy
40_157_2747,66,1.7333333333333334,0.20000000000000007,intermittent
40_157_2766,0,1.1238095238095238,0.36699507389162556,smooth
40_157_2799,105,1.0833333333333333,0.6459936622906294,erratic
40_157_2925,12,2.0,0.21138855859426595,intermittent
40_157_3156,0,1.0,0.27242740108987906,smooth
40_157_3166,105,1.0,0.4368549446425223,smooth
40_157_3352,11,1.244186046511628,0.4662999999999999,smooth
40_157_3372,9,1.3132530120481927,0.4640277777777776,smooth
40_157_3378,10,1.7419354838709677,0.24234404536862017,intermittent
40_157_3426,0,1.0825688073394495,0.3467660033330062,smooth
40_157_3435,26,1.15,0.9826185314355734,erratic
40_157_3457,66,1.1304347826086956,0.3649971113951085,smooth
40_157_3579,12,1.2470588235294118,0.352124183006536,smooth
40_157_3700,66,1.0833333333333333,0.3559949127066713,smooth
40_157_3721,90,1.2727272727272727,0.3200645508337816,smooth
40_157_3724,26,1.295774647887324,0.5623128140392567,erratic
40_157_3731,0,1.0260869565217392,0.24020515504031978,smooth
40_157_4091,0,1.0,0.24097135053356536,smooth
40_157_4115,9,2.369565217391304,0.38204444444444446,intermittent
40_157_4132,0,1.0172413793103448,0.3253377098851152,smooth
40_157_4185,9,1.3625,0.5511760966306419,lumpy
40_157_4196,53,2.3214285714285716,0.3392857142857142,intermittent
40_157_4209,0,1.1346153846153846,0.3614734876943741,smooth
40_157_4349,66,1.0833333333333333,0.3486913047740419,smooth
40_157_4372,28,1.7647058823529411,0.7765219115605794,lumpy
40_157_4376,90,1.2173913043478262,0.47870477166901626,smooth
40_157_4446,10,1.9285714285714286,1.1820345032718624,lumpy
40_157_4488,9,1.2674418604651163,1.279768495373281,erratic
40_157_4495,0,1.0085470085470085,0.26634089072309486,smooth
40_157_4647,0,1.0085470085470085,0.33433596292122375,smooth
40_157_4665,68,1.4285714285714286,0.4697265625000002,intermittent
40_157_4783,0,1.0,0.2614485186503696,smooth
40_157_4837,10,1.6615384615384616,0.4799307958477507,intermittent
40_157_4872,9,1.2976190476190477,0.6644982457016568,erratic
40_157_4905,90,1.1666666666666667,0.2609022951278864,smooth
40_157_4911,0,1.0,0.1727176049616241,smooth
40_157_4983,2,1.8125,0.2861484168218802,intermittent
40_157_4992,90,1.1666666666666667,0.367235791372916,smooth
40_157_5033,0,1.1346153846153846,0.3658901374783835,smooth
40_157_5067,0,1.0085470085470085,0.2770031217481788,smooth
40_157_5131,0,1.0,0.2813452878412919,smooth
40_157_5216,0,1.0085470085470085,0.27529458440785576,smooth
40_157_5236,0,1.0085470085470085,0.36521092482422945,smooth
40_157_5265,66,1.1304347826086956,0.2603576186941066,smooth
40_157_5309,0,1.0925925925925926,0.3789011510620623,smooth
40_157_5333,65,2.2083333333333335,0.2781065088757396,intermittent
40_157_5345,0,1.0085470085470085,0.4245137392398282,smooth
40_157_5360,90,1.3333333333333333,0.5356718192627823,lumpy
40_157_5395,0,1.0825688073394495,0.6061011059507501,erratic
40_157_5468,11,1.3544303797468353,0.8127945607664376,lumpy
40_157_5530,26,1.4153846153846155,0.36436468514661124,intermittent
40_157_5580,67,1.5454545454545454,0.5153061224489793,lumpy
40_157_5639,66,1.1818181818181819,0.5649861495844875,erratic
40_157_5647,9,1.626865671641791,1.0335098922944947,lumpy
40_157_5686,0,1.0350877192982457,0.25701268161585616,smooth
40_157_5752,10,1.1868131868131868,1.1526087457288745,erratic
40_157_5815,10,1.8,0.5114265927977839,lumpy
40_157_5838,10,2.16,1.0832155576912204,lumpy
40_157_5883,9,1.5797101449275361,0.5469393004115224,lumpy
40_157_6031,10,1.6875,0.7883472057074911,lumpy
40_157_6091,37,2.3142857142857145,0.7626549586776861,lumpy
40_157_6123,68,1.4705882352941178,0.2825443786982249,intermittent
40_157_6242,0,1.063063063063063,0.4224529655612248,smooth
40_157_6252,0,1.0,0.3251071319253138,smooth
40_157_6323,12,1.9272727272727272,0.32243767313019384,intermittent
40_157_6346,67,1.3783783783783783,0.33594976452119285,intermittent
40_157_6455,105,1.0,0.15524158381301237,smooth
40_157_6476,0,1.0,0.19903197026931263,smooth
40_157_6514,97,1.05,0.4555390377795677,smooth
40_157_6553,9,2.945945945945946,0.6686822877299068,lumpy
40_157_6554,67,1.108695652173913,0.42795544376572053,smooth
40_157_6607,9,1.0686274509803921,0.5847462660494367,erratic
40_157_6727,68,1.3157894736842106,0.9191919191919193,erratic
40_157_6741,67,1.108695652173913,0.3139648437500002,smooth
40_157_6780,67,1.186046511627907,0.3696136167767883,smooth
40_157_6825,12,2.864864864864865,0.7083950617283953,lumpy
40_157_6857,9,1.211111111111111,1.0221606648199448,erratic
40_157_6889,66,1.0612244897959184,0.5144684188300589,erratic
40_157_6899,74,7.333333333333333,1.0769230769230773,lumpy
40_157_6911,66,1.1304347826086956,0.3555001233518817,smooth
40_157_6940,68,1.6666666666666667,0.1957168352171327,intermittent
40_157_6983,9,1.8793103448275863,0.7152954305908611,lumpy
40_157_6988,67,1.4166666666666667,0.27999999999999975,intermittent
40_157_7134,0,1.6164383561643836,0.3655925605536334,intermittent
40_157_7146,9,1.345679012345679,0.5160936643433314,lumpy
40_157_7178,10,2.1176470588235294,0.6265432098765431,lumpy
40_157_7221,9,1.2247191011235956,0.7402665934161259,erratic
40_157_7259,0,1.063063063063063,0.37910424098295675,smooth
40_157_7322,66,1.2380952380952381,0.34971644612476355,smooth
40_157_7515,0,1.1346153846153846,0.3690204842266259,smooth
40_157_7525,66,1.1555555555555554,0.27218934911242626,smooth
40_157_7534,0,1.0085470085470085,0.3351985166316333,smooth
40_157_7580,11,1.1888888888888889,0.4895007589812785,smooth
40_157_7609,0,1.1919191919191918,0.5146506386175805,erratic
40_157_7664,0,1.0825688073394495,0.41359374999999976,smooth
40_157_7727,0,1.0085470085470085,0.3253873992713219,smooth
40_157_7733,9,1.5571428571428572,0.4229438650539127,intermittent
40_157_7787,12,3.212121212121212,0.5048000000000001,lumpy
40_157_7843,0,2.185185185185185,0.28250000000000025,intermittent
40_157_7881,97,1.3125,0.5492296704417916,erratic
40_157_7992,0,1.0,0.29563271604938274,smooth
40_157_8085,66,1.1063829787234043,0.23070440997471975,smooth
40_157_8289,10,2.769230769230769,0.22479338842975177,intermittent
40_157_8407,0,1.0,0.2812760948600353,smooth
40_157_8453,0,1.0727272727272728,0.40341289437585715,smooth
40_157_8502,66,1.1063829787234043,0.3208038309465806,smooth
40_157_8551,0,1.0825688073394495,0.29850438092502163,smooth
40_157_8631,66,1.0612244897959184,0.4999459167117362,smooth
40_157_8688,67,1.5454545454545454,0.4008163265306124,intermittent
40_157_8703,63,1.9642857142857142,0.2680991735537192,intermittent
40_157_8857,0,1.1683168316831682,0.49328680270659053,smooth
40_157_8882,12,1.2045454545454546,0.6000920166013287,erratic
40_157_8917,104,1.0769230769230769,0.6402469135802468,erratic
40_157_8925,0,1.0825688073394495,0.326834862385321,smooth
40_157_8995,12,3.6551724137931036,0.7860448558205765,lumpy
40_157_9082,26,1.9574468085106382,0.5333948907356106,lumpy
40_157_9192,0,1.0925925925925926,0.32856217932205994,smooth
40_157_9228,27,1.82,0.7315922788016419,lumpy
40_157_9352,28,1.836734693877551,0.426508875739645,intermittent
40_157_9361,0,1.710144927536232,0.5652445369406865,lumpy
40_157_9364,0,1.0925925925925926,0.3644355605581326,smooth
40_157_9414,66,1.625,0.24749387391401204,intermittent
40_157_9466,66,1.1063829787234043,0.46222222222222203,smooth
40_157_9475,0,1.3111111111111111,0.3911357340720221,smooth
40_157_9489,90,1.2727272727272727,0.4879406307977736,smooth
40_157_9532,74,6.285714285714286,0.47,intermittent
40_157_9582,12,2.864864864864865,0.46301020408163257,intermittent
40_157_9646,0,1.0172413793103448,0.289482030584387,smooth
40_157_9649,12,1.2619047619047619,0.6739130434782612,erratic
40_157_9668,12,1.394736842105263,0.8566089965397923,lumpy
40_157_9770,26,1.2105263157894737,0.4450222805802255,smooth
40_157_9826,67,1.7586206896551724,0.3325619834710744,intermittent
40_157_9900,0,1.0925925925925926,0.3564814814814814,smooth
40_157_9949,66,1.4857142857142858,0.46235078053259876,intermittent
40_157_9964,0,1.2040816326530612,0.3343297639278473,smooth
40_157_10032,11,1.2588235294117647,0.8454504300588502,erratic
40_157_10156,20,2.3333333333333335,0.5768229166666666,lumpy
40_157_10203,0,1.0,0.2779566211708496,smooth
40_157_10266,74,5.5,0.24567474048442905,intermittent
40_157_10269,9,1.09,0.8772320747229941,erratic
40_157_10346,0,1.0,0.36519586318223807,smooth
40_157_10350,26,1.5593220338983051,0.2860725308641973,intermittent
40_157_10364,9,1.1473684210526316,0.6185553168635877,erratic
40_157_10372,0,1.0727272727272728,0.5152745279008584,erratic
40_157_10447,26,1.3333333333333333,0.3412812410226947,intermittent
40_157_10450,26,1.2777777777777777,1.2397410138292217,erratic
40_157_10484,10,1.588235294117647,0.462577160493827,intermittent
40_157_10516,0,1.1238095238095238,0.3805557916206341,smooth
40_157_10591,12,2.0784313725490198,0.5063799621928167,lumpy
40_157_10677,66,1.0833333333333333,0.4705098833182375,smooth
40_157_10765,9,1.912280701754386,0.6917293233082704,lumpy
40_157_10775,9,3.40625,0.4467782128871485,intermittent
40_157_10917,12,2.0384615384615383,0.6932231404958678,lumpy
40_157_10925,0,1.3409090909090908,0.3740642722117201,intermittent
40_157_10982,90,1.0,0.30240195158566335,smooth
40_157_11007,0,1.0,0.32605513324749996,smooth
40_157_11026,26,1.8775510204081634,0.5987883940907642,lumpy
40_157_11091,68,1.1363636363636365,0.6147999999999998,erratic
40_157_11108,97,1.05,0.4262939738548199,smooth
40_157_11147,0,1.0172413793103448,0.33312603777339694,smooth
40_157_11210,11,1.1758241758241759,0.505375364431487,erratic
40_157_11228,67,1.1333333333333333,0.44138147074947137,smooth
40_157_11268,12,1.394736842105263,0.7305263157894737,lumpy
40_157_11325,67,1.3421052631578947,0.47225765306122464,intermittent
40_157_11345,90,1.0769230769230769,0.4214373653431823,smooth
40_157_11370,68,1.2820512820512822,0.39590942293645,smooth
40_157_11461,67,1.5454545454545454,0.7476260043827612,lumpy
40_157_11472,9,2.0185185185185186,0.44053565734934635,intermittent
40_157_11548,26,1.9574468085106382,0.2959730212259472,intermittent
40_157_11717,9,1.4342105263157894,1.0979439362513397,lumpy
40_157_11742,90,1.4,0.6654492330168005,lumpy
40_157_11764,90,1.3333333333333333,0.23174931129476586,intermittent
40_157_11908,26,1.295774647887324,0.8015883264462812,erratic
40_157_11927,67,1.6451612903225807,0.3638525564803808,intermittent
40_157_11934,0,1.388235294117647,0.24533180120654963,intermittent
40_157_12058,12,1.2926829268292683,0.5450367647058825,erratic
40_157_12099,0,1.0350877192982457,0.6240112909068952,erratic
40_157_12218,67,1.275,0.4026343894624421,smooth
40_157_12267,0,1.0350877192982457,0.6160887789363316,erratic
40_157_12269,0,1.0085470085470085,0.30470794937071954,smooth
40_157_12273,9,1.329268292682927,0.7759852420358336,erratic
40_157_12291,0,1.0260869565217392,0.28079235576316136,smooth
40_157_12478,90,1.12,0.3667296786389417,smooth
40_157_12482,12,1.5142857142857142,0.5344177742511409,lumpy
40_157_12493,0,1.0172413793103448,0.42819108741783546,smooth
40_157_12501,0,1.0727272727272728,0.34402153018069953,smooth
40_157_12521,12,2.12,0.26643598615916975,intermittent
40_157_12555,10,2.5714285714285716,0.33455076698319963,intermittent
40_157_12570,12,2.12,0.42508763907940844,intermittent
40_157_12592,9,1.5571428571428572,0.44878369493754106,intermittent
40_157_12649,0,1.0085470085470085,0.4546115166925222,smooth
40_157_12785,9,1.703125,0.9986728066118361,lumpy
40_157_12844,90,1.4736842105263157,0.36711962575183793,intermittent
40_157_12889,9,1.379746835443038,0.6368102527589888,lumpy
40_157_12920,74,6.285714285714286,0.3174603174603175,intermittent
40_157_12978,69,1.2564102564102564,0.41100823045267515,smooth
40_157_13009,10,1.2705882352941176,0.4538006484987993,smooth
40_157_13090,1,1.1142857142857143,0.39576719576719577,smooth
40_157_13170,15,2.1458333333333335,0.35345221764974843,intermittent
40_157_13278,0,1.0,0.22140989387719448,smooth
40_157_13331,90,1.0769230769230769,0.42292211002047886,smooth
40_157_13509,0,1.0260869565217392,0.32718619869125537,smooth
40_157_13606,26,1.9166666666666667,0.43407407407407417,intermittent
40_157_13676,9,1.2247191011235956,0.6232639073093613,erratic
40_157_13701,0,1.0442477876106195,0.2850334105445777,smooth
40_157_13900,104,1.0,0.250011314590885,smooth
40_157_14029,26,1.3529411764705883,0.679723449554726,lumpy
40_157_14061,65,1.606060606060606,0.4546938775510207,intermittent
40_157_14161,26,1.108433734939759,0.4391683999654937,smooth
40_157_14215,9,1.379746835443038,1.010193345285893,lumpy
40_157_14235,0,1.0172413793103448,0.2225655976676383,smooth
40_157_14279,66,1.1304347826086956,0.5865306122448978,erratic
40_164_33,20,2.0416666666666665,0.3049999999999998,intermittent
40_164_124,92,1.5294117647058822,0.18522372528616043,intermittent
40_164_184,14,1.7333333333333334,0.4521727058170204,intermittent
40_164_338,74,2.0,0.2901234567901233,intermittent
40_164_363,69,1.96,0.1814744801512287,intermittent
40_164_410,30,2.838709677419355,0.10030864197530859,intermittent
40_164_591,15,1.8392857142857142,0.3333333333333333,intermittent
40_164_786,70,2.823529411764706,0.33471074380165283,intermittent
40_164_832,0,1.2967032967032968,0.46316879181921433,smooth
40_164_911,10,1.588235294117647,0.46506229975080104,intermittent
40_164_1069,10,1.542857142857143,0.37217403182842673,intermittent
40_164_1118,18,2.4390243902439024,0.4577777777777778,intermittent
40_164_1258,77,1.1081081081081081,0.3175760099958351,smooth
40_164_1367,0,2.269230769230769,0.16866204578869987,intermittent
40_164_1381,40,3.12,0.11862643080124863,intermittent
40_164_1395,21,1.5901639344262295,0.4043964620187305,intermittent
40_164_1511,0,1.2826086956521738,0.40107735762828595,smooth
40_164_1594,73,3.75,0.21874999999999997,intermittent
40_164_1670,0,3.4705882352941178,0.5937499999999997,lumpy
40_164_1708,77,5.857142857142857,0.09375000000000011,intermittent
40_164_1794,0,2.2264150943396226,0.33701814058956914,intermittent
40_164_1808,70,1.3333333333333333,0.3036686390532544,intermittent
40_164_1841,4,1.4430379746835442,0.42274320196398135,intermittent
40_164_1856,16,1.2289156626506024,0.504445450430059,erratic
40_164_1878,2,1.5890410958904109,0.5286255290710627,lumpy
40_164_1902,0,1.3258426966292134,0.47198539967087993,smooth
40_164_1904,91,1.08,0.4506941972232108,smooth
40_164_2148,28,1.4285714285714286,0.3100189035916822,intermittent
40_164_2168,0,1.2553191489361701,0.44020793950850673,smooth
40_164_2170,15,6.866666666666666,0.20370370370370378,intermittent
40_164_2466,30,2.0952380952380953,0.4613017751479288,intermittent
40_164_2524,0,2.0344827586206895,0.49739612188365656,intermittent
40_164_2607,90,1.0769230769230769,0.257832611887645,smooth
40_164_2627,19,1.65,0.3189386056191466,intermittent
40_164_2687,30,3.52,0.2543252595155706,intermittent
40_164_2747,71,5.222222222222222,0.07999999999999981,intermittent
40_164_2766,0,2.185185185185185,0.1444636678200691,intermittent
40_164_2925,19,2.020408163265306,0.24943849914123412,intermittent
40_164_3156,0,2.185185185185185,0.19311856974194658,intermittent
40_164_3352,14,2.0392156862745097,0.26171875,intermittent
40_164_3372,16,1.2142857142857142,0.445154577883472,smooth
40_164_3378,12,1.8596491228070176,0.5559168241965973,lumpy
40_164_3426,4,1.8688524590163935,0.3937773456490033,intermittent
40_164_3435,30,1.4426229508196722,0.3738119904508806,intermittent
40_164_3457,66,1.6774193548387097,0.4007134363852559,intermittent
40_164_3579,20,1.5076923076923077,0.31431734747392326,intermittent
40_164_3700,66,1.1304347826086956,0.2824242424242424,smooth
40_164_3721,91,1.35,0.4249307479224376,intermittent
40_164_3724,30,1.2222222222222223,0.3414872099940509,smooth
40_164_3731,0,2.0,0.35918047250269575,intermittent
40_164_4091,1,1.3448275862068966,0.5358144303473027,lumpy
40_164_4115,37,4.764705882352941,0.0,intermittent
40_164_4132,0,1.6164383561643836,0.4897257045904419,intermittent
40_164_4185,13,1.6666666666666667,0.5934075967859753,lumpy
40_164_4196,68,3.125,0.19727891156462585,intermittent
40_164_4349,72,2.4210526315789473,0.536764705882353,lumpy
40_164_4372,34,2.8,0.12426035502958563,intermittent
40_164_4376,90,1.2173913043478262,0.33831936721747985,smooth
40_164_4446,16,1.8888888888888888,0.44489795918367353,intermittent
40_164_4488,11,1.3544303797468353,0.6139776492949476,lumpy
40_164_4495,0,1.2967032967032968,0.39645600832986533,smooth
40_164_4665,67,1.6451612903225807,0.2574364521362897,intermittent
40_164_4783,0,1.5324675324675325,0.4575009609896446,intermittent
40_164_4837,17,1.8703703703703705,0.5061728395061729,lumpy
40_164_4872,17,1.2784810126582278,0.9895740988150683,erratic
40_164_4905,91,1.2857142857142858,0.21487603305785133,smooth
40_164_4911,0,1.2553191489361701,0.5023489742687598,erratic
40_164_4983,7,6.529411764705882,0.0,intermittent
40_164_4992,90,1.2173913043478262,0.31956004756242573,smooth
40_164_5033,6,3.5,0.13580246913580246,intermittent
40_164_5067,2,1.8709677419354838,0.28099173553718976,intermittent
40_164_5131,0,1.388235294117647,0.46799316406249986,intermittent
40_164_5216,0,1.2826086956521738,0.5601077642356729,erratic
40_164_5236,1,1.4096385542168675,0.47078006353988056,intermittent
40_164_5265,68,2.1739130434782608,0.6045730148294247,lumpy
40_164_5309,5,1.486842105263158,0.521880760586854,lumpy
40_164_5333,64,3.176470588235294,0.33471074380165283,intermittent
40_164_5345,0,1.710144927536232,0.5704320790816325,lumpy
40_164_5360,93,1.3888888888888888,0.18002081165452632,intermittent
40_164_5395,10,1.44,0.3016563966306744,intermittent
40_164_5468,12,1.9272727272727272,0.4182920593177001,intermittent
40_164_5530,30,1.4193548387096775,0.47187728268809326,intermittent
40_164_5580,80,4.222222222222222,0.07999999999999981,intermittent
40_164_5639,68,1.9230769230769231,0.24955500177999307,intermittent
40_164_5647,10,1.5211267605633803,0.6374947938359019,lumpy
40_164_5686,0,1.7878787878787878,0.41654742866762057,intermittent
40_164_5752,12,1.606060606060606,0.45280669986419164,intermittent
40_164_5815,27,2.676470588235294,0.11791383219954639,intermittent
40_164_5838,13,2.441860465116279,0.3772675736961451,intermittent
40_164_5883,11,1.646153846153846,0.4133452945448331,intermittent
40_164_6031,14,1.6,0.3281095020829203,intermittent
40_164_6091,38,1.702127659574468,0.3178977727928214,intermittent
40_164_6123,69,8.166666666666666,0.10204081632653039,intermittent
40_164_6166,13,1.3461538461538463,0.4505612244897959,intermittent
40_164_6242,6,1.2727272727272727,0.4019158683881718,smooth
40_164_6252,1,1.5810810810810811,0.4873098929042985,intermittent
40_164_6323,13,2.1875,0.19024003173973392,intermittent
40_164_6346,66,1.4054054054054055,0.2836734693877551,intermittent
40_164_6476,0,1.3111111111111111,0.46593166553435217,smooth
40_164_6553,10,10.8,0.07438016528925608,intermittent
40_164_6554,70,2.2857142857142856,0.3149690943294813,intermittent
40_164_6607,10,1.3012048192771084,0.5811499999999997,erratic
40_164_6727,83,2.1875,0.256198347107438,intermittent
40_164_6741,68,2.1739130434782608,0.5012252171975942,lumpy
40_164_6780,68,5.0,0.11111111111111122,intermittent
40_164_6825,13,2.3863636363636362,0.16753381893860558,intermittent
40_164_6857,13,1.4788732394366197,1.56122095039889,lumpy
40_164_6889,67,1.3421052631578947,0.451591942820013,intermittent
40_164_6899,74,5.5,0.32053040695016005,intermittent
40_164_6911,75,1.162162162162162,0.4775519848771268,smooth
40_164_6940,72,6.571428571428571,0.11999999999999991,intermittent
40_164_6983,11,1.7833333333333334,0.4059171597633137,intermittent
40_164_6988,86,3.2,0.11111111111111122,intermittent
40_164_7134,2,6.105263157894737,0.09917355371900814,intermittent
40_164_7146,14,2.122448979591837,0.3563558183284062,intermittent
40_164_7178,28,1.9148936170212767,0.33958238073464425,intermittent
40_164_7205,15,1.3037974683544304,0.3874365563082674,smooth
40_164_7221,12,1.4324324324324325,0.4927368164062496,intermittent
40_164_7259,2,2.32,0.360544217687075,intermittent
40_164_7322,67,1.3076923076923077,0.2310527159109118,smooth
40_164_7515,1,3.1621621621621623,0.40661157024793404,intermittent
40_164_7525,66,3.466666666666667,0.39999999999999997,intermittent
40_164_7534,0,1.2826086956521738,0.5807353355192251,erratic
40_164_7580,12,1.8275862068965518,0.4202770083102492,intermittent
40_164_7609,7,3.0833333333333335,0.22227252150294263,intermittent
40_164_7664,2,1.7058823529411764,0.4166666666666665,intermittent
40_164_7727,0,1.6857142857142857,0.6342975206611571,lumpy
40_164_7733,11,1.671875,0.48166530612244896,intermittent
40_164_7787,29,2.3421052631578947,0.23596938775510218,intermittent
40_164_7843,10,8.307692307692308,0.06122448979591849,intermittent
40_164_7992,0,1.4936708860759493,0.46900148659983876,intermittent
40_164_8085,75,1.1025641025641026,0.3100475624256835,smooth
40_164_8289,35,4.15,0.11111111111111122,intermittent
40_164_8407,0,1.2291666666666667,0.5510510431885106,erratic
40_164_8453,1,1.4444444444444444,0.36214532871972316,intermittent
40_164_8502,66,3.0588235294117645,0.6090534979423868,lumpy
40_164_8551,0,2.269230769230769,0.941970698075266,lumpy
40_164_8631,66,1.1818181818181819,0.3885547771095543,smooth
40_164_8688,68,1.5625,0.4431846812799194,intermittent
40_164_8703,64,2.5714285714285716,0.1666666666666667,intermittent
40_164_8857,4,1.2808988764044944,0.43850826605151866,smooth
40_164_8882,15,1.1573033707865168,0.516955555555556,erratic
40_164_8925,4,2.7142857142857144,0.13702623906705522,intermittent
40_164_8995,13,3.1818181818181817,0.38435374149659857,intermittent
40_164_9082,34,1.826086956521739,0.3081249999999999,intermittent
40_164_9192,0,2.4583333333333335,0.11692042516518228,intermittent
40_164_9228,29,1.5344827586206897,0.39986147370664377,intermittent
40_164_9352,31,1.7755102040816326,0.4712696235329978,intermittent
40_164_9361,2,2.4166666666666665,0.2296725328580978,intermittent
40_164_9364,1,1.6714285714285715,0.25529071062597436,intermittent
40_164_9414,63,2.391304347826087,0.19377162629757813,intermittent
40_164_9466,66,1.1818181818181819,0.26612056290695235,smooth
40_164_9475,11,1.9454545454545455,0.2909006821597873,intermittent
40_164_9489,92,1.3,0.3411078717201165,smooth
40_164_9532,74,6.285714285714286,0.41748849441157143,intermittent
40_164_9582,46,3.4285714285714284,0.10742187500000026,intermittent
40_164_9646,1,2.0526315789473686,0.20949074074074084,intermittent
40_164_9649,17,2.1956521739130435,0.19667013527575433,intermittent
40_164_9770,28,1.5517241379310345,0.38771553923069074,intermittent
40_164_9826,77,5.857142857142857,0.09375000000000011,intermittent
40_164_9900,0,1.8153846153846154,0.40553369305042797,intermittent
40_164_9949,75,1.5925925925925926,0.24822990420658045,intermittent
40_164_9964,5,2.0925925925925926,0.2263374485596707,intermittent
40_164_10032,12,1.5142857142857142,0.7321774261425807,lumpy
40_164_10156,13,2.019230769230769,0.25951557093425615,intermittent
40_164_10203,1,1.5,0.49965564738292007,intermittent
40_164_10266,76,6.0,0.27481919789612097,intermittent
40_164_10269,14,1.625,0.3780851183448586,intermittent
40_164_10346,1,1.828125,0.462272,intermittent
40_164_10350,26,1.2777777777777777,0.4741295851410947,smooth
40_164_10364,38,1.1428571428571428,0.3189142110611118,smooth
40_164_10372,0,1.6164383561643836,0.5247928994082841,lumpy
40_164_10447,29,1.328358208955224,0.36850302598789614,smooth
40_164_10450,26,1.7358490566037736,0.40660589379056084,intermittent
40_164_10484,14,1.7333333333333334,0.2947658402203855,intermittent
40_164_10516,2,2.9,0.14795918367346955,intermittent
40_164_10591,33,1.7346938775510203,0.24340361065522031,intermittent
40_164_10677,70,1.263157894736842,0.40340909090909083,smooth
40_164_10765,10,2.16,0.3346354166666667,intermittent
40_164_10775,27,3.7916666666666665,0.22711058263971487,intermittent
40_164_10917,19,2.5384615384615383,0.19970703125000017,intermittent
40_164_10925,1,2.925,0.28544423440453676,intermittent
40_164_10955,16,1.1724137931034482,0.3634164777021919,smooth
40_164_10982,90,1.12,0.19993969463556385,smooth
40_164_11007,1,1.3448275862068966,0.5692751714767398,lumpy
40_164_11026,30,2.5142857142857142,0.1578449905482041,intermittent
40_164_11091,80,9.5,0.68,lumpy
40_164_11147,2,1.380952380952381,0.57104944907283,lumpy
40_164_11210,12,1.5820895522388059,0.6024211308897585,lumpy
40_164_11228,72,1.7692307692307692,0.16358024691358042,intermittent
40_164_11268,13,1.5217391304347827,0.3553864447086801,intermittent
40_164_11325,68,1.2195121951219512,0.3234069137859226,smooth
40_164_11345,90,1.2173913043478262,0.27423822714681445,smooth
40_164_11370,78,2.857142857142857,0.4000000000000002,intermittent
40_164_11461,71,3.9166666666666665,0.12,intermittent
40_164_11472,39,4.388888888888889,0.23840000000000003,intermittent
40_164_11548,36,4.1,0.17202268431001913,intermittent
40_164_11717,11,1.4861111111111112,1.000389841835598,lumpy
40_164_11742,90,1.4736842105263157,0.2507396449704141,intermittent
40_164_11764,91,2.25,0.15576694411415,intermittent
40_164_11908,28,1.5517241379310345,0.501917639483777,lumpy
40_164_11927,67,3.0,0.08310249307479227,intermittent
40_164_11934,15,2.861111111111111,0.27446897126197406,intermittent
40_164_12058,12,1.2771084337349397,0.38539430822453974,smooth
40_164_12218,66,1.4857142857142858,0.27007733491969044,intermittent
40_164_12267,52,1.064516129032258,0.30538229251751214,smooth
40_164_12269,0,2.185185185185185,0.23321799307958452,intermittent
40_164_12273,12,1.4133333333333333,0.9337867998724624,lumpy
40_164_12291,0,1.5324675324675325,0.41488307246566264,intermittent
40_164_12478,90,1.1666666666666667,0.2672176308539946,smooth
40_164_12482,25,3.875,0.28,intermittent
40_164_12493,2,2.230769230769231,0.20690339218409046,intermittent
40_164_12501,0,2.6818181818181817,0.13905325443786956,intermittent
40_164_12521,29,2.78125,0.2,intermittent
40_164_12555,24,4.086956521739131,0.3529411764705884,intermittent
40_164_12570,22,2.6666666666666665,0.5802469135802468,lumpy
40_164_12592,15,1.3918918918918919,0.41994337842088697,intermittent
40_164_12649,1,1.5810810810810811,0.5406494485813932,lumpy
40_164_12785,19,1.5,1.0283782151914016,lumpy
40_164_12844,90,1.4,0.4880740477038091,intermittent
40_164_12889,15,1.6349206349206349,0.3941882115930526,intermittent
40_164_12920,74,5.5,0.7662337662337663,lumpy
40_164_12978,80,1.4074074074074074,0.19938016528925628,intermittent
40_164_13009,40,1.813953488372093,0.3770661157024791,intermittent
40_164_13090,1,3.774193548387097,0.1387755102040814,intermittent
40_164_13170,31,4.142857142857143,0.11834319526627207,intermittent
40_164_13278,0,1.2688172043010753,0.5165998459876372,erratic
40_164_13312,14,1.3164556962025316,0.5264445905471549,erratic
40_164_13331,90,1.12,0.22846571858018253,smooth
40_164_13509,2,2.9743589743589745,0.2356710573157705,intermittent
40_164_13606,38,2.7586206896551726,0.21655328798185938,intermittent
40_164_13676,10,1.3333333333333333,0.4886388950768547,intermittent
40_164_14029,28,1.5,0.2925170068027212,intermittent
40_164_14061,63,3.4375,0.3884297520661157,intermittent
40_164_14161,30,1.543859649122807,0.39160156250000017,intermittent
40_164_14215,13,1.3125,0.8025187880593413,erratic
40_164_14235,0,1.3563218390804597,0.5204630593132155,lumpy
40_164_14279,78,1.6,0.32236568096626417,intermittent
41_2_1178,0,1.0,0.2651023316115558,smooth
41_2_1222,0,1.0,0.11523688423454162,smooth
41_2_2325,0,1.0,0.26742217833045806,smooth
41_2_6743,0,1.0,0.11384852914616171,smooth
41_2_9410,0,1.0,0.18651951229099786,smooth
41_2_9723,60,1.0,0.270183496241723,smooth
41_2_10828,0,1.0,0.2298547937174503,smooth
41_14_534,0,1.0,0.11565606396324606,smooth
41_14_2301,89,1.0,0.3964597797899195,smooth
41_14_2623,90,1.0,0.4921349933337932,smooth
41_14_3386,0,1.0,0.2848587774301393,smooth
41_14_3881,0,1.0535714285714286,0.2054942323313548,smooth
41_14_3991,0,1.0,0.09370755991525459,smooth
41_14_3996,41,1.0,0.22943609034568369,smooth
41_14_11082,38,1.0666666666666667,0.14794076070584017,smooth
41_14_13049,0,1.0,0.1527729060485948,smooth
41_23_372,87,10.333333333333334,0.0,intermittent
41_23_2361,53,9.285714285714286,0.09375000000000011,intermittent
41_23_4523,53,1.8571428571428572,0.2617283950617283,intermittent
41_23_12571,65,3.1176470588235294,0.1709183673469388,intermittent
41_28_11706,1,1.481012658227848,2.0223132784291455,lumpy
41_35_379,79,1.0833333333333333,0.6623529411764705,erratic
41_35_424,0,1.0,0.09572033933109128,smooth
41_35_2230,81,1.0,0.1512602859010289,smooth
41_35_5655,73,1.0,0.2301333925869479,smooth
41_35_5715,64,1.0,0.16827920912994368,smooth
41_35_8080,103,1.0,1.3177842565597668,erratic
41_35_8170,79,1.0,0.5448356449728191,erratic
41_35_9922,0,1.0,0.0890745876550415,smooth
41_35_10807,1,1.0,0.22675392867668032,smooth
41_35_11001,87,1.0333333333333334,1.6912552510887577,erratic
41_35_11398,61,1.0555555555555556,0.3685018903591683,smooth
41_35_11522,2,1.1047619047619048,0.35716434755572934,smooth
41_35_13232,100,1.0,0.1917765060019918,smooth
41_35_13982,97,1.105263157894737,0.8539792387543255,erratic
41_35_14286,1,1.2580645161290323,0.2833356199173687,smooth
41_38_189,40,13.0,0.10204081632653039,intermittent
41_38_593,4,8.76923076923077,0.11718749999999985,intermittent
41_38_664,20,3.769230769230769,0.08204518430439964,intermittent
41_38_773,0,1.3111111111111111,1.0055363321799309,erratic
41_38_861,43,9.375,0.30612244897959184,intermittent
41_38_874,40,4.875,1.2040816326530612,lumpy
41_38_924,0,2.3137254901960786,0.44705882352941156,intermittent
41_38_1065,0,1.5526315789473684,1.0401753104455804,lumpy
41_38_1311,55,1.8,1.1765625000000002,lumpy
41_38_1767,3,1.6911764705882353,0.5686430035032058,lumpy
41_38_1888,27,10.11111111111111,0.12500000000000006,intermittent
41_38_2050,0,2.0344827586206895,0.4373177842565597,intermittent
41_38_2704,0,3.933333333333333,0.36799999999999977,intermittent
41_38_2728,1,1.8571428571428572,1.1994628906250002,lumpy
41_38_2942,0,3.2777777777777777,0.5838287752675384,lumpy
41_38_3195,0,5.130434782608695,0.06720000000000008,intermittent
41_38_3698,23,1.0555555555555556,0.669821078034743,erratic
41_38_4060,73,1.40625,0.6233090530697191,lumpy
41_38_4227,0,1.4047619047619047,0.4497510185604344,intermittent
41_38_4229,23,1.3380281690140845,1.3054875283446712,lumpy
41_38_4361,29,6.357142857142857,0.3573407202216065,intermittent
41_38_4409,0,1.7878787878787878,0.2870232594564962,intermittent
41_38_4438,0,7.866666666666666,0.0,intermittent
41_38_4447,3,23.0,0.12244897959183697,intermittent
41_38_4623,1,6.157894736842105,0.3071999999999997,intermittent
41_38_4706,2,2.4680851063829787,0.39043097151205236,intermittent
41_38_4832,0,4.068965517241379,0.1650840029218405,intermittent
41_38_5064,0,2.269230769230769,0.21548575602629652,intermittent
41_38_5450,0,1.3409090909090908,0.6809298384571457,lumpy
41_38_5475,23,4.523809523809524,0.18047337278106504,intermittent
41_38_5551,62,1.018181818181818,0.8765892466374438,erratic
41_38_5780,1,2.4375,0.1900826446280991,intermittent
41_38_5965,0,1.388235294117647,0.4285475625647367,intermittent
41_38_6173,0,1.3409090909090908,1.958295286254709,lumpy
41_38_6338,0,1.1683168316831682,0.6328748729859198,erratic
41_38_6831,66,1.6774193548387097,0.41671173607355294,intermittent
41_38_7101,1,1.3604651162790697,0.7160192656533431,lumpy
41_38_7365,67,2.125,0.2299168975069254,intermittent
41_38_7669,3,5.0,0.2777777777777777,intermittent
41_38_8136,3,2.8048780487804876,0.22895408163265274,intermittent
41_38_8211,6,3.111111111111111,0.4994660021359911,intermittent
41_38_8275,19,5.5,0.2500000000000001,intermittent
41_38_8336,85,1.375,1.1482454494276602,lumpy
41_38_8360,3,2.169811320754717,0.2562962962962962,intermittent
41_38_8494,5,5.947368421052632,0.04500000000000018,intermittent
41_38_8677,0,2.0344827586206895,0.35201814058956926,intermittent
41_38_8762,59,11.8,0.0,intermittent
41_38_9041,29,14.833333333333334,0.12500000000000006,intermittent
41_38_9524,29,7.416666666666667,0.0,intermittent
41_38_10408,46,2.057142857142857,0.5047894854087768,lumpy
41_38_10570,0,2.0,0.3732596450207248,intermittent
41_38_10593,27,4.7894736842105265,0.18750000000000003,intermittent
41_38_10769,0,1.475,0.6134364874694173,lumpy
41_38_10866,4,16.285714285714285,0.0,intermittent
41_38_10885,18,2.0408163265306123,0.53125,lumpy
41_38_11031,61,1.163265306122449,0.5301314828341858,erratic
41_38_11425,0,3.5757575757575757,1.025887573964497,lumpy
41_38_11550,20,16.333333333333332,0.12500000000000006,intermittent
41_38_11789,29,8.090909090909092,0.0694444444444446,intermittent
41_38_11867,63,1.896551724137931,0.5084641428131733,lumpy
41_38_11946,2,2.0350877192982457,0.6794181895679047,lumpy
41_38_12283,27,2.3333333333333335,0.7369146005509642,lumpy
41_38_12323,18,3.8461538461538463,0.804081632653061,lumpy
41_38_12746,0,1.7611940298507462,0.2514049586776858,intermittent
41_38_12779,36,10.25,0.28,intermittent
41_38_13108,8,9.166666666666666,0.0,intermittent
41_38_13152,0,1.4390243902439024,0.6925522874921196,lumpy
41_38_13323,4,22.8,0.32653061224489816,intermittent
41_38_13929,3,1.2105263157894737,1.4467368905017202,erratic
41_38_13955,93,8.333333333333334,0.12500000000000006,intermittent
41_38_14132,7,4.826086956521739,0.43111111111111117,intermittent
41_38_14295,0,2.6222222222222222,0.6131487889273357,lumpy
41_38_14317,0,3.5757575757575757,0.26717144402379667,intermittent
41_54_5130,4,4.071428571428571,0.9444444444444446,lumpy
41_54_5464,0,8.428571428571429,0.2,intermittent
41_54_5496,0,1.6619718309859155,0.4110406292440017,intermittent
41_54_10537,7,4.111111111111111,0.3568933082504704,intermittent
41_54_13171,0,1.7878787878787878,0.6984379353865826,lumpy
41_70_2287,60,2.6363636363636362,0.34750000000000003,intermittent
41_70_7319,87,3.4444444444444446,0.0,intermittent
41_70_7570,105,13.0,0.0,intermittent
41_70_8414,1,4.0344827586206895,0.24592592592592583,intermittent
41_76_863,80,3.1666666666666665,0.06508875739644986,intermittent
41_76_1917,64,10.8,0.12244897959183697,intermittent
41_76_2177,74,4.888888888888889,0.9497041420118347,lumpy
41_76_2533,70,2.526315789473684,0.555940023068051,lumpy
41_76_2922,80,2.923076923076923,0.21453287197231838,intermittent
41_76_3698,65,1.2926829268292683,0.7602436550604158,erratic
41_76_4229,65,1.0816326530612246,0.7993040505479077,erratic
41_76_4409,70,2.0,0.2790652977486157,intermittent
41_76_5568,81,6.166666666666667,0.10204081632653039,intermittent
41_76_5905,88,5.0,0.0,intermittent
41_76_8465,86,8.0,0.0,intermittent
41_76_11602,65,1.4722222222222223,0.2884210526315789,intermittent
41_76_12062,74,2.4444444444444446,0.5044342918570277,lumpy
41_76_12813,76,3.5,0.3702422145328718,intermittent
41_76_13843,70,3.4285714285714284,0.722,lumpy
41_78_9418,0,1.0085470085470085,0.15728121357427613,smooth
41_78_9863,12,1.0,0.430345354813847,smooth
41_78_12517,0,1.0,0.12506926820539102,smooth
41_84_1323,0,1.0,0.1888058334514827,smooth
41_84_2904,9,1.028301886792453,0.5530988880876322,erratic
41_84_3825,0,1.2164948453608246,0.6054256490107116,erratic
41_84_5464,0,1.0085470085470085,0.24410049236207546,smooth
41_84_6840,0,1.0350877192982457,0.28349150274050416,smooth
41_84_7750,0,1.0,0.15923199999999985,smooth
41_84_11469,0,1.0085470085470085,0.18094312866452802,smooth
41_84_11776,0,1.0442477876106195,0.40756180871556014,smooth
41_84_13171,0,1.0,0.13252879533262676,smooth
41_88_3123,0,6.555555555555555,0.7487216946676412,lumpy
41_88_3619,0,1.5526315789473684,0.24952884857646784,intermittent
41_88_8498,71,2.238095238095238,0.4367598735197472,intermittent
41_88_9628,0,1.145631067961165,0.3907067756096803,smooth
41_88_13230,0,1.0350877192982457,0.33563192894463584,smooth
41_88_13270,0,1.0,0.17235182895254753,smooth
41_89_908,0,1.0442477876106195,0.12746614043347626,smooth
41_89_5574,0,1.0,0.170722360960472,smooth
41_89_5918,0,1.0,0.13597581905698455,smooth
41_89_6144,74,1.0476190476190477,0.20832882785467136,smooth
41_89_6352,0,1.102803738317757,0.21860999243061016,smooth
41_89_9119,0,1.0,0.1247258394635289,smooth
41_89_9174,45,1.0,0.25929248371263175,smooth
41_89_9351,0,1.0,0.04967633903426826,smooth
41_89_10724,0,1.0,0.6241343490304706,erratic
41_89_13398,0,1.063063063063063,0.4330122884114583,smooth
41_89_14114,56,1.0,0.2759879800691883,smooth
41_110_7270,78,1.0,0.1389569587873742,smooth
41_110_8986,0,1.0,0.2725566409077256,smooth
41_110_9735,61,1.0,0.28633518518518514,smooth
41_110_12343,37,1.0,0.33529949155135674,smooth
41_110_12823,43,1.0135135135135136,0.27428338982508443,smooth
41_110_13343,8,2.0,1.6317229189462161,lumpy
41_110_13699,0,1.0172413793103448,0.25732630048993343,smooth
41_111_287,0,2.0344827586206895,3.22136795623143,lumpy
41_111_752,0,1.6619718309859155,0.29847418721520425,intermittent
41_111_982,0,1.6619718309859155,0.29847418721520425,intermittent
41_111_2521,1,3.342857142857143,0.298828125,intermittent
41_111_4467,0,1.475,0.46724515041772746,intermittent
41_111_5031,0,2.6222222222222222,1.37813983416091,lumpy
41_111_5390,0,1.9666666666666666,0.2302261543997752,intermittent
41_111_6257,0,1.5945945945945945,0.29170818227969686,intermittent
41_111_6284,0,2.5106382978723403,0.37628813386389165,intermittent
41_111_7769,0,1.2688172043010753,0.4949684971184567,smooth
41_111_7908,0,1.475,0.46724515041772746,intermittent
41_111_8609,0,1.9666666666666666,0.44979081882744537,intermittent
41_111_8613,0,1.5733333333333333,0.6239927682858201,lumpy
41_111_9366,22,12.0,0.12,intermittent
41_111_13030,0,2.36,1.2549240081707616,lumpy
41_111_13490,0,1.9666666666666666,0.2302261543997752,intermittent
41_111_13712,0,2.6222222222222222,1.37813983416091,lumpy
41_111_14201,0,1.2688172043010753,0.4949684971184567,smooth
41_127_4846,84,1.2142857142857142,0.37739838671783227,smooth
41_127_6650,23,4.523809523809524,0.48794740686632576,intermittent
41_127_8768,20,49.0,0.36,intermittent
41_127_9319,90,1.12,1.5649746669168705,erratic
41_127_11913,85,1.2222222222222223,0.5088132747933887,erratic
41_127_13261,90,1.2727272727272727,0.5107812500000001,erratic
41_127_13724,85,1.1785714285714286,0.7890885795935119,erratic
41_127_14098,86,1.2307692307692308,0.41998571531751316,smooth
41_128_6015,2,1.1717171717171717,0.311674489723861,smooth
41_128_6631,0,1.1919191919191918,0.3259516480095947,smooth
41_128_9278,7,1.121212121212121,0.18168376536925362,smooth
41_128_10847,0,1.0925925925925926,0.17705475289285297,smooth
41_128_12222,0,1.1919191919191918,0.44173037541970817,smooth
41_133_1779,102,1.0,0.3339429964944368,smooth
41_133_2186,82,1.0,0.6660791539817338,erratic
41_133_2287,46,1.0140845070422535,0.2454094097810036,smooth
41_133_2641,46,1.0434782608695652,0.24264588920224348,smooth
41_133_3175,98,1.0,0.10975998181303656,smooth
41_133_5476,46,2.057142857142857,0.5889722471544347,lumpy
41_133_5825,51,1.0,0.19407968341840642,smooth
41_133_6492,91,1.0,0.34943773427738445,smooth
41_133_6655,91,1.0,0.30375222509129024,smooth
41_133_7784,93,1.0,0.1686466942148761,smooth
41_133_8808,105,1.4444444444444444,0.2399999999999999,intermittent
41_133_8994,46,1.0,0.21350549835141536,smooth
41_133_9007,66,1.0,0.2658276879950729,smooth
41_133_9562,52,1.0,0.15957118861207553,smooth
41_133_9886,68,1.0,0.15892145458705959,smooth
41_133_9895,0,1.0350877192982457,0.35392389827268966,smooth
41_133_10421,68,1.2820512820512822,0.5312314098750743,erratic
41_133_12509,0,1.0350877192982457,0.6547137588789766,erratic
41_133_12975,0,1.0,0.2747976915974145,smooth
41_133_13132,81,1.0277777777777777,0.17859532261661457,smooth
41_133_13589,105,1.0,0.3103999999999999,smooth
41_143_1330,0,1.145631067961165,0.3278462198618168,smooth
41_143_2104,0,1.0350877192982457,1.0749744897959184,erratic
41_143_3825,7,1.734375,0.5294117647058824,lumpy
41_143_5130,0,1.3409090909090908,0.4971644612476368,intermittent
41_143_6690,0,1.0442477876106195,0.2648458855688568,smooth
41_143_6884,3,1.619718309859155,0.39479289940828405,intermittent
41_143_8239,0,1.0442477876106195,0.13752473478444066,smooth
41_143_11353,3,1.2234042553191489,0.3340698563780063,smooth
41_143_11377,0,1.063063063063063,0.3954258649840789,smooth
41_143_11776,0,1.18,0.7196000644562274,erratic
41_143_12873,0,1.0925925925925926,0.6715024418270613,erratic
41_143_13171,0,1.0085470085470085,0.30516849124784234,smooth
41_143_14183,0,1.1238095238095238,0.27517210985918783,smooth
41_159_708,0,1.4936708860759493,1.5177469863114128,lumpy
41_159_979,0,1.2688172043010753,0.5909914261562615,erratic
41_159_1109,0,1.2040816326530612,0.42523842680982005,smooth
41_159_3826,1,1.9830508474576272,0.3275000000000002,intermittent
41_159_3875,0,1.1132075471698113,0.23553573273913925,smooth
41_159_8474,0,1.063063063063063,0.3848864265927977,smooth
41_159_8591,10,1.0909090909090908,0.4606383398874978,smooth
41_159_11152,0,1.2164948453608246,0.1522560070974947,smooth
41_159_13299,0,1.1919191919191918,0.24262437328827505,smooth
41_159_14202,0,1.1919191919191918,0.6653967578194088,erratic
41_163_4537,58,1.0169491525423728,0.4040817454776317,smooth
41_163_6304,12,1.0,0.5844640278622295,erratic
41_163_6392,4,1.0,0.6759481087293027,erratic
41_163_6590,101,1.0,0.35999999999999993,smooth
41_163_6850,58,1.0,0.352789486247952,smooth
41_163_7535,71,1.0,0.306798320901345,smooth
41_163_7820,27,1.0,0.9593178801479072,erratic
41_163_8834,66,1.0196078431372548,0.7886153746097819,erratic
41_163_10167,73,1.0227272727272727,0.7504146106754571,erratic
41_163_12918,12,1.0,0.7500796461835424,erratic
41_165_1421,0,1.1132075471698113,0.1611048960392687,smooth
41_165_2361,0,1.0825688073394495,0.22355855538304886,smooth
41_165_7591,0,1.1132075471698113,0.1611048960392687,smooth
41_165_7908,0,1.2040816326530612,0.5483023992756902,erratic
41_165_8609,0,1.18,0.21724259343091404,smooth
41_165_9366,20,2.227272727272727,0.39319470699432907,intermittent
41_165_11708,0,1.4390243902439024,0.38586164002890394,intermittent
41_165_13490,0,1.0925925925925926,0.45376818844372396,smooth
41_172_1951,18,1.0,0.2969630895464353,smooth
41_172_2204,0,1.0,0.40694231679243614,smooth
41_172_3094,19,1.0206185567010309,0.7895545403786044,erratic
41_172_6544,17,1.0,0.5210310569512596,erratic
41_172_8361,14,1.0,0.4288459434312738,smooth
41_172_9467,1,1.1037735849056605,0.8627139675727055,erratic
41_197_5742,54,1.7297297297297298,0.5387523629489606,lumpy
41_197_11203,62,1.9310344827586208,0.46796891409367763,intermittent
41_200_177,0,1.0,0.36327527297622164,smooth
41_200_336,15,1.0510204081632653,1.3902550766983204,erratic
41_200_344,0,1.3111111111111111,0.46900826446280985,smooth
41_200_1166,0,1.0,0.21898845737116276,smooth
41_200_1311,55,1.0,0.31510995485358595,smooth
41_200_1553,0,1.0442477876106195,0.22997919593939595,smooth
41_200_1767,0,1.0350877192982457,0.48520172640270226,smooth
41_200_1805,0,1.2040816326530612,0.4793476604176194,smooth
41_200_2979,0,1.0,0.21896667037650974,smooth
41_200_3098,81,1.0571428571428572,0.3792751655186484,smooth
41_200_3698,21,1.0,0.21838082703678588,smooth
41_200_3844,38,1.0389610389610389,0.3103021102489348,smooth
41_200_4090,0,1.0,0.19338543166271913,smooth
41_200_4409,0,1.0,0.22521310782737047,smooth
41_200_4706,0,1.0,0.12737550476108378,smooth
41_200_4832,1,1.0,0.2625255102040816,smooth
41_200_5074,0,1.063063063063063,0.38940211213755754,smooth
41_200_5079,15,1.3376623376623376,1.0280869413204359,lumpy
41_200_5475,11,1.244186046511628,4.016198313548083,erratic
41_200_5507,15,1.3733333333333333,0.9359358867200945,lumpy
41_200_5646,0,1.102803738317757,0.37218580792248473,smooth
41_200_5712,0,1.0,0.5008519112599013,erratic
41_200_5722,0,1.0,0.3031871189462307,smooth
41_200_6415,0,1.063063063063063,0.39148422629365326,smooth
41_200_6752,0,1.1568627450980393,0.4117172803009943,smooth
41_200_7101,0,1.0,0.4815717924981624,smooth
41_200_7123,0,1.0,0.15007365347006793,smooth
41_200_7250,5,1.018018018018018,0.32004212939049587,smooth
41_200_7385,15,1.4305555555555556,0.6452000000000001,lumpy
41_200_8447,0,1.0,0.17179066812767746,smooth
41_200_8465,0,1.0535714285714286,0.595824394302562,erratic
41_200_8712,0,1.0,0.16381416224054707,smooth
41_200_8876,0,1.0085470085470085,0.3280915363787232,smooth
41_200_8979,0,2.1454545454545455,0.4914772727272725,intermittent
41_200_9041,13,1.141304347826087,1.2972363866787018,erratic
41_200_9302,0,1.6388888888888888,0.9508506616257089,lumpy
41_200_9524,13,1.1170212765957446,1.6630210015555336,erratic
41_200_9846,15,1.0,1.4739300031530114,erratic
41_200_9943,0,1.0535714285714286,0.29433911001571916,smooth
41_200_10570,0,1.0,0.32418520568656917,smooth
41_200_10812,55,1.0,0.37124921370588976,smooth
41_200_10885,0,1.0260869565217392,0.1908536832227018,smooth
41_200_10939,0,1.5324675324675325,0.414076125987483,intermittent
41_200_11031,61,1.0363636363636364,0.37342621644382384,smooth
41_200_11334,45,1.0,0.583513716694935,erratic
41_200_11691,0,1.0260869565217392,0.36094919103853257,smooth
41_200_11946,1,1.0,1.0707476562499996,erratic
41_200_12653,0,1.0,0.0989584178289061,smooth
41_200_12746,0,1.0,0.11844181366976235,smooth
41_200_12779,11,1.8448275862068966,2.87192118226601,lumpy
41_200_12801,0,1.1132075471698113,0.47052214350363614,smooth
41_200_13007,15,1.2875,0.7400356930398574,erratic
41_200_13162,13,1.1170212765957446,1.289672586482619,erratic
41_200_13787,15,1.1318681318681318,0.904411017822265,erratic
41_200_13902,0,1.0,0.1379455002701454,smooth
41_200_13929,0,1.0,0.3353867079553111,smooth
41_200_14212,0,1.0085470085470085,0.25625828502290887,smooth
41_201_264,0,1.0085470085470085,0.6150033167000416,erratic
41_201_372,0,1.2553191489361701,1.2528796751403761,erratic
41_201_5416,0,1.0260869565217392,0.4834782608695653,smooth
41_201_5685,0,1.1132075471698113,0.8714560376492195,erratic
41_201_6005,0,1.5324675324675325,0.33507745973119907,intermittent
41_201_11866,81,1.15625,1.3044982698961938,erratic
41_206_8986,0,1.0,0.8522394097584493,erratic
41_206_12823,42,1.0,0.4001055357104553,smooth
41_206_13507,78,1.3793103448275863,0.4094425709184688,intermittent
41_209_1052,102,1.6,0.585098612125639,lumpy
41_209_5918,102,2.0,0.4577777777777778,intermittent
41_209_6144,105,4.333333333333333,0.16666666666666674,intermittent
41_209_6751,102,2.0,0.7959183673469388,lumpy
41_209_8366,103,3.75,0.0,intermittent
41_209_9013,102,1.6,0.3513513513513514,intermittent
41_209_9073,105,4.333333333333333,0.0,intermittent
41_209_13439,103,2.5,0.041322314049586896,intermittent
41_210_278,24,1.2702702702702702,0.22248039590779164,smooth
41_210_4441,3,2.1296296296296298,0.3331250000000003,intermittent
41_210_5031,0,1.3409090909090908,1.062332416338754,lumpy
41_210_5903,0,1.0172413793103448,0.1360917529554495,smooth
41_210_6036,3,2.1296296296296298,0.3331250000000003,intermittent
41_210_6945,0,1.0085470085470085,0.142583299197833,smooth
41_210_7277,0,1.3409090909090908,0.3215789352640103,intermittent
41_210_7908,0,1.0535714285714286,0.3769615830654277,smooth
41_210_8265,0,1.0535714285714286,0.20393463050805685,smooth
41_210_8727,0,1.0260869565217392,0.26054343305949845,smooth
41_210_9366,23,2.638888888888889,0.4106122448979592,intermittent
41_210_13490,0,1.0085470085470085,0.142583299197833,smooth
41_210_13564,0,1.3258426966292134,0.4262113106836243,smooth
41_211_3170,0,1.0825688073394495,3.407236073145442,erratic
41_211_4031,7,1.4415584415584415,0.6052695462529437,lumpy
41_212_7502,0,1.1568627450980393,0.6929113422428512,erratic
41_213_1323,1,1.8870967741935485,1.1534156378600824,lumpy
41_213_2104,6,3.393939393939394,0.36798469387755084,intermittent
41_213_5286,0,5.363636363636363,0.17159763313609455,intermittent
41_213_5517,0,2.2264150943396226,0.19171597633136103,intermittent
41_213_10197,8,2.5,0.3048907388137355,intermittent
41_213_11469,0,1.84375,0.28290249433106573,intermittent
41_213_12873,6,6.222222222222222,0.18750000000000008,intermittent
41_213_13538,6,5.6,0.09640831758034041,intermittent
41_213_13947,0,1.2688172043010753,0.4605763236743147,smooth
41_218_446,25,1.0689655172413792,0.5058755102455489,erratic
41_218_611,53,1.8055555555555556,0.41601790905142166,intermittent
41_218_1156,3,1.0454545454545454,0.489017763539997,smooth
41_218_2613,51,1.425531914893617,1.2213249503981034,lumpy
41_218_2988,16,1.0,0.5326426226421835,erratic
41_218_3331,25,1.0449438202247192,0.36565080696559005,smooth
41_218_5471,0,1.0,0.21590411351267982,smooth
41_218_5740,0,1.0260869565217392,0.38767864164920524,smooth
41_218_8524,50,1.0303030303030303,0.6400914846193908,erratic
41_218_9606,52,1.375,0.9286168435110722,lumpy
41_218_12483,0,1.063063063063063,0.6671252243832431,erratic
41_218_13189,1,1.0,0.15985061090040292,smooth
41_227_2866,36,1.0649350649350648,0.8471377551375602,erratic
41_227_6494,0,1.2421052631578948,0.42494492842717757,smooth
41_228_284,0,1.0,0.1996863406314738,smooth
41_228_2866,0,1.0,0.14195059454475067,smooth
41_228_7087,9,1.0,1.340599553734431,erratic
41_228_10927,0,1.0,1.450801620166469,erratic
41_231_286,0,1.0172413793103448,0.12839231356251846,smooth
41_231_979,0,1.0172413793103448,0.9153868947924451,erratic
41_231_3808,0,1.0172413793103448,0.21788145390950384,smooth
41_231_3826,0,1.5324675324675325,0.4598361738670893,intermittent
41_231_4174,0,1.0350877192982457,0.5029742829674728,erratic
41_231_8474,0,1.1132075471698113,0.44718052217818116,smooth
41_231_8728,0,1.2688172043010753,0.2500363932803447,smooth
41_231_10049,0,1.0350877192982457,0.3043528476968502,smooth
41_231_10076,0,1.0172413793103448,0.22778750000000014,smooth
41_231_10481,0,1.0172413793103448,0.3145304583297772,smooth
41_246_264,0,1.0,0.09111144682188306,smooth
41_246_1219,0,1.0172413793103448,0.4221250877567839,smooth
41_246_3034,1,1.017391304347826,0.31271712069704927,smooth
41_246_5685,0,1.1132075471698113,0.3861614806029771,smooth
41_246_8130,75,1.048780487804878,0.23996527777777768,smooth
41_246_9720,0,1.0350877192982457,0.1657622551022617,smooth
41_246_12571,0,1.0,0.23271579101116502,smooth
41_253_856,0,1.1683168316831682,0.16234006237098628,smooth
41_253_3103,0,1.0,0.4539202678757699,smooth
41_253_4809,0,1.0,0.12429601858474619,smooth
41_253_5022,0,1.0085470085470085,1.809281473282288,erratic
41_253_6835,31,1.0609756097560976,0.828165740159956,erratic
41_253_7722,26,1.108433734939759,0.22555516282034596,smooth
41_253_8076,33,1.0625,0.23557840756190554,smooth
41_253_11213,0,1.0825688073394495,0.3007734456321991,smooth
41_253_13446,75,1.0,0.16756560510109353,smooth
41_253_14238,102,1.0,0.31795291228912337,smooth
41_255_1086,43,1.530612244897959,0.5192899408284025,lumpy
41_255_2177,74,2.2,0.40825528962885865,intermittent
41_255_4229,48,3.3333333333333335,0.30795847750865046,intermittent
41_255_6338,73,45.0,0.0,intermittent
41_255_6339,54,4.571428571428571,0.20987654320987634,intermittent
41_255_7123,47,2.730769230769231,0.2711111111111109,intermittent
41_255_8447,7,1.4415584415584415,0.8995412433201646,lumpy
41_255_8677,59,2.4583333333333335,0.21356335514574656,intermittent
41_255_9442,63,5.0,0.0694444444444446,intermittent
41_255_10812,64,2.347826086956522,0.6042975206611573,lumpy
41_270_1178,0,2.3137254901960786,0.7661185730683803,lumpy
41_270_4258,8,1.4102564102564104,1.1917037037037037,lumpy
41_270_5995,12,1.0,0.8135281689005014,erratic
41_270_7663,57,1.0,0.8447915720642991,erratic
41_282_1519,0,1.0085470085470085,0.1911183586517319,smooth
41_282_2124,0,1.0350877192982457,0.21230034796422353,smooth
41_282_2609,14,1.0097087378640777,0.2627754632552005,smooth
41_282_4394,0,1.0085470085470085,0.6822076102094233,erratic
41_282_9278,7,1.009090909090909,0.44046561084251573,smooth
41_282_10847,0,1.0,0.11785026316443006,smooth
41_282_12593,0,1.0085470085470085,0.19483345677378575,smooth
41_283_9013,89,1.0,0.3703023056119543,smooth
41_288_1200,0,1.1919191919191918,0.3232920925228619,smooth
41_288_1323,1,1.9180327868852458,0.36115702479338835,intermittent
41_288_6690,4,1.3411764705882352,0.4337691040637183,intermittent
41_288_6840,0,4.538461538461538,0.12345679012345685,intermittent
41_288_13171,0,1.2164948453608246,0.21798249563857006,smooth
41_300_1333,20,1.0,0.4540541905507437,smooth
41_300_3841,0,1.0,0.3728183834395202,smooth
41_300_8195,20,1.1951219512195121,0.5030118859523126,erratic
41_301_1941,85,11.0,0.0,intermittent
41_301_2831,89,1.9333333333333333,0.6079999999999999,lumpy
41_301_3131,35,3.9523809523809526,0.18945312500000017,intermittent
41_301_4311,104,14.0,0.0,intermittent
41_301_5133,45,73.0,0.0,intermittent
41_301_5175,94,24.0,0.0,intermittent
41_301_7483,92,26.0,0.0,intermittent
41_301_7633,0,1.0442477876106195,1.378111140513921,erratic
41_301_10389,87,1.1071428571428572,0.30627232030581963,smooth
41_301_10421,103,15.0,0.0,intermittent
41_301_12509,17,2.58974358974359,0.33109379199140015,intermittent
41_301_12975,2,1.4146341463414633,1.1077183114697275,lumpy
41_330_564,53,1.0,0.38164253795787506,smooth
41_330_1270,0,1.0,0.9065080907646508,erratic
41_330_2031,0,1.063063063063063,0.27324276524630553,smooth
41_330_2138,20,1.0,5.3951062784450805,erratic
41_330_2546,46,1.0,0.4261538461538461,smooth
41_330_2559,27,1.0224719101123596,0.2552445493129355,smooth
41_330_3387,58,1.0,0.22311781964777522,smooth
41_330_3429,0,1.0350877192982457,1.8513673581327106,erratic
41_330_4237,72,1.0952380952380953,0.4992255514607701,smooth
41_330_4480,0,1.0,1.5766961773725565,erratic
41_330_4733,1,1.0636363636363637,3.4592165993981006,erratic
41_330_4846,0,1.0442477876106195,0.24377367651323392,smooth
41_330_4969,19,1.3026315789473684,3.3896872294779636,erratic
41_330_6021,0,1.0260869565217392,0.5394294592461838,erratic
41_330_6050,1,11.7,1.36304012345679,lumpy
41_330_6201,12,1.0,0.9999681597211652,erratic
41_330_6209,7,1.0,3.0253610061591014,erratic
41_330_6344,0,1.0,1.114004263790546,erratic
41_330_7507,62,1.0,0.333652029463039,smooth
41_330_8081,0,1.0172413793103448,0.10236921961868671,smooth
41_330_8831,49,1.0454545454545454,0.47871921626584735,smooth
41_330_9250,57,1.0166666666666666,5.028921984478586,erratic
41_330_9616,9,1.0,4.833021630543068,erratic
41_330_9687,0,1.0727272727272728,0.2731380949401071,smooth
41_330_9729,0,1.0172413793103448,0.32101428204572263,smooth
41_330_9854,0,1.0825688073394495,0.4984496014223355,smooth
41_330_10912,41,1.1,0.2774505173928896,smooth
41_330_11020,19,1.125,4.099542105113975,erratic
41_330_11062,12,1.0192307692307692,1.055781982797646,erratic
41_330_11843,0,1.0,0.8306992374554437,erratic
41_330_12155,27,1.0,0.8577486830214467,erratic
41_330_12597,0,1.0350877192982457,0.3157032413455698,smooth
41_330_13297,57,1.0,0.2970229533230166,smooth
41_330_13373,57,1.1730769230769231,4.409542834960095,erratic
41_330_13479,0,1.063063063063063,0.3514290444539137,smooth
41_330_13616,16,1.0,0.4971908845782718,smooth
41_330_13724,0,1.0172413793103448,0.44744328980568554,smooth
41_330_14115,0,1.0085470085470085,0.22567183673469418,smooth
41_330_14285,67,1.1590909090909092,3.3127609307744583,erratic
42_45_36,66,1.0612244897959184,0.5013390044108379,erratic
42_45_6069,65,1.06,0.7390908426308437,erratic
42_45_8024,67,1.5,0.2070804041753202,intermittent
42_45_8860,68,1.0,0.35337987832392687,smooth
42_87_138,0,1.1132075471698113,1.1541888810580092,erratic
42_87_961,0,1.0350877192982457,0.34921162266858896,smooth
42_87_1476,93,1.0,0.14264212772443197,smooth
42_87_2443,2,1.0740740740740742,0.43694538563940716,smooth
42_87_2864,0,1.0260869565217392,0.9505675462469171,erratic
42_87_3490,0,1.0260869565217392,0.6441080512559001,erratic
42_87_3962,97,1.105263157894737,1.1985164609213148,erratic
42_87_4050,38,1.3793103448275863,0.3805410459537938,intermittent
42_87_4787,102,1.0,0.4182598430458315,smooth
42_87_5037,64,1.0,0.32620848078122383,smooth
42_87_5199,1,1.0636363636363637,0.32522921671426014,smooth
42_87_5263,1,1.073394495412844,0.9135867375517143,erratic
42_87_5451,86,1.032258064516129,0.14894507446233005,smooth
42_87_6207,0,1.0350877192982457,0.822738260765413,erratic
42_87_7110,92,1.0,0.32951773315819116,smooth
42_87_7207,86,1.0,0.099709489918345,smooth
42_87_7217,55,1.0161290322580645,0.7258151747239135,erratic
42_87_7953,73,1.0,0.26051739614143676,smooth
42_87_8022,72,1.0,0.2026395062213463,smooth
42_87_8051,0,1.0260869565217392,0.7736459862473921,erratic
42_87_8328,97,1.1666666666666667,0.971652794292509,erratic
42_87_8873,105,1.0,0.1409957974659814,smooth
42_87_8952,0,1.3258426966292134,1.6620888888888896,erratic
42_87_9334,19,5.823529411764706,0.20710059171597647,intermittent
42_87_9648,0,1.0172413793103448,1.7000458843268818,erratic
42_87_9952,0,1.063063063063063,0.9068566292951323,erratic
42_87_10055,86,1.0,0.2893000337389858,smooth
42_87_10279,102,1.0,0.168719723183391,smooth
42_87_10616,91,1.0,0.21462303929836393,smooth
42_87_11126,0,1.0172413793103448,0.9608009612028628,erratic
42_87_12858,62,1.037037037037037,0.7169942170669235,erratic
42_90_192,104,1.0,0.28550667195138063,smooth
42_90_270,20,1.0,0.4545741762623817,smooth
42_90_519,0,1.0,1.3346471526588213,erratic
42_90_745,0,1.0,2.3742136394990525,erratic
42_90_1476,28,1.0112359550561798,0.6557537858301786,erratic
42_90_2110,59,1.0,0.2522600749273484,smooth
42_90_2401,0,1.0172413793103448,0.258080199067545,smooth
42_90_2443,0,1.0,1.1137204754601095,erratic
42_90_2634,0,1.0,0.32692376190331734,smooth
42_90_2864,0,1.0,1.3245787247531517,erratic
42_90_3962,58,1.0,0.3905171000347211,smooth
42_90_4050,0,1.0,0.18525212088409235,smooth
42_90_4787,89,1.0,0.11351683991178875,smooth
42_90_5037,0,1.0,0.4394624824133649,smooth
42_90_5194,93,1.0,0.10049549982955601,smooth
42_90_5451,22,1.0,0.43734494485606107,smooth
42_90_5856,94,1.0,0.20664337543671055,smooth
42_90_6207,0,1.0,1.6973686457757942,erratic
42_90_6408,0,1.0085470085470085,0.1804288745616578,smooth
42_90_6561,93,1.0416666666666667,0.6464868883868568,erratic
42_90_6686,96,1.0,0.17485166014392095,smooth
42_90_6933,0,1.0,0.9857221575901776,erratic
42_90_7110,0,1.0,0.16473774639903122,smooth
42_90_7207,54,1.0,0.8710068257973602,erratic
42_90_7217,8,1.0,0.8787160262859962,erratic
42_90_7311,0,1.0,0.15975591592528113,smooth
42_90_7334,55,2.1,0.08925705211392664,intermittent
42_90_7720,105,1.0,0.3987953599048186,smooth
42_90_7953,7,1.0,0.4034528962511031,smooth
42_90_8022,13,1.0,1.0421725675284823,erratic
42_90_8328,20,1.0,0.993755386592484,erratic
42_90_8647,0,1.0,1.0314445457706551,erratic
42_90_8873,89,1.0,0.09332317228336992,smooth
42_90_8989,54,1.0,0.8474636803807161,erratic
42_90_9334,0,1.0,0.9197313769198704,erratic
42_90_9648,8,1.0091743119266054,1.2152039003231745,erratic
42_90_9952,0,1.0,1.5092325768931452,erratic
42_90_9975,0,1.0,0.95396833567894,erratic
42_90_10055,36,1.0,0.3387809529716404,smooth
42_90_10279,84,1.0,0.14293615129173648,smooth
42_90_10616,54,1.0,0.6996866942130571,erratic
42_90_12274,93,1.1363636363636365,0.4069281500742772,smooth
42_90_12858,15,1.0,0.6832243777048611,erratic
42_90_13155,0,1.0,1.1811679417565752,erratic
42_102_2341,21,1.1149425287356323,0.25746194187617244,smooth
42_102_5996,19,1.1647058823529413,0.7695277399443041,erratic
42_102_6084,27,1.2816901408450705,0.47799281985776954,smooth
42_102_7393,0,1.0085470085470085,0.8034072471606272,erratic
42_102_8528,22,1.2307692307692308,4.661691156715647,erratic
42_102_8595,55,1.0161290322580645,0.9900579199194158,erratic
42_102_9194,48,1.0,0.367005490243182,smooth
42_102_10318,95,1.0,0.25529071062597436,smooth
42_102_10880,27,1.467741935483871,0.5442127671726059,lumpy
42_102_12612,0,1.0727272727272728,0.6443507059500644,erratic
42_102_12667,0,1.0535714285714286,0.4507994899891221,smooth
42_102_13448,3,1.0,0.4451725898857148,smooth
42_153_319,98,1.0,0.25476828179530886,smooth
42_153_607,35,1.4310344827586208,0.3959946181212266,intermittent
42_153_1408,63,1.0185185185185186,0.6142485207100593,erratic
42_153_1621,27,1.123456790123457,0.3320312436249606,smooth
42_153_1930,51,1.0151515151515151,0.8785626301874699,erratic
42_153_2236,47,1.42,0.2832823363305845,intermittent
42_153_2861,87,1.0,0.13933809028649288,smooth
42_153_3968,26,1.1358024691358024,0.3401771710756646,smooth
42_153_4640,51,1.0151515151515151,0.6424224630832445,erratic
42_153_6734,48,1.9444444444444444,0.7854410303516601,lumpy
42_153_7223,82,1.0588235294117647,0.8338095836497712,erratic
42_153_7343,51,1.0,0.5204153150878282,erratic
42_153_7777,83,1.0606060606060606,0.12982100271374136,smooth
42_153_9279,40,1.054054054054054,0.33990685699140516,smooth
42_153_9718,6,1.1313131313131313,0.30343213881346265,smooth
42_153_9744,52,1.0,0.2769114689598241,smooth
42_153_9745,98,1.0,0.09569853011058153,smooth
42_153_9901,15,1.0842105263157895,0.18333369535883698,smooth
42_153_10280,37,4.764705882352941,0.34101498216409026,intermittent
42_153_11045,98,1.0,0.1907583947663681,smooth
42_153_12249,6,1.108910891089109,0.27506351894982006,smooth
42_153_12253,63,1.0,0.5704952397589311,erratic
42_153_12259,40,1.04,0.40515284207879476,smooth
42_153_12316,86,1.0,0.1262259259212396,smooth
42_153_12580,98,1.1764705882352942,0.33462412114656587,smooth
42_156_50,98,1.0,0.11467999999999992,smooth
42_156_366,0,1.0,0.27861879034469517,smooth
42_156_1043,0,1.1132075471698113,0.4436046211325562,smooth
42_156_1066,0,1.0,0.19084368693660034,smooth
42_156_1153,71,1.0,0.3717626593232373,smooth
42_156_1815,0,1.0260869565217392,0.3280210688395467,smooth
42_156_3219,46,1.2203389830508475,0.12105342104532414,smooth
42_156_3763,82,1.0,0.11228898600067098,smooth
42_156_3925,41,1.0547945205479452,0.2860544366771473,smooth
42_156_4042,35,1.0121951219512195,1.0695201956562026,erratic
42_156_4798,9,1.0,0.34728206461595956,smooth
42_156_5827,103,1.0,0.1356269805341785,smooth
42_156_6330,0,1.0,0.3007676408077844,smooth
42_156_7567,0,1.0,0.18101581239485776,smooth
42_156_8353,66,1.04,0.2432027949141779,smooth
42_156_10338,74,1.0,0.35684029772957776,smooth
42_156_11531,6,1.009009009009009,0.24007331256857978,smooth
42_156_12299,82,1.0,0.2678600281833585,smooth
42_156_13308,5,1.0560747663551402,0.2770031675737302,smooth
42_229_101,17,1.0978260869565217,0.7587121558584106,erratic
42_229_649,40,1.0,1.4920585177876855,erratic
42_229_2181,83,1.0,0.355152422449706,smooth
42_229_3849,0,1.1132075471698113,0.5791743328685479,erratic
42_229_4555,4,1.0178571428571428,1.266728755384129,erratic
42_229_6468,18,1.1111111111111112,1.933114092507061,erratic
42_229_6618,0,1.0,0.7572156470920919,erratic
42_229_9642,0,1.0172413793103448,0.5346768474501323,erratic
42_229_13109,0,1.5526315789473684,2.0554337117658097,lumpy
42_229_14240,16,1.096774193548387,3.3581226659006034,erratic
42_232_2311,14,1.0721649484536082,0.40000281891232475,smooth
42_232_3754,75,1.1025641025641026,0.3101474994534675,smooth
42_232_4264,0,1.0,0.2744406046328295,smooth
42_232_4936,0,1.0825688073394495,1.8861184310820018,erratic
42_232_4970,19,1.076086956521739,0.3334789317204791,smooth
42_232_5593,13,1.0396039603960396,0.45240505955728094,smooth
42_232_8434,0,1.0,0.3347954456863423,smooth
42_232_10085,0,1.0085470085470085,0.3602014785506038,smooth
42_232_10875,0,1.063063063063063,0.8575202744589803,erratic
42_232_11862,0,1.0,0.30217006172839495,smooth
42_232_12236,0,1.1683168316831682,0.5575606672785983,erratic
42_232_13802,39,1.196969696969697,2.0619757184033545,erratic
42_245_7305,67,1.1333333333333333,0.7717328945064141,erratic
42_245_8079,69,1.0208333333333333,0.3233495781835119,smooth
42_245_8806,69,1.0888888888888888,0.3805075116778184,smooth
42_245_10870,69,1.0208333333333333,0.3827780829808682,smooth
42_245_11651,68,1.0,0.23466278549902544,smooth
42_245_11663,67,2.04,0.6927732289070843,lumpy
43_114_613,87,1.0,0.11578847687528744,smooth
43_114_1679,87,1.0,0.1435617168754999,smooth
43_114_2489,101,1.4166666666666667,0.3330831300431602,intermittent
43_114_2812,100,1.6363636363636365,0.040527556991877156,intermittent
43_114_2853,73,1.0,0.10125821715251578,smooth
43_114_5084,87,1.0,0.08453555291319866,smooth
43_114_8226,88,1.0,0.18349125364431484,smooth
43_114_9014,74,1.0,0.057333394141996175,smooth
43_114_11935,27,1.9782608695652173,0.846588609131762,lumpy
43_268_2853,67,4.25,0.21874999999999997,intermittent
43_268_9014,64,5.4,0.25000000000000006,intermittent
43_268_11935,78,13.333333333333334,0.3199999999999998,intermittent
44_319_121,73,1.875,0.33794694348327575,intermittent
44_319_175,68,1.0,6.158061734643863,erratic
44_319_209,68,1.0638297872340425,0.3064990234375001,smooth
44_319_220,68,1.0,0.4488636363636362,smooth
44_319_251,98,1.1111111111111112,0.19930323704456404,smooth
44_319_326,68,1.1111111111111112,0.3719243211449859,smooth
44_319_395,68,1.0,0.0814501790821717,smooth
44_319_486,68,1.0638297872340425,1.2823045267489708,erratic
44_319_518,69,1.0,0.42512783053323594,smooth
44_319_629,77,1.0789473684210527,0.44375573921028466,smooth
44_319_665,68,1.1627906976744187,1.1233672532373833,erratic
44_319_774,68,1.0,0.28694956648689396,smooth
44_319_793,65,1.0392156862745099,0.05405670400230403,smooth
44_319_815,68,1.0416666666666667,0.4737367130777666,smooth
44_319_816,73,5.625,0.12,intermittent
44_319_887,71,1.175,0.4848347668628335,smooth
44_319_988,98,1.0,0.3131313131313133,smooth
44_319_1022,69,1.1951219512195121,0.5200197726149285,erratic
44_319_1040,87,10.333333333333334,0.12500000000000006,intermittent
44_319_1068,68,1.1627906976744187,0.4728922495274103,smooth
44_319_1159,81,7.4,0.24999999999999983,intermittent
44_319_1164,68,2.6315789473684212,0.8690466813694601,lumpy
44_319_1234,68,1.0416666666666667,0.36059365717727043,smooth
44_319_1383,100,1.2857142857142858,0.8905413444378351,erratic
44_319_1407,68,1.0,1.60256754549406,erratic
44_319_1425,69,1.6333333333333333,0.1999999999999999,intermittent
44_319_1456,69,1.0888888888888888,0.4658236699493039,smooth
44_319_1465,68,1.0416666666666667,0.6186400769845006,erratic
44_319_1785,68,1.1363636363636365,0.6098580311799493,erratic
44_319_1843,75,1.0,0.8691058741631005,erratic
44_319_1896,88,1.0,0.2337478752457879,smooth
44_319_1919,68,1.0,1.089828025861733,erratic
44_319_1972,69,2.227272727272727,0.27272727272727276,intermittent
44_319_2160,70,4.0,0.5510204081632653,lumpy
44_319_2321,102,1.6,0.46254458977407853,intermittent
44_319_2403,81,1.4230769230769231,0.9180327868852459,lumpy
44_319_2405,80,1.0,0.4252453304195055,smooth
44_319_2439,69,1.8846153846153846,0.27780091628488124,intermittent
44_319_2536,69,6.125,0.22448979591836735,intermittent
44_319_2556,68,1.0,0.7519694488743339,erratic
44_319_2586,68,1.0204081632653061,0.634755463059313,erratic
44_319_2665,69,1.75,0.5279421433267589,lumpy
44_319_2913,69,1.75,0.8742857142857141,lumpy
44_319_2948,73,1.875,1.676699811878528,lumpy
44_319_2981,76,1.9090909090909092,0.16015625,intermittent
44_319_3099,69,1.1136363636363635,0.737548828125,erratic
44_319_3155,68,1.7241379310344827,0.4597701149425287,intermittent
44_319_3217,81,1.0277777777777777,0.24203069657615095,smooth
44_319_3391,71,1.0217391304347827,0.38594656707842584,smooth
44_319_3503,68,1.0,0.035012012883212366,smooth
44_319_3604,68,1.0204081632653061,1.5033809166040577,erratic
44_319_3639,88,6.0,0.0,intermittent
44_319_3707,68,1.0,0.2255390474933178,smooth
44_319_3746,75,1.1944444444444444,0.3925925925925925,smooth
44_319_3842,68,1.0,0.6226589350330817,erratic
44_319_3906,68,1.6666666666666667,0.24260355029585792,intermittent
44_319_4077,69,1.2894736842105263,0.8450413223140496,erratic
44_319_4189,78,1.8181818181818181,0.3828571428571429,intermittent
44_319_4221,71,2.1363636363636362,0.2941176470588236,intermittent
44_319_4224,78,1.0,0.20365726630917,smooth
44_319_4289,69,8.166666666666666,0.0,intermittent
44_319_4316,72,1.0222222222222221,0.3322313367478416,smooth
44_319_4453,69,4.083333333333333,0.26748971193415644,intermittent
44_319_4541,68,1.0,0.1332004152175312,smooth
44_319_4583,68,2.5,0.8850684116597265,lumpy
44_319_4636,71,1.8076923076923077,0.38461538461538464,intermittent
44_319_4705,101,2.8333333333333335,0.0,intermittent
44_319_4826,68,1.0,0.08183791205197319,smooth
44_319_4908,68,1.0,0.7462122449868749,erratic
44_319_4940,80,7.6,0.11111111111111122,intermittent
44_319_5029,68,1.0,0.11039578545623188,smooth
44_319_5045,68,1.0204081632653061,0.7539665316358024,erratic
44_319_5054,68,1.0,0.05466196326965372,smooth
44_319_5088,68,1.0,0.15343915343915354,smooth
44_319_5105,68,4.166666666666667,0.7920604914933834,lumpy
44_319_5373,68,1.0,0.3666435986159169,smooth
44_319_5446,69,1.0,0.537489943158404,erratic
44_319_5501,68,1.0,0.10711490662256141,smooth
44_319_5556,68,1.0204081632653061,0.20119037339547655,smooth
44_319_5589,69,1.1951219512195121,1.247637051039698,erratic
44_319_5613,68,1.0,0.1967970353349894,smooth
44_319_5675,68,2.0,2.696307557525316,lumpy
44_319_5778,68,1.0,0.365174295917539,smooth
44_319_5793,68,1.0,0.23663282461720747,smooth
44_319_5866,68,1.0416666666666667,0.5191186774198359,erratic
44_319_5891,78,1.7391304347826086,0.3225,intermittent
44_319_5984,68,6.25,0.1978664742714319,intermittent
44_319_5994,70,2.0869565217391304,0.2936449963476991,intermittent
44_319_6013,69,1.0425531914893618,1.8145743145743143,erratic
44_319_6024,71,1.146341463414634,0.59599395313681,erratic
44_319_6083,69,1.1395348837209303,1.2320477976685162,erratic
44_319_6200,68,1.0,0.1070820489808507,smooth
44_319_6240,83,5.0,0.26000000000000006,intermittent
44_319_6309,68,1.0,0.16449825724310646,smooth
44_319_6319,68,1.0,0.5868509671861544,erratic
44_319_6340,77,1.0789473684210527,0.5047383822384497,erratic
44_319_6698,69,1.1395348837209303,0.8203744307640409,erratic
44_319_6713,68,1.0,0.16492800000000007,smooth
44_319_6758,69,1.0,0.34179861074581736,smooth
44_319_6802,81,5.285714285714286,0.11999999999999991,intermittent
44_319_6814,103,1.0714285714285714,0.4,smooth
44_319_6822,69,1.2894736842105263,0.4983526410883195,smooth
44_319_6862,100,1.0,0.19944852941176486,smooth
44_319_6890,68,2.0833333333333335,0.49901380670611445,intermittent
44_319_6987,75,1.075,0.4723378941106485,smooth
44_319_7000,68,1.0,0.4478953626634959,smooth
44_319_7001,68,1.9230769230769231,0.3146936347412255,intermittent
44_319_7013,82,6.0,0.12500000000000006,intermittent
44_319_7103,68,1.0,0.25101975409358424,smooth
44_319_7224,68,1.0,0.15589408172663902,smooth
44_319_7230,68,1.3513513513513513,0.49628788540483876,intermittent
44_319_7293,68,1.0,0.13886851277894163,smooth
44_319_7331,89,1.0740740740740742,0.3591053362428089,smooth
44_319_7371,70,4.0,0.19008264462809932,intermittent
44_319_7602,96,1.0,0.059009508615304754,smooth
44_319_7652,68,1.3157894736842106,0.6589748212246859,erratic
44_319_7700,70,1.5,0.6198277672757824,lumpy
44_319_7858,81,1.088235294117647,0.781939388623306,erratic
44_319_7869,90,1.12,0.7617065556711756,erratic
44_319_7902,68,1.0,0.3953816820845984,smooth
44_319_7982,68,1.0,0.12362132204221354,smooth
44_319_8054,62,1.0769230769230769,0.21247558385692278,smooth
44_319_8220,68,1.0,0.3419210659470401,smooth
44_319_8236,82,9.0,0.12,intermittent
44_319_8246,69,3.2666666666666666,0.30165289256198363,intermittent
44_319_8333,68,1.0,0.12496640687987118,smooth
44_319_8356,68,1.1111111111111112,0.3348221438871975,smooth
44_319_8403,68,1.0204081632653061,0.3452321967478943,smooth
44_319_8456,68,2.272727272727273,0.1535349948471714,intermittent
44_319_8529,93,1.9230769230769231,0.9854040583837667,lumpy
44_319_8602,70,1.92,0.123046875,intermittent
44_319_8622,68,1.0,1.0115838716863443,erratic
44_319_8661,69,1.225,0.46668083749601463,smooth
44_319_8663,83,1.4583333333333333,0.5637860082304528,lumpy
44_319_8718,68,1.0,0.2431257365120886,smooth
44_319_9142,70,3.4285714285714284,0.1899999999999999,intermittent
44_319_9171,68,1.6666666666666667,0.7329675354366709,lumpy
44_319_9195,68,2.6315789473684212,0.3724048442906573,intermittent
44_319_9234,68,1.0204081632653061,0.41462623460587694,smooth
44_319_9251,69,1.4848484848484849,0.22899353647276077,intermittent
44_319_9291,68,1.0,0.519814623507805,erratic
44_319_9311,68,1.0416666666666667,0.41095543927124706,smooth
44_319_9369,93,1.0,0.6354793198188168,erratic
44_319_9374,68,1.9230769230769231,0.26757369614512455,intermittent
44_319_9411,70,1.0909090909090908,0.3965568798325433,smooth
44_319_9450,70,1.411764705882353,0.9930627818244884,lumpy
44_319_9503,68,1.0,0.11051874296276938,smooth
44_319_9542,69,1.53125,0.7119341563786008,lumpy
44_319_9556,69,1.1666666666666667,1.097181729834791,erratic
44_319_9622,68,1.8518518518518519,0.3668639053254437,intermittent
44_319_9676,69,1.6896551724137931,0.5100685871056244,lumpy
44_319_9694,69,4.083333333333333,0.4532871972318337,intermittent
44_319_9721,75,1.048780487804878,0.9223399622586732,erratic
44_319_9923,68,7.142857142857143,0.5399999999999999,lumpy
44_319_9928,68,1.0,0.17954554222445113,smooth
44_319_9935,68,5.555555555555555,0.15224913494809683,intermittent
44_319_10200,105,1.1818181818181819,0.20312499999999994,smooth
44_319_10201,68,1.0204081632653061,0.43402400381852807,smooth
44_319_10283,71,1.6785714285714286,0.540654934283805,lumpy
44_319_10557,68,1.0638297872340425,0.1876429580606781,smooth
44_319_10567,73,1.0,0.2636504122981672,smooth
44_319_10569,69,1.0425531914893618,0.5275000000000003,erratic
44_319_10617,70,1.7142857142857142,0.3051239669421488,intermittent
44_319_10756,68,1.8518518518518519,0.23676383105294452,intermittent
44_319_10837,68,1.7857142857142858,1.0501038062283738,lumpy
44_319_10954,68,1.0,0.12465753945183512,smooth
44_319_10990,68,1.0416666666666667,0.257751768713425,smooth
44_319_11021,92,1.1818181818181819,0.5898093254286172,erratic
44_319_11054,70,3.0,0.17958412098298676,intermittent
44_319_11072,68,1.9230769230769231,0.28862973760932936,intermittent
44_319_11355,68,1.0,0.6786050990670832,erratic
44_319_11508,68,1.0,0.23551798895181114,smooth
44_319_11566,68,1.0416666666666667,0.2831388282093346,smooth
44_319_11640,69,2.0416666666666665,0.1745799853907961,intermittent
44_319_11664,68,1.1111111111111112,1.2867903251456583,erratic
44_319_11677,82,4.5,0.8775510204081632,lumpy
44_319_11707,68,1.5625,0.39242843951985223,intermittent
44_319_11783,74,1.1282051282051282,0.38027420554787955,smooth
44_319_11985,72,1.0,0.0916998989519598,smooth
44_319_12081,68,1.0,0.4315894730439244,smooth
44_319_12091,69,1.0425531914893618,0.17256865199145982,smooth
44_319_12219,79,1.3928571428571428,0.40714861596345103,intermittent
44_319_12230,73,5.0,0.2500000000000001,intermittent
44_319_12372,74,22.0,0.0,intermittent
44_319_12392,68,1.1904761904761905,0.8233506763787719,erratic
44_319_12409,66,1.0196078431372548,0.05694018270330384,smooth
44_319_12432,68,1.0,0.20209866704195387,smooth
44_319_12465,69,1.75,0.658402203856749,lumpy
44_319_12635,81,2.466666666666667,0.5088757396449702,lumpy
44_319_12662,79,6.5,0.10204081632653039,intermittent
44_319_12663,68,5.0,0.7668669965384698,lumpy
44_319_12772,69,1.75,0.15976331360946755,intermittent
44_319_12786,77,1.7826086956521738,4.142791551882461,lumpy
44_319_12818,68,1.0,1.0344744053657138,erratic
44_319_12850,68,1.0,0.13641448849027638,smooth
44_319_12929,68,1.0,0.49871453762366963,smooth
44_319_12992,76,1.0769230769230769,0.32061273851115296,smooth
44_319_13001,90,1.0769230769230769,0.35245503159941655,smooth
44_319_13036,69,1.225,0.2709977737300143,smooth
44_319_13080,100,1.2857142857142858,0.1871999999999999,smooth
44_319_13136,69,1.53125,0.24968505920886874,intermittent
44_319_13143,69,1.8846153846153846,0.4338461538461539,intermittent
44_319_13187,69,1.3243243243243243,0.784778287151609,erratic
44_319_13366,68,1.0,0.11925462707367622,smooth
44_319_13386,76,1.3548387096774193,0.32215830192422124,intermittent
44_319_13471,69,1.4,0.7475895316804408,lumpy
44_319_13598,87,1.0,0.08215892578911439,smooth
44_319_13630,70,2.0,0.5185185185185185,lumpy
44_319_13640,68,1.0,0.03712310484651052,smooth
44_319_13690,68,1.0638297872340425,0.3619555555555556,smooth
44_319_13703,96,1.0,0.11875660178059441,smooth
44_319_13715,70,4.0,0.06508875739644986,intermittent
44_319_13874,68,1.1363636363636365,1.7647403270122972,erratic
44_319_13883,68,1.2820512820512822,0.5160890321780643,erratic
44_319_13933,73,4.090909090909091,0.0694444444444446,intermittent
44_319_13934,69,1.53125,0.5508281976208513,lumpy
44_319_13980,73,2.0454545454545454,0.9852071005917158,lumpy
44_319_14043,68,1.2820512820512822,0.5080309339678764,erratic
44_319_14048,68,1.0204081632653061,0.3607508966574017,smooth
44_319_14291,68,1.0,0.15137917710898044,smooth
44_319_14306,73,1.1842105263157894,0.5803402646502834,erratic
44_319_14308,96,1.0,0.16765550753040317,smooth
45_337_6062,68,2.272727272727273,0.3469387755102038,intermittent
46_134_1853,57,1.196078431372549,2.395559205462751,erratic
46_134_3291,61,1.2391304347826086,0.8043924291905936,erratic
46_134_3320,58,1.1538461538461537,1.4432143572633842,erratic
46_134_4443,58,1.1320754716981132,1.1904182057561037,erratic
46_134_4677,57,1.0892857142857142,2.9315777013336164,erratic
46_134_4895,39,1.0675675675675675,2.9244315235127694,erratic
46_134_5046,39,1.2950819672131149,1.6121343750000001,erratic
46_134_6131,94,1.0,0.3314082283922928,smooth
46_134_6502,59,1.2826086956521738,1.3024298487464248,erratic
46_134_7477,39,1.0533333333333332,2.912241499759654,erratic
46_134_9165,59,1.18,1.1128027616616691,erratic
46_134_9839,61,1.3255813953488371,3.2399856949387047,erratic
46_134_12350,58,1.3636363636363635,1.5047897337328284,lumpy
46_134_13330,40,1.5918367346938775,0.8800992028829326,lumpy
46_134_13582,58,1.1764705882352942,1.8938663667619746,erratic
46_318_1853,71,1.175,2.6934442618885246,erratic
46_318_3291,71,1.0,0.8321205914057784,erratic
46_318_3320,71,1.0681818181818181,0.7789915652111444,erratic
46_318_4443,71,1.0681818181818181,0.4774242502692927,smooth
46_318_4677,71,1.205128205128205,0.590403141957414,erratic
46_318_4895,71,1.205128205128205,2.1422963575580387,erratic
46_318_5046,73,1.0,0.842335354196639,erratic
46_318_6131,93,1.0416666666666667,0.34469162379020946,smooth
46_318_6502,72,1.0454545454545454,1.3781885152136222,erratic
46_318_7477,71,1.0681818181818181,1.171302232880494,erratic
46_318_9165,71,1.0,0.6597724057100975,erratic
46_318_9839,71,1.4242424242424243,2.0195058596048927,lumpy
46_318_12350,71,1.0930232558139534,1.3741460994002348,erratic
46_318_13330,74,1.0476190476190477,0.7938377189955792,erratic
46_318_13582,71,1.119047619047619,1.9839131108907733,erratic
