model,policy,tau,L,H,q_liq,k,group,n_series,fill_rate,csl,stockout_rate_demand_weeks,inventory_weeks,excess_weeks_of_demand,liquidated_share,liq_series_share,fill_rate_lo,fill_rate_hi,inventory_weeks_lo,inventory_weeks_hi
empirical,none,0.5,2,13,0.95,26,all,9383,0.5931835025023104,0.7699659926559639,0.4815336875836612,0.5577165252790274,0.09883493507206831,0.0,0.0,0.5608120971994396,0.6195792307767363,0.5013475285269516,0.6394458917272755
empirical,none,0.5,2,13,0.95,26,smooth,2094,0.7242391419826156,0.7207389077016584,0.3302359011217496,0.6333029910035411,0.10601507351623807,0.0,0.0,0.674418935083234,0.767368190198847,0.5282968379160143,0.7362220497848987
empirical,none,0.5,2,13,0.95,26,erratic,1202,0.5033070953798553,0.6379140825896233,0.4307242465137202,0.5473079706180987,0.07207203057191829,0.0,0.0,0.47039013324917095,0.5291386859181904,0.43111676902029766,0.6970108911757167
empirical,none,0.5,2,13,0.95,26,intermittent,4278,0.18677036536077163,0.8463385609248162,0.693953934740883,0.26804548204480577,0.112302373246289,0.0,0.0,0.11236586257763427,0.27584422325977614,0.20761295865975898,0.34969969447587784
empirical,none,0.5,2,13,0.95,26,lumpy,1809,0.1934049334849315,0.7340821146791296,0.6381067229424179,0.2749571244332109,0.09662366840350203,0.0,0.0,0.15104769939213022,0.24453851004559193,0.2077592623481381,0.37017272616815877
empirical,quantile,0.5,2,13,0.95,26,all,9383,0.5931835025023104,0.7699659926559639,0.4815336875836612,0.5577165252790274,0.09883493507206831,0.0,0.0,0.5608120971994396,0.6195792307767363,0.5013475285269516,0.6394458917272755
empirical,quantile,0.5,2,13,0.95,26,smooth,2094,0.7242391419826156,0.7207389077016584,0.3302359011217496,0.6333029910035411,0.10601507351623807,0.0,0.0,0.674418935083234,0.767368190198847,0.5282968379160143,0.7362220497848987
empirical,quantile,0.5,2,13,0.95,26,erratic,1202,0.5033070953798553,0.6379140825896233,0.4307242465137202,0.5473079706180987,0.07207203057191829,0.0,0.0,0.47039013324917095,0.5291386859181904,0.43111676902029766,0.6970108911757167
empirical,quantile,0.5,2,13,0.95,26,intermittent,4278,0.18677036536077163,0.8463385609248162,0.693953934740883,0.26804548204480577,0.112302373246289,0.0,0.0,0.11236586257763427,0.27584422325977614,0.20761295865975898,0.34969969447587784
empirical,quantile,0.5,2,13,0.95,26,lumpy,1809,0.1934049334849315,0.7340821146791296,0.6381067229424179,0.2749571244332109,0.09662366840350203,0.0,0.0,0.15104769939213022,0.24453851004559193,0.2077592623481381,0.37017272616815877
empirical,fixed,0.5,2,13,0.95,26,all,9383,0.5930284762692449,0.769166674740585,0.4832069119376952,0.5037984412201819,0.055681721392187314,0.010713924659240797,0.06458488756261324,0.5606757076660595,0.6193951991442337,0.45923666445182165,0.5625622778568619
empirical,fixed,0.5,2,13,0.95,26,smooth,2094,0.7241863362705463,0.7199140401146131,0.3312113355751213,0.5711698414005584,0.05534447240492929,0.012746293070444706,0.07163323782234957,0.6743525670508712,0.7673379777710396,0.4849673143086372,0.6561691084528192
empirical,fixed,0.5,2,13,0.95,26,erratic,1202,0.5029903973312911,0.6373846619270912,0.4313540260908682,0.5276458202575427,0.06039220654087036,0.003419379233437172,0.03743760399334443,0.47021386778169494,0.5285963098085014,0.41860178854557656,0.6719254096797627
empirical,fixed,0.5,2,13,0.95,26,intermittent,4278,0.18643681809712437,0.8457010497683709,0.6968330134357006,0.189075291968872,0.04787438380018449,0.01582854290452957,0.056100981767180924,0.1119727886505612,0.27561685031804883,0.1350609018384109,0.26873579237135564
empirical,fixed,0.5,2,13,0.95,26,lumpy,1809,0.193034117772161,0.7327503894668074,0.6413023816701839,0.22467069656095692,0.05447828137823475,0.0077462311763310514,0.0945273631840796,0.15071905178394893,0.2442404235955125,0.1661449219251413,0.30886417214508366
empirical,dead13,0.5,2,13,0.95,26,all,9383,0.5928039966917124,0.767727902492903,0.4862187157749564,0.4954809554551324,0.04252932761998315,0.0018141452382866637,0.06607694767132047,0.5604448068663831,0.6191936286004849,0.4509635229832428,0.5545153916996571
empirical,dead13,0.5,2,13,0.95,26,smooth,2094,0.7240521217523701,0.7191977077363897,0.33205842338989144,0.5640460993866365,0.03987969098600209,0.0016954405410825296,0.027220630372492838,0.6742233167245802,0.7670921709163326,0.4773764569682389,0.6507291644529208
empirical,dead13,0.5,2,13,0.95,26,erratic,1202,0.502839725835459,0.636250189078808,0.43270355375618536,0.5196237627183057,0.05373732488037451,0.0016948144053466308,0.04326123128119801,0.46994177682874433,0.5284764835318194,0.41125853903559706,0.6601817550879782
empirical,dead13,0.5,2,13,0.95,26,intermittent,4278,0.18576972356982985,0.8440753963194356,0.7041746641074856,0.17239332813459668,0.02932685561544071,0.0021347024873424564,0.07456755493221132,0.1113922077946608,0.2749633978176772,0.11608577366003246,0.2508119659022041
empirical,dead13,0.5,2,13,0.95,26,lumpy,1809,0.19234156489683962,0.7307151113121262,0.6461863129333736,0.21507311340689664,0.04931958043292735,0.0028029305347653365,0.10613598673300166,0.14995636786146896,0.24332251950460315,0.15940989544643755,0.2983294807581542
empirical,dead26,0.5,2,13,0.95,26,all,9383,0.5931401190378582,0.7694718688537296,0.482568044457064,0.52616042807141,0.08797756637073041,0.0024183296331350963,0.0321858680592561,0.5607646272585817,0.6195381129836487,0.4763011062964526,0.5938355221659
empirical,dead26,0.5,2,13,0.95,26,smooth,2094,0.7242306553503187,0.7204567161587219,0.33056960238211364,0.5984006155637293,0.09751303955336427,0.002971264263042854,0.026743075453677174,0.6744061576708685,0.7673553584070832,0.5023716814725735,0.6912291148134679
empirical,dead26,0.5,2,13,0.95,26,erratic,1202,0.5033061356887991,0.6378762668280139,0.4307692307692308,0.5376131715678089,0.06898105761793163,0.0008666010237984188,0.016638935108153077,0.47038911135332756,0.5291368087590671,0.4267988766543134,0.687134568152745
empirical,dead26,0.5,2,13,0.95,26,intermittent,4278,0.18657253732853946,0.84582855199966,0.696257197696737,0.21088468235949034,0.07909394761237667,0.003112341018722353,0.03342683496961197,0.11209868016463709,0.2756947406919323,0.15923315503890892,0.29386730167129804
empirical,dead26,0.5,2,13,0.95,26,lumpy,1809,0.19312136852810702,0.7330770390471884,0.6405185408501658,0.24066757734643188,0.06976243255107577,0.0012078776526274746,0.04588170259812051,0.1507957503634677,0.24426248424933067,0.17943818080506488,0.3295070505749952
empirical,none,0.8,2,13,0.95,26,all,9383,0.750872843463704,0.8783147471733211,0.2547255912059384,1.3229164593680025,0.22990485886841597,0.0,0.0,0.7251793993981551,0.7681621702377357,1.2188685934445176,1.463043688027351
empirical,none,0.8,2,13,0.95,26,smooth,2094,0.8413681834269273,0.8533255187982982,0.17344764740611443,1.2285041461913566,0.1540628023362756,0.0,0.0,0.8085712181283506,0.8728139423925603,1.04718571508237,1.409423676564208
empirical,none,0.8,2,13,0.95,26,erratic,1202,0.7156819276738432,0.8269550748752079,0.20584795321637428,1.7359266105055458,0.23117479620960418,0.0,0.0,0.6700530754493612,0.7598229269399731,1.4062421136677605,2.0784524441924965
empirical,none,0.8,2,13,0.95,26,intermittent,4278,0.3751394572610939,0.9079965149390115,0.4154990403071017,0.816247662293747,0.34854676907717824,0.0,0.0,0.30153799093149786,0.4584891252735078,0.6704011642800408,1.0050120893326555
empirical,none,0.8,2,13,0.95,26,lumpy,1809,0.5112049056737531,0.8711744308759234,0.3091347603255954,1.5690521568659528,0.7435667563713502,0.0,0.0,0.4177997332949275,0.5972197209434043,1.2372684541671721,2.016783696926185
empirical,quantile,0.8,2,13,0.95,26,all,9383,0.750872843463704,0.8783147471733211,0.2547255912059384,1.3225566552224537,0.22990485886841597,0.00010169243272975923,0.003836725993818608,0.7251793993981551,0.7681621702377357,1.2183503213585314,1.4626856159994668
empirical,quantile,0.8,2,13,0.95,26,smooth,2094,0.8413681834269273,0.8533255187982982,0.17344764740611443,1.2285041461913566,0.1540628023362756,0.0,0.0,0.8085712181283506,0.8728139423925603,1.04718571508237,1.409423676564208
empirical,quantile,0.8,2,13,0.95,26,erratic,1202,0.7156819276738432,0.8269550748752079,0.20584795321637428,1.7359266105055458,0.23117479620960418,0.0,0.0,0.6700530754493612,0.7598229269399731,1.4062421136677605,2.0784524441924965
empirical,quantile,0.8,2,13,0.95,26,intermittent,4278,0.3751394572610939,0.9079965149390115,0.4154990403071017,0.8125211342447225,0.34854676907717824,0.0010489486360217243,0.00584385226741468,0.30153799093149786,0.4584891252735078,0.6677577281674648,0.9980275715110923
empirical,quantile,0.8,2,13,0.95,26,lumpy,1809,0.5112049056737531,0.8711744308759234,0.3091347603255954,1.5685395586747701,0.7435667563713502,0.00014996223678219212,0.006080707573244887,0.4177997332949275,0.5972197209434043,1.236857287208494,2.016299994425053
empirical,fixed,0.8,2,13,0.95,26,all,9383,0.7504047796637423,0.8753984478699388,0.2608303249097473,1.192233126021402,0.1239471151588193,0.02903766719549385,0.17403815410849408,0.7246920536017217,0.7677246195100854,1.0945226186234382,1.3213263964013995
empirical,fixed,0.8,2,13,0.95,26,smooth,2094,0.8413078340417052,0.8523487019189024,0.17460276715352824,1.1390710720879693,0.08042322520944695,0.01919424769776525,0.08022922636103152,0.8085076358083556,0.8727493257743812,0.9803469914448218,1.3040793492133196
empirical,fixed,0.8,2,13,0.95,26,erratic,1202,0.7152846155765537,0.8258962335501436,0.20710751237067027,1.6794046460563414,0.20343204715537974,0.012116099585221526,0.07321131447587355,0.6698895694142294,0.7596229761832303,1.3635725633161453,2.027091174380582
empirical,fixed,0.8,2,13,0.95,26,intermittent,4278,0.37336360562291676,0.9045645798801479,0.43099808061420347,0.5507831459717841,0.12993391163527873,0.06440682644730758,0.20172978027115473,0.2999752676101073,0.45727388816732123,0.4247019729512855,0.7102075124188525
empirical,fixed,0.8,2,13,0.95,26,lumpy,1809,0.5085492107896467,0.8659982913714257,0.3215556225504974,1.0295970923685582,0.2685763675874348,0.1205778181312524,0.2841348811498065,0.41533705210984334,0.5948557430020852,0.8120569930209152,1.3351465720738762
empirical,dead13,0.8,2,13,0.95,26,all,9383,0.7501611954413133,0.873078003739839,0.26568774591327626,1.1956582306392334,0.11650032358492293,0.003635056704974133,0.11925823297452841,0.7244318821941765,0.7674771054015386,1.0979984697043843,1.326783175913119
empirical,dead13,0.8,2,13,0.95,26,smooth,2094,0.8411670188095204,0.8517409047495007,0.17532150832969684,1.1337952156767588,0.06325112196422163,0.0022492718783809016,0.027220630372492838,0.8084258347239051,0.8725116701749862,0.9735730520344199,1.3047477708654027
empirical,dead13,0.8,2,13,0.95,26,erratic,1202,0.7152212759668407,0.825328997126002,0.20778227620332884,1.6848892804428397,0.19717831635639854,0.003233199168523669,0.04326123128119801,0.669864191881046,0.7596143687835236,1.3639497866517192,2.031485320941338
empirical,dead13,0.8,2,13,0.95,26,intermittent,4278,0.3721697364516552,0.9011326448212844,0.44649712092130517,0.5266596276692408,0.0943773132652897,0.006440912677326377,0.17227676484338475,0.2988848866164714,0.456348411127629,0.39979862884031603,0.6852914438491982
empirical,dead13,0.8,2,13,0.95,26,lumpy,1809,0.5080284328400939,0.8631589527111916,0.32836900813988545,1.1353013831971404,0.3754214620500111,0.013472062035287478,0.15091210613598674,0.41506135155786483,0.5939965968732658,0.8734398264016698,1.4954989792375644
empirical,dead26,0.8,2,13,0.95,26,all,9383,0.7506987125857421,0.8765756251634969,0.25836612177016993,1.2497753214157499,0.18868197054859787,0.003873068739308364,0.0637322817862091,0.7250163580298157,0.7679912414431117,1.1451054906944294,1.3804805263063433
empirical,dead26,0.8,2,13,0.95,26,smooth,2094,0.8413596967946304,0.8530433272553617,0.17378134866647843,1.1803905988230612,0.142023728623902,0.00406572550962227,0.026743075453677174,0.808565298401186,0.8727992484703146,1.0011593271856158,1.346037532457139
empirical,dead26,0.8,2,13,0.95,26,erratic,1202,0.715680967982787,0.8269172591135985,0.20589293747188483,1.7196147416223768,0.22606117838545414,0.0016333941777463,0.016638935108153077,0.670052087333106,0.7598206654259321,1.3967028978673046,2.069184751636813
empirical,dead26,0.8,2,13,0.95,26,intermittent,4278,0.3742032245969254,0.9057014747758085,0.4258637236084453,0.6160940005198737,0.1961382127847516,0.006475417566669197,0.08859280037400655,0.3007637644937204,0.45788827360455037,0.49858669671435,0.7827043967121452
empirical,dead26,0.8,2,13,0.95,26,lumpy,1809,0.5100052077794955,0.8679330619629126,0.3169128730780826,1.2678979929599548,0.47838553382466414,0.005480438107858294,0.07904919845218353,0.4166468850207999,0.596064365992298,0.9840962721660371,1.653352963749571
empirical,none,0.9,2,13,0.95,26,all,9383,0.8289608904038165,0.9222142559561296,0.16283008153165943,2.1398806278104727,0.40612662081021206,0.0,0.0,0.8080253139826429,0.8429671824678908,1.9738764479051438,2.34259840923696
empirical,none,0.9,2,13,0.95,26,smooth,2094,0.8899346655041028,0.9010375965963359,0.11702646507687964,1.7197890034619174,0.18561195219574325,0.0,0.0,0.8636699250694384,0.9117510289050349,1.4812074954205148,1.9510524189174985
empirical,none,0.9,2,13,0.95,26,erratic,1202,0.8112172529419329,0.8974436545152019,0.12199730094466936,3.266719257736549,0.5793948572075677,0.0,0.0,0.768899672032716,0.8485636677444705,2.718738302603798,3.8418387248203842
empirical,none,0.9,2,13,0.95,26,intermittent,4278,0.5636695719783493,0.9381189170810489,0.2794625719769674,1.354680358206758,0.5221850336192639,0.0,0.0,0.5074024338816476,0.6232034879969862,1.1315660444366575,1.6677734099406023
empirical,none,0.9,2,13,0.95,26,lumpy,1809,0.6649025654448835,0.9255741494547465,0.17859511606873682,3.5132225794050043,1.6891566396461983,0.0,0.0,0.5870864686064383,0.7335156715266626,2.79578058204704,4.454226341098928
empirical,quantile,0.9,2,13,0.95,26,all,9383,0.8288701433405586,0.922156123744102,0.16295177057558918,2.1363090542484353,0.40501457127186785,0.0005172184592263096,0.01300223809016306,0.8078946593885653,0.84295866017941,1.9710473097326089,2.3388599126201344
empirical,quantile,0.9,2,13,0.95,26,smooth,2094,0.8899346655041028,0.9010375965963359,0.11702646507687964,1.7197890034619174,0.18561195219574325,0.0,0.0,0.8636699250694384,0.9117510289050349,1.4812074954205148,1.9510524189174985
empirical,quantile,0.9,2,13,0.95,26,erratic,1202,0.8112172529419329,0.8974436545152019,0.12199730094466936,3.266719257736549,0.5793948572075677,0.0,0.0,0.768899672032716,0.8485636677444705,2.718738302603798,3.8418387248203842
empirical,quantile,0.9,2,13,0.95,26,intermittent,4278,0.5627011347507942,0.9380551659654044,0.27975047984644913,1.3377936653623819,0.5208743078894279,0.0032388589463126925,0.015661524076671342,0.5062692146843768,0.6223964623793649,1.122290345140954,1.6353444325833981
empirical,quantile,0.9,2,13,0.95,26,lumpy,1809,0.6648071349305675,0.9254233881099553,0.178956888754899,3.4843044069811513,1.675474085162191,0.0032473640728652876,0.030403537866224434,0.5870749357911745,0.7334207504001691,2.7817691298861487,4.432799892405838
empirical,fixed,0.9,2,13,0.95,26,all,9383,0.8274370959666114,0.9169339133636267,0.17388350302194458,1.9136085967717928,0.22144365045186465,0.05127885696909585,0.2547159757007354,0.8062402013994944,0.841427463807084,1.7677681096876572,2.0633061617726853
empirical,fixed,0.9,2,13,0.95,26,smooth,2094,0.8898683440443015,0.8999739515498828,0.11828426213517468,1.616842067544792,0.10150163100499958,0.022021239211761592,0.08548233046800383,0.8636058662235641,0.9116877106731782,1.3874682466421804,1.8416198470259988
empirical,fixed,0.9,2,13,0.95,26,erratic,1202,0.8103688860482033,0.8952503403418545,0.1246063877642825,3.1010919364838068,0.47287241291283505,0.0320747944821603,0.1264559068219634,0.7683230955656801,0.8477452151357402,2.6064772809576957,3.657785647010404
empirical,fixed,0.9,2,13,0.95,26,intermittent,4278,0.5598280276315154,0.9324663181605678,0.30499040307101727,0.9316320122561367,0.17611801592285628,0.10977845560715953,0.3064516129032258,0.5036675744443779,0.6205197755250504,0.7543559690636037,1.145358658693544
empirical,fixed,0.9,2,13,0.95,26,lumpy,1809,0.6515641061296382,0.9142419217046083,0.20578836297859512,2.2781008782333902,0.6012765876229349,0.2902968979629675,0.4134881149806523,0.5738318159892581,0.7181712006882255,1.847375544574646,2.9311005926544227
empirical,dead13,0.9,2,13,0.95,26,all,9383,0.8279919266954775,0.9153788766918896,0.17713868494706528,1.9522807761898813,0.23956480414952888,0.005217757130609701,0.1381221357774699,0.8068819529849061,0.8420175172232195,1.805824583569718,2.1100675219506906
empirical,dead13,0.9,2,13,0.95,26,smooth,2094,0.8897265858529726,0.8993878614222454,0.11897733398362297,1.6136963558400919,0.08407712902887152,0.0025554192804970277,0.027220630372492838,0.8634708151862049,0.9115801869238724,1.3797234996755279,1.831476960928308
empirical,dead13,0.9,2,13,0.95,26,erratic,1202,0.8107518027796492,0.8957041294811677,0.12406657669815564,3.190513070032495,0.5250916984804251,0.004521104566018107,0.04326123128119801,0.7685427255649725,0.8483124880489068,2.6609840420320263,3.7745045739428837
empirical,dead13,0.9,2,13,0.95,26,intermittent,4278,0.5587859799733622,0.9286412512218963,0.3222648752399232,0.9094315664529664,0.1373326800407618,0.00873893830755818,0.21014492753623187,0.5023068367376745,0.6196447565977576,0.7346203121909689,1.1255149193527574
empirical,dead13,0.9,2,13,0.95,26,lumpy,1809,0.6605427542337066,0.915598773807729,0.20253240880313536,2.607494294618537,0.8983157877516298,0.026117968475211244,0.15920398009950248,0.5829797343691449,0.7289401678069967,2.086708434922261,3.3366757990478533
empirical,dead26,0.9,2,13,0.95,26,all,9383,0.8286233750106469,0.9196419055739102,0.16821482172555063,2.0242861828043868,0.331318522988062,0.004934371564646536,0.07726739848662474,0.807590746782149,0.8426528214289509,1.8718149139112796,2.2095715377494236
empirical,dead26,0.9,2,13,0.95,26,smooth,2094,0.8899261788718059,0.9007554050533993,0.11736016633724362,1.6655807968256224,0.17149007032589297,0.004537205081669692,0.026743075453677174,0.8636587624613206,0.9117425376685737,1.4439550218692618,1.891249223407291
empirical,dead26,0.9,2,13,0.95,26,erratic,1202,0.8112162932508766,0.8974058387535925,0.12204228520017994,3.2415072139976697,0.5716484229396872,0.002530705315344884,0.016638935108153077,0.7688986213548478,0.8485628787376432,2.7018526863914616,3.827774006702854
empirical,dead26,0.9,2,13,0.95,26,intermittent,4278,0.5612312264647901,0.934485103489311,0.29587332053742804,1.0258487627696846,0.2668617343077514,0.008345582569050035,0.11524076671341749,0.5047129085261964,0.6214555573926661,0.843997742587269,1.274540223533218
empirical,dead26,0.9,2,13,0.95,26,lumpy,1809,0.6632448010819094,0.9211769435650032,0.18914681941513417,2.8610940699478404,1.1113581398138834,0.011165370174965031,0.08623548922056384,0.5857191287254603,0.7315556579180115,2.285622871861487,3.631404311711258
empirical,none,0.95,2,13,0.95,26,all,9383,0.8827800681239796,0.9475163012411227,0.10986492516123798,3.1032305556506365,0.6714966658414522,0.0,0.0,0.8634169889029525,0.8947608433951363,2.886062245591351,3.376677166251944
empirical,none,0.95,2,13,0.95,26,smooth,2094,0.9227735320169205,0.9288660241382305,0.08411838693944605,2.2245415175481553,0.2327904612767541,0.0,0.0,0.9024705293541859,0.9397343590977947,1.9390462309547767,2.5009553187879594
empirical,none,0.95,2,13,0.95,26,erratic,1202,0.8804896727645436,0.9382846770533959,0.07341430499325236,5.218432402241071,1.134522198613822,0.0,0.0,0.8473854558448862,0.906304598644762,4.46932886771959,5.988939929276902
empirical,none,0.95,2,13,0.95,26,intermittent,4278,0.6804134145808461,0.9560542309490416,0.19846449136276392,2.082791031489162,0.6961674269243953,0.0,0.0,0.6386912271664683,0.7243397274337393,1.7874165061892195,2.46486637962525
empirical,none,0.95,2,13,0.95,26,lumpy,1809,0.7822275663310239,0.9550479923614252,0.10786855592402773,5.925487854422114,3.1323332215433024,0.0,0.0,0.7336112247280427,0.8259498994412255,4.78474631333871,7.485238741668068
empirical,quantile,0.95,2,13,0.95,26,all,9383,0.882655290912,0.9473419046050401,0.11022999229302721,3.084775468680721,0.660474678783257,0.0015327497395002066,0.03495683683256954,0.8633859329776535,0.8946605227735499,2.867245028879523,3.360631243643637
empirical,quantile,0.95,2,13,0.95,26,smooth,2094,0.9227735320169205,0.9288660241382305,0.08411838693944605,2.2245415175481553,0.2327904612767541,0.0,0.0,0.9024705293541859,0.9397343590977947,1.9390462309547767,2.5009553187879594
empirical,quantile,0.95,2,13,0.95,26,erratic,1202,0.8804896727645436,0.9382846770533959,0.07341430499325236,5.2179314435097055,1.1342561722530282,3.1669804856420624e-05,0.0008319467554076539,0.8473854558448862,0.906304598644762,4.468522794174388,5.988924519919348
empirical,quantile,0.95,2,13,0.95,26,intermittent,4278,0.6793092581218759,0.955862977602108,0.1993282149712092,2.045268114491823,0.6844164418098044,0.005060717103613582,0.05095839177185601,0.637579470833148,0.7242626540636194,1.7602860983753417,2.427286092852005
empirical,quantile,0.95,2,13,0.95,26,lumpy,1809,0.781826758170897,0.9545957083270517,0.10895387398251433,5.718534514490442,2.9960055513293473,0.014911699508396522,0.06025428413488115,0.7330010594860652,0.8255238892409469,4.563100550984282,7.209337056005869
empirical,fixed,0.95,2,13,0.95,26,all,9383,0.8790335676571098,0.9399252032205245,0.1257554861477305,2.728966980009377,0.3701925350192121,0.0834984425734275,0.340616007673452,0.8595143768439605,0.8912817267757301,2.5164556897382426,2.9280576227379487
empirical,fixed,0.95,2,13,0.95,26,smooth,2094,0.9227021814416839,0.927780672050013,0.08540185332546141,2.108150498793955,0.1383158875414352,0.02398793766662874,0.08691499522445081,0.9024200079550753,0.9396708553073189,1.8319348577212813,2.3702465723285027
empirical,fixed,0.95,2,13,0.95,26,erratic,1202,0.8761106024748513,0.9332551807593406,0.07939721097615834,4.806630889384089,0.8702714582121723,0.08021865601025718,0.2221297836938436,0.8429198137851339,0.9024494796230205,4.087307533513203,5.477652166859105
empirical,fixed,0.95,2,13,0.95,26,intermittent,4278,0.6755597268132895,0.9486272259764545,0.23200575815738964,1.523383963507629,0.23069278916822514,0.15216886232779184,0.4172510518934081,0.6339462226039937,0.721857183154923,1.3008709294416207,1.8032258365420455
empirical,fixed,0.95,2,13,0.95,26,lumpy,1809,0.749710300224398,0.9378360721644303,0.14917093759421163,3.640393282782427,1.1261924042763778,0.5276489465834513,0.5317855168601437,0.6984053265832407,0.7964408254224496,2.9385185231649116,4.642924894591027
empirical,dead13,0.95,2,13,0.95,26,all,9383,0.8817058298619929,0.9399300475715269,0.12574534539406967,2.8417339375707966,0.4376768672203299,0.006970011279700757,0.14355749760204625,0.862253862429492,0.8935822177143379,2.6245914393274523,3.061167833567456
empirical,dead13,0.95,2,13,0.95,26,smooth,2094,0.9225610518897844,0.9271511678388469,0.08614626382935031,2.108048659206393,0.12134224576407036,0.0029096575989619906,0.027220630372492838,0.9023304184514046,0.9394798405464125,1.8243730874399458,2.3739500818454213
empirical,dead13,0.95,2,13,0.95,26,erratic,1202,0.8800242226022599,0.9365829677809712,0.07543859649122807,5.110220517810906,1.0566778182767402,0.006516302271972607,0.04326123128119801,0.8470130630325085,0.9059861986245246,4.374539745663912,5.861578629233958
empirical,dead13,0.95,2,13,0.95,26,intermittent,4278,0.6748282231592216,0.9452059161035318,0.24745681381957774,1.5099132547081922,0.19656837373855876,0.011025462308009045,0.22206638616175783,0.633244588905636,0.7211529938361758,1.2879114554293696,1.7862196676300655
empirical,dead13,0.95,2,13,0.95,26,lumpy,1809,0.7772951720339515,0.944469571335243,0.13325293940307506,4.339729904378625,1.7088796730277922,0.03867389757306569,0.15920398009950248,0.7279866121677309,0.820117978673952,3.5360872425566905,5.566817390061963
empirical,dead26,0.95,2,13,0.95,26,all,9383,0.8823665321646598,0.9444885818646875,0.11620289619924552,2.9340455916429917,0.550422491261615,0.006019754202822871,0.08728551635937333,0.8629960171984877,0.8942916817603903,2.7148190874062776,3.1730829470724093
empirical,dead26,0.95,2,13,0.95,26,smooth,2094,0.9227650453846236,0.9285838325952939,0.08445208819981005,2.1652777926206532,0.21729801972293347,0.004970023328809225,0.026743075453677174,0.9024627404293236,0.9397242325691798,1.8799474700483143,2.4366827556559345
empirical,dead26,0.95,2,13,0.95,26,erratic,1202,0.8804887130734874,0.9382468612917865,0.07345928924876294,5.1861714276939965,1.1250867080869325,0.0034395327456185304,0.016638935108153077,0.8473844387208206,0.9063030293156137,4.434435645512118,5.964545520248133
empirical,dead26,0.95,2,13,0.95,26,intermittent,4278,0.6774781986607502,0.9516022780398657,0.21857005758157388,1.6515420235047307,0.3494830017413468,0.009879899981827424,0.13721365123889667,0.6360983090703408,0.7231543211731163,1.4196574091529501,1.9373911373373072
empirical,dead26,0.95,2,13,0.95,26,lumpy,1809,0.78011718867158,0.9502236293281069,0.11944528188121797,4.724393948069441,2.04562287496694,0.017880951796683926,0.08623548922056384,0.7315268933509735,0.8238289975021851,3.793348550294978,5.9906486276906135
empirical,none,0.99,2,13,0.95,26,all,9383,0.9307068559406292,0.9684681193260539,0.06600616557822578,4.798216541597578,1.3311119142137764,0.0,0.0,0.9161800140928636,0.9392444290480517,4.438102573323844,5.2105001992715305
empirical,none,0.99,2,13,0.95,26,smooth,2094,0.9519530884112207,0.9534383954154728,0.055060707960058526,3.0228101816956543,0.33076335057272194,0.0,0.0,0.9359011233655403,0.9645901711279636,2.6473529056861893,3.3778554966147945
empirical,none,0.99,2,13,0.95,26,erratic,1202,0.9416978086414421,0.9695204961427923,0.03625730994152047,8.89637447912768,2.8054802198076394,0.0,0.0,0.9190869245750797,0.9576589485199867,7.821109458460623,10.153875309320732
empirical,none,0.99,2,13,0.95,26,intermittent,4278,0.7894189606667265,0.9714501253771941,0.12893474088291745,3.12811665412989,1.012776010360668,0.0,0.0,0.757218524503456,0.8218551909875077,2.6799421328822275,3.6394355436500367
empirical,none,0.99,2,13,0.95,26,lumpy,1809,0.8826477332526264,0.9781144781144782,0.05251733494121194,10.535357005554056,6.197183436534619,0.0,0.0,0.8522575796739429,0.9137365413638543,8.44508371530329,13.336771432893476
empirical,quantile,0.99,2,13,0.95,26,all,9383,0.9247046143289613,0.9669760592173466,0.06912951770575589,4.679796201200568,1.2319442399097624,0.014216044876810862,0.14238516465949058,0.9088443986466629,0.9342923633038415,4.339379738427079,5.09079070655178
empirical,quantile,0.99,2,13,0.95,26,smooth,2094,0.9519175702834598,0.9534383954154728,0.055060707960058526,3.022665908946608,0.3307488290019029,5.5005950072199237e-05,0.0009551098376313276,0.935861701310582,0.9645532649875331,2.647077038747943,3.377523519453866
empirical,quantile,0.99,2,13,0.95,26,erratic,1202,0.9407448354225808,0.9691045227650885,0.03675213675213675,8.771676062042108,2.6995637244458264,0.015228377680657042,0.045757071547420966,0.9176446924490242,0.9574355512319116,7.736436862912568,10.021733356727712
empirical,quantile,0.99,2,13,0.95,26,intermittent,4278,0.7384023316103892,0.9692188363296358,0.13901151631477926,3.0043821209465382,0.9199877622659132,0.048000901727774825,0.22300140252454417,0.6984473976031745,0.780830300019263,2.5752037262181653,3.488182290056764
empirical,quantile,0.99,2,13,0.95,26,lumpy,1809,0.8638970004826058,0.9759284386150058,0.057763038890563764,9.415079111896368,5.249518075902705,0.09413538590736696,0.179657269209508,0.8137986626853932,0.9067402166357091,7.544398963864625,11.751733160596553
empirical,fixed,0.99,2,13,0.95,26,all,9383,0.9214864766975074,0.9565994593704281,0.09085101204721535,4.014930279986531,0.689302592898326,0.17077622172214046,0.4617926036448897,0.9061702925918315,0.9302690790628574,3.711583694537105,4.364399968131339
empirical,fixed,0.99,2,13,0.95,26,smooth,2094,0.9518537633813761,0.9522445081184336,0.05647252098467541,2.8740118573969173,0.21237036669166556,0.02799299947131424,0.09694364851957975,0.9358039257398809,0.9645103261931203,2.4945988189661428,3.248720807866688
empirical,fixed,0.99,2,13,0.95,26,erratic,1202,0.9211776944765941,0.9568522160036304,0.051327035537561856,7.5616227224132,1.8191030343511818,0.2577730177101388,0.3735440931780366,0.8963557275937112,0.9380213815036751,6.704108395991862,8.476940942113226
empirical,fixed,0.99,2,13,0.95,26,intermittent,4278,0.7834933210035863,0.9617599557992265,0.17269673704414587,2.3216430768239857,0.3235164622827055,0.22333634676033595,0.5792426367461431,0.7509508320694259,0.8153447610644472,1.9497578997311922,2.7271967360966145
empirical,fixed,0.99,2,13,0.95,26,lumpy,1809,0.8225046965445975,0.9492688074777627,0.12173650889357854,5.842422408175396,2.050163731496705,1.0998912092136799,0.6650082918739635,0.7872008340747884,0.853481949061791,4.752628892357331,7.368340077428755
empirical,dead13,0.99,2,13,0.95,26,all,9383,0.9295390845213372,0.9601309912511021,0.08345840262848335,4.392351893230509,0.9625130249896716,0.010075710115670664,0.14494298198870298,0.9149034350484528,0.9380867776023971,4.070219734268099,4.772864587194986
empirical,dead13,0.99,2,13,0.95,26,smooth,2094,0.9517380937263671,0.9517235391160892,0.05708858484996278,2.884649065181737,0.19869242998685516,0.0036109048824538564,0.027220630372492838,0.9357042468511719,0.9643370220025829,2.4983133414801464,3.269266919494617
empirical,dead13,0.99,2,13,0.95,26,erratic,1202,0.9412083662027521,0.9677809711087582,0.03832658569500675,8.718858505070049,2.677187951654603,0.0109606315534903,0.04326123128119801,0.9187228434323194,0.9573251678248069,7.694413184633086,9.934332577676116
empirical,dead13,0.99,2,13,0.95,26,intermittent,4278,0.7833368988385654,0.9592099111734456,0.18421305182341652,2.335702669068207,0.30760050699184077,0.014268921906234114,0.22510518934081347,0.7502855878175211,0.8155088406590371,1.9615994884554133,2.7615491438786264
empirical,dead13,0.99,2,13,0.95,26,lumpy,1809,0.8771127634223018,0.9669581385999296,0.07928851371721435,7.616696522784717,3.49301639496236,0.05867068020144018,0.15920398009950248,0.845879843834944,0.9061663438387959,6.136521730926236,9.6057544817957
empirical,dead26,0.99,2,13,0.95,26,all,9383,0.9302397871742558,0.9648590778293432,0.07356102705553076,4.520250326570024,1.1119974383855302,0.00798972170104574,0.08952360652243418,0.9155880233778376,0.9388214607395311,4.18519899787346,4.922767090785834
empirical,dead26,0.99,2,13,0.95,26,smooth,2094,0.9519446017789238,0.9531562038725363,0.05539440922042252,2.9528859893244457,0.3123576053112488,0.0059013526434602325,0.026743075453677174,0.9358878398078514,0.9645799229193046,2.573663671726816,3.322512113009669
empirical,dead26,0.99,2,13,0.95,26,erratic,1202,0.9416968489503859,0.9694826803811829,0.036302294197031036,8.850925430085546,2.7938742919879234,0.005880986792731684,0.016638935108153077,0.919085921910563,0.9576574144013896,7.783634872338368,10.087168732747424
empirical,dead26,0.99,2,13,0.95,26,intermittent,4278,0.7861432965051147,0.965882527944239,0.15407869481765835,2.516006818166134,0.5015120042510024,0.012286040932000064,0.14212248714352502,0.753509046856707,0.8180031784990026,2.1476526888670264,2.918867393436605
empirical,dead26,0.99,2,13,0.95,26,lumpy,1809,0.8802074386722616,0.9729132117191819,0.06499849261380766,8.188172614714295,3.9937403035780994,0.02700410896528783,0.08623548922056384,0.8495976503969683,0.9110938725543231,6.598927611529003,10.285122251092423
tsb,none,0.5,2,13,0.95,26,all,9383,0.7668381573888409,0.8248234234059664,0.36669979312862533,0.8919186556061386,0.12111051320648379,0.0,0.0,0.7511140277601601,0.7808065932356242,0.797085707576032,1.0313763560308
tsb,none,0.5,2,13,0.95,26,smooth,2094,0.8340979684259561,0.7281410089433011,0.32148266036912493,0.6060533576574884,0.04464069170453695,0.0,0.0,0.8197740767749312,0.8441527849898478,0.5015798262952027,0.7467346188409985
tsb,none,0.5,2,13,0.95,26,erratic,1202,0.6940898385991582,0.7332854333686281,0.31727395411605935,1.5649307774841121,0.2076821349671114,0.0,0.0,0.6534029999329289,0.7359379885937427,1.2675224442681479,1.890991585184979
tsb,none,0.5,2,13,0.95,26,intermittent,4278,0.5631059921190833,0.8901462025585448,0.49611324376199617,0.5357942220412633,0.03799586401393078,0.0,0.0,0.5135879978267592,0.6035793238157161,0.46035202031990774,0.6392391880128054
tsb,none,0.5,2,13,0.95,26,lumpy,1809,0.6315591437428938,0.843082566963164,0.37654507084715105,1.8816907015233437,0.6370095894033957,0.0,0.0,0.5847854608276248,0.682964330867461,1.4662818345209259,2.4002213424475904
tsb,quantile,0.5,2,13,0.95,26,all,9383,0.7661408378501224,0.8233991842112912,0.3696811747049041,0.7932051544331932,0.11390364413141131,0.013722309210269701,0.116700415645316,0.7502973589070306,0.7800648939714744,0.7210562157334398,0.8871329902421007
tsb,quantile,0.5,2,13,0.95,26,smooth,2094,0.8335865702501419,0.7265129808109752,0.32340785994814797,0.5621529517450088,0.04154759712007705,0.005768081084428161,0.08452722063037249,0.8190440689621393,0.8436975423613514,0.48887923686177714,0.6582714468851029
tsb,quantile,0.5,2,13,0.95,26,erratic,1202,0.693231874794866,0.73112993495689,0.31983805668016196,1.4179253014869453,0.20309634722390169,0.022801299805566593,0.17637271214642264,0.6523816487337218,0.7351322117507124,1.1508307713823287,1.70269234283195
tsb,quantile,0.5,2,13,0.95,26,intermittent,4278,0.5621076506540977,0.8893280632411067,0.4998080614203455,0.504256753181926,0.03516692315301078,0.0064041074620273695,0.07713884992987377,0.5130020502590654,0.6027086843256624,0.4323755497503243,0.5947763627158573
tsb,quantile,0.5,2,13,0.95,26,lumpy,1809,0.6300622479611953,0.8409467812452887,0.38167018390111546,1.3650762489809385,0.5814815723676856,0.06560166212690077,0.20784964068546158,0.5827165190718543,0.6820872636041966,1.0895218777102715,1.7191325887566384
tsb,fixed,0.5,2,13,0.95,26,all,9383,0.7667002457334949,0.8243874318157596,0.3676124609580984,0.8892137562995578,0.12019110217084487,0.000556223775889779,0.03836725993818608,0.7509852857589547,0.7806848790044543,0.7947683603551321,1.0290276417907844
tsb,fixed,0.5,2,13,0.95,26,smooth,2094,0.8340923106710915,0.7279673526091864,0.3216880149908874,0.6052861032339099,0.04446435834459122,0.0001835627133837963,0.018147086914995225,0.8197732619691068,0.8441446804156243,0.5008837204594135,0.745898500995473
tsb,fixed,0.5,2,13,0.95,26,erratic,1202,0.6940600881764143,0.7332476176070186,0.31731893837156994,1.563402949322554,0.2076758010061401,0.00046065170700248175,0.022462562396006656,0.6533532976429097,0.735919384273191,1.2649810247881,1.8895539824830885
tsb,fixed,0.5,2,13,0.95,26,intermittent,4278,0.5629012631089826,0.8897955714224999,0.49769673704414585,0.5311889694769749,0.037074813501073105,0.0008580215816581209,0.035998129967274424,0.5133043155887077,0.6033820483834661,0.4563378380094611,0.6333995224495683
tsb,fixed,0.5,2,13,0.95,26,lumpy,1809,0.6300458884444553,0.8418764762048344,0.3794392523364486,1.8610858901894705,0.6270520968810581,0.003702703955458489,0.0779436152570481,0.582938448234401,0.6809757221064056,1.4526266856013224,2.374672462498923
tsb,dead13,0.5,2,13,0.95,26,all,9383,0.7666311904024632,0.8231908771181925,0.370117227112319,0.8844399831560715,0.11963551521645166,0.0012847873692824374,0.08792497069167643,0.7508996165388601,0.7806657410625547,0.7905564752628657,1.0236632403297936
tsb,dead13,0.5,2,13,0.95,26,smooth,2094,0.8339829274103765,0.7271641920639056,0.32263778011653876,0.6034859942278328,0.04380397262401013,0.0003388366524447473,0.02626552053486151,0.8195982565093549,0.843984921279788,0.4987977600045092,0.7441666176576567
tsb,dead13,0.5,2,13,0.95,26,erratic,1202,0.6939612399976199,0.7322644078051732,0.3184885290148448,1.5587398104802102,0.20670248233688612,0.0008243746173231913,0.04326123128119801,0.6531929472380242,0.7358207086569244,1.2622436401580193,1.8844695116464056
tsb,dead13,0.5,2,13,0.95,26,intermittent,4278,0.5624688018292192,0.8884355476220834,0.5038387715930902,0.5190087435389594,0.035409837573984235,0.002567163767105799,0.11196820944366527,0.5128620386656376,0.6028991049218668,0.4460792354452112,0.6206096444385983
tsb,dead13,0.5,2,13,0.95,26,lumpy,1809,0.6308420515924626,0.8404693703201166,0.38281579740729577,1.8389814564877756,0.6299073778693911,0.009278572577632723,0.13211719181868437,0.5838412659729759,0.6823838214320398,1.4304179317087646,2.3321396533859247
tsb,dead26,0.5,2,13,0.95,26,all,9383,0.7668315901671576,0.8247410694389272,0.36687218594085913,0.8913138741911372,0.12093757636882792,8.059772065665848e-05,0.013535116700415645,0.7511077403846,0.7807978461103715,0.7964500533400369,1.0308604825006238
tsb,dead26,0.5,2,13,0.95,26,smooth,2094,0.8340967111470973,0.7280758878180081,0.32155966835228583,0.6057220646781963,0.04464069170453695,3.803268547849205e-05,0.0062082139446036294,0.8197740352800809,0.8441490700211421,0.5011955044189753,0.746377927152733
tsb,dead26,0.5,2,13,0.95,26,erratic,1202,0.6940888789081019,0.7332476176070186,0.31731893837156994,1.5646044825249854,0.2076821349671114,7.485590238790328e-05,0.012479201331114808,0.6534010737514254,0.735936322760651,1.2670254561661465,1.8908117983433754
tsb,dead26,0.5,2,13,0.95,26,intermittent,4278,0.563078388207609,0.8900824514429002,0.4964011516314779,0.5348671906809195,0.03788958895475489,0.00021623063988167123,0.014492753623188406,0.5135441788428562,0.6035431840439607,0.45956321697867175,0.63834873138486
tsb,dead26,0.5,2,13,0.95,26,lumpy,1809,0.6315155183649208,0.8429066787275743,0.3769671389810069,1.8783042815581896,0.6347661543411341,0.0003053776458110094,0.02045328911000553,0.5847187532913349,0.6828872573529852,1.4633539441329915,2.394827681646079
tsb,none,0.8,2,13,0.95,26,all,9383,0.7863111637196425,0.8699340199393487,0.2722690950391433,0.9971494277760841,0.13569237223171707,0.0,0.0,0.7709841994421737,0.7995851606059197,0.8988527987739581,1.1376353537972865
tsb,none,0.8,2,13,0.95,26,smooth,2094,0.8509819662206889,0.7937613961969263,0.24388428267063686,0.6770160623660606,0.04809820856621805,0.0,0.0,0.8370200215505685,0.8607647168797192,0.5669256143289546,0.8207477072945162
tsb,none,0.8,2,13,0.95,26,erratic,1202,0.7141435429106662,0.784903947965512,0.25587044534412956,1.6992894447419487,0.2259978387757413,0.0,0.0,0.6741288393388962,0.754521962519178,1.3852409721376098,2.0425222276568706
tsb,none,0.8,2,13,0.95,26,intermittent,4278,0.592016488736454,0.9258255769475966,0.33498080614203457,0.7109640436049788,0.07748463957342756,0.0,0.0,0.5439903792925643,0.6310209980065071,0.613205733330158,0.838327764520815
tsb,none,0.8,2,13,0.95,26,lumpy,1809,0.6606545442647624,0.882431277953666,0.2821223997588182,2.1185274253665214,0.7079597228697865,0.0,0.0,0.6166941785247525,0.7109394778035693,1.6466061486247274,2.708039215121863
tsb,quantile,0.8,2,13,0.95,26,all,9383,0.7855115547280414,0.8679623690814142,0.2763963817790938,0.886897915126023,0.12641245017866823,0.015167296987277102,0.163913460513695,0.7703309200154776,0.7988108695182532,0.809773243312075,0.9860885351596054
tsb,quantile,0.8,2,13,0.95,26,smooth,2094,0.8504177623328055,0.7918945906051923,0.24609184485458327,0.6299778027417481,0.04431706812628361,0.006163809605233298,0.10840496657115568,0.8365617648597639,0.8602872661787894,0.551849011625287,0.7280879444115542
tsb,quantile,0.8,2,13,0.95,26,erratic,1202,0.7131857712365235,0.7822946604144607,0.258974358974359,1.5356237320081918,0.22001013433755404,0.025117994015366574,0.19717138103161397,0.6733463163838199,0.7537294048165469,1.2516920537183127,1.833816741237512
tsb,quantile,0.8,2,13,0.95,26,intermittent,4278,0.5907513094605505,0.924380551659654,0.3415067178502879,0.66046728821474,0.06976198527331323,0.008973571555089356,0.13557737260402056,0.5424980888258787,0.6303860441882235,0.5715715731865509,0.7826968976385564
tsb,quantile,0.8,2,13,0.95,26,lumpy,1809,0.6588140986315264,0.8795165586210363,0.2891166716912873,1.5408565297647774,0.6397808915391306,0.07233905643760617,0.27307904919845216,0.6139820938712052,0.7098312808944093,1.2394091728175582,1.9274928003802676
tsb,fixed,0.8,2,13,0.95,26,all,9383,0.786110763954948,0.8689603053878872,0.27430738652496656,0.9923629182026669,0.13392885430240584,0.0009263762707573957,0.09218799957369711,0.7707618158733857,0.7994126713159608,0.8937215196518408,1.132579510795239
tsb,fixed,0.8,2,13,0.95,26,smooth,2094,0.8509722223095333,0.7935443257792828,0.24414097594783993,0.6759583765261009,0.047866554936485416,0.0002530273703321165,0.030563514804202482,0.8370080743408109,0.8607529799219557,0.5657936721139287,0.8193747160703126
tsb,fixed,0.8,2,13,0.95,26,erratic,1202,0.7141032358863035,0.7848283164422931,0.25596041385515067,1.6973767804668323,0.22597672557250367,0.0005642983410780401,0.026622296173044926,0.6741218789309271,0.7544990235729944,1.3825729005181175,2.04056729440851
tsb,fixed,0.8,2,13,0.95,26,intermittent,4278,0.5915127173520488,0.9246036805644099,0.3404990403071017,0.6949146694086553,0.072580804700026,0.0026269722419666867,0.12388966806919122,0.5435693772353691,0.6306553837827005,0.5971694028633253,0.8193416927393169
tsb,fixed,0.8,2,13,0.95,26,lumpy,1809,0.658705035186594,0.8805718880345746,0.2865842628881519,2.086580015759668,0.6916798224447117,0.005780362581422678,0.13211719181868437,0.613907829332699,0.7084010820421189,1.6251743691406377,2.676370820348412
tsb,dead13,0.8,2,13,0.95,26,all,9383,0.7860128526498541,0.8669014562119113,0.27861720683081165,0.9862014712168625,0.13288597949912398,0.0016730494754580935,0.132367046786742,0.770704860621169,0.7993585020913504,0.8888682290225084,1.1264476284563565
tsb,dead13,0.8,2,13,0.95,26,smooth,2094,0.8508549810559508,0.7928279934010594,0.24498806376261006,0.6738584065122016,0.04696068551872497,0.0003966714799492311,0.027220630372492838,0.8369200852009232,0.8606258571386878,0.5642086305643585,0.8164850439124709
tsb,dead13,0.8,2,13,0.95,26,erratic,1202,0.713999589252228,0.7837694751172288,0.2572199730094467,1.691844161527521,0.22471626733921815,0.0009731267310427428,0.04326123128119801,0.6739869515998625,0.7544302862056649,1.3777643193645028,2.0345472970214895
tsb,dead13,0.8,2,13,0.95,26,intermittent,4278,0.590647794792522,0.9214798758978282,0.35460652591170827,0.6730753747806064,0.06683183007032097,0.004814582226301467,0.20009350163627865,0.5425128364918677,0.629764026717556,0.577912883741714,0.7960011895815788
tsb,dead13,0.8,2,13,0.95,26,lumpy,1809,0.659700239121603,0.8788130056786774,0.2908049442267109,2.061983482341265,0.6956448239852329,0.011009954765936214,0.1531232725262576,0.61535789921486,0.7101517611671831,1.5997563963036423,2.635673786388165
tsb,dead26,0.8,2,13,0.95,26,all,9383,0.7862916610613108,0.8696191371241995,0.2729282440270961,0.9958542920574828,0.13525674652673578,0.00015582225993620642,0.03740807843973143,0.7709655849318153,0.7995617509596861,0.897607367294794,1.1365171511860304
tsb,dead26,0.8,2,13,0.95,26,smooth,2094,0.8509803946221154,0.7936745680298689,0.2439869599815181,0.6765574699023157,0.04808092098190964,5.1548433210518146e-05,0.014326647564469915,0.8370170492713267,0.8607611244774171,0.5664037259656188,0.820339568046187
tsb,dead26,0.8,2,13,0.95,26,erratic,1202,0.71414258321961,0.7848661322039026,0.25591542959964014,1.69885854345769,0.2259978387757413,9.884817879428255e-05,0.012479201331114808,0.6741266985546194,0.7545218881067203,1.384705386375555,2.041989001360939
tsb,dead26,0.8,2,13,0.95,26,intermittent,4278,0.591883069830995,0.9253686939521442,0.33704414587332054,0.7058734222639348,0.0760878816528302,0.0007361043059801573,0.05399719495091164,0.5438267524225707,0.6309102891734188,0.6082772452040354,0.833217866791622
tsb,dead26,0.8,2,13,0.95,26,lumpy,1809,0.6605618403365698,0.8820041208100909,0.2831474223696111,2.112019064290174,0.7037967711767128,0.0005344108801692665,0.04145936981757877,0.616564256637808,0.7107972386296095,1.6410843003438471,2.701078027270506
tsb,none,0.9,2,13,0.95,26,all,9383,0.795435024704694,0.888008293528916,0.23443394313065347,1.058451656094103,0.14494208506502346,0.0,0.0,0.7800966426417438,0.8087296742242671,0.9586508482848596,1.2003768627148825
tsb,none,0.9,2,13,0.95,26,smooth,2094,0.858933626363126,0.821351046279413,0.21125856713812666,0.7181397679188954,0.05016234613264166,0.0,0.0,0.8454563575473243,0.868749713782116,0.6055005151903385,0.8658993212468555
tsb,none,0.9,2,13,0.95,26,erratic,1202,0.723789397717087,0.8067614581757676,0.22986954565901935,1.774574329031998,0.2363559762841146,0.0,0.0,0.6843350539134476,0.7639293619098646,1.450099234272909,2.124095601387835
tsb,none,0.9,2,13,0.95,26,intermittent,4278,0.6048615088758077,0.9391708104891836,0.2747120921305182,0.8215131084074614,0.10832464960284871,0.0,0.0,0.5580996305072052,0.6436244642165156,0.7124380772300348,0.9674976731364326
tsb,none,0.9,2,13,0.95,26,lumpy,1809,0.6740529884747205,0.8981607115935474,0.24437744950256254,2.2567707949907163,0.7508009346737231,0.0,0.0,0.6312169594410069,0.7238950278123628,1.752642431430131,2.873652194645385
tsb,quantile,0.9,2,13,0.95,26,all,9383,0.7945808878724511,0.8856345615377907,0.2394029124244514,0.9412169977209752,0.13416045832043108,0.01603138415540355,0.19013108813812213,0.7793903810924907,0.8078151138794403,0.8614578824141563,1.0434260212256063
tsb,quantile,0.9,2,13,0.95,26,smooth,2094,0.8583420766600639,0.8193974125206217,0.21356880663295427,0.6692561372495893,0.045907525882656904,0.0064011209898305,0.11986628462273162,0.8449739602661367,0.8681955311991876,0.5875179955911415,0.768478873164166
tsb,quantile,0.9,2,13,0.95,26,erratic,1202,0.7227922787096378,0.8037361972470125,0.23346828609986506,1.6014364655730027,0.22944984750509115,0.026410697868142288,0.21048252911813645,0.6834661886579999,0.7631087819377659,1.3096422012775244,1.9061806887995143
tsb,quantile,0.9,2,13,0.95,26,intermittent,4278,0.6034100031974531,0.9373220281354924,0.2830614203454894,0.7569061536019654,0.09602710704106772,0.010786228408565494,0.16736792893875643,0.5558666273826566,0.6428351798655165,0.659830342807615,0.8872029494443905
tsb,quantile,0.9,2,13,0.95,26,lumpy,1809,0.6720353147434691,0.8944921855369616,0.2531805848658426,1.6430680637693964,0.6741882271464368,0.07629805948865603,0.3117744610281924,0.628285818261382,0.7221515275745778,1.3192338284510063,2.0492531294432594
tsb,fixed,0.9,2,13,0.95,26,all,9383,0.7951924355158533,0.8865452995262225,0.23749645073621872,1.0519164744925131,0.1424395357889701,0.001250956227278408,0.12757113929446873,0.7798287675828712,0.8084640789522807,0.9518362887653828,1.1929200653021368
tsb,fixed,0.9,2,13,0.95,26,smooth,2094,0.8589210535745381,0.8210688547364765,0.21159226839849066,0.7168909756923992,0.04988712779045185,0.00029577485153108274,0.03533906399235912,0.845446537221901,0.8687352227759556,0.6041953648823256,0.8642822741251416
tsb,fixed,0.9,2,13,0.95,26,erratic,1202,0.7237423728553304,0.8066858266525487,0.22995951417004049,1.7724035078627487,0.23632641779958194,0.0006324364060721572,0.028286189683860232,0.6843245702422781,0.7639011465328212,1.4471839720808997,2.1218755997359766
tsb,fixed,0.9,2,13,0.95,26,intermittent,4278,0.6040770977247476,0.937035148115092,0.28435700575815737,0.7945049813558582,0.09922041953344789,0.0046673613651054355,0.1881720430107527,0.557344592156975,0.6429941822746426,0.6858230273000248,0.9341955709806636
tsb,fixed,0.9,2,13,0.95,26,lumpy,1809,0.6719017120234269,0.8959997989848736,0.24956285800422068,2.216245545439921,0.7297762290768598,0.007244539329641536,0.15699281370923163,0.6282319990405271,0.7212778689021989,1.7250417292339042,2.83245681884766
tsb,dead13,0.9,2,13,0.95,26,all,9383,0.7950887530159468,0.8843120537141639,0.24217133817385308,1.045042185444012,0.14089623869343335,0.001889767791001553,0.14377064904614728,0.7797714905744693,0.8084091051477359,0.9463982324091444,1.1860935636650958
tsb,dead13,0.9,2,13,0.95,26,smooth,2094,0.8587997261646646,0.8203959364417817,0.21238801755782016,0.7146511334054593,0.04885056423531985,0.00042747481198966264,0.027220630372492838,0.8453611384141465,0.8685533957692767,0.6024755516368597,0.8612162661026769
tsb,dead13,0.9,2,13,0.95,26,erratic,1202,0.723635847148086,0.8055513538042656,0.23130904183535764,1.766416955053829,0.23486327281521532,0.0010575795439931976,0.04326123128119801,0.6841812478208367,0.763828798529346,1.4427305176067724,2.115358900123652
tsb,dead13,0.9,2,13,0.95,26,intermittent,4278,0.6031155614750611,0.9336138382421693,0.2998080614203455,0.767179409322301,0.08895222453021594,0.0060935634579419905,0.22323515661524077,0.5561992990216665,0.642015912163788,0.6606927485431751,0.9046263358360402
tsb,dead13,0.9,2,13,0.95,26,lumpy,1809,0.672975986956012,0.894039901502588,0.2542659029243292,2.190888294493114,0.733951177748876,0.011956080150725681,0.15754560530679934,0.6296946036642376,0.7230268238474502,1.698223838930619,2.80374577606609
tsb,dead26,0.9,2,13,0.95,26,all,9383,0.7954017905828429,0.8874608818656564,0.23557984829432524,1.0564271607552385,0.14418466549756856,0.00021811136256715482,0.054993072578066717,0.7800656461721023,0.808698514803747,0.9567634622166876,1.197851070076673
tsb,dead26,0.9,2,13,0.95,26,smooth,2094,0.8589317404448379,0.8212425110705913,0.2113869137767282,0.717600709608188,0.050129845474141864,5.972074579267346e-05,0.017191977077363897,0.8454546474002178,0.8687453271760064,0.604920025686168,0.865411880082089
tsb,dead26,0.9,2,13,0.95,26,erratic,1202,0.7237884380260307,0.8067236424141582,0.2299145299145299,1.7740676121542953,0.2363559762841146,0.00011516292675062044,0.012479201331114808,0.6843329131291708,0.7639292874974067,1.4494661364123176,2.123444135003227
tsb,dead26,0.9,2,13,0.95,26,intermittent,4278,0.6045969713908461,0.9382570444982787,0.27883877159309023,0.8112605556207315,0.10483275480135536,0.0012191727567796356,0.0876577840112202,0.5577813004311523,0.6433711458359312,0.7017831635600229,0.9558317642581793
tsb,dead26,0.9,2,13,0.95,26,lumpy,1809,0.6739302920991714,0.8976330468867783,0.24564365390413023,2.2473013613844515,0.7448444346287344,0.0006980060475680215,0.04975124378109453,0.6310504474983626,0.7237829994085252,1.7445954419223249,2.863271069785097
tsb,none,0.95,2,13,0.95,26,all,9383,0.802505136363383,0.9007925358239757,0.2076724942197704,1.1122969036942811,0.15365372353509166,0.0,0.0,0.7877771936336627,0.8154840309776,1.0115066866516804,1.2579575345411163
tsb,none,0.95,2,13,0.95,26,smooth,2094,0.8651232101849646,0.842537119041417,0.18620530328310703,0.7540523669217477,0.05212414119995952,0.0,0.0,0.8517785195875197,0.8749838660595048,0.6392592347414995,0.9053885599160643
tsb,none,0.95,2,13,0.95,26,erratic,1202,0.731364239224109,0.8237029193767962,0.2097165991902834,1.8393659513129532,0.2453438669023668,0.0,0.0,0.6923144585933363,0.7706087414543973,1.5009716252785825,2.194302799824108
tsb,none,0.95,2,13,0.95,26,intermittent,4278,0.6143687560527327,0.9474372051510902,0.23738003838771593,0.9255959569470994,0.1415482573880719,0.0,0.0,0.5684007942423062,0.6530523420168509,0.8048266874989689,1.0925959677517059
tsb,none,0.95,2,13,0.95,26,lumpy,1809,0.6844385550184181,0.9091411628725061,0.21802833886041603,2.3755272535915957,0.788225510485087,0.0,0.0,0.6423690615478622,0.7331861533193323,1.843481624658105,3.0153731332417215
tsb,quantile,0.95,2,13,0.95,26,all,9383,0.8016072180532526,0.8980796992626898,0.21335131626982518,0.988624378004504,0.14129902828999896,0.016822634864862497,0.21464350420974102,0.7868959064385003,0.8145716218274737,0.9072769775648822,1.0925368699819817
tsb,quantile,0.95,2,13,0.95,26,smooth,2094,0.864514372897594,0.8404098289485109,0.1887208973996971,0.703480525064797,0.04735484244095662,0.00661517271554003,0.12989493791786055,0.8512392242349113,0.8743747090936181,0.6190687431910425,0.8037769010276744
tsb,quantile,0.95,2,13,0.95,26,erratic,1202,0.7303440876313098,0.8206020269248222,0.21340530814215025,1.6580304068514264,0.23757843075157245,0.02752681856656705,0.21880199667221298,0.6911924215322431,0.7699432148290647,1.3548843441795704,1.9684768604799192
tsb,quantile,0.95,2,13,0.95,26,intermittent,4278,0.6127608282093573,0.9452059161035318,0.24745681381957774,0.845100650762213,0.12323352219009434,0.012709300907938655,0.201028517999065,0.5659423774942038,0.6521094704286111,0.739520876562152,0.99067491030648
tsb,quantile,0.95,2,13,0.95,26,lumpy,1809,0.682221840500165,0.9048695914367556,0.2282785649683449,1.7303869843684818,0.7040966956502772,0.07983171510446915,0.3421779988944168,0.6392067260859076,0.7309339742192068,1.3874830617592262,2.1514315692996555
tsb,fixed,0.95,2,13,0.95,26,all,9383,0.8022185666899372,0.8988983945820779,0.21163752890114793,1.103606280333599,0.15004656757193496,0.0016603130455271648,0.16508579345625066,0.7874521107888239,0.8151570502990079,1.0024708629763546,1.2482128574842741
tsb,fixed,0.95,2,13,0.95,26,smooth,2094,0.865107179879515,0.8422332204567162,0.1865646738711913,0.7526222122198705,0.0518088156621742,0.0003353791355830662,0.04059216809933142,0.8517697528355519,0.8749656563706391,0.6377723822110678,0.9035431898470243
tsb,fixed,0.95,2,13,0.95,26,erratic,1202,0.7313104965249587,0.8236272878535773,0.20980656770130454,1.836908182517884,0.24528686125362523,0.0007072923084600605,0.03161397670549085,0.6923015609206705,0.770605005061098,1.4996500707306595,2.1917730865551723
tsb,fixed,0.95,2,13,0.95,26,intermittent,4278,0.61330830578693,0.9445365293892644,0.2504798464491363,0.8822486146286929,0.12373453318335208,0.007574973373727057,0.2538569424964937,0.5672462229598243,0.6521358499193527,0.7681595355115141,1.0388228002608708
tsb,fixed,0.95,2,13,0.95,26,lumpy,1809,0.6820609719188895,0.9065782200110558,0.22417847452517334,2.327225780417113,0.7628159090847123,0.008850498556272648,0.18794914317302377,0.6390579168344618,0.731361202497693,1.8106353430633706,2.965375648107369
tsb,dead13,0.95,2,13,0.95,26,all,9383,0.8021200583646901,0.8965440399949619,0.2165659351803026,1.0965618405414894,0.1483955680407948,0.0020824062937068503,0.14494298198870298,0.787349666474823,0.8150798753717988,0.9968220948042259,1.241183091782478
tsb,dead13,0.95,2,13,0.95,26,smooth,2094,0.864982080633065,0.8415168880784927,0.18741176168596144,0.7502522415710454,0.05064847300339403,0.00045576358631250796,0.027220630372492838,0.8516764289591922,0.874834113410898,0.6359487110912831,0.9003051276399321
tsb,dead13,0.95,2,13,0.95,26,erratic,1202,0.7312049305087707,0.8225306307669036,0.2111111111111111,1.8305300757580119,0.24364425404173887,0.0011285966821560803,0.04326123128119801,0.6921595150384682,0.7705596022187282,1.4966783930842453,2.184840412603192
tsb,dead13,0.95,2,13,0.95,26,intermittent,4278,0.6123237662776816,0.9408708402397042,0.2670345489443378,0.8545986966353132,0.11272241276588892,0.00725062741390455,0.22510518934081347,0.5661164413950541,0.6511294012040608,0.7443327119085471,1.008264456441419
tsb,dead13,0.95,2,13,0.95,26,lumpy,1809,0.6832633963992704,0.9045931956379718,0.22894181489297558,2.302163000771624,0.767980608519491,0.012776782573842769,0.15920398009950248,0.640706744723952,0.7320853285121257,1.7834179732232585,2.9368967806910624
tsb,dead26,0.95,2,13,0.95,26,all,9383,0.8024585687914482,0.9000271283656128,0.20927473329817872,1.1094624510144964,0.15239807074927622,0.0002648779412197838,0.06330597889800703,0.7877301870995966,0.8154367463743547,1.0087150324934093,1.25457640799564
tsb,dead26,0.95,2,13,0.95,26,smooth,2094,0.8651210099469617,0.8424285838325953,0.18633364992170856,0.7534344143626508,0.05206812942680029,6.726441894543222e-05,0.02148997134670487,0.8517768652967233,0.8749825020239635,0.6386068844448625,0.904823992717131
tsb,dead26,0.95,2,13,0.95,26,erratic,1202,0.7313632795330527,0.8236651036151867,0.20976158344579396,1.8387728622401875,0.2453269763397767,0.000129558292594448,0.014143094841930116,0.692312365822411,0.7706058393685415,1.500837019349739,2.193523020425244
tsb,dead26,0.95,2,13,0.95,26,intermittent,4278,0.6139754003142245,0.9460984317225551,0.243426103646833,0.9085160367224037,0.13353208149594797,0.0015550203463830824,0.1002805049088359,0.5678824706126093,0.6526729955905675,0.7918715142395698,1.0722976841160867
tsb,dead26,0.95,2,13,0.95,26,lumpy,1809,0.6842885927816359,0.9084878637117443,0.2195960205004522,2.36398288794549,0.7810573155668982,0.0008343353537336507,0.056937534549474846,0.6421754115141024,0.7330565238721687,1.8340328880128982,3.0028128907240355
tsb,none,0.99,2,13,0.95,26,all,9383,0.814678178276586,0.9196225281699011,0.1682553847401939,1.2205406375697618,0.17243028595673277,0.0,0.0,0.8000848264294556,0.8278327424333819,1.1172163047957009,1.373556535678326
tsb,none,0.99,2,13,0.95,26,smooth,2094,0.8757997079341211,0.8750759746461753,0.14772698103036683,0.8259624312504203,0.05606501891890363,0.0,0.0,0.8625260814102704,0.8858370699978132,0.7055462931991107,0.9846296359752147
tsb,none,0.99,2,13,0.95,26,erratic,1202,0.7445494346459988,0.8514975041597338,0.1766531713900135,1.966685284673158,0.26332387077951863,0.0,0.0,0.7057126395604073,0.7822015571488475,1.5974954531844299,2.332198514228395
tsb,none,0.99,2,13,0.95,26,intermittent,4278,0.6301581934160071,0.9586361511326448,0.1868042226487524,1.1421854476779358,0.21874443608659347,0.0,0.0,0.5846737894719813,0.6685240635508846,0.9860886887093674,1.362693819506505
tsb,none,0.99,2,13,0.95,26,lumpy,1809,0.7024312968461578,0.9241921704608271,0.18191136569189026,2.616331160244193,0.8687132422108251,0.0,0.0,0.6612085413017429,0.7492753450026401,2.0329463726982437,3.3012844016933363
tsb,quantile,0.99,2,13,0.95,26,all,9383,0.8136845377352558,0.9162557042233052,0.17530320853445827,1.0825101752134745,0.15579069747078383,0.018569714839294114,0.2972396887988916,0.7991058679935361,0.8267008677992435,0.9979318658726442,1.1928302357902958
tsb,quantile,0.99,2,13,0.95,26,smooth,2094,0.8751628961921424,0.8725796648432751,0.1506789537182021,0.7719176708657685,0.05011947292355682,0.0070552203161176235,0.15234001910219674,0.8620537114224804,0.8853160089289493,0.6820739779635434,0.8772901587875007
tsb,quantile,0.99,2,13,0.95,26,erratic,1202,0.7434678628255992,0.8484722432309787,0.1802519118308592,1.7687653190684856,0.25355056900082723,0.029761939036585344,0.2545757071547421,0.7044752155867486,0.7811697797980715,1.4481850232736628,2.0902371571981395
tsb,quantile,0.99,2,13,0.95,26,intermittent,4278,0.6281178042928683,0.9554485953504186,0.20119961612284068,1.0185176239473135,0.18098642577653254,0.017940242132310148,0.3291257597007948,0.5825118990956581,0.6671779671605972,0.8876402499381251,1.204586631302975
tsb,quantile,0.99,2,13,0.95,26,lumpy,1809,0.699832860270641,0.9191667923011206,0.19397045523063008,1.9028899086320992,0.764831401547065,0.08740071818278489,0.417910447761194,0.6578106335183342,0.747543339729608,1.5254963947342202,2.3553499297315525
tsb,fixed,0.99,2,13,0.95,26,all,9383,0.8142783737807854,0.9165754313894567,0.17463391879284468,1.2060294657306452,0.16562839555212028,0.0029041050309694255,0.24309922199722903,0.7996417797573339,0.8273811387160571,1.1030175305152279,1.3574629609086886
tsb,fixed,0.99,2,13,0.95,26,smooth,2094,0.8757764482752334,0.8746852478944169,0.14818902892933233,0.8241396912248851,0.055651499902246576,0.00041898817969280905,0.04727793696275072,0.8624983355234085,0.8858085018759888,0.7041646429926949,0.9822495223140172
tsb,fixed,0.99,2,13,0.95,26,erratic,1202,0.7444832159631172,0.8513084253516866,0.17687809266756635,1.963672814447573,0.26321619344300684,0.0008454878205608051,0.03494176372712146,0.7056452479753262,0.7821340169907207,1.5959081247054319,2.329100717335013
tsb,fixed,0.99,2,13,0.95,26,intermittent,4278,0.6283271339548814,0.9536954396701942,0.20911708253358924,1.0524221282155684,0.17409372908141083,0.017806823226851246,0.39738195418419825,0.5829106561548808,0.6669410651050376,0.9101126919758904,1.241563941736652
tsb,fixed,0.99,2,13,0.95,26,lumpy,1809,0.6995138496942134,0.9206492788582341,0.19041302381670183,2.5482810237785576,0.8323384020569367,0.012645906439923764,0.24322830292979547,0.6575746125781216,0.7471319463802919,1.9841404296739007,3.2296375609065517
tsb,dead13,0.99,2,13,0.95,26,all,9383,0.8142300151483913,0.9146376909885383,0.17869022025716952,1.1997882170510548,0.16428780669920295,0.0024656932319407376,0.14494298198870298,0.7997066158983542,0.8273578908990223,1.098112658859072,1.3513968556889904
tsb,dead13,0.99,2,13,0.95,26,smooth,2094,0.8756469485527777,0.8739472084744291,0.14906178607182277,0.8215676129995091,0.05425120557326573,0.0005076263392377245,0.027220630372492838,0.8623653313140259,0.8857040374579418,0.7020623750585293,0.978755599318131
tsb,dead13,0.99,2,13,0.95,26,erratic,1202,0.7443757305648165,0.8501739525034034,0.1782276203328835,1.9565355920622032,0.2611597674476632,0.0012696712674255903,0.04326123128119801,0.7055768618611307,0.7820602399416307,1.59259775224736,2.3212736384027255
tsb,dead13,0.99,2,13,0.95,26,intermittent,4278,0.6276416368199373,0.9507841387224276,0.22226487523992322,1.034711918678877,0.16722633597180722,0.009578557281566797,0.22510518934081347,0.5821753157719658,0.6661417059039444,0.8938236470362756,1.2237771554684413
tsb,dead13,0.99,2,13,0.95,26,lumpy,1809,0.7010925430596113,0.9190914116287251,0.1941513415737112,2.5263510915887544,0.8401004474327829,0.014418187420076944,0.15920398009950248,0.6596101576032888,0.7481965922866117,1.9622580315010645,3.204064324272229
tsb,dead26,0.99,2,13,0.95,26,all,9383,0.8146089239388364,0.9184841056843615,0.17063846185048473,1.215865770764958,0.17005470296655334,0.0003761226963977396,0.07289779388255356,0.8000213620207354,0.8277629608851349,1.1124758321707495,1.3681869907580313
tsb,dead26,0.99,2,13,0.95,26,smooth,2094,0.8757968790566888,0.8749457323955891,0.14788099699668866,0.8251822897185394,0.05596405942654254,8.2666084965648e-05,0.025310410697230182,0.8625205164713673,0.8858331118780087,0.7049614724764538,0.9838750611552904
tsb,dead26,0.99,2,13,0.95,26,erratic,1202,0.7445484749549425,0.8514596883981244,0.17669815564552407,1.9659175318281537,0.26327953305271967,0.00015930871533835828,0.016638935108153077,0.7057126395604073,0.7821998970589982,1.5973093533500395,2.331221278641468
tsb,dead26,0.99,2,13,0.95,26,intermittent,4278,0.6295486070376173,0.95659611543202,0.1960172744721689,1.109918775490487,0.2010116833555315,0.0023923389944355113,0.11383824216923796,0.584095216616448,0.667953648824295,0.9573037640517897,1.3147910458290395
tsb,dead26,0.99,2,13,0.95,26,lumpy,1809,0.702232256059156,0.92328760239208,0.18408200180886344,2.599475404829875,0.8581858931887153,0.0011478927579145978,0.0685461580983969,0.6610254469085549,0.7491067705290484,2.0209808595394194,3.282504939866055
tsb_nb,none,0.5,2,13,0.95,26,all,9383,0.7404522547063098,0.7933981184540707,0.4324828621263132,0.8155673402911389,0.10933329565472813,0.0,0.0,0.7241772421411441,0.7552463356356462,0.7269919348623204,0.9469661010786818
tsb_nb,none,0.5,2,13,0.95,26,smooth,2094,0.821213374681044,0.6982287053920292,0.356854993967708,0.5709227861048055,0.041534458556002664,0.0,0.0,0.8063180331355935,0.8324503431445115,0.4696100563255369,0.7144214891114994
tsb_nb,none,0.5,2,13,0.95,26,erratic,1202,0.6319498427066359,0.6367796097413402,0.43207377417903736,1.4164588935529874,0.19030385738223152,0.0,0.0,0.5865926709771573,0.6801638007664943,1.1291722460989695,1.7341586197789982
tsb_nb,none,0.5,2,13,0.95,26,intermittent,4278,0.5462883090533929,0.8844723532661821,0.5217370441458733,0.4760731595667106,0.0326770503380329,0.0,0.0,0.49400216849660716,0.5886822651636,0.39951071741107436,0.5705737381806506
tsb_nb,none,0.5,2,13,0.95,26,lumpy,1809,0.5782952838239825,0.7922508668777326,0.4985227615315044,1.6329578824241533,0.5582734166032736,0.0,0.0,0.5209268020201024,0.634420270537087,1.2740462454933763,2.0629195053317213
tsb_nb,quantile,0.5,2,13,0.95,26,all,9383,0.7402192178399174,0.7924970691676436,0.4343690423072243,0.7925621637283988,0.10835171492048885,0.004664717462202654,0.06565064478311841,0.7239249268377227,0.7550450235100186,0.7055255881437598,0.920302369967482
tsb_nb,quantile,0.5,2,13,0.95,26,smooth,2094,0.8210285546888014,0.6970131110532256,0.3582924763200452,0.5631097409565503,0.04090104146694268,0.001084717335423769,0.04011461318051576,0.8061733005503818,0.8322895477491339,0.4651501030097366,0.7099409057700945
tsb_nb,quantile,0.5,2,13,0.95,26,erratic,1202,0.6316878470482782,0.6362880048404175,0.4326585695006748,1.3939646948854223,0.1899702687710772,0.004370433070186045,0.05490848585690516,0.5864562290564699,0.6799489641949568,1.1118014189552556,1.6948327015149343
tsb_nb,quantile,0.5,2,13,0.95,26,intermittent,4278,0.5459570621157018,0.8838667176675592,0.52447216890595,0.4635938912543907,0.031664906917310186,0.0022911246523632397,0.05726975222066386,0.4936991402665037,0.5883527311892454,0.3875642203994502,0.5556397971907284
tsb_nb,quantile,0.5,2,13,0.95,26,lumpy,1809,0.5778426705275126,0.7907432534298207,0.5021404883931263,1.464239459699694,0.5524668787950671,0.0393691770345104,0.12216694306246545,0.5203939341767293,0.6339943510140179,1.1338642820592315,1.8560018463002326
tsb_nb,fixed,0.5,2,13,0.95,26,all,9383,0.7404064831612456,0.7932334105199926,0.43282764775078086,0.8148952946055648,0.10918750333336252,0.00018686730789284524,0.019609932857295106,0.7241366995463185,0.7552151684257382,0.7262758735236994,0.9465069320527955
tsb_nb,fixed,0.5,2,13,0.95,26,smooth,2094,0.8212105458036117,0.6981201701832074,0.35698334060630954,0.5707423665885687,0.041534458556002664,7.040761609241502e-05,0.012416427889207259,0.8063139760584976,0.8324477137262969,0.46941079205770253,0.7142081503430696
tsb_nb,fixed,0.5,2,13,0.95,26,erratic,1202,0.6319479233245233,0.6367796097413402,0.43207377417903736,1.4159368216183845,0.19030385738223152,0.00017946222751971685,0.0066555740432612314,0.5865906413994447,0.6801622883589354,1.128021181738663,1.7335732360404774
tsb_nb,fixed,0.5,2,13,0.95,26,intermittent,4278,0.5461410881921969,0.884259849547367,0.5226967370441459,0.47351749742938576,0.03221146436450045,0.0005037713844051702,0.02501168770453483,0.4937700301404048,0.588543129058778,0.3978593070467495,0.5678036502542959
tsb_nb,fixed,0.5,2,13,0.95,26,lumpy,1809,0.5778726629748691,0.7920247248605458,0.49906542056074765,1.6298277615545904,0.5568277806406933,0.0008425151121035884,0.02377003869541183,0.5202344056139729,0.6340665909720572,1.2715326127802953,2.0596655882024324
tsb_nb,dead13,0.5,2,13,0.95,26,all,9383,0.7402858850903371,0.7921579645974829,0.43507889506348113,0.8106393369414577,0.1090924975263465,0.0010258796295927765,0.07172546093999786,0.7240131025366302,0.7550700151150196,0.7226645829438967,0.941777713417208
tsb_nb,dead13,0.5,2,13,0.95,26,smooth,2094,0.821096762066891,0.6974038378049839,0.35783042842107965,0.5693247846752795,0.04149850038064117,0.0002898027769518154,0.022445081184336198,0.8062089823242458,0.8323353230054611,0.4684767165395017,0.7130030650805118
tsb_nb,dead13,0.5,2,13,0.95,26,erratic,1202,0.6319037775359356,0.6363636363636364,0.4325686009896536,1.4126546782059919,0.19018140080345333,0.0005700564874155712,0.024958402662229616,0.5865409730165958,0.6801148005014509,1.1235163599061395,1.7298744739666685
tsb_nb,dead13,0.5,2,13,0.95,26,intermittent,4278,0.5457615344094258,0.8829742020485358,0.5285028790786949,0.46239772175717303,0.03130053528585001,0.0022083129179404724,0.1005142589995325,0.4934101298476579,0.5881014685755436,0.38791540417897147,0.5538438136595326
tsb_nb,dead13,0.5,2,13,0.95,26,lumpy,1809,0.5777826856327998,0.7905924920850294,0.5025022610792885,1.6063191359993894,0.5572656703720973,0.007304524224354412,0.09176340519624102,0.5202399342117385,0.6338900840110715,1.2520611069035763,2.0320360071129078
tsb_nb,dead26,0.5,2,13,0.95,26,all,9383,0.7404498666256978,0.793369052348057,0.4325437066482781,0.8155114194034734,0.10933329565472813,2.1293718790771503e-05,0.005968240434828946,0.7241753204209528,0.7552429481625882,0.7269217234623057,0.9469143690496735
tsb_nb,dead26,0.5,2,13,0.95,26,smooth,2094,0.8212130603613294,0.6982069983502648,0.3568806632954283,0.5709174426696556,0.041534458556002664,1.5715985734914067e-06,0.0014326647564469914,0.8063180331355935,0.8324500771063909,0.4696050264207425,0.7144152619870808
tsb_nb,dead26,0.5,2,13,0.95,26,erratic,1202,0.6319498427066359,0.6367796097413402,0.43207377417903736,1.4164253043660184,0.19030385738223152,1.7274439012593068e-05,0.0033277870216306157,0.5865926709771573,0.6801638007664943,1.1291408620078025,1.7341025168662032
tsb_nb,dead26,0.5,2,13,0.95,26,intermittent,4278,0.5462676061197872,0.8844192273364784,0.5219769673704414,0.4756844044801149,0.0326770503380329,0.00013111857950271554,0.009350163627863487,0.4939636108501871,0.5886525807288706,0.3991478543185939,0.5701431133499518
tsb_nb,dead26,0.5,2,13,0.95,26,lumpy,1809,0.5782898306517359,0.7922508668777326,0.4985227615315044,1.6327942872567547,0.5582734166032736,7.361782532943977e-05,0.004975124378109453,0.5209264628945038,0.634400088432404,1.2739296890154341,2.062874871392075
tsb_nb,none,0.8,2,13,0.95,26,all,9383,0.8402326308926884,0.8951198008002867,0.21954731675658135,1.4039673183207972,0.17041458671478918,0.0,0.0,0.8245499134722472,0.8540735212281455,1.2861536005384302,1.5505756667587245
tsb_nb,none,0.8,2,13,0.95,26,smooth,2094,0.9010342375892432,0.8543240427194582,0.17226685833098032,0.9791225702300256,0.0553216527936422,0.0,0.0,0.8867314681464583,0.9119089931828466,0.8568986630649434,1.1319512729494774
tsb_nb,none,0.8,2,13,0.95,26,erratic,1202,0.7820675967992384,0.841778853426108,0.1882141250562303,2.3858265147283784,0.3055967263018689,0.0,0.0,0.7392554085137731,0.8247747415543295,2.0347725446751497,2.7655463008101084
tsb_nb,none,0.8,2,13,0.95,26,intermittent,4278,0.6349198681453162,0.9308194143397509,0.31242802303262956,1.000915529730563,0.08274778536118568,0.0,0.0,0.584270849293008,0.6757716241320276,0.8794845544226229,1.1631127706641904
tsb_nb,none,0.8,2,13,0.95,26,lumpy,1809,0.7214165160227833,0.8933614754510277,0.2558938800120591,2.777480579890337,0.8886402242344428,0.0,0.0,0.6772892559680305,0.7691838963635246,2.2027096937034503,3.461854756563599
tsb_nb,quantile,0.8,2,13,0.95,26,all,9383,0.8398785979419521,0.8935260093205313,0.22288362471098852,1.3599482264123308,0.16662004602627367,0.007845043817299096,0.11510177981455824,0.8242912701058438,0.8536140477741583,1.247670890883422,1.494801122376408
tsb_nb,quantile,0.8,2,13,0.95,26,smooth,2094,0.9007711519880408,0.8528479638794825,0.1740123726159612,0.9647260986574148,0.05345321068158973,0.0018702023024547742,0.06829035339063992,0.886537073358343,0.9116926625609412,0.846519566229966,1.1197223503715348
tsb_nb,quantile,0.8,2,13,0.95,26,erratic,1202,0.7817604956612367,0.8403418544849494,0.18992352676563204,2.3458812938938696,0.30378310214375787,0.0072360705641639845,0.08901830282861897,0.7388729339858823,0.8244226786750777,1.999215305010762,2.7163995967857564
tsb_nb,quantile,0.8,2,13,0.95,26,intermittent,4278,0.6343148824188387,0.9296400187003273,0.3177543186180422,0.9672364574060145,0.07745427527080588,0.005812923691287056,0.11126694717157551,0.5834067942432571,0.6751722874167538,0.8495616547348477,1.1249489529216756
tsb_nb,quantile,0.8,2,13,0.95,26,lumpy,1809,0.7204376716045141,0.8905472636815921,0.2626469701537534,2.4526678281923555,0.8642863569810149,0.06381302163000771,0.1956882255389718,0.6762083559512332,0.7680118124055649,1.967183662533542,3.0094003235098126
tsb_nb,fixed,0.8,2,13,0.95,26,all,9383,0.839918001272051,0.8941363975468206,0.2216058897497262,1.398673142610602,0.16890193665377368,0.0011462786937835874,0.08025151870403922,0.824183110771234,0.8535702813158799,1.2812574705312567,1.5433992418074676
tsb_nb,fixed,0.8,2,13,0.95,26,smooth,2094,0.9010175786443643,0.8540635582182861,0.172574890263624,0.9781742676507809,0.055317503773408175,0.0004347041654277231,0.022445081184336198,0.8867235593771615,0.9118930439489176,0.856119945177608,1.1311337058874202
tsb_nb,fixed,0.8,2,13,0.95,26,erratic,1202,0.782051282051282,0.8417032219028892,0.18830409356725147,2.3834474405999218,0.3055967263018689,0.0008627622595733981,0.02329450915141431,0.7392525311812868,0.8247468221108317,2.0326583739877426,2.7644910400872784
tsb_nb,fixed,0.8,2,13,0.95,26,intermittent,4278,0.6344022948051738,0.9296293935143864,0.31780230326295583,0.9833755443146294,0.07759597534970705,0.0028846087490597416,0.11594202898550725,0.5838026637027179,0.6752785181397889,0.8638226209347083,1.1431626333161933
tsb_nb,fixed,0.8,2,13,0.95,26,lumpy,1809,0.7179101262682034,0.8914267048595407,0.2605366294844739,2.7407207457758362,0.8740578963297424,0.006063927538247187,0.10060807075732449,0.6733326937028555,0.7666172417979064,2.1733613091821993,3.4287671134111455
tsb_nb,dead13,0.8,2,13,0.95,26,all,9383,0.8399490463200076,0.8923682094309825,0.22530726483592262,1.3934297136134128,0.16880780647631544,0.0018577277094565603,0.12320153469039753,0.8242935888631107,0.8537517551601961,1.2755380630341138,1.5380922402367971
tsb_nb,dead13,0.8,2,13,0.95,26,smooth,2094,0.9008849357247616,0.8533255187982982,0.17344764740611443,0.9765369762569174,0.055081701123441525,0.0004403619202922922,0.025310410697230182,0.886627193242008,0.9117380156085263,0.8549078629214679,1.1289161560967593
tsb_nb,dead13,0.8,2,13,0.95,26,erratic,1202,0.7819869827505129,0.8409090909090909,0.18924876293297346,2.379243993773524,0.30505622829898593,0.000969287966817722,0.039101497504159734,0.7391691734203661,0.8247076696527792,2.0303258646029665,2.761352681945065
tsb_nb,dead13,0.8,2,13,0.95,26,intermittent,4278,0.6336339859358071,0.9267499681244422,0.33080614203454894,0.963707757389222,0.07362331242337039,0.005007809606621259,0.19214586255259467,0.5828617228281904,0.674465214819974,0.8450589544002503,1.1248964152268464
tsb_nb,dead13,0.8,2,13,0.95,26,lumpy,1809,0.7205794540829263,0.890446756118398,0.2628881519445282,2.7183382002895637,0.8810581335427352,0.012943104327364837,0.12935323383084577,0.6765442917829881,0.7681375939731473,2.1508335610985094,3.4023191883556967
tsb_nb,dead26,0.8,2,13,0.95,26,all,9383,0.8402214865164989,0.8949405598132019,0.2199225246420314,1.403408507457578,0.17026310280129817,0.00010368249990646684,0.026643930512629223,0.8245395620226328,0.8540645092987421,1.2856157592743447,1.549857156354817
tsb_nb,dead26,0.8,2,13,0.95,26,smooth,2094,0.9010329803103845,0.8542589215941652,0.17234386631414123,0.979076365231965,0.0553216527936422,9.429591440948441e-06,0.0033428844317096467,0.886730640161814,0.911905291909587,0.8568532351165418,1.1319240038676843
tsb_nb,dead26,0.8,2,13,0.95,26,erratic,1202,0.7820666371081821,0.8417410376644986,0.1882591093117409,2.385657609102478,0.3055967263018689,5.0863625981524026e-05,0.009151414309484194,0.739253342313262,0.8247730805585348,2.0346295806771106,2.765483991907196
tsb_nb,dead26,0.8,2,13,0.95,26,intermittent,4278,0.6348324557589811,0.9305112839474691,0.31381957773512476,0.9969382661523137,0.08176094552598104,0.0006601935494259536,0.04417952314165498,0.5841657418627382,0.6756694123886291,0.8755700651744683,1.1589955260684472
tsb_nb,dead26,0.8,2,13,0.95,26,lumpy,1809,0.7213810704031803,0.8932609678878336,0.2561350618028339,2.7754192807811124,0.8877344523242783,0.0004117145046202002,0.02377003869541183,0.677261910721312,0.7691440588474381,2.20158973174163,3.460123069053051
tsb_nb,none,0.9,2,13,0.95,26,all,9383,0.8756154282743969,0.9293693623865211,0.14785218837464,1.8880957365596833,0.23176951201164747,0.0,0.0,0.8604753732407796,0.8881721177667177,1.7479367033676654,2.050495421473508
tsb_nb,none,0.9,2,13,0.95,26,smooth,2094,0.9267804797398942,0.9045541373621603,0.1128680339861899,1.2897012516839679,0.06632831197111778,0.0,0.0,0.9124886381142746,0.9380248115817792,1.1494807356692127,1.4529423469781746
tsb_nb,none,0.9,2,13,0.95,26,erratic,1202,0.8364571277214439,0.9055362274996218,0.1123706702654071,3.264382410014568,0.43533313755635783,0.0,0.0,0.802001001879919,0.8710513249858552,2.826296354344468,3.703974462029481
tsb_nb,none,0.9,2,13,0.95,26,intermittent,4278,0.6693534473834942,0.9473840792213863,0.23761996161228408,1.3942390636753228,0.12849666797785247,0.0,0.0,0.6198688720375213,0.7094947332113218,1.2293838554155176,1.6068379749479547
tsb_nb,none,0.9,2,13,0.95,26,lumpy,1809,0.7875171434102504,0.9313282074476105,0.1647874585468797,3.754097377296808,1.2109630574846153,0.0,0.0,0.7451590491617883,0.8249156236368761,3.021687487991055,4.603434919800955
tsb_nb,quantile,0.9,2,13,0.95,26,all,9383,0.8751694542200966,0.9274800654956256,0.1518070823023567,1.8244716968665995,0.22421370455781106,0.010615615340711442,0.1468613449856123,0.8598266076270088,0.8875595345589158,1.6926542969408822,1.9730735942826791
tsb_nb,quantile,0.9,2,13,0.95,26,smooth,2094,0.9264510726788904,0.9029695233133629,0.11474189490977231,1.2700612986307604,0.06315638600221155,0.0025466183284854754,0.08070678127984718,0.9121796779268944,0.9376759511840324,1.1390543853227886,1.4300373811664098
tsb_nb,quantile,0.9,2,13,0.95,26,erratic,1202,0.8361106792501358,0.9039857812736348,0.11421502474134053,3.2036704344137537,0.43068823284408275,0.010603626480563377,0.11730449251247921,0.8016443396339467,0.8706325982652451,2.783135362871113,3.6451423869119317
tsb_nb,quantile,0.9,2,13,0.95,26,intermittent,4278,0.6686196434034702,0.94588592800374,0.24438579654510556,1.3402527138095468,0.11725175457362308,0.00907248557120544,0.14726507713884993,0.6188680599906133,0.7089459842028963,1.1780336452883189,1.5391654129347727
tsb_nb,quantile,0.9,2,13,0.95,26,lumpy,1809,0.786118404728991,0.9279360771898085,0.1729273439855291,3.289233529374876,1.161481517835963,0.08247377705795904,0.24212271973466004,0.7439152284481578,0.8233014097621786,2.693826574096163,3.988297224059944
tsb_nb,fixed,0.9,2,13,0.95,26,all,9383,0.8748709441435905,0.9274074002305911,0.1519591936072689,1.87425243126507,0.22663876061800342,0.002812561940840875,0.13609719705851006,0.8596901953021394,0.8871236244211647,1.733169066702121,2.0318427888753336
tsb_nb,fixed,0.9,2,13,0.95,26,smooth,2094,0.9267474761698509,0.9041199965268734,0.11338142054059604,1.2873941449780824,0.06607383873009806,0.0007628539475727289,0.027698185291308502,0.9124315048446605,0.9379818634806243,1.147661263363045,1.4507067041114634
tsb_nb,fixed,0.9,2,13,0.95,26,erratic,1202,0.8363506020141996,0.9051580698835274,0.11282051282051282,3.257673209840288,0.4352655753059975,0.001988479868560713,0.045757071547420966,0.8018187628388775,0.8708764681191743,2.817094716612374,3.6942304158161354
tsb_nb,fixed,0.9,2,13,0.95,26,intermittent,4278,0.6682791951619544,0.9449721620128352,0.24851247600767754,1.359538646626227,0.11735296891569535,0.006095863783898178,0.19378214118747078,0.6187495299623744,0.7084080798386125,1.1989417875665993,1.5639729137867016
tsb_nb,fixed,0.9,2,13,0.95,26,lumpy,1809,0.7791792430451604,0.9276094276094276,0.17371118480554718,3.644635850790301,1.1562748289748854,0.019042477485215085,0.18518518518518517,0.7372683542570694,0.8169078112164944,2.932469643451757,4.509389845217113
tsb_nb,dead13,0.9,2,13,0.95,26,all,9383,0.8752367184906694,0.925687655624776,0.15555916115685717,1.8715604673951374,0.22769608330898816,0.0025415147913732975,0.14004049877437919,0.860084038857876,0.8878002716456155,1.7340298831767502,2.028454078809901
tsb_nb,dead13,0.9,2,13,0.95,26,smooth,2094,0.926609804134813,0.9032951289398281,0.11435685499396771,1.2858300900777437,0.06529589743621982,0.0005510024598660872,0.02626552053486151,0.9122427166512268,0.937927833339533,1.146289683724201,1.4483855102297902
tsb_nb,dead13,0.9,2,13,0.95,26,erratic,1202,0.8362575119817428,0.9040992285584631,0.11408007197480882,3.253301817079046,0.43347728699177157,0.0014769645355767072,0.04159733777038269,0.8017094515476807,0.8708023457711719,2.8169016452325577,3.69178215532279
tsb_nb,dead13,0.9,2,13,0.95,26,intermittent,4278,0.6676213019384847,0.9419546092056611,0.2621401151631478,1.3351988976838018,0.10833477103705594,0.006894076890695411,0.2211313697989715,0.6179729758349111,0.70789576314478,1.176321365088795,1.5291522982228543
tsb_nb,dead13,0.9,2,13,0.95,26,lumpy,1809,0.7864292355470486,0.9274837931554349,0.17401266204401566,3.6625904204123145,1.1932795105232592,0.01767373125131217,0.14538419016030957,0.7440052952604526,0.8236977838672181,2.9538377535818867,4.508143603214733
tsb_nb,dead26,0.9,2,13,0.95,26,all,9383,0.8755871693204876,0.9288897716372937,0.14885612298706039,1.8864628864411948,0.23127127879328696,0.0002332358731101327,0.04689331770222743,0.860447035296271,0.8881459024235708,1.7466643864863423,2.0486902768710444
tsb_nb,dead26,0.9,2,13,0.95,26,smooth,2094,0.926778593821606,0.9044456021533386,0.11299638062479143,1.2893677584666732,0.06632831197111778,4.400476005775939e-05,0.004775549188156638,0.9124850240825614,0.9380209375052951,1.149167320766036,1.4528734311656102
tsb_nb,dead26,0.9,2,13,0.95,26,erratic,1202,0.8364561680303877,0.9054984117380124,0.11241565452091767,3.2637864418686338,0.43533313755635783,0.00013051798365070318,0.010815307820299502,0.8019999567590314,0.871049664896006,2.8255922867621712,3.7029629707717184
tsb_nb,dead26,0.9,2,13,0.95,26,intermittent,4278,0.6691211144619192,0.9465446895320668,0.24141074856046066,1.3843430614118022,0.12536408409071567,0.0013042848171585914,0.08298270219728845,0.6195888135998036,0.709255526630347,1.2203460742648458,1.5945941971571935
tsb_nb,dead26,0.9,2,13,0.95,26,lumpy,1809,0.7874244394820576,0.930976430976431,0.1656315948145915,3.7480416295169308,1.207849841449017,0.0008970468345698402,0.03427307904919845,0.7450962174556636,0.8247904374881659,3.017158863654926,4.598768023508909
tsb_nb,none,0.95,2,13,0.95,26,all,9383,0.8986687644628132,0.9485626810576188,0.10767452237050258,2.3878266794773926,0.3144013599323059,0.0,0.0,0.8845043716273926,0.9094507073231209,2.221119589304103,2.593077975209675
tsb_nb,none,0.95,2,13,0.95,26,smooth,2094,0.9420661617853863,0.9313189198576018,0.08121775290705137,1.5919259437606594,0.0793265008609217,0.0,0.0,0.927612020768245,0.9534718064873312,1.4314582026929794,1.7736291138310978
tsb_nb,none,0.95,2,13,0.95,26,erratic,1202,0.8736202041838691,0.9380955982453487,0.07363922627080521,4.207256799890979,0.6302417845647129,0.0,0.0,0.8456585344369658,0.9016094589444942,3.6526443473830574,4.771441107937671
tsb_nb,none,0.95,2,13,0.95,26,intermittent,4278,0.6941394595614199,0.9576055080963917,0.1914587332053743,1.7819751058725022,0.18232751580899015,0.0,0.0,0.6439412340670402,0.7337494397625544,1.5744837723313427,2.0402644903246716
tsb_nb,none,0.95,2,13,0.95,26,lumpy,1809,0.8358104368263628,0.954093170511081,0.1101597829363883,4.840838261637752,1.6127838716977634,0.0,0.0,0.8013286419822825,0.8687520875756521,3.983685749696588,5.921876020142807
tsb_nb,quantile,0.95,2,13,0.95,26,all,9383,0.898077714511331,0.9462373925765165,0.11254208412769237,2.2983029105130472,0.29997886548658337,0.01398340602385374,0.18139187892997974,0.8839050568044812,0.9088609364138059,2.1384944523360088,2.4805207355833963
tsb_nb,quantile,0.95,2,13,0.95,26,smooth,2094,0.941738326322956,0.9294304072241035,0.08345098441871808,1.5653568125969284,0.07386085820597624,0.003321102105502041,0.0936007640878701,0.9272997820183285,0.9529834613353101,1.4111089490568436,1.7399701446285971
tsb_nb,quantile,0.95,2,13,0.95,26,erratic,1202,0.8730942934850413,0.936393888972924,0.07566351776878093,4.115226266360333,0.6186801944717956,0.015302273891988691,0.14392678868552414,0.8451686054002732,0.9012212438888739,3.5863952137848196,4.654760840757615
tsb_nb,quantile,0.95,2,13,0.95,26,intermittent,4278,0.6927845675732252,0.9556504738832929,0.20028790786948178,1.7010151338444657,0.16079416453311435,0.012971538066944085,0.18373071528751753,0.6429505136306075,0.7329561729508803,1.495036704329599,1.9396671012676463
tsb_nb,quantile,0.95,2,13,0.95,26,lumpy,1809,0.8336564337889458,0.9499723604201216,0.12004823635815495,4.202181814215875,1.520964993360763,0.10392655667618245,0.3023770038695412,0.7982729343853892,0.8664195506150459,3.48970397441176,5.093726235690331
tsb_nb,fixed,0.95,2,13,0.95,26,all,9383,0.8964942180588248,0.9451571023030044,0.11480347219405346,2.347544933726783,0.2957937940153108,0.007775590472832001,0.20228072045188106,0.8824828375434948,0.9073291771387879,2.178438175553828,2.5385775576860117
tsb_nb,fixed,0.95,2,13,0.95,26,smooth,2094,0.9420246715830461,0.9307328297299644,0.08191082475549966,1.586850937647141,0.07806519870978045,0.0011815278075508397,0.03533906399235912,0.9275455006499647,0.9534419272503173,1.4274476594155376,1.7697957983684887
tsb_nb,fixed,0.95,2,13,0.95,26,erratic,1202,0.8725069625586132,0.9369611253970656,0.07498875393612235,4.16409277525379,0.6163366289124205,0.008044130433530838,0.08735440931780367,0.8444161268354964,0.9008555905618593,3.612626617757923,4.704276260175357
tsb_nb,fixed,0.95,2,13,0.95,26,intermittent,4278,0.6924855251989207,0.9540354456202984,0.20758157389635318,1.7182422749303576,0.15779315929067148,0.01159134249323129,0.27349228611500703,0.6422772059007928,0.7320777161666238,1.5188745505005699,1.9662458698238778
tsb_nb,fixed,0.95,2,13,0.95,26,lumpy,1809,0.8115001949509079,0.9463038343635358,0.12885137172143504,4.531138976821292,1.4373700440888977,0.05969042341155909,0.3034825870646766,0.7733599703130589,0.8449488757982978,3.7044989054246305,5.598977772456382
tsb_nb,dead13,0.95,2,13,0.95,26,all,9383,0.8982026907300282,0.9441204111885131,0.11697359347746725,2.362603374039494,0.3058950565935304,0.0033564473002350667,0.1427048918256421,0.8839966298884396,0.9089812618583265,2.197034434230434,2.5633314737412416
tsb_nb,dead13,0.95,2,13,0.95,26,smooth,2094,0.9418854279494348,0.9299513762264479,0.08283492055343071,1.5855509113071489,0.07629010955299337,0.0006795592231776843,0.02626552053486151,0.9273600920260956,0.9533006587649344,1.4267460648250594,1.7675365064197253
tsb_nb,dead13,0.95,2,13,0.95,26,erratic,1202,0.8733092642816425,0.9365829677809712,0.07543859649122807,4.186963172815407,0.6246678989099829,0.00231093606346245,0.042429284525790346,0.8454062947224024,0.9014527896068917,3.638997576877171,4.754378030915603
tsb_nb,dead13,0.95,2,13,0.95,26,intermittent,4278,0.6919702521847346,0.9509116409537167,0.22168905950095968,1.6987838176669634,0.1492658509710826,0.008814849064112385,0.2246376811594203,0.6417742208344541,0.7316777108926625,1.4988247554839693,1.9318669567505171
tsb_nb,dead13,0.95,2,13,0.95,26,lumpy,1809,0.8344471437647065,0.9494698226041509,0.12125414531202894,4.706818373918568,1.5776027309486613,0.02307782494771771,0.15035931453841903,0.7996250715569599,0.8672345430159348,3.849195441353981,5.744458205430549
tsb_nb,dead26,0.95,2,13,0.95,26,all,9383,0.8986214008640075,0.9478263397052696,0.10921591692694602,2.3842047572157847,0.3131474584056059,0.00041851112726161183,0.05435361824576362,0.8844539473369402,0.9094006794917977,2.217719839363567,2.588613788849463
tsb_nb,dead26,0.95,2,13,0.95,26,smooth,2094,0.9420642758670981,0.93121038464878,0.0813460995456529,1.5907921925497426,0.0793265008609217,0.00013201428017327817,0.0071633237822349575,0.9276084386984332,0.953470804998223,1.4308087896034969,1.773481414871394
tsb_nb,dead26,0.95,2,13,0.95,26,erratic,1202,0.8736192444928129,0.9380577824837393,0.07368421052631578,4.205710737599352,0.6302417845647129,0.00029654453638284763,0.011647254575707155,0.8456575463207107,0.9016078266891191,3.6509494933118156,4.7706672546651365
tsb_nb,dead26,0.95,2,13,0.95,26,intermittent,4278,0.6937576054526926,0.9562879850397382,0.1974088291746641,1.7638554383156093,0.17457955792335775,0.0018448614168627695,0.0949041608228144,0.6435880571171496,0.7333282210567573,1.558553309982018,2.0174122592611883
tsb_nb,dead26,0.95,2,13,0.95,26,lumpy,1809,0.8356332087283475,0.9535403789135133,0.11148628278564969,4.82691903947824,1.604787885232537,0.0015596072625347981,0.04145936981757877,0.8010499934455436,0.8685902002154218,3.9720736066525264,5.906792301831308
tsb_nb,none,0.99,2,13,0.95,26,all,9383,0.928853108365526,0.9688605117572399,0.0651847645317,3.6415871104144992,0.6830208264510177,0.0,0.0,0.9139431247057821,0.9380604549676849,3.368093458269406,3.9507785298247278
tsb_nb,none,0.99,2,13,0.95,26,smooth,2094,0.9617322033749136,0.9613180515759312,0.045742741997587086,2.270232602875271,0.12514343980180256,0.0,0.0,0.9485900788091559,0.9725058879379574,2.0249621692795245,2.4843887309085004
tsb_nb,none,0.99,2,13,0.95,26,erratic,1202,0.9232976520198618,0.9685751021025564,0.03738191632928475,6.701601340496468,1.6292890032840626,0.0,0.0,0.9009689214551629,0.9386804363271343,5.830568601697138,7.60550351496283
tsb_nb,none,0.99,2,13,0.95,26,intermittent,4278,0.7330103675690846,0.9695800926516214,0.13738003838771592,2.676095702761081,0.3391388959815606,0.0,0.0,0.6847150244701092,0.7729087824597005,2.3752796966888465,3.0454033423579956
tsb_nb,none,0.99,2,13,0.95,26,lumpy,1809,0.8915582167036119,0.976079199959797,0.057401266204401565,7.988057552779892,3.241517726899681,0.0,0.0,0.8620519907794512,0.9219603018517664,6.57823859376965,9.819203064630335
tsb_nb,quantile,0.99,2,13,0.95,26,all,9383,0.9279096175170489,0.965493687810644,0.07223258832596438,3.4208403018852307,0.6000150847091995,0.030531013604895248,0.3175956517105403,0.9130981723907602,0.9371785384096635,3.185020036061101,3.6923457833360414
tsb_nb,quantile,0.99,2,13,0.95,26,smooth,2094,0.9613009567263476,0.9593427107753756,0.04807865082013502,2.214500574262119,0.10502414918368028,0.006408664662983259,0.1308500477554919,0.9482409879484097,0.9722025244174352,1.984803311763828,2.4230483445091466
tsb_nb,quantile,0.99,2,13,0.95,26,erratic,1202,0.9224502448171884,0.9667977613069128,0.0394961763382816,6.393142239650212,1.4989508657373019,0.045570929806276764,0.27287853577371046,0.9005678093772593,0.9379360666058965,5.572245928797268,7.251191711122749
tsb_nb,quantile,0.99,2,13,0.95,26,intermittent,4278,0.730091253930682,0.9664137872412767,0.15167946257197698,2.4977652333335634,0.2665732734328455,0.024427161328760286,0.34315100514259,0.6798241398769495,0.7713366290524668,2.2055960191077517,2.8449910672687997
tsb_nb,quantile,0.99,2,13,0.95,26,lumpy,1809,0.8882399613915405,0.969571335242977,0.07301778715706964,6.534803508571024,2.7351012517756894,0.20428673870307204,0.5030403537866225,0.8588997836348928,0.9183939922724565,5.4304311470595685,7.953018218151288
tsb_nb,fixed,0.99,2,13,0.95,26,all,9383,0.9229300714274911,0.9606444924573455,0.08238348274043727,3.3926908016707014,0.5308079513532059,0.049499139892966226,0.343706703612917,0.9077620748265127,0.932392766999561,3.1591789148947926,3.6602322740509408
tsb_nb,fixed,0.99,2,13,0.95,26,smooth,2094,0.961669339431974,0.9606234262394721,0.04656416048463691,2.2506159094809512,0.11694290130926734,0.0029002280075210423,0.06303724928366762,0.9485336773538763,0.9724388282744081,2.005708694863917,2.47276006424961
tsb_nb,fixed,0.99,2,13,0.95,26,erratic,1202,0.9162871088539177,0.9615413704432008,0.045748987854251015,6.20679518849292,1.3393920549096834,0.0947195878702728,0.24459234608985025,0.893071909285145,0.9336462283954908,5.413781510748665,7.043580794390328
tsb_nb,fixed,0.99,2,13,0.95,26,intermittent,4278,0.7300521483894268,0.9630456032980577,0.16689059500959694,2.510090379806819,0.2584913082183745,0.034741822916307244,0.4324450677886863,0.6812954835255501,0.769907444084366,2.2118457728441725,2.851279169163246
tsb_nb,fixed,0.99,2,13,0.95,26,lumpy,1809,0.8343762525255004,0.9543946932006634,0.10943623756406391,6.350666241319232,2.1464094950635157,0.34274005545876174,0.5245992260917635,0.7983159283624968,0.8655465963521994,5.332870422637747,7.754428139179974
tsb_nb,dead13,0.99,2,13,0.95,26,all,9383,0.9282290232989104,0.9633621733696337,0.0766945199367217,3.5805055805463772,0.6504784917519676,0.005973783651040924,0.14483640626665245,0.9133075482486414,0.9375231557419973,3.318715788359627,3.87426056343604
tsb_nb,dead13,0.99,2,13,0.95,26,smooth,2094,0.9615420399475212,0.9598419727359555,0.04748825628256796,2.250911370012768,0.11059628335796552,0.0011755557329715723,0.027220630372492838,0.948426554181035,0.9723493425836538,2.0066994047093925,2.47325919556699
tsb_nb,dead13,0.99,2,13,0.95,26,erratic,1202,0.9228206855649029,0.96698684011496,0.039271255060728746,6.643141759804683,1.59979596968144,0.005504787898679657,0.04326123128119801,0.9008547751658154,0.9384779114898845,5.793733560983853,7.521427346753336
tsb_nb,dead13,0.99,2,13,0.95,26,intermittent,4278,0.7300705509970763,0.961260572060011,0.17495201535508637,2.523554187628387,0.2598981875731791,0.013210771966387638,0.22510518934081347,0.681377176920634,0.7699953722564714,2.2229528444478306,2.879135088282
tsb_nb,dead13,0.99,2,13,0.95,26,lumpy,1809,0.8894969175943876,0.9699984923865521,0.07199276454627676,7.665682369076151,3.0995634735616577,0.04035074803890293,0.15865118850193477,0.8598822394145083,0.9198502336464324,6.324887636812571,9.429729564420256
tsb_nb,dead26,0.99,2,13,0.95,26,all,9383,0.9287707195844103,0.9676542683576681,0.06770981219324221,3.6271155409121993,0.6771764369678063,0.001277026107293278,0.066183523393371,0.9138762867504766,0.9379957386836822,3.3580522577604874,3.932264406699238
tsb_nb,dead26,0.99,2,13,0.95,26,smooth,2094,0.961729688817196,0.9612095163671095,0.04587108863618862,2.264183519965903,0.12504386331618614,0.0006465556531343648,0.01862464183381089,0.9485864295649499,0.9725057962408779,2.0173789469910366,2.482730375791688
tsb_nb,dead26,0.99,2,13,0.95,26,erratic,1202,0.9232966923288055,0.9685372863409469,0.03742690058479532,6.695783693313449,1.6292890032840626,0.0011218788447622942,0.012479201331114808,0.9009689214551629,0.9386781766995224,5.828069340966183,7.5950457655109
tsb_nb,dead26,0.99,2,13,0.95,26,intermittent,4278,0.7323731772792205,0.9674763058353522,0.1468809980806142,2.6306021563255513,0.3170438051071837,0.003650617292470343,0.10916316035530622,0.6840072760757793,0.7722129287017505,2.327186968746274,2.997658415028324
tsb_nb,dead26,0.99,2,13,0.95,26,lumpy,1809,0.8912092136798279,0.974948489873863,0.06011456135061803,7.912708345262147,3.188497078462969,0.004373444141793385,0.055279159756771695,0.8617703822090373,0.9216473447054827,6.5139983598029065,9.754962448433316
ets,none,0.5,2,13,0.95,26,all,9383,0.7792639378334855,0.8494472595506379,0.31515434227071754,1.1530071109080358,0.19408766962337584,0.0,0.0,0.7651393809397112,0.7924862911335018,1.0237742126570641,1.3341298713676597
ets,none,0.5,2,13,0.95,26,smooth,2094,0.8379905037727795,0.745636884605366,0.3007931822265575,0.719540376567591,0.05856272909978205,0.0,0.0,0.8242827157242449,0.848126242567622,0.5868063627122614,0.9257176147711657
ets,none,0.5,2,13,0.95,26,erratic,1202,0.7155590872186426,0.7545757071547421,0.2919478182636077,2.144978608486356,0.3572438440617196,0.0,0.0,0.6792406495673848,0.7549704370289922,1.6925963292819473,2.6691739166252275
ets,none,0.5,2,13,0.95,26,intermittent,4278,0.5993982347298612,0.9198754728207743,0.361852207293666,0.7811906947214421,0.14087012129618767,0.0,0.0,0.5507122146928917,0.6437727707235377,0.6715209897716848,0.9031798268168699
ets,none,0.5,2,13,0.95,26,lumpy,1809,0.6640246047131768,0.8660987989346198,0.32131444075972265,2.535558772927181,0.9692419272601354,0.0,0.0,0.6189349593254078,0.7100738669590999,1.9129335992723497,3.2461057051922126
ets,quantile,0.5,2,13,0.95,26,all,9383,0.7792086139659731,0.8493213064245783,0.3154180018658987,1.1461662549881035,0.19048751869668112,0.0005333380033576414,0.017265266972183738,0.7651057486256582,0.7924445107287417,1.016391466693072,1.327991455946554
ets,quantile,0.5,2,13,0.95,26,smooth,2094,0.837984846017915,0.745636884605366,0.3007931822265575,0.7186467656187038,0.058266765656422144,7.135057523650987e-05,0.002387774594078319,0.8242766992108702,0.848115650053838,0.5865761902170052,0.925105358178523
ets,quantile,0.5,2,13,0.95,26,erratic,1202,0.7155590872186426,0.7545757071547421,0.2919478182636077,2.141854814098245,0.35675190642628324,0.0002744716420889787,0.0016638935108153079,0.6792406495673848,0.7549704370289922,1.692585215486156,2.6660225440859855
ets,quantile,0.5,2,13,0.95,26,intermittent,4278,0.599333825603088,0.9196417187300778,0.36290786948176584,0.7745611553157082,0.13729725502103649,0.0006440912677326377,0.03225806451612903,0.5506031554169836,0.6437148015238598,0.666096663333683,0.8966232817927531
ets,quantile,0.5,2,13,0.95,26,lumpy,1809,0.6633920367325683,0.8659982913714257,0.3215556225504974,2.4663171183256583,0.9281162834449871,0.005145068014690846,0.009397457158651189,0.6184466785199291,0.7086285103689327,1.8606489129687185,3.1849541691525047
ets,fixed,0.5,2,13,0.95,26,all,9383,0.7791218470370685,0.8472527685465978,0.3197481036790654,1.1431049346501743,0.18692939798875852,0.0029777375165076073,0.2802941489928594,0.7649800916636451,0.7923465803861219,1.0139056305779337,1.3243885975563934
ets,fixed,0.5,2,13,0.95,26,smooth,2094,0.8379823314601974,0.7454415212294869,0.30102420617604025,0.7191638215493825,0.05844171600962321,0.0001565312179197441,0.038204393505253106,0.8242753794239638,0.8481222865124192,0.586535219622378,0.9253295495812344
ets,fixed,0.5,2,13,0.95,26,erratic,1202,0.7155562081454738,0.7545378913931327,0.2919928025191183,2.141873048228314,0.35651121590937446,0.0004990393492526886,0.028286189683860232,0.6792359591913315,0.7549674122138744,1.690586825416381,2.666782646109991
ets,fixed,0.5,2,13,0.95,26,intermittent,4278,0.5982204678402929,0.9157741510476434,0.3803742802303263,0.7032740539334424,0.07879536530326346,0.02470780109541522,0.46797568957456753,0.5492684437792107,0.6425471879074492,0.6031590263006316,0.8127286609828709
ets,fixed,0.5,2,13,0.95,26,lumpy,1809,0.6635529053138437,0.8646665661591035,0.32475128127826347,2.504333908643005,0.9478753077634088,0.008735981939093519,0.2841348811498065,0.6185483218931985,0.7095955465729673,1.8899209877992165,3.2063394071204088
ets,dead13,0.5,2,13,0.95,26,all,9383,0.7788625412839436,0.8443752240512339,0.3257717113535878,1.1357968109571508,0.18524600016398154,0.001656730924609091,0.14494298198870298,0.7646525686182134,0.7921627053456132,1.0075878643971083,1.318284025183376
ets,dead13,0.5,2,13,0.95,26,smooth,2094,0.8378572322137474,0.744768602934792,0.30181995533536976,0.7169598117099182,0.058158891130337696,0.0004350184851424214,0.027220630372492838,0.8241613568804225,0.8479463182565815,0.5848389142529409,0.9232936060547007
ets,dead13,0.5,2,13,0.95,26,erratic,1202,0.7154899894625922,0.7535546815912872,0.2931623931623932,2.1394152794332446,0.35676457434822584,0.0007821482108479639,0.04326123128119801,0.6791075537009609,0.7549080345315141,1.6843885273153563,2.6661483785660858
ets,dead13,0.5,2,13,0.95,26,intermittent,4278,0.5968448729184925,0.9113434485103489,0.400383877159309,0.6724933923136909,0.0641243464198877,0.0047133678842291955,0.22510518934081347,0.5477680837940326,0.641233334282807,0.5758412213035228,0.7777592554711245
ets,dead13,0.5,2,13,0.95,26,lumpy,1809,0.6629039778164953,0.8616513392632795,0.3319867350015074,2.4667915443111146,0.9439343001807726,0.011116291624745405,0.15920398009950248,0.617923013053833,0.7088364802291182,1.853201020449899,3.161498649894898
ets,dead26,0.5,2,13,0.95,26,all,9383,0.7791399566483767,0.8473496555666438,0.3195452886058492,1.1448944030554695,0.18750818912643216,0.00019880771095309092,0.08952360652243418,0.764997637276126,0.7923696800913468,1.015688050878941,1.3264433104455537
ets,dead26,0.5,2,13,0.95,26,smooth,2094,0.8379879892150619,0.7455283493965442,0.30092152886515905,0.7192845203198266,0.05844171600962321,1.9802142025991727e-05,0.026743075453677174,0.8242800503263334,0.8481247277248917,0.5866493888222457,0.9254821937737028
ets,dead26,0.5,2,13,0.95,26,erratic,1202,0.7155581275275863,0.7545378913931327,0.2919928025191183,2.1447789927466547,0.35719950633492065,4.126671541897232e-05,0.016638935108153077,0.6792383887554867,0.7549689246214334,1.6924207930416908,2.6690544050822536
ets,dead26,0.5,2,13,0.95,26,intermittent,4278,0.5982526724036796,0.9159229036508139,0.3797024952015355,0.7087879352504249,0.08108787015120043,0.0015504196944707066,0.14212248714352502,0.5492686416720477,0.6426553379451526,0.6087360783324632,0.8197921837296248
ets,dead26,0.5,2,13,0.95,26,lumpy,1809,0.6637083207228726,0.8647168199407005,0.3246306903828761,2.5130126322735094,0.951132487546318,0.000597122361005456,0.08623548922056384,0.6186222453206228,0.709808589246359,1.8959142968120808,3.2168982747849273
ets,none,0.8,2,13,0.95,26,all,9383,0.8623711331999723,0.9229409086064739,0.16130896848253762,1.8390961035280708,0.31294387453342876,0.0,0.0,0.8483641699052354,0.8744508226816262,1.6648115963565953,2.045960528327216
ets,none,0.8,2,13,0.95,26,smooth,2094,0.9130230201472651,0.8807198055049058,0.141052955823087,1.1880053082313418,0.08835684340026038,0.0,0.0,0.90110285078938,0.9229813074987783,1.02351478675592,1.3983970926068476
ets,none,0.8,2,13,0.95,26,erratic,1202,0.8301788288314226,0.8934729995462108,0.12672064777327935,3.322120303032048,0.5593647612960436,0.0,0.0,0.8004711490756571,0.8619552781109496,2.73863523563341,3.942943904421915
ets,none,0.8,2,13,0.95,26,intermittent,4278,0.6471230973428935,0.948223468910706,0.2338291746641075,1.2566289643242448,0.2558850389100136,0.0,0.0,0.5970466777609156,0.6929610059728448,1.1006178033337748,1.442334511398874
ets,none,0.8,2,13,0.95,26,lumpy,1809,0.7695843864772235,0.9316046032463943,0.16412420862224902,3.963992703655534,1.628661873328262,0.0,0.0,0.7288383115919884,0.8064243902923433,3.1472964501687515,5.025483666173225
ets,quantile,0.8,2,13,0.95,26,all,9383,0.8623215805272723,0.9228246441824188,0.1615523465703971,1.8314178273401798,0.3088126542799579,0.0006025923411070664,0.017691569860385805,0.8483115386255987,0.874398858843946,1.6556485613126342,2.038334311053337
ets,quantile,0.8,2,13,0.95,26,smooth,2094,0.9130148478346829,0.8807198055049058,0.141052955823087,1.1868753288570015,0.08796891000837977,9.11527172625016e-05,0.002387774594078319,0.9010940420629368,0.9229732679232534,1.0228217105481283,1.396465456675906
ets,quantile,0.8,2,13,0.95,26,erratic,1202,0.8301788288314226,0.8934729995462108,0.12672064777327935,3.318542574774328,0.5587989274492755,0.0003195771217329717,0.0016638935108153079,0.8004711490756571,0.8619552781109496,2.7386345869165303,3.939325309770639
ets,quantile,0.8,2,13,0.95,26,intermittent,4278,0.6470632888680325,0.9480109651918909,0.23478886756238004,1.2496911812403817,0.251962983154713,0.0007038997425935255,0.03295932678821879,0.5969495217917141,0.692912811524477,1.0948837212859581,1.4323607640229652
ets,quantile,0.8,2,13,0.95,26,lumpy,1809,0.7690472490109309,0.9315040956832001,0.1643653904130238,3.8869830051886933,1.5816817037891366,0.005723104272833113,0.009950248756218905,0.7280453449066386,0.8062809561141272,3.091639287382364,4.961755470318807
ets,fixed,0.8,2,13,0.95,26,all,9383,0.8613961992901032,0.9187360119364809,0.1701111426601225,1.778809207483608,0.2678774102698611,0.017172289667810026,0.32974528402429926,0.8473853769052097,0.8733967656319089,1.6106454695839798,1.9802283296874736
ets,fixed,0.8,2,13,0.95,26,smooth,2094,0.9129849874617866,0.8801988365025615,0.14166901968837436,1.1743738908443067,0.0793493204722088,0.003881219837094378,0.05253104106972302,0.9010441168510184,0.9229604673058366,1.0146848102788317,1.3843677224229067
ets,fixed,0.8,2,13,0.95,26,erratic,1202,0.829473455905075,0.8923763424595371,0.12802519118308592,3.294055097782922,0.5507822441799536,0.006990389653762661,0.06572379367720466,0.7992839063207225,0.8614828780417522,2.7194769246831565,3.913968010119223
ets,fixed,0.8,2,13,0.95,26,intermittent,4278,0.6452184274511699,0.9425814951761656,0.2593090211132438,1.0961996314877818,0.12965557219457996,0.04848857083048668,0.5140252454417953,0.5951736298001455,0.6916291834254235,0.9607807986029291,1.257651146814793
ets,fixed,0.8,2,13,0.95,26,lumpy,1809,0.7608184120907735,0.924468566259611,0.18124811576725958,3.526143871043383,1.2633478660373705,0.12427506891446427,0.3902708678828082,0.72080933160228,0.7987068706344721,2.8009088953714207,4.459310831187448
ets,dead13,0.8,2,13,0.95,26,all,9383,0.8617092368569993,0.9164010347533741,0.17499898592463392,1.7760306756914888,0.2643319861905259,0.002985299771779096,0.14494298198870298,0.8476114273355044,0.8737885321530117,1.6036842865582015,1.9806628459465068
ets,dead13,0.8,2,13,0.95,26,smooth,2094,0.9128570593379044,0.8793088477902231,0.14272146212490694,1.1683895577961663,0.07205465139743401,0.0008716085688583342,0.027220630372492838,0.9008838978376529,0.9228220535116637,1.0097118878256435,1.3762815093186254
ets,dead13,0.8,2,13,0.95,26,erratic,1202,0.829834299742227,0.8919603690818333,0.12852001799370222,3.296060852090495,0.5460739998579657,0.0021103606327051196,0.04326123128119801,0.7999887694608216,0.8618944194599264,2.7189398108640725,3.9195127850460336
ets,dead13,0.8,2,13,0.95,26,intermittent,4278,0.6437876247064209,0.938288920056101,0.2786948176583493,1.058869941870763,0.10553113376165402,0.007206921220736979,0.22510518934081347,0.593706777508078,0.6906063723713594,0.9280801902156645,1.2087313313793184
ets,dead13,0.8,2,13,0.95,26,lumpy,1809,0.7668877928012673,0.9238152670988492,0.18281579740729575,3.5785352234028345,1.3200215945620968,0.01880253790636358,0.15920398009950248,0.725624172164298,0.8037466402075265,2.83832353475034,4.510206265640942
ets,dead26,0.8,2,13,0.95,26,all,9383,0.8621603850859589,0.9202765155552111,0.16688638299598427,1.8008151713169231,0.2837433800415367,0.0012203091927571108,0.08952360652243418,0.8481348058299873,0.874219560899831,1.6279994152516768,2.0071763197349393
ets,dead26,0.8,2,13,0.95,26,smooth,2094,0.9130154764741123,0.8805027350872623,0.14130964910029006,1.1788507465407543,0.08553205212426693,0.0007386513295409613,0.026743075453677174,0.9010948643563466,0.9229764807557208,1.018335570532505,1.3889276706223768
ets,dead26,0.8,2,13,0.95,26,erratic,1202,0.8301778691403663,0.8934351837846014,0.12676563202878993,3.3160444989548963,0.557874169147468,0.0008186164709856603,0.016638935108153077,0.800468888263759,0.8619536915918412,2.7344447603905406,3.939972926403619
ets,dead26,0.8,2,13,0.95,26,intermittent,4278,0.6456830932943198,0.9438140167452931,0.25374280230326296,1.124074981424868,0.14989844060903432,0.003369977525815408,0.14212248714352502,0.5957315596149594,0.6920252669690509,0.9870088578807197,1.295004861690466
ets,dead26,0.8,2,13,0.95,26,lumpy,1809,0.7684719393389119,0.9284888687873762,0.17160084413626772,3.693297233333061,1.3829517476053756,0.003991722084529623,0.08623548922056384,0.7278630054441194,0.8051120507286573,2.942223395564425,4.67459027136645
ets,none,0.9,2,13,0.95,26,all,9383,0.8860750223484544,0.9424200439867071,0.12053299801241228,2.2623037893267126,0.39123303766241935,0.0,0.0,0.8727203155258805,0.8974433731538703,2.0496186411844537,2.4920142549666493
ets,none,0.9,2,13,0.95,26,smooth,2094,0.9334824046966909,0.9177086046713554,0.09731242138768385,1.4907602576667294,0.10544942375766705,0.0,0.0,0.9211876751610979,0.9440462427526548,1.3039506537713896,1.7032140520229913
ets,none,0.9,2,13,0.95,26,erratic,1202,0.863840952320629,0.9239525034034185,0.09046333783175889,4.0281237464035575,0.7124249281671243,0.0,0.0,0.8373207429386116,0.892010857627711,3.3745445159894634,4.700453058917119
ets,none,0.9,2,13,0.95,26,intermittent,4278,0.6615139365248056,0.9572336265884653,0.19313819577735125,1.5477628179913094,0.33103162718157164,0.0,0.0,0.6089655326532656,0.7078687541259922,1.3618154409500747,1.773383882592213
ets,none,0.9,2,13,0.95,26,lumpy,1809,0.8041793112098136,0.9482637318458214,0.1241483268013265,4.785169552758079,2.0290970364735426,0.0,0.0,0.762806822425789,0.8392019161647516,3.8064213996482086,6.019946161136277
ets,quantile,0.9,2,13,0.95,26,all,9383,0.8860356190183556,0.9423134682646566,0.12075609459295014,2.2541510811238945,0.38681636217312154,0.0006368214965464374,0.018117872748587872,0.8726798933611557,0.8974149280896325,2.0403073272203023,2.4840327853172504
ets,quantile,0.9,2,13,0.95,26,smooth,2094,0.93347297510525,0.9177086046713554,0.09731242138768385,1.4895142943176656,0.10501446813646756,0.00010089662841814832,0.002387774594078319,0.9211775112459712,0.9440460070946443,1.3031051160585707,1.702069610920091
ets,quantile,0.9,2,13,0.95,26,erratic,1202,0.863840952320629,0.9239525034034185,0.09046333783175889,4.024323369820787,0.7118210905545286,0.0003358918696893096,0.0016638935108153079,0.8373207429386116,0.892010857627711,3.3745208482865245,4.696336292770867
ets,quantile,0.9,2,13,0.95,26,intermittent,4278,0.6614610290278132,0.957031748055591,0.19404990403071018,1.5410182622877662,0.32707920712364946,0.0007177016983306535,0.033660589060308554,0.6088836923914609,0.7078254975779273,1.3570836558827575,1.7662677389757866
ets,quantile,0.9,2,13,0.95,26,lumpy,1809,0.8037839562219332,0.9481883511734258,0.12432921314440759,4.703069317999013,1.9787577128304965,0.006044841435383998,0.010503040353786623,0.7624122022845377,0.8391190705687545,3.7500750569368355,5.951358211386723
ets,fixed,0.9,2,13,0.95,26,all,9383,0.8844316248739292,0.9370718804801721,0.13172839005394882,2.162027289393181,0.31621435093163003,0.027330388564596388,0.3563892145369285,0.8710682191401845,0.895788747858457,1.96651244073086,2.3800140731489603
ets,fixed,0.9,2,13,0.95,26,smooth,2094,0.9334305419437657,0.9170356863766606,0.09810817054701337,1.4692724190108108,0.09064641106606561,0.005900409684316138,0.05778414517669532,0.921104639768043,0.9439888286637237,1.2818845776441283,1.6826847406851848
ets,fixed,0.9,2,13,0.95,26,erratic,1202,0.8628380751668423,0.922099531084556,0.09266756635177688,3.958263035963462,0.6820430287081982,0.013487498104610163,0.08569051580698835,0.8361099059498079,0.8912198012419283,3.3148271307107273,4.619618961787214
ets,fixed,0.9,2,13,0.95,26,intermittent,4278,0.6591031949227205,0.9506247609333164,0.22298464491362763,1.3306557539203305,0.16071825377656015,0.06526024737705333,0.5451145395044413,0.6065705298587394,0.7062600763159308,1.1715802911489381,1.510876758036347
ets,fixed,0.9,2,13,0.95,26,lumpy,1809,0.787819794469938,0.9381627217448113,0.14838709677419354,4.05350107291164,1.4178689548177414,0.2075968142567735,0.435599778883361,0.7471804958533433,0.8250839243229421,3.232332180376952,5.102707895807499
ets,dead13,0.9,2,13,0.95,26,all,9383,0.885296110055491,0.9352504045033087,0.13554131343041415,2.174088489531053,0.3203372527043023,0.003694559713557691,0.14494298198870298,0.8718363799039973,0.8966545417284931,1.9693049529469435,2.3989259609455025
ets,dead13,0.9,2,13,0.95,26,smooth,2094,0.933301985180454,0.9161022835807936,0.09921195163898658,1.4621857667232234,0.0807869559832958,0.0010979187634410968,0.027220630372492838,0.9209405130421557,0.9438187860580346,1.2749479722188288,1.6761289938648147
ets,dead13,0.9,2,13,0.95,26,erratic,1202,0.8633553486461638,0.9222886098926032,0.09244264507422402,3.9912773679896962,0.6918163304868896,0.002818612632221435,0.04326123128119801,0.8371210601715573,0.891812365068653,3.3384565647077196,4.6640548160283695
ets,dead13,0.9,2,13,0.95,26,intermittent,4278,0.6577736065200439,0.9464915636023631,0.2416506717850288,1.2945613393417847,0.13304119193689745,0.00862392200974878,0.22510518934081347,0.6053501605934318,0.705262194407116,1.1407430733811323,1.4672674763998772
ets,dead13,0.9,2,13,0.95,26,lumpy,1809,0.800885595172852,0.9394441931755364,0.14531202894181489,4.2292104624562725,1.564921924206359,0.02286515123009933,0.15920398009950248,0.7587613322141411,0.8362894919336202,3.362663898843727,5.333588083143363
ets,dead26,0.9,2,13,0.95,26,all,9383,0.8858326321663315,0.9394843672793156,0.1266782947308644,2.2073309696642123,0.34923653062832793,0.001772154820858133,0.08952360652243418,0.8724582037998009,0.8972226972009169,2.001672085189167,2.4342871309716068
ets,dead26,0.9,2,13,0.95,26,smooth,2094,0.9334739180643941,0.9174264131284189,0.09764612264804785,1.4769267327031432,0.10120635906501202,0.0011155206674642005,0.026743075453677174,0.9211790177109532,0.9440335587339977,1.2901748773276709,1.6891154630128336
ets,dead26,0.9,2,13,0.95,26,erratic,1202,0.8638399926295727,0.9239146876418091,0.09050832208726946,4.018929906084633,0.7101658154206998,0.0012303239341191284,0.016638935108153077,0.8373197299733637,0.8920091975378619,3.369766298879927,4.69193573312366
ets,dead26,0.9,2,13,0.95,26,intermittent,4278,0.6599221109631235,0.9525797951464151,0.21415547024952014,1.3768877049877968,0.19468578697601452,0.00446723300691708,0.14212248714352502,0.6076020382083301,0.7068669057833592,1.2152790608222213,1.5669290891402783
ets,dead26,0.9,2,13,0.95,26,lumpy,1809,0.8028214713204038,0.9443941906628474,0.13343382574615617,4.380647782331177,1.658540349384746,0.005813081614902429,0.08623548922056384,0.761575906359101,0.8380528208353644,3.4984658089264915,5.503007337643878
ets,none,0.95,2,13,0.95,26,all,9383,0.9005127607087505,0.9527288229195935,0.0989534742222042,2.6286441115106283,0.46283545567364176,0.0,0.0,0.8870606883415302,0.9112457709805912,2.3917708262419093,2.8742682371598454
ets,none,0.95,2,13,0.95,26,smooth,2094,0.945573026842275,0.9369844577580967,0.07451805837205124,1.7558238728337872,0.12044259987666094,0.0,0.0,0.9327931548226337,0.9560730214050712,1.5526307169825613,1.969638914974784
ets,none,0.95,2,13,0.95,26,erratic,1202,0.8851528116068875,0.9392300710936319,0.07228969860548808,4.633280934201662,0.8595733981316734,0.0,0.0,0.8602661801486571,0.9087064691284078,3.917245674484511,5.362792428345861
ets,none,0.95,2,13,0.95,26,intermittent,4278,0.6705381152509311,0.9623655913978495,0.16996161228406909,1.7972607718513713,0.39684119239696264,0.0,0.0,0.616497614402035,0.7178890321123355,1.5825802922467167,2.064230564508706
ets,none,0.95,2,13,0.95,26,lumpy,1809,0.8258638506485185,0.9571335242977034,0.10286403376545071,5.490030237840108,2.3839916675528072,0.0,0.0,0.7862594883992139,0.8608573632429886,4.37629374685082,6.870400809479641
ets,quantile,0.95,2,13,0.95,26,all,9383,0.9004811186406408,0.952622247197543,0.09917657080274206,2.6200324938168613,0.4581433946884311,0.000672244692291833,0.018437599914739422,0.8870121289335393,0.9112208319561627,2.3839590147634966,2.8659274476251553
ets,quantile,0.95,2,13,0.95,26,smooth,2094,0.94556265429169,0.9369844577580967,0.07451805837205124,1.7544801560534522,0.1199682285632383,0.00010938326071500191,0.002387774594078319,0.9327819745159943,0.9560623547245439,1.5517117051374107,1.9694999173237324
ets,quantile,0.95,2,13,0.95,26,erratic,1202,0.8851528116068875,0.9392300710936319,0.07228969860548808,4.629279982188134,0.8589378907142212,0.00035700507292692337,0.0016638935108153079,0.8602661801486571,0.9087064691284078,3.9109818040740327,5.358471447140205
ets,quantile,0.95,2,13,0.95,26,intermittent,4278,0.6704806071020264,0.9621424624930937,0.1709692898272553,1.7907255458098412,0.3928786509048332,0.0007384046319363454,0.034361851332398316,0.6164028779091436,0.7178423948976381,1.5779583905790948,2.057210259087511
ets,quantile,0.95,2,13,0.95,26,lumpy,1809,0.8255884654500639,0.9571083974069049,0.10292432921314441,5.402812200927585,2.3303231822531965,0.006372031770181509,0.010503040353786623,0.7860167686246504,0.8608459072568585,4.335877636255233,6.793983787214176
ets,fixed,0.95,2,13,0.95,26,all,9383,0.8982448801541745,0.9465086762326451,0.1119742019226869,2.490526484212001,0.3588001566580882,0.03696868191482672,0.3804753277203453,0.8846000779092316,0.908968090688376,2.2781115126044718,2.72265981256066
ets,fixed,0.95,2,13,0.95,26,smooth,2094,0.9455173922527734,0.9361378831292871,0.07551916215314321,1.7273600224298549,0.10038554456204891,0.007607794374557202,0.06160458452722063,0.9327077149632308,0.9560242899570394,1.5233248315571823,1.9465849865103606
ets,fixed,0.95,2,13,0.95,26,erratic,1202,0.8836873633639859,0.9369611253970656,0.07498875393612235,4.51728787468738,0.8006358912938746,0.02186943978994282,0.10399334442595674,0.8588835268863044,0.9076338638671535,3.8134517039057956,5.215325812275147
ets,fixed,0.95,2,13,0.95,26,intermittent,4278,0.6677501201920312,0.9549385864252624,0.20350287907869483,1.5306253896177089,0.1876766937875097,0.08001913871195548,0.573632538569425,0.6137394983447418,0.7160161433128737,1.3523140876719266,1.7271005156144204
ets,fixed,0.95,2,13,0.95,26,lumpy,1809,0.8027424003228278,0.9449218553696166,0.13216762134458848,4.490188379835259,1.5479641944710287,0.283532237791029,0.476506357103372,0.760417648612899,0.8397442042827652,3.5809487174970593,5.615745284820394
ets,dead13,0.95,2,13,0.95,26,all,9383,0.8996840967363694,0.945263678025055,0.1145803756135156,2.519399771858699,0.37323403428806146,0.004283022577710133,0.14494298198870298,0.8862861160425209,0.9104277864753325,2.2882322895827762,2.755746287346362
ets,dead13,0.95,2,13,0.95,26,smooth,2094,0.9453856922923148,0.9352913085004776,0.07652026593423518,1.7197666867621737,0.08879525653832154,0.0012865105922600657,0.027220630372492838,0.9325319506037723,0.9557843472258013,1.5158589441340637,1.9397520494989744
ets,dead13,0.95,2,13,0.95,26,erratic,1202,0.8846710466966474,0.9375283618212071,0.07431399010346379,4.587145706054307,0.8326223941988594,0.0034001854123120686,0.04326123128119801,0.860156726426605,0.9085834173152446,3.879806278723063,5.317878870022462
ets,dead13,0.95,2,13,0.95,26,intermittent,4278,0.6665263467833392,0.9512622720897616,0.22010556621880997,1.4980642757078677,0.15895712422450262,0.009806289551229409,0.22510518934081347,0.6126199728415513,0.7150415350186391,1.32582787287602,1.6902041785921114
ets,dead13,0.95,2,13,0.95,26,lumpy,1809,0.8222593037934993,0.9477611940298507,0.1253542357552005,4.7917706177626185,1.789427389648243,0.026237938264636995,0.15920398009950248,0.7817656527069337,0.8576854400407539,3.8198011353208776,6.006866508896065
ets,dead26,0.95,2,13,0.95,26,all,9383,0.9002516638951664,0.9496768817881468,0.1053421490285158,2.5597764438136377,0.41012299411178926,0.002227880204324177,0.08952360652243418,0.8867822106805416,0.9110149518190285,2.326716422594334,2.8017497509287907
ets,dead26,0.95,2,13,0.95,26,smooth,2094,0.9455645402099782,0.9367022662151602,0.07485175963241522,1.7380883829319367,0.11500945788021529,0.0014301547018771802,0.026743075453677174,0.9327844973724889,0.9560599435110748,1.5349645637884652,1.9537448264148838
ets,dead26,0.95,2,13,0.95,26,erratic,1202,0.8851518519158312,0.9391922553320224,0.07233468286099864,4.621534315673098,0.8566724440068253,0.001565256112752183,0.016638935108153077,0.8602661278191024,0.9087048368730327,3.9061574907581567,5.351926109225902
ets,dead26,0.95,2,13,0.95,26,intermittent,4278,0.668824372413571,0.9575523821666879,0.1916986564299424,1.5947170714090186,0.23516140237071592,0.005352858500049457,0.14212248714352502,0.6150396186174751,0.7168390025991133,1.4133174718802428,1.8098902809314625
ets,dead26,0.95,2,13,0.95,26,lumpy,1809,0.824394220728053,0.9530378410975426,0.11269219173952366,4.973772968079857,1.908791331637397,0.0073263369133409134,0.08623548922056384,0.7842021214248454,0.8596165088485969,3.9824231717176537,6.211668909330954
ets,none,0.99,2,13,0.95,26,all,9383,0.9198285517325923,0.9656874618507358,0.0718269581795319,3.34053153898263,0.6147738209050986,0.0,0.0,0.9061842509337061,0.9299504070279028,3.059617125818518,3.6150698082018393
ets,none,0.99,2,13,0.95,26,smooth,2094,0.960827591236012,0.9590171051489103,0.048463690735939625,2.276798113075889,0.15190254580109724,0.0,0.0,0.9481717951858829,0.9710118508146732,2.0409478957644156,2.5260392459086414
ets,none,0.99,2,13,0.95,26,erratic,1202,0.9167381636503577,0.9596505823627288,0.04799820062977958,5.795390028042172,1.189999251440976,0.0,0.0,0.8950367903509552,0.9331830696610701,4.934991837280271,6.685463604016265
ets,none,0.99,2,13,0.95,26,intermittent,4278,0.6831945086618774,0.969038208168643,0.13982725527831094,2.278367044610221,0.5304036381955323,0.0,0.0,0.6263156225774328,0.7325206972373972,2.0122853594092254,2.627263540759769
ets,none,0.99,2,13,0.95,26,lumpy,1809,0.8534432692858253,0.9694959545705815,0.07319867350015073,6.8524235260757065,3.09570644483162,0.0,0.0,0.8134476530322529,0.8868449910497334,5.550342336156658,8.50448779080964
ets,quantile,0.99,2,13,0.95,26,all,9383,0.9198092480809782,0.9655857304796877,0.07203991400640895,3.331345587901666,0.6094771377102606,0.000747469231571381,0.019396781413194075,0.9061647257891623,0.9299352357044879,3.0512925761895815,3.604102862716532
ets,quantile,0.99,2,13,0.95,26,smooth,2094,0.9608153327671387,0.9590171051489103,0.048463690735939625,2.2752925216424837,0.15135280062008993,0.000125099246449916,0.002387774594078319,0.9481392539763397,0.9709861803965137,2.039918514465337,2.524664383498966
ets,quantile,0.99,2,13,0.95,26,erratic,1202,0.9167381636503577,0.9596505823627288,0.04799820062977958,5.790829576142848,1.189211728960213,0.00044241757693363353,0.004991680532445923,0.8950367903509552,0.9331830696610701,4.931730230363708,6.680553230589896
ets,quantile,0.99,2,13,0.95,26,intermittent,4278,0.6831393008389289,0.9688257044498279,0.1407869481765835,2.272123959965127,0.5262589108876727,0.0007683088693667893,0.03482935951379149,0.6262244953308358,0.7324594093085962,2.007862691566799,2.6209513524150836
ets,quantile,0.99,2,13,0.95,26,lumpy,1809,0.8533505653576327,0.9694708276797829,0.07325896894784444,6.75998407673704,3.03505571778743,0.006988240234050153,0.012161415146489774,0.8133533456281773,0.886804120708055,5.496399943161852,8.4163556367846
ets,fixed,0.99,2,13,0.95,26,all,9383,0.9161932960209005,0.9580382316181101,0.08783920820995417,3.1197335857269204,0.44920321690378984,0.05730378534657816,0.42182670787594584,0.9024592845657229,0.9265127036860271,2.872250787982175,3.384554163964214
ets,fixed,0.99,2,13,0.95,26,smooth,2094,0.9607631556944989,0.9580402882695146,0.04961881048335344,2.2344023556376698,0.12112373069841213,0.010917895290044803,0.07211079274116523,0.948110265845037,0.9709369299054111,1.9973070261214931,2.4842080458107128
ets,fixed,0.99,2,13,0.95,26,erratic,1202,0.9127919140270364,0.9560202692482227,0.05231668915879442,5.55658722344103,1.0595154327918757,0.045055575709067736,0.1447587354409318,0.8904523123519009,0.9301847754825591,4.734889737077967,6.340209672249041
ets,fixed,0.99,2,13,0.95,26,intermittent,4278,0.6797831252688505,0.9605486846019805,0.1781669865642994,1.911373041559989,0.24112798783587636,0.10970024452464915,0.6192145862552595,0.6225914402291811,0.7295454019934501,1.698526925760839,2.1579421889398853
ets,fixed,0.99,2,13,0.95,26,lumpy,1809,0.8194509200864873,0.9534398713503192,0.11172746457642448,5.30850504009445,1.8078187583672112,0.43237384767653964,0.5439469320066335,0.7797128613147083,0.8529147273083388,4.285098080925815,6.578968954413447
ets,dead13,0.99,2,13,0.95,26,all,9383,0.9189280463351321,0.9579074341410482,0.08811300855879609,3.1916170012234932,0.4893919867159036,0.005381738665970409,0.14494298198870298,0.9052396579998268,0.9291370720963817,2.9283121617155903,3.4503437510015806
ets,dead13,0.99,2,13,0.95,26,smooth,2094,0.9606323986931844,0.9572805418077625,0.050517236953564186,2.226713152457006,0.10698317823750877,0.0016407489107250286,0.027220630372492838,0.94799781287704,0.9708570383610743,1.9896749346818312,2.478857736958095
ets,dead13,0.99,2,13,0.95,26,erratic,1202,0.9162746328701864,0.9579488730903041,0.05002249212775529,5.731643509321478,1.1503380991591188,0.004498071980667984,0.04326123128119801,0.8946749104835433,0.9329984256777173,4.877845537462614,6.602517583318613
ets,dead13,0.99,2,13,0.95,26,intermittent,4278,0.678722675003048,0.9574461303072803,0.1921785028790787,1.8912359881395193,0.2149185339562616,0.011966295624089934,0.22510518934081347,0.6215977635632594,0.7286573500809855,1.6836509536286144,2.134109009613107
ets,dead13,0.99,2,13,0.95,26,lumpy,1809,0.8494161015816926,0.9596964671591537,0.0967138981006934,5.88659310337306,2.254136367478371,0.03253907879561238,0.15920398009950248,0.8085987842707905,0.8826796120775801,4.71146835757492,7.3274412250204835
ets,dead26,0.99,2,13,0.95,26,all,9383,0.9195360118576162,0.9624901901892203,0.07851985559566788,3.2454469253064104,0.5417007830516327,0.003088982271685563,0.08952360652243418,0.9058676997605781,0.929664415696055,2.973927224491008,3.5070349371160767
ets,dead26,0.99,2,13,0.95,26,smooth,2094,0.9608191046037151,0.9587349136059737,0.04879739199630362,2.251749660691868,0.1442095707838568,0.0020173039289335696,0.026743075453677174,0.9481605642217401,0.9710033063448158,2.016001806477216,2.5027368205142175
ets,dead26,0.99,2,13,0.95,26,erratic,1202,0.9167372039593015,0.9596127666011194,0.04804318488529015,5.778820002264871,1.185903290012879,0.0022005715919931057,0.016638935108153077,0.8950367655019625,0.9331814374056949,4.9178580704943045,6.668480326754011
ets,dead26,0.99,2,13,0.95,26,intermittent,4278,0.681269135836548,0.963980619660844,0.1626679462571977,2.0147036835119536,0.31933124923801703,0.007075802641234263,0.14212248714352502,0.6242006889635243,0.7307867550235794,1.792798952595627,2.2934939927544686
ets,dead26,0.99,2,13,0.95,26,lumpy,1809,0.8517936846812212,0.9652243831348309,0.0834488996080796,6.126554494913554,2.4230898219266606,0.010183799170572501,0.08623548922056384,0.8118727310858982,0.8849836780896545,4.927240546249477,7.625224770058338
lgb_tweedie,none,0.5,2,13,0.95,26,all,9383,0.8044241581418823,0.8742794027884084,0.2631728390053949,1.0338472615481609,0.16003268486331026,0.0,0.0,0.791438764498607,0.8157505638764571,0.9252566966126256,1.1723361242239319
lgb_tweedie,none,0.5,2,13,0.95,26,smooth,2094,0.8478538564200117,0.7930016497351741,0.2447827091408476,0.7319481473053057,0.05147758554682515,0.0,0.0,0.8347066646640455,0.8586792196123305,0.6346689611774704,0.8287829195825935
lgb_tweedie,none,0.5,2,13,0.95,26,erratic,1202,0.7598075627493998,0.800068068370897,0.23783175888439045,1.6382943602795388,0.22521242761530208,0.0,0.0,0.7299116911787028,0.7904799179338374,1.2540311189681415,2.074418989040703
lgb_tweedie,none,0.5,2,13,0.95,26,intermittent,4278,0.6696961959509663,0.9300650261379574,0.3158349328214971,0.7842524285691282,0.18362305938751522,0.0,0.0,0.6416376786738545,0.7033940351168301,0.6533092544521288,0.9260745973823391
lgb_tweedie,none,0.5,2,13,0.95,26,lumpy,1809,0.7141447108319087,0.8857480275390723,0.2741634006632499,2.231236315945894,0.8885562453818449,0.0,0.0,0.6857018235937975,0.7393089445754014,1.7266706552928046,2.868267595914371
lgb_tweedie,quantile,0.5,2,13,0.95,26,all,9383,0.8039632585837567,0.8740517182913006,0.263649454427453,0.9890064709024319,0.13800666115285387,0.003332566494114575,0.018970478524992007,0.7909280652637707,0.8153534468699805,0.8900212693411288,1.1164557066807568
lgb_tweedie,quantile,0.5,2,13,0.95,26,smooth,2094,0.8477290714932764,0.792806286359295,0.24501373309033037,0.7142459752932131,0.04458122241451604,0.001313542087724118,0.0057306590257879654,0.8345817037993006,0.8586515958374793,0.6312769274937307,0.7961157240009739
lgb_tweedie,quantile,0.5,2,13,0.95,26,erratic,1202,0.7596376974324426,0.7999168053244592,0.23801169590643276,1.6078606375035747,0.21288865088550696,0.002276387185437264,0.01747088186356073,0.7297894796811807,0.7902934925990256,1.229940311794751,2.0405373828816145
lgb_tweedie,quantile,0.5,2,13,0.95,26,intermittent,4278,0.6686058414477332,0.9298312720472608,0.31689059500959693,0.7540767526758542,0.1761635623767888,0.003705825115418855,0.01168770453482936,0.6408272979201238,0.7028775680596091,0.6333764043293667,0.8884371145829163
lgb_tweedie,quantile,0.5,2,13,0.95,26,lumpy,1809,0.7106873996275483,0.88544650484949,0.2748869460355743,1.8926652106696769,0.6904561305925689,0.02340501528251522,0.05251520176893311,0.6808652294760358,0.7364453298542648,1.494282123294338,2.4060832874618745
lgb_tweedie,fixed,0.5,2,13,0.95,26,all,9383,0.8025521019487534,0.8712080842529526,0.26960207682634973,1.011620599264949,0.14549066698295468,0.005823931592634841,0.3032079292337206,0.7896729686378203,0.8137184713949469,0.9014452647481996,1.146268141144806
lgb_tweedie,fixed,0.5,2,13,0.95,26,smooth,2094,0.8478230530879711,0.792502387774594,0.24537310367841467,0.724895127227191,0.04720686071927666,0.0010425984936541994,0.04871060171919771,0.8346845042031131,0.858639577528696,0.6298448969779724,0.82191154402675
lgb_tweedie,fixed,0.5,2,13,0.95,26,erratic,1202,0.7584227285552235,0.7997655422780214,0.23819163292847503,1.6281139575547838,0.2218110905737225,0.002097884648973802,0.04326123128119801,0.7273093250108589,0.789370213959258,1.2435703785648067,2.060533474547146
lgb_tweedie,fixed,0.5,2,13,0.95,26,intermittent,4278,0.6680376609365547,0.9257086999022482,0.33550863723608443,0.683702880698195,0.10796027797138855,0.02783624439583089,0.47639083683964467,0.6397071013954954,0.7018538746307917,0.5692831012262987,0.8142031944024917
lgb_tweedie,fixed,0.5,2,13,0.95,26,lumpy,1809,0.6946632529808403,0.8808985376149555,0.28580042206813383,2.1359966626585853,0.8257100711911637,0.031794720783948044,0.3609729132117192,0.6658216378315857,0.7220930003488623,1.6459388070707277,2.7733980934724585
lgb_tweedie,dead13,0.5,2,13,0.95,26,all,9383,0.8039334075761061,0.8687471539437861,0.27475357968604225,1.002880224224849,0.1407259287444507,0.002137929167936993,0.14494298198870298,0.7909241064760084,0.8153578192982045,0.8975551930405888,1.1398298510485267
lgb_tweedie,dead13,0.5,2,13,0.95,26,smooth,2094,0.8476838094543598,0.7915906920204915,0.24645121544266754,0.7198820420974681,0.04325146142951349,0.000844577073394282,0.027220630372492838,0.834560290213769,0.8586132810692808,0.6269938965276091,0.8149685351714869
lgb_tweedie,dead13,0.5,2,13,0.95,26,erratic,1202,0.7596405765056113,0.7989714112842232,0.23913630229419702,1.6263039802226869,0.2212705925708396,0.0012965426170007351,0.04326123128119801,0.7298014817342235,0.7904271379313418,1.2460672316267585,2.062450047249866
lgb_tweedie,dead13,0.5,2,13,0.95,26,intermittent,4278,0.6668989995882416,0.9212142462493094,0.35580614203454897,0.652659981919438,0.09114351503608062,0.005870431840191755,0.22510518934081347,0.6383820363762547,0.7010267005173069,0.541847623362049,0.7765503461386366
lgb_tweedie,dead13,0.5,2,13,0.95,26,lumpy,1809,0.7126859872559365,0.8803457460173878,0.28712692191739525,2.10166894336608,0.816208463868644,0.01132351217011716,0.15920398009950248,0.6841089953044055,0.7379444404081139,1.6420301411180345,2.7319960875228206
lgb_tweedie,dead26,0.5,2,13,0.95,26,all,9383,0.804283460392489,0.8720461569763499,0.26784772644302923,1.0183553846043627,0.14973177874592336,0.0005775174946805505,0.08963018224448471,0.7912881713977266,0.8156179211234114,0.9102768083447939,1.1564241217487017
lgb_tweedie,dead26,0.5,2,13,0.95,26,smooth,2094,0.8478475700257176,0.792806286359295,0.24501373309033037,0.7274059131082008,0.05035665858026814,0.00038504165050539464,0.026743075453677174,0.8346990268446984,0.8586739923061179,0.6312019923880821,0.8248507277136629
lgb_tweedie,dead26,0.5,2,13,0.95,26,erratic,1202,0.7598066030583435,0.8000302526092875,0.23787674313990104,1.6361504104598645,0.2246698182920954,0.0002562375120201305,0.016638935108153077,0.7299095984077775,0.79047837019441,1.2515790214411586,2.0723697165478563
lgb_tweedie,dead26,0.5,2,13,0.95,26,intermittent,4278,0.6685023267797047,0.9260487058523524,0.33397312859884837,0.6998511689106346,0.11650782915939188,0.0021001975979996366,0.1423562412342216,0.6402150541341883,0.702404397984682,0.5803283552556256,0.8321761270581505
lgb_tweedie,dead26,0.5,2,13,0.95,26,lumpy,1809,0.7136893709493155,0.8839137645107794,0.27856496834489,2.164516753508435,0.8382409156966837,0.0013551133032863542,0.08623548922056384,0.6852471165949444,0.7387596709953373,1.68315629099321,2.8001604965545126
lgb_tweedie,none,0.8,2,13,0.95,26,all,9383,0.8791330710159452,0.9323195721469195,0.14167646939520545,1.720734072099338,0.2313947425609299,0.0,0.0,0.8648175548096806,0.8901976578303582,1.574403751881537,1.8975298354343726
lgb_tweedie,none,0.8,2,13,0.95,26,smooth,2094,0.9180716234047489,0.9034904923157072,0.11412583104448494,1.2549227182117473,0.07698437893881893,0.0,0.0,0.9054691653797231,0.9292150656769331,1.114159335974657,1.3979188376422915
lgb_tweedie,none,0.8,2,13,0.95,26,erratic,1202,0.8413630684010204,0.8926788685524126,0.12766531713900134,2.7243210665622524,0.3628240636774209,0.0,0.0,0.8087881867984674,0.8710250778145782,2.206755547174966,3.262714068657821
lgb_tweedie,none,0.8,2,13,0.95,26,intermittent,4278,0.7485260661435725,0.9574142547494581,0.19232245681381957,1.4458330745466632,0.2725145553124878,0.0,0.0,0.7168792096988937,0.7801765160263097,1.2562259629217327,1.6535469129727265
lgb_tweedie,none,0.8,2,13,0.95,26,lumpy,1809,0.8034758519899989,0.9326850595507312,0.16153150437141997,3.2359860289727043,1.148692738283178,0.0,0.0,0.7670074646058216,0.8332338375475348,2.6434591442979287,4.049782961662213
lgb_tweedie,quantile,0.8,2,13,0.95,26,all,9383,0.8788685910881607,0.9321500198618391,0.14203139577333387,1.6780244443931451,0.2067864872846648,0.00367863917614403,0.023553234573164234,0.8645971802223007,0.890036135988008,1.5364944205332278,1.8511035000600164
lgb_tweedie,quantile,0.8,2,13,0.95,26,smooth,2094,0.9180084451420946,0.9033385430233568,0.11430551633852709,1.240771416016601,0.06932183006996129,0.0014194678315774386,0.0062082139446036294,0.9053500144770783,0.929191628266113,1.101863102483458,1.3743024982236052
lgb_tweedie,quantile,0.8,2,13,0.95,26,erratic,1202,0.8411548154418129,0.8924897897443654,0.1278902384165542,2.692439169982399,0.34767956299508057,0.00270440939652707,0.022462562396006656,0.8086363848000776,0.8708305529135381,2.188278736177943,3.2469102115283017
lgb_tweedie,quantile,0.8,2,13,0.95,26,intermittent,4278,0.7479118791132704,0.9572973777041098,0.19285028790786948,1.4203960701231364,0.2641087042033856,0.004011768467591857,0.016362786348761104,0.7164556253838998,0.7795556403584323,1.2331060427275202,1.6200810815562765
lgb_tweedie,quantile,0.8,2,13,0.95,26,lumpy,1809,0.8017199305265856,0.9323835368611488,0.16225504974374436,2.894309342102034,0.9309955583912051,0.02564899566200148,0.06135986733001658,0.764818814011141,0.8312950868921445,2.39012499523647,3.6320851737586164
lgb_tweedie,fixed,0.8,2,13,0.95,26,all,9383,0.8770888740120312,0.9286039549281583,0.14945442745304832,1.6798756048809185,0.20762315132709622,0.009376002496340267,0.33784503890013856,0.8630035068804655,0.8881399945438709,1.5359613415457132,1.8529859166116947
lgb_tweedie,fixed,0.8,2,13,0.95,26,smooth,2094,0.9180247897672589,0.9028392810627768,0.11489591087609416,1.2382939480253494,0.06654544403003138,0.002791473386235437,0.06303724928366762,0.905411804373543,0.929172393349941,1.1023851945155878,1.372988684690779
lgb_tweedie,fixed,0.8,2,13,0.95,26,erratic,1202,0.8398141270362245,0.8920360006050522,0.12843004948268105,2.7011368500252395,0.35788146279949556,0.004737994744731776,0.06239600665557404,0.8073299732141747,0.8695679790025603,2.183609943966068,3.249648243545683
lgb_tweedie,fixed,0.8,2,13,0.95,26,intermittent,4278,0.7465431851693385,0.9522610395681924,0.21559500959692898,1.3083149882338327,0.17794999551436438,0.035068469202085936,0.5236091631603553,0.7145737785828618,0.7787586266791651,1.1421642889418104,1.4832122740792546
lgb_tweedie,fixed,0.8,2,13,0.95,26,lumpy,1809,0.7826256479050275,0.926780240213076,0.17570093457943925,3.0493021302817382,1.0396821891214667,0.04921760611191545,0.3996683250414594,0.746933022392741,0.8146574098383724,2.482646576432786,3.8400284159069424
lgb_tweedie,dead13,0.8,2,13,0.95,26,all,9383,0.8784904783245864,0.9259347175258931,0.15504198272015576,1.6706854746588826,0.19798203208147494,0.0031661968781418184,0.14494298198870298,0.8641378168834581,0.8895095802217958,1.527372862254586,1.8421106488223327
lgb_tweedie,dead13,0.8,2,13,0.95,26,smooth,2094,0.9178915182082268,0.9019058782669098,0.11599969196806735,1.2305887145392356,0.05780069238346754,0.0012685943685222635,0.027220630372492838,0.9053278009062014,0.9291250356071947,1.0951607598611148,1.364997718897908
lgb_tweedie,dead13,0.8,2,13,0.95,26,erratic,1202,0.8409388849541556,0.8910149750415973,0.12964462438146648,2.7011061399114396,0.3536461542300302,0.002292701933393602,0.04326123128119801,0.8080467029305488,0.8708183291862853,2.187745807643885,3.2481729627592903
lgb_tweedie,dead13,0.8,2,13,0.95,26,intermittent,4278,0.7451882931811438,0.947447830337031,0.2373320537428023,1.2661316108492573,0.14611808493263495,0.00856871418680027,0.22510518934081347,0.7129517561718005,0.7777002714805565,1.1022879496010374,1.4481377170967975
lgb_tweedie,dead13,0.8,2,13,0.95,26,lumpy,1809,0.8013954667779114,0.9260766872707171,0.17738920711486283,3.0403153024193,1.0332098189819472,0.015705136070280484,0.15920398009950248,0.7647624481953631,0.831183394212566,2.487058502801396,3.817270486053892
lgb_tweedie,dead26,0.8,2,13,0.95,26,all,9383,0.8789762537224206,0.9299603732088012,0.14661501642802094,1.6981255159249158,0.21857990398323884,0.0011745376476928356,0.08963018224448471,0.8646539367106746,0.8900320375211286,1.5533553786484293,1.873349621073185
lgb_tweedie,dead26,0.8,2,13,0.95,26,smooth,2094,0.9180640797315961,0.9032517148562994,0.11440819364940832,1.244895919312872,0.07475704657652396,0.0008728658477171273,0.026743075453677174,0.9054650535717005,0.9292088524554368,1.1062589589760694,1.3828117536607418
lgb_tweedie,dead26,0.8,2,13,0.95,26,erratic,1202,0.8413621087099641,0.8926410527908032,0.12771030139451192,2.7203210742397803,0.36192252989917484,0.0004942408939714127,0.016638935108153077,0.8087863142777568,0.8710228578725926,2.2009601602374484,3.258705389832048
lgb_tweedie,dead26,0.8,2,13,0.95,26,intermittent,4278,0.7472493852378882,0.9532173063028603,0.2112763915547025,1.3430798144097018,0.19675055955428883,0.0035609045801790113,0.1423562412342216,0.7152477608501913,0.7792709551064475,1.171557590384572,1.5355035699498412
lgb_tweedie,dead26,0.8,2,13,0.95,26,lumpy,1809,0.8029087220763499,0.9306749082868486,0.16635514018691588,3.1463631430994194,1.0848028269244927,0.0028956344629579643,0.08623548922056384,0.7665566626503466,0.8327373102468025,2.5750783722913497,3.954952342739563
lgb_tweedie,none,0.9,2,13,0.95,26,all,9383,0.8997378285501405,0.9476325656651778,0.1096215470733785,2.160708272868459,0.2876990365686784,0.0,0.0,0.8849852688253157,0.9107406630596546,1.9933809603838955,2.367874915197942
lgb_tweedie,none,0.9,2,13,0.95,26,smooth,2094,0.9380394119203865,0.9332508465746288,0.07893318273994404,1.5866041966711029,0.09228734856861945,0.0,0.0,0.9250371961816837,0.9491773010060977,1.4131934227420881,1.7561337823920544
lgb_tweedie,none,0.9,2,13,0.95,26,erratic,1202,0.8639138888409044,0.9166540614127968,0.09914529914529914,3.413110531457713,0.48897967566281064,0.0,0.0,0.8320298685757193,0.8906936745991002,2.834010434723039,3.9852722339760964
lgb_tweedie,none,0.9,2,13,0.95,26,intermittent,4278,0.7644374207825249,0.9645331293297633,0.16017274472168905,1.8811766627331092,0.32773710034711917,0.0,0.0,0.7311048303837306,0.7961379344255327,1.6547401261339285,2.127610930559113
lgb_tweedie,none,0.9,2,13,0.95,26,lumpy,1809,0.8296401724293064,0.944896728478818,0.13222791679228219,3.913929855845392,1.3634926477605185,0.0,0.0,0.791457186819135,0.8594592461767087,3.2281999429069583,4.937534610128503
lgb_tweedie,quantile,0.9,2,13,0.95,26,all,9383,0.8995033986367243,0.9474872351351089,0.10992576968320286,2.1231439638476437,0.2609056477310448,0.003989288662428089,0.026963657678780773,0.8846716721253846,0.9105144689167475,1.9582990774240008,2.332751158536338
lgb_tweedie,quantile,0.9,2,13,0.95,26,smooth,2094,0.9379966644391876,0.9331206043240428,0.07908719870626588,1.5780745025733356,0.08417947152797729,0.0014763596999378275,0.0062082139446036294,0.9249557379769717,0.9491332051462396,1.4037764473249825,1.7418495797730253
lgb_tweedie,quantile,0.9,2,13,0.95,26,erratic,1202,0.8637037164995844,0.9165027983663591,0.09932523616734143,3.3827583824215313,0.47166262636731976,0.0030383818841038693,0.026622296173044926,0.8318869747475096,0.890577288575932,2.816059177366747,3.972163659433293
lgb_tweedie,quantile,0.9,2,13,0.95,26,intermittent,4278,0.763876141249215,0.964416252284415,0.16070057581573896,1.8568185111830346,0.31810149498183893,0.004324612797633425,0.01916783543712015,0.7307024025574412,0.7955200239999701,1.6342040830566724,2.1009419131287017
lgb_tweedie,quantile,0.9,2,13,0.95,26,lumpy,1809,0.8280614790639085,0.9446705864616313,0.1327705758215255,3.58835911320513,1.1273501127443364,0.028092016828489552,0.06965174129353234,0.7894551484270416,0.856982244823529,2.97149943576595,4.485441493657818
lgb_tweedie,fixed,0.9,2,13,0.95,26,all,9383,0.8974333307595131,0.9435294003662329,0.11821076542408632,2.1091713041865443,0.25907120380755577,0.011865178520966154,0.35788127464563574,0.8826662190985709,0.908350891365008,1.9428188859612008,2.3120660451260058
lgb_tweedie,fixed,0.9,2,13,0.95,26,smooth,2094,0.9379881778068908,0.9326213423634627,0.07967759324383294,1.564477031715488,0.07813227453689706,0.0037705792975205833,0.07115568290353391,0.925008220246418,0.9491104346705598,1.3916325467876005,1.7265545515732754
lgb_tweedie,fixed,0.9,2,13,0.95,26,erratic,1202,0.8622181147445015,0.9159355619422175,0.1,3.3770712532221627,0.4830679787562787,0.007339717198239543,0.06905158069883527,0.82993206962051,0.8886805994609106,2.8046244368754807,3.963641818479677
lgb_tweedie,fixed,0.9,2,13,0.95,26,intermittent,4278,0.762261312427971,0.9588911555952229,0.18565259117082533,1.7182031693891024,0.21956427225737887,0.04023040064777179,0.5546984572230014,0.7286173185382658,0.7945400879210418,1.5170615532421459,1.9304333372378355
lgb_tweedie,fixed,0.9,2,13,0.95,26,lumpy,1809,0.8059079668119937,0.9381627217448113,0.14838709677419354,3.695331266581052,1.239065980657598,0.0613181953271767,0.41625207296849087,0.7666577909188748,0.8368560310357661,3.027524446728876,4.640298780705292
lgb_tweedie,dead13,0.9,2,13,0.95,26,all,9383,0.8990331457628684,0.9409279838779998,0.1236563501399424,2.100264758537189,0.24649103395134206,0.0037134653517364134,0.14494298198870298,0.8843214508684784,0.909999268651113,1.9379693708965808,2.301679041230493
lgb_tweedie,dead13,0.9,2,13,0.95,26,smooth,2094,0.9378492484929941,0.9317096466093601,0.08075570500808583,1.5558527273835965,0.06735450297566474,0.0014917613659580433,0.027220630372492838,0.9249162805954362,0.9489057100389234,1.384329472195792,1.7190768325389845
lgb_tweedie,dead13,0.9,2,13,0.95,26,erratic,1202,0.8634167688737642,0.9149523521403721,0.10116959064327485,3.3838303573313673,0.4767846894727649,0.0028128544858839043,0.04326123128119801,0.831820818979395,0.8902744896556303,2.811077093113259,3.9673228991528355
lgb_tweedie,dead13,0.9,2,13,0.95,26,intermittent,4278,0.7608282093572659,0.9540460708062392,0.20753358925143953,1.6737102647445143,0.18112812585543372,0.010043223124716772,0.22510518934081347,0.7269155444481646,0.7934449475360141,1.4761031396805877,1.889947175024381
lgb_tweedie,dead13,0.9,2,13,0.95,26,lumpy,1809,0.8273253008106141,0.9378360721644303,0.14917093759421163,3.6816492574142696,1.2236078732900897,0.01804182037795937,0.15920398009950248,0.788430783016341,0.857216725162329,3.031674807771763,4.635956606657133
lgb_tweedie,dead26,0.9,2,13,0.95,26,all,9383,0.8995732499946268,0.9451716353560113,0.11477304993307103,2.1341753042215696,0.27341620503741726,0.0014919533623777004,0.08963018224448471,0.8848005742836147,0.910560973925634,1.968230794839046,2.3383763770587533
lgb_tweedie,dead26,0.9,2,13,0.95,26,smooth,2094,0.9380315539275191,0.9330120691152209,0.07921554534486742,1.573715202450185,0.08948053638030674,0.0011274648166227353,0.026743075453677174,0.9250270847315317,0.9491707337448396,1.4005641686923216,1.7376491923560942
lgb_tweedie,dead26,0.9,2,13,0.95,26,erratic,1202,0.8639129291498481,0.9166162456511874,0.09919028340080972,3.408164283753774,0.48789867965704475,0.0006151619670595642,0.016638935108153077,0.8320288804594641,0.8906936745991002,2.829705366728991,3.9803763998155337
lgb_tweedie,dead26,0.9,2,13,0.95,26,intermittent,4278,0.7631101327058044,0.9601874282799949,0.17979846449136277,1.7673772373545331,0.2465075301170176,0.004375219968669561,0.14212248714352502,0.7294227939266884,0.7952006204463247,1.5608320575708827,1.9968470414580952
lgb_tweedie,dead26,0.9,2,13,0.95,26,lumpy,1809,0.8290294171376844,0.9427106889793457,0.137473620741634,3.811148465341001,1.291504775615595,0.003727243230568302,0.08678828081813156,0.7908775141603975,0.8589727616144883,3.141237734594988,4.824524597167095
lgb_tweedie,none,0.95,2,13,0.95,26,all,9383,0.9110601167453009,0.9565703932644144,0.09091185656918022,2.5523640406005548,0.348377100217395,0.0,0.0,0.8964283475184753,0.9218409992932677,2.358370655815906,2.7842055078488084
lgb_tweedie,none,0.95,2,13,0.95,26,smooth,2094,0.9490695193485786,0.9499435616914127,0.059193469723027956,1.8846864692277856,0.10632901604727872,0.0,0.0,0.9360289889040991,0.9602063016545261,1.677093161970398,2.0816647602181004
lgb_tweedie,none,0.95,2,13,0.95,26,erratic,1202,0.8771106005554692,0.9294736045983966,0.08389563652721548,4.013650645584173,0.6324016652559208,0.0,0.0,0.8467430791393398,0.9016383965795458,3.374317750314544,4.648367563377759
lgb_tweedie,none,0.95,2,13,0.95,26,intermittent,4278,0.7729118216051214,0.9691232096561689,0.13944337811900193,2.263095180587089,0.38055580475753414,0.0,0.0,0.7382879037240795,0.805709947803209,2.0056011562987406,2.5460663576825766
lgb_tweedie,none,0.95,2,13,0.95,26,lumpy,1809,0.8415471740298125,0.9525604301723705,0.11383780524570394,4.535373365070797,1.6029523474543228,0.0,0.0,0.8045332864678046,0.8715418803016933,3.742098667956042,5.649880495983897
lgb_tweedie,quantile,0.95,2,13,0.95,26,all,9383,0.9108197166303545,0.9564299070853478,0.09120593842534377,2.516462830719314,0.31882547827284463,0.004381729909674831,0.031333262282851965,0.8961659048499647,0.921656992065686,2.3306869830345316,2.749163556047543
lgb_tweedie,quantile,0.95,2,13,0.95,26,smooth,2094,0.9490261432279503,0.9498133194408266,0.0593474856893498,1.8762004655703612,0.09785464221929835,0.0015241362965719664,0.0062082139446036294,0.9359469299863621,0.9601421907226321,1.6726968523877859,2.0714396941806523
lgb_tweedie,quantile,0.95,2,13,0.95,26,erratic,1202,0.876891790994643,0.9292845257903494,0.08412055780476833,3.990347427356185,0.6127494956823499,0.0034222583066059373,0.030782029950083195,0.8465989576739614,0.9015107461049305,3.3574247930769143,4.630947024098065
lgb_tweedie,quantile,0.95,2,13,0.95,26,intermittent,4278,0.7723252384862935,0.9690063326108207,0.1399712092130518,2.2371337018455515,0.3687440910377,0.0047639750552653315,0.024777933613838243,0.7378433688233282,0.8050356206275179,1.9798986657326199,2.520632350227095
lgb_tweedie,quantile,0.95,2,13,0.95,26,lumpy,1809,0.839946667975428,0.9523845419367808,0.11425987337955984,4.214083362644134,1.3414122080167086,0.031442991174040716,0.07628524046434494,0.8029343164179332,0.8692938398832155,3.511259683304629,5.242729015574935
lgb_tweedie,fixed,0.95,2,13,0.95,26,all,9383,0.9086573096361441,0.9519731041632352,0.10053543179329087,2.4881216870356675,0.3130896668547944,0.014240721709802036,0.38431205371416394,0.8939901858018476,0.9188350500141514,2.297337075427889,2.7116809294024593
lgb_tweedie,fixed,0.95,2,13,0.95,26,smooth,2094,0.9490110558816448,0.9491404011461319,0.06014323484867931,1.8577124942715233,0.0889660578712886,0.004639044669231935,0.07736389684813753,0.9359961667828623,0.9601486125129044,1.655687818292606,2.048823289460741
lgb_tweedie,fixed,0.95,2,13,0.95,26,erratic,1202,0.8753850760363224,0.9285282105581606,0.08502024291497975,3.963940568252268,0.6241780725948702,0.009761977424227592,0.07903494176372712,0.8446445611502135,0.8999279819160904,3.324320431317677,4.604083169706058
lgb_tweedie,fixed,0.95,2,13,0.95,26,intermittent,4278,0.7704849777213432,0.9628012240214203,0.16799424184261036,2.070978857704137,0.2557079138113871,0.046503389530296445,0.595137914913511,0.7354618514053406,0.8039651062612728,1.8397580249950372,2.3205188453636283
lgb_tweedie,fixed,0.95,2,13,0.95,26,lumpy,1809,0.8169124684056833,0.945223378059199,0.1314440759722641,4.258125908294003,1.4414430184399019,0.07201459268893197,0.4438916528468767,0.7768224843609398,0.848360176954984,3.4961768096264687,5.331532643798215
lgb_tweedie,dead13,0.95,2,13,0.95,26,all,9383,0.9103229958630483,0.9495751504170986,0.10555510485539285,2.4828770639981723,0.30042543656103654,0.004203021877206487,0.14494298198870298,0.8957337718348414,0.921118708222787,2.2908759885251193,2.7073939239937928
lgb_tweedie,dead13,0.95,2,13,0.95,26,smooth,2094,0.9488746411254657,0.9482721194755579,0.06117000795749159,1.8486321120336044,0.0766268716953211,0.0016759527187712362,0.027220630372492838,0.9359079888314789,0.9599475170573782,1.6484344918768306,2.0387311252857256
lgb_tweedie,dead13,0.95,2,13,0.95,26,erratic,1202,0.876613480588329,0.9276584480411435,0.0860548807917229,3.9789194262582988,0.6174134022775388,0.0032427960790862207,0.04326123128119801,0.8465365958443548,0.9014337520708333,3.34651529215665,4.615861411201085
lgb_tweedie,dead13,0.95,2,13,0.95,26,intermittent,4278,0.7691047821476303,0.9583173955544222,0.18824376199616122,2.029207238665719,0.21475153029184235,0.011508530758808522,0.22510518934081347,0.7339036837472983,0.8028728857635725,1.7938574604827426,2.2773463339620603
lgb_tweedie,dead13,0.95,2,13,0.95,26,lumpy,1809,0.8390632540714748,0.9449721091512137,0.13204703044920107,4.271993325317171,1.4427326936762288,0.020193096829252997,0.15920398009950248,0.8011425208666407,0.869230629800042,3.5375277341636635,5.31591899782549
lgb_tweedie,dead26,0.95,2,13,0.95,26,all,9383,0.9108893689815394,0.9540416420412158,0.09620532998012413,2.5224845749893134,0.33285131252890576,0.0017687717066577299,0.08952360652243418,0.8962381163762154,0.9216737570548836,2.3301266696430356,2.7520721425018917
lgb_tweedie,dead26,0.95,2,13,0.95,26,smooth,2094,0.9490613470359965,0.9496830771902405,0.05950150165567164,1.8694366196297691,0.10303953450507532,0.0013380590254705837,0.026743075453677174,0.9360188691041342,0.9602033149228656,1.6646689234304817,2.0628268196709327
lgb_tweedie,dead26,0.95,2,13,0.95,26,erratic,1202,0.8771096408644129,0.9294357888367871,0.08394062078272604,4.007871386043405,0.6311538749445779,0.0007207279832476329,0.016638935108153077,0.8467420910230846,0.9016383396579565,3.366060765903683,4.644571428216129
lgb_tweedie,dead26,0.95,2,13,0.95,26,intermittent,4278,0.7715569296169267,0.964713757490756,0.1593570057581574,2.1393261425143946,0.2947968927196984,0.005219439594590553,0.14212248714352502,0.7365722998454381,0.8047544670255892,1.9033940901442283,2.4028731695259755
lgb_tweedie,dead26,0.95,2,13,0.95,26,lumpy,1809,0.8408873401879708,0.9501985024373084,0.11950557732891166,4.421404791702453,1.5239642380964067,0.004392530244656573,0.08623548922056384,0.8039251458603123,0.8709536807752813,3.657214905718307,5.524583530583872
lgb_tweedie,none,0.99,2,13,0.95,26,all,9383,0.9254510885269444,0.9673006307345005,0.06845008721048149,3.322811383821073,0.48148680306852437,0.0,0.0,0.9116187269871888,0.9351300513018506,3.0796748405315064,3.6135519082662224
lgb_tweedie,none,0.99,2,13,0.95,26,smooth,2094,0.962146476758886,0.9688503950681601,0.03683548527864055,2.472703847336172,0.13845073069904076,0.0,0.0,0.9499479163799013,0.9728721165221157,2.210619728899414,2.7278429982215826
lgb_tweedie,none,0.99,2,13,0.95,26,erratic,1202,0.8966729430461746,0.9468310391771291,0.06324786324786325,5.194322083834772,0.9619914357170138,0.0,0.0,0.8686534874050967,0.9185395899606419,4.431359758161597,5.970765367124417
lgb_tweedie,none,0.99,2,13,0.95,26,intermittent,4278,0.7832793906896607,0.9745845552297165,0.11477927063339731,2.9922939080467703,0.4843308696842342,0.0,0.0,0.7465311049451211,0.8170839575247583,2.6606764084622956,3.349620267071488
lgb_tweedie,none,0.99,2,13,0.95,26,lumpy,1809,0.8574131786813685,0.9618825066586261,0.09146819415134157,5.771722029997901,2.0886380429655445,0.0,0.0,0.8218763503122594,0.8878341896664638,4.787367715392798,7.178063882837511
lgb_tweedie,quantile,0.99,2,13,0.95,26,all,9383,0.9251941708544313,0.9671359228004224,0.06879487283494909,3.277793079183181,0.4433189862757007,0.006853194336428021,0.04572098475967175,0.9112474659560666,0.9347497396861887,3.039094619374699,3.5594087105048273
lgb_tweedie,quantile,0.99,2,13,0.95,26,smooth,2094,0.96210058608054,0.9686984457758097,0.0370151705726827,2.4634251293582787,0.12913894628716124,0.0017312729885581339,0.011938872970391595,0.9499190405867622,0.9728163235566277,2.2051340123282346,2.7151797826848445
lgb_tweedie,quantile,0.99,2,13,0.95,26,erratic,1202,0.8964368590463359,0.9466041446074724,0.06351776878092667,5.152398939733321,0.930395527071925,0.008710156026571925,0.04326123128119801,0.8685093150539696,0.9185055211378517,4.410800238865155,5.94116878997728
lgb_tweedie,quantile,0.99,2,13,0.95,26,intermittent,4278,0.7826790056150956,0.9744464278124867,0.11540307101727447,2.9594567550221864,0.46701309575566863,0.006056758242642983,0.041608228143992516,0.7460699636905258,0.8169562219156977,2.6344771731107044,3.3050073480897932
lgb_tweedie,quantile,0.99,2,13,0.95,26,lumpy,1809,0.855673616734695,0.9616814915322378,0.09195055773289117,5.393446377594006,1.756771612966553,0.046951813043442696,0.09618573797678276,0.8200795146270285,0.8849501696957689,4.535655595146805,6.63527468335473
lgb_tweedie,fixed,0.99,2,13,0.95,26,all,9383,0.9227818114228263,0.961928245472954,0.07969618302032207,3.2280802060754366,0.42717456630466016,0.019654898470752778,0.4209741020995417,0.9085794828286563,0.9327033041716122,2.9910120165565353,3.5015147684512296
lgb_tweedie,fixed,0.99,2,13,0.95,26,smooth,2094,0.9620848700948051,0.9679169922722931,0.037939266370613754,2.4353403485302727,0.11450120290154815,0.00644135391331188,0.08548233046800383,0.9498916751753855,0.9728208826076497,2.180280958779933,2.682623271920067
lgb_tweedie,fixed,0.99,2,13,0.95,26,erratic,1202,0.8947737144458456,0.9456587505672365,0.06464237516869095,5.104984443407978,0.9364486824401488,0.01541167867240178,0.09816971713810316,0.8657074127040706,0.9169088625973721,4.35022810911996,5.861072887011466
lgb_tweedie,fixed,0.99,2,13,0.95,26,intermittent,4278,0.7804131845482505,0.9671150495133665,0.14851247600767753,2.7445626045210605,0.3284911471955576,0.059373713255168256,0.6482000935016363,0.7431957190958504,0.8145713758640837,2.4436629985758267,3.061816946034383
lgb_tweedie,fixed,0.99,2,13,0.95,26,lumpy,1809,0.830169130137229,0.9535403789135133,0.11148628278564969,5.345379390826129,1.809546323334942,0.09925318806082468,0.48645660585959094,0.7915426807454651,0.8618909466107707,4.399661949282288,6.597770962549961
lgb_tweedie,dead13,0.99,2,13,0.95,26,all,9383,0.9246697881533689,0.9600389485820584,0.08365107694803878,3.236589335309603,0.42105785602898815,0.005155667034696423,0.14494298198870298,0.9108836624071566,0.9343471920099127,2.9969782453226266,3.513490327694402
lgb_tweedie,dead13,0.99,2,13,0.95,26,smooth,2094,0.9619446835020496,0.9671138317270123,0.03888903149626511,2.426598802944799,0.0997396804122869,0.00205565093412676,0.027220630372492838,0.9497576875248275,0.9725531961022595,2.17361363037895,2.673187689872683
lgb_tweedie,dead13,0.99,2,13,0.95,26,erratic,1202,0.8961835006074844,0.9450915141430949,0.06531713900134953,5.149460365719068,0.9414229531229307,0.0040556544037343495,0.04326123128119801,0.8681810310850488,0.9178555405332388,4.396217355023135,5.928841948991841
lgb_tweedie,dead13,0.99,2,13,0.95,26,intermittent,4278,0.779219315376989,0.9633006077606359,0.16573896353166986,2.7120751010418176,0.28489813006503023,0.01414700463055615,0.22510518934081347,0.7418768676209158,0.8137026027948797,2.421345283232406,3.021283417289194
lgb_tweedie,dead13,0.99,2,13,0.95,26,lumpy,1809,0.854662053282946,0.9540680436202824,0.110220078384082,5.44993851548292,1.8913297287864785,0.024514735834703445,0.15920398009950248,0.8180578966147508,0.8854432857956056,4.5173901036909925,6.7547928837317235
lgb_tweedie,dead26,0.99,2,13,0.95,26,all,9383,0.9252699924138639,0.9646556150872467,0.07398693870928487,3.2867899738823585,0.463616517239156,0.0022569351851041085,0.08952360652243418,0.9114167935387454,0.9349574881302763,3.0436671757674394,3.5729822593690965
lgb_tweedie,dead26,0.99,2,13,0.95,26,smooth,2094,0.9621379901265891,0.9685682035252235,0.03716918653900454,2.4530110885708956,0.13424984771209825,0.0017322159477022286,0.026743075453677174,0.9499366483812924,0.9728589851684951,2.1945640420112857,2.705813969881665
lgb_tweedie,dead26,0.99,2,13,0.95,26,erratic,1202,0.8966719833551183,0.9467932234155196,0.06329284750337381,5.187071617904764,0.9604565058416394,0.0009088274302736463,0.016638935108153077,0.8686534874050967,0.9185395330390526,4.421268615836719,5.965956434463318
lgb_tweedie,dead26,0.99,2,13,0.95,26,intermittent,4278,0.7818600895746928,0.9700263504611331,0.13536468330134357,2.85027408383768,0.3890426273402941,0.0064961205002748885,0.14212248714352502,0.7447342122938235,0.8159281238668016,2.542620270324869,3.1851785285178362
lgb_tweedie,dead26,0.99,2,13,0.95,26,lumpy,1809,0.8566906333586906,0.9592944369063772,0.09767862526379259,5.637955714788186,1.9975449818545694,0.005614040827900611,0.08623548922056384,0.8212120544120237,0.8872873763270696,4.6894731626284,7.00608695691793
lgb_conformal,none,0.5,2,13,0.95,26,all,9383,0.757513299618942,0.8449274800654956,0.3246156654362552,0.8999045961795487,0.1419426160149462,0.0,0.0,0.7468187971088818,0.7668879910076604,0.7955504215269664,1.0300156496545538
lgb_conformal,none,0.5,2,13,0.95,26,smooth,2094,0.8001234647839335,0.7382781974472519,0.30949508432374156,0.626270087387167,0.04757681502347654,0.0,0.0,0.7886112910150709,0.8089111861085068,0.5406562413263476,0.7137472517257505
lgb_conformal,none,0.5,2,13,0.95,26,erratic,1202,0.7253546538298391,0.7641809106035395,0.2805218173639226,1.4851986848393766,0.20656313519551786,0.0,0.0,0.7005721794862177,0.7502193571518989,1.1268527082722495,1.9047998335081142
lgb_conformal,none,0.5,2,13,0.95,26,intermittent,4278,0.6062946119465128,0.9129159760295805,0.39328214971209213,0.578177727784027,0.12071328507249476,0.0,0.0,0.588220944954463,0.6226274195475481,0.475752017630575,0.6967401987564832
lgb_conformal,none,0.5,2,13,0.95,26,lumpy,1809,0.6584950880550988,0.861249309010503,0.3329514621646066,1.9920247355893106,0.8020940181427041,0.0,0.0,0.6354413209764509,0.6763940939245389,1.5400211043324001,2.573465144576901
lgb_conformal,quantile,0.5,2,13,0.95,26,all,9383,0.7574874287456448,0.8449032583104842,0.32466636920455927,0.8946832569280209,0.13954382884148636,0.0003799038240334841,0.006820846211233081,0.7467671705685996,0.7668736622881517,0.7913620633229093,1.0241832834764706
lgb_conformal,quantile,0.5,2,13,0.95,26,smooth,2094,0.8001212645459306,0.7382564904054876,0.30952075365146187,0.6233340269321704,0.04640402530399432,0.0002039934948391846,0.0019102196752626551,0.788607436716045,0.8089111291574886,0.5372345810333381,0.7099230313018157
lgb_conformal,quantile,0.5,2,13,0.95,26,erratic,1202,0.7253546538298391,0.7641809106035395,0.2805218173639226,1.4846679756852672,0.20644067861673968,5.950084548782056e-05,0.0016638935108153079,0.7005721794862177,0.7502193571518989,1.1266092873548468,1.9047853643862145
lgb_conformal,quantile,0.5,2,13,0.95,26,intermittent,4278,0.6060714803287626,0.912894725657699,0.3933781190019194,0.5724292132195132,0.11969608093466845,0.0007499062617172854,0.005142589995324918,0.5880175696136434,0.6224471445158032,0.46916568231876166,0.6894709071688069
lgb_conformal,quantile,0.5,2,13,0.95,26,lumpy,1809,0.6584241968158927,0.8611990552289059,0.333072053059994,1.9542778772981713,0.7809553412458863,0.0023775830995285733,0.01990049751243781,0.6353243519308288,0.6763147310709902,1.510378812772891,2.5196244325915838
lgb_conformal,fixed,0.5,2,13,0.95,26,all,9383,0.7557841302491007,0.8426361020414095,0.3294122419178193,0.8852479504298147,0.13372176791199764,0.003127191561478349,0.23297452840242994,0.7451359849467281,0.7652912456885613,0.7822545689779786,1.0128291512824315
lgb_conformal,fixed,0.5,2,13,0.95,26,smooth,2094,0.8000970619278989,0.737844056611965,0.3100084708781477,0.6205931590200015,0.04425137530591167,0.0005736334793243634,0.04632282712511939,0.788596801734939,0.8089051351821339,0.536393934411231,0.7086288643286018
lgb_conformal,fixed,0.5,2,13,0.95,26,erratic,1202,0.7239986103673506,0.7639540160338829,0.28079172289698606,1.4767630004548935,0.20364951314872715,0.0018118967142097616,0.03826955074875208,0.6985620287827458,0.7487148799525792,1.1185047797769432,1.892671039993822
lgb_conformal,fixed,0.5,2,13,0.95,26,intermittent,4278,0.6050800398416456,0.9098027965489396,0.407341650671785,0.5224592324732416,0.08552611905106954,0.008343282243093846,0.3445535296867695,0.5869003496909819,0.6216571699399414,0.4296717700255576,0.6385635525271441
lgb_conformal,fixed,0.5,2,13,0.95,26,lumpy,1809,0.6403251181293438,0.857379767827529,0.34223696110943624,1.930469327269406,0.768292529971998,0.022832432196619578,0.31453841901603097,0.6187877630892853,0.6588271642242661,1.484104017028134,2.4997163460841527
lgb_conformal,dead13,0.5,2,13,0.95,26,all,9383,0.7571105100223763,0.840354412719328,0.3341885368920618,0.8771262872749532,0.12989876926285523,0.0018839965961891009,0.14409037621229884,0.7464167394517779,0.7665280051783568,0.7749661368473106,1.0055871500181741
lgb_conformal,dead13,0.5,2,13,0.95,26,smooth,2094,0.7999543607774258,0.7369106538160979,0.3111122519701209,0.6159126241484294,0.040977106837899666,0.0007933429598984622,0.027698185291308502,0.7884917671048818,0.8087472777715204,0.5331882992694538,0.702718843907474
lgb_conformal,dead13,0.5,2,13,0.95,26,erratic,1202,0.7252385312120322,0.7631977008016941,0.2816914080071975,1.4755701044719682,0.20381419613398052,0.0010892493488496183,0.04326123128119801,0.7004710241989864,0.7501851481611028,1.118760906612721,1.8950412106540575
lgb_conformal,dead13,0.5,2,13,0.95,26,intermittent,4278,0.6041737114149075,0.9058077266352161,0.42538387715930903,0.4953659933612593,0.07387128756144747,0.00499400765088413,0.22346891070593736,0.5859974340354345,0.620968916756384,0.4079505058113498,0.6072254053054511
lgb_conformal,dead13,0.5,2,13,0.95,26,lumpy,1809,0.6572872104024714,0.856575707321976,0.3441664154356346,1.8952990928647968,0.7576632066288762,0.009916593730487868,0.15809839690436706,0.6341539112139164,0.6750991465305708,1.4665656319552831,2.4685124269507037
lgb_conformal,dead26,0.5,2,13,0.95,26,all,9383,0.7574157863272832,0.8433433772877448,0.32793169188334076,0.8897747562366716,0.13602598709322034,0.00041273993244915973,0.08494085047426196,0.7467113137415066,0.7667960451067131,0.7863839367026372,1.0186897674779414
lgb_conformal,dead26,0.5,2,13,0.95,26,smooth,2094,0.8001171783896395,0.7380828340713728,0.30972610827322433,0.6225846887323297,0.046705520774332904,0.0003133767555541865,0.026743075453677174,0.7886038945612703,0.8089079772561104,0.5378122461178919,0.7105379026149636
lgb_conformal,dead26,0.5,2,13,0.95,26,erratic,1202,0.7253536941387828,0.7641430948419301,0.2805668016194332,1.4835672100437427,0.20617254093562198,0.0001938575933635444,0.016638935108153077,0.7005700867152924,0.7502193571518989,1.124970818859097,1.9034834729876766
lgb_conformal,dead26,0.5,2,13,0.95,26,intermittent,4278,0.605526303077146,0.9101959284287475,0.4055662188099808,0.5321758093121796,0.08898258883283762,0.001412400137099427,0.1334735857877513,0.5874495900975071,0.6219533862206277,0.43606237751873206,0.6507605892119641
lgb_conformal,dead26,0.5,2,13,0.95,26,lumpy,1809,0.6581269989284516,0.8597165686717926,0.3366294844739222,1.94436673673993,0.7673087776987069,0.0007116389781845844,0.08291873963515754,0.6350828219122077,0.6760319612425063,1.4988686357586196,2.5200571719707967
lgb_conformal,none,0.8,2,13,0.95,26,all,9383,0.8691375606074959,0.913799618265141,0.18044457064049,1.4990292452312022,0.1900418232517857,0.0,0.0,0.8551824004256703,0.8817700144428905,1.3836368001409907,1.6456747054051768
lgb_conformal,none,0.8,2,13,0.95,26,smooth,2094,0.9141772021396372,0.8810237040896067,0.1406935852350027,1.1229118955553308,0.06909639997057967,0.0,0.0,0.9012692017758293,0.9251855026229902,1.005306747594227,1.2362999516789988
lgb_conformal,none,0.8,2,13,0.95,26,erratic,1202,0.8328870769921747,0.8914687641809106,0.12910481331533963,2.4484962600839535,0.27811155832714335,0.0,0.0,0.8000103733716852,0.8672116766946291,2.093036498892974,2.8725101644343987
lgb_conformal,none,0.8,2,13,0.95,26,intermittent,4278,0.7013302785004635,0.9342088486548514,0.29712092130518236,0.9105127196523748,0.1895036126619142,0.0,0.0,0.6742349228606309,0.7279931630035494,0.7789909028016895,1.0621032899168545
lgb_conformal,none,0.8,2,13,0.95,26,lumpy,1809,0.7803325889753217,0.9183124780139705,0.19602050045221586,2.761715458925343,0.9896127975046285,0.0,0.0,0.7468610326733055,0.8117417246633152,2.2058806281425793,3.5065264192077685
lgb_conformal,quantile,0.8,2,13,0.95,26,all,9383,0.869112087747634,0.9137753965101295,0.18049527440879407,1.4922029168016595,0.18683045184873262,0.0005128403114375529,0.00927208781839497,0.8551651873045986,0.8817202430326676,1.3782543782169916,1.6371520828389041
lgb_conformal,quantile,0.8,2,13,0.95,26,smooth,2094,0.9141772021396372,0.8810237040896067,0.1406935852350027,1.1197605260957657,0.06772722329335396,0.00022348131715047804,0.0019102196752626551,0.9012692017758293,0.9251855026229902,1.0028953298435554,1.236193376839517
lgb_conformal,quantile,0.8,2,13,0.95,26,erratic,1202,0.8328870769921747,0.8914687641809106,0.12910481331533963,2.447007779255702,0.2776977395436861,0.00013339705681946867,0.0033277870216306157,0.8000103733716852,0.8672116766946291,2.0907376317857853,2.8713363195837607
lgb_conformal,quantile,0.8,2,13,0.95,26,intermittent,4278,0.7011117475346257,0.9341875982829699,0.2972168905950096,0.9035082271157823,0.18806636900448792,0.0009224307084313848,0.007246376811594203,0.6737521265608211,0.727872838637655,0.7720552786064967,1.0554533011892795
lgb_conformal,quantile,0.8,2,13,0.95,26,lumpy,1809,0.7802426116332524,0.918237097341575,0.19620138679529694,2.7080562440185516,0.9603701613321011,0.003615453199512486,0.026533996683250415,0.7467063623095614,0.8116967048693671,2.1745997562574284,3.4297592173885127
lgb_conformal,fixed,0.8,2,13,0.95,26,all,9383,0.8670063976679597,0.9104376386695474,0.18748225368109359,1.465401488092632,0.16880123925463228,0.007718674551578163,0.3103485026111052,0.8527124190192195,0.8799549214069232,1.3544128543942378,1.6067522300957005
lgb_conformal,fixed,0.8,2,13,0.95,26,smooth,2094,0.9141454558484526,0.8805244421290267,0.14128397977256976,1.1095001876488697,0.060381382969026315,0.001979899882884474,0.055873925501432664,0.901247048166159,0.9251691243605796,0.9932358748125548,1.2260388178203134
lgb_conformal,fixed,0.8,2,13,0.95,26,erratic,1202,0.8313746038875165,0.8908258962335501,0.12986954565901934,2.4311757559006604,0.27339275740353663,0.0034923157537125648,0.05823627287853577,0.7975286703705824,0.866060425951104,2.0749967178713207,2.8623350144581616
lgb_conformal,fixed,0.8,2,13,0.95,26,intermittent,4278,0.6996579415303148,0.92982064686132,0.31693857965451055,0.8065310854548089,0.11136107986501688,0.028066276991449687,0.47709209911173445,0.6722506805432631,0.7263827168843232,0.683093467977349,0.9336371526420795
lgb_conformal,fixed,0.8,2,13,0.95,26,lumpy,1809,0.7576882912212106,0.9122568973315242,0.21055170334639733,2.5897823911614983,0.8802243435062262,0.04538947919478459,0.3781094527363184,0.7221129035146371,0.7908957445786916,2.107898179660845,3.2908073559462894
lgb_conformal,dead13,0.8,2,13,0.95,26,all,9383,0.8685871080264186,0.9080299962214062,0.1925222082505172,1.4584541635787458,0.16299931780497182,0.0025224101464769045,0.14494298198870298,0.854611827776122,0.8812647083836873,1.3445586342180116,1.6030698547711877
lgb_conformal,dead13,0.8,2,13,0.95,26,smooth,2094,0.9140124986091352,0.8794825041243379,0.1425161075031445,1.1028498111252834,0.0534622002254301,0.0010636579145389842,0.027220630372492838,0.901150240030281,0.9250785840400964,0.9890424171043114,1.2199735113698733
lgb_conformal,dead13,0.8,2,13,0.95,26,erratic,1202,0.8325502254314291,0.8900695810013614,0.13076923076923078,2.4305788280636698,0.2710048541173625,0.0018118967142097616,0.04326123128119801,0.7996923644863908,0.8671470406699154,2.074680182694219,2.860695678231028
lgb_conformal,dead13,0.8,2,13,0.95,26,intermittent,4278,0.6985077785522209,0.9253155680224404,0.33728406909788866,0.775035022462683,0.09389148442334279,0.005983147812044967,0.22510518934081347,0.6709671717286195,0.7255348743267422,0.658244467007109,0.9025055424073342
lgb_conformal,dead13,0.8,2,13,0.95,26,lumpy,1809,0.7785221357894421,0.9121312628775315,0.21085318058486585,2.5913147325628003,0.8882443239293378,0.013093066564147028,0.15920398009950248,0.7445947602807075,0.8100194772644272,2.0774958132339503,3.302096439254895
lgb_conformal,dead26,0.8,2,13,0.95,26,all,9383,0.8689873105356545,0.9115033958900526,0.18525128787571493,1.4787892670104972,0.17779920859008516,0.0008919481086003539,0.08952360652243418,0.8550249321851787,0.8816279838602011,1.3636087483941055,1.6229965651485887
lgb_conformal,dead26,0.8,2,13,0.95,26,smooth,2094,0.9141693441467698,0.8807849266301988,0.14097594783992606,1.11442212006133,0.06692300487132694,0.0007109911946475124,0.026743075453677174,0.9012592279606124,0.9251804887219723,0.9961416500090408,1.229519174862669
lgb_conformal,dead26,0.8,2,13,0.95,26,erratic,1202,0.8328861173011184,0.8914309484193012,0.1291497975708502,2.4449463628668657,0.27719524530663087,0.00042418344686478526,0.016638935108153077,0.8000093707071686,0.8672101289552017,2.088250927566726,2.8691107026199187
lgb_conformal,dead26,0.8,2,13,0.95,26,intermittent,4278,0.7001318086772895,0.9301606528114242,0.3154030710172745,0.8239974604401444,0.12109283885526578,0.00221061324389666,0.14212248714352502,0.6727485732873716,0.7270015714855641,0.6933847116763139,0.9591380618970182
lgb_conformal,dead26,0.8,2,13,0.95,26,lumpy,1809,0.7797654590616726,0.9162771998592895,0.20090443171540548,2.6706856546124293,0.9244212139306739,0.0022276208627463813,0.08623548922056384,0.7459633187520972,0.8111346089376946,2.1451529574212187,3.4026706722849944
lgb_conformal,none,0.9,2,13,0.95,26,all,9383,0.9159588661074843,0.9536734713650412,0.09697602725834584,2.4151954763384995,0.26990317925171886,0.0,0.0,0.9023062602063986,0.9268796640366553,2.2653504055179376,2.5941029265195428
lgb_conformal,none,0.9,2,13,0.95,26,smooth,2094,0.9511782903144894,0.9373534774680906,0.07408167980080602,1.7333452984371396,0.09144233144762459,0.0,0.0,0.937685966951333,0.9628609075761081,1.5987267272755619,1.861379082050512
lgb_conformal,none,0.9,2,13,0.95,26,erratic,1202,0.8804944712198249,0.9374527302979883,0.07440395861448493,3.75612234909338,0.38291327655801044,0.0,0.0,0.852436414637115,0.9056464881164433,3.413317333753689,4.161223779164974
lgb_conformal,none,0.9,2,13,0.95,26,intermittent,4278,0.7916111713029736,0.9651387649283862,0.1574376199616123,2.2624119837781014,0.36804065136029773,0.0,0.0,0.756096652922943,0.8272186343043717,1.9417923115221698,2.6430467664066137
lgb_conformal,none,0.9,2,13,0.95,26,lumpy,1809,0.8585937904727627,0.9562289562289562,0.10503466988242388,4.701324302880093,1.380576345774746,0.0,0.0,0.822324169860196,0.8896744396449593,3.964059716907017,5.6902993990911686
lgb_conformal,quantile,0.9,2,13,0.95,26,all,9383,0.9159329952341871,0.9536153391530137,0.09709771630227558,2.4035119909507667,0.2645565851720891,0.0009464759492421426,0.01886390280294149,0.9022579741017959,0.9268670472790583,2.25590695713562,2.5828989616969436
lgb_conformal,quantile,0.9,2,13,0.95,26,smooth,2094,0.9511757757567718,0.9373317704263263,0.07410734912852632,1.7300292254470728,0.08989682141045315,0.00024359777889116805,0.002387774594078319,0.9376858341678119,0.9628560370150485,1.5946833397366156,1.859411000084014
lgb_conformal,quantile,0.9,2,13,0.95,26,erratic,1202,0.8804944712198249,0.9374527302979883,0.07440395861448493,3.751017752365158,0.38126644670547655,0.00039347333306461986,0.0033277870216306157,0.852436414637115,0.9056464881164433,3.4053201246606957,4.155374714437292
lgb_conformal,quantile,0.9,2,13,0.95,26,intermittent,4278,0.7914455478341281,0.965064388626801,0.15777351247600768,2.247211429859611,0.36418438492734423,0.001957577388715981,0.019869097709209912,0.7559723401194541,0.8271181770057435,1.9248909347220298,2.631823524315307
lgb_conformal,quantile,0.9,2,13,0.95,26,lumpy,1809,0.8584574611665972,0.9561284486657621,0.10527585167319867,4.602534634460231,1.3299790870844341,0.007416314255410229,0.04588170259812051,0.8221375345870804,0.8895670480979425,3.8939168007694276,5.562893482202558
lgb_conformal,fixed,0.9,2,13,0.95,26,all,9383,0.9126784393733995,0.9488678751707633,0.10703565488987142,2.3473620465532434,0.22761552538967508,0.015284710950702851,0.3554300330384738,0.8985754201596943,0.9241219812943029,2.1945805991340506,2.5219682468968987
lgb_conformal,fixed,0.9,2,13,0.95,26,smooth,2094,0.9511317709967141,0.9367239732569246,0.07482609030469492,1.7111357817162738,0.07667735144150165,0.004097471800806796,0.06494746895893028,0.9376588104472138,0.96281602160827,1.5760255346923322,1.8386317846712146
lgb_conformal,fixed,0.9,2,13,0.95,26,erratic,1202,0.8779081038232173,0.9360913628800485,0.07602339181286549,3.720561956694901,0.3748607008431845,0.00811898633591874,0.08319467554076539,0.8508274162723602,0.9037078775672507,3.3888314984841474,4.116758822798468
lgb_conformal,fixed,0.9,2,13,0.95,26,intermittent,4278,0.7890394068839555,0.959316163032853,0.18373320537428023,2.051014328730381,0.212529875483356,0.04812741965536516,0.5371669004207573,0.753174900408976,0.8248490670243565,1.7563651664945947,2.437106730762425
lgb_conformal,fixed,0.9,2,13,0.95,26,lumpy,1809,0.8244487524505193,0.9467058646163123,0.12788664455833584,4.316199466134437,1.1364798137196361,0.09375911702234983,0.4427860696517413,0.7861514425299471,0.8589740458791797,3.7084402125605935,5.242994204530151
lgb_conformal,dead13,0.9,2,13,0.95,26,all,9383,0.9152259243663029,0.9470028000348794,0.11093984504928406,2.344952473215686,0.22008073304522469,0.003637444785586182,0.14494298198870298,0.9016313025651679,0.9261639841631123,2.197584261416106,2.5187784118259
lgb_conformal,dead13,0.9,2,13,0.95,26,smooth,2094,0.9509988137573967,0.9358122775028219,0.07590420206894781,1.7036590586627458,0.06717194608536797,0.0013292580734590319,0.027220630372492838,0.9374983877347101,0.9626044960143002,1.5686819461085735,1.8310073351577059
lgb_conformal,dead13,0.9,2,13,0.95,26,erratic,1202,0.880005988472191,0.9359022840720013,0.07624831309041835,3.726668470885852,0.3702770244202986,0.002613238746182829,0.04326123128119801,0.8519843289770601,0.9055788073471318,3.391448513830936,4.125568797079564
lgb_conformal,dead13,0.9,2,13,0.95,26,intermittent,4278,0.7879191481432919,0.9548854604955587,0.20374280230326294,2.0174134674883435,0.17934169271785813,0.009426735768458391,0.22510518934081347,0.752259799507906,0.8239051130413366,1.7281335697092923,2.4090719572225554
lgb_conformal,dead13,0.9,2,13,0.95,26,lumpy,1809,0.8558726575216968,0.9486908889893965,0.12312330419053362,4.370521241469194,1.1680618607859659,0.019707764499303358,0.15920398009950248,0.8188081742527162,0.8872604497741986,3.7428310619301985,5.273533610805143
lgb_conformal,dead26,0.9,2,13,0.95,26,all,9383,0.9157712027727208,0.951052677472799,0.10246217498884518,2.3788693871150315,0.2490947184413157,0.0017349405646537005,0.08963018224448471,0.9021109534651413,0.926703364150468,2.2318489658913774,2.556091129835023
lgb_conformal,dead26,0.9,2,13,0.95,26,smooth,2094,0.9511698036821926,0.9370712859251541,0.07441538106117,1.719909387912647,0.08804151786247508,0.001103576518305666,0.026743075453677174,0.9376823748698384,0.9628531388960201,1.585019260272821,1.8475474624644805
lgb_conformal,dead26,0.9,2,13,0.95,26,erratic,1202,0.8804935115287686,0.9374149145363788,0.0744489428699955,3.74893138400886,0.3812854485883904,0.0008080598693668534,0.016638935108153077,0.8524363858712952,0.9056449403770159,3.4051694901885945,4.151984934022509
lgb_conformal,dead26,0.9,2,13,0.95,26,intermittent,4278,0.7902194740994799,0.9607080623910919,0.177447216890595,2.1128378891288895,0.26034859139540073,0.005444871538296977,0.14212248714352502,0.7547505614705756,0.8260526011691214,1.8155552526837566,2.4996000311554503
lgb_conformal,dead26,0.9,2,13,0.95,26,lumpy,1809,0.8577485487745359,0.9534649982411176,0.11166716912873079,4.517893221434239,1.2572534007345422,0.0054477190743785426,0.08678828081813156,0.8215870277458224,0.8887385617441141,3.8354155576580333,5.440906665655503
lgb_conformal,none,0.95,2,13,0.95,26,all,9383,0.9412566000577915,0.9733948242953891,0.055693019105179896,3.752873059983013,0.420427840562186,0.0,0.0,0.9275405006188082,0.9500230403063117,3.5241310422502274,4.021082048914915
lgb_conformal,none,0.95,2,13,0.95,26,smooth,2094,0.9681983885456867,0.9651819050099852,0.04117360166337244,2.4657196632755762,0.11900288985545694,0.0,0.0,0.9553444710174802,0.9790465485900383,2.2986544424175746,2.625958550433023
lgb_conformal,none,0.95,2,13,0.95,26,erratic,1202,0.9201277924610509,0.9646800786567842,0.04201529464687359,5.59258811403433,0.5952403162373968,0.0,0.0,0.8964987504911368,0.9370253975453922,5.2332675700919635,6.009172540778297
lgb_conformal,none,0.95,2,13,0.95,26,intermittent,4278,0.8271719102596838,0.9789196310935442,0.09520153550863723,4.6115761603419205,0.70136984410691,0.0,0.0,0.7924230188590435,0.8592864951702581,4.021179644494013,5.3824805213384534
lgb_conformal,none,0.95,2,13,0.95,26,lumpy,1809,0.902802657876153,0.9756269159254234,0.05848658426288815,8.673712165209306,2.2054946163556997,0.0,0.0,0.8713361493208011,0.930497420447932,7.592871741549146,10.207632721139872
lgb_conformal,quantile,0.95,2,13,0.95,26,all,9383,0.9412187887814341,0.9733173146793525,0.05585527116375289,3.728421900609677,0.40991678335093884,0.00246370316476403,0.037301502717680915,0.9275025518558624,0.9499563838742012,3.498815841263581,3.9929050079609456
lgb_conformal,quantile,0.95,2,13,0.95,26,smooth,2094,0.9681939880696809,0.9651384909264565,0.04122494031881305,2.4601266582722348,0.11643049731036621,0.0004972537886526812,0.008595988538681949,0.9553339781669488,0.9790420262034978,2.294174738219331,2.62311086452131
lgb_conformal,quantile,0.95,2,13,0.95,26,erratic,1202,0.9201277924610509,0.9646800786567842,0.04201529464687359,5.581712894984846,0.5916003999992322,0.0008147777067606396,0.005823627287853577,0.8964987504911368,0.9370253975453922,5.224924855578986,6.004022810008774
lgb_conformal,quantile,0.95,2,13,0.95,26,intermittent,4278,0.826978682879364,0.9788240044200773,0.09563339731285989,4.576109734749414,0.6915065064719671,0.004816882552257655,0.04511453950444133,0.7922486806896742,0.8592052889346518,3.984965148859831,5.341115026827736
lgb_conformal,quantile,0.95,2,13,0.95,26,lumpy,1809,0.9025518119528082,0.9755012814714308,0.058788061501356646,8.460160486859218,2.1058297137902544,0.021417333998620346,0.07296849087893864,0.8710986913331858,0.9303610823329282,7.409795385306188,9.964761758379932
lgb_conformal,fixed,0.95,2,13,0.95,26,all,9383,0.9367142717269564,0.9662687839710113,0.07061006774023446,3.590974726942883,0.3352330249259894,0.03420089648546176,0.45752957476286904,0.922103587023313,0.9459594034635999,3.367028580372505,3.819535859632391
lgb_conformal,fixed,0.95,2,13,0.95,26,smooth,2094,0.9681358389224617,0.9644221585482331,0.042072028133583184,2.4293544438835584,0.09714031923567504,0.006837396753831715,0.0778414517669532,0.9552990148220105,0.9790003118658668,2.267432321501048,2.584690377273327
lgb_conformal,fixed,0.95,2,13,0.95,26,erratic,1202,0.9163945942522184,0.9621086068673423,0.04507422402159244,5.503411701704987,0.5777290254721199,0.019679424799568523,0.13477537437603992,0.891817930096603,0.9346838753085132,5.143674638459532,5.900039566266043
lgb_conformal,fixed,0.95,2,13,0.95,26,intermittent,4278,0.8231624421180481,0.9711207446130308,0.13042226487523992,4.2179535840228555,0.42063668421815376,0.0822389532596769,0.6407199625993455,0.7877540866538602,0.8556397642156525,3.6169180952512203,5.024690075236847
lgb_conformal,fixed,0.95,2,13,0.95,26,lumpy,1809,0.8564697798827022,0.9596964671591537,0.0967138981006934,7.490921831502431,1.610396472888191,0.2558846545006394,0.6782752902155887,0.8215182820931148,0.885674081980305,6.643315158166031,8.691667200626142
lgb_conformal,dead13,0.95,2,13,0.95,26,all,9383,0.9403982840844776,0.9659732785598714,0.07122865371354399,3.6346604825992506,0.3383428233003433,0.005453580091049554,0.14494298198870298,0.9266726363338856,0.9492363946385188,3.405324887820072,3.88623042208684
lgb_conformal,dead13,0.95,2,13,0.95,26,smooth,2094,0.9680129399140147,0.963488755752366,0.04317580922555638,2.4223957197198533,0.08517661939088611,0.0016605510527510205,0.027220630372492838,0.9552175035979928,0.9787570198568764,2.262292530353432,2.574234479897524
lgb_conformal,dead13,0.95,2,13,0.95,26,erratic,1202,0.9196431484776421,0.9630918166691878,0.04390463337831759,5.54232045619874,0.5730186698298083,0.0038339657697394054,0.04326123128119801,0.8958728750638922,0.9368332789263889,5.181381131247909,5.947212354555413
lgb_conformal,dead13,0.95,2,13,0.95,26,intermittent,4278,0.8228979046330865,0.9675400569509967,0.14659309021113243,4.214238557603613,0.3824485129542856,0.01398598181362299,0.22510518934081347,0.7878216199205718,0.8558026960272465,3.624332331474713,5.035388962486003
lgb_conformal,dead13,0.95,2,13,0.95,26,lumpy,1809,0.8990945007484479,0.9670586461631238,0.07904733192643955,8.043682636281591,1.8154308415062754,0.032844456441423385,0.15920398009950248,0.8662548984011444,0.9257293622479001,7.108090394553846,9.471860061798381
lgb_conformal,dead26,0.95,2,13,0.95,26,all,9383,0.9410265482921641,0.9705269685020298,0.061696345272380645,3.690287636349453,0.38700856286104796,0.0029793295702489732,0.08952360652243418,0.9272842514709914,0.9498088530248577,3.4615054826156433,3.9433809489709346
lgb_conformal,dead26,0.95,2,13,0.95,26,smooth,2094,0.9681899019133898,0.9648997134670487,0.04150730292373643,2.44451565532203,0.11424119763354974,0.0016002016675289504,0.026743075453677174,0.9553367666028952,0.9790333648909313,2.2769490691956578,2.607031333257149
lgb_conformal,dead26,0.95,2,13,0.95,26,erratic,1202,0.9201268327699946,0.9646422628951747,0.04206027890238417,5.578639004531661,0.5925462715042773,0.0014961583567018105,0.016638935108153077,0.8964987504911368,0.93702535629661,5.219354760527472,5.991711894623684
lgb_conformal,dead26,0.95,2,13,0.95,26,intermittent,4278,0.8256145895873446,0.9742126737217901,0.11645873320537428,4.374672491091988,0.5387588821335983,0.009882200307783614,0.14212248714352502,0.7907427186695498,0.8579961359860432,3.773099537126914,5.210145597516229
lgb_conformal,dead26,0.95,2,13,0.95,26,lumpy,1809,0.9015729675345391,0.9722347856676214,0.06662646970153753,8.320600176137464,1.989321052789434,0.01097450914633315,0.08623548922056384,0.8702042700865396,0.9291571298022471,7.311807405185405,9.813423070750568
lgb_conformal,none,0.99,2,13,0.95,26,all,9383,0.9679975307246471,0.9900061038822628,0.020920374802255302,17.25689996091508,1.4481358642742344,0.0,0.0,0.9564783923888147,0.9745345743139796,15.384244732645122,19.263102880595984
lgb_conformal,none,0.99,2,13,0.95,26,smooth,2094,0.9840331871327567,0.9873665016931492,0.014939548733218677,4.551102099215647,0.2049422374660299,0.0,0.0,0.9729142206232648,0.9915654536575906,4.276786315541273,4.802348179029538
lgb_conformal,none,0.99,2,13,0.95,26,erratic,1202,0.9637870176832674,0.9887309030403872,0.013405308142150248,13.21664353811221,1.8699394051067078,0.0,0.0,0.9473149287337045,0.9753020053723154,12.380765922956384,14.127643441774358
lgb_conformal,none,0.99,2,13,0.95,26,intermittent,4278,0.8665626919334469,0.9891516851544903,0.04899232245681382,42.004770876033135,2.7650189431842493,0.0,0.0,0.837582311551087,0.8915987481058791,37.423455264958314,48.17625736520511
lgb_conformal,none,0.99,2,13,0.95,26,lumpy,1809,0.9610888894342061,0.9959294436906377,0.009767862526379258,109.61919134908756,9.473000526231122,0.0,0.0,0.9384634467732159,0.9827274421907426,95.92666132553265,125.28587036960909
lgb_conformal,quantile,0.99,2,13,0.95,26,all,9383,0.9505159846175768,0.9752066115702479,0.05190037723603618,9.504021925764127,1.364550017950406,2.0020766350988946,0.3376318874560375,0.9383424296600997,0.9599745902485417,8.753698718980546,10.244140826009895
lgb_conformal,quantile,0.99,2,13,0.95,26,smooth,2094,0.9839681229518141,0.9870626031084484,0.015298919321302975,4.492245418318679,0.19893030714693882,0.011722239439957705,0.039637058261700095,0.9727975468666307,0.9915034995056923,4.229057612432479,4.780952423572533
lgb_conformal,quantile,0.99,2,13,0.95,26,erratic,1202,0.9627476722693431,0.9849115111178339,0.017948717948717947,12.207141636964229,1.8565367436914708,0.19061959573973947,0.08485856905158069,0.9461216298912061,0.9742342910090837,11.547464235647737,12.93844994061281
lgb_conformal,quantile,0.99,2,13,0.95,26,intermittent,4278,0.7693279137653806,0.9818840579710145,0.08181381957773512,17.268015577807375,2.659255016435829,6.79947598574718,0.2952314165497896,0.7269929782977169,0.814425502197354,16.01809415227954,18.870061255746155
lgb_conformal,quantile,0.99,2,13,0.95,26,lumpy,1809,0.8403447495494316,0.9392431780491481,0.14579439252336449,36.09644207776769,8.543384620418314,18.727698570450894,0.9508015478164732,0.7989351586735227,0.8840062298229678,31.984380425546593,40.525953886843816
lgb_conformal,fixed,0.99,2,13,0.95,26,all,9383,0.9415254581333647,0.962664586825303,0.07815478846387863,6.898445478925587,0.9977470449492494,3.10328408845769,0.6895449216668443,0.9284149443758221,0.9511374958722847,6.4337022467548275,7.383387105582344
lgb_conformal,fixed,0.99,2,13,0.95,26,smooth,2094,0.9838615685685315,0.9857601806025875,0.016839078984521395,4.400170172693538,0.1635578351418242,0.03292750467236256,0.12416427889207259,0.972703938268878,0.9913860837679405,4.151312733133737,4.673672458274709
lgb_conformal,fixed,0.99,2,13,0.95,26,erratic,1202,0.9535864614463312,0.9790500680683709,0.0249212775528565,11.375815017629524,1.734284962984716,0.43864982984677575,0.413477537437604,0.9344198666898109,0.9657698637725498,10.727780363369334,11.911937007143097
lgb_conformal,fixed,0.99,2,13,0.95,26,intermittent,4278,0.7614584986692614,0.9689744570529985,0.1401151631477927,8.978664476756357,1.8392670241373203,10.726233607302154,0.9186535764375876,0.7178752713000148,0.8062734561432718,7.50327117600288,10.925396631153054
lgb_conformal,fixed,0.99,2,13,0.95,26,lumpy,1809,0.7534457232133362,0.910121111613649,0.21567681640036176,13.383507971174533,5.143932664229099,28.272285070032364,0.9856274184632393,0.7140544432289829,0.7868065400981321,11.89717483552676,15.085494880243553
lgb_conformal,dead13,0.99,2,13,0.95,26,all,9383,0.9668974215893632,0.981291116429132,0.03916359063805622,16.520317391833878,1.2330427171899616,0.039677760362478796,0.14494298198870298,0.9552888987182698,0.973453111066405,14.742386811145652,18.397420354192512
lgb_conformal,dead13,0.99,2,13,0.95,26,smooth,2094,0.9838395661885025,0.9856516453937657,0.01696742562312293,4.460492526420143,0.1474727751979114,0.004919417854742801,0.027220630372492838,0.9727509198903229,0.9913087861235811,4.2108140452944065,4.69218433356036
lgb_conformal,dead13,0.99,2,13,0.95,26,erratic,1202,0.9632994946266897,0.9870670095295719,0.015384615384615385,12.830701860457081,1.8154082237845992,0.012557557471098903,0.04326123128119801,0.9468132595914421,0.9748956743429993,11.964020860057179,13.728088644930164
lgb_conformal,dead13,0.99,2,13,0.95,26,intermittent,4278,0.8612374373448718,0.9760295805176591,0.10825335892514396,41.0175261834602,2.0078698751613104,0.04498517439921237,0.22510518934081347,0.8318685804246083,0.8866610441342265,36.67485005065055,47.11900874092447
lgb_conformal,dead13,0.99,2,13,0.95,26,lumpy,1809,0.9553930510226061,0.9848484848484849,0.03635815495930057,102.57997758746207,8.076918085173098,0.41195171761292837,0.15920398009950248,0.9318868830630416,0.9754684463875769,90.17366107442308,117.06266376703927
lgb_conformal,dead26,0.99,2,13,0.95,26,all,9383,0.9676618063919366,0.9862711092594925,0.02873889587474141,16.86628181420892,1.3546873644266735,0.015098440662963019,0.08963018224448471,0.9561014184182187,0.9742036871212114,15.053916376029932,18.793488527681305
lgb_conformal,dead26,0.99,2,13,0.95,26,smooth,2094,0.9840247005004599,0.9870843101502127,0.015273249993582668,4.508750032217772,0.19680462578037727,0.0028816831443538434,0.026743075453677174,0.9729058725566995,0.99155697732468,4.243030548716337,4.746274474827683
lgb_conformal,dead26,0.99,2,13,0.95,26,erratic,1202,0.9637860579922112,0.9886930872787778,0.013450292397660818,13.042198575434595,1.8641206062944216,0.016161197387337067,0.016638935108153077,0.9473138068667338,0.9753004929647565,12.198637833884693,13.9529169897885
lgb_conformal,dead26,0.99,2,13,0.95,26,intermittent,4278,0.8643750819491122,0.983244081771431,0.07567178502879078,41.44379728607544,2.3912951065165937,0.022540894044686132,0.1423562412342216,0.83539518428723,0.889235813115961,36.97996485748244,47.605727877988876
lgb_conformal,dead26,0.99,2,13,0.95,26,lumpy,1809,0.9591584664589008,0.9908789386401327,0.021887247512812784,105.79526882775883,8.7227634495677,0.10923249327214873,0.08623548922056384,0.9366219090224144,0.9805380152888177,92.67937201291724,121.8280608271729
hgb_quantile,none,0.5,2,13,0.95,26,all,9383,0.7658536711565236,0.8458188406499181,0.3227497667626658,0.747373111326746,0.08455166572602825,0.0,0.0,0.7499020936741209,0.7810730746777265,0.6789097714803161,0.8178809734005493
hgb_quantile,none,0.5,2,13,0.95,26,smooth,2094,0.8224785115327047,0.7544065294781628,0.29042277382755344,0.5666800985958081,0.028474034362688493,0.0,0.0,0.8073815240578937,0.8347421572760992,0.5054140839372483,0.6320054286226188
hgb_quantile,none,0.5,2,13,0.95,26,erratic,1202,0.7194765461102762,0.7584329148389048,0.2873594242015295,1.1383922487672766,0.10095278128065012,0.0,0.0,0.6773269741828357,0.7616834761518292,0.9310188277718227,1.3521577061312173
hgb_quantile,none,0.5,2,13,0.95,26,intermittent,4278,0.5744511997350025,0.9115772026010456,0.39932821497120924,0.559970647840799,0.1260169165970818,0.0,0.0,0.5328306877138699,0.6205702053599641,0.4679935030421098,0.6672137353367975
hgb_quantile,none,0.5,2,13,0.95,26,lumpy,1809,0.6332905259311973,0.8541886526961153,0.349894482966536,1.4260072690786048,0.47525432232065207,0.0,0.0,0.5859410060681323,0.6754592923829604,1.108971803183917,1.8360820580118122
hgb_quantile,quantile,0.5,2,13,0.95,26,all,9383,0.7656088928937885,0.8456105335568194,0.3231858191700807,0.7196616248978102,0.0787659434231862,0.0026408191434910077,0.014600873920920814,0.7495232266170064,0.7807446221974631,0.6578649254536348,0.7889060186481421
hgb_quantile,quantile,0.5,2,13,0.95,26,smooth,2094,0.8224772542538459,0.7543848224363984,0.29044844315527374,0.566409469321453,0.028474034362688493,4.086156291077658e-05,0.0019102196752626551,0.8073792104206334,0.8347408736310211,0.505411426650191,0.6315321405849652
hgb_quantile,quantile,0.5,2,13,0.95,26,erratic,1202,0.7186416148913342,0.7579791256995916,0.2878992352676563,1.110990190038023,0.096521119921075,0.0035738894934942544,0.024958402662229616,0.6770460942263975,0.7608085959127806,0.9072310037449414,1.3165027705051793
hgb_quantile,quantile,0.5,2,13,0.95,26,intermittent,4278,0.574225767791296,0.9115240766713417,0.39956813819577736,0.5568721087778138,0.12575882002479752,0.000547477577572742,0.002571294997662459,0.5325570803424512,0.6205289231624977,0.46720475529772115,0.6596195548968263
hgb_quantile,quantile,0.5,2,13,0.95,26,lumpy,1809,0.6325870667113827,0.8535604804261521,0.3514018691588785,1.1302053937326693,0.40888103632085376,0.025024607439762897,0.05085682697622996,0.5849737834752874,0.6751747490266814,0.8950452165840193,1.43251106570476
hgb_quantile,fixed,0.5,2,13,0.95,26,all,9383,0.7655963554705753,0.8436873262089077,0.3272116983734231,0.7387145280476088,0.0779866331167875,0.0028262934043601575,0.277523180219546,0.7496030590385186,0.7808491885900982,0.670313390443754,0.8092010323267108
hgb_quantile,fixed,0.5,2,13,0.95,26,smooth,2094,0.8224690819412637,0.7541677520187549,0.2907051364324768,0.5662472803486687,0.028350946762412642,0.00017287584308405476,0.04345749761222541,0.8073721145642608,0.8347295953736379,0.5049674344309628,0.631508595532702
hgb_quantile,fixed,0.5,2,13,0.95,26,erratic,1202,0.7194573522891511,0.7583950990772954,0.28740440845704,1.1374910988654532,0.10087888506931848,0.00020537388603860646,0.030782029950083195,0.677304908938624,0.7616775328848189,0.9297826250265158,1.3513495554958508
hgb_quantile,fixed,0.5,2,13,0.95,26,intermittent,4278,0.5733240400164703,0.9076883845467296,0.4168905950095969,0.486981305250954,0.06733790178068232,0.023799172342720963,0.4541841982234689,0.5313843529227597,0.6194372544235613,0.40722420144393257,0.5790031647302117
hgb_quantile,fixed,0.5,2,13,0.95,26,lumpy,1809,0.631237406580343,0.8526307854666064,0.35363280072354536,1.4002055845936978,0.45613713637565817,0.008430604293282509,0.29463792150359314,0.5839023002764858,0.6734748006609326,1.0902081625499291,1.79455744576683
hgb_quantile,dead13,0.5,2,13,0.95,26,all,9383,0.7654628219630182,0.8409115130845921,0.3330223502210684,0.7319200406928936,0.07633388232653181,0.0013162304306744178,0.14494298198870298,0.7494316843868432,0.7807118454514342,0.6644709060371194,0.8019480794780665
hgb_quantile,dead13,0.5,2,13,0.95,26,smooth,2094,0.8223336101442288,0.7534731266822957,0.29152655491952667,0.5640910471058384,0.02809163299778656,0.00044790559344505093,0.027220630372492838,0.8072349710478898,0.8346224423387498,0.5033994816281981,0.6293728479245635
hgb_quantile,dead13,0.5,2,13,0.95,26,erratic,1202,0.7194064886631696,0.7576387838451066,0.28830409356725145,1.1329891881205603,0.10050729269233648,0.0008330118368294879,0.04326123128119801,0.6772525629037911,0.7616189180712973,0.9271552219230381,1.3446108346754573
hgb_quantile,dead13,0.5,2,13,0.95,26,intermittent,4278,0.5719668477023194,0.9032683071953759,0.43685220729366603,0.4565986000216231,0.052039353976458466,0.0041175834615765055,0.22510518934081347,0.5297324741660521,0.6180946989523347,0.37978840606107733,0.5393672050221313
hgb_quantile,dead13,0.5,2,13,0.95,26,lumpy,1809,0.632336220788038,0.8499924619327605,0.3599638227313838,1.3746220269986558,0.4549314399919293,0.00690098947810415,0.15920398009950248,0.585002675019013,0.6745723220098743,1.0665463061553382,1.7621732237786931
hgb_quantile,dead26,0.5,2,13,0.95,26,all,9383,0.7657322770587444,0.84375514712294,0.32706972782217175,0.7395979188673493,0.07828215809252857,0.00017631995185629485,0.08963018224448471,0.7497625909198751,0.7809593008293627,0.6713221881803767,0.8096695166203044
hgb_quantile,dead26,0.5,2,13,0.95,26,smooth,2094,0.8224759969749871,0.754297994269341,0.290551120466155,0.5664333576197699,0.02835302127252965,1.85448631671986e-05,0.027220630372492838,0.8073771257318005,0.8347392381660401,0.5051601474564605,0.6317150284577215
hgb_quantile,dead26,0.5,2,13,0.95,26,erratic,1202,0.7194755864192199,0.7583950990772954,0.28740440845704,1.138205109011307,0.10090844355385113,4.126671541897232e-05,0.016638935108153077,0.6773269261694841,0.7616825987668089,0.9308584129074015,1.3519858236204967
hgb_quantile,dead26,0.5,2,13,0.95,26,intermittent,4278,0.5733148387126455,0.9076458838029665,0.41708253358925146,0.488791661778474,0.06752008759641241,0.0014331030707051189,0.14212248714352502,0.5313487942253413,0.6194551733771144,0.40883929398219554,0.581712734874916
hgb_quantile,dead26,0.5,2,13,0.95,26,lumpy,1809,0.6329987812160028,0.8529323081561888,0.352909255351221,1.4065203580552896,0.459868196826799,0.00043898036585332604,0.08623548922056384,0.5856669292986505,0.675136226480249,1.093310476004645,1.8071194006977234
hgb_quantile,none,0.8,2,13,0.95,26,all,9383,0.8899035135830045,0.9344656196409367,0.1371841155234657,1.9004050980744907,0.316809779030901,0.0,0.0,0.8796166173998143,0.8986364459319921,1.7214310008708336,2.115212739925608
hgb_quantile,none,0.8,2,13,0.95,26,smooth,2094,0.9208942144427394,0.9024051402274897,0.1154092974305003,1.3232526809900065,0.09353067163207998,0.0,0.0,0.9100132689051336,0.9285359934235328,1.176307591231098,1.4643945966505554
hgb_quantile,none,0.8,2,13,0.95,26,erratic,1202,0.8568102556425036,0.8979352594161246,0.12141250562303194,3.090290613645655,0.5692858554973983,0.0,0.0,0.8322216832634286,0.8800262682378531,2.4592719026703427,3.767734538957576
hgb_quantile,none,0.8,2,13,0.95,26,intermittent,4278,0.7956091378148283,0.9602618045815802,0.17946257197696738,1.4850766353592304,0.27566232135093544,0.0,0.0,0.7723467016669289,0.8176316219260452,1.2719800306716122,1.7505320470016077
hgb_quantile,none,0.8,2,13,0.95,26,lumpy,1809,0.8268617811696509,0.934845972159405,0.15634609586976184,4.018647122497335,1.5851188382561847,0.0,0.0,0.7958191914285305,0.8531467303167042,3.1776192238147587,5.035837364094659
hgb_quantile,quantile,0.8,2,13,0.95,26,all,9383,0.8891072877056038,0.9340490054547392,0.13805622033829554,1.6942888654149413,0.24457997244154975,0.016727509653815874,0.052861558137056376,0.8788506652785705,0.8978966238661801,1.5435495465995852,1.8973295362273623
hgb_quantile,quantile,0.8,2,13,0.95,26,smooth,2094,0.9208810130147221,0.902296605018668,0.11553764406910183,1.289984453746911,0.08441458267457161,0.002600995639128278,0.010983763132760267,0.9100055285164995,0.9285274591039769,1.1680704056551416,1.3924155761676613
hgb_quantile,quantile,0.8,2,13,0.95,26,erratic,1202,0.8543966326360218,0.897103312660717,0.12240215924426451,2.728640636006457,0.45459471287003284,0.03194523618956586,0.09151414309484193,0.8286466760191675,0.8775434690698523,2.1376283939622978,3.4176408267633143
hgb_quantile,quantile,0.8,2,13,0.95,26,intermittent,4278,0.7947373142774331,0.9600811764205873,0.18027831094049904,1.390558542145422,0.2625550640525763,0.010777027104740742,0.024544179523141654,0.7714297934983403,0.8173328589371464,1.2026052424750806,1.5938128300249748
hgb_quantile,quantile,0.8,2,13,0.95,26,lumpy,1809,0.823957966948323,0.9337906427458667,0.1588785046728972,2.6227604503229642,1.0159641617519952,0.10308676815020218,0.14262023217247097,0.7919502108276353,0.8507898768004788,2.1391602940226435,3.3392290693461297
hgb_quantile,fixed,0.8,2,13,0.95,26,all,9383,0.886506269905647,0.9303043221299643,0.14589502291810327,1.862629443919509,0.29561472777075065,0.008494800750494134,0.36811254396248533,0.8760684253693807,0.8955611541563804,1.6874220699887081,2.0703749789777866
hgb_quantile,fixed,0.8,2,13,0.95,26,smooth,2094,0.9208583819952638,0.9017756360163237,0.1161537079343892,1.3139915649161364,0.08857535846591863,0.001078116621415105,0.06638013371537727,0.9099730564769772,0.9285043588134113,1.1687541925137834,1.454021291168866
hgb_quantile,fixed,0.8,2,13,0.95,26,erratic,1202,0.8536135247341176,0.8971789441839358,0.12231219073324337,3.0795094443196844,0.5683737651175333,0.006528778255703924,0.08402662229617304,0.8266343854250092,0.8775893094232631,2.4675150031814375,3.752915438488383
hgb_quantile,fixed,0.8,2,13,0.95,26,intermittent,4278,0.7920459329086932,0.9548004590080327,0.20412667946257199,1.3507675037552822,0.19079409552333568,0.03206654382926061,0.5673211781206171,0.768500254084156,0.8146760614272441,1.1534999289453463,1.592241536964678
hgb_quantile,fixed,0.8,2,13,0.95,26,lumpy,1809,0.7939328005584049,0.9274084124830393,0.17419354838709677,3.7712476040124447,1.4408971558980148,0.05047728890088587,0.4350469872857933,0.7637251952093616,0.8229303674814357,2.98472798259164,4.754004336343095
hgb_quantile,dead13,0.8,2,13,0.95,26,all,9383,0.8893638073646813,0.9286039549281583,0.14945442745304832,1.8678710818562392,0.29980242613069646,0.003020523960806821,0.14504955771075348,0.8790831663860155,0.8980395384538469,1.691033538000257,2.0795688568315938
hgb_quantile,dead13,0.8,2,13,0.95,26,smooth,2094,0.9207141092462173,0.900929061387514,0.11715481171548117,1.3111884617004572,0.08632728100245358,0.0010083376447520866,0.027220630372492838,0.9098656865768658,0.9282242912817924,1.1663037407466101,1.449231182395108
hgb_quantile,dead13,0.8,2,13,0.95,26,erratic,1202,0.856522348325627,0.896498260474966,0.12312190733243365,3.075598703265445,0.5656396052982623,0.0018637200312475407,0.04326123128119801,0.832039295541936,0.8799710480488069,2.4460184451680584,3.752533141536833
hgb_quantile,dead13,0.8,2,13,0.95,26,intermittent,4278,0.7926256150496526,0.9508160142802499,0.22212092130518235,1.3369724489960229,0.1811888544606771,0.008720535699908678,0.22533894343151006,0.7694499795433883,0.8149288821434931,1.1394060515346678,1.5686255028144116
hgb_quantile,dead13,0.8,2,13,0.95,26,lumpy,1809,0.8253839714908155,0.9294436906377205,0.16930961712390716,3.8948410263960804,1.5369269738438593,0.017005717651100587,0.15920398009950248,0.7941128392706134,0.8516919300788739,3.0744891837587978,4.8831601167006475
hgb_quantile,dead26,0.8,2,13,0.95,26,all,9383,0.889767791001553,0.9322711286368965,0.14177787693181357,1.8876863797414347,0.3084829797514645,0.0005633880177259264,0.08973675796653523,0.8794594642197179,0.8984943047745056,1.7084736035825974,2.101518701845611
hgb_quantile,dead26,0.8,2,13,0.95,26,smooth,2094,0.9208885566878748,0.9022097768516106,0.11564032137998306,1.3193258847942808,0.09257363096476665,0.00034166552987703185,0.026743075453677174,0.9100084493033553,0.9285258218776119,1.173133654444693,1.459868352010291
hgb_quantile,dead26,0.8,2,13,0.95,26,erratic,1202,0.8568092959514473,0.8978974436545152,0.1214574898785425,3.0887474304271967,0.5689776027301291,0.0002485599835700891,0.016638935108153077,0.8322216544976089,0.8800262294581721,2.4576464799644,3.7658590239734
hgb_quantile,dead26,0.8,2,13,0.95,26,intermittent,4278,0.7944083676656982,0.9562242339240936,0.19769673704414586,1.402584646244373,0.2115683392336694,0.0023601344310488796,0.1423562412342216,0.771261911080203,0.8165113918149671,1.1947491701578976,1.6493465794509168
hgb_quantile,dead26,0.8,2,13,0.95,26,lumpy,1809,0.8264773325262639,0.9332629780390974,0.16014470907446487,3.980613972663248,1.556182125046693,0.001251503030600476,0.08678828081813156,0.7954222540917149,0.852800961546405,3.1435292344633887,4.9937904540905365
hgb_quantile,none,0.9,2,13,0.95,26,all,9383,0.9284312141240639,0.9616521174658231,0.08027420597898836,2.8510219790979265,0.6003955457520425,0.0,0.0,0.9197700212297206,0.9363484198996812,2.587844224662436,3.1956971610311595
hgb_quantile,none,0.9,2,13,0.95,26,smooth,2094,0.9538852116974711,0.9465572631761744,0.06319788484739584,1.9846083922106548,0.20089348522100134,0.0,0.0,0.9442444860876777,0.9608707937886819,1.765035333918741,2.219542352651137
hgb_quantile,none,0.9,2,13,0.95,26,erratic,1202,0.9045568050733108,0.9422175162607775,0.06873594242015295,4.767911194028418,1.2257755743271126,0.0,0.0,0.8832356038744014,0.9258495834790298,3.7731462332086183,5.8437853427345505
hgb_quantile,none,0.9,2,13,0.95,26,intermittent,4278,0.838247979738729,0.9754026945471546,0.11108445297504799,2.157356097358996,0.4622762645466863,0.0,0.0,0.8144057488555239,0.8586928429832971,1.8801796079997517,2.4839878699621027
hgb_quantile,none,0.9,2,13,0.95,26,lumpy,1809,0.8823532619513086,0.959520578923564,0.09713596623454929,5.74289656150224,2.4528423297042474,0.0,0.0,0.8529377671456415,0.9050185197925273,4.589333099079383,7.2552639817008435
hgb_quantile,quantile,0.9,2,13,0.95,26,all,9383,0.9272327956702506,0.9610707953455475,0.08149109641828581,2.4250600403267213,0.42680067248350034,0.03350039283926068,0.10550996483001172,0.9184184391015121,0.9353519244707685,2.2326829439290137,2.6646328061566913
hgb_quantile,quantile,0.9,2,13,0.95,26,smooth,2094,0.9537984594562143,0.9464053138838239,0.063377570141438,1.8931498418657515,0.16704716115863275,0.006859084814145896,0.023400191021967526,0.94418824247343,0.9607825569560013,1.7021350969455702,2.0558104828612085
hgb_quantile,quantile,0.9,2,13,0.95,26,erratic,1202,0.9006249508158334,0.9408939646044472,0.07031039136302294,3.7947316799775814,0.8252940013550838,0.07809390001170823,0.15224625623960067,0.8790805886602714,0.9232184789035089,3.0683703087361933,4.616571786507578
hgb_quantile,quantile,0.9,2,13,0.95,26,intermittent,4278,0.8370955164346788,0.975126439712695,0.1123320537428023,2.017648100735874,0.4388856300937843,0.016640557967063933,0.0731650303880318,0.8134375319626401,0.8582572328726767,1.7640774730980036,2.3290900992816836
hgb_quantile,quantile,0.9,2,13,0.95,26,lumpy,1809,0.8792231410817458,0.9582139806020403,0.10027132951462164,3.6306702766666943,1.533561821250467,0.1578911492287851,0.24599226091763404,0.8508508128951134,0.9023938687099158,2.9890739605466883,4.564030690826378
hgb_quantile,fixed,0.9,2,13,0.95,26,all,9383,0.9217039910399215,0.954962068731652,0.09427858678456982,2.705436226705269,0.5150378630181041,0.02055420982790695,0.4574229990408185,0.9109531072783519,0.929416180030103,2.4584738346627315,3.034540224044835
hgb_quantile,fixed,0.9,2,13,0.95,26,smooth,2094,0.9537557119750154,0.945667274463836,0.06425032728392843,1.9483600997525048,0.17822738768256477,0.003924595957722741,0.08882521489971347,0.9440991974549077,0.9608020410570711,1.7380137419205055,2.185375555584078
hgb_quantile,fixed,0.9,2,13,0.95,26,erratic,1202,0.8936614325116459,0.9397973075177735,0.07161493477282951,4.581234009147774,1.1444137343306442,0.023902065447091274,0.15474209650582363,0.8697597064693021,0.9158601472046927,3.6355369268687054,5.634803232594359
hgb_quantile,fixed,0.9,2,13,0.95,26,intermittent,4278,0.8295711502319879,0.966966296910196,0.14918426103646834,1.8731646274277065,0.29549021096289346,0.05547466075942961,0.6844319775596073,0.8039086979748854,0.8509021276966359,1.6111875048403288,2.146981028989284
hgb_quantile,fixed,0.9,2,13,0.95,26,lumpy,1809,0.8325467132367577,0.9474094175586713,0.12619837202291226,4.929891291011264,1.9088273225742245,0.11390586188750651,0.5483692647871752,0.8006773195177235,0.860379302493365,3.8868227877886556,6.250691524228012
hgb_quantile,dead13,0.9,2,13,0.95,26,all,9383,0.9277414568406172,0.9548264269035878,0.09456252788707256,2.7854552358269404,0.5578758500571946,0.004550885619694979,0.14526270915485454,0.9190430359354727,0.9357286407319897,2.526896369001268,3.125205395253294
hgb_quantile,dead13,0.9,2,13,0.95,26,smooth,2094,0.9537063637798078,0.9449726491273769,0.06507174577097825,1.9533826144736686,0.1775448738540689,0.0015857429606528294,0.027698185291308502,0.9440630960251026,0.9607260549619827,1.7418879393793911,2.1944146813118235
hgb_quantile,dead13,0.9,2,13,0.95,26,erratic,1202,0.9041710092686962,0.9405914385115717,0.07067026540710751,4.738885338031981,1.21346446551926,0.0027543133314523387,0.04326123128119801,0.8827104454331047,0.9256328204173302,3.7548596550823574,5.812487832636608
hgb_quantile,dead13,0.9,2,13,0.95,26,intermittent,4278,0.8345007487560987,0.9645862552594671,0.15993282149712093,1.9221546693166425,0.30230699690146096,0.012736904819412911,0.22557269752220663,0.8103217542310441,0.8551487505263794,1.6580732952786843,2.183388562868159
hgb_quantile,dead13,0.9,2,13,0.95,26,lumpy,1809,0.8799920383685199,0.9526106839539675,0.11371721435031655,5.476689051938739,2.297409470524241,0.025673534937111293,0.15920398009950248,0.849918614183166,0.9029228974264261,4.313072473343907,6.960629261349309
hgb_quantile,dead26,0.9,2,13,0.95,26,all,9383,0.9282562872192314,0.9590943001366107,0.08562852391189713,2.821243608899262,0.5832196341619708,0.001582501418917897,0.09005648513268677,0.919589460950922,0.9361832299349462,2.5609257375546326,3.163536440186244
hgb_quantile,dead26,0.9,2,13,0.95,26,smooth,2094,0.9538767250651742,0.9462750716332379,0.06353158610775984,1.9705296978696039,0.1970300558797589,0.0011680120598188135,0.027698185291308502,0.9442361494585484,0.9608665365384939,1.7537856753175138,2.2072887301201916
hgb_quantile,dead26,0.9,2,13,0.95,26,erratic,1202,0.9045558453822545,0.9421797004991681,0.06878092667566352,4.761771090650497,1.2242702029362706,0.0007140101458538467,0.016638935108153077,0.8832355785380871,0.9258479621688614,3.772112997008498,5.837242841800985
hgb_quantile,dead26,0.9,2,13,0.95,26,intermittent,4278,0.8368700844909723,0.9709613668239194,0.13114203454894433,2.029108324649603,0.36921979844543973,0.004750173099528203,0.1423562412342216,0.8130031568207062,0.8574330403933073,1.7515937089641453,2.3282885140011804
hgb_quantile,dead26,0.9,2,13,0.95,26,lumpy,1809,0.8816661622482339,0.9571083974069049,0.10292432921314441,5.626487693553533,2.3656062973233105,0.0038908383979670575,0.08734107241569929,0.8522250658716841,0.9044080148825615,4.450292469784141,7.143122747486291
hgb_quantile,none,0.95,2,13,0.95,26,all,9383,0.9511502190267934,0.977250927693217,0.04762097919117349,3.8285774044588647,0.8945125091642595,0.0,0.0,0.9429920931370236,0.9580720288234879,3.5145932233629025,4.235152070428947
hgb_quantile,none,0.95,2,13,0.95,26,smooth,2094,0.9736486923985549,0.9726057132933924,0.03239469158302744,2.7206558972350554,0.32763913833650693,0.0,0.0,0.9651176125127376,0.9803143722639647,2.4447305570701783,3.017675646386078
hgb_quantile,none,0.95,2,13,0.95,26,erratic,1202,0.9309627044861718,0.9671759189230071,0.03904633378317589,6.208752958247681,1.765526169815413,0.0,0.0,0.9138188046116243,0.9480642203618602,5.076867214401259,7.455231116958605
hgb_quantile,none,0.95,2,13,0.95,26,intermittent,4278,0.8633054303794848,0.9833503336308386,0.0751919385796545,2.9321242820107614,0.7263495437303467,0.0,0.0,0.8380381069261934,0.8843204016475068,2.5956956869349437,3.3807743613822607
hgb_quantile,none,0.95,2,13,0.95,26,lumpy,1809,0.9174635114612048,0.9748982360922659,0.060235152246005425,7.739545587156688,3.5365714270133797,0.0,0.0,0.8909023963413518,0.9381652138021862,6.224639807215157,9.840426144946955
hgb_quantile,quantile,0.95,2,13,0.95,26,all,9383,0.9495342844793069,0.9764322323738289,0.04933476655985073,3.226215911144297,0.6319125182389657,0.04792678781664954,0.1854417563678994,0.9411321265174047,0.9565670944395533,3.003123987098679,3.487761756128379
hgb_quantile,quantile,0.95,2,13,0.95,26,smooth,2094,0.9735462241715632,0.9723886428757489,0.03265138486023051,2.585138523841465,0.2669873775488971,0.00999851012455233,0.044412607449856735,0.9650189695521308,0.9802301542458103,2.351232123269919,2.786900183822629
hgb_quantile,quantile,0.95,2,13,0.95,26,erratic,1202,0.9259166489123821,0.9652473150809258,0.04134053081421502,4.837009909769846,1.163020800343953,0.1104134157132136,0.2237936772046589,0.9075309446522255,0.9447745040474848,3.9914962750080862,5.689067542161071
hgb_quantile,quantile,0.95,2,13,0.95,26,intermittent,4278,0.8621828713128651,0.9829040758213269,0.07720729366602687,2.6934976686196435,0.669871940854019,0.027084037808157414,0.17204301075268819,0.8367480419240193,0.8834767523006368,2.3753391037377303,3.1201774507017754
hgb_quantile,quantile,0.95,2,13,0.95,26,lumpy,1809,0.9118794630806606,0.9732398612995627,0.06421465179378957,4.8422751725247375,2.2435490335615484,0.22411174640567785,0.3548922056384743,0.8835491770727879,0.932867079047788,3.969351806594908,5.9880271286083495
hgb_quantile,fixed,0.95,2,13,0.95,26,all,9383,0.9417356092272251,0.9679255520137967,0.06714192998823673,3.5158936715067757,0.7033962884451128,0.03877785198517161,0.5303207929233721,0.9322461181288006,0.9493514218792545,3.2293250473762813,3.8855775296748805
hgb_quantile,fixed,0.95,2,13,0.95,26,smooth,2094,0.973424582441975,0.9714986541634106,0.0337038272967631,2.638029730873174,0.2721148750547702,0.008284210400587903,0.10840496657115568,0.964929657338151,0.9801469174548927,2.3757525900703085,2.923023335532881
hgb_quantile,fixed,0.95,2,13,0.95,26,erratic,1202,0.9169857639428715,0.9618060807744668,0.04543409806567701,5.750706812462932,1.5497365648050578,0.05119855816015708,0.23793677204658903,0.896684667009337,0.9359272070277557,4.66573451482233,6.928649137890528
hgb_quantile,fixed,0.95,2,13,0.95,26,intermittent,4278,0.8470421258692357,0.9720451357898763,0.12624760076775432,2.4044502105948413,0.42119842381665484,0.09190262260162264,0.7709209911173446,0.8200243688665624,0.8700087577863121,2.1281491011754152,2.7373185542191694
hgb_quantile,fixed,0.95,2,13,0.95,26,lumpy,1809,0.8494051952371994,0.9581134730388462,0.10051251130539644,6.0990323345848365,2.374520052677644,0.20503927647310632,0.6440022111663902,0.8198466755024141,0.8775902276426016,4.9058896900240185,7.573767375550167
hgb_quantile,dead13,0.95,2,13,0.95,26,all,9383,0.9503181719402121,0.9697664053946693,0.06328844359712814,3.721193379603722,0.819254337749425,0.006190899980019726,0.14579558776510712,0.9421891487909011,0.9573554605340204,3.410158475609973,4.1202804520548115
hgb_quantile,dead13,0.95,2,13,0.95,26,smooth,2094,0.9734654440048858,0.9708691499522445,0.034448237800652,2.667333757874495,0.28492082600706464,0.002243299803801634,0.028175740210124166,0.9648915618674407,0.9800555812859981,2.3930017532941323,2.9532080470610556
hgb_quantile,dead13,0.95,2,13,0.95,26,erratic,1202,0.9304588666816378,0.9653229466041446,0.041250562303193884,6.162562068019063,1.7432221819151976,0.004154502582528632,0.04326123128119801,0.9133969260542979,0.9478485906612568,5.029503365955581,7.407508406496329
hgb_quantile,dead13,0.95,2,13,0.95,26,intermittent,4278,0.859098134205617,0.9717051298397722,0.1277831094049904,2.58232751580899,0.4772762300417969,0.016654359922801062,0.22580645161290322,0.8326725200654788,0.880835880062005,2.277753650733151,2.951432016041883
hgb_quantile,dead13,0.95,2,13,0.95,26,lumpy,1809,0.9140716383238039,0.9668576310367355,0.07952969550798915,7.276674873690897,3.2346194640077,0.03381784768744598,0.16086235489220563,0.887818999184505,0.934960915854779,5.824179706158744,9.319675082458222
hgb_quantile,dead26,0.95,2,13,0.95,26,all,9383,0.9509305156104849,0.9743733831978529,0.053644586865695856,3.775946097836479,0.863989376225384,0.0026730582317536712,0.09058936374293936,0.9427884066377022,0.9578588649790134,3.4599315046362658,4.180484234552292
hgb_quantile,dead26,0.95,2,13,0.95,26,smooth,2094,0.973640205766258,0.9723235217504559,0.03272839284339143,2.695821182257029,0.32092325758437756,0.002065394845282407,0.027698185291308502,0.9651090736042428,0.9803037297192798,2.4204042060959985,2.9868997863422244
hgb_quantile,dead26,0.95,2,13,0.95,26,erratic,1202,0.9309617447951155,0.9671381031613977,0.03909131803868646,6.199287525359836,1.7630791495601734,0.0011257176089873148,0.016638935108153077,0.9138187792753101,0.9480625578576583,5.071500827605504,7.444642595450533
hgb_quantile,dead26,0.95,2,13,0.95,26,intermittent,4278,0.8616906015582408,0.9784733732840325,0.0972168905950096,2.7338177819797065,0.5836626249939617,0.007301234584940686,0.14305750350631136,0.8361068270260112,0.8829974689664295,2.430378158277314,3.1398033170782997
hgb_quantile,dead26,0.95,2,13,0.95,26,lumpy,1809,0.9164437682510859,0.9718578823056435,0.06753090141694303,7.495821506766023,3.3527117262289408,0.0068546375140078365,0.08844665561083472,0.8902426281658545,0.937260104475422,6.047656037758903,9.6033003047373
hgb_quantile,none,0.99,2,13,0.95,26,all,9383,0.9747056491638931,0.9916338058190344,0.017513081572222446,7.175368898752547,2.141603389164005,0.0,0.0,0.9679378985959439,0.9795576664559733,6.606255688016907,7.847214539210443
hgb_quantile,none,0.99,2,13,0.95,26,smooth,2094,0.9918298876558476,0.9937917860553964,0.0073414277280078035,5.167772233876499,0.9317696765712999,0.0,0.0,0.986127258205541,0.995779255960746,4.620537713753588,5.8003457429899505
hgb_quantile,none,0.99,2,13,0.95,26,erratic,1202,0.9670192571607348,0.9903947965512025,0.01142600089968511,11.563935577858775,4.312278863188362,0.0,0.0,0.953425290982654,0.976859688290557,9.483945910606336,13.74411556797723
hgb_quantile,none,0.99,2,13,0.95,26,intermittent,4278,0.8871989160864094,0.9911385949254112,0.04001919385796545,5.945631796025497,1.8190039128544515,0.0,0.0,0.8603990791064174,0.9068366075306799,5.263491361228482,6.794633206035109
hgb_quantile,none,0.99,2,13,0.95,26,lumpy,1809,0.9517203395145041,0.991130207548118,0.02128429303587579,13.579612224921544,6.851636633320519,0.0,0.0,0.9288452664944905,0.9722278995027349,11.215528456148688,16.7877926920948
hgb_quantile,quantile,0.99,2,13,0.95,26,all,9383,0.9707629280734,0.9892164746688886,0.02257331764896767,5.429852520101669,1.3029770608936677,0.13967366082409477,0.5999147394223596,0.9636866407253751,0.9758876014125641,5.129352991569609,5.776879376644802
hgb_quantile,quantile,0.99,2,13,0.95,26,smooth,2094,0.9913530646486503,0.9931622818442303,0.008085838231896706,4.693422608514167,0.7269698887999714,0.03092843128688149,0.2082139446036294,0.985322681362811,0.9954148171920804,4.308596640924842,5.053866341435526
hgb_quantile,quantile,0.99,2,13,0.95,26,erratic,1202,0.9565375114443159,0.9855543790651944,0.017183985605038237,7.339472477020197,2.210138560194702,0.34462313891911917,0.4925124792013311,0.9383726511879177,0.968712982185653,6.35861978171551,8.349132398825772
hgb_quantile,quantile,0.99,2,13,0.95,26,intermittent,4278,0.8813997943508595,0.9894279399889498,0.0477447216890595,4.626410962433377,1.343225655075324,0.13169136066580633,0.7498831229546518,0.8571114590375273,0.9018878990921956,4.168129798468021,5.247083515958973
hgb_quantile,quantile,0.99,2,13,0.95,26,lumpy,1809,0.9384909436441914,0.9865822403135835,0.032197769068435335,7.344945863632522,3.6745366848529963,0.5101688029468943,0.7700386954118298,0.9097627313775299,0.9612653875470644,6.160460828909959,8.86890205208669
hgb_quantile,fixed,0.99,2,13,0.95,26,all,9383,0.9594191471527312,0.9761948591747164,0.04983166348923052,5.90341945282705,1.3640889989882499,0.12566100081274342,0.6797399552381967,0.9520252100565109,0.9656211767082145,5.4826590274850595,6.389331825898206
hgb_quantile,fixed,0.99,2,13,0.95,26,smooth,2094,0.9910865215305862,0.9912520621689677,0.010344739071283722,4.79718363249236,0.7083387134391166,0.028515713156857483,0.21537726838586438,0.9855371555761101,0.9951213720726787,4.338287087277639,5.28667528722192
hgb_quantile,fixed,0.99,2,13,0.95,26,erratic,1202,0.9394262199112862,0.976818938133414,0.027575348627980206,9.051399133590914,2.917530100709979,0.22680282763372814,0.4617304492512479,0.9217392606131437,0.955100992731074,7.5671773666084485,10.546280314518322
hgb_quantile,fixed,0.99,2,13,0.95,26,intermittent,4278,0.8582171093643969,0.9739895448170343,0.11746641074856046,4.210208386528371,0.7868099309672181,0.25381336535387067,0.9025245441795231,0.8313591220489827,0.8818709464140199,3.820018206498696,4.665258954886074
hgb_quantile,fixed,0.99,2,13,0.95,26,lumpy,1809,0.8614757920051042,0.9635660083421278,0.08742839915586373,8.562751016334978,3.3231931595407342,0.5290994904010535,0.8352681039248203,0.8298115982107362,0.8878909860762281,7.11078429506071,10.368155187056503
hgb_quantile,dead13,0.99,2,13,0.95,26,all,9383,0.9736330029556478,0.9829188183659036,0.035756297408023364,6.895084454470846,1.9281292811320139,0.011827367244608708,0.1463284663753597,0.9668002014360417,0.978659646331174,6.338831016122486,7.560101346878644
hgb_quantile,dead13,0.99,2,13,0.95,26,smooth,2094,0.9916205507258585,0.9919901015889555,0.009471981928793284,5.019352664833973,0.8066352263133378,0.004557950182839778,0.02865329512893983,0.985928691952667,0.9956102015045492,4.4843502280922936,5.636236085063741
hgb_quantile,dead13,0.99,2,13,0.95,26,erratic,1202,0.9665355728683822,0.98854182423234,0.013630229419703105,11.42197807681751,4.225552158249217,0.009701516887683517,0.04326123128119801,0.952720707778446,0.9765488654755239,9.375391156783051,13.61878436772526
hgb_quantile,dead13,0.99,2,13,0.95,26,intermittent,4278,0.8817885494374553,0.977761485826002,0.10043186180422264,5.133278585575576,1.1826592228118726,0.027868448959217522,0.2262739597942964,0.8544159814541573,0.9009878341172552,4.541742401093109,5.813027767080998
hgb_quantile,dead13,0.99,2,13,0.95,26,lumpy,1809,0.9466270766361562,0.9808784361023167,0.045884835694905035,12.393119187259208,6.012981821850316,0.061912591102058843,0.16196793808734108,0.9235222776857791,0.9674058662631138,10.198126953196619,15.345615797922699
hgb_quantile,dead26,0.99,2,13,0.95,26,all,9383,0.9743848503350079,0.9879084998982687,0.02531132113738693,7.023890557449658,2.0571878838342066,0.007614196024801013,0.0908025151870404,0.9675734067077556,0.9792907805514167,6.454332002095049,7.701926828334766
hgb_quantile,dead26,0.99,2,13,0.95,26,smooth,2094,0.9918214010235508,0.9935095945124598,0.007675128988371795,5.093270603500138,0.9135119130315068,0.006200585011852997,0.027698185291308502,0.9861189849663371,0.9957753826048504,4.550077377516564,5.7263706002825066
hgb_quantile,dead26,0.99,2,13,0.95,26,erratic,1202,0.9670182974696786,0.9903569807895931,0.011470985155195682,11.528623745443866,4.303335310296909,0.004093082354928302,0.016638935108153077,0.9534243527808068,0.9768580104265958,9.437273945538726,13.705292779041203
hgb_quantile,dead26,0.99,2,13,0.95,26,intermittent,4278,0.8849146924119148,0.9849972374516553,0.06775431861804222,5.430273669779008,1.4427598390691962,0.01742036846621166,0.1439925198690977,0.8578259044204181,0.9044762119073888,4.789526310186428,6.16231181153801
hgb_quantile,dead26,0.99,2,13,0.95,26,lumpy,1809,0.9501089271156263,0.9866827478767777,0.031956587277660535,12.86166119986149,6.324813297015206,0.01825722068170106,0.08734107241569929,0.9272589386239818,0.970627088354148,10.680819805202582,15.999957673996617
lgb_quantile,none,0.5,2,13,0.95,26,all,9383,0.7754258942764872,0.8469814848904692,0.3203159858840709,0.781475897500396,0.09992815857492086,0.0,0.0,0.7597720641247457,0.7879225539542744,0.7078979337312745,0.864129008018332
lgb_quantile,none,0.5,2,13,0.95,26,smooth,2094,0.8259199980889361,0.7544933576452201,0.29032009651667223,0.5712072454466075,0.02742433224348211,0.0,0.0,0.8108938577045606,0.8370553434116078,0.5150699101879233,0.6303198156969427
lgb_quantile,none,0.5,2,13,0.95,26,erratic,1202,0.7232346962865714,0.7592270458327031,0.2864147548358075,1.1781493701547598,0.1164562064180299,0.0,0.0,0.6836577626124652,0.7620150211329351,0.9499878234196385,1.4474292490837894
lgb_quantile,none,0.5,2,13,0.95,26,intermittent,4278,0.6220587457242691,0.9132347316078031,0.3918426103646833,0.606064579350894,0.13225172006873376,0.0,0.0,0.58538424055952,0.6602882077249147,0.5086280433895336,0.7208023104613
lgb_quantile,none,0.5,2,13,0.95,26,lumpy,1809,0.6674791893314138,0.8556711392532288,0.3463370515526078,1.6863880640965867,0.6435959308428696,0.0,0.0,0.6262749098835557,0.7052283267601333,1.2815343329434608,2.1994440714317682
lgb_quantile,quantile,0.5,2,13,0.95,26,all,9383,0.7754014164502137,0.8469814848904692,0.3203159858840709,0.7713591920008852,0.09716904983844635,0.000825081851462978,0.006820846211233081,0.7597479046374433,0.7879172313203392,0.6989597853871596,0.853053460046563
lgb_quantile,quantile,0.5,2,13,0.95,26,smooth,2094,0.8259199980889361,0.7544933576452201,0.29032009651667223,0.5712072454466075,0.02742433224348211,0.0,0.0,0.8108938577045606,0.8370553434116078,0.5150699101879233,0.6303198156969427
lgb_quantile,quantile,0.5,2,13,0.95,26,erratic,1202,0.7232346962865714,0.7592270458327031,0.2864147548358075,1.1775927493421317,0.1164562064180299,4.9903934925268855e-05,0.0024958402662229617,0.6836577626124652,0.7620150211329351,0.9498126138185156,1.4472130313896792
lgb_quantile,quantile,0.5,2,13,0.95,26,intermittent,4278,0.6220242408349264,0.9132453567937439,0.3917946257197697,0.6044336482479568,0.1318974698714808,0.00017942542458266336,0.0016362786348761104,0.5853467576431025,0.6602859820264008,0.5082312853054801,0.716454933291189
lgb_quantile,quantile,0.5,2,13,0.95,26,lumpy,1809,0.667184718030096,0.8556460123624303,0.3463973470003015,1.5512939014448182,0.6062133444578047,0.010949969871223337,0.029850746268656716,0.6258147999720194,0.705057135074303,1.195745675467562,1.9955595406279998
lgb_quantile,fixed,0.5,2,13,0.95,26,all,9383,0.774899521508248,0.8447627721314176,0.32496045106072285,0.7723247725950237,0.09306760098993902,0.002987886859108816,0.2794415432164553,0.7593133054264412,0.7874907741972218,0.6987282311985592,0.8538868300574064
lgb_quantile,fixed,0.5,2,13,0.95,26,smooth,2094,0.8259011389060542,0.7541243379352262,0.29075647508791747,0.5705905501663695,0.027291563595993558,0.00018481999224258944,0.04202483285577841,0.8108799875726518,0.8370476023017673,0.5142271868508769,0.6297755605180776
lgb_quantile,fixed,0.5,2,13,0.95,26,erratic,1202,0.723146404709396,0.7590757827862653,0.28659469185784975,1.1767088738793208,0.11635908568313687,0.00033013372335177857,0.030782029950083195,0.6834748726465995,0.761950399222723,0.9483961929653653,1.4458827430577026
lgb_quantile,fixed,0.5,2,13,0.95,26,intermittent,4278,0.6208717775308761,0.9093671639253686,0.40930902111324374,0.5316605362979934,0.07222149378566943,0.02330000161022817,0.4544179523141655,0.5839118385447201,0.6591946398632935,0.4464761661067916,0.629347489914245
lgb_quantile,fixed,0.5,2,13,0.95,26,lumpy,1809,0.6620887285656248,0.853836876224936,0.3507386192342478,1.6586423237057577,0.6221813234303726,0.010778194945454645,0.3056937534549475,0.6205416835654268,0.6999619512173605,1.2529152523698204,2.1669720659696265
lgb_quantile,dead13,0.5,2,13,0.95,26,all,9383,0.7750340500493935,0.8420693129741409,0.33059871009613434,0.7652258049622723,0.09137457124002679,0.001420509950733897,0.1438772247681978,0.7593620089260353,0.787565630019301,0.6928275989309929,0.8472394031956627
lgb_quantile,dead13,0.5,2,13,0.95,26,smooth,2094,0.8257769826187484,0.7535816618911175,0.2913982082809251,0.5682765284267607,0.026842777907347348,0.0004802805240589739,0.027698185291308502,0.8107719970101814,0.8369240043121022,0.5127727416449096,0.6267333086933107
lgb_quantile,dead13,0.5,2,13,0.95,26,erratic,1202,0.7231521628557335,0.7584707306005143,0.2873144399460189,1.1724200145489163,0.11601071782971627,0.0008646816416859085,0.04326123128119801,0.6835353918718254,0.7619394539034031,0.9464087388852789,1.441500215459989
lgb_quantile,dead13,0.5,2,13,0.95,26,intermittent,4278,0.6195950966251917,0.904947086574015,0.42927063339731286,0.5009718877164895,0.0571557389682118,0.004336114427414365,0.22346891070593736,0.582549418901889,0.6581915510126807,0.4206451729033651,0.5893033803838549
lgb_quantile,dead13,0.5,2,13,0.95,26,lumpy,1809,0.6665057980853912,0.8513493140358812,0.356707868555924,1.6300131694109756,0.6217254382305547,0.007699879212234737,0.15699281370923163,0.6253652148535889,0.7043901618954908,1.231688534098928,2.1363430664344274
lgb_quantile,dead26,0.5,2,13,0.95,26,all,9383,0.775303903158555,0.8449032583104842,0.32466636920455927,0.7735303552906733,0.09344368388499323,0.00018189213995107619,0.08952360652243418,0.7596559304449518,0.787803123721791,0.7004507429044542,0.8559524040600334
lgb_quantile,dead26,0.5,2,13,0.95,26,smooth,2094,0.8259174835312185,0.7543848224363984,0.29044844315527374,0.570877524065889,0.027303319153323274,2.7345815178750477e-05,0.026743075453677174,0.8108914371200274,0.8370532429207389,0.5146038127292353,0.6299868258913551
lgb_quantile,dead26,0.5,2,13,0.95,26,erratic,1202,0.7232337365955152,0.7591892300710936,0.28645973909131806,1.1779651094719588,0.11641186869123091,3.742795119395164e-05,0.016638935108153077,0.6836555570145447,0.7620141437479149,0.9497391263775152,1.4471598052198482
lgb_quantile,dead26,0.5,2,13,0.95,26,intermittent,4278,0.6209154837240437,0.9092927876237834,0.40964491362763916,0.5342783072361353,0.07261622971975129,0.001440004048573683,0.14212248714352502,0.5839405143252494,0.659321084930576,0.448947734182805,0.6309285458603613
lgb_quantile,dead26,0.5,2,13,0.95,26,lumpy,1809,0.6671874446162194,0.8543645409317051,0.34947241483268016,1.665998653066455,0.6266142071496542,0.0004417069519766386,0.08623548922056384,0.6259134997417536,0.7049422963423405,1.2636271867988484,2.174388931424276
lgb_quantile,none,0.8,2,13,0.95,26,all,9383,0.8896756508912715,0.9339908732427117,0.1381779093822253,1.869614380703035,0.2985314498276204,0.0,0.0,0.87882946322836,0.8992335616352359,1.6959184476350948,2.075024306545088
lgb_quantile,none,0.8,2,13,0.95,26,smooth,2094,0.9224535545473576,0.9033168359815924,0.1143311856662474,1.3349969228099932,0.08786172698566766,0.0,0.0,0.9114445662273963,0.9311585248870741,1.1731019676650818,1.498592376133874
lgb_quantile,none,0.8,2,13,0.95,26,erratic,1202,0.8516816666378759,0.8961957343820904,0.12348178137651822,2.9499089253187614,0.5188696374863004,0.0,0.0,0.8236212975264418,0.8791549226952348,2.3713673975806544,3.5595571189267847
lgb_quantile,none,0.8,2,13,0.95,26,intermittent,4278,0.7938493884583445,0.9594542904500829,0.18310940499040307,1.425307266039598,0.2621552674013908,0.0,0.0,0.770487680700689,0.816707815980332,1.2282168656847028,1.679399491839791
lgb_quantile,none,0.8,2,13,0.95,26,lumpy,1809,0.8268699609280209,0.9343936881250314,0.15743141392824841,3.9645925526026624,1.543111416488757,0.0,0.0,0.7966580700237751,0.8498772193204052,3.149764296845504,5.039389133211967
lgb_quantile,quantile,0.8,2,13,0.95,26,all,9383,0.8895421173837144,0.933913363626675,0.13834016144079828,1.7784468162507294,0.2757274292551019,0.007778973587032404,0.03463710966641799,0.8787255256059143,0.8991312177069144,1.6186644465235287,1.9711636062604818
lgb_quantile,quantile,0.8,2,13,0.95,26,smooth,2094,0.9224529259079283,0.9033168359815924,0.1143311856662474,1.3133676402824603,0.08392845580381923,0.0017344161857051166,0.0057306590257879654,0.9114445330315161,0.9311572087452304,1.1668741372593348,1.4560950574642577
lgb_quantile,quantile,0.8,2,13,0.95,26,erratic,1202,0.8516461580687945,0.8961201028588716,0.12357174988753936,2.8326548317565607,0.5024583446097032,0.010736063846326591,0.04492512479201331,0.8235201785620696,0.8790674746070454,2.2717597892154138,3.4031801434318285
lgb_quantile,quantile,0.8,2,13,0.95,26,intermittent,4278,0.7936469597742,0.9594011645203792,0.1833493282149712,1.3947957425567203,0.259402237297025,0.0035102974091428757,0.01425899953249182,0.7702894410151526,0.8165880218665373,1.2106918143905092,1.6278718893245094
lgb_quantile,quantile,0.8,2,13,0.95,26,lumpy,1809,0.8253866980769388,0.9341675461078446,0.15797407295749172,3.2724295790969005,1.3146829389326506,0.05687113336005388,0.10945273631840796,0.7960158063736511,0.8482687917171016,2.646139384669794,4.112951130330544
lgb_quantile,fixed,0.8,2,13,0.95,26,all,9383,0.8862875615229268,0.929955528857799,0.14662515718168173,1.8424632971910602,0.28378409681597216,0.00797917434500919,0.36448896941276776,0.8751769103107979,0.8960780157977879,1.6676583111583096,2.048790360938676
lgb_quantile,fixed,0.8,2,13,0.95,26,smooth,2094,0.9224161505013085,0.9027741599374837,0.11497291885925508,1.3260237235947865,0.08357924660078944,0.0011412948840694597,0.06446991404011461,0.911403542015767,0.9311177353870643,1.1633513190611233,1.4891715015694045
lgb_quantile,fixed,0.8,2,13,0.95,26,erratic,1202,0.8481394469492382,0.8952503403418545,0.1246063877642825,2.9551181283721144,0.5245153080320383,0.005561409670998712,0.08236272878535773,0.8195543858282591,0.8765477504479431,2.3983708616944046,3.5567586838635847
lgb_quantile,fixed,0.8,2,13,0.95,26,intermittent,4278,0.7905576220150395,0.9540460708062392,0.20753358925143953,1.2962934847867944,0.17878501383646064,0.03208954708882249,0.5649836372136512,0.7675147290928074,0.8141450581160984,1.1153121323808215,1.5193680831675709
lgb_quantile,fixed,0.8,2,13,0.95,26,lumpy,1809,0.7947398700509054,0.9275089200462334,0.173952366596322,3.8085554819377307,1.4609860971373574,0.04558579339566309,0.42509673852957436,0.7632078047731742,0.8216744115258714,3.0427330568196806,4.758797138882393
lgb_quantile,dead13,0.8,2,13,0.95,26,all,9383,0.8891462930222672,0.9281776520399562,0.15034681377519976,1.837396984172598,0.2815840775521219,0.0030237080682895532,0.14494298198870298,0.8782980157992221,0.8987380584057868,1.667987178920594,2.0428357316837684
lgb_quantile,dead13,0.8,2,13,0.95,26,smooth,2094,0.922265591357968,0.9018624641833811,0.11605103062350797,1.3224266487797793,0.08037136245652172,0.0010793739002738982,0.027220630372492838,0.9112956272899655,0.9308537012593026,1.1626712493730258,1.4887837403792947
lgb_quantile,dead13,0.8,2,13,0.95,26,erratic,1202,0.8514455826380372,0.8948343669641506,0.12510121457489878,2.9360768981249556,0.5154767457260159,0.0018051788768159755,0.04326123128119801,0.8234953610248154,0.879089978797251,2.3653498012474428,3.5441660260265753
lgb_quantile,dead13,0.8,2,13,0.95,26,intermittent,4278,0.7909049712344239,0.9501360023800417,0.2251919385796545,1.2782129227711567,0.1681170221820432,0.008605519402099278,0.22510518934081347,0.7673564493422445,0.8138944381438408,1.1003181106983282,1.486769086917832
lgb_quantile,dead13,0.8,2,13,0.95,26,lumpy,1809,0.8254085107659254,0.9288657721493543,0.17069641242086223,3.8458742662075096,1.4969950294334973,0.01673578562489264,0.15920398009950248,0.7951896225681857,0.848639331487686,3.0676134397637065,4.889416423765729
lgb_quantile,dead26,0.8,2,13,0.95,26,all,9383,0.889538137249361,0.9317866935366669,0.1427919522978948,1.8565432214729842,0.2898303189122452,0.0005707512662797445,0.09101566663114143,0.8786797292680175,0.8990899491602733,1.6830899067935208,2.0622492365696545
lgb_quantile,dead26,0.8,2,13,0.95,26,smooth,2094,0.9224466395136343,0.9031214726057133,0.11456220961573016,1.330711173500082,0.08660664836487741,0.0003583244747560408,0.028175740210124166,0.911437047827326,0.931148821825733,1.1694777483777312,1.4948102129048324
lgb_quantile,dead26,0.8,2,13,0.95,26,erratic,1202,0.8516807069468196,0.896157918620481,0.12352676563202879,2.9483686211734716,0.5185022677499659,0.0002360839998387719,0.016638935108153077,0.823621268760622,0.8791533331031055,2.37036734773892,3.557438763025906
lgb_quantile,dead26,0.8,2,13,0.95,26,intermittent,4278,0.792655519287083,0.9554379701644778,0.20124760076775433,1.3423322084739409,0.19686695604767196,0.002350933127224128,0.1439925198690977,0.7692520456742482,0.815589356979926,1.1578486273782616,1.5750599104399463
lgb_quantile,dead26,0.8,2,13,0.95,26,lumpy,1809,0.8264636995956472,0.9327101864415297,0.16147120892372627,3.925408783424538,1.5132149449638592,0.0012542296167237887,0.087893864013267,0.796341215644514,0.8495087791884737,3.1223978446826495,4.99554401063915
lgb_quantile,none,0.9,2,13,0.95,26,all,9383,0.9304666548324005,0.9627711625473535,0.07793169188334077,2.8742822822727208,0.5863863484575785,0.0,0.0,0.9219690386294065,0.9376522822087672,2.618155191568324,3.1978289774105386
lgb_quantile,none,0.9,2,13,0.95,26,smooth,2094,0.9569680594592318,0.9508118433619867,0.058166696614215675,2.0429898216989986,0.20406817720339693,0.0,0.0,0.9484320650530614,0.9630850834197717,1.8135106058190102,2.2748341720267704
lgb_quantile,none,0.9,2,13,0.95,26,erratic,1202,0.9031729305701909,0.9433519891090607,0.06738641475483581,4.639228139677274,1.1461682415196899,0.0,0.0,0.8822377618570958,0.9238118672283051,3.7118730704131964,5.677990086834023
lgb_quantile,none,0.9,2,13,0.95,26,intermittent,4278,0.8407093285118501,0.9755620723362659,0.11036468330134357,2.2159361981592793,0.4508947117806593,0.0,0.0,0.8169009344607933,0.8621055494325155,1.9437658017643538,2.52625997822513
lgb_quantile,none,0.9,2,13,0.95,26,lumpy,1809,0.8845127181609722,0.9592693100155787,0.09773892071148628,5.851319258695765,2.47302724677513,0.0,0.0,0.8549734000072399,0.905879951034267,4.690912182440837,7.3444749066638755
lgb_quantile,quantile,0.9,2,13,0.95,26,all,9383,0.9302567027452578,0.9626064546132754,0.07827647750780838,2.660804990133247,0.5151976654123936,0.01740811262824988,0.06820846211233081,0.9216736408653952,0.9374574254189344,2.445314718148034,2.9403789004267424
lgb_quantile,quantile,0.9,2,13,0.95,26,smooth,2094,0.9569658592212289,0.9507901363202222,0.05819236594193598,1.9941687406529174,0.19021598164875778,0.0038123838195754547,0.012416427889207259,0.9484296113802124,0.9630850341122466,1.7912789172540162,2.1873016337511473
lgb_quantile,quantile,0.9,2,13,0.95,26,erratic,1202,0.9029128542939457,0.943200726062623,0.06756635177687809,4.2541425064443255,1.0258124264636728,0.03175713674253984,0.08735440931780367,0.8820586915665619,0.9235494588194312,3.4245501223927692,5.172461420491068
lgb_quantile,quantile,0.9,2,13,0.95,26,intermittent,4278,0.8404286887451952,0.9754345701049768,0.1109404990403071,2.15356976083511,0.4438704364408437,0.007390947297232018,0.039738195418419824,0.8166898227808491,0.8618041201757174,1.8861696941954864,2.473974499741296
lgb_quantile,quantile,0.9,2,13,0.95,26,lumpy,1809,0.8827268042502024,0.9588421528720036,0.09876394332227917,4.517966839259568,1.9681043955294892,0.1064513754263699,0.18739635157545606,0.8540120008688107,0.9040015483350141,3.7131669233893914,5.578771701314248
lgb_quantile,fixed,0.9,2,13,0.95,26,all,9383,0.9242373465558703,0.9562991096082858,0.09147973877418569,2.7469191770037393,0.5105108582045296,0.019125540601748554,0.4498561227752318,0.9152577793200561,0.9314787676899635,2.502370251603611,3.0691333987601297
lgb_quantile,fixed,0.9,2,13,0.95,26,smooth,2094,0.9568630766745225,0.9498784405661197,0.05927047770618887,2.0048458670415035,0.1791809708330164,0.004179509246343047,0.08357211079274117,0.9483256348212727,0.9629662214942656,1.7780566003086684,2.251249131990377
lgb_quantile,fixed,0.9,2,13,0.95,26,erratic,1202,0.8956086456647876,0.9411964906973227,0.06995051731893837,4.526184210778866,1.0991744737534093,0.017471175679125376,0.14891846921797006,0.8729164719245722,0.9171967472812513,3.5953538507608176,5.548907157974428
lgb_quantile,fixed,0.9,2,13,0.95,26,intermittent,4278,0.831505724361142,0.9674444302775298,0.1470249520153551,1.9514700233023021,0.29768656218586176,0.05411516811932251,0.6792893875642824,0.806346680415976,0.8538488218597514,1.6967827540849982,2.215486535328882
lgb_quantile,fixed,0.9,2,13,0.95,26,lumpy,1809,0.8324758219975515,0.9474094175586713,0.12619837202291226,5.071845544349287,1.9644573139309465,0.11200270477343433,0.531232725262576,0.8011683985115496,0.8609483079870808,4.066808262070614,6.3996010402346535
lgb_quantile,dead13,0.9,2,13,0.95,26,all,9383,0.9297792856295657,0.956056892058171,0.0919867764572263,2.8084785220009887,0.5428491712166236,0.004651583018836384,0.145156133432804,0.9213015820816683,0.9368826134271742,2.557508873776018,3.1336999316149305
lgb_quantile,dead13,0.9,2,13,0.95,26,smooth,2094,0.9567760101135512,0.9491621081878961,0.060117565520959,2.0083024409440404,0.1766341639127021,0.001827769140970506,0.027698185291308502,0.948191582779982,0.9628474075158475,1.7836507466813523,2.250707968466774
lgb_quantile,dead13,0.9,2,13,0.95,26,erratic,1202,0.9027506665054386,0.9417259113598548,0.06932073774179037,4.61208519753321,1.1353688380636506,0.0027984591200400765,0.04326123128119801,0.8816585343348301,0.9237312126162152,3.6907243280082342,5.649623058111391
lgb_quantile,dead13,0.9,2,13,0.95,26,intermittent,4278,0.8371185196942407,0.9649581367673934,0.15825335892514394,1.9924089243445795,0.3015833143556442,0.012548278091005496,0.22510518934081347,0.8125880977078553,0.8587103944279828,1.7246966221448727,2.2621978823132594
lgb_quantile,dead13,0.9,2,13,0.95,26,lumpy,1809,0.882216932645143,0.9525101763907734,0.11395839614109135,5.592705291485689,2.322165236572245,0.025051873300996022,0.1597567716970702,0.8523082600355175,0.9038111249849804,4.430872902747653,7.039366177176007
lgb_quantile,dead26,0.9,2,13,0.95,26,all,9383,0.9302961060753567,0.960310232238187,0.0830831947430333,2.845136753436249,0.5698978060703418,0.0015560335254676857,0.09026963657678781,0.9217892515497272,0.9375001565873032,2.590786605774853,3.1696561306223923
lgb_quantile,dead26,0.9,2,13,0.95,26,smooth,2094,0.9569598871466496,0.9505513588608144,0.05847472854685936,2.0283170630971683,0.2005491165415779,0.001262307974228298,0.027698185291308502,0.9484234596161752,0.9630749017964431,1.801602485421591,2.2635876448071905
lgb_quantile,dead26,0.9,2,13,0.95,26,erratic,1202,0.9031719708791346,0.9433141733474513,0.06743139901034638,4.6341945600872165,1.1448824474425192,0.0006170813491720745,0.016638935108153077,0.8822377618570958,0.9238103194888778,3.7090012379978807,5.672371745832302
lgb_quantile,dead26,0.9,2,13,0.95,26,intermittent,4278,0.8393797401091735,0.9712269964724383,0.12994241842610366,2.0974786127194225,0.36551029280849096,0.0044281274656618845,0.14282374941561476,0.8155814498684448,0.860811940386375,1.8258654143373836,2.383563874507001
lgb_quantile,dead26,0.9,2,13,0.95,26,lumpy,1809,0.8838256184578974,0.9570832705161063,0.1029846246608381,5.733986078051255,2.382504042163928,0.0033673338622910412,0.08734107241569929,0.8543664376499664,0.9052661434546471,4.5760428313623995,7.222196363994632
lgb_quantile,none,0.95,2,13,0.95,26,all,9383,0.9540063634388043,0.9785395250598278,0.044923538717397474,3.937881844139531,0.9218282110330916,0.0,0.0,0.9464342505556458,0.9598021102207382,3.600954264960186,4.355387018894901
lgb_quantile,none,0.95,2,13,0.95,26,smooth,2094,0.9762606892276976,0.9761873751845098,0.028159252509176783,2.8166887423879623,0.3406352527161938,0.0,0.0,0.9693033999558179,0.9819360216048767,2.525285999106333,3.1141000705558337
lgb_quantile,none,0.95,2,13,0.95,26,erratic,1202,0.935217014938551,0.9684238390561186,0.037561853351327036,6.327147164784712,1.8500233204926668,0.0,0.0,0.9176127067486577,0.9512221934015527,5.134103088773854,7.650215532016865
lgb_quantile,none,0.95,2,13,0.95,26,intermittent,4278,0.8658587921908535,0.983977219601343,0.07236084452975047,3.1221588099033633,0.7345529661553043,0.0,0.0,0.8406862938933409,0.8865091337483899,2.7750920666779613,3.6370941775430023
lgb_quantile,none,0.95,2,13,0.95,26,lumpy,1809,0.9188240779367377,0.9751243781094527,0.059692493216762135,7.842460580381124,3.5482984739297465,0.0,0.0,0.8923905864601388,0.9398078764802389,6.366090680004841,9.859336185380021
lgb_quantile,quantile,0.95,2,13,0.95,26,all,9383,0.9537056642884038,0.9782876188077083,0.045450857907759705,3.577640082818636,0.7823088998192224,0.02918871329420596,0.1254396248534584,0.9461471185699432,0.9595467443930593,3.311135420466442,3.902184738878445
lgb_quantile,quantile,0.95,2,13,0.95,26,smooth,2094,0.9762396298068128,0.9761005470174524,0.028261929820058013,2.731241556586664,0.30810831708824277,0.006459584456764381,0.025310410697230182,0.9693024552818255,0.9818897049470215,2.480314572943226,2.9529132292667044
lgb_quantile,quantile,0.95,2,13,0.95,26,erratic,1202,0.9348552114103428,0.968196944486462,0.037831758884390464,5.6138702228978445,1.5648409504012466,0.05752772067615993,0.14891846921797006,0.9171638776432262,0.9508041439272729,4.647533485996163,6.639890386960905
lgb_quantile,quantile,0.95,2,13,0.95,26,intermittent,4278,0.8653964266736597,0.983807216626291,0.07312859884836852,2.9633972133851367,0.7052767177108997,0.016732571005311454,0.09911173445535297,0.8403651487877318,0.8861255798167211,2.6243758685599836,3.4110301293591796
lgb_quantile,quantile,0.95,2,13,0.95,26,lumpy,1809,0.916462854353949,0.9744710789486909,0.06126017485679831,5.862691849416102,2.7638400148326285,0.16060410242148113,0.28800442233278056,0.8902598986781078,0.9370157278412719,4.86794174561188,7.232016734169979
lgb_quantile,fixed,0.95,2,13,0.95,26,all,9383,0.9449376273145477,0.9692238380824121,0.06442420800713909,3.626004088394008,0.7272068451942664,0.037468785796333344,0.5277629755941596,0.9361845672576009,0.9516053258666157,3.334390397047041,4.01111934178921
lgb_quantile,fixed,0.95,2,13,0.95,26,smooth,2094,0.9760733546777375,0.975080316054528,0.029468388222912444,2.7193250675630227,0.2717041220516025,0.009178764308619212,0.112225405921681,0.9691315838483134,0.9817438920857734,2.4404372758147677,2.999042994518034
lgb_quantile,fixed,0.95,2,13,0.95,26,erratic,1202,0.9218945836956167,0.9634699742852821,0.043454790823211874,5.941523144869203,1.6619046796455286,0.04685499643954618,0.240432612312812,0.9017975737867492,0.9401740860902839,4.801810024394283,7.22723731969587
lgb_quantile,fixed,0.95,2,13,0.95,26,intermittent,4278,0.8491883299863591,0.9726401462025586,0.12356046065259117,2.599982517522733,0.4313299794580892,0.09329431980511639,0.7671809256661991,0.8238014856841122,0.8717021057854751,2.3082041550903414,2.926353037181563
lgb_quantile,fixed,0.95,2,13,0.95,26,lumpy,1809,0.8538086318263491,0.9581888537112417,0.10033162496231535,6.128555809128065,2.3736202792569507,0.19003487303651717,0.6334991708126037,0.8234591350630082,0.8805121015184005,4.9249698022587935,7.550100254947511
lgb_quantile,dead13,0.95,2,13,0.95,26,all,9383,0.9531727242984814,0.9710889132182962,0.06052001784772644,3.8216802296378316,0.8384993619844632,0.006463937196664011,0.14558243632100606,0.9456071503178783,0.9591030064337233,3.4974249528641317,4.229995457552058
lgb_quantile,dead13,0.95,2,13,0.95,26,smooth,2094,0.9760711544397346,0.9744291048015976,0.030238468054521652,2.75031007639855,0.2858384509821548,0.0024347205100528875,0.027698185291308502,0.9690707150374444,0.9817370792159538,2.4666633194950105,3.050289135049489
lgb_quantile,dead13,0.95,2,13,0.95,26,erratic,1202,0.9347122174429607,0.9666086824988656,0.03972109761583446,6.274145347129852,1.8222531242742337,0.0044635231026427975,0.04409317803660566,0.9169767257925232,0.950934815684051,5.0922979690586745,7.6107083835950835
lgb_quantile,dead13,0.95,2,13,0.95,26,intermittent,4278,0.8616629976467666,0.9724276424837435,0.12452015355086372,2.7768913855093267,0.48866790424203105,0.016790079154216153,0.22557269752220663,0.8361281643394896,0.8825624587129411,2.4632432844560124,3.1455012095983585
lgb_quantile,dead13,0.95,2,13,0.95,26,lumpy,1809,0.9154540174883234,0.9670335192723253,0.07910762737413325,7.386021883580225,3.252297012479585,0.03485940358655139,0.1603095632946379,0.8886723458786023,0.9366474597130996,6.01792698207081,9.343531248839877
lgb_quantile,dead26,0.95,2,13,0.95,26,all,9383,0.9537900431366961,0.9756910466704776,0.05088630186995498,3.882370711305731,0.892256887423492,0.003170774032648246,0.09058936374293936,0.9461996569386129,0.9595941217750206,3.553059709360928,4.296066863387789
lgb_quantile,dead26,0.95,2,13,0.95,26,smooth,2094,0.9762522025954008,0.9759051836415733,0.028492953769540776,2.7848962462053755,0.3325273756755517,0.002654429990626986,0.028175740210124166,0.9692913285092485,0.9819235724095664,2.4992008295441472,3.0786069630474895
lgb_quantile,dead26,0.95,2,13,0.95,26,erratic,1202,0.9352160552474947,0.9683860232945092,0.037606837606837605,6.314750835411064,1.8468521173663772,0.001453931950226583,0.016638935108153077,0.9176104459367596,0.9512205452621794,5.12691761580919,7.637725655587211
lgb_quantile,dead26,0.95,2,13,0.95,26,intermittent,4278,0.8643198741261636,0.979185260742063,0.09400191938579655,2.9302978232015477,0.6004591450608551,0.007795804665521104,0.14329125759700795,0.8389844561420129,0.8850309437008849,2.6000124496382133,3.341969660287516
lgb_quantile,dead26,0.95,2,13,0.95,26,lumpy,1809,0.9177607093486458,0.9720337705412332,0.06710883328308713,7.620322882328723,3.3814264953279944,0.007045498542639717,0.08734107241569929,0.8913925458154948,0.9390337278123249,6.2096514030219145,9.634528612176961
lgb_quantile,none,0.99,2,13,0.95,26,all,9383,0.9771468645695605,0.9923410810653697,0.016032531537743887,7.395478487771834,2.1967623597102146,0.0,0.0,0.9718269058133208,0.9814365860573911,6.790941267739561,8.083921800327754
lgb_quantile,none,0.99,2,13,0.95,26,smooth,2094,0.9940986473565397,0.9955717634800729,0.005236542854942629,5.39031782123632,0.9333760389052371,0.0,0.0,0.9904988797345229,0.9967608171454653,4.848234512292736,5.974320108513193
lgb_quantile,none,0.99,2,13,0.95,26,erratic,1202,0.9713177134017017,0.9917183482075329,0.009851551956815115,11.764948627737757,4.434047151540976,0.0,0.0,0.957141568032746,0.9802151290988953,9.724134570815938,13.89604287253716
lgb_quantile,none,0.99,2,13,0.95,26,intermittent,4278,0.8860280501747098,0.9912873475285817,0.03934740882917467,5.949482541676155,1.8618530045707475,0.0,0.0,0.8592341995184777,0.9055201854365708,5.324401471272964,6.775295441136713
lgb_quantile,none,0.99,2,13,0.95,26,lumpy,1809,0.9546623259415583,0.991507110910096,0.020379861320470306,14.089178452335183,7.1966877431774,0.0,0.0,0.9340365697098333,0.9744971522161457,11.64390997693505,17.282204544433935
lgb_quantile,quantile,0.99,2,13,0.95,26,all,9383,0.9760758104150564,0.9913964326199219,0.01800997850160224,6.156930528346915,1.6148316522572534,0.09898832945004891,0.514014707449643,0.970483697181468,0.9805873743002301,5.802247255914995,6.553490377391374
lgb_quantile,quantile,0.99,2,13,0.95,26,smooth,2094,0.9938251892047523,0.9952461578536077,0.005621582770747234,5.064634820212267,0.788244694126056,0.024970186775060868,0.10983763132760267,0.9902345805098189,0.9965580422549911,4.68412591927781,5.474905969991461
lgb_quantile,quantile,0.99,2,13,0.95,26,erratic,1202,0.9690240517772518,0.9901300862199365,0.01174089068825911,8.792811338174015,3.013329149080328,0.23477786031120862,0.389351081530782,0.955155549155431,0.9783733128215398,7.615699077402975,9.916754255388257
lgb_quantile,quantile,0.99,2,13,0.95,26,intermittent,4278,0.8852620416312992,0.9905329593267882,0.04275431861804223,5.283068910864669,1.5673648155943698,0.0699023051566407,0.6713417484805985,0.8584783597527893,0.9049143892707145,4.776408167519881,5.984462109479596
lgb_quantile,quantile,0.99,2,13,0.95,26,lumpy,1809,0.9497844633669521,0.9898236092265943,0.024419656315948148,9.179087629751418,4.868092125891934,0.3897464002246707,0.6926478717523493,0.928701975596816,0.969646708118032,7.750700432189861,11.075359204454598
lgb_quantile,fixed,0.99,2,13,0.95,26,all,9383,0.9627572858349407,0.9769118231230562,0.04833083194743033,6.183483397665572,1.4077575206628676,0.12772310842124787,0.6862410742832783,0.9558667961068231,0.9685599389251922,5.78369345852112,6.6345464862477606
lgb_quantile,fixed,0.99,2,13,0.95,26,smooth,2094,0.9933313929329612,0.9930103325518799,0.008265523525938855,5.016148175342624,0.6842052457445825,0.03372116195197572,0.22206303724928367,0.9898017497318081,0.9961918805684594,4.58947949824405,5.480843264160933
lgb_quantile,fixed,0.99,2,13,0.95,26,erratic,1202,0.9453120051592991,0.978974436545152,0.025011246063877644,9.476852251723125,3.109962168978562,0.216937203575425,0.48668885191347755,0.9297981803441492,0.9590951633097383,7.981100892470879,10.885011615175324
lgb_quantile,fixed,0.99,2,13,0.95,26,intermittent,4278,0.8620034458882824,0.9740214203748565,0.11732245681381957,4.419735876573711,0.8413695220612761,0.24754267679730219,0.9029920523609163,0.8334041231548157,0.885043092145114,4.0278363801356205,4.911177267329352
lgb_quantile,fixed,0.99,2,13,0.95,26,lumpy,1809,0.8665281560916024,0.9637418965777175,0.08700633102200783,9.043366352291287,3.5194517380623247,0.5476593621424423,0.8435599778883361,0.8364663486775521,0.8913173598529085,7.530620117320624,10.90017699983047
lgb_quantile,dead13,0.99,2,13,0.95,26,all,9383,0.9760644670321491,0.9836600040692548,0.03420476209791912,7.089665461747328,1.9582049673668787,0.012110354797136532,0.14590216348715762,0.9708354599970022,0.980528735488654,6.521778330554208,7.776235309284296
lgb_quantile,dead13,0.99,2,13,0.95,26,smooth,2094,0.9938836526716861,0.9938134930971607,0.007315758400287496,5.22358850017319,0.7891664681213802,0.004289521146487446,0.027220630372492838,0.9902521893501922,0.9966548366695387,4.714477361564962,5.807133550571306
lgb_quantile,dead13,0.99,2,13,0.95,26,erratic,1202,0.9708282709630116,0.9899788231734987,0.011920827710301394,11.607529544089166,4.333037364611584,0.010831073260895852,0.04326123128119801,0.9567729538760095,0.9797359745141685,9.62029751447489,13.751984614764163
lgb_quantile,dead13,0.99,2,13,0.95,26,intermittent,4278,0.8805716770066319,0.9779314888010541,0.0996641074856046,5.1145171270769065,1.200670314983633,0.028413626210834077,0.226507713884993,0.8531674772755606,0.9006636923442224,4.6172521748206075,5.77118153944182
lgb_quantile,dead13,0.99,2,13,0.95,26,lumpy,1809,0.9495554301325939,0.9812553394642947,0.044980403979499546,12.782478412254369,6.249856172581995,0.0642629083403543,0.16086235489220563,0.9293100824647175,0.9698061241203453,10.469759157240743,15.791795966154544
lgb_quantile,dead26,0.99,2,13,0.95,26,all,9383,0.9768242746802162,0.9886642186546268,0.023729363566300246,7.23004241231167,2.1030813802150705,0.008379177847527421,0.09069593946498987,0.9715083661951911,0.9811277118934651,6.6389330108099,7.91644332813025
lgb_quantile,dead26,0.99,2,13,0.95,26,smooth,2094,0.9940901607242429,0.9952895719371364,0.00557024411530662,5.3047474221068605,0.9106518550835242,0.007019073548927321,0.027698185291308502,0.9904923385736526,0.9967494306207291,4.777798917109075,5.902942576104039
lgb_quantile,dead26,0.99,2,13,0.95,26,erratic,1202,0.9713167537106455,0.9916805324459235,0.009896536212325686,11.725108972919438,4.423672123470012,0.004515346419680577,0.016638935108153077,0.957141568032746,0.9802136166913362,9.68869798091608,13.861308320452665
lgb_quantile,dead26,0.99,2,13,0.95,26,intermittent,4278,0.8837300245444779,0.9852097411704704,0.06679462571976967,5.418884755969921,1.4709126083165984,0.017905737242967328,0.14375876577840113,0.8565903753804792,0.9032044875380421,4.850994052937402,6.1247939741403785
lgb_quantile,dead26,0.99,2,13,0.95,26,lumpy,1809,0.9530427337843107,0.9871601588019498,0.030810973771480253,13.306937253073544,6.603149206972426,0.019863179908332175,0.08734107241569929,0.9326742733149211,0.9728704974184271,10.974752701446898,16.501227624611744
